chembl_id,smiles,target_gene,population_target,source,activity_nM,mw,qed,sa_score,admet_score,best_similarity,generation_method,score_efficacy,score_selectivity,score_safety,score_resistance,score_novelty,score_synth,score_overall,rank,herg_alerts,herg_risk,brenk_alerts,mutagenicity_risk,cyp_2d6_risk,cyp_3a4_risk,reactive_alerts,tox_score,offtarget_flags,n_offtarget_flags,selectivity_score,score_tox,score_selectivity_new,score_rebalanced,rank_new
CHEMBL3889770,CN(C)CCCOc1ccc(-c2ccc3ncc4c(c3c2)n([C@H]2C[C@@H](O)C2)c(=O)n4C)cn1,ATM,resistant,scout1,0.24,0.0,0.439,2.82,100.0,,database,100.0,100.0,100.0,100.0,70,79.8,97.5,1,1,medium,0,low,high,low,0,75,[],0,100,75,100,93.7,1
CHEMBL338923,COc1ccc(-c2nc3c(C(N)=O)cccc3[nH]2)cc1O,PARP1,resistant,scout1,2.0,0.0,0.684,2.15,100.0,,database,89.1,99.8,100.0,89.1,70,87.2,92.9,5,0,low,0,low,low,low,0,100,[],0,100,100,100,93.5,2
CHEMBL5220685,COC(=O)[C@H]1COCCN1CCOc1ccccc1Cc1cn(C(F)F)nc1-c1cc(Cl)nc(N)n1,EZH2,resistant,scout1,1.0,0.0,0.334,3.64,91.7,,database,99.0,99.9,91.7,99.0,70,70.7,94.9,2,0,medium,0,low,low,low,0,85,['muscarinic'],1,85,85,85,92.0,3
CHEMBL201297,COCCOc1cc2ncnc(Nc3ncc(CC(=O)Nc4cccc(F)c4)s3)c2cc1OC,AURKA,resistant,scout1,1.0,0.0,0.324,2.54,96.5,,database,99.0,79.9,96.5,99.0,70,82.9,91.5,19,0,medium,0,low,low,low,0,85,[],0,100,85,100,91.6,4
CHEMBL131891,NC(=O)c1cccc2[nH]c(-c3ccc(Cl)cc3)nc12,PARP1,resistant,scout1,3.0,0.0,0.752,1.94,100.0,,database,83.3,99.7,100.0,83.3,70,89.6,90.4,35,0,low,0,low,low,low,0,100,[],0,100,100,100,91.3,5
CHEMBL3924247,CN(C)CCCOc1ccc(-c2ccc3ncc4c(c3c2)n(C2COC2)c(=O)n4C)cn1,ATM,resistant,scout1,1.46,0.0,0.417,2.84,100.0,,database,93.6,99.9,100.0,93.6,70,79.6,94.6,3,1,medium,0,low,high,low,0,75,[],0,100,75,100,91.2,6
CHEMBL563985,CNC(=O)Nc1ccc(-c2nc(N3CCOCC3)c3cnn(C4CCN(C(=O)OC)CC4)c3n2)cc1,MTOR,escape_route,scout1,0.46,0.0,0.567,2.7,100.0,,database,100.0,100.0,100.0,70.0,70,81.1,93.0,4,0,medium,0,low,low,low,0,85,[],0,100,85,100,90.8,7
CHEMBL3898165,Cn1c(=O)n([C@H]2C[C@@H](O)C2)c2c3cc(-c4ccc(OCCCN5CCCC5)nc4)ccc3ncc21,ATM,resistant,scout1,0.447,0.0,0.414,2.8,98.3,,database,100.0,80.0,98.3,100.0,70,80.0,92.2,6,0,medium,0,low,high,low,0,75,[],0,100,75,100,90.6,8
CHEMBL3936734,CO[C@H]1C[C@@H](n2c(=O)n(C)c3cnc4ccc(-c5ccc(OCCCN(C)C)nc5)cc4c32)C1,ATM,resistant,scout1,0.249,0.0,0.373,2.86,97.5,,database,100.0,80.0,97.5,100.0,70,79.3,92.0,11,1,medium,0,low,high,low,0,75,[],0,100,75,100,90.5,9
CHEMBL3960662,CN(C)CCCOc1ccc(-c2ccc3ncc4c(c3c2)n(C2CCOCC2)c(=O)n4C)cn1,ATM,resistant,scout1,0.575,0.0,0.391,2.8,97.8,,database,100.0,80.0,97.8,100.0,70,80.0,92.0,8,1,medium,0,low,high,low,0,75,[],0,100,75,100,90.5,10
CHEMBL3936943,CO[C@H]1C[C@@H](n2c(=O)n(C)c3cnc4ccc(-c5ccc(OCCCN6CCCC6)nc5)cc4c32)C1,ATM,resistant,scout1,0.176,0.0,0.348,2.85,97.0,,database,100.0,80.0,97.0,100.0,70,79.4,91.9,12,0,medium,0,low,high,low,0,75,[],0,100,75,100,90.4,11
CHEMBL558486,CCNC(=O)Nc1ccc(-c2nc(N3CCOCC3)c3cnn(C4CCN(C(=O)OC)CC4)c3n2)cc1,MTOR,escape_route,scout1,0.32,0.0,0.539,2.7,95.8,,database,100.0,100.0,95.8,70.0,70,81.1,92.2,7,0,medium,0,low,low,low,0,85,[],0,100,85,100,90.4,12
CHEMBL3986918,CN(C)CCCOc1ccc(-c2cc3c(cc2F)ncc2c3n(C3CCOCC3)c(=O)n2C)cn1,ATM,resistant,scout1,0.782,0.0,0.376,2.92,97.5,,database,100.0,79.9,97.5,100.0,70,78.7,91.9,13,1,medium,0,low,high,low,0,75,[],0,100,75,100,90.4,13
CHEMBL3890490,CN(C)CCCOc1ccc(-c2ccc3ncc4c(c3c2)n([C@H]2CCCOC2)c(=O)n4C)cn1,ATM,resistant,scout1,0.329,0.0,0.391,3.27,97.8,,database,100.0,80.0,97.8,100.0,70,74.8,91.8,14,1,medium,0,low,high,low,0,75,[],0,100,75,100,90.3,14
CHEMBL4111966,CN(C)CCCOc1ccc(-c2ccc3ncc4c(c3c2)n([C@@H]2CCCOC2)c(=O)n4C)cn1,ATM,resistant,scout1,0.935,0.0,0.391,3.27,97.8,,database,100.0,79.9,97.8,100.0,70,74.8,91.8,15,1,medium,0,low,high,low,0,75,[],0,100,75,100,90.3,15
CHEMBL561907,COC(=O)N1CCC(n2ncc3c(N4CCOCC4)nc(-c4ccc(NC(=O)NCCF)cc4)nc32)CC1,MTOR,escape_route,scout1,0.61,0.0,0.502,2.83,95.0,,database,100.0,99.9,95.0,70.0,70,79.7,92.0,9,0,medium,0,low,low,low,0,85,[],0,100,85,100,90.2,16
CHEMBL3947316,Cn1c(=O)n([C@H]2CCCOC2)c2c3cc(-c4ccc(OCCCN5CCCC5)nc4)ccc3ncc21,ATM,resistant,scout1,0.238,0.0,0.365,3.25,97.3,,database,100.0,80.0,97.3,100.0,70,75.0,91.7,16,0,medium,0,low,high,low,0,75,[],0,100,75,100,90.2,17
CHEMBL3961688,CN(C)CCCOc1ccc(-c2ccc3ncc4c(c3c2)n(C2(C)CCOCC2)c(=O)n4C)cn1,ATM,resistant,scout1,0.96,0.0,0.379,3.1,97.6,,database,99.6,79.9,97.6,99.6,70,76.7,91.6,17,1,medium,0,low,high,low,0,75,[],0,100,75,100,90.2,18
CHEMBL3927821,CN(C)CCCOc1ccc(-c2ccc3ncc4c(c3c2)n(C2CCOCC2)c(=O)n4C)c(F)n1,ATM,resistant,scout1,0.301,0.0,0.297,2.96,95.9,,database,100.0,80.0,95.9,100.0,70,78.2,91.6,18,1,medium,0,low,high,low,0,75,[],0,100,75,100,90.2,19
CHEMBL3958682,CO[C@H]1C[C@@H](n2c(=O)n(C)c3cnc4ccc(-c5ccc(OCCCN(C)C)nc5F)cc4c32)C1,ATM,resistant,scout1,0.765,0.0,0.283,3.02,95.7,,database,100.0,79.9,95.7,100.0,70,77.6,91.5,20,1,medium,0,low,high,low,0,75,[],0,100,75,100,90.2,20
CHEMBL4112870,CO[C@@H]1CC[C@@H](n2c(=O)n(C)c3cnc4ccc(-c5ccc(OCCCN(C)C)nc5)cc4c32)C1,ATM,resistant,scout1,0.315,0.0,0.359,3.55,97.2,,database,100.0,80.0,97.2,100.0,70,71.7,91.5,23,1,medium,0,low,high,low,0,75,[],0,100,75,100,90.1,21
CHEMBL3923182,CO[C@H]1CC[C@H](n2c(=O)n(C)c3cnc4ccc(-c5ccc(OCCCN(C)C)nc5)cc4c32)C1,ATM,resistant,scout1,0.152,0.0,0.359,3.55,97.2,,database,100.0,80.0,97.2,100.0,70,71.7,91.5,21,1,medium,0,low,high,low,0,75,[],0,100,75,100,90.1,22
CHEMBL3898563,CO[C@H]1C[C@@H](n2c(=O)[nH]c3cnc4ccc(-c5ccc(OCCCN(C)C)nc5)cc4c32)C1,ATM,resistant,scout1,1.03,0.0,0.415,2.83,98.3,,database,98.6,79.9,98.3,98.6,70,79.7,91.5,22,1,medium,0,low,high,low,0,75,[],0,100,75,100,90.0,23
CHEMBL3935033,CN(C)CCCOc1ccc(-c2ccc3ncc4c(c3c2)n([C@H]2CCCOC2)c(=O)n4C)c(F)n1,ATM,resistant,scout1,0.365,0.0,0.297,3.42,95.9,,database,100.0,80.0,95.9,100.0,70,73.1,91.3,25,1,medium,0,low,high,low,0,75,[],0,100,75,100,90.0,24
CHEMBL4109764,CN(C)CCCOc1ccc(-c2ccc3ncc4c(c3c2)n([C@@H]2CCCOC2)c(=O)n4C)c(F)n1,ATM,resistant,scout1,0.552,0.0,0.297,3.42,95.9,,database,100.0,80.0,95.9,100.0,70,73.1,91.3,26,1,medium,0,low,high,low,0,75,[],0,100,75,100,90.0,25
CHEMBL3984179,Cn1c(=O)n([C@H]2C[C@@H](O)C2)c2c3cc(-c4ccc(OCCCN5CCC5)nc4)ccc3ncc21,ATM,resistant,scout1,1.05,0.0,0.428,2.8,98.6,,database,98.3,79.9,98.6,98.3,70,80.0,91.4,24,0,medium,0,low,high,low,0,75,[],0,100,75,100,89.9,26
CHEMBL4110596,CN(C)CCCOc1ccc(-c2cc3c(cc2F)ncc2c3n([C@@H]3CCCOC3)c(=O)n2C)cn1,ATM,resistant,scout1,1.0,0.0,0.376,3.39,97.5,,database,99.0,79.9,97.5,99.0,70,73.4,91.2,27,1,medium,0,low,high,low,0,75,[],0,100,75,100,89.8,27
CHEMBL3950905,CO[C@H]1C[C@@H](n2c(=O)n(C)c3cnc4cc(F)c(-c5ccc(OCCCN(C)C)nc5)cc4c32)C1,ATM,resistant,scout1,1.05,0.0,0.358,2.99,97.2,,database,98.3,79.9,97.2,98.3,70,77.9,91.0,31,1,medium,0,low,high,low,0,75,[],0,100,75,100,89.7,28
CHEMBL562439,CNC(=O)Nc1ccc(-c2nc(N3CCOCC3)c3cnn(C4CCN(C(=O)N(C)C)CC4)c3n2)cc1,MTOR,escape_route,scout1,1.1,0.0,0.556,2.78,96.1,,database,97.6,99.9,96.1,68.3,70,80.2,91.2,29,1,medium,0,low,low,low,0,85,[],0,100,85,100,89.5,29
CHEMBL3963290,Cn1c(=O)n(C2CCOCC2)c2c3cc(-c4ccc(OCCCN5CCCC5)nc4)ccc3ncc21,ATM,resistant,scout1,1.12,0.0,0.365,2.79,97.3,,database,97.4,79.9,97.3,97.4,70,80.1,90.8,32,0,medium,0,low,high,low,0,75,[],0,100,75,100,89.4,30
CHEMBL3895211,CO[C@H]1C[C@@H](n2c(=O)n(C)c3cnc4cc(F)c(-c5ccc(OCCCN6CCCC6)nc5)cc4c32)C1,ATM,resistant,scout1,0.418,0.0,0.333,2.97,86.7,,database,100.0,80.0,86.7,100.0,70,78.1,89.7,39,0,medium,0,low,high,low,0,75,[],0,100,75,100,89.3,31
CHEMBL3890119,Cn1c(=O)n([C@H]2CCCOC2)c2c3cc(-c4ccc(OCCCN5CCCC5)nc4)c(F)cc3ncc21,ATM,resistant,scout1,0.563,0.0,0.349,3.37,87.0,,database,100.0,80.0,87.0,100.0,70,73.7,89.6,41,0,medium,0,low,high,low,0,75,[],0,100,75,100,89.1,32
CHEMBL4114060,Cn1c(=O)n([C@@H]2CCCOC2)c2c3cc(-c4ccc(OCCCN5CCCC5)nc4)c(F)cc3ncc21,ATM,resistant,scout1,0.69,0.0,0.349,3.37,87.0,,database,100.0,79.9,87.0,100.0,70,73.7,89.6,42,0,medium,0,low,high,low,0,75,[],0,100,75,100,89.1,33
CHEMBL3912673,CN(C)CCCOc1ccc(-c2cc3c(cc2F)ncc2c3n([C@H]3CCCOC3)c(=O)n2C)cn1,ATM,resistant,scout1,1.14,0.0,0.376,3.39,97.5,,database,97.1,79.9,97.5,97.1,70,73.4,90.4,34,1,medium,0,low,high,low,0,75,[],0,100,75,100,89.0,34
CHEMBL5218878,Nc1nc(Cl)cc(-c2nn(C(F)F)cc2Cc2ccccc2OCCN2CCNC(=O)C2)n1,EZH2,resistant,scout1,2.1,0.0,0.479,3.13,100.0,,database,88.4,99.8,100.0,88.4,70,76.3,92.0,10,0,medium,0,low,low,low,0,85,['muscarinic'],1,85,85,85,88.9,35
CHEMBL551442,CNC(=O)Nc1ccc(-c2nc(N3CCOCC3)c3cnn(C4CCNCC4)c3n2)cc1,MTOR,escape_route,scout1,1.4,0.0,0.574,2.67,100.0,,database,94.2,99.9,100.0,65.9,70,81.4,90.7,33,0,medium,0,low,low,low,0,85,[],0,100,85,100,88.7,36
CHEMBL382667,COc1cc2c(Nc3cnc(NC(=O)c4ccc(F)c(Cl)c4)nc3)ncnc2cc1OCCCN1CCOCC1,AURKA,resistant,scout1,0.15,0.0,0.268,2.69,85.4,,database,100.0,80.0,85.4,100.0,70,81.2,89.6,40,0,high,0,low,low,low,0,70,[],0,100,70,100,88.6,37
CHEMBL195373,N#Cc1cnc(NC(=O)Nc2cc(Cl)ccc2OC2CCOC2)cn1,CHEK1,resistant,scout1,3.0,0.0,0.868,3.04,100.0,,database,83.3,99.7,100.0,83.3,70,77.3,89.8,38,0,medium,0,low,low,low,0,85,[],0,100,85,100,88.4,38
,CCNC(=O)Nc1ccoc1.COC(=O)N1CCC(n2ncc3c(N4CCOCC4)ncnc32)CC1,MTOR,escape_route,scout2,0.4,500.6,0.553,4.5,70.0,0.477,bioisostere,100.0,100.0,70.0,70.0,100,61.1,87.5,51,0,medium,0,low,low,low,0,85,[],0,100,85,100,88.3,39
CHEMBL202567,COc1cc2c(Nc3ncc(C(=O)Nc4ccc(F)cc4)s3)ncnc2cc1OCCCN1CCOCC1,AURKA,resistant,scout1,1.0,0.0,0.285,2.61,85.7,,database,99.0,79.9,85.7,99.0,70,82.1,89.3,43,0,high,0,low,low,low,0,70,[],0,100,70,100,88.3,40
,CCNC(=O)Nc1ccsc1.COC(=O)N1CCC(n2ncc3c(N4CCOCC4)ncnc32)CC1,MTOR,escape_route,scout2,0.4,516.6,0.542,4.5,70.0,0.451,bioisostere,100.0,100.0,70.0,70.0,100,61.1,87.5,49,0,medium,0,low,low,low,0,85,[],0,100,85,100,88.3,41
CHEMBL313153,O=C(O)c1c(Cc2cc3c(cc2Cl)OCO3)c(-c2cccs2)nn1CC1CCCCC1,CHEK2,resistant,scout1,1.7,0.0,0.5,2.82,90.0,,database,91.4,79.9,90.0,91.4,70,79.8,86.6,58,0,medium,0,low,low,low,0,85,[],0,100,85,100,87.8,42
CHEMBL372543,O/N=C1/CCc2cc(-c3[nH]c(-c4ccccc4)nc3-c3ccncc3)ccc21,BRAF,escape_route,scout1,1.3,0.0,0.399,2.53,100.0,,database,95.2,99.9,100.0,66.7,70,83.0,91.2,28,0,medium,0,low,high,low,0,75,[],0,100,75,100,87.7,43
CHEMBL5218552,COC(=O)[C@@H]1COCCN1CCOc1ccccc1Cc1cn(C(F)F)nc1-c1cc(Cl)nc(N)n1,EZH2,resistant,scout1,2.2,0.0,0.334,3.64,91.7,,database,87.7,99.8,91.7,87.7,70,70.7,89.8,37,0,medium,0,low,low,low,0,85,['muscarinic'],1,85,85,85,87.5,44
CHEMBL5218615,Nc1nc(Cl)cc(-c2nn(C(F)F)cc2Cc2ccccc2OCCN2CCS(=O)(=O)CC2)n1,EZH2,resistant,scout1,2.4,0.0,0.458,3.19,94.2,,database,86.5,99.8,94.2,86.5,70,75.7,90.0,36,0,medium,0,low,low,low,0,85,['muscarinic'],1,85,85,85,87.5,45
CHEMBL558288,CNC(=O)Nc1ccc(-c2nc(N3CCOCC3)c3cnn(C4CCN(C(=O)NC)CC4)c3n2)cc1,MTOR,escape_route,scout1,2.0,0.0,0.507,2.75,100.0,,database,89.1,99.8,100.0,62.3,70,80.6,88.5,46,0,medium,0,low,low,low,0,85,[],0,100,85,100,86.9,46
CHEMBL562999,COC(=O)N1CCC(n2ncc3c(N4CCOCC4)nc(-c4ccc(NC(=O)NC5CC5)cc4)nc32)CC1,MTOR,escape_route,scout1,0.45,0.0,0.526,2.72,90.5,,database,100.0,80.0,90.5,70.0,70,80.9,86.1,62,0,medium,0,low,low,low,0,85,[],0,100,85,100,86.8,47
,CCNC(=O)Nc1ccncc1.COC(=O)N1CCC(n2ncc3c(N4CCOCC4)ncnc32)CC1,MTOR,escape_route,scout2,0.4,511.6,0.54,4.6,70.0,0.449,bioisostere,100.0,100.0,70.0,70.0,100,60.0,87.5,50,0,medium,0,low,high,low,0,75,[],0,100,75,100,86.8,48
CHEMBL562365,CNC(=O)Nc1ccc(-c2nc(N3CCOCC3)c3cnn(C4CCN(C(C)=O)CC4)c3n2)cc1,MTOR,escape_route,scout1,2.1,0.0,0.591,2.66,100.0,,database,88.4,99.8,100.0,61.9,70,81.6,88.3,47,0,medium,0,low,low,low,0,85,[],0,100,85,100,86.7,49
CHEMBL550972,CNC(=O)Nc1ccc(-c2nc(N3CCOCC3)c3cnn(C4CCN(Cc5ccccc5)CC4)c3n2)cc1,MTOR,escape_route,scout1,0.52,0.0,0.393,2.61,87.9,,database,100.0,80.0,87.9,70.0,70,82.1,85.7,64,0,medium,0,low,low,low,0,85,[],0,100,85,100,86.6,50
CHEMBL207994,COc1cc(OC)c(NC(=O)Nc2cnc(C#N)cn2)cc1Cl,CHEK1,resistant,scout1,7.0,0.0,0.89,2.37,100.0,,database,71.1,99.3,100.0,71.1,70,84.8,84.6,74,0,low,0,low,low,low,0,100,[],0,100,100,100,86.1,51
CHEMBL5219579,Nc1nc(Cl)cc(-c2nn(C(F)F)cc2Cc2ccccc2OCCN2CCO[C@@H](CO)C2)n1,EZH2,resistant,scout1,3.3,0.0,0.437,3.57,100.0,,database,81.9,99.7,100.0,81.9,70,71.4,88.8,44,0,medium,0,low,low,low,0,85,['muscarinic'],1,85,85,85,86.0,52
CHEMBL5219830,Nc1nc(Cl)cc(-c2nn(C(F)F)cc2Cc2ccccc2OCCN2CCOC[C@H]2CO)n1,EZH2,resistant,scout1,3.33,0.0,0.437,3.64,100.0,,database,81.8,99.7,100.0,81.8,70,70.7,88.7,45,0,medium,0,low,low,low,0,85,['muscarinic'],1,85,85,85,86.0,53
CHEMBL383264,N[C@H](COc1cncc(-c2ccc3cnccc3c2)c1)Cc1c[nH]c2ccccc12,AKT1,escape_route,scout1,1.3,0.0,0.437,2.88,100.0,,database,95.2,99.9,100.0,66.7,70,79.1,91.0,30,0,medium,0,low,high,low,0,75,['serotonin_5HT2'],1,85,75,85,86.0,54
CHEMBL541643,Cl.Oc1cccc(-c2nc(N3CCOCC3)c3sccc3n2)c1,PIK3CA,escape_route,scout1,2.5,0.0,0.769,2.44,100.0,,database,85.9,99.8,100.0,60.1,70,84.0,87.4,53,0,medium,0,low,low,low,0,85,[],0,100,85,100,85.9,55
CHEMBL541643,Cl.Oc1cccc(-c2nc(N3CCOCC3)c3sccc3n2)c1,PIK3CA,escape_route,scout1,2.5,0.0,0.769,2.44,100.0,,database,85.9,99.8,100.0,60.1,70,84.0,87.4,52,0,medium,0,low,low,low,0,85,[],0,100,85,100,85.9,56
CHEMBL3951966,CN(C)CCCOc1ccc(-c2cc3c(cc2F)ncc2c3n(C3(C)CCOCC3)c(=O)n2C)cn1,ATM,resistant,scout1,2.03,0.0,0.363,3.22,97.3,,database,88.9,79.8,97.3,88.9,70,75.3,86.7,56,1,medium,0,low,high,low,0,75,[],0,100,75,100,85.8,57
,Cl.NC(=O)c1cccc2[nH]c(-c3ccoc3)nc12,PARP1,resistant,scout2,5.83,263.7,0.744,2.2,70.0,0.55,bioisostere,73.7,99.4,70.0,73.7,100,86.7,81.4,134,0,low,0,low,low,low,0,100,[],0,100,100,100,85.7,58
CHEMBL426811,N#Cc1cnc(NC(=O)Nc2cc(Cl)ccc2OC2CCOCC2)cn1,CHEK1,resistant,scout1,5.0,0.0,0.851,2.58,100.0,,database,75.9,99.5,100.0,75.9,70,82.4,86.7,55,0,medium,0,low,low,low,0,85,[],0,100,85,100,85.7,59
,Cl.NC(=O)c1cccc2[nH]c(-c3cc[nH]c3)nc12,PARP1,resistant,scout2,5.84,262.7,0.66,2.2,70.0,0.549,bioisostere,73.7,99.4,70.0,73.7,100,86.7,81.4,135,0,low,0,low,low,low,0,100,[],0,100,100,100,85.7,60
,Cl.NC(=O)c1cccc2[nH]c(-c3ccsc3)nc12,PARP1,resistant,scout2,5.84,279.8,0.757,2.2,70.0,0.58,bioisostere,73.7,99.4,70.0,73.7,100,86.7,81.4,137,0,low,0,low,low,low,0,100,[],0,100,100,100,85.7,61
,NC(=O)c1c(Cc2cc3c(cc2Cl)OCO3)c(-c2ccsc2)nn1CC1CCCCC1,CHEK2,resistant,scout2,3.41,458.0,0.547,3.9,70.0,0.547,bioisostere,81.4,99.7,70.0,81.4,100,67.8,83.9,86,0,medium,0,low,low,low,0,85,[],0,100,85,100,85.7,62
,NC(=O)c1c(Cc2cc3c(cc2Cl)OCO3)c(-c2ccccc2)nn1CC1CCCCC1,CHEK2,resistant,scout2,3.41,452.0,0.558,4.0,70.0,0.655,r_group,81.4,99.7,70.0,81.4,100,66.7,83.9,84,0,medium,0,low,low,low,0,85,[],0,100,85,100,85.6,63
CHEMBL3957991,CN(C)CCCOc1ccc(-c2cc3c(cc2F)ncc2c3n(C3COC3)c(=O)n2C)cn1,ATM,resistant,scout1,3.8,0.0,0.402,2.96,100.0,,database,79.9,99.6,100.0,79.9,70,78.2,88.3,48,1,medium,0,low,high,low,0,75,[],0,100,75,100,85.6,64
,O=C(O)c1c(Cc2cc3c(cc2Cl)OCO3)c(-c2cc[nH]c2)nn1CC1CCCCC1,CHEK2,resistant,scout2,3.46,441.9,0.553,3.9,70.0,0.503,bioisostere,81.2,99.7,70.0,81.2,100,67.8,83.8,88,0,medium,0,low,low,low,0,85,[],0,100,85,100,85.6,65
,CNC(=O)c1c(Cc2cc3c(cc2Cl)OCO3)c(-c2cccs2)nn1CC1CCCCC1,CHEK2,resistant,scout2,3.38,472.0,0.513,4.0,70.0,0.553,r_group,81.5,99.7,70.0,81.5,100,66.7,83.9,83,0,medium,0,low,low,low,0,85,[],0,100,85,100,85.6,66
,O=C(O)c1c(Cc2cc3c(cc2Cl)OCO3)c(-c2ccoc2)nn1CC1CCCCC1,CHEK2,resistant,scout2,3.45,442.9,0.55,3.9,70.0,0.501,bioisostere,81.3,99.7,70.0,81.3,100,67.8,83.9,85,0,medium,0,low,low,low,0,85,[],0,100,85,100,85.6,67
,CN(O)c1ccc(-c2nc3c(C(N)=O)cccc3[nH]2)cc1,PARP1,resistant,scout2,5.84,282.3,0.641,2.6,70.0,0.645,r_group,73.7,99.4,70.0,73.7,100,82.2,81.1,154,0,low,0,low,low,low,0,100,[],0,100,100,100,85.5,68
CHEMBL87070,O=C(O)c1c(Cc2cc3c(cc2Cl)OCO3)c(-c2ccccc2)nn1CC1CCCCC1,CHEK2,resistant,scout1,2.6,0.0,0.511,2.61,90.2,,database,85.3,79.8,90.2,85.3,70,82.1,84.0,80,0,medium,0,low,low,low,0,85,[],0,100,85,100,85.5,69
,COOc1ccc(-c2nc3c(C(N)=O)cccc3[nH]2)cc1O,PARP1,resistant,scout2,5.7,299.3,0.504,2.8,70.0,0.675,r_group,74.1,99.4,70.0,74.1,100,80.0,81.2,142,0,low,0,low,low,low,0,100,[],0,100,100,100,85.5,70
,COc1ccc(-c2nc3c(C(N)=O)cccc3[nH]2)cc1S,PARP1,resistant,scout2,5.83,299.4,0.65,2.6,70.0,0.607,bioisostere,73.7,99.4,70.0,73.7,100,82.2,81.1,149,0,low,0,low,low,low,0,100,[],0,100,100,100,85.5,71
,NC(=O)c1cccc2[nH]c(-c3ccc(OF)c(O)c3)nc12,PARP1,resistant,scout2,5.81,287.2,0.688,2.6,70.0,0.656,r_group,73.8,99.4,70.0,73.8,100,82.2,81.2,148,0,low,0,low,low,low,0,100,[],0,100,100,100,85.5,72
CHEMBL133855,CCOC(=O)c1ccc(-c2nc3c(C(N)=O)cccc3[nH]2)cc1,PARP1,resistant,scout1,8.1,0.0,0.723,2.0,100.0,,database,69.0,99.2,100.0,69.0,70,88.9,83.8,87,0,low,0,low,low,low,0,100,[],0,100,100,100,85.4,73
,N#COc1ccc(-c2nc3c(C(N)=O)cccc3[nH]2)cc1O,PARP1,resistant,scout2,5.79,294.3,0.636,2.8,70.0,0.647,r_group,73.8,99.4,70.0,73.8,100,80.0,81.1,153,0,low,0,low,low,low,0,100,[],0,100,100,100,85.4,74
,CSc1ccc(-c2nc3c(C(N)=O)cccc3[nH]2)cc1O,PARP1,resistant,scout2,5.92,299.4,0.648,2.6,70.0,0.637,bioisostere,73.5,99.4,70.0,73.5,100,82.2,81.0,155,0,low,0,low,low,low,0,100,[],0,100,100,100,85.4,75
,NC(=O)c1c(Cc2cc3c(cc2Cl)OCO3)c(-c2cccs2)nn1CC1CCCCC1,CHEK2,resistant,scout2,3.59,458.0,0.547,3.9,70.0,0.512,bioisostere,80.7,99.6,70.0,80.7,100,67.8,83.6,99,0,medium,0,low,low,low,0,85,[],0,100,85,100,85.4,76
,CN(Cl)c1ccc(-c2nc3c(C(N)=O)cccc3[nH]2)cc1,PARP1,resistant,scout2,5.98,300.7,0.73,2.6,70.0,0.635,r_group,73.4,99.4,70.0,73.4,100,82.2,81.0,156,0,low,0,low,low,low,0,100,[],0,100,100,100,85.4,77
,CNC(=O)c1c(Cc2cc3c(cc2Cl)OCO3)c(-c2ccccc2)nn1CC1CCCCC1,CHEK2,resistant,scout2,3.56,466.0,0.524,4.1,70.0,0.457,r_group,80.8,99.6,70.0,80.8,100,65.6,83.5,103,0,medium,0,low,low,low,0,85,[],0,100,85,100,85.3,78
,CN(C(=O)O)c1ccc(-c2nc3c(C(N)=O)cccc3[nH]2)cc1,PARP1,resistant,scout2,5.93,310.3,0.689,2.9,70.0,0.616,r_group,73.5,99.4,70.0,73.5,100,78.9,80.9,159,0,low,0,low,low,low,0,100,[],0,100,100,100,85.3,79
,NC(=O)c1cccc2[nH]c(-c3ccc(OC4CC4)c(O)c3)nc12,PARP1,resistant,scout2,5.94,309.3,0.689,2.9,70.0,0.592,r_group,73.5,99.4,70.0,73.5,100,78.9,80.9,161,0,low,0,low,low,low,0,100,[],0,100,100,100,85.3,80
,NC(=O)Oc1ccc(-c2nc3c(C(N)=O)cccc3[nH]2)cc1O,PARP1,resistant,scout2,5.89,312.3,0.579,2.9,70.0,0.612,r_group,73.6,99.4,70.0,73.6,100,78.9,80.9,164,0,low,0,low,low,low,0,100,[],0,100,100,100,85.3,81
,NC(=O)c1cccc2[nH]c(-c3ccc(OCl)c(O)c3)nc12,PARP1,resistant,scout2,6.02,303.7,0.692,2.6,70.0,0.613,r_group,73.3,99.4,70.0,73.3,100,82.2,80.9,165,0,low,0,low,low,low,0,100,[],0,100,100,100,85.3,82
,N#Cc1cnc(NC(=O)Nc2cc(F)ccc2OC2CCOC2)cn1,CHEK1,resistant,scout2,5.86,343.3,0.881,3.1,70.0,0.543,r_group,73.7,99.4,70.0,73.7,100,76.7,80.8,169,0,low,0,low,low,low,0,100,[],0,100,100,100,85.2,83
,CCOc1ccc(-c2nc3c(C(N)=O)cccc3[nH]2)cc1O,PARP1,resistant,scout2,6.02,297.3,0.688,2.8,70.0,0.664,r_group,73.3,99.4,70.0,73.3,100,80.0,80.8,170,0,low,0,low,low,low,0,100,[],0,100,100,100,85.2,84
,CN(C#N)c1ccc(-c2nc3c(C(N)=O)cccc3[nH]2)cc1,PARP1,resistant,scout2,6.07,291.3,0.571,2.8,70.0,0.602,r_group,73.2,99.4,70.0,73.2,100,80.0,80.8,172,0,low,0,low,low,low,0,100,[],0,100,100,100,85.2,85
,CN(F)c1ccc(-c2nc3c(C(N)=O)cccc3[nH]2)cc1,PARP1,resistant,scout2,6.16,284.3,0.726,2.6,70.0,0.595,r_group,72.9,99.4,70.0,72.9,100,82.2,80.8,171,0,low,0,low,low,low,0,100,[],0,100,100,100,85.2,86
,CC(C)Oc1ccc(-c2nc3c(C(N)=O)cccc3[nH]2)cc1O,PARP1,resistant,scout2,6.06,311.3,0.689,2.9,70.0,0.588,r_group,73.2,99.4,70.0,73.2,100,78.9,80.7,178,0,low,0,low,low,low,0,100,[],0,100,100,100,85.1,87
CHEMBL551440,CNC(=O)Nc1ccc(-c2nc(N3CCOCC3)c3cnn(C4CCN(Cc5cccnc5)CC4)c3n2)cc1,MTOR,escape_route,scout1,0.38,0.0,0.393,2.72,87.9,,database,100.0,80.0,87.9,70.0,70,80.9,85.6,65,0,medium,0,low,high,low,0,75,[],0,100,75,100,85.1,88
CHEMBL551440,CNC(=O)Nc1ccc(-c2nc(N3CCOCC3)c3cnn(C4CCN(Cc5cccnc5)CC4)c3n2)cc1,MTOR,escape_route,scout1,0.38,0.0,0.393,2.72,87.9,,database,100.0,80.0,87.9,70.0,70,80.9,85.6,66,0,medium,0,low,high,low,0,75,[],0,100,75,100,85.1,89
CHEMBL3142900,O=C[C@H](CC(=O)O)NC(=O)C1CCCN2C(=O)CC[C@H](NC(=O)c3ccccc3F)C(=O)N12,CD274,immune,scout1,1.0,0.0,0.467,3.65,89.3,,database,99.0,99.9,89.3,29.7,70,70.6,84.0,81,0,low,0,low,low,low,0,100,[],0,100,100,100,85.1,90
CHEMBL557963,COC(=O)N1CCC(n2ncc3c(N4CCOCC4)nc(-c4ccc(NC(=O)Nc5ccncc5)cc4)nc32)CC1,MTOR,escape_route,scout1,0.3,0.0,0.375,2.79,87.5,,database,100.0,80.0,87.5,70.0,70,80.1,85.5,67,0,medium,0,low,high,low,0,75,[],0,100,75,100,85.0,91
CHEMBL538378,COC(=O)N1CCC(n2ncc3c(N4CCOCC4)nc(-c4ccc(NC(=O)Nc5cccnc5)cc4)nc32)CC1,MTOR,escape_route,scout1,0.2,0.0,0.375,2.78,87.5,,database,100.0,80.0,87.5,70.0,70,80.2,85.5,69,0,medium,0,low,high,low,0,75,[],0,100,75,100,85.0,92
,N#Cc1cnc(NC(=O)Nc2cc(C(=O)O)ccc2OC2CCOC2)cn1,CHEK1,resistant,scout2,5.96,369.3,0.723,3.4,70.0,0.428,r_group,73.4,99.4,70.0,73.4,100,73.3,80.6,180,0,low,0,low,low,low,0,100,[],0,100,100,100,84.9,93
,N#Cc1cnc(NC(=O)Nc2cc(C(N)=O)ccc2OC2CCOC2)cn1,CHEK1,resistant,scout2,5.99,368.4,0.718,3.4,70.0,0.528,r_group,73.3,99.4,70.0,73.3,100,73.3,80.5,193,0,low,0,low,low,low,0,100,[],0,100,100,100,84.9,94
,Cc1ccc(OC2CCOC2)c(NC(=O)Nc2cnc(C#N)cn2)c1,CHEK1,resistant,scout2,6.18,339.4,0.885,3.1,70.0,0.467,r_group,72.9,99.4,70.0,72.9,100,76.7,80.5,194,0,low,0,low,low,low,0,100,[],0,100,100,100,84.9,95
CHEMBL558955,COC(=O)N1CCC(n2ncc3c(N4CCOCC4)nc(-c4ccc(NC(=O)Nc5ccc(CO)cc5)cc4)nc32)CC1,MTOR,escape_route,scout1,0.08,0.0,0.306,2.78,71.1,,database,100.0,80.0,71.1,70.0,70,80.2,82.2,119,0,medium,0,low,low,low,0,85,[],0,100,85,100,84.9,96
,CON(C)c1ccc(-c2nc3c(C(N)=O)cccc3[nH]2)cc1,PARP1,resistant,scout2,6.47,296.3,0.724,2.8,70.0,0.553,r_group,72.2,99.4,70.0,72.2,100,80.0,80.3,204,0,low,0,low,low,low,0,100,[],0,100,100,100,84.8,97
,N#Cc1ccc(OC2CCOC2)c(NC(=O)Nc2cnc(C#N)cn2)c1,CHEK1,resistant,scout2,6.34,350.3,0.861,3.2,70.0,0.47,r_group,72.5,99.4,70.0,72.5,100,75.6,80.3,206,0,low,0,low,low,low,0,100,[],0,100,100,100,84.7,98
,N#Cc1cnc(NC(=O)Nc2cc(O)ccc2OC2CCOCC2)cn1,CHEK1,resistant,scout2,6.33,355.4,0.767,3.2,70.0,0.478,r_group,72.6,99.4,70.0,72.6,100,75.6,80.3,208,0,low,0,low,low,low,0,100,[],0,100,100,100,84.7,99
,N#Cc1cnc(NC(=O)Nc2cc(O)ccc2OC2CCOC2)cn1,CHEK1,resistant,scout2,6.41,341.3,0.774,3.1,70.0,0.436,r_group,72.4,99.4,70.0,72.4,100,76.7,80.2,211,0,low,0,low,low,low,0,100,[],0,100,100,100,84.7,100
,CN(C(N)=O)c1ccc(-c2nc3c(C(N)=O)cccc3[nH]2)cc1,PARP1,resistant,scout2,6.53,309.3,0.685,2.9,70.0,0.527,r_group,72.1,99.3,70.0,72.1,100,78.9,80.2,214,0,low,0,low,low,low,0,100,[],0,100,100,100,84.7,101
,Cl.N#Cc1cnc(NC(=O)Nc2cc[nH]c2)cn1.OC1CCOC1,CHEK1,resistant,scout2,6.52,352.8,0.646,3.0,70.0,0.404,bioisostere,72.1,99.3,70.0,72.1,100,77.8,80.2,210,0,low,0,low,low,low,0,100,[],0,100,100,100,84.6,102
,N#Cc1ccc(OC2CCOCC2)c(NC(=O)Nc2cnc(C#N)cn2)c1,CHEK1,resistant,scout2,6.3,364.4,0.851,3.4,70.0,0.5,r_group,72.6,99.4,70.0,72.6,100,73.3,80.2,212,0,low,0,low,low,low,0,100,[],0,100,100,100,84.6,103
,COc1ccc(OC2CCOC2)c(NC(=O)Nc2cnc(C#N)cn2)c1,CHEK1,resistant,scout2,6.49,355.4,0.843,3.2,70.0,0.502,r_group,72.2,99.4,70.0,72.2,100,75.6,80.1,221,0,low,0,low,low,low,0,100,[],0,100,100,100,84.6,104
,Cc1nc(Cl)cc(-c2nn(C(F)F)cc2Cc2ccccc2OCCN2CCNC(=O)C2)n1,EZH2,resistant,scout2,3.12,476.9,0.503,4.1,70.0,0.452,r_group,82.7,99.7,70.0,82.7,100,65.6,84.4,77,0,medium,0,low,low,low,0,85,['muscarinic'],1,85,85,85,84.6,105
,N#Cc1cnc(NC(=O)Nc2cc(C(N)=O)ccc2OC2CCOCC2)cn1,CHEK1,resistant,scout2,6.46,382.4,0.71,3.5,70.0,0.468,r_group,72.3,99.4,70.0,72.3,100,72.2,80.0,225,0,low,0,low,low,low,0,100,[],0,100,100,100,84.4,106
CHEMBL477989,CN(C)CCOc1ccc(-c2nc(-c3ccncc3)c(-c3ccc4c(c3)CC/C4=N\O)[nH]2)cc1,BRAF,escape_route,scout1,0.3,0.0,0.308,2.72,96.2,,database,100.0,80.0,96.2,70.0,70,80.9,87.3,54,1,medium,0,low,high,low,0,75,['muscarinic'],1,85,75,85,84.4,107
,CC1(COc2ccoc2)COC1.Cl.N#Cc1cnc(NC(N)=O)cn1,CHEK1,resistant,scout2,6.69,367.8,0.842,3.1,70.0,0.401,bioisostere,71.8,99.3,70.0,71.8,100,76.7,80.0,229,0,low,0,low,low,low,0,100,[],0,100,100,100,84.4,108
,CC1(COc2cc[nH]c2)COC1.Cl.N#Cc1cnc(NC(N)=O)cn1,CHEK1,resistant,scout2,6.82,366.8,0.752,3.1,70.0,0.403,bioisostere,71.5,99.3,70.0,71.5,100,76.7,79.8,238,0,low,0,low,low,low,0,100,[],0,100,100,100,84.3,109
CHEMBL381724,COc1cc2c(Nc3cnc(NC(=O)c4ccccc4)nc3)ncnc2cc1OCCCN1CCOCC1,AURKA,resistant,scout1,3.0,0.0,0.303,2.55,86.1,,database,83.3,79.8,86.1,83.3,70,82.8,82.3,116,0,medium,0,low,low,low,0,85,[],0,100,85,100,84.3,110
CHEMBL3898577,CO[C@H]1C[C@@H](n2c(=O)n(C)c3cnc4cc(F)c(-c5ccc(OCCCN(C)C)nc5F)cc4c32)C1,ATM,resistant,scout1,2.62,0.0,0.272,3.14,95.4,,database,85.2,79.8,95.4,85.2,70,76.2,84.7,73,1,medium,0,low,high,low,0,75,[],0,100,75,100,84.2,111
,Cl.NC(=O)c1cccc2[nH]c(-c3ccncc3)nc12,PARP1,resistant,scout2,5.72,274.7,0.751,2.4,70.0,0.608,bioisostere,74.0,99.4,70.0,74.0,100,84.4,81.4,130,0,low,0,low,high,low,0,90,[],0,100,90,100,84.2,112
,O=C1OCCc2c(-c3ccc[nH]3)[nH]c3cccc1c23,PARP1,resistant,scout2,7.61,252.3,0.654,2.4,70.0,0.615,bioisostere,69.9,99.2,70.0,69.9,100,84.4,79.5,252,0,low,0,low,low,low,0,100,[],0,100,100,100,84.1,113
CHEMBL313044,O=C(O)c1c(Cc2cc3c(cc2Cl)OCO3)c(-c2ccsc2)nn1CC1CCCCC1,CHEK2,resistant,scout1,3.2,0.0,0.5,2.86,90.0,,database,82.3,79.7,90.0,82.3,70,79.3,82.5,114,0,medium,0,low,low,low,0,85,[],0,100,85,100,84.1,114
CHEMBL5220647,Nc1nc(Cl)cc(-c2nn(C(F)F)cc2Cc2ccccc2OCCN2CCOC[C@@H]2CO)n1,EZH2,resistant,scout1,4.6,0.0,0.437,3.64,100.0,,database,77.1,99.5,100.0,77.1,70,70.7,86.6,57,0,medium,0,low,low,low,0,85,['muscarinic'],1,85,85,85,84.0,115
CHEMBL388978,CN[C@@H]1C[C@H]2O[C@@](C)([C@@H]1OC)n1c3ccccc3c3c4c(c5c6ccccc6n2c5c31)C(=O)NC4,AKT1,escape_route,scout1,1.5,0.0,0.406,4.95,98.1,,database,93.2,79.9,98.1,65.2,70,56.1,83.6,97,0,medium,0,low,low,low,0,85,[],0,100,85,100,83.9,116
CHEMBL388978,CN[C@@H]1C[C@H]2O[C@@](C)([C@@H]1OC)n1c3ccccc3c3c4c(c5c6ccccc6n2c5c31)C(=O)NC4,AKT1,escape_route,scout1,1.5,0.0,0.406,4.95,98.1,,database,93.2,79.9,98.1,65.2,70,56.1,83.6,93,0,medium,0,low,low,low,0,85,[],0,100,85,100,83.9,117
CHEMBL388978,CN[C@@H]1C[C@H]2O[C@@](C)([C@@H]1OC)n1c3ccccc3c3c4c(c5c6ccccc6n2c5c31)C(=O)NC4,AKT1,escape_route,scout1,1.5,0.0,0.406,4.95,98.1,,database,93.2,79.9,98.1,65.2,70,56.1,83.6,94,0,medium,0,low,low,low,0,85,[],0,100,85,100,83.9,118
CHEMBL388978,CN[C@@H]1C[C@H]2O[C@@](C)([C@@H]1OC)n1c3ccccc3c3c4c(c5c6ccccc6n2c5c31)C(=O)NC4,AKT1,escape_route,scout1,1.5,0.0,0.406,4.95,98.1,,database,93.2,79.9,98.1,65.2,70,56.1,83.6,98,0,medium,0,low,low,low,0,85,[],0,100,85,100,83.9,119
CHEMBL388978,CN[C@@H]1C[C@H]2O[C@@](C)([C@@H]1OC)n1c3ccccc3c3c4c(c5c6ccccc6n2c5c31)C(=O)NC4,AKT1,escape_route,scout1,1.5,0.0,0.406,4.95,98.1,,database,93.2,79.9,98.1,65.2,70,56.1,83.6,102,0,medium,0,low,low,low,0,85,[],0,100,85,100,83.9,120
CHEMBL388978,CN[C@@H]1C[C@H]2O[C@@](C)([C@@H]1OC)n1c3ccccc3c3c4c(c5c6ccccc6n2c5c31)C(=O)NC4,AKT1,escape_route,scout1,1.5,0.0,0.406,4.95,98.1,,database,93.2,79.9,98.1,65.2,70,56.1,83.6,95,0,medium,0,low,low,low,0,85,[],0,100,85,100,83.9,121
CHEMBL388978,CN[C@@H]1C[C@H]2O[C@@](C)([C@@H]1OC)n1c3ccccc3c3c4c(c5c6ccccc6n2c5c31)C(=O)NC4,AKT1,escape_route,scout1,1.5,0.0,0.406,4.95,98.1,,database,93.2,79.9,98.1,65.2,70,56.1,83.6,96,0,medium,0,low,low,low,0,85,[],0,100,85,100,83.9,122
CHEMBL348326,COC(=O)c1c(C)[nH]c2c1[C@@]13C[C@@H]1CN(C(=O)/C=C/c1ccc(OC)nn1)C3=CC2=O,MAP2K1,sensitive,scout1,0.5,0.0,0.592,4.51,100.0,,database,100.0,100.0,100.0,30.0,70,61.0,86.0,63,0,low,1,medium,low,low,1,85,[],0,100,85,100,83.8,123
,O=C(O)c1c(Cc2cc3c(cc2Cl)OCO3)c(-c2ccncc2)nn1CC1CCCCC1,CHEK2,resistant,scout2,3.56,453.9,0.552,4.0,70.0,0.542,bioisostere,80.8,99.6,70.0,80.8,100,66.7,83.6,101,0,medium,0,low,high,low,0,75,[],0,100,75,100,83.8,124
CHEMBL315280,O=C(O)COc1ccccc1Cn1nc(-c2ccccc2)c(Cc2cc3c(cc2Cl)OCO3)c1C(=O)O,CHEK2,resistant,scout1,3.3,0.0,0.325,2.65,86.5,,database,81.9,79.7,86.5,81.9,70,81.7,81.7,126,0,medium,0,low,low,low,0,85,[],0,100,85,100,83.7,125
,CC(=O)c1cccc2[nH]c(-c3ccc(Cl)cc3)nc12,PARP1,resistant,scout2,5.62,270.7,0.713,2.4,70.0,0.451,r_group,74.3,99.4,70.0,74.3,100,84.4,81.5,129,0,medium,0,low,low,low,0,85,[],0,100,85,100,83.6,126
CHEMBL192161,CC1(COc2ccc(Cl)cc2NC(=O)Nc2cnc(C#N)cn2)COC1,CHEK1,resistant,scout1,7.0,0.0,0.833,2.74,100.0,,database,71.1,99.3,100.0,71.1,70,80.7,84.4,76,0,medium,0,low,low,low,0,85,[],0,100,85,100,83.6,127
CHEMBL344741,O=C1NCCc2c(-c3ccc[nH]3)[nH]c3cccc1c23,PARP1,resistant,scout1,8.0,0.0,0.611,2.83,100.0,,database,69.2,99.2,100.0,69.2,70,79.7,83.4,105,0,low,0,low,low,low,0,100,['serotonin_5HT2'],1,85,100,85,83.5,128
CHEMBL3907190,CN(C)CCCOc1ccc(-c2ccc3ncc4[nH]c(=O)n(C5CCOCC5)c4c3c2)cn1,ATM,resistant,scout1,3.22,0.0,0.436,2.77,98.7,,database,82.2,79.7,98.7,82.2,70,80.3,84.2,78,1,medium,0,low,high,low,0,75,[],0,100,75,100,83.5,129
CHEMBL314973,O=C(O)COC1CCCCC1Cn1nc(-c2ccccc2)c(Cc2cc3c(cc2Cl)OCO3)c1C(=O)O,CHEK2,resistant,scout1,3.2,0.0,0.405,3.61,88.1,,database,82.3,79.7,88.1,82.3,70,71.0,81.7,127,0,medium,0,low,low,low,0,85,[],0,100,85,100,83.5,130
,CNC(=O)c1cccc2[nH]c(-c3ccc(Cl)cc3)nc12,PARP1,resistant,scout2,5.68,285.7,0.759,2.5,70.0,0.42,r_group,74.1,99.4,70.0,74.1,100,83.3,81.4,131,0,medium,0,low,low,low,0,85,[],0,100,85,100,83.5,131
,O=C(F)c1cccc2[nH]c(-c3ccc(Cl)cc3)nc12,PARP1,resistant,scout2,5.76,274.7,0.718,2.4,70.0,0.625,r_group,73.9,99.4,70.0,73.9,100,84.4,81.3,141,0,medium,0,low,low,low,0,85,[],0,100,85,100,83.4,132
,NC(=O)c1cccc2[nH]c(-c3ccc(OC(F)(F)F)c(O)c3)nc12,PARP1,resistant,scout2,5.47,337.3,0.684,3.0,70.0,0.405,r_group,74.6,99.5,70.0,74.6,100,77.8,81.3,140,0,medium,0,low,low,low,0,85,[],0,100,85,100,83.4,133
,NS(=O)(=O)c1c(Cc2cc3c(cc2Cl)OCO3)c(-c2cccs2)nn1CC1CCCCC1,CHEK2,resistant,scout2,3.39,494.0,0.531,4.0,70.0,0.452,bioisostere,81.5,99.7,70.0,81.5,100,66.7,83.9,82,0,high,0,low,low,low,0,70,[],0,100,70,100,83.4,134
CHEMBL538346,Cl.Oc1cccc(-c2nc(N3CCOCC3)c3oc4ncccc4c3n2)c1,PIK3CB,escape_route,scout1,3.0,0.0,0.567,2.67,100.0,,database,83.3,99.7,100.0,58.3,70,81.4,86.2,61,0,medium,0,low,high,low,0,75,[],0,100,75,100,83.3,135
,NOc1ccc(-c2nc3c(C(N)=O)cccc3[nH]2)cc1O,PARP1,resistant,scout2,5.77,284.3,0.539,2.6,70.0,0.634,r_group,73.9,99.4,70.0,73.9,100,82.2,81.2,145,0,medium,0,low,low,low,0,85,[],0,100,85,100,83.3,136
,COC(=O)c1cccc2[nH]c(-c3ccc(Cl)cc3)nc12,PARP1,resistant,scout2,5.81,286.7,0.731,2.5,70.0,0.564,r_group,73.8,99.4,70.0,73.8,100,83.3,81.2,147,0,medium,0,low,low,low,0,85,[],0,100,85,100,83.3,137
,O=C(c1cccc2[nH]c(-c3ccc(Cl)cc3)nc12)C1CC1,PARP1,resistant,scout2,5.79,296.8,0.725,2.6,70.0,0.452,r_group,73.8,99.4,70.0,73.8,100,82.2,81.2,146,0,medium,0,low,low,low,0,85,[],0,100,85,100,83.3,138
,NS(=O)(=O)c1c(Cc2cc3c(cc2Cl)OCO3)c(-c2ccsc2)nn1CC1CCCCC1,CHEK2,resistant,scout2,3.47,494.0,0.531,4.0,70.0,0.466,bioisostere,81.2,99.7,70.0,81.2,100,66.7,83.8,89,0,high,0,low,low,low,0,70,[],0,100,70,100,83.3,139
CHEMBL538346,Cl.Oc1cccc(-c2nc(N3CCOCC3)c3oc4ncccc4c3n2)c1,PIK3CB,escape_route,scout1,3.0,0.0,0.567,2.67,100.0,,database,83.3,99.7,100.0,58.3,70,81.4,86.2,60,0,medium,0,low,high,low,0,75,[],0,100,75,100,83.3,140
CHEMBL540695,O=C(Nc1ccncc1)Nc1ccc(-c2nc(N3CCOCC3)c3cnn(C4CCN(C(=O)c5cccnc5)CC4)c3n2)cc1,MTOR,escape_route,scout1,0.83,0.0,0.291,2.86,70.8,,database,100.0,79.9,70.8,70.0,70,79.3,82.1,123,0,medium,0,low,high,low,0,75,[],0,100,75,100,83.3,141
,CNOc1ccc(-c2nc3c(C(N)=O)cccc3[nH]2)cc1O,PARP1,resistant,scout2,5.72,298.3,0.546,2.8,70.0,0.606,r_group,74.0,99.4,70.0,74.0,100,80.0,81.2,144,0,medium,0,low,low,low,0,85,[],0,100,85,100,83.3,142
,NS(=O)(=O)C(=O)c1c(Cc2cc3c(cc2Cl)OCO3)c(-c2ccccc2)nn1CC1CCCCC1,CHEK2,resistant,scout2,3.4,516.0,0.516,4.4,70.0,0.695,r_group,81.5,99.7,70.0,81.5,100,62.2,83.7,90,0,high,0,low,low,low,0,70,[],0,100,70,100,83.2,143
,CN.Clc1cc2c(cc1Cc1cn(CC3CCCCC3)nc1-c1ccsc1)OCO2.O,CHEK2,resistant,scout2,3.57,464.0,0.581,3.9,70.0,0.445,bioisostere,80.8,99.6,70.0,80.8,100,67.8,83.6,100,0,high,0,low,low,low,0,70,[],0,100,70,100,83.2,144
,CN(C)C(=O)c1cccc2[nH]c(-c3ccc(Cl)cc3)nc12,PARP1,resistant,scout2,6.02,299.8,0.786,2.6,70.0,0.442,r_group,73.3,99.4,70.0,73.3,100,82.2,80.9,162,1,medium,0,low,low,low,0,85,[],0,100,85,100,83.1,145
CHEMBL5219443,Nc1nc(Cl)cc(-c2nn(C(F)F)cc2Cc2ccccc2OCCN2CCO[C@H](CO)C2)n1,EZH2,resistant,scout1,5.5,0.0,0.437,3.57,100.0,,database,74.6,99.5,100.0,74.6,70,71.4,85.5,68,0,medium,0,low,low,low,0,85,['muscarinic'],1,85,85,85,83.1,146
,CCC(=O)c1cccc2[nH]c(-c3ccc(Cl)cc3)nc12,PARP1,resistant,scout2,6.14,284.7,0.721,2.5,70.0,0.467,r_group,73.0,99.4,70.0,73.0,100,83.3,80.9,163,0,medium,0,low,low,low,0,85,[],0,100,85,100,83.0,147
CHEMBL561708,COC(=O)Nc1ccc(-c2nc(N3CCOCC3)c3cnn(C4CCN(C(=O)OC)CC4)c3n2)cc1,MTOR,escape_route,scout1,4.3,0.0,0.582,2.68,100.0,,database,78.1,99.6,100.0,54.7,70,81.3,84.1,79,0,medium,0,low,low,low,0,85,[],0,100,85,100,83.0,148
,NC(=O)c1cccc2[nH]c(-c3ccc(OS(N)(=O)=O)c(O)c3)nc12,PARP1,resistant,scout2,5.84,348.3,0.54,3.0,70.0,0.619,r_group,73.7,99.4,70.0,73.7,100,77.8,80.9,160,0,medium,0,low,low,low,0,85,[],0,100,85,100,83.0,149
,Cl.N#Cc1cnc(NC(=O)Nc2ccncc2)cn1.OC1CCOC1,CHEK1,resistant,scout2,6.61,364.8,0.736,3.1,70.0,0.422,bioisostere,71.9,99.3,70.0,71.9,100,76.7,80.0,224,0,low,0,low,high,low,0,90,[],0,100,90,100,83.0,150
,Cl.N#Cc1cnc(NC(=O)Nc2ccncc2)cn1.OC1CCOCC1,CHEK1,resistant,scout2,6.59,378.8,0.727,3.2,70.0,0.409,bioisostere,72.0,99.3,70.0,72.0,100,75.6,80.0,223,0,low,0,low,high,low,0,90,[],0,100,90,100,83.0,151
CHEMBL385872,CN1CCN(c2ccc(C(=O)Nc3n[nH]c4c3CN(C(=O)[C@H](O)c3ccccc3)C4)cc2)CC1,AURKA,resistant,scout1,6.0,0.0,0.538,2.99,100.0,,database,73.3,99.4,100.0,73.3,70,77.9,85.2,70,0,medium,0,low,low,low,0,85,['dopamine_D2'],1,85,85,85,82.9,152
,NS(=O)(=O)C(=O)c1cccc2[nH]c(-c3ccc(Cl)cc3)nc12,PARP1,resistant,scout2,6.13,335.8,0.749,2.8,70.0,0.452,r_group,73.0,99.4,70.0,73.0,100,80.0,80.7,173,0,medium,0,low,low,low,0,85,[],0,100,85,100,82.9,153
,CN(N)c1ccc(-c2nc3c(C(N)=O)cccc3[nH]2)cc1,PARP1,resistant,scout2,6.23,281.3,0.501,2.6,70.0,0.636,r_group,72.8,99.4,70.0,72.8,100,82.2,80.7,175,0,medium,0,low,low,low,0,85,[],0,100,85,100,82.9,154
,CN(C)Oc1ccc(-c2nc3c(C(N)=O)cccc3[nH]2)cc1O,PARP1,resistant,scout2,6.03,312.3,0.638,2.9,70.0,0.548,r_group,73.2,99.4,70.0,73.2,100,78.9,80.8,166,1,medium,0,low,low,low,0,85,[],0,100,85,100,82.9,155
,O=C(c1cccc2[nH]c(-c3ccc(Cl)cc3)nc12)C(F)(F)F,PARP1,resistant,scout2,6.15,324.7,0.699,2.8,70.0,0.486,r_group,73.0,99.4,70.0,73.0,100,80.0,80.7,176,0,medium,0,low,low,low,0,85,[],0,100,85,100,82.9,156
,N#Cc1cnc(NC(=O)Nc2cc(N)ccc2OC2CCOC2)cn1,CHEK1,resistant,scout2,6.06,340.3,0.721,3.1,70.0,0.456,r_group,73.2,99.4,70.0,73.2,100,76.7,80.6,186,1,medium,0,low,low,low,0,85,[],0,100,85,100,82.8,157
,NS(=O)(=O)C(=O)c1c(Cc2cc3c(cc2Cl)OCO3)c(-c2cccs2)nn1CC1CCCCC1,CHEK2,resistant,scout2,3.69,522.0,0.507,4.2,70.0,0.498,r_group,80.3,99.6,70.0,80.3,100,64.4,83.3,107,0,high,0,low,low,low,0,70,[],0,100,70,100,82.8,158
,CN(c1ccc(-c2nc3c(C(N)=O)cccc3[nH]2)cc1)S(N)(=O)=O,PARP1,resistant,scout2,6.12,345.4,0.649,3.0,70.0,0.626,r_group,73.0,99.4,70.0,73.0,100,77.8,80.6,183,0,medium,0,low,low,low,0,85,[],0,100,85,100,82.8,159
,CN(C)N(C)c1ccc(-c2nc3c(C(N)=O)cccc3[nH]2)cc1,PARP1,resistant,scout2,6.2,309.4,0.725,2.9,70.0,0.646,r_group,72.9,99.4,70.0,72.9,100,78.9,80.6,188,1,medium,0,low,low,low,0,85,[],0,100,85,100,82.8,160
,O=C(O)c1cccc2[nH]c(-c3ccc(Cl)cc3)nc12,PARP1,resistant,scout2,6.41,272.7,0.749,2.4,70.0,0.492,r_group,72.4,99.4,70.0,72.4,100,84.4,80.6,181,0,medium,0,low,low,low,0,85,[],0,100,85,100,82.8,161
,CN(C)c1ccoc1.NC(=O)c1cccc2[nH]cnc12,PARP1,resistant,scout2,6.43,272.3,0.747,2.5,70.0,0.42,bioisostere,72.3,99.4,70.0,72.3,100,83.3,80.6,184,1,medium,0,low,low,low,0,85,[],0,100,85,100,82.7,162
CHEMBL201197,COc1cc2c(Nc3ncc(CC(=O)Nc4cccc(F)c4F)s3)ncnc2cc1OCCCN1CCC[C@H]1CO,AURKA,resistant,scout1,2.0,0.0,0.206,3.32,74.1,,database,89.1,79.8,74.1,89.1,70,74.2,82.1,125,0,high,0,low,low,low,0,70,[],0,100,70,100,82.7,163
,Cl.O=C1NCCc2c(-c3cc[nH]c3)[nH]c3cccc1c23,PARP1,resistant,scout2,7.37,287.8,0.633,2.5,70.0,0.596,bioisostere,70.4,99.3,70.0,70.4,100,83.3,79.7,246,0,low,0,low,low,low,0,100,['serotonin_5HT2'],1,85,100,85,82.7,164
,CNN(C)c1ccc(-c2nc3c(C(N)=O)cccc3[nH]2)cc1,PARP1,resistant,scout2,6.35,295.3,0.642,2.8,70.0,0.626,r_group,72.5,99.4,70.0,72.5,100,80.0,80.5,190,0,medium,0,low,low,low,0,85,[],0,100,85,100,82.7,165
,CNc1ccc(-c2nc3c(C(N)=O)cccc3[nH]2)cc1O,PARP1,resistant,scout2,6.43,282.3,0.552,2.6,70.0,0.525,bioisostere,72.3,99.4,70.0,72.3,100,82.2,80.5,189,1,medium,0,low,low,low,0,85,[],0,100,85,100,82.7,166
,N#Cc1cnc(NC(=O)Nc2cc(N)ccc2OC2CCOCC2)cn1,CHEK1,resistant,scout2,6.24,354.4,0.716,3.2,70.0,0.506,r_group,72.8,99.4,70.0,72.8,100,75.6,80.4,203,1,medium,0,low,low,low,0,85,[],0,100,85,100,82.6,167
,N#CC(=O)c1cccc2[nH]c(-c3ccc(Cl)cc3)nc12,PARP1,resistant,scout2,6.61,281.7,0.576,2.5,70.0,0.482,r_group,71.9,99.3,70.0,71.9,100,83.3,80.4,198,0,medium,0,low,low,low,0,85,[],0,100,85,100,82.6,168
,CN(C)c1ccsc1.NC(=O)c1cccc2[nH]cnc12,PARP1,resistant,scout2,6.61,288.4,0.76,2.5,70.0,0.403,bioisostere,71.9,99.3,70.0,71.9,100,83.3,80.4,196,1,medium,0,low,low,low,0,85,[],0,100,85,100,82.6,169
CHEMBL207778,COc1cc(CN2CCCC2)ccc1NC(=O)Nc1cnc(C#N)cn1,CHEK1,resistant,scout1,13.0,0.0,0.857,2.32,100.0,,database,62.2,98.7,100.0,62.2,70,85.3,80.4,195,0,low,0,low,low,low,0,100,[],0,100,100,100,82.5,170
CHEMBL86505,COc1ccc(Cn2nc(-c3ccccc3)c(Cc3cc4c(cc3Cl)OCO4)c2C(=O)O)c(OCC(=O)O)c1,CHEK2,resistant,scout1,4.0,0.0,0.287,2.73,85.7,,database,79.1,79.7,85.7,79.1,70,80.8,80.2,215,0,medium,0,low,low,low,0,85,[],0,100,85,100,82.5,171
,N#Cc1cnc(NC(=O)Nc2cc(C3CC3)ccc2OC2CCOCC2)cn1,CHEK1,resistant,scout2,6.09,379.4,0.824,3.5,70.0,0.5,r_group,73.1,99.4,70.0,73.1,100,72.2,80.4,200,0,medium,0,low,low,low,0,85,[],0,100,85,100,82.5,172
CHEMBL192928,CC(C)(C)c1ccc(C(=O)Nc2[nH]nc3c2CN(C(=O)Cc2ccsc2)C3)cc1,AURKA,resistant,scout1,5.0,0.0,0.682,2.81,100.0,,database,75.9,79.6,100.0,75.9,70,79.9,81.6,128,0,medium,0,low,low,low,0,85,[],0,100,85,100,82.5,173
,N#Cc1cnc(NC(=O)Nc2cc(S(N)(=O)=O)ccc2OC2CCOC2)cn1,CHEK1,resistant,scout2,6.11,404.4,0.657,3.5,70.0,0.401,r_group,73.1,99.4,70.0,73.1,100,72.2,80.3,205,0,medium,0,low,low,low,0,85,[],0,100,85,100,82.5,174
,N#Cc1cnc(NC(=O)Nc2cc(F)ccc2OC2CCOCC2)cn1,CHEK1,resistant,scout2,6.42,357.3,0.871,3.2,70.0,0.438,r_group,72.4,99.4,70.0,72.4,100,75.6,80.2,209,0,medium,0,low,low,low,0,85,[],0,100,85,100,82.4,175
CHEMBL538346,Cl.Oc1cccc(-c2nc(N3CCOCC3)c3oc4ncccc4c3n2)c1,PIK3CA,escape_route,scout1,3.6,0.0,0.567,2.67,100.0,,database,80.6,99.6,100.0,56.4,70,81.4,85.1,71,0,medium,0,low,high,low,0,75,[],0,100,75,100,82.4,176
CHEMBL5218698,Nc1nc(Cl)cc(-c2nn(C(F)F)cc2Cc2ccccc2OCCN2CCOCC2)n1,EZH2,resistant,scout1,3.9,0.0,0.511,2.97,100.0,,database,79.5,79.7,100.0,79.5,70,78.1,83.1,109,0,medium,0,low,low,low,0,85,['muscarinic'],1,85,85,85,82.4,177
CHEMBL538346,Cl.Oc1cccc(-c2nc(N3CCOCC3)c3oc4ncccc4c3n2)c1,PIK3CA,escape_route,scout1,3.6,0.0,0.567,2.67,100.0,,database,80.6,99.6,100.0,56.4,70,81.4,85.1,72,0,medium,0,low,high,low,0,75,[],0,100,75,100,82.4,178
CHEMBL314454,O=C(O)c1c(Cc2cc3c(cc2Cl)OCO3)c(-c2ccccn2)nn1CC1CCCCC1,CHEK2,resistant,scout1,3.4,0.0,0.552,2.78,91.0,,database,81.5,79.7,91.0,81.5,70,80.2,82.3,118,0,medium,0,low,high,low,0,75,[],0,100,75,100,82.4,179
,Cc1ccc(OC2CCOCC2)c(NC(=O)Nc2cnc(C#N)cn2)c1,CHEK1,resistant,scout2,6.38,353.4,0.875,3.2,70.0,0.592,r_group,72.4,99.4,70.0,72.4,100,75.6,80.2,213,0,medium,0,low,low,low,0,85,[],0,100,85,100,82.4,180
,Cl.N#Cc1cnc(NC(=O)Nc2ccsc2)cn1.OC1CCOCC1,CHEK1,resistant,scout2,6.68,383.9,0.733,3.1,70.0,0.421,bioisostere,71.8,99.3,70.0,71.8,100,76.7,80.0,227,0,medium,0,low,low,low,0,85,[],0,100,85,100,82.2,181
,CCc1ccc(OC2CCOCC2)c(NC(=O)Nc2cnc(C#N)cn2)c1,CHEK1,resistant,scout2,6.44,367.4,0.84,3.4,70.0,0.441,r_group,72.3,99.4,70.0,72.3,100,73.3,80.0,226,0,medium,0,low,low,low,0,85,[],0,100,85,100,82.2,182
,N#Cc1cnc(NC(=O)Nc2cc(C3CC3)ccc2OC2CCOC2)cn1,CHEK1,resistant,scout2,6.43,365.4,0.843,3.4,70.0,0.403,r_group,72.3,99.4,70.0,72.3,100,73.3,80.1,218,0,medium,0,low,low,low,0,85,[],0,100,85,100,82.2,183
,N#Cc1cnc(NC(=O)Nc2cc(S(N)(=O)=O)ccc2OC2CCOCC2)cn1,CHEK1,resistant,scout2,6.4,418.4,0.65,3.6,70.0,0.432,r_group,72.4,99.4,70.0,72.4,100,71.1,80.0,228,0,medium,0,low,low,low,0,85,[],0,100,85,100,82.2,184
CHEMBL5218702,CC1(O)CCN(CCOc2ccccc2Cc2cn(C(F)F)nc2-c2cc(Cl)nc(N)n2)CC1,EZH2,resistant,scout1,4.0,0.0,0.461,3.18,99.2,,database,79.1,79.7,99.2,79.1,70,75.8,82.7,111,0,medium,0,low,low,low,0,85,['muscarinic'],1,85,85,85,82.1,185
,N#Cc1cnc(NC(=O)Nc2cc(C(F)(F)F)ccc2OC2CCOCC2)cn1,CHEK1,resistant,scout2,6.47,407.4,0.802,3.6,70.0,0.439,r_group,72.2,99.4,70.0,72.2,100,71.1,79.9,231,0,medium,0,low,low,low,0,85,[],0,100,85,100,82.1,186
,CC1(CSc2ccc(Cl)cc2NC(=O)Nc2cnc(C#N)cn2)COC1,CHEK1,resistant,scout2,6.75,389.9,0.755,3.2,70.0,0.506,bioisostere,71.6,99.3,70.0,71.6,100,75.6,79.8,243,0,medium,0,low,low,low,0,85,[],0,100,85,100,82.1,187
,CCOC.CNc1ccc(Cl)cc1NC(=O)Nc1cnc(C#N)cn1,CHEK1,resistant,scout2,6.79,362.8,0.769,3.1,70.0,0.438,bioisostere,71.5,99.3,70.0,71.5,100,76.7,79.9,236,1,medium,0,low,low,low,0,85,[],0,100,85,100,82.1,188
CHEMBL155514,CCCCCC[Se](=O)CC(=O)C(F)(F)F,FOLH1,other,scout1,0.1778,0.0,0.533,3.91,100.0,,database,100.0,100.0,100.0,30.0,70,67.7,86.4,59,0,medium,1,medium,low,low,1,70,[],0,100,70,100,81.9,189
CHEMBL207995,COc1cc(C=O)c(Cl)cc1NC(=O)Nc1cnc(C#N)cn1,CHEK1,resistant,scout1,14.0,0.0,0.831,2.58,100.0,,database,61.2,98.6,100.0,61.2,70,82.4,79.8,239,0,low,0,low,low,low,0,100,[],0,100,100,100,81.9,190
CHEMBL323488,O=C(CCn1c2c(c(=O)[nH]c1=O)CSCC2)NCC(=O)c1ccc2ccccc2c1,PARP1,resistant,scout1,8.5,0.0,0.59,2.66,100.0,,database,68.3,99.2,100.0,68.3,70,81.6,83.1,110,0,low,0,low,low,low,0,100,"['hERG_channel', 'dopamine_D2']",2,70,100,70,81.8,191
,O=C1OCCc2c(-c3ccccc3Cl)[nH]c3cccc1c23,PARP1,resistant,scout2,7.49,297.7,0.684,2.6,70.0,0.476,bioisostere,70.1,99.3,70.0,70.1,100,82.2,79.5,250,0,medium,0,low,low,low,0,85,[],0,100,85,100,81.8,192
CHEMBL205449,COc1cc(CN2CCCCC2)ccc1NC(=O)Nc1cnc(C#N)cn1,CHEK1,resistant,scout1,10.0,0.0,0.843,2.33,100.0,,database,66.0,99.0,100.0,66.0,70,85.2,82.2,121,0,medium,0,low,low,low,0,85,[],0,100,85,100,81.8,193
CHEMBL87801,O=C(O)COc1ccccc1Cn1nc(-c2cccs2)c(Cc2cc3c(cc2Cl)OCO3)c1C(=O)O,CHEK2,resistant,scout1,4.6,0.0,0.319,2.82,86.4,,database,77.1,79.6,86.4,77.1,70,79.8,79.4,253,0,medium,0,low,low,low,0,85,[],0,100,85,100,81.7,194
CHEMBL200258,Nc1nccc(-c2[nH]c(-c3ccccc3)nc2-c2ccc(Cl)c(O)c2)n1,BRAF,escape_route,scout1,5.7,0.0,0.507,2.4,100.0,,database,74.1,99.4,100.0,51.8,70,84.4,82.6,113,0,medium,0,low,low,low,0,85,[],0,100,85,100,81.7,195
CHEMBL193117,CN1CCC(Oc2ccc(Cl)cc2NC(=O)Nc2cnc(C#N)cn2)CC1,CHEK1,resistant,scout1,10.0,0.0,0.836,2.56,100.0,,database,66.0,99.0,100.0,66.0,70,82.7,82.1,122,0,medium,0,low,low,low,0,85,[],0,100,85,100,81.6,196
CHEMBL423573,O=C1NCCc2c(-c3ccccc3Cl)[nH]c3cccc1c23,PARP1,resistant,scout1,8.0,0.0,0.705,2.36,100.0,,database,69.2,99.2,100.0,69.2,70,84.9,83.7,92,0,medium,0,low,low,low,0,85,['serotonin_5HT2'],1,85,85,85,81.6,197
CHEMBL5220895,Cn1cc(Cc2ccccc2OCCN2CC3CC(C2)O3)c(-c2cc(Cl)nc(N)n2)n1,EZH2,resistant,scout1,6.7,0.0,0.564,4.44,100.0,,database,71.7,99.3,100.0,71.7,70,61.8,83.7,91,0,medium,0,low,low,low,0,85,['muscarinic'],1,85,85,85,81.4,198
CHEMBL425904,CC(CN(C)C)Oc1ccc(Cl)cc1NC(=O)Nc1cnc(C#N)cn1,CHEK1,resistant,scout1,8.0,0.0,0.805,3.03,100.0,,database,69.2,99.2,100.0,69.2,70,77.4,83.3,106,1,medium,0,low,low,low,0,85,['muscarinic'],1,85,85,85,81.2,199
,COc1ccc(-c2nc3c(C(N)=S)cccc3[nH]2)cc1O,PARP1,resistant,scout2,5.64,299.4,0.647,2.6,70.0,0.644,bioisostere,74.2,99.4,70.0,74.2,100,82.2,81.4,132,0,medium,1,medium,low,low,1,70,[],0,100,70,100,81.2,200
,CN(C)c1ccncc1.NC(=O)c1cccc2[nH]cnc12,PARP1,resistant,scout2,6.4,283.3,0.75,2.6,70.0,0.428,bioisostere,72.4,99.4,70.0,72.4,100,82.2,80.5,192,1,medium,0,low,high,low,0,75,[],0,100,75,100,81.2,201
CHEMBL5220347,Cn1cc(Cc2ccccc2OCCN2CC3(COC3)C2)c(-c2cc(Cl)nc(N)n2)n1,EZH2,resistant,scout1,7.8,0.0,0.564,3.47,100.0,,database,69.6,99.2,100.0,69.6,70,72.6,83.2,108,0,medium,0,low,low,low,0,85,['muscarinic'],1,85,85,85,81.1,202
,Cl.O=C1NCCc2c(-c3ccncc3)[nH]c3cccc1c23,PARP1,resistant,scout2,7.51,299.8,0.726,2.6,70.0,0.636,bioisostere,70.1,99.2,70.0,70.1,100,82.2,79.5,251,0,low,0,low,high,low,0,90,['serotonin_5HT2'],1,85,90,85,81.0,203
CHEMBL111839,CC(=O)N[C@@H](Cc1ccc(O)cc1)C(=O)N[C@H](C(=O)N[C@@H](C)C(=O)NC(C=O)CC(=O)O)C(C)C,CD274,immune,scout1,0.76,0.0,0.194,3.54,73.9,,database,100.0,99.9,73.9,30.0,70,71.8,81.3,139,1,low,0,low,low,low,0,100,"['hERG_channel', 'dopamine_D2']",2,70,100,70,81.0,204
CHEMBL112207,CC(C)[C@H](CC(=O)NCCc1cn(C)c2ccccc12)C(=O)NC(CC(=O)O)C(=O)CNS(=O)(=O)CC12CCC(CC1=O)C2(C)C,CD274,immune,scout1,0.4,0.0,0.212,5.0,74.2,,database,100.0,100.0,74.2,30.0,70,55.6,80.6,187,0,medium,0,low,low,low,0,85,[],0,100,85,100,81.0,205
CHEMBL384304,COc1ccc(F)c(F)c1C(=O)c1cnc(NC2CCN(S(C)(=O)=O)CC2)nc1N,ATR,resistant,scout1,11.0,0.0,0.644,2.66,100.0,,database,64.6,98.9,100.0,64.6,70,81.6,81.4,133,0,medium,0,low,low,low,0,85,[],0,100,85,100,81.0,206
CHEMBL384304,COc1ccc(F)c(F)c1C(=O)c1cnc(NC2CCN(S(C)(=O)=O)CC2)nc1N,ATR,resistant,scout1,11.0,0.0,0.644,2.66,100.0,,database,64.6,98.9,100.0,64.6,70,81.6,81.4,136,0,medium,0,low,low,low,0,85,[],0,100,85,100,81.0,207
,NC(=S)c1cccc2[nH]c(-c3ccc(Cl)cc3)nc12,PARP1,resistant,scout2,5.92,287.8,0.709,2.4,70.0,0.543,bioisostere,73.5,99.4,70.0,73.5,100,84.4,81.2,143,0,medium,1,medium,low,low,1,70,[],0,100,70,100,81.0,208
CHEMBL200783,O/N=C/c1ccc(-c2[nH]c(-c3ccccc3)nc2-c2ccncc2)cc1,BRAF,escape_route,scout1,5.0,0.0,0.323,2.29,100.0,,database,75.9,99.5,100.0,53.2,70,85.7,83.4,104,0,medium,0,low,high,low,0,75,[],0,100,75,100,80.9,209
,O=C(Cl)c1cccc2[nH]c(-c3ccc(Cl)cc3)nc12,PARP1,resistant,scout2,6.18,291.1,0.717,2.4,70.0,0.515,r_group,72.9,99.4,70.0,72.9,100,84.4,80.9,157,0,medium,1,medium,low,low,1,70,[],0,100,70,100,80.8,210
,Cl.O=C1NCCc2c(-c3ccoc3)[nH]c3cccc1c23,PARP1,resistant,scout2,7.38,288.7,0.723,2.5,70.0,0.612,bioisostere,70.4,99.3,70.0,70.4,100,83.3,79.6,248,0,medium,0,low,low,low,0,85,['serotonin_5HT2'],1,85,85,85,80.5,211
,Cl.O=C1NCCc2c(-c3ccsc3)[nH]c3cccc1c23,PARP1,resistant,scout2,7.38,304.8,0.709,2.5,70.0,0.62,bioisostere,70.4,99.3,70.0,70.4,100,83.3,79.6,247,0,medium,0,low,low,low,0,85,['serotonin_5HT2'],1,85,85,85,80.5,212
,CNCC(C)Oc1ccc(Cl)cc1NC(=O)Nc1cnc(C#N)cn1,CHEK1,resistant,scout2,6.84,360.8,0.73,3.1,70.0,0.573,bioisostere,71.4,99.3,70.0,71.4,100,76.7,79.8,242,0,medium,0,low,high,low,0,75,[],0,100,75,100,80.5,213
CHEMBL201655,CCCCc1cnc(Nc2ncnc3cc(OCCCN4CCOCC4)c(OC)cc23)s1,AURKA,resistant,scout1,6.0,0.0,0.427,2.59,88.5,,database,73.3,79.5,88.5,73.3,70,82.3,78.2,269,0,medium,0,low,low,low,0,85,[],0,100,85,100,80.5,214
CHEMBL385266,CN1CCN(c2ccc(C(=O)Nc3n[nH]c4c3CN(C(=O)[C@H](F)c3ccccc3)C4)cc2)CC1,AURKA,resistant,scout1,9.0,0.0,0.609,3.1,100.0,,database,67.5,99.1,100.0,67.5,70,76.7,82.5,115,0,medium,0,low,low,low,0,85,['dopamine_D2'],1,85,85,85,80.4,215
CHEMBL381250,Oc1cc(-c2[nH]c(-c3cccnc3)nc2-c2ccncc2)ccc1Cl,BRAF,escape_route,scout1,6.0,0.0,0.569,2.39,100.0,,database,73.3,99.4,100.0,51.3,70,84.6,82.3,117,0,medium,0,low,high,low,0,75,[],0,100,75,100,79.9,216
,COc1cc(-c2cc[nH]c2)ccc1O.NC(=O)/C=C\c1ccc[nH]1,CHEK1,resistant,scout2,6.76,325.4,0.554,3.0,70.0,0.418,bioisostere,71.6,99.3,70.0,71.6,100,77.8,79.9,232,0,medium,1,medium,low,low,1,70,[],0,100,70,100,79.9,217
CHEMBL222102,O=c1cc(-c2cccc3c2Sc2ccccc2S3)oc(N2CCOCC2)c1,ATM,resistant,scout1,13.0,0.0,0.488,2.93,100.0,,database,62.2,98.7,100.0,62.2,70,78.6,80.1,222,0,medium,0,low,low,low,0,85,[],0,100,85,100,79.9,218
,NC(=O)C(=O)c1cccc2[nH]c(-c3ccc(Cl)cc3)nc12,PARP1,resistant,scout2,6.2,299.7,0.575,2.6,70.0,0.487,r_group,72.9,99.4,70.0,72.9,100,82.2,80.7,174,0,low,1,medium,low,low,1,85,"['hERG_channel', 'dopamine_D2']",2,70,85,70,79.9,219
,CC1COC1.CNc1ccc(Cl)cc1NC(=O)Nc1cnc(C#N)cn1,CHEK1,resistant,scout2,6.77,374.8,0.759,3.2,70.0,0.498,bioisostere,71.6,99.3,70.0,71.6,100,75.6,79.8,240,1,high,0,low,low,low,0,70,[],0,100,70,100,79.8,220
CHEMBL200889,CC(C)(CN)c1nc(-c2ccc(Cl)c(O)c2)c(-c2ccncc2)[nH]1,BRAF,escape_route,scout1,6.0,0.0,0.674,2.72,100.0,,database,73.3,99.4,100.0,51.3,70,80.9,82.1,124,0,medium,0,low,high,low,0,75,[],0,100,75,100,79.7,221
CHEMBL108919,O=C(CCn1c2c(c(=O)[nH]c1=O)CSCC2)NCC(=O)c1ccc(N2CCCC2)cc1,PARP1,resistant,scout1,12.0,0.0,0.627,2.7,100.0,,database,63.4,98.8,100.0,63.4,70,81.1,80.8,168,0,low,0,low,low,low,0,100,"['hERG_channel', 'dopamine_D2']",2,70,100,70,79.7,222
CHEMBL2140173,C[C@@H]1CN(CC(=O)Nc2ccc3c(c2)Cc2cccc(-c4cc(=O)cc(N5CCOCC5)o4)c2S3)C[C@H](C)O1,ATM,resistant,scout1,6.0,0.0,0.397,3.84,87.9,,database,73.3,79.5,87.9,73.3,70,68.4,77.4,289,0,medium,0,low,low,low,0,85,[],0,100,85,100,79.7,223
CHEMBL589258,CCn1nnc2c(N3CCOCC3)nc(-c3ccc(NC(=O)Nc4ccc(C(=O)N5CCN(C)CC5)cc4)cc3)nc21,PIK3CB,escape_route,scout1,7.0,0.0,0.359,2.67,92.2,,database,71.1,99.3,92.2,49.8,70,81.4,79.6,249,0,medium,0,low,low,low,0,85,[],0,100,85,100,79.7,224
CHEMBL108239,O=C(CCn1c2c(c(=O)[nH]c1=O)CSCC2)NCC(=O)N1CCN(c2cccnn2)CC1,PARP1,resistant,scout1,20.0,0.0,0.56,2.92,100.0,,database,56.1,98.0,100.0,56.1,70,78.7,77.2,298,0,low,0,low,low,low,0,100,[],0,100,100,100,79.6,225
CHEMBL107601,O=C(CCn1c2c(c(=O)[nH]c1=O)CSCC2)NCC(=O)N1CCN(c2ncccn2)CC1,PARP1,resistant,scout1,20.0,0.0,0.56,2.84,100.0,,database,56.1,98.0,100.0,56.1,70,79.6,77.2,296,0,low,0,low,low,low,0,100,[],0,100,100,100,79.6,226
CHEMBL159124,COC(=O)c1c(C)[nH]c2c1[C@@]13C[C@@H]1CN(C(=O)/C=C/c1cnc(OC)nc1)C3=CC2=O,MAP2K1,sensitive,scout1,2.5,0.0,0.592,4.48,100.0,,database,85.9,99.8,100.0,25.8,70,61.3,81.1,152,0,low,1,medium,low,low,1,85,[],0,100,85,100,79.6,227
,Cl.Nc1nccc(-c2[nH]c(-c3ccccc3)nc2-c2cc[nH]c2)n1.O,BRAF,escape_route,scout2,6.05,356.8,0.521,3.1,70.0,0.512,bioisostere,73.2,99.4,70.0,51.2,100,76.7,77.3,290,0,medium,0,low,low,low,0,85,[],0,100,85,100,79.5,228
CHEMBL3765783,C[C@@H]1CN(CC(=O)Nc2ccc3c(c2)Sc2cccc(-c4cc(=O)cc(N5CCOCC5)o4)c2S3)C[C@H](C)O1,ATM,resistant,scout1,6.3,0.0,0.367,3.89,87.3,,database,72.6,79.5,87.3,72.6,70,67.9,76.9,314,0,medium,0,low,low,low,0,85,[],0,100,85,100,79.3,229
,Cl.Nc1nccc(-c2[nH]c(-c3ccccc3)nc2-c2ccoc2)n1.O,BRAF,escape_route,scout2,6.27,357.8,0.583,3.1,70.0,0.516,bioisostere,72.7,99.4,70.0,50.9,100,76.7,77.1,306,0,medium,0,low,low,low,0,85,[],0,100,85,100,79.3,230
,Nc1nccc(-c2[nH]c(-c3ccsc3)nc2-c2ccc(Cl)c(O)c2)n1,BRAF,escape_route,scout2,6.37,369.8,0.502,3.1,70.0,0.452,bioisostere,72.5,99.4,70.0,50.7,100,76.7,77.0,310,0,medium,0,low,low,low,0,85,[],0,100,85,100,79.2,231
CHEMBL424696,c1ccc(Nc2ncc(-c3ccnc(OC4CCCCC4)n3)s2)nc1,CDK4,sensitive,scout1,2.5,0.0,0.73,2.62,100.0,,database,85.9,99.8,100.0,25.8,70,82.0,82.2,120,0,medium,0,low,high,low,0,75,[],0,100,75,100,79.2,232
CHEMBL146858,CC1(C)NC(=O)N(c2ccc(C#N)c(C(F)(F)F)c2)C1=O,AR,sensitive,scout1,6.0,0.0,0.809,2.57,100.0,,database,73.3,99.4,100.0,22.0,70,82.6,77.8,280,0,low,0,low,low,low,0,100,[],0,100,100,100,79.2,233
,Nc1nccc(-c2[nH]c(-c3ccoc3)nc2-c2ccc(Cl)c(O)c2)n1,BRAF,escape_route,scout2,6.48,353.8,0.517,3.1,70.0,0.578,bioisostere,72.2,99.4,70.0,50.6,100,76.7,76.9,312,0,medium,0,low,low,low,0,85,[],0,100,85,100,79.1,234
CHEMBL200412,O/N=C/c1ccc(-c2[nH]c(-c3ccccc3)nc2-c2ccncc2)cc1Cl,BRAF,escape_route,scout1,6.0,0.0,0.29,2.44,90.8,,database,73.3,99.4,90.8,51.3,70,84.0,80.4,197,0,medium,0,low,high,low,0,75,[],0,100,75,100,79.0,235
CHEMBL4246320,Cc1ccc2c(c1)CCCN2S(=O)(=O)c1ccc(N2CCCC2=O)cc1,MDM2,sensitive,scout1,4.0,0.0,0.833,2.17,100.0,,database,79.1,99.6,100.0,23.7,70,87.0,80.1,220,0,medium,0,low,low,low,0,85,[],0,100,85,100,78.9,236
CHEMBL314357,O=C(O)c1c(Cc2cc3c(cc2Cl)OCO3)c(-c2cccnc2)nn1CC1CCCCC1,CHEK2,resistant,scout1,6.3,0.0,0.552,2.76,91.0,,database,72.6,79.5,91.0,72.6,70,80.4,78.3,265,0,medium,0,low,high,low,0,75,[],0,100,75,100,78.8,237
CHEMBL445813,O=C(NC1CCNCC1)c1n[nH]cc1NC(=O)c1c(Cl)cccc1Cl,ATR,resistant,scout1,16.0,0.0,0.653,2.73,100.0,,database,59.3,98.4,100.0,59.3,70,80.8,78.8,260,0,medium,0,low,low,low,0,85,[],0,100,85,100,78.8,238
,CNN=C1CCc2cc(-c3[nH]c(-c4ccccc4)nc3-c3ccncc3)ccc21,BRAF,escape_route,scout2,4.91,379.5,0.506,3.6,70.0,0.45,r_group,76.2,99.5,70.0,53.3,100,71.1,78.3,266,0,medium,0,low,high,low,0,75,[],0,100,75,100,78.8,239
CHEMBL445813,O=C(NC1CCNCC1)c1n[nH]cc1NC(=O)c1c(Cl)cccc1Cl,ATR,resistant,scout1,16.0,0.0,0.653,2.73,100.0,,database,59.3,98.4,100.0,59.3,70,80.8,78.8,259,0,medium,0,low,low,low,0,85,[],0,100,85,100,78.8,240
CHEMBL5220723,Cn1cc(Cc2ccccc2OCCN2CCOCC2)c(-c2cc(Cl)nc(N)n2)n1,EZH2,resistant,scout1,12.3,0.0,0.578,2.74,100.0,,database,63.0,98.8,100.0,63.0,70,80.7,80.6,185,0,medium,0,low,low,low,0,85,['muscarinic'],1,85,85,85,78.8,241
CHEMBL4238053,COc1ccc2c(c1)N(C)CCN2S(=O)(=O)c1ccc(N2CCCC2=O)cc1,MDM2,sensitive,scout1,4.0,0.0,0.787,2.38,100.0,,database,79.1,99.6,100.0,23.7,70,84.7,79.9,234,0,medium,0,low,low,low,0,85,[],0,100,85,100,78.8,242
CHEMBL69063,COC(=O)c1cc2c([nH]1)C(=O)C=C1C2C(C)CN1C(=O)c1cc2cc(OC)c(OC)c(OC)c2[nH]1,MAP2K1,sensitive,scout1,0.0045,0.0,0.539,4.09,100.0,,database,100.0,80.0,100.0,30.0,70,65.7,81.3,138,0,medium,1,medium,low,low,1,70,[],0,100,70,100,78.8,243
,CON=C1CCc2cc(-c3[nH]c(-c4ccccc4)nc3-c3ccncc3)ccc21,BRAF,escape_route,scout2,5.0,380.5,0.501,3.6,70.0,0.459,r_group,75.9,99.5,70.0,53.2,100,71.1,78.2,268,0,medium,0,low,high,low,0,75,[],0,100,75,100,78.7,244
,FN=C1CCc2cc(-c3[nH]c(-c4ccccc4)nc3-c3ccncc3)ccc21,BRAF,escape_route,scout2,5.1,368.4,0.524,3.5,70.0,0.479,r_group,75.7,99.5,70.0,53.0,100,72.2,78.1,271,0,medium,0,low,high,low,0,75,[],0,100,75,100,78.7,245
CHEMBL440542,CCCCCCSCC(=O)C(F)(F)F,FOLH1,other,scout1,6.918,0.0,0.621,2.43,100.0,,database,71.3,99.3,100.0,21.4,70,84.1,77.1,305,0,low,0,low,low,low,0,100,[],0,100,100,100,78.6,246
CHEMBL304624,Oc1cccc(-c2nc(-c3ccccc3)[nH]c2-c2ccncc2)c1,BRAF,escape_route,scout1,8.0,0.0,0.585,2.11,100.0,,database,69.2,99.2,100.0,48.4,70,87.7,80.7,177,0,medium,0,low,high,low,0,75,[],0,100,75,100,78.6,247
CHEMBL35670,COC(=O)c1c(C)[nH]c2c1[C@@]13C[C@@H]1CN(C(=O)c1cc4cc(OC)c(OC)c(OC)c4[nH]1)C3=CC2=O,MAP2K1,sensitive,scout1,0.045,0.0,0.526,4.4,100.0,,database,100.0,80.0,100.0,30.0,70,62.2,81.1,150,0,medium,1,medium,low,low,1,70,[],0,100,70,100,78.6,248
,NC(=O)N=C1CCc2cc(-c3[nH]c(-c4ccccc4)nc3-c3ccncc3)ccc21,BRAF,escape_route,scout2,5.1,393.5,0.531,3.8,70.0,0.447,r_group,75.7,99.5,70.0,53.0,100,68.9,78.0,273,0,medium,0,low,high,low,0,75,[],0,100,75,100,78.5,249
,CCN=C1CCc2cc(-c3[nH]c(-c4ccccc4)nc3-c3ccncc3)ccc21,BRAF,escape_route,scout2,5.23,378.5,0.505,3.6,70.0,0.451,r_group,75.3,99.5,70.0,52.7,100,71.1,77.9,274,0,medium,0,low,high,low,0,75,[],0,100,75,100,78.5,250
CHEMBL202930,COc1cc(-c2ccc3c(c2)NC(=O)/C3=C\c2ccc[nH]2)ccc1O,CHEK1,resistant,scout1,7.0,0.0,0.637,2.5,100.0,,database,71.1,99.3,100.0,71.1,70,83.3,84.5,75,1,medium,1,medium,low,low,1,70,"['hERG_channel', 'dopamine_D2']",2,70,70,70,78.5,251
CHEMBL200320,NCc1ccc(-c2nc(-c3ccc(Cl)c(O)c3)c(-c3ccncc3)[nH]2)cc1,BRAF,escape_route,scout1,8.0,0.0,0.484,2.38,100.0,,database,69.2,99.2,100.0,48.4,70,84.7,80.6,182,0,medium,0,low,high,low,0,75,[],0,100,75,100,78.4,252
CHEMBL322133,O=C(CCn1c2c(c(=O)[nH]c1=O)CSCC2)NCC(=O)c1ccc(Br)cc1,PARP1,resistant,scout1,15.0,0.0,0.647,2.69,100.0,,database,60.2,98.5,100.0,60.2,70,81.2,79.3,256,0,low,0,low,low,low,0,100,"['hERG_channel', 'dopamine_D2']",2,70,100,70,78.4,253
,CN=C1CCc2cc(-c3[nH]c(-c4ccccc4)nc3-c3ccncc3)ccc21,BRAF,escape_route,scout2,5.47,364.5,0.545,3.5,70.0,0.522,r_group,74.6,99.5,70.0,52.3,100,72.2,77.7,283,0,medium,0,low,high,low,0,75,[],0,100,75,100,78.3,254
CHEMBL393525,Cc1ccc([N+](=O)[O-])cc1S(=O)(=O)N(C)/N=C/c1cnc2ccc(Br)cn12,PIK3CA,escape_route,scout1,7.8,0.0,0.336,2.89,100.0,,database,69.6,99.2,100.0,48.7,70,79.0,80.4,202,0,medium,0,low,high,low,0,75,[],0,100,75,100,78.3,255
CHEMBL402548,CO[C@@H](C(=O)N1Cc2[nH]nc(NC(=O)c3ccc(N4CCN(C)CC4)cc3)c2C1)c1ccccc1,AURKA,resistant,scout1,13.0,0.0,0.571,3.02,100.0,,database,62.2,98.7,100.0,62.2,70,77.6,80.1,216,0,medium,0,low,low,low,0,85,['dopamine_D2'],1,85,85,85,78.3,256
CHEMBL393525,Cc1ccc([N+](=O)[O-])cc1S(=O)(=O)N(C)/N=C/c1cnc2ccc(Br)cn12,PIK3CA,escape_route,scout1,7.8,0.0,0.336,2.89,100.0,,database,69.6,99.2,100.0,48.7,70,79.0,80.4,199,0,medium,0,low,high,low,0,75,[],0,100,75,100,78.3,257
,S=C1NCCc2c(-c3ccc[nH]3)[nH]c3cccc1c23,PARP1,resistant,scout2,7.35,267.4,0.593,2.4,70.0,0.568,bioisostere,70.4,99.3,70.0,70.4,100,84.4,79.7,244,0,medium,1,medium,low,low,1,70,['serotonin_5HT2'],1,85,70,85,78.3,258
,N#Cc1cnc(NC(=S)Nc2cc(Cl)ccc2OC2CCOC2)cn1,CHEK1,resistant,scout2,6.2,375.8,0.788,3.1,70.0,0.428,bioisostere,72.9,99.4,70.0,72.9,100,76.7,80.5,191,1,high,1,medium,low,low,1,55,[],0,100,55,100,78.2,259
CHEMBL107764,O=C(CCn1c2c(c(=O)[nH]c1=O)CSCC2)NCC(=O)c1ccc(-c2cccnc2)cc1,PARP1,resistant,scout1,12.0,0.0,0.531,2.71,100.0,,database,63.4,98.8,100.0,63.4,70,81.0,80.8,167,0,low,0,low,high,low,0,90,"['hERG_channel', 'dopamine_D2']",2,70,90,70,78.2,260
,N#CN=C1CCc2cc(-c3[nH]c(-c4ccccc4)nc3-c3ccncc3)ccc21,BRAF,escape_route,scout2,5.53,375.4,0.511,3.6,70.0,0.513,r_group,74.5,99.4,70.0,52.1,100,71.1,77.6,285,0,medium,0,low,high,low,0,75,[],0,100,75,100,78.2,261
,CC(C)(CN)c1nc(-c2cc[nH]c2)c(-c2ccncc2)[nH]1.Cl.O,BRAF,escape_route,scout2,5.96,335.8,0.679,2.9,70.0,0.419,bioisostere,73.4,99.4,70.0,51.4,100,78.9,77.5,286,0,medium,0,low,high,low,0,75,[],0,100,75,100,78.2,262
,S=C1NCCc2c(-c3ccccc3Cl)[nH]c3cccc1c23,PARP1,resistant,scout2,7.26,312.8,0.655,2.6,70.0,0.543,bioisostere,70.6,99.3,70.0,70.6,100,82.2,79.7,245,0,medium,1,medium,low,low,1,70,['serotonin_5HT2'],1,85,70,85,78.2,263
CHEMBL115952,CC(C)[C@H](NC(=O)OCc1ccccc1)C(=O)N[C@@H](C)C(=O)NC(CC(=O)O)C(=O)COc1cc2ccccc2cc1C(N)=O,CD274,immune,scout1,1.7,0.0,0.169,3.54,63.4,,database,91.4,99.8,63.4,27.4,70,71.8,76.3,332,1,medium,0,low,low,low,0,85,[],0,100,85,100,78.1,264
,CC(C)(CN)c1nc(-c2ccsc2)c(-c2ccncc2)[nH]1.Cl.O,BRAF,escape_route,scout2,6.07,352.9,0.754,2.9,70.0,0.418,bioisostere,73.2,99.4,70.0,51.2,100,78.9,77.4,288,0,medium,0,low,high,low,0,75,[],0,100,75,100,78.1,265
CHEMBL1086923,CS(=O)(=O)N1CCN(Cc2cc3nc(-c4cccc(O)c4)nc(N4CCOCC4)c3s2)CC1,PIK3CB,escape_route,scout1,11.0,0.0,0.581,2.69,100.0,,database,64.6,98.9,100.0,45.2,70,81.2,78.5,262,0,medium,0,low,low,low,0,85,[],0,100,85,100,78.1,266
,N#Cc1cnc(NC(=S)Nc2cc(Cl)ccc2OC2CCOCC2)cn1,CHEK1,resistant,scout2,6.33,389.9,0.769,3.2,70.0,0.469,bioisostere,72.6,99.4,70.0,72.6,100,75.6,80.3,207,1,high,1,medium,low,low,1,55,[],0,100,55,100,78.0,267
,CC1(C)NC(=O)N(c2ccc(C#N)c(C#N)c2)C1=O,AR,sensitive,scout2,5.59,254.2,0.763,2.4,70.0,0.517,bioisostere,74.3,99.4,70.0,22.3,100,84.4,73.7,493,0,low,0,low,low,low,0,100,[],0,100,100,100,78.0,268
,CC(C)(CN)c1nc(-c2ccncc2)c(-c2ccncc2)[nH]1.Cl.O,BRAF,escape_route,scout2,6.13,347.9,0.754,3.0,70.0,0.505,bioisostere,73.0,99.4,70.0,51.1,100,77.8,77.3,293,0,medium,0,low,high,low,0,75,[],0,100,75,100,78.0,269
,O=C(O)N=Cc1ccc(-c2[nH]c(-c3ccccc3)nc2-c2ccncc2)cc1,BRAF,escape_route,scout2,5.85,368.4,0.501,3.5,70.0,0.485,r_group,73.7,99.4,70.0,51.6,100,72.2,77.3,291,0,medium,0,low,high,low,0,75,[],0,100,75,100,77.9,270
,FN=Cc1ccc(-c2[nH]c(-c3ccccc3)nc2-c2ccncc2)cc1,BRAF,escape_route,scout2,6.07,342.4,0.524,3.2,70.0,0.523,r_group,73.2,99.4,70.0,51.2,100,75.6,77.3,292,0,medium,0,low,high,low,0,75,[],0,100,75,100,77.9,271
CHEMBL387385,O=C(N[C@H](CO)c1ccc(F)c(Cl)c1)c1cc(-c2n[nH]cc2-c2cccc(Cl)c2)c[nH]1,MAPK1,sensitive,scout1,2.0,0.0,0.328,3.31,96.6,,database,89.1,79.8,96.6,26.7,70,74.3,77.2,300,0,medium,0,low,low,low,0,85,[],0,100,85,100,77.9,272
CHEMBL314206,COc1ccc(Cn2nc(-c3cccs3)c(Cc3cc4c(cc3Cl)OCO4)c2C(=O)O)c(OCC(=O)O)c1,CHEK2,resistant,scout1,8.6,0.0,0.283,2.89,85.7,,database,68.2,79.3,85.7,68.2,70,79.0,75.1,397,0,medium,0,low,low,low,0,85,[],0,100,85,100,77.9,273
,CN=Cc1ccc(-c2[nH]c(-c3ccccc3)nc2-c2ccncc2)cc1,BRAF,escape_route,scout2,6.11,338.4,0.541,3.2,70.0,0.532,r_group,73.1,99.4,70.0,51.1,100,75.6,77.2,295,0,medium,0,low,high,low,0,75,[],0,100,75,100,77.9,274
,C#N.CC1(C)NC(=O)N(c2ccsc2)C1=O.FC(F)F,AR,sensitive,scout2,5.69,307.3,0.811,2.5,70.0,0.471,bioisostere,74.1,99.4,70.0,22.2,100,83.3,73.6,502,0,low,0,low,low,low,0,100,[],0,100,100,100,77.9,275
CHEMBL1879463,Cn1c(=O)n(-c2ccc(C(C)(C)C#N)cc2)c2c3cc(-c4cnc5ccccc5c4)ccc3ncc21,ATM,resistant,scout1,7.0,0.0,0.324,2.71,86.5,,database,71.1,79.4,86.5,71.1,70,81.0,76.7,319,0,medium,0,low,high,low,0,75,[],0,100,75,100,77.8,276
,NC(=O)N=Cc1ccc(-c2[nH]c(-c3ccccc3)nc2-c2ccncc2)cc1,BRAF,escape_route,scout2,5.98,367.4,0.526,3.5,70.0,0.458,r_group,73.4,99.4,70.0,51.4,100,72.2,77.2,297,0,medium,0,low,high,low,0,75,[],0,100,75,100,77.8,277
,Cl.Nc1nccc(-c2[nH]c(-c3ccccc3)nc2-c2ccncc2)n1.O,BRAF,escape_route,scout2,6.19,368.8,0.575,3.2,70.0,0.564,bioisostere,72.9,99.4,70.0,51.0,100,75.6,77.1,303,0,medium,0,low,high,low,0,75,[],0,100,75,100,77.8,278
CHEMBL373013,COc1cc2c(Nc3ncc(CC(=O)Nc4cccc(F)c4)s3)ncnc2cc1OCCCNCCO,AURKA,resistant,scout1,5.0,0.0,0.193,2.69,73.9,,database,75.9,79.6,73.9,75.9,70,81.2,76.4,324,0,high,0,low,low,low,0,70,[],0,100,70,100,77.8,279
,CC(C)(CN)c1nc(-c2ccoc2)c(-c2ccncc2)[nH]1.Cl.O,BRAF,escape_route,scout2,6.35,336.8,0.762,2.9,70.0,0.432,bioisostere,72.5,99.4,70.0,50.8,100,78.9,77.2,299,0,medium,0,low,high,low,0,75,[],0,100,75,100,77.8,280
CHEMBL312979,O=C(O)c1c(Cc2cc3c(cc2Cl)OCO3)c(-c2ccco2)nn1CC1CCCCC1,CHEK2,resistant,scout1,9.8,0.0,0.55,2.84,91.0,,database,66.3,79.2,91.0,66.3,70,79.6,75.3,385,0,medium,0,low,low,low,0,85,[],0,100,85,100,77.7,281
,CC(C)(CN)c1nc(-c2ccc(Cl)c(S)c2)c(-c2ccncc2)[nH]1,BRAF,escape_route,scout2,6.51,358.9,0.608,3.0,70.0,0.532,bioisostere,72.2,99.3,70.0,50.5,100,77.8,76.9,313,0,medium,0,low,high,low,0,75,[],0,100,75,100,77.7,282
CHEMBL108623,O=C(CCn1c2c(c(=O)[nH]c1=O)CSCC2)NCC(=O)N1CCN(c2cc(C(F)(F)F)ccn2)CC1,PARP1,resistant,scout1,20.0,0.0,0.566,2.97,96.3,,database,56.1,98.0,96.3,56.1,70,78.1,76.4,325,0,low,0,low,high,low,0,90,[],0,100,90,100,77.7,283
CHEMBL1086924,CS(=O)(=O)N1CCN(Cc2cc3nc(-c4cccnc4)nc(N4CCOCC4)c3s2)CC1,PIK3CB,escape_route,scout1,14.0,0.0,0.552,2.68,100.0,,database,61.2,98.6,100.0,42.8,70,81.3,77.0,308,0,low,0,low,high,low,0,90,[],0,100,90,100,77.6,284
CHEMBL202635,COc1cc(CN2CCCCC2)c(Cl)cc1NC(=O)Nc1cnc(C#N)cn1,CHEK1,resistant,scout1,12.0,0.0,0.794,2.48,100.0,,database,63.4,79.0,100.0,63.4,70,83.6,76.0,337,0,medium,0,low,low,low,0,85,[],0,100,85,100,77.6,285
CHEMBL1084926,CC(C)(O)c1cc2nc(-c3cnc(N)nc3)nc(N3CCOCC3)c2s1,PIK3CB,escape_route,scout1,12.0,0.0,0.716,2.91,100.0,,database,63.4,98.8,100.0,44.4,70,78.8,77.8,282,0,medium,0,low,low,low,0,85,[],0,100,85,100,77.5,286
CHEMBL153080,CCCCCCNCC(=O)C(F)(F)F,FOLH1,other,scout1,5.495,0.0,0.654,2.31,100.0,,database,74.6,99.5,100.0,22.4,70,85.4,78.4,264,0,medium,0,low,low,low,0,85,[],0,100,85,100,77.5,287
,Nc1nccc(-c2[nH]c(-c3ccncc3)nc2-c2ccc(Cl)c(O)c2)n1,BRAF,escape_route,scout2,6.53,364.8,0.512,3.2,70.0,0.539,bioisostere,72.1,99.3,70.0,50.5,100,75.6,76.8,316,0,medium,0,low,high,low,0,75,[],0,100,75,100,77.5,288
CHEMBL388978,CN[C@@H]1C[C@H]2O[C@@](C)([C@@H]1OC)n1c3ccccc3c3c4c(c5c6ccccc6n2c5c31)C(=O)NC4,CHEK1,resistant,scout1,9.5,0.0,0.406,4.95,98.1,,database,66.7,79.2,98.1,66.7,70,56.1,75.8,342,0,medium,0,low,low,low,0,85,[],0,100,85,100,77.4,289
CHEMBL1274,CC1(C)NC(=O)N(c2ccc([N+](=O)[O-])c(C(F)(F)F)c2)C1=O,AR,sensitive,scout1,9.0,0.0,0.515,2.57,100.0,,database,67.5,99.1,100.0,20.3,70,82.6,75.7,355,0,low,0,low,low,low,0,100,[],0,100,100,100,77.4,290
CHEMBL388978,CN[C@@H]1C[C@H]2O[C@@](C)([C@@H]1OC)n1c3ccccc3c3c4c(c5c6ccccc6n2c5c31)C(=O)NC4,CHEK1,resistant,scout1,9.5,0.0,0.406,4.95,98.1,,database,66.7,79.2,98.1,66.7,70,56.1,75.8,346,0,medium,0,low,low,low,0,85,[],0,100,85,100,77.4,291
CHEMBL388978,CN[C@@H]1C[C@H]2O[C@@](C)([C@@H]1OC)n1c3ccccc3c3c4c(c5c6ccccc6n2c5c31)C(=O)NC4,CHEK1,resistant,scout1,9.5,0.0,0.406,4.95,98.1,,database,66.7,79.2,98.1,66.7,70,56.1,75.8,350,0,medium,0,low,low,low,0,85,[],0,100,85,100,77.4,292
CHEMBL388978,CN[C@@H]1C[C@H]2O[C@@](C)([C@@H]1OC)n1c3ccccc3c3c4c(c5c6ccccc6n2c5c31)C(=O)NC4,CHEK1,resistant,scout1,9.5,0.0,0.406,4.95,98.1,,database,66.7,79.2,98.1,66.7,70,56.1,75.8,352,0,medium,0,low,low,low,0,85,[],0,100,85,100,77.4,293
CHEMBL388978,CN[C@@H]1C[C@H]2O[C@@](C)([C@@H]1OC)n1c3ccccc3c3c4c(c5c6ccccc6n2c5c31)C(=O)NC4,CHEK1,resistant,scout1,9.5,0.0,0.406,4.95,98.1,,database,66.7,79.2,98.1,66.7,70,56.1,75.8,354,0,medium,0,low,low,low,0,85,[],0,100,85,100,77.4,294
CHEMBL388978,CN[C@@H]1C[C@H]2O[C@@](C)([C@@H]1OC)n1c3ccccc3c3c4c(c5c6ccccc6n2c5c31)C(=O)NC4,CHEK1,resistant,scout1,9.5,0.0,0.406,4.95,98.1,,database,66.7,79.2,98.1,66.7,70,56.1,75.8,347,0,medium,0,low,low,low,0,85,[],0,100,85,100,77.4,295
CHEMBL388978,CN[C@@H]1C[C@H]2O[C@@](C)([C@@H]1OC)n1c3ccccc3c3c4c(c5c6ccccc6n2c5c31)C(=O)NC4,CHEK1,resistant,scout1,9.5,0.0,0.406,4.95,98.1,,database,66.7,79.2,98.1,66.7,70,56.1,75.8,353,0,medium,0,low,low,low,0,85,[],0,100,85,100,77.4,296
CHEMBL25802,Oc1cc(C(F)(F)F)c2cc3c(cc2n1)NC[C@H]1CCCC[C@H]31,AR,sensitive,scout1,2.0,0.0,0.741,3.66,100.0,,database,89.1,99.8,100.0,26.7,70,70.4,82.7,112,1,high,0,low,high,low,0,60,[],0,100,60,100,77.3,297
CHEMBL326660,O=C(CCn1c2c(c(=O)[nH]c1=O)CSCC2)NCC(=O)N1CCN(c2ccccc2)CC1,PARP1,resistant,scout1,30.0,0.0,0.641,2.64,100.0,,database,50.3,97.0,100.0,50.3,70,81.8,74.5,437,0,low,0,low,low,low,0,100,[],0,100,100,100,77.3,298
CHEMBL131737,COc1ccc(-c2nc3c(C(N)=O)cccc3n2C)cc1,PARP1,resistant,scout1,32.0,0.0,0.801,1.99,100.0,,database,49.3,96.8,100.0,49.3,70,89.0,74.3,455,0,low,0,low,low,low,0,100,[],0,100,100,100,77.2,299
CHEMBL5219530,COC(=O)c1ccccc1Cc1cn(C)nc1-c1cc(Cl)nc(N)n1,EZH2,resistant,scout1,21.0,0.0,0.569,2.65,100.0,,database,55.4,97.9,100.0,55.4,70,81.7,77.0,309,0,medium,0,low,low,low,0,85,[],0,100,85,100,77.2,300
CHEMBL3698644,c1cc2c3cnc(Nc4cnc(N5CCNCC5)nc4)nc3n(C3CCCC3)c2cn1,CDK6,sensitive,scout1,1.1,0.0,0.525,2.85,100.0,,database,97.6,79.9,100.0,29.3,70,79.4,81.1,151,0,high,0,low,high,low,0,60,[],0,100,60,100,77.2,301
CHEMBL3237704,CC1(C)CCC(n2c3cnccc3c3cnc(Nc4ccc(N5CCNCC5)cn4)nc32)CC1,CDK6,sensitive,scout1,1.1,0.0,0.462,3.0,99.2,,database,97.6,79.9,99.2,29.3,70,77.8,80.9,158,0,high,0,low,high,low,0,60,[],0,100,60,100,77.1,302
CHEMBL206812,CN(C)CCOc1cc(N2CCCC2)c(NC(=O)Nc2cnc(C#N)cn2)cc1Cl,CHEK1,resistant,scout1,10.0,0.0,0.696,2.65,100.0,,database,66.0,79.2,100.0,66.0,70,81.7,77.1,304,1,medium,0,low,low,low,0,85,['muscarinic'],1,85,85,85,77.1,303
,CNC(=O)c1c(C)[nH]c2c1[C@@]13C[C@@H]1CN(C(=O)/C=C/c1ccc(OC)nn1)C3=CC2=O,MAP2K1,sensitive,scout2,3.41,419.4,0.723,3.9,70.0,0.521,bioisostere,81.4,99.7,70.0,24.4,100,67.8,75.4,377,0,low,1,medium,low,low,1,85,[],0,100,85,100,77.1,304
,CNC(=O)c1c(C)[nH]c2c1[C@@]13C[C@@H]1CN(C(=O)/C=C/c1cnc(OC)nc1)C3=CC2=O,MAP2K1,sensitive,scout2,3.39,419.4,0.723,3.9,70.0,0.699,bioisostere,81.5,99.7,70.0,24.5,100,67.8,75.4,375,0,low,1,medium,low,low,1,85,[],0,100,85,100,77.1,305
CHEMBL445813,O=C(NC1CCNCC1)c1n[nH]cc1NC(=O)c1c(Cl)cccc1Cl,CDK4,sensitive,scout1,5.8,0.0,0.653,2.73,100.0,,database,73.8,99.4,100.0,22.1,70,80.8,77.9,279,0,medium,0,low,low,low,0,85,[],0,100,85,100,77.0,306
CHEMBL370353,Oc1cc(-c2[nH]c(-c3ccccc3)nc2-c2ccncn2)ccc1Cl,BRAF,escape_route,scout1,14.0,0.0,0.569,2.41,100.0,,database,61.2,98.6,100.0,42.8,70,84.3,77.1,301,0,medium,0,low,low,low,0,85,[],0,100,85,100,77.0,307
CHEMBL592445,CN(C)C1CCN(C(=O)c2ccc(NC(=O)Nc3ccc(-c4nc(N5CCOCC5)nc(N5CCOCC5)n4)cc3)cc2)CC1,PIK3CB,escape_route,scout1,6.0,0.0,0.409,2.74,88.2,,database,73.3,79.5,88.2,51.3,70,80.7,74.7,426,1,medium,0,low,low,low,0,85,[],0,100,85,100,77.0,308
,COC(=O)c1c(OC)[nH]c2c1[C@@]13C[C@@H]1CN(C(=O)/C=C/c1ccc(OC)nn1)C3=CC2=O,MAP2K1,sensitive,scout2,3.43,436.4,0.553,4.0,70.0,0.51,r_group,81.3,99.7,70.0,24.4,100,66.7,75.3,380,0,low,1,medium,low,low,1,85,[],0,100,85,100,77.0,309
CHEMBL445813,O=C(NC1CCNCC1)c1n[nH]cc1NC(=O)c1c(Cl)cccc1Cl,CDK4,sensitive,scout1,5.8,0.0,0.653,2.73,100.0,,database,73.8,99.4,100.0,22.1,70,80.8,77.9,275,0,medium,0,low,low,low,0,85,[],0,100,85,100,77.0,310
,O=C(C[Se](=O)CCCCCO)C(F)(F)F,FOLH1,other,scout2,4.49,293.1,0.574,1.9,70.0,0.512,r_group,77.5,99.6,70.0,23.2,100,90.0,75.1,393,0,low,1,medium,low,low,1,85,[],0,100,85,100,77.0,311
CHEMBL366456,CCCCNCC(=O)[C@H](CC(=O)O)NC(=O)C(CC)n1cccc(NC(=O)c2ccc3ccccc3c2)c1=O,CD274,immune,scout1,0.76,0.0,0.232,3.37,69.6,,database,100.0,79.9,69.6,30.0,70,73.7,75.6,358,0,medium,0,low,high,low,0,75,[],0,100,75,100,76.9,312
CHEMBL321703,O=C(CCn1c2c(c(=O)[nH]c1=O)CSCC2)NCC(=O)c1ccc(-c2ccncc2)cc1,PARP1,resistant,scout1,15.0,0.0,0.531,2.72,100.0,,database,60.2,98.5,100.0,60.2,70,80.9,79.3,255,0,low,0,low,high,low,0,90,"['hERG_channel', 'dopamine_D2']",2,70,90,70,76.9,313
,COc1ccsc1.O.O=C1Nc2ccccc2/C1=C/c1ccc[nH]1,CHEK1,resistant,scout2,6.82,342.4,0.699,3.0,70.0,0.418,bioisostere,71.5,99.3,70.0,71.5,100,77.8,79.9,235,1,medium,1,medium,low,low,1,70,"['hERG_channel', 'dopamine_D2']",2,70,70,70,76.9,314
CHEMBL561103,COC(=O)Nc1ccc(-c2nc(N3CCOCC3)c3cnn(C4CCN(Cc5cccnc5)CC4)c3n2)cc1,MTOR,escape_route,scout1,4.6,0.0,0.4,2.7,88.0,,database,77.1,79.6,88.0,54.0,70,81.1,76.3,327,0,medium,0,low,high,low,0,75,[],0,100,75,100,76.9,315
,COc1cc[nH]c1.O.O=C1Nc2ccccc2/C1=C/c1ccc[nH]1,CHEK1,resistant,scout2,6.78,325.4,0.631,3.0,70.0,0.425,bioisostere,71.6,99.3,70.0,71.6,100,77.8,79.9,233,1,medium,1,medium,low,low,1,70,"['hERG_channel', 'dopamine_D2']",2,70,70,70,76.9,316
,COc1ccoc1.O.O=C1Nc2ccccc2/C1=C/c1ccc[nH]1,CHEK1,resistant,scout2,6.78,326.4,0.708,3.0,70.0,0.403,bioisostere,71.6,99.3,70.0,71.6,100,77.8,79.9,230,1,medium,1,medium,low,low,1,70,"['hERG_channel', 'dopamine_D2']",2,70,70,70,76.9,317
CHEMBL373011,Oc1cc(-c2nc(-c3ccccc3)[nH]c2-c2ccncc2)ccc1Cl,BRAF,escape_route,scout1,10.0,0.0,0.537,2.22,95.7,,database,66.0,99.0,95.7,46.2,70,86.4,78.4,263,0,medium,0,low,high,low,0,75,[],0,100,75,100,76.9,318
CHEMBL315622,O=C(O)c1c(Cc2cc3c(cc2Cl)OCO3)c(-c2ccccc2)nn1Cc1cccc(Cl)c1,CHEK2,resistant,scout1,11.0,0.0,0.37,2.51,87.4,,database,64.6,79.1,87.4,64.6,70,83.2,74.0,469,0,medium,0,low,low,low,0,85,[],0,100,85,100,76.9,319
,N#CCCCCC[Se](=O)CC(=O)C(F)(F)F,FOLH1,other,scout2,4.54,302.2,0.536,2.0,70.0,0.523,r_group,77.3,99.5,70.0,23.2,100,88.9,75.0,400,0,low,1,medium,low,low,1,85,[],0,100,85,100,76.9,320
CHEMBL5219922,Cn1cc(Cc2ccccc2OCCN2CCNC(=O)C2)c(-c2cc(Cl)nc(N)n2)n1,EZH2,resistant,scout1,16.9,0.0,0.534,2.91,100.0,,database,58.5,98.3,100.0,58.5,70,78.8,78.3,267,0,medium,0,low,low,low,0,85,['muscarinic'],1,85,85,85,76.8,321
CHEMBL717,CC(=O)O[C@]1(C(C)=O)CC[C@H]2[C@@H]3C[C@H](C)C4=CC(=O)CC[C@]4(C)[C@H]3CC[C@@]21C,AR,sensitive,scout1,2.9,0.0,0.648,4.4,100.0,,database,83.7,99.7,100.0,25.1,70,62.2,80.4,201,0,medium,1,medium,low,low,1,70,[],0,100,70,100,76.8,322
CHEMBL366534,CCCCCCNCC(=O)[C@H](CC(=O)O)NC(=O)C(CC)n1cccc(NC(=O)c2ccc3ccccc3c2)c1=O,CD274,immune,scout1,0.85,0.0,0.194,3.41,68.9,,database,100.0,79.9,68.9,30.0,70,73.2,75.4,376,0,medium,0,low,high,low,0,75,[],0,100,75,100,76.8,323
,O=C(O)CCCCC[Se](=O)CC(=O)C(F)(F)F,FOLH1,other,scout2,4.69,321.2,0.549,2.1,70.0,0.498,r_group,76.9,99.5,70.0,23.1,100,87.8,74.8,418,0,low,1,medium,low,low,1,85,[],0,100,85,100,76.8,324
,NC(=O)CCCCC[Se](=O)CC(=O)C(F)(F)F,FOLH1,other,scout2,4.66,320.2,0.545,2.1,70.0,0.477,r_group,76.9,99.5,70.0,23.1,100,87.8,74.8,419,0,low,1,medium,low,low,1,85,[],0,100,85,100,76.8,325
,COCCCCC[Se](=O)CC(=O)C(F)(F)F,FOLH1,other,scout2,4.68,307.2,0.511,2.0,70.0,0.513,r_group,76.9,99.5,70.0,23.1,100,88.9,74.9,407,0,low,1,medium,low,low,1,85,[],0,100,85,100,76.8,326
CHEMBL390728,CCC1CCNc2cc3[nH]c(=O)cc(C(F)(F)F)c3cc21,AR,sensitive,scout1,4.0,0.0,0.839,3.34,100.0,,database,79.1,99.6,100.0,23.7,70,74.0,79.4,254,1,medium,0,low,high,low,0,75,[],0,100,75,100,76.7,327
,C.COc1ncc(/C=C/C(=O)N2C[C@H]3C[C@@]34C2=CC(=O)c2[nH]c(C)c(C(N)=O)c24)cn1,MAP2K1,sensitive,scout2,3.79,421.5,0.723,3.9,70.0,0.546,bioisostere,79.9,99.6,70.0,24.0,100,67.8,74.9,406,0,low,1,medium,low,low,1,85,[],0,100,85,100,76.7,328
,CCc1[nH]c2c(c1C(=O)OC)[C@@]13C[C@@H]1CN(C(=O)/C=C/c1ccc(OC)nn1)C3=CC2=O,MAP2K1,sensitive,scout2,3.68,434.5,0.566,4.0,70.0,0.424,r_group,80.3,99.6,70.0,24.1,100,66.7,75.0,398,0,low,1,medium,low,low,1,85,[],0,100,85,100,76.7,329
,C.COc1ccc(/C=C/C(=O)N2C[C@H]3C[C@@]34C2=CC(=O)c2[nH]c(C)c(C(N)=O)c24)nn1,MAP2K1,sensitive,scout2,3.76,421.5,0.723,3.9,70.0,0.46,bioisostere,80.0,99.6,70.0,24.0,100,67.8,74.9,414,0,low,1,medium,low,low,1,85,[],0,100,85,100,76.7,330
,CCCCCCNCC(=O)C(C)(F)F,FOLH1,other,scout2,4.92,207.3,0.619,1.8,70.0,0.492,bioisostere,76.2,99.5,70.0,22.8,100,91.1,74.7,424,0,medium,0,low,low,low,0,85,[],0,100,85,100,76.7,331
CHEMBL383970,CN1C(=O)C[C@H](c2ccccc2F)[C@@H]1[C@H](O)c1ccc(-c2ccccc2)s1,KRAS,escape_route,scout1,10.0,0.0,0.717,3.44,100.0,,database,66.0,99.0,100.0,46.2,70,72.9,78.6,261,0,medium,0,low,low,low,0,85,['dopamine_D2'],1,85,85,85,76.7,332
,Cl.Oc1cc[nH]c1.c1nc(N2CCOCC2)c2sccc2n1,PIK3CA,escape_route,scout2,16.7,340.8,0.712,2.8,70.0,0.418,bioisostere,58.7,98.3,70.0,41.1,100,80.0,71.3,638,0,low,0,low,low,low,0,100,[],0,100,100,100,76.6,333
CHEMBL298445,Cc1nc(N)sc1-c1ccnc(Nc2cccc([N+](=O)[O-])c2)n1,CDK4,sensitive,scout1,4.0,0.0,0.557,2.42,100.0,,database,79.1,99.6,100.0,23.7,70,84.2,79.9,237,1,high,0,low,low,low,0,70,[],0,100,70,100,76.5,334
CHEMBL155513,CCCCCC[Se](=O)(=O)CC(=O)C(F)(F)F,FOLH1,other,scout1,3.388,0.0,0.536,3.67,100.0,,database,81.5,99.7,100.0,24.5,70,70.3,80.1,217,0,medium,1,medium,low,low,1,70,[],0,100,70,100,76.5,335
,C#N.CC1(C)NC(=O)N(c2ccncc2)C1=O.FC(F)F,AR,sensitive,scout2,5.59,302.3,0.806,2.6,70.0,0.438,bioisostere,74.3,99.4,70.0,22.3,100,82.2,73.6,504,0,low,0,low,high,low,0,90,[],0,100,90,100,76.4,336
CHEMBL1085160,CS(=O)(=O)N1CCN(Cc2cc3nc(-c4cccc(CO)c4)nc(N4CCOCC4)c3s2)CC1,PIK3CB,escape_route,scout1,14.0,0.0,0.543,2.7,95.9,,database,61.2,98.6,95.9,42.8,70,81.1,76.2,336,0,medium,0,low,low,low,0,85,[],0,100,85,100,76.4,337
,O=C(C[Se](=O)(=O)CCCCCO)C(F)(F)F,FOLH1,other,scout2,5.07,309.1,0.572,2.0,70.0,0.587,r_group,75.7,99.5,70.0,22.7,100,88.9,74.4,447,0,low,1,medium,low,low,1,85,[],0,100,85,100,76.4,338
,O=C(O)CCCCC[Se](=O)(=O)CC(=O)C(F)(F)F,FOLH1,other,scout2,5.12,337.2,0.541,2.2,70.0,0.506,r_group,75.6,99.5,70.0,22.7,100,86.7,74.3,450,0,low,1,medium,low,low,1,85,[],0,100,85,100,76.3,339
,NC(=O)CCCCC[Se](=O)(=O)CC(=O)C(F)(F)F,FOLH1,other,scout2,5.07,336.2,0.536,2.2,70.0,0.449,r_group,75.7,99.5,70.0,22.7,100,86.7,74.3,451,0,low,1,medium,low,low,1,85,[],0,100,85,100,76.3,340
CHEMBL541643,Cl.Oc1cccc(-c2nc(N3CCOCC3)c3sccc3n2)c1,PIK3CB,escape_route,scout1,16.0,0.0,0.769,2.44,100.0,,database,59.3,98.4,100.0,41.5,70,84.0,76.3,333,0,medium,0,low,low,low,0,85,[],0,100,85,100,76.3,341
,N#CCCCCC[Se](=O)(=O)CC(=O)C(F)(F)F,FOLH1,other,scout2,5.21,318.2,0.534,2.1,70.0,0.429,r_group,75.3,99.5,70.0,22.6,100,87.8,74.3,449,0,low,1,medium,low,low,1,85,[],0,100,85,100,76.3,342
CHEMBL541643,Cl.Oc1cccc(-c2nc(N3CCOCC3)c3sccc3n2)c1,PIK3CB,escape_route,scout1,16.0,0.0,0.769,2.44,100.0,,database,59.3,98.4,100.0,41.5,70,84.0,76.3,330,0,medium,0,low,low,low,0,85,[],0,100,85,100,76.3,343
CHEMBL359106,NC1=N/C(=C2\CCNC(=O)c3[nH]c(Br)cc32)C(=O)N1,MAPK1,sensitive,scout1,6.0,0.0,0.506,3.74,100.0,,database,73.3,99.4,100.0,22.0,70,69.6,77.1,307,0,low,1,medium,low,low,1,85,[],0,100,85,100,76.3,344
CHEMBL388978,CN[C@@H]1C[C@H]2O[C@@](C)([C@@H]1OC)n1c3ccccc3c3c4c(c5c6ccccc6n2c5c31)C(=O)NC4,MAPK1,sensitive,scout1,2.5,0.0,0.406,4.95,98.1,,database,85.9,79.8,98.1,25.8,70,56.1,75.5,367,0,medium,0,low,low,low,0,85,[],0,100,85,100,76.2,345
CHEMBL200172,CC(C)(C)c1nc(-c2ccc(Cl)c(O)c2)c(-c2ccncc2)[nH]1,BRAF,escape_route,scout1,12.0,0.0,0.711,2.49,100.0,,database,63.4,98.8,100.0,44.4,70,83.4,78.0,272,0,medium,0,low,high,low,0,75,[],0,100,75,100,76.2,346
CHEMBL388978,CN[C@@H]1C[C@H]2O[C@@](C)([C@@H]1OC)n1c3ccccc3c3c4c(c5c6ccccc6n2c5c31)C(=O)NC4,MAPK1,sensitive,scout1,2.5,0.0,0.406,4.95,98.1,,database,85.9,79.8,98.1,25.8,70,56.1,75.5,369,0,medium,0,low,low,low,0,85,[],0,100,85,100,76.2,347
CHEMBL388978,CN[C@@H]1C[C@H]2O[C@@](C)([C@@H]1OC)n1c3ccccc3c3c4c(c5c6ccccc6n2c5c31)C(=O)NC4,MAPK1,sensitive,scout1,2.5,0.0,0.406,4.95,98.1,,database,85.9,79.8,98.1,25.8,70,56.1,75.5,370,0,medium,0,low,low,low,0,85,[],0,100,85,100,76.2,348
,COCCCCC[Se](=O)(=O)CC(=O)C(F)(F)F,FOLH1,other,scout2,5.37,323.2,0.508,2.1,70.0,0.531,r_group,74.9,99.5,70.0,22.5,100,87.8,74.1,463,0,low,1,medium,low,low,1,85,[],0,100,85,100,76.2,349
CHEMBL388978,CN[C@@H]1C[C@H]2O[C@@](C)([C@@H]1OC)n1c3ccccc3c3c4c(c5c6ccccc6n2c5c31)C(=O)NC4,MAPK1,sensitive,scout1,2.5,0.0,0.406,4.95,98.1,,database,85.9,79.8,98.1,25.8,70,56.1,75.5,371,0,medium,0,low,low,low,0,85,[],0,100,85,100,76.2,350
CHEMBL321638,COc1ccc(-c2ccc(C(=O)CNC(=O)CCn3c4c(c(=O)[nH]c3=O)CSCC4)cc2)cc1,PARP1,resistant,scout1,15.0,0.0,0.48,2.62,100.0,,database,60.2,98.5,100.0,60.2,70,82.0,79.3,257,0,medium,0,low,low,low,0,85,"['hERG_channel', 'dopamine_D2']",2,70,85,70,76.2,351
CHEMBL388978,CN[C@@H]1C[C@H]2O[C@@](C)([C@@H]1OC)n1c3ccccc3c3c4c(c5c6ccccc6n2c5c31)C(=O)NC4,MAPK1,sensitive,scout1,2.5,0.0,0.406,4.95,98.1,,database,85.9,79.8,98.1,25.8,70,56.1,75.5,372,0,medium,0,low,low,low,0,85,[],0,100,85,100,76.2,352
CHEMBL388978,CN[C@@H]1C[C@H]2O[C@@](C)([C@@H]1OC)n1c3ccccc3c3c4c(c5c6ccccc6n2c5c31)C(=O)NC4,MAPK1,sensitive,scout1,2.5,0.0,0.406,4.95,98.1,,database,85.9,79.8,98.1,25.8,70,56.1,75.5,366,0,medium,0,low,low,low,0,85,[],0,100,85,100,76.2,353
CHEMBL388978,CN[C@@H]1C[C@H]2O[C@@](C)([C@@H]1OC)n1c3ccccc3c3c4c(c5c6ccccc6n2c5c31)C(=O)NC4,MAPK1,sensitive,scout1,2.5,0.0,0.406,4.95,98.1,,database,85.9,79.8,98.1,25.8,70,56.1,75.5,365,0,medium,0,low,low,low,0,85,[],0,100,85,100,76.2,354
CHEMBL27769,C[C@]12CCC(=O)C[C@@H]1CC[C@@H]1[C@@H]2CC[C@]2(C)[C@@H](O)CC[C@@H]12,AR,sensitive,scout1,6.0,0.0,0.733,3.99,100.0,,database,73.3,99.4,100.0,22.0,70,66.8,77.0,311,0,medium,0,low,low,low,0,85,[],0,100,85,100,76.1,355
CHEMBL208728,N#Cc1cnc(NC(=O)Nc2cc(Cl)c(OCC3CCCO3)cc2N2CCCC2)cn1,CHEK1,resistant,scout1,15.0,0.0,0.699,3.14,100.0,,database,60.2,78.8,100.0,60.2,70,76.2,74.1,462,0,medium,0,low,low,low,0,85,[],0,100,85,100,76.0,356
,CCOc1c(OC)c(OC)cc2cc(C(=O)N3CC(C)C4C3=CC(=O)c3[nH]c(C(=O)OC)cc34)[nH]c12,MAP2K1,sensitive,scout2,2.43,493.5,0.503,4.5,70.0,0.634,r_group,86.3,99.8,70.0,25.9,100,61.1,76.8,317,0,medium,1,medium,low,low,1,70,[],0,100,70,100,76.0,357
CHEMBL304500,COC(=O)c1c2c(n(C)c1C)C(=O)C=C1N(C(=O)c3cc4cc(OC)c(OC)c(OC)c4[nH]3)C[C@H]3C[C@]123,MAP2K1,sensitive,scout1,1.4,0.0,0.53,4.48,90.6,,database,94.2,79.9,90.6,28.3,70,61.3,77.1,302,0,medium,1,medium,low,low,1,70,[],0,100,70,100,75.9,358
CHEMBL200637,C/C(=N\O)c1ccc(-c2[nH]c(-c3ccccc3)nc2-c2ccncc2)cc1,BRAF,escape_route,scout1,11.0,0.0,0.307,2.27,91.1,,database,64.6,98.9,91.1,45.2,70,85.9,76.9,315,0,medium,0,low,high,low,0,75,[],0,100,75,100,75.9,359
,CCOc1c(OC)cc2cc(C(=O)N3CC(C)C4C3=CC(=O)c3[nH]c(C(=O)OC)cc34)[nH]c2c1OC,MAP2K1,sensitive,scout2,2.55,493.5,0.503,4.5,70.0,0.555,r_group,85.6,99.7,70.0,25.7,100,61.1,76.5,323,0,medium,1,medium,low,low,1,70,[],0,100,70,100,75.8,360
,CCOC(=O)c1cc2c([nH]1)C(=O)C=C1C2C(C)CN1C(=O)c1cc2cc(OC)c(OC)c(OC)c2[nH]1,MAP2K1,sensitive,scout2,2.54,493.5,0.503,4.5,70.0,0.542,r_group,85.6,99.7,70.0,25.7,100,61.1,76.5,322,0,medium,1,medium,low,low,1,70,[],0,100,70,100,75.8,361
CHEMBL368313,CCC(C(=O)N[C@@H](CC(=O)O)C(=O)CNCCCc1ccccc1)n1cccc(NC(=O)c2ccc3ccccc3c2)c1=O,CD274,immune,scout1,1.15,0.0,0.152,3.41,68.0,,database,97.0,79.9,68.0,29.1,70,73.2,74.2,458,0,medium,0,low,high,low,0,75,[],0,100,75,100,75.8,362
CHEMBL371952,Oc1cc(-c2[nH]c(-c3ccco3)nc2-c2ccncc2)ccc1Cl,BRAF,escape_route,scout1,13.0,0.0,0.565,2.48,100.0,,database,62.2,98.7,100.0,43.6,70,83.6,77.6,284,0,medium,0,low,high,low,0,75,[],0,100,75,100,75.8,363
,CNC(=O)c1cc2c([nH]1)C(=O)C=C1C2C(C)CN1C(=O)c1cc2cc(OC)c(OC)c(OC)c2[nH]1,MAP2K1,sensitive,scout2,2.61,478.5,0.518,4.4,70.0,0.561,bioisostere,85.3,99.7,70.0,25.6,100,62.2,76.5,321,0,medium,1,medium,low,low,1,70,[],0,100,70,100,75.7,364
CHEMBL388978,CN[C@@H]1C[C@H]2O[C@@](C)([C@@H]1OC)n1c3ccccc3c3c4c(c5c6ccccc6n2c5c31)C(=O)NC4,PARP2,resistant,scout1,13.0,0.0,0.406,4.95,98.1,,database,62.2,79.0,98.1,62.2,70,56.1,73.7,483,0,medium,0,low,low,low,0,85,[],0,100,85,100,75.6,365
CHEMBL388978,CN[C@@H]1C[C@H]2O[C@@](C)([C@@H]1OC)n1c3ccccc3c3c4c(c5c6ccccc6n2c5c31)C(=O)NC4,PARP2,resistant,scout1,13.0,0.0,0.406,4.95,98.1,,database,62.2,79.0,98.1,62.2,70,56.1,73.7,481,0,medium,0,low,low,low,0,85,[],0,100,85,100,75.6,366
,CC1(C)NC(=O)N(c2ccc(C#N)c(C(F)(F)Cl)c2)C1=O,AR,sensitive,scout2,5.71,313.7,0.674,2.6,70.0,0.576,bioisostere,74.0,99.4,70.0,22.2,100,82.2,73.5,506,0,low,1,medium,low,low,1,85,[],0,100,85,100,75.6,367
CHEMBL388978,CN[C@@H]1C[C@H]2O[C@@](C)([C@@H]1OC)n1c3ccccc3c3c4c(c5c6ccccc6n2c5c31)C(=O)NC4,PARP2,resistant,scout1,13.0,0.0,0.406,4.95,98.1,,database,62.2,79.0,98.1,62.2,70,56.1,73.7,485,0,medium,0,low,low,low,0,85,[],0,100,85,100,75.6,368
CHEMBL388978,CN[C@@H]1C[C@H]2O[C@@](C)([C@@H]1OC)n1c3ccccc3c3c4c(c5c6ccccc6n2c5c31)C(=O)NC4,PARP2,resistant,scout1,13.0,0.0,0.406,4.95,98.1,,database,62.2,79.0,98.1,62.2,70,56.1,73.7,490,0,medium,0,low,low,low,0,85,[],0,100,85,100,75.6,369
CHEMBL388978,CN[C@@H]1C[C@H]2O[C@@](C)([C@@H]1OC)n1c3ccccc3c3c4c(c5c6ccccc6n2c5c31)C(=O)NC4,PARP2,resistant,scout1,13.0,0.0,0.406,4.95,98.1,,database,62.2,79.0,98.1,62.2,70,56.1,73.7,492,0,medium,0,low,low,low,0,85,[],0,100,85,100,75.6,370
,C.COc1cc2cc(C(=O)N3CC(C)C4C3=CC(=O)c3[nH]c(C(N)=O)cc34)[nH]c2c(OC)c1OC,MAP2K1,sensitive,scout2,2.68,480.5,0.512,4.4,70.0,0.538,bioisostere,84.9,99.7,70.0,25.5,100,62.2,76.3,328,0,medium,1,medium,low,low,1,70,[],0,100,70,100,75.6,371
CHEMBL388978,CN[C@@H]1C[C@H]2O[C@@](C)([C@@H]1OC)n1c3ccccc3c3c4c(c5c6ccccc6n2c5c31)C(=O)NC4,PARP2,resistant,scout1,13.0,0.0,0.406,4.95,98.1,,database,62.2,79.0,98.1,62.2,70,56.1,73.7,486,0,medium,0,low,low,low,0,85,[],0,100,85,100,75.6,372
CHEMBL388978,CN[C@@H]1C[C@H]2O[C@@](C)([C@@H]1OC)n1c3ccccc3c3c4c(c5c6ccccc6n2c5c31)C(=O)NC4,PARP2,resistant,scout1,13.0,0.0,0.406,4.95,98.1,,database,62.2,79.0,98.1,62.2,70,56.1,73.7,489,0,medium,0,low,low,low,0,85,[],0,100,85,100,75.6,373
,CCC1CN(C(=O)c2cc3cc(OC)c(OC)c(OC)c3[nH]2)C2=CC(=O)c3[nH]c(C(=O)OC)cc3C21,MAP2K1,sensitive,scout2,2.65,493.5,0.503,4.5,70.0,0.516,r_group,85.0,99.7,70.0,25.5,100,61.1,76.3,331,0,medium,1,medium,low,low,1,70,[],0,100,70,100,75.6,374
,COc1cc2cc(C(=O)N3CC(C)C4C3=CC(=O)c3[nH]c(C(=O)SC)cc34)[nH]c2c(OC)c1OC,MAP2K1,sensitive,scout2,2.72,495.6,0.55,4.4,70.0,0.522,bioisostere,84.7,99.7,70.0,25.4,100,62.2,76.3,329,0,medium,1,medium,low,low,1,70,[],0,100,70,100,75.5,375
CHEMBL432211,O=C(CCn1c2c(c(=O)[nH]c1=O)CCCC2)NCC(=O)c1ccc2ccccc2c1,PARP1,resistant,scout1,25.0,0.0,0.612,2.42,100.0,,database,52.9,97.5,100.0,52.9,70,84.2,75.9,341,0,low,0,low,low,low,0,100,"['hERG_channel', 'dopamine_D2']",2,70,100,70,75.5,376
,COc1ccncc1.O.O=C1Nc2ccccc2/C1=C/c1ccc[nH]1,CHEK1,resistant,scout2,6.58,337.4,0.703,3.1,70.0,0.434,bioisostere,72.0,99.3,70.0,72.0,100,76.7,80.1,219,1,medium,1,medium,high,low,1,60,"['hERG_channel', 'dopamine_D2']",2,70,60,70,75.5,377
CHEMBL431493,Oc1cc(C(F)(F)F)c2cc3c(cc2n1)NC[C@@H]1CCCC[C@H]31,AR,sensitive,scout1,3.0,0.0,0.741,3.66,100.0,,database,83.3,99.7,100.0,25.0,70,70.4,80.7,179,1,high,0,low,high,low,0,60,[],0,100,60,100,75.5,378
CHEMBL4878379,COC(=O)c1c(Cc2ccccc2)c(-c2cc(Cl)nc(N)n2)nn1C,EZH2,resistant,scout1,28.0,0.0,0.569,2.6,100.0,,database,51.2,97.2,100.0,51.2,70,82.2,75.0,402,0,medium,0,low,low,low,0,85,[],0,100,85,100,75.4,379
CHEMBL433356,COc1ccc(C(=O)CNC(=O)CCn2c3c(c(=O)[nH]c2=O)CSCC3)cc1,PARP1,resistant,scout1,25.0,0.0,0.66,2.62,100.0,,database,52.9,97.5,100.0,52.9,70,82.0,75.8,351,0,low,0,low,low,low,0,100,"['hERG_channel', 'dopamine_D2']",2,70,100,70,75.4,380
CHEMBL4243509,COc1ccc2c(c1)CCCN2S(=O)(=O)c1ccc(N2CCCC2=O)cc1,MDM2,sensitive,scout1,9.0,0.0,0.81,2.17,100.0,,database,67.5,99.1,100.0,20.3,70,87.0,75.9,340,0,medium,0,low,low,low,0,85,[],0,100,85,100,75.4,381
CHEMBL108137,O=C(CCn1c2c(c(=O)[nH]c1=O)CSCC2)NCC(=O)c1ccc(-c2cncnc2)cc1,PARP1,resistant,scout1,25.0,0.0,0.516,2.84,100.0,,database,52.9,97.5,100.0,52.9,70,79.6,75.6,364,0,low,0,low,low,low,0,100,"['hERG_channel', 'dopamine_D2']",2,70,100,70,75.3,382
CHEMBL108840,O=C(CCn1c2c(c(=O)[nH]c1=O)CSCC2)NCC(=O)c1ccc(-c2cccnn2)cc1,PARP1,resistant,scout1,25.0,0.0,0.516,2.85,100.0,,database,52.9,97.5,100.0,52.9,70,79.4,75.6,363,0,low,0,low,low,low,0,100,"['hERG_channel', 'dopamine_D2']",2,70,100,70,75.3,383
,CNC(=O)c1c(C)[nH]c2c1[C@@]13C[C@@H]1CN(C(=O)c1cc4cc(OC)c(OC)c(OC)c4[nH]1)C3=CC2=O,MAP2K1,sensitive,scout2,2.92,490.5,0.505,4.5,70.0,0.527,bioisostere,83.6,99.7,70.0,25.1,100,61.1,75.8,348,0,medium,1,medium,low,low,1,70,[],0,100,70,100,75.2,384
CHEMBL428496,COC[C@H]1OC(=O)c2coc3c2[C@@]1(C)C1=C(C3=O)[C@@H]2CCC(=O)[C@@]2(C)C[C@H]1OC(C)=O,PIK3CB,escape_route,scout1,10.0,0.0,0.676,4.66,100.0,,database,66.0,99.0,100.0,46.2,70,59.3,77.9,278,0,medium,1,medium,low,low,1,70,[],0,100,70,100,75.2,385
CHEMBL428496,COC[C@H]1OC(=O)c2coc3c2[C@@]1(C)C1=C(C3=O)[C@@H]2CCC(=O)[C@@]2(C)C[C@H]1OC(C)=O,PIK3CB,escape_route,scout1,10.0,0.0,0.676,4.66,100.0,,database,66.0,99.0,100.0,46.2,70,59.3,77.9,277,0,medium,1,medium,low,low,1,70,[],0,100,70,100,75.2,386
CHEMBL428496,COC[C@H]1OC(=O)c2coc3c2[C@@]1(C)C1=C(C3=O)[C@@H]2CCC(=O)[C@@]2(C)C[C@H]1OC(C)=O,PIK3CB,escape_route,scout1,10.0,0.0,0.676,4.66,100.0,,database,66.0,99.0,100.0,46.2,70,59.3,77.9,276,0,medium,1,medium,low,low,1,70,[],0,100,70,100,75.2,387
,COc1cc2cc(C(=O)N3C[C@H]4C[C@@]45C3=CC(=O)c3[nH]c(C)c(C(=O)SC)c35)[nH]c2c(OC)c1OC,MAP2K1,sensitive,scout2,2.9,507.6,0.54,4.5,70.0,0.486,bioisostere,83.7,99.7,70.0,25.1,100,61.1,75.9,338,0,medium,1,medium,low,low,1,70,[],0,100,70,100,75.2,388
,COc1cc2cc(C(=O)N3C[C@H]4C[C@@]45C3=CC(=O)c3c5c(C(=O)SC)c(C)n3C)[nH]c2c(OC)c1OC,MAP2K1,sensitive,scout2,2.87,521.6,0.544,4.6,70.0,0.478,bioisostere,83.9,99.7,70.0,25.2,100,60.0,75.9,339,0,medium,1,medium,low,low,1,70,[],0,100,70,100,75.2,389
,CNC.COc1cc2cc(C(=O)N3C[C@H]4C[C@@]45C3=CC(=O)c3[nH]c(C)cc35)[nH]c2c(OC)c1OC.O,MAP2K1,sensitive,scout2,2.92,496.6,0.506,4.5,70.0,0.497,bioisostere,83.6,99.7,70.0,25.1,100,61.1,75.8,345,1,medium,1,medium,low,low,1,70,[],0,100,70,100,75.2,390
,c1cc2c3cnc(Nc4cnc(N5CCOCC5)nc4)nc3n(C3CCCC3)c2cn1,CDK6,sensitive,scout2,3.88,416.5,0.541,3.9,70.0,0.642,bioisostere,79.6,99.6,70.0,23.9,100,67.8,74.7,425,0,medium,0,low,high,low,0,75,[],0,100,75,100,75.1,391
,c1cc2c3cnc(Oc4cnc(N5CCNCC5)nc4)nc3n(C3CCCC3)c2cn1,CDK6,sensitive,scout2,3.84,416.5,0.542,3.9,70.0,0.521,bioisostere,79.7,99.6,70.0,23.9,100,67.8,74.8,423,0,medium,0,low,high,low,0,75,[],0,100,75,100,75.1,392
CHEMBL206460,COc1cc(NC(=O)Cc2ccc(S(C)(=O)=O)cc2)c(Cl)cc1NC(=O)Nc1cnc(C#N)cn1,CHEK1,resistant,scout1,7.0,0.0,0.432,2.55,73.6,,database,71.1,79.4,73.6,71.1,70,82.8,74.2,461,0,medium,0,low,low,low,0,85,"['hERG_channel', 'dopamine_D2']",2,70,85,70,75.1,393
,C.COc1cc2cc(C(=O)N3C[C@H]4C[C@@]45C3=CC(=O)c3c5c(C(N)=O)c(C)n3C)[nH]c2c(OC)c1OC,MAP2K1,sensitive,scout2,2.97,506.6,0.547,4.6,70.0,0.527,bioisostere,83.4,99.7,70.0,25.0,100,60.0,75.7,356,0,medium,1,medium,low,low,1,70,[],0,100,70,100,75.1,394
,O=C1CNCCN1Cc1ccc(Oc2ncc3c4ccncc4n(C4CCCC4)c3n2)nc1,CDK6,sensitive,scout2,3.77,443.5,0.506,4.1,70.0,0.465,bioisostere,80.0,99.6,70.0,24.0,100,65.6,74.8,416,0,medium,0,low,high,low,0,75,[],0,100,75,100,75.1,395
,COc1ccc(/C=C/C(=O)N2C[C@H]3C[C@@]34C2=CC(=O)c2[nH]c(C)c(C(=O)OC3CC3)c24)nn1,MAP2K1,sensitive,scout2,3.2,446.5,0.554,4.1,70.0,0.545,r_group,82.3,99.7,70.0,24.7,100,65.6,75.6,359,0,medium,1,medium,low,low,1,70,[],0,100,70,100,75.0,396
,CNC(=O)c1c2c(n(C)c1C)C(=O)C=C1N(C(=O)c3cc4cc(OC)c(OC)c(OC)c4[nH]3)C[C@H]3C[C@]123,MAP2K1,sensitive,scout2,3.01,504.5,0.552,4.6,70.0,0.504,bioisostere,83.2,99.7,70.0,25.0,100,60.0,75.6,360,0,medium,1,medium,low,low,1,70,[],0,100,70,100,75.0,397
,Cc1cccc(-c2nc(N3CCOCC3)c3sccc3n2)c1.Cl,PIK3CA,escape_route,scout2,14.52,347.9,0.704,2.9,70.0,0.595,r_group,60.7,98.5,70.0,42.5,100,78.9,72.1,583,0,medium,0,low,low,low,0,85,[],0,100,85,100,75.0,398
,CCOc1cc2cc(C(=O)N3CC(C)C4C3=CC(=O)c3[nH]c(C(=O)OC)cc34)[nH]c2c(OC)c1OC,MAP2K1,sensitive,scout2,3.07,493.5,0.503,4.5,70.0,0.507,r_group,82.9,99.7,70.0,24.9,100,61.1,75.6,357,0,medium,1,medium,low,low,1,70,[],0,100,70,100,75.0,399
,Cl.Nc1cccc(-c2nc(N3CCOCC3)c3sccc3n2)c1,PIK3CA,escape_route,scout2,14.57,348.9,0.72,2.9,70.0,0.641,r_group,60.6,98.5,70.0,42.4,100,78.9,72.1,582,1,medium,0,low,low,low,0,85,[],0,100,85,100,75.0,400
,CCCCCCC[Se](=O)CC(=O)C(F)(F)F,FOLH1,other,scout2,4.27,305.2,0.508,2.0,70.0,0.662,r_group,78.2,99.6,70.0,23.5,100,88.9,75.3,378,0,medium,1,medium,low,low,1,70,[],0,100,70,100,75.0,401
,O=C1COCCN1Cc1ccc(Nc2ncc3c4ccncc4n(C4CCCC4)c3n2)nc1,CDK6,sensitive,scout2,3.89,443.5,0.503,4.1,70.0,0.495,bioisostere,79.5,99.6,70.0,23.9,100,65.6,74.6,432,0,medium,0,low,high,low,0,75,[],0,100,75,100,74.9,402
,C.COc1cc2cc(C(=O)N3C[C@H]4C[C@@]45C3=CC(=O)c3c5c(S(N)(=O)=O)c(C)n3C)[nH]c2c(OC)c1OC,MAP2K1,sensitive,scout2,2.96,542.6,0.504,4.8,70.0,0.482,bioisostere,83.4,99.7,70.0,25.0,100,57.8,75.6,361,0,medium,1,medium,low,low,1,70,[],0,100,70,100,74.9,403
,CNC.COc1cc2cc(C(=O)N3C[C@H]4C[C@@]45C3=CC(=O)c3c5cc(C)n3C)[nH]c2c(OC)c1OC.O,MAP2K1,sensitive,scout2,3.11,510.6,0.554,4.6,70.0,0.496,bioisostere,82.7,99.7,70.0,24.8,100,60.0,75.5,368,1,medium,1,medium,low,low,1,70,[],0,100,70,100,74.9,404
,CNC.COc1cc2cc(C(=O)N3CC(C)C4C3=CC(=O)c3[nH]ccc34)[nH]c2c(OC)c1OC.O,MAP2K1,sensitive,scout2,3.16,484.6,0.52,4.4,70.0,0.516,bioisostere,82.5,99.7,70.0,24.8,100,62.2,75.5,373,1,medium,1,medium,low,low,1,70,[],0,100,70,100,74.9,405
,Cl.Clc1cccc(-c2nc(N3CCOCC3)c3sccc3n2)c1,PIK3CA,escape_route,scout2,14.72,368.3,0.677,2.9,70.0,0.605,r_group,60.5,98.5,70.0,42.3,100,78.9,72.1,581,0,medium,0,low,low,low,0,85,[],0,100,85,100,74.9,406
CHEMBL158368,COC(=O)c1c(C)[nH]c2c1[C@@]13C[C@@H]1CN(C(=O)/C=C/c1ccc(OC)nc1)C3=CC2=O,MAP2K1,sensitive,scout1,3.3,0.0,0.603,4.33,100.0,,database,81.9,99.7,100.0,24.6,70,63.0,79.8,241,0,medium,1,medium,high,low,1,60,[],0,100,60,100,74.8,407
CHEMBL1202518,COc1ccc(O)c(C(=O)c2ccc(C(=O)N[C@@H]3CCCNCC3NC(=O)c3ccncc3)cc2)c1F.Cl.Cl,AKT1,escape_route,scout1,4.0,0.0,0.316,3.47,86.3,,database,79.1,79.7,86.3,55.4,70,72.6,76.4,326,1,high,0,low,high,low,0,60,[],0,100,60,100,74.8,408
CHEMBL205951,COc1cc(C=O)ccc1NC(=O)Nc1cnc(C#N)cn1,CHEK1,resistant,scout1,45.0,0.0,0.831,2.41,100.0,,database,44.4,95.5,100.0,44.4,70,84.3,71.6,618,0,low,0,low,low,low,0,100,[],0,100,100,100,74.8,409
,Cl.Fc1cccc(-c2nc(N3CCOCC3)c3sccc3n2)c1,PIK3CA,escape_route,scout2,15.05,351.8,0.704,2.9,70.0,0.523,r_group,60.1,98.5,70.0,42.1,100,78.9,71.9,593,0,medium,0,low,low,low,0,85,[],0,100,85,100,74.8,410
,CNc1ncc(/C=C/C(=O)N2C[C@H]3C[C@@]34C2=CC(=O)c2[nH]c(C)c(C(=O)OC)c24)cn1,MAP2K1,sensitive,scout2,3.45,419.4,0.573,3.9,70.0,0.662,bioisostere,81.3,99.7,70.0,24.4,100,67.8,75.3,381,0,medium,1,medium,low,low,1,70,[],0,100,70,100,74.8,411
CHEMBL315936,O=C(O)c1c(Cc2cc3c(cc2Cl)OCO3)c(-c2ccccc2)nn1CC1CCCC(C(=O)O)C1,CHEK2,resistant,scout1,14.8,0.0,0.467,3.47,89.3,,database,60.4,78.8,89.3,60.4,70,72.6,71.9,591,0,medium,0,low,low,low,0,85,[],0,100,85,100,74.8,412
,CNc1ccc(/C=C/C(=O)N2C[C@H]3C[C@@]34C2=CC(=O)c2[nH]c(C)c(C(=O)OC)c24)nn1,MAP2K1,sensitive,scout2,3.44,419.4,0.573,3.9,70.0,0.511,bioisostere,81.3,99.7,70.0,24.4,100,67.8,75.3,379,0,medium,1,medium,low,low,1,70,[],0,100,70,100,74.8,413
CHEMBL561844,CC(=O)Nc1ccc(-c2nc(N3CCOCC3)c3cnn(C4CCN(Cc5cccnc5)CC4)c3n2)cc1,MTOR,escape_route,scout1,7.0,0.0,0.419,2.65,88.4,,database,71.1,79.4,88.4,49.8,70,81.7,73.9,474,0,medium,0,low,high,low,0,75,[],0,100,75,100,74.8,414
,CCCCCC[Se](=O)CC(=O)C(C)(F)F,FOLH1,other,scout2,4.47,287.2,0.507,1.9,70.0,0.571,bioisostere,77.5,99.6,70.0,23.3,100,90.0,75.1,394,0,medium,1,medium,low,low,1,70,[],0,100,70,100,74.8,415
,Cl.O=C(O)c1cccc(-c2nc(N3CCOCC3)c3sccc3n2)c1,PIK3CA,escape_route,scout2,15.05,377.9,0.754,3.1,70.0,0.577,r_group,60.1,98.5,70.0,42.1,100,76.7,71.8,597,0,medium,0,low,low,low,0,85,[],0,100,85,100,74.7,416
CHEMBL1083152,CNc1nc(C)c(-c2ccnc(Nc3cc(OC)c(OC)c(OC)c3)n2)s1,CDK4,sensitive,scout1,6.0,0.0,0.634,2.48,100.0,,database,73.3,99.4,100.0,22.0,70,83.6,77.8,281,1,high,0,low,low,low,0,70,[],0,100,70,100,74.7,417
,COc1ccc(/C=C/C(=O)N2C[C@H]3C[C@@]34C2=CC(=O)c2[nH]c(C)c(C(=O)SC)c24)nn1,MAP2K1,sensitive,scout2,3.53,436.5,0.734,3.9,70.0,0.518,bioisostere,80.9,99.6,70.0,24.3,100,67.8,75.2,386,0,medium,1,medium,low,low,1,70,[],0,100,70,100,74.7,418
CHEMBL430707,O=C(CCn1c2c(c(=O)[nH]c1=O)CSCC2)NCC(=O)N1CCN(c2ccccn2)CC1,PARP1,resistant,scout1,35.0,0.0,0.603,2.77,100.0,,database,48.0,96.5,100.0,48.0,70,80.3,73.3,535,0,low,0,low,high,low,0,90,[],0,100,90,100,74.7,419
,COc1ccc(/C=C/C(=O)N2C[C@H]3C[C@@]34C2=CC(=O)c2[nH]c(C)c(C(=O)OC(C)C)c24)nn1,MAP2K1,sensitive,scout2,3.43,448.5,0.552,4.1,70.0,0.528,r_group,81.3,99.7,70.0,24.4,100,65.6,75.3,382,0,medium,1,medium,low,low,1,70,[],0,100,70,100,74.7,420
,NCCCCC[Se](=O)CC(=O)C(F)(F)F,FOLH1,other,scout2,4.54,292.2,0.573,1.9,70.0,0.531,r_group,77.3,99.5,70.0,23.2,100,90.0,75.1,392,0,medium,1,medium,low,low,1,70,[],0,100,70,100,74.7,421
,CN(C)CCCCC[Se](=O)CC(=O)C(F)(F)F,FOLH1,other,scout2,4.48,320.2,0.509,2.1,70.0,0.508,r_group,77.5,99.6,70.0,23.3,100,87.8,75.0,403,1,medium,1,medium,low,low,1,70,[],0,100,70,100,74.7,422
,COC(=O)c1c(C2CC2)[nH]c2c1[C@@]13C[C@@H]1CN(C(=O)/C=C/c1ccc(OC)nn1)C3=CC2=O,MAP2K1,sensitive,scout2,3.52,446.5,0.554,4.1,70.0,0.467,r_group,81.0,99.6,70.0,24.3,100,65.6,75.1,390,0,medium,1,medium,low,low,1,70,[],0,100,70,100,74.6,423
,COC(=O)c1c(C(F)(F)F)[nH]c2c1[C@@]13C[C@@H]1CN(C(=O)/C=C/c1ccc(OC)nn1)C3=CC2=O,MAP2K1,sensitive,scout2,3.46,474.4,0.535,4.2,70.0,0.499,r_group,81.2,99.7,70.0,24.4,100,64.4,75.2,389,0,medium,1,medium,low,low,1,70,[],0,100,70,100,74.6,424
CHEMBL5220632,Nc1nc(Cl)cc(-c2nn(C(F)F)cc2Cc2ccccc2OCC(=O)N2CCOCC2)n1,EZH2,resistant,scout1,24.2,0.0,0.52,2.98,100.0,,database,53.3,97.6,100.0,53.3,70,78.0,75.8,343,0,medium,0,low,low,low,0,85,['muscarinic'],1,85,85,85,74.6,425
,COC(=O)c1c(C)[nH]c2c1[C@@]13C[C@@H]1CN(C(=O)/C=C/c1ccc(OC(F)(F)F)nn1)C3=CC2=O,MAP2K1,sensitive,scout2,3.46,474.4,0.535,4.2,70.0,0.478,r_group,81.2,99.7,70.0,24.4,100,64.4,75.2,387,0,medium,1,medium,low,low,1,70,[],0,100,70,100,74.6,426
,CC(C)CCCCC[Se](=O)CC(=O)C(F)(F)F,FOLH1,other,scout2,4.59,319.2,0.504,2.1,70.0,0.503,r_group,77.2,99.5,70.0,23.1,100,87.8,74.9,413,0,medium,1,medium,low,low,1,70,[],0,100,70,100,74.6,427
CHEMBL4248974,CN1CCN(S(=O)(=O)c2ccc(N3CCCC3=O)cc2)c2ccccc21,MDM2,sensitive,scout1,18.0,0.0,0.832,2.26,100.0,,database,57.6,98.2,100.0,17.3,70,86.0,72.2,580,0,low,0,low,low,low,0,100,[],0,100,100,100,74.5,428
,Cl.Oc1cccc(-c2nc(N3CCSCC3)c3sccc3n2)c1,PIK3CA,escape_route,scout2,15.86,365.9,0.742,2.9,70.0,0.514,bioisostere,59.4,98.4,70.0,41.6,100,78.9,71.6,611,0,medium,0,low,low,low,0,85,[],0,100,85,100,74.5,429
,CC(C)c1cccc(-c2nc(N3CCOCC3)c3sccc3n2)c1.Cl,PIK3CA,escape_route,scout2,15.66,375.9,0.662,3.1,70.0,0.469,r_group,59.6,98.4,70.0,41.7,100,76.7,71.6,613,0,medium,0,low,low,low,0,85,[],0,100,85,100,74.5,430
CHEMBL176584,CCCCCCN(C)CC(=O)[C@H](CC(=O)O)NC(=O)C(CC)n1cccc(NC(=O)c2ccc3ccccc3c2)c1=O,CD274,immune,scout1,1.79,0.0,0.217,3.47,74.3,,database,90.7,79.9,74.3,27.2,70,72.6,73.2,543,0,medium,0,low,high,low,0,75,[],0,100,75,100,74.5,431
,CCOC(=O)c1c(C)[nH]c2c1[C@@]13C[C@@H]1CN(C(=O)/C=C/c1ccc(OC)nn1)C3=CC2=O,MAP2K1,sensitive,scout2,3.66,434.5,0.567,4.0,70.0,0.439,r_group,80.4,99.6,70.0,24.1,100,66.7,75.0,399,0,medium,1,medium,low,low,1,70,[],0,100,70,100,74.5,432
,C.COc1ccc(/C=C/C(=O)N2C[C@H]3C[C@@]34C2=CC(=O)c2[nH]c(C)c(S(N)(=O)=O)c24)nn1,MAP2K1,sensitive,scout2,3.69,457.5,0.657,4.0,70.0,0.463,bioisostere,80.3,99.6,70.0,24.1,100,66.7,74.9,408,0,medium,1,medium,low,low,1,70,[],0,100,70,100,74.5,433
CHEMBL108341,O=C(CCn1c2c(c(=O)[nH]c1=O)CSCC2)NCC(=O)c1ccc(-c2ccccc2)cc1,PARP1,resistant,scout1,20.0,0.0,0.54,2.57,100.0,,database,56.1,98.0,100.0,56.1,70,82.6,77.4,287,0,medium,0,low,low,low,0,85,"['hERG_channel', 'dopamine_D2']",2,70,85,70,74.5,434
CHEMBL206139,COc1cc([N+](=O)[O-])c(Cl)cc1NC(=O)Nc1cnc(C#N)cn1,CHEK1,resistant,scout1,42.0,0.0,0.638,2.52,92.8,,database,45.4,95.8,92.8,45.4,70,83.1,70.6,668,0,low,0,low,low,low,0,100,[],0,100,100,100,74.5,435
,NS(=O)(=O)CCCCC[Se](=O)CC(=O)C(F)(F)F,FOLH1,other,scout2,4.62,356.2,0.519,2.2,70.0,0.488,r_group,77.1,99.5,70.0,23.1,100,86.7,74.8,421,0,medium,1,medium,low,low,1,70,[],0,100,70,100,74.5,436
,O=C(C[Se](=O)CCCCCC1CC1)C(F)(F)F,FOLH1,other,scout2,4.63,317.2,0.507,2.1,70.0,0.478,r_group,77.0,99.5,70.0,23.1,100,87.8,74.9,410,0,medium,1,medium,low,low,1,70,[],0,100,70,100,74.5,437
,C.COc1ncc(/C=C/C(=O)N2C[C@H]3C[C@@]34C2=CC(=O)c2[nH]c(C)c(S(N)(=O)=O)c24)cn1,MAP2K1,sensitive,scout2,3.63,457.5,0.657,4.0,70.0,0.467,bioisostere,80.5,99.6,70.0,24.2,100,66.7,75.0,405,0,medium,1,medium,low,low,1,70,[],0,100,70,100,74.5,438
,COC(=O)c1c(C)[nH]c2c1[C@@]13C[C@@H]1CN(C(=O)/C=C/c1ccc(OC(C)C)nn1)C3=CC2=O,MAP2K1,sensitive,scout2,3.58,448.5,0.552,4.1,70.0,0.534,r_group,80.7,99.6,70.0,24.2,100,65.6,75.0,404,0,medium,1,medium,low,low,1,70,[],0,100,70,100,74.5,439
,COC(=O)c1c(C)[nH]c2c1[C@@]13C[C@@H]1CN(C(=O)/C=C/c1ccc(OC4CC4)nn1)C3=CC2=O,MAP2K1,sensitive,scout2,3.64,446.5,0.554,4.1,70.0,0.516,r_group,80.5,99.6,70.0,24.1,100,65.6,75.0,401,0,medium,1,medium,low,low,1,70,[],0,100,70,100,74.5,440
,CNCCCCC[Se](=O)CC(=O)C(F)(F)F,FOLH1,other,scout2,4.72,306.2,0.55,2.0,70.0,0.507,r_group,76.8,99.5,70.0,23.0,100,88.9,74.8,420,0,medium,1,medium,low,low,1,70,[],0,100,70,100,74.5,441
,COc1ncc(/C=C/C(=O)N2C[C@H]3C[C@@]34C2=CC(=O)c2[nH]c(C)c(C(=O)SC)c24)cn1,MAP2K1,sensitive,scout2,3.77,436.5,0.734,3.9,70.0,0.523,bioisostere,80.0,99.6,70.0,24.0,100,67.8,74.9,411,0,medium,1,medium,low,low,1,70,[],0,100,70,100,74.4,442
,COc1ccc(/C=C/C(=O)N2C[C@H]3C[C@@]34C2=CC(=O)c2[nH]c(C)c(C(=O)OC(F)(F)F)c24)nn1,MAP2K1,sensitive,scout2,3.67,474.4,0.535,4.2,70.0,0.561,r_group,80.4,99.6,70.0,24.1,100,64.4,74.9,409,0,medium,1,medium,low,low,1,70,[],0,100,70,100,74.4,443
CHEMBL388978,CN[C@@H]1C[C@H]2O[C@@](C)([C@@H]1OC)n1c3ccccc3c3c4c(c5c6ccccc6n2c5c31)C(=O)NC4,AURKA,resistant,scout1,16.0,0.0,0.406,4.95,98.1,,database,59.3,78.7,98.1,59.3,70,56.1,72.3,578,0,medium,0,low,low,low,0,85,[],0,100,85,100,74.4,444
CHEMBL388978,CN[C@@H]1C[C@H]2O[C@@](C)([C@@H]1OC)n1c3ccccc3c3c4c(c5c6ccccc6n2c5c31)C(=O)NC4,AURKA,resistant,scout1,16.0,0.0,0.406,4.95,98.1,,database,59.3,78.7,98.1,59.3,70,56.1,72.3,577,0,medium,0,low,low,low,0,85,[],0,100,85,100,74.4,445
CHEMBL388978,CN[C@@H]1C[C@H]2O[C@@](C)([C@@H]1OC)n1c3ccccc3c3c4c(c5c6ccccc6n2c5c31)C(=O)NC4,AURKA,resistant,scout1,16.0,0.0,0.406,4.95,98.1,,database,59.3,78.7,98.1,59.3,70,56.1,72.3,576,0,medium,0,low,low,low,0,85,[],0,100,85,100,74.4,446
CHEMBL388978,CN[C@@H]1C[C@H]2O[C@@](C)([C@@H]1OC)n1c3ccccc3c3c4c(c5c6ccccc6n2c5c31)C(=O)NC4,AURKA,resistant,scout1,16.0,0.0,0.406,4.95,98.1,,database,59.3,78.7,98.1,59.3,70,56.1,72.3,575,0,medium,0,low,low,low,0,85,[],0,100,85,100,74.4,447
,CCC1CCNc2cc3[nH]c(=O)cc(C#N)c3cc21,AR,sensitive,scout2,5.46,253.3,0.821,2.4,70.0,0.517,bioisostere,74.7,99.5,70.0,22.4,100,84.4,73.8,480,1,medium,0,low,high,low,0,75,[],0,100,75,100,74.4,448
CHEMBL388978,CN[C@@H]1C[C@H]2O[C@@](C)([C@@H]1OC)n1c3ccccc3c3c4c(c5c6ccccc6n2c5c31)C(=O)NC4,AURKA,resistant,scout1,16.0,0.0,0.406,4.95,98.1,,database,59.3,78.7,98.1,59.3,70,56.1,72.3,574,0,medium,0,low,low,low,0,85,[],0,100,85,100,74.4,449
CHEMBL388978,CN[C@@H]1C[C@H]2O[C@@](C)([C@@H]1OC)n1c3ccccc3c3c4c(c5c6ccccc6n2c5c31)C(=O)NC4,AURKA,resistant,scout1,16.0,0.0,0.406,4.95,98.1,,database,59.3,78.7,98.1,59.3,70,56.1,72.3,573,0,medium,0,low,low,low,0,85,[],0,100,85,100,74.4,450
CHEMBL388978,CN[C@@H]1C[C@H]2O[C@@](C)([C@@H]1OC)n1c3ccccc3c3c4c(c5c6ccccc6n2c5c31)C(=O)NC4,AURKA,resistant,scout1,16.0,0.0,0.406,4.95,98.1,,database,59.3,78.7,98.1,59.3,70,56.1,72.3,567,0,medium,0,low,low,low,0,85,[],0,100,85,100,74.4,451
CHEMBL564099,CNC(=O)Nc1ccc(-c2nc(N3CCOCC3)c3cnn(C4CCN(C)CC4)c3n2)cc1,MTOR,escape_route,scout1,22.0,0.0,0.629,2.62,100.0,,database,54.7,97.8,100.0,38.3,70,82.0,74.2,460,0,medium,0,low,low,low,0,85,[],0,100,85,100,74.4,452
CHEMBL108702,Nc1cccc(-c2ccc(C(=O)CNC(=O)CCn3c4c(c(=O)[nH]c3=O)CSCC4)cc2)c1,PARP1,resistant,scout1,20.0,0.0,0.362,2.72,100.0,,database,56.1,98.0,100.0,56.1,70,80.9,77.3,294,1,medium,0,low,low,low,0,85,"['hERG_channel', 'dopamine_D2']",2,70,85,70,74.4,453
,CCCCCCNCC(=O)C(F)(F)Cl,FOLH1,other,scout2,5.01,227.7,0.51,1.8,70.0,0.603,bioisostere,75.9,99.5,70.0,22.8,100,91.1,74.6,429,0,medium,1,medium,low,low,1,70,[],0,100,70,100,74.4,454
CHEMBL550286,Oc1cccc(-c2nc(N3CCOCC3)c3cnn(C4CCN(Cc5cccnc5)CC4)c3n2)c1,MTOR,escape_route,scout1,9.6,0.0,0.474,2.66,99.5,,database,66.6,79.2,99.5,46.6,70,81.6,74.3,454,0,medium,0,low,high,low,0,75,[],0,100,75,100,74.3,455
,CNC.COc1ccc(/C=C/C(=O)N2C[C@H]3C[C@@]34C2=CC(=O)c2[nH]c(C)cc24)nn1.O,MAP2K1,sensitive,scout2,3.84,425.5,0.706,3.9,70.0,0.512,bioisostere,79.7,99.6,70.0,23.9,100,67.8,74.8,417,1,medium,1,medium,low,low,1,70,[],0,100,70,100,74.3,456
,Cl.N#Cc1cccc(-c2nc(N3CCOCC3)c3sccc3n2)c1,PIK3CA,escape_route,scout2,16.27,358.9,0.701,3.0,70.0,0.569,r_group,59.0,98.4,70.0,41.3,100,77.8,71.4,626,0,medium,0,low,low,low,0,85,[],0,100,85,100,74.3,457
,CCCCCCC[Se](=O)(=O)CC(=O)C(F)(F)F,FOLH1,other,scout2,4.85,321.2,0.509,2.1,70.0,0.651,r_group,76.4,99.5,70.0,22.9,100,87.8,74.6,431,0,medium,1,medium,low,low,1,70,[],0,100,70,100,74.3,458
,CCCCCCNCC(=O)C(Cl)(Cl)Cl,FOLH1,other,scout2,5.15,260.6,0.563,1.8,70.0,0.536,bioisostere,75.5,99.5,70.0,22.7,100,91.1,74.5,436,0,medium,1,medium,low,low,1,70,[],0,100,70,100,74.3,459
,NCCCCC[Se](=O)(=O)CC(=O)C(F)(F)F,FOLH1,other,scout2,5.02,308.2,0.572,2.0,70.0,0.475,r_group,75.9,99.5,70.0,22.8,100,88.9,74.5,438,0,medium,1,medium,low,low,1,70,[],0,100,70,100,74.3,460
,Cl.Sc1cccc(-c2nc(N3CCOCC3)c3sccc3n2)c1,PIK3CA,escape_route,scout2,16.59,365.9,0.699,2.9,70.0,0.553,bioisostere,58.7,98.3,70.0,41.1,100,78.9,71.3,634,0,medium,0,low,low,low,0,85,[],0,100,85,100,74.3,461
,N#Cc1cc(O)nc2cc3c(cc12)[C@H]1CCCC[C@@H]1CN3,AR,sensitive,scout2,5.65,279.3,0.774,2.6,70.0,0.532,bioisostere,74.2,99.4,70.0,22.3,100,82.2,73.6,498,1,medium,0,low,high,low,0,75,[],0,100,75,100,74.2,462
CHEMBL204318,CCCCC(=O)Nc1ncc(Nc2ncnc3cc(OCCCN4CCOCC4)c(OC)cc23)cn1,AURKA,resistant,scout1,17.0,0.0,0.361,2.63,87.2,,database,58.4,78.6,87.2,58.4,70,81.9,71.0,653,0,medium,0,low,low,low,0,85,[],0,100,85,100,74.2,463
,Cl.Oc1ccoc1.c1nc(N2CCOCC2)c2sccc2n1,PIK3CA,escape_route,scout2,17.27,341.8,0.733,2.8,70.0,0.413,bioisostere,58.2,98.3,70.0,40.7,100,80.0,71.1,648,0,medium,0,low,low,low,0,85,[],0,100,85,100,74.2,464
CHEMBL110115,O=C(CCn1c2c(c(=O)[nH]c1=O)CSCC2)NCC(=O)c1ccc(OC(F)F)cc1,PARP1,resistant,scout1,30.0,0.0,0.601,2.79,100.0,,database,50.3,97.0,100.0,50.3,70,80.1,74.4,439,0,low,0,low,low,low,0,100,"['hERG_channel', 'dopamine_D2']",2,70,100,70,74.2,465
,Cl.NS(=O)(=O)c1cccc(-c2nc(N3CCOCC3)c3sccc3n2)c1,PIK3CA,escape_route,scout2,16.27,412.9,0.708,3.2,70.0,0.548,r_group,59.0,98.4,70.0,41.3,100,75.6,71.3,635,0,medium,0,low,low,low,0,85,[],0,100,85,100,74.2,466
,CCCCCC[Se](=O)(=O)CC(=O)C(C)(F)F,FOLH1,other,scout2,5.15,303.2,0.511,2.0,70.0,0.479,bioisostere,75.5,99.5,70.0,22.7,100,88.9,74.4,445,0,medium,1,medium,low,low,1,70,[],0,100,70,100,74.2,467
CHEMBL4240212,O=C1CCCN1c1ccc(S(=O)(=O)N2CCCc3ccccc32)cc1,MDM2,sensitive,scout1,12.0,0.0,0.85,2.08,100.0,,database,63.4,98.8,100.0,19.0,70,88.0,74.5,433,0,medium,0,low,low,low,0,85,[],0,100,85,100,74.2,468
,O=C(NC1CCNCC1)c1n[nH]cc1NC(=O)c1c(O)cccc1Cl,CDK4,sensitive,scout2,7.44,363.8,0.564,3.1,70.0,0.485,r_group,70.2,99.3,70.0,21.1,100,76.7,71.9,592,0,medium,0,low,low,low,0,85,[],0,100,85,100,74.2,469
,CNCCCCC[Se](=O)(=O)CC(=O)C(F)(F)F,FOLH1,other,scout2,5.11,322.2,0.547,2.1,70.0,0.476,r_group,75.6,99.5,70.0,22.7,100,87.8,74.4,441,0,medium,1,medium,low,low,1,70,[],0,100,70,100,74.1,470
,CNC.COc1ncc(/C=C/C(=O)N2C[C@H]3C[C@@]34C2=CC(=O)c2[nH]c(C)cc24)cn1.O,MAP2K1,sensitive,scout2,4.07,425.5,0.706,3.9,70.0,0.566,bioisostere,78.9,99.6,70.0,23.7,100,67.8,74.5,434,1,medium,1,medium,low,low,1,70,[],0,100,70,100,74.1,471
,Cc1nc(N)sc1-c1ccnc(Oc2cccc([N+](=O)[O-])c2)n1,CDK4,sensitive,scout2,7.79,329.3,0.577,2.9,70.0,0.471,bioisostere,69.6,99.2,70.0,20.9,100,78.9,71.8,595,0,medium,0,low,low,low,0,85,[],0,100,85,100,74.1,472
,CC(C)CCCCC[Se](=O)(=O)CC(=O)C(F)(F)F,FOLH1,other,scout2,5.09,335.2,0.503,2.2,70.0,0.537,r_group,75.7,99.5,70.0,22.7,100,86.7,74.3,448,0,medium,1,medium,low,low,1,70,[],0,100,70,100,74.1,473
,N#Cc1cc(O)nc2cc3c(cc12)[C@H]1CCCC[C@H]1CN3,AR,sensitive,scout2,5.68,279.3,0.774,2.6,70.0,0.548,bioisostere,74.1,99.4,70.0,22.2,100,82.2,73.5,507,1,medium,0,low,high,low,0,75,[],0,100,75,100,74.1,474
,O=C(C[Se](=O)(=O)CCCCCC1CC1)C(F)(F)F,FOLH1,other,scout2,5.06,333.2,0.505,2.2,70.0,0.499,r_group,75.8,99.5,70.0,22.7,100,86.7,74.3,453,0,medium,1,medium,low,low,1,70,[],0,100,70,100,74.1,475
,Cl.c1cc(-c2nc(N3CCOCC3)c3sccc3n2)cc(C2CC2)c1,PIK3CA,escape_route,scout2,16.9,373.9,0.677,3.1,70.0,0.52,r_group,58.5,98.3,70.0,40.9,100,76.7,71.1,652,0,medium,0,low,low,low,0,85,[],0,100,85,100,74.1,476
,Cl.NC(=O)c1cccc(-c2nc(N3CCOCC3)c3sccc3n2)c1,PIK3CA,escape_route,scout2,16.72,376.9,0.76,3.1,70.0,0.494,r_group,58.6,98.3,70.0,41.0,100,76.7,71.2,646,0,medium,0,low,low,low,0,85,[],0,100,85,100,74.1,477
,CCOc1ccc(/C=C/C(=O)N2C[C@H]3C[C@@]34C2=CC(=O)c2[nH]c(C)c(C(=O)OC)c24)nn1,MAP2K1,sensitive,scout2,4.08,434.5,0.567,4.0,70.0,0.596,r_group,78.8,99.6,70.0,23.7,100,66.7,74.4,444,0,medium,1,medium,low,low,1,70,[],0,100,70,100,74.0,478
,CN(C)c1cccc(-c2nc(N3CCOCC3)c3sccc3n2)c1.Cl,PIK3CA,escape_route,scout2,17.15,376.9,0.697,3.1,70.0,0.444,r_group,58.3,98.3,70.0,40.8,100,76.7,71.0,655,1,medium,0,low,low,low,0,85,[],0,100,85,100,74.0,479
,Cl.FC(F)(F)c1cccc(-c2nc(N3CCOCC3)c3sccc3n2)c1,PIK3CA,escape_route,scout2,16.91,401.8,0.627,3.2,70.0,0.55,r_group,58.5,98.3,70.0,40.9,100,75.6,71.0,654,0,medium,0,low,low,low,0,85,[],0,100,85,100,74.0,480
,CN(C)CCCCC[Se](=O)(=O)CC(=O)C(F)(F)F,FOLH1,other,scout2,5.14,336.2,0.503,2.2,70.0,0.574,r_group,75.5,99.5,70.0,22.7,100,86.7,74.3,452,1,medium,1,medium,low,low,1,70,[],0,100,70,100,74.0,481
,O=C(NC1CCNCC1)c1n[nH]cc1NC(=O)c1c(Cl)cccc1C1CC1,CDK4,sensitive,scout2,7.66,387.9,0.633,3.4,70.0,0.469,r_group,69.8,99.2,70.0,20.9,100,73.3,71.6,612,0,medium,0,low,low,low,0,85,[],0,100,85,100,73.9,482
,Cc1nc(N)sc1-c1ccnc(Nc2ccoc2)n1.O=[N+][O-],CDK4,sensitive,scout2,8.36,319.3,0.553,2.8,70.0,0.461,bioisostere,68.6,99.2,70.0,20.6,100,80.0,71.4,624,0,medium,0,low,low,low,0,85,[],0,100,85,100,73.9,483
CHEMBL101995,COC(=O)c1c(C)[nH]c2c1[C@@]13C[C@@H]1CN(C(=O)/C=C/c1ccc(OC)cc1)C3=CC2=O,MAP2K1,sensitive,scout1,2.9,0.0,0.609,4.12,100.0,,database,83.7,79.8,100.0,25.1,70,65.3,75.6,362,0,medium,1,medium,low,low,1,70,[],0,100,70,100,73.9,484
,NS(=O)(=O)CCCCC[Se](=O)(=O)CC(=O)C(F)(F)F,FOLH1,other,scout2,5.18,372.2,0.502,2.4,70.0,0.462,r_group,75.4,99.5,70.0,22.6,100,84.4,74.1,464,0,medium,1,medium,low,low,1,70,[],0,100,70,100,73.9,485
,COc1cccc(Cl)c1C(=O)Nc1c[nH]nc1C(=O)NC1CCNCC1,CDK4,sensitive,scout2,7.82,377.8,0.635,3.2,70.0,0.416,r_group,69.5,99.2,70.0,20.9,100,75.6,71.6,614,0,medium,0,low,low,low,0,85,[],0,100,85,100,73.9,486
,O=C(NC1CCOCC1)c1n[nH]cc1NC(=O)c1c(Cl)cccc1Cl,CDK4,sensitive,scout2,7.9,383.2,0.757,3.1,70.0,0.495,bioisostere,69.4,99.2,70.0,20.8,100,76.7,71.6,615,0,medium,0,low,low,low,0,85,[],0,100,85,100,73.9,487
,O=C(NC1CCNCC1)c1n[nH]cc1NC(=O)c1c(F)cccc1Cl,CDK4,sensitive,scout2,7.91,365.8,0.665,3.1,70.0,0.44,r_group,69.4,99.2,70.0,20.8,100,76.7,71.6,616,0,medium,0,low,low,low,0,85,[],0,100,85,100,73.9,488
,N#Cc1cccc(Cl)c1C(=O)Nc1c[nH]nc1C(=O)NC1CCNCC1,CDK4,sensitive,scout2,7.99,372.8,0.65,3.2,70.0,0.427,r_group,69.2,99.2,70.0,20.8,100,75.6,71.5,619,0,medium,0,low,low,low,0,85,[],0,100,85,100,73.8,489
,CC(=O)O[C@@H]1C[C@]2(C)C(=O)CC[C@H]2C2=C1[C@@]1(C)[CH]OC(=O)c3coc(c31)C2=O.CNC,PIK3CB,escape_route,scout2,10.7,428.5,0.679,3.9,70.0,0.448,bioisostere,65.0,98.9,70.0,45.5,100,67.8,73.5,512,1,medium,1,medium,low,low,1,70,[],0,100,70,100,73.8,490
,CNC[C@H]1OC(=O)c2coc3c2[C@@]1(C)C1=C(C3=O)[C@@H]2CCC(=O)[C@@]2(C)C[C@H]1OC(C)=O,PIK3CB,escape_route,scout2,10.72,427.5,0.73,3.9,70.0,0.595,bioisostere,65.0,98.9,70.0,45.5,100,67.8,73.4,514,0,medium,1,medium,low,low,1,70,[],0,100,70,100,73.8,491
,COC(=O)c1c(C(C)C)[nH]c2c1[C@@]13C[C@@H]1CN(C(=O)/C=C/c1ccc(OC)nn1)C3=CC2=O,MAP2K1,sensitive,scout2,4.22,448.5,0.552,4.1,70.0,0.579,r_group,78.4,99.6,70.0,23.5,100,65.6,74.2,457,0,medium,1,medium,low,low,1,70,[],0,100,70,100,73.8,492
CHEMBL115090,CCC(C(=O)N[C@@H](CC(=O)O)C(=O)CNCCc1ccccc1)n1cccc(NC(=O)c2ccc3ccccc3c2)c1=O,CD274,immune,scout1,0.37,0.0,0.166,3.38,68.3,,database,100.0,80.0,68.3,30.0,70,73.6,75.3,384,0,medium,0,low,high,low,0,75,"['hERG_channel', 'dopamine_D2']",2,70,75,70,73.8,493
,CC(C)c1cccc(Cl)c1C(=O)Nc1c[nH]nc1C(=O)NC1CCNCC1,CDK4,sensitive,scout2,7.89,389.9,0.631,3.4,70.0,0.427,r_group,69.4,99.2,70.0,20.8,100,73.3,71.4,630,0,medium,0,low,low,low,0,85,[],0,100,85,100,73.8,494
,CN(C)c1cccc(Cl)c1C(=O)Nc1c[nH]nc1C(=O)NC1CCNCC1,CDK4,sensitive,scout2,7.82,390.9,0.624,3.4,70.0,0.44,r_group,69.5,99.2,70.0,20.9,100,73.3,71.5,623,1,medium,0,low,low,low,0,85,[],0,100,85,100,73.8,495
CHEMBL110178,O=C(CCn1c2c(c(=O)[nH]c1=O)CSCC2)NCC(=O)N1CCN(c2ccncc2)CC1,PARP1,resistant,scout1,40.0,0.0,0.603,2.8,100.0,,database,46.1,96.0,100.0,46.1,70,80.0,72.3,569,0,low,0,low,high,low,0,90,[],0,100,90,100,73.8,496
,Cc1cccc(Cl)c1C(=O)Nc1c[nH]nc1C(=O)NC1CCNCC1,CDK4,sensitive,scout2,8.05,361.8,0.67,3.1,70.0,0.496,r_group,69.1,99.2,70.0,20.7,100,76.7,71.5,620,0,medium,0,low,low,low,0,85,[],0,100,85,100,73.8,497
,NC(=O)c1cccc(Cl)c1C(=O)Nc1c[nH]nc1C(=O)NC1CCNCC1,CDK4,sensitive,scout2,8.1,390.8,0.515,3.4,70.0,0.474,r_group,69.0,99.2,70.0,20.7,100,73.3,71.3,644,0,medium,0,low,low,low,0,85,[],0,100,85,100,73.7,498
,COC[CH][C@]1(C)C2=C(C(=O)c3occ(C(N)=O)c31)[C@@H]1CCC(=O)[C@@]1(C)C[C@H]2OC(C)=O,PIK3CB,escape_route,scout2,11.02,428.5,0.713,3.9,70.0,0.407,bioisostere,64.6,98.9,70.0,45.2,100,67.8,73.3,532,0,medium,1,medium,low,low,1,70,[],0,100,70,100,73.7,499
,O=C(O)c1cccc(Cl)c1C(=O)Nc1c[nH]nc1C(=O)NC1CCNCC1,CDK4,sensitive,scout2,8.1,391.8,0.524,3.4,70.0,0.479,r_group,69.0,99.2,70.0,20.7,100,73.3,71.3,643,0,medium,0,low,low,low,0,85,[],0,100,85,100,73.7,500
,Cl.Cl.O=C(Nc1c[nH]nc1C(=O)NC1CCNCC1)c1ccoc1,CDK4,sensitive,scout2,8.44,376.2,0.647,3.0,70.0,0.412,bioisostere,68.4,99.2,70.0,20.5,100,77.8,71.3,640,0,medium,0,low,low,low,0,85,[],0,100,85,100,73.7,501
,CCc1cccc(Cl)c1C(=O)Nc1c[nH]nc1C(=O)NC1CCNCC1,CDK4,sensitive,scout2,8.26,375.9,0.644,3.2,70.0,0.432,r_group,68.7,99.2,70.0,20.6,100,75.6,71.3,641,0,medium,0,low,low,low,0,85,[],0,100,85,100,73.7,502
CHEMBL383541,N[C@H](COc1cncc(/C=C/c2ccncc2)c1)Cc1c[nH]c2ccccc12,AKT1,escape_route,scout1,14.0,0.0,0.514,2.95,100.0,,database,61.2,98.6,100.0,42.8,70,78.3,76.8,318,0,medium,0,low,high,low,0,75,['serotonin_5HT2'],1,85,75,85,73.7,503
CHEMBL176512,CCCCN(CC)CC(=O)[C@H](CC(=O)O)NC(=O)C(CC)n1cccc(NC(=O)c2ccc3ccccc3c2)c1=O,CD274,immune,scout1,2.3,0.0,0.256,3.46,75.1,,database,87.1,79.8,75.1,26.1,70,72.7,72.1,584,0,medium,0,low,high,low,0,75,[],0,100,75,100,73.6,504
,CNC(=O)c1coc2c1[C](C)C1=C(C2=O)[C@@H]2CCC(=O)[C@@]2(C)C[C@H]1OC(C)=O.COC,PIK3CB,escape_route,scout2,11.17,430.5,0.718,3.9,70.0,0.404,bioisostere,64.4,98.9,70.0,45.1,100,67.8,73.2,541,0,medium,1,medium,low,low,1,70,[],0,100,70,100,73.6,505
CHEMBL1085178,Cc1nc(N)ncc1-c1nc(N2CCOCC2)c2sc(C(C)(C)O)cc2n1,PIK3CB,escape_route,scout1,25.0,0.0,0.704,2.98,100.0,,database,52.9,97.5,100.0,37.0,70,78.0,73.2,542,0,medium,0,low,low,low,0,85,[],0,100,85,100,73.6,506
,CC(N)=O.COC[C@H]1OC(=O)c2coc3c2[C@@]1(C)C1=C(C3=O)[C@@H]2CCC(=O)[C@@]2(C)C[CH]1,PIK3CB,escape_route,scout2,11.16,428.5,0.716,3.9,70.0,0.47,bioisostere,64.4,98.9,70.0,45.1,100,67.8,73.2,545,0,medium,1,medium,low,low,1,70,[],0,100,70,100,73.6,507
CHEMBL3216643,COc1ccc(O)c(C(=O)c2ccc(C(=O)O[C@@H]3CCCNCC3NC(=O)c3ccncc3)cc2)c1F.Cl.Cl,AKT1,escape_route,scout1,5.0,0.0,0.285,3.51,85.7,,database,75.9,79.6,85.7,53.2,70,72.1,74.9,415,1,high,0,low,high,low,0,60,[],0,100,60,100,73.6,508
,COC[C@H]1OC(=O)c2coc3c2[C@@]1(C)C1=C(C3=O)[C@@H]2CCC(=O)[C@@]2(C)C[CH]1.CS(N)(=O)=O,PIK3CB,escape_route,scout2,11.06,464.5,0.652,4.0,70.0,0.419,bioisostere,64.6,98.9,70.0,45.2,100,66.7,73.2,546,0,medium,1,medium,low,low,1,70,[],0,100,70,100,73.6,509
CHEMBL200164,O/N=C1/CCCc2cc(-c3[nH]c(-c4ccccc4)nc3-c3ccncc3)ccc21,BRAF,escape_route,scout1,17.0,0.0,0.373,2.53,92.5,,database,58.4,98.3,92.5,40.9,70,83.0,74.4,446,0,medium,0,low,high,low,0,75,[],0,100,75,100,73.6,510
,COc1cccc(-c2nc(N3CCOCC3)c3sccc3n2)c1.Cl,PIK3CA,escape_route,scout2,18.82,363.9,0.711,3.0,70.0,0.474,r_group,56.9,98.1,70.0,39.9,100,77.8,70.5,672,0,medium,0,low,low,low,0,85,[],0,100,85,100,73.6,511
,CCc1cccc(-c2nc(N3CCOCC3)c3sccc3n2)c1.Cl,PIK3CA,escape_route,scout2,18.68,361.9,0.701,3.0,70.0,0.513,r_group,57.0,98.1,70.0,39.9,100,77.8,70.5,673,0,medium,0,low,low,low,0,85,[],0,100,85,100,73.6,512
,CC(=O)O[C@]1(C(C)=O)CC[C@H]2[C@@H]3C[C@@H](C)C4=CC(=O)CC[C@]4(C)[C@H]3CC[C@@]21C,AR,sensitive,scout2,4.98,386.5,0.648,3.5,70.0,0.695,r_group,76.0,99.5,70.0,22.8,100,72.2,73.7,484,0,medium,1,medium,low,low,1,70,[],0,100,70,100,73.5,513
,O=C(NC1CCNCC1)c1n[nH]cc1NC(=O)c1c(Cl)cccc1C(F)(F)F,CDK4,sensitive,scout2,8.28,415.8,0.617,3.5,70.0,0.433,r_group,68.7,99.2,70.0,20.6,100,72.2,71.1,651,0,medium,0,low,low,low,0,85,[],0,100,85,100,73.5,514
CHEMBL115336,CC(C)[C@H](NC(=O)c1ccccc1)C(=O)N(CC(=O)NC(CC(=O)O)C(=O)c1nc2ccccc2o1)C1Cc2ccccc2C1,CD274,immune,scout1,2.0,0.0,0.206,3.56,69.1,,database,89.1,79.8,69.1,26.7,70,71.6,71.6,610,0,medium,0,low,low,low,0,85,['dopamine_D2'],1,85,85,85,73.5,515
,CC[C@]12CCC(=O)C=C1[C@@H](C)C[C@@H]1[C@@H]2CC[C@@]2(C)[C@H]1CC[C@]2(OC(C)=O)C(C)=O,AR,sensitive,scout2,5.02,400.6,0.622,3.6,70.0,0.627,r_group,75.9,99.5,70.0,22.8,100,71.1,73.6,503,0,medium,1,medium,low,low,1,70,[],0,100,70,100,73.4,516
,CC[C@@H]1C[C@@H]2[C@H](CC[C@@]3(C)[C@H]2CC[C@]3(OC(C)=O)C(C)=O)[C@@]2(C)CCC(=O)C=C12,AR,sensitive,scout2,4.99,400.6,0.622,3.6,70.0,0.719,r_group,76.0,99.5,70.0,22.8,100,71.1,73.6,496,0,medium,1,medium,low,low,1,70,[],0,100,70,100,73.4,517
CHEMBL3702128,O=C1CNCCN1Cc1ccc(Nc2ncc3c4ccncc4n(C4CCCC4)c3n2)nc1,CDK6,sensitive,scout1,2.7,0.0,0.49,2.92,99.8,,database,84.8,79.8,99.8,25.4,70,78.7,76.6,320,0,high,0,low,high,low,0,60,[],0,100,60,100,73.4,518
,CCC(=O)O[C@]1(C(C)=O)CC[C@H]2[C@@H]3C[C@H](C)C4=CC(=O)CC[C@]4(C)[C@H]3CC[C@@]21C,AR,sensitive,scout2,4.98,400.6,0.622,3.6,70.0,0.706,r_group,76.0,99.5,70.0,22.8,100,71.1,73.6,497,0,medium,1,medium,low,low,1,70,[],0,100,70,100,73.4,519
CHEMBL419020,O=C(CCn1c2c(c(=O)[nH]c1=O)CSCC2)NCC(=O)N1CCN(c2ncccc2C(F)(F)F)CC1,PARP1,resistant,scout1,40.0,0.0,0.566,2.96,96.3,,database,46.1,96.0,96.3,46.1,70,78.2,71.4,632,0,low,0,low,high,low,0,90,[],0,100,90,100,73.4,520
CHEMBL220054,O=C(NC(CO)c1ccc(F)c(Cl)c1)c1cc(-c2[nH]ncc2-c2cccc(Cl)c2)c[nH]1,MAPK1,sensitive,scout1,6.0,0.0,0.328,3.12,96.6,,database,73.3,79.5,96.6,22.0,70,76.4,71.8,601,0,medium,0,low,low,low,0,85,[],0,100,85,100,73.3,521
CHEMBL203624,N[C@H](CNc1cncc(/C=C/c2ccncc2)c1)Cc1c[nH]c2ccccc12,AKT1,escape_route,scout1,9.7,0.0,0.458,3.01,100.0,,database,66.4,99.0,100.0,46.5,70,77.7,79.0,258,1,high,0,low,high,low,0,60,['serotonin_5HT2'],1,85,60,85,73.3,522
CHEMBL3698724,O=S1(=O)CCN(c2ccc(Nc3ncc4c5ccncc5n(C5CCCC5)c4n3)nn2)CC1,CDK6,sensitive,scout1,9.2,0.0,0.486,3.01,100.0,,database,67.2,99.1,100.0,20.2,70,77.7,75.3,383,0,medium,0,low,high,low,0,75,[],0,100,75,100,73.3,523
,CC1(C)NC(=O)N(c2ccc(C#N)c(C(Cl)(Cl)Cl)c2)C1=O,AR,sensitive,scout2,5.73,346.6,0.627,2.6,70.0,0.57,bioisostere,74.0,99.4,70.0,22.2,100,82.2,73.5,505,0,medium,1,medium,low,low,1,70,[],0,100,70,100,73.3,524
CHEMBL428690,CN1CC[C@H](c2c(O)cc(O)c3c(=O)cc(-c4ccccc4Cl)oc23)[C@H](O)C1,CDK4,sensitive,scout1,6.4,0.0,0.61,3.41,100.0,,database,72.4,79.5,100.0,21.7,70,73.2,72.0,586,0,medium,0,low,low,low,0,85,[],0,100,85,100,73.2,525
CHEMBL428690,CN1CC[C@H](c2c(O)cc(O)c3c(=O)cc(-c4ccccc4Cl)oc23)[C@H](O)C1,CDK4,sensitive,scout1,6.4,0.0,0.61,3.41,100.0,,database,72.4,79.5,100.0,21.7,70,73.2,72.0,589,0,medium,0,low,low,low,0,85,[],0,100,85,100,73.2,526
CHEMBL428690,CN1CC[C@H](c2c(O)cc(O)c3c(=O)cc(-c4ccccc4Cl)oc23)[C@H](O)C1,CDK4,sensitive,scout1,6.4,0.0,0.61,3.41,100.0,,database,72.4,79.5,100.0,21.7,70,73.2,72.0,588,0,medium,0,low,low,low,0,85,[],0,100,85,100,73.2,527
,CC(=O)O[C@]1(C(C)=O)CC[C@H]2[C@@H]3C[C@@H](C(C)C)C4=CC(=O)CC[C@]4(C)[C@H]3CC[C@@]21C,AR,sensitive,scout2,5.13,414.6,0.589,3.8,70.0,0.554,r_group,75.6,99.5,70.0,22.7,100,68.9,73.4,529,0,medium,1,medium,low,low,1,70,[],0,100,70,100,73.2,528
,CC(=O)S[C@@]1(C(C)=O)CC[C@H]2[C@@H]3C[C@H](C)C4=CC(=O)CC[C@]4(C)[C@H]3CC[C@@]21C,AR,sensitive,scout2,5.28,402.6,0.623,3.5,70.0,0.518,bioisostere,75.2,99.5,70.0,22.5,100,72.2,73.4,523,0,medium,1,medium,low,low,1,70,[],0,100,70,100,73.2,529
,CC(=O)[C@@]1(OC(=O)C(C)C)CC[C@H]2[C@@H]3C[C@H](C)C4=CC(=O)CC[C@]4(C)[C@H]3CC[C@@]21C,AR,sensitive,scout2,5.09,414.6,0.589,3.8,70.0,0.56,r_group,75.7,99.5,70.0,22.7,100,68.9,73.4,516,0,medium,1,medium,low,low,1,70,[],0,100,70,100,73.2,530
,CC(=O)O[C@]1(C(=O)C2CC2)CC[C@H]2[C@@H]3C[C@H](C)C4=CC(=O)CC[C@]4(C)[C@H]3CC[C@@]21C,AR,sensitive,scout2,5.09,412.6,0.609,3.8,70.0,0.593,r_group,75.7,99.5,70.0,22.7,100,68.9,73.4,527,0,medium,1,medium,low,low,1,70,[],0,100,70,100,73.2,531
,C.CN[C@@]1(C(C)=O)CC[C@H]2[C@@H]3C[C@H](C)C4=CC(=O)CC[C@]4(C)[C@H]3CC[C@@]21C.O,AR,sensitive,scout2,5.29,391.6,0.769,3.5,70.0,0.557,bioisostere,75.1,99.5,70.0,22.5,100,72.2,73.4,522,0,medium,1,medium,low,low,1,70,[],0,100,70,100,73.2,532
,CCC(=O)[C@@]1(OC(C)=O)CC[C@H]2[C@@H]3C[C@H](C)C4=CC(=O)CC[C@]4(C)[C@H]3CC[C@@]21C,AR,sensitive,scout2,5.26,400.6,0.622,3.6,70.0,0.564,r_group,75.2,99.5,70.0,22.6,100,71.1,73.4,525,0,medium,1,medium,low,low,1,70,[],0,100,70,100,73.2,533
,CC(=O)O[C@]1(C(=O)C(C)C)CC[C@H]2[C@@H]3C[C@H](C)C4=CC(=O)CC[C@]4(C)[C@H]3CC[C@@]21C,AR,sensitive,scout2,5.15,414.6,0.589,3.8,70.0,0.582,r_group,75.5,99.5,70.0,22.7,100,68.9,73.4,528,0,medium,1,medium,low,low,1,70,[],0,100,70,100,73.2,534
,CC[C@]12CC[C@H]3[C@@H](C[C@H](C)C4=CC(=O)CC[C@@]43C)[C@@H]1CC[C@]2(OC(C)=O)C(C)=O,AR,sensitive,scout2,5.28,400.6,0.622,3.6,70.0,0.569,r_group,75.2,99.5,70.0,22.5,100,71.1,73.4,524,0,medium,1,medium,low,low,1,70,[],0,100,70,100,73.2,535
,CC(=O)O[C@]1(C(C)=O)CC[C@H]2[C@@H]3C[C@H](C)C4=CC(=O)CC[C@]4(C)[C@H]3CC[C@@]21C1CC1,AR,sensitive,scout2,5.05,412.6,0.609,3.8,70.0,0.586,r_group,75.8,99.5,70.0,22.7,100,68.9,73.5,508,0,medium,1,medium,low,low,1,70,[],0,100,70,100,73.2,536
,CC(=O)O[C@]1(C(C)=O)CC[C@H]2[C@@H]3C[C@H](C)C4=CC(=O)CC[C@]4(C4CC4)[C@H]3CC[C@@]21C,AR,sensitive,scout2,5.22,412.6,0.609,3.8,70.0,0.587,r_group,75.3,99.5,70.0,22.6,100,68.9,73.3,539,0,medium,1,medium,low,low,1,70,[],0,100,70,100,73.1,537
,CC(=O)O[C@]1(C(C)=O)CC[C@H]2[C@@H]3C[C@@H](C4CC4)C4=CC(=O)CC[C@]4(C)[C@H]3CC[C@@]21C,AR,sensitive,scout2,5.27,412.6,0.609,3.8,70.0,0.551,r_group,75.2,99.5,70.0,22.6,100,68.9,73.2,549,0,medium,1,medium,low,low,1,70,[],0,100,70,100,73.1,538
,CC(=O)O[C@]1(C(C)=O)CC[C@H]2[C@@H]3C[C@H](C)C4=CC(=O)CC[C@]4(C(C)C)[C@H]3CC[C@@]21C,AR,sensitive,scout2,5.19,414.6,0.589,3.8,70.0,0.54,r_group,75.4,99.5,70.0,22.6,100,68.9,73.3,538,0,medium,1,medium,low,low,1,70,[],0,100,70,100,73.1,539
CHEMBL206663,CN(C)CCOCCOc1cc(N2CCCC2)c(NC(=O)Nc2cnc(C#N)cn2)cc1Cl,CHEK1,resistant,scout1,25.0,0.0,0.505,2.76,100.0,,database,52.9,78.0,100.0,52.9,70,80.4,70.8,663,1,medium,0,low,low,low,0,85,[],0,100,85,100,73.1,540
,CC(=O)[C@@]1(OC(=O)C2CC2)CC[C@H]2[C@@H]3C[C@H](C)C4=CC(=O)CC[C@]4(C)[C@H]3CC[C@@]21C,AR,sensitive,scout2,5.21,412.6,0.609,3.8,70.0,0.55,r_group,75.3,99.5,70.0,22.6,100,68.9,73.3,537,0,medium,1,medium,low,low,1,70,[],0,100,70,100,73.1,541
,CC(=O)[C]1CC[C@H]2[C@@H]3C[C@H](C)C4=CC(=O)CC[C@]4(C)[C@H]3CC[C@]12C.CS(N)(=O)=O,AR,sensitive,scout2,5.38,422.6,0.695,3.6,70.0,0.489,bioisostere,74.9,99.5,70.0,22.5,100,71.1,73.3,536,0,medium,1,medium,low,low,1,70,[],0,100,70,100,73.1,542
CHEMBL427196,OCc1ccc(-c2[nH]c(-c3ccccc3)nc2-c2ccncc2)cc1O,BRAF,escape_route,scout1,22.0,0.0,0.523,2.32,100.0,,database,54.7,97.8,100.0,38.3,70,85.3,74.4,442,0,medium,0,low,high,low,0,75,[],0,100,75,100,73.1,543
CHEMBL191816,CC(C)(C)c1ccc(C(=O)Nc2n[nH]c3c2CN(C(=O)c2ccco2)C3)cc1,AURKA,resistant,scout1,41.0,0.0,0.727,2.48,100.0,,database,45.8,95.9,100.0,45.8,70,83.6,72.3,568,0,medium,0,low,low,low,0,85,[],0,100,85,100,73.1,544
CHEMBL3702096,OCCN1CCN(c2ccc(Nc3ncc4c5ccncc5n(C5CCCC5)c4n3)nc2)CC1,CDK6,sensitive,scout1,4.9,0.0,0.454,2.79,99.1,,database,76.2,79.6,99.1,22.9,70,80.1,73.5,513,0,medium,0,low,high,low,0,75,[],0,100,75,100,73.1,545
,CC(=O)O[C@]1(C(C)=O)CC[C@H]2[C@@H]3C[C@H](C)C4=CC(=O)CC[C@]4(C)[C@H]3CC[C@@]21C(C)C,AR,sensitive,scout2,5.35,414.6,0.589,3.8,70.0,0.544,r_group,75.0,99.5,70.0,22.5,100,68.9,73.2,550,0,medium,1,medium,low,low,1,70,[],0,100,70,100,73.0,546
,CC=O.CC[C@@H]1[C](C)CC[C@H]2[C@H]1C[C@H](C)C1=CC(=O)CC[C@@]12C.CNC(C)=O,AR,sensitive,scout2,5.54,390.6,0.646,3.5,70.0,0.445,bioisostere,74.5,99.4,70.0,22.3,100,72.2,73.2,540,0,medium,1,medium,low,low,1,70,[],0,100,70,100,73.0,547
,c1ccc(Nc2ncc(-c3ccnc(SC4CCCCC4)n3)s2)nc1,CDK4,sensitive,scout2,6.92,369.5,0.627,3.1,70.0,0.403,bioisostere,71.3,99.3,70.0,21.4,100,76.7,72.3,570,0,medium,0,low,high,low,0,75,[],0,100,75,100,73.0,548
CHEMBL1084715,CCNc1nc(C)c(-c2ccnc(Nc3ccc(CNC(C)=O)cc3)n2)s1,CDK4,sensitive,scout1,9.0,0.0,0.577,2.39,100.0,,database,67.5,99.1,100.0,20.3,70,84.6,75.8,349,1,high,0,low,low,low,0,70,[],0,100,70,100,73.0,549
CHEMBL3702050,COCCN1CCN(c2ccc(Nc3ncc4c5ccncc5n(C5CCCC5)c4n3)nc2)CC1,CDK6,sensitive,scout1,4.9,0.0,0.432,2.78,98.6,,database,76.2,79.6,98.6,22.9,70,80.2,73.4,526,0,medium,0,low,high,low,0,75,[],0,100,75,100,73.0,550
,CC(=O)[C]1CC[C@H]2[C@@H]3C[C@H](C)C4=CC(=O)CC[C@]4(C)[C@H]3CC[C@]12C.CC(N)=O,AR,sensitive,scout2,5.5,386.6,0.724,3.5,70.0,0.533,bioisostere,74.6,99.5,70.0,22.4,100,72.2,73.2,551,0,medium,1,medium,low,low,1,70,[],0,100,70,100,73.0,551
CHEMBL384304,COc1ccc(F)c(F)c1C(=O)c1cnc(NC2CCN(S(C)(=O)=O)CC2)nc1N,CDK4,sensitive,scout1,15.0,0.0,0.644,2.66,100.0,,database,60.2,98.5,100.0,18.1,70,81.6,73.0,557,0,medium,0,low,low,low,0,85,[],0,100,85,100,72.9,552
CHEMBL199299,COc1cc(-c2ccc3c(c2)NC(=O)/C3=C\c2ncc[nH]2)ccc1O,CHEK1,resistant,scout1,18.0,0.0,0.642,2.6,100.0,,database,57.6,98.2,100.0,57.6,70,82.2,78.1,270,1,medium,1,medium,low,low,1,70,"['hERG_channel', 'dopamine_D2']",2,70,70,70,72.9,553
CHEMBL410643,COC[C@H]1OC(=O)/C(=C/N(C)CCCN(C)C)C2=C(O)C(=O)C3=C([C@H](OC(C)=O)C[C@]4(C)[C@@H](O)CC[C@@H]34)[C@]21C,PIK3CB,escape_route,scout1,13.0,0.0,0.345,4.98,91.9,,database,62.2,98.7,91.9,43.6,70,55.8,74.6,427,1,medium,1,medium,low,low,1,70,[],0,100,70,100,72.9,554
CHEMBL569181,COc1cccc(Nc2ncc(C)c(-c3c[nH]c(C(=O)N[C@H](CO)c4cccc(Cl)c4)c3)n2)c1OC,MAPK1,sensitive,scout1,3.0,0.0,0.26,3.18,85.2,,database,83.3,79.8,85.2,25.0,70,75.8,73.0,558,1,high,0,low,low,low,0,70,[],0,100,70,100,72.9,555
,CNc1c(OC)c(OC)cc2cc(C(=O)N3C[C@H]4C[C@@]45C3=CC(=O)c3c5c(C(=O)OC)c(C)n3C)[nH]c12,MAP2K1,sensitive,scout2,2.92,504.5,0.513,4.6,70.0,0.513,bioisostere,83.6,99.7,70.0,25.1,100,60.0,75.8,344,1,high,1,medium,low,low,1,55,[],0,100,55,100,72.9,556
CHEMBL384304,COc1ccc(F)c(F)c1C(=O)c1cnc(NC2CCN(S(C)(=O)=O)CC2)nc1N,CDK4,sensitive,scout1,15.0,0.0,0.644,2.66,100.0,,database,60.2,98.5,100.0,18.1,70,81.6,73.0,556,0,medium,0,low,low,low,0,85,[],0,100,85,100,72.9,557
CHEMBL108316,O=C(CCn1c2c(c(=O)[nH]c1=O)CSCC2)NCC(=O)N1CCN(c2ncncn2)CC1,PARP1,resistant,scout1,50.0,0.0,0.518,3.0,90.4,,database,42.9,95.0,90.4,42.9,70,77.8,68.5,713,0,low,0,low,low,low,0,100,[],0,100,100,100,72.8,558
CHEMBL586702,FC(F)c1nc2ccccc2n1-c1nc(N2CCOCC2)nc(N2CCOCC2)n1,PIK3CB,escape_route,scout1,44.0,0.0,0.636,2.64,100.0,,database,44.8,95.6,100.0,31.3,70,81.8,69.6,691,0,low,0,low,low,low,0,100,[],0,100,100,100,72.8,559
CHEMBL320579,O=C(Cn1c2c(c(=O)[nH]c1=O)CSCC2)NCCC(=O)N1CCN(c2ncccn2)CC1,PARP1,resistant,scout1,60.0,0.0,0.56,2.84,100.0,,database,40.3,94.0,100.0,40.3,70,79.6,69.1,701,0,low,0,low,low,low,0,100,[],0,100,100,100,72.7,560
,Cl.Fc1cccc(-c2nc(N3CCOCC3)c3oc4ncccc4c3n2)c1,PIK3CA,escape_route,scout2,16.0,386.8,0.521,3.4,70.0,0.653,r_group,59.3,98.4,70.0,41.5,100,73.3,71.3,636,0,medium,0,low,high,low,0,75,[],0,100,75,100,72.7,561
,Cc1cccc(-c2nc(N3CCOCC3)c3oc4ncccc4c3n2)c1.Cl,PIK3CA,escape_route,scout2,16.34,382.9,0.522,3.4,70.0,0.698,r_group,59.0,98.4,70.0,41.3,100,73.3,71.1,649,0,medium,0,low,high,low,0,75,[],0,100,75,100,72.6,562
CHEMBL114791,O=C[C@H](CC(=O)O)NC(=O)[C@@H]1Cc2cccc3c2N1C(=O)[C@@H](NC(=O)c1cccc2ccccc12)CC3,CD274,immune,scout1,10.0,0.0,0.426,3.62,100.0,,database,66.0,99.0,100.0,19.8,70,70.9,74.6,430,1,medium,0,low,low,low,0,85,['dopamine_D2'],1,85,85,85,72.6,563
CHEMBL210540,Cc1cc(-c2cnc(Nc3cnc(CN4CCN(C)CC4)cn3)s2)nc(OC2CCCCC2)n1,CDK6,sensitive,scout1,7.8,0.0,0.54,2.95,100.0,,database,69.6,79.4,100.0,20.9,70,78.3,71.3,633,0,medium,0,low,low,low,0,85,[],0,100,85,100,72.6,564
,c1ccc(Oc2ncc(-c3ccnc(OC4CCCCC4)n3)s2)nc1,CDK4,sensitive,scout2,7.55,354.4,0.672,3.1,70.0,0.481,bioisostere,70.0,99.2,70.0,21.0,100,76.7,71.8,594,0,medium,0,low,high,low,0,75,[],0,100,75,100,72.6,565
,CNc1cc2cc(C(=O)N3C[C@H]4C[C@@]45C3=CC(=O)c3c5c(C(=O)OC)c(C)n3C)[nH]c2c(OC)c1OC,MAP2K1,sensitive,scout2,3.14,504.5,0.513,4.6,70.0,0.503,bioisostere,82.6,99.7,70.0,24.8,100,60.0,75.4,374,1,high,1,medium,low,low,1,55,[],0,100,55,100,72.6,566
,Cl.Oc1cccc(-c2nc(N3CCSCC3)c3oc4ncccc4c3n2)c1,PIK3CA,escape_route,scout2,16.76,400.9,0.542,3.4,70.0,0.674,bioisostere,58.6,98.3,70.0,41.0,100,73.3,71.0,659,0,medium,0,low,high,low,0,75,[],0,100,75,100,72.5,567
CHEMBL173677,CCCCN(C)CC(=O)[C@H](CC(=O)O)NC(=O)C(CC)n1cccc(NC(=O)c2ccc3ccccc3c2)c1=O,CD274,immune,scout1,3.1,0.0,0.28,3.43,75.6,,database,82.8,79.8,75.6,24.8,70,73.0,70.8,662,0,medium,0,low,high,low,0,75,[],0,100,75,100,72.4,568
CHEMBL103,CC(=O)[C@H]1CC[C@H]2[C@@H]3CCC4=CC(=O)CC[C@]4(C)[C@H]3CC[C@]12C,AR,sensitive,scout1,8.5,0.0,0.701,3.95,100.0,,database,68.3,99.2,100.0,20.5,70,67.2,75.2,388,0,medium,1,medium,low,low,1,70,[],0,100,70,100,72.4,569
,Cc1nc(N)sc1-c1ccnc(Nc2ccncc2)n1.O=[N+][O-],CDK4,sensitive,scout2,8.4,330.4,0.549,2.9,70.0,0.436,bioisostere,68.5,99.2,70.0,20.5,100,78.9,71.4,631,0,medium,0,low,high,low,0,75,[],0,100,75,100,72.3,570
,Nc1cc(C(F)(F)F)c2cc3c(cc2n1)NC[C@H]1CCCC[C@H]31,AR,sensitive,scout2,5.0,321.3,0.749,2.9,70.0,0.602,r_group,75.9,99.5,70.0,22.8,100,78.9,74.0,468,1,high,0,low,high,low,0,60,[],0,100,60,100,72.3,571
CHEMBL361708,NC1=NC(=O)/C(=C2\CCNC(=O)c3[nH]c(Br)cc32)N1,MAPK1,sensitive,scout1,9.0,0.0,0.506,3.63,100.0,,database,67.5,99.1,100.0,20.3,70,70.8,75.1,395,0,medium,1,medium,low,low,1,70,[],0,100,70,100,72.3,572
CHEMBL424953,CCC(C(=O)NC(CC(=O)O)C(=O)CN1CCCC1)n1cccc(NC(=O)c2ccc3ccccc3c2)c1=O,CD274,immune,scout1,7.3,0.0,0.345,3.32,81.9,,database,70.5,99.3,81.9,21.2,70,74.2,72.7,562,0,medium,0,low,high,low,0,75,[],0,100,75,100,72.3,573
,CCc1cc(C(F)(F)F)c2cc3c(cc2n1)NC[C@H]1CCCC[C@H]31,AR,sensitive,scout2,4.93,334.4,0.743,3.0,70.0,0.595,r_group,76.1,99.5,70.0,22.8,100,77.8,74.0,465,1,high,0,low,high,low,0,60,[],0,100,60,100,72.3,574
,Cl.Oc1ccncc1.c1nc(N2CCOCC2)c2sccc2n1,PIK3CA,escape_route,scout2,18.13,352.8,0.726,2.9,70.0,0.418,bioisostere,57.5,98.2,70.0,40.2,100,78.9,70.8,661,0,medium,0,low,high,low,0,75,[],0,100,75,100,72.3,575
,CNCCN(C)c1nc(-c2cccc(O)c2)nc2c1oc1ncccc12.Cl,PIK3CA,escape_route,scout2,17.33,385.9,0.545,3.4,70.0,0.419,bioisostere,58.1,98.3,70.0,40.7,100,73.3,70.8,660,0,medium,0,low,high,low,0,75,[],0,100,75,100,72.3,576
CHEMBL381447,CC(C)(CNS(C)(=O)=O)c1nc(-c2ccc(Cl)c(O)c2)c(-c2ccncc2)[nH]1,BRAF,escape_route,scout1,14.0,0.0,0.566,2.83,100.0,,database,61.2,78.9,100.0,42.8,70,79.7,72.0,585,0,medium,0,low,high,low,0,75,[],0,100,75,100,72.3,577
,Cc1cc(C(F)(F)F)c2cc3c(cc2n1)NC[C@H]1CCCC[C@H]31,AR,sensitive,scout2,5.03,320.4,0.716,2.9,70.0,0.615,r_group,75.8,99.5,70.0,22.8,100,78.9,74.0,467,1,high,0,low,high,low,0,60,[],0,100,60,100,72.2,578
,CC(F)(F)c1cc(O)nc2cc3c(cc12)[C@H]1CCCC[C@H]1CN3,AR,sensitive,scout2,5.15,318.4,0.797,2.9,70.0,0.611,bioisostere,75.5,99.5,70.0,22.7,100,78.9,73.9,470,1,high,0,low,high,low,0,60,[],0,100,60,100,72.2,579
,Fc1cc(C(F)(F)F)c2cc3c(cc2n1)NC[C@@H]1CCCC[C@H]31,AR,sensitive,scout2,5.12,324.3,0.539,2.9,70.0,0.612,r_group,75.6,99.5,70.0,22.7,100,78.9,73.9,476,1,high,0,low,high,low,0,60,[],0,100,60,100,72.2,580
,O=C(O)c1cc(C(F)(F)F)c2cc3c(cc2n1)NC[C@H]1CCCC[C@H]31,AR,sensitive,scout2,4.95,350.3,0.786,3.1,70.0,0.594,r_group,76.1,99.5,70.0,22.8,100,76.7,74.0,466,1,high,0,low,high,low,0,60,[],0,100,60,100,72.2,581
,FC(F)(F)c1cc(Cl)nc2cc3c(cc12)[C@H]1CCCC[C@@H]1CN3,AR,sensitive,scout2,5.14,340.8,0.631,2.9,70.0,0.582,r_group,75.5,99.5,70.0,22.7,100,78.9,73.9,472,1,high,0,low,high,low,0,60,[],0,100,60,100,72.2,582
,Nc1cc(C(F)(F)F)c2cc3c(cc2n1)NC[C@@H]1CCCC[C@H]31,AR,sensitive,scout2,5.27,321.3,0.749,2.9,70.0,0.545,r_group,75.2,99.5,70.0,22.6,100,78.9,73.7,491,1,high,0,low,high,low,0,60,[],0,100,60,100,72.1,583
CHEMBL1083151,COc1cc(Nc2nccc(-c3sc(C)nc3C)n2)cc(OC)c1OC,CDK4,sensitive,scout1,11.0,0.0,0.701,2.37,100.0,,database,64.6,98.9,100.0,19.4,70,84.8,74.8,422,1,high,0,low,low,low,0,70,[],0,100,70,100,72.1,584
,Cc1cc(C(F)(F)F)c2cc3c(cc2n1)NC[C@@H]1CCCC[C@H]31,AR,sensitive,scout2,5.16,320.4,0.716,2.9,70.0,0.576,r_group,75.5,99.5,70.0,22.6,100,78.9,73.9,471,1,high,0,low,high,low,0,60,[],0,100,60,100,72.1,585
,CCC1CCNc2cc3[nH]c(=O)cc(C(C)(F)F)c3cc21,AR,sensitive,scout2,5.4,292.3,0.88,2.6,70.0,0.582,bioisostere,74.8,99.5,70.0,22.4,100,82.2,73.8,477,1,high,0,low,high,low,0,60,[],0,100,60,100,72.1,586
,CNc1cc(C(F)(F)F)c2cc3c(cc2n1)NC[C@H]1CCCC[C@H]31,AR,sensitive,scout2,5.14,335.4,0.77,3.0,70.0,0.578,r_group,75.5,99.5,70.0,22.7,100,77.8,73.8,478,1,high,0,low,high,low,0,60,[],0,100,60,100,72.1,587
,Cl.N#Cc1cccc(-c2nc(N3CCOCC3)c3oc4ncccc4c3n2)c1,PIK3CA,escape_route,scout2,17.57,393.8,0.514,3.5,70.0,0.628,r_group,57.9,98.2,70.0,40.5,100,72.2,70.6,667,0,medium,0,low,high,low,0,75,[],0,100,75,100,72.1,588
,Cl.Oc1cc[nH]c1.c1cnc2oc3c(N4CCOCC4)ncnc3c2c1,PIK3CA,escape_route,scout2,18.36,375.8,0.527,3.2,70.0,0.421,bioisostere,57.3,98.2,70.0,40.1,100,75.6,70.5,671,0,medium,0,low,high,low,0,75,[],0,100,75,100,72.1,589
,FC(F)(F)c1cc(C2CC2)nc2cc3c(cc12)[C@H]1CCCC[C@H]1CN3,AR,sensitive,scout2,5.19,346.4,0.703,3.1,70.0,0.534,r_group,75.4,99.5,70.0,22.6,100,76.7,73.7,494,1,high,0,low,high,low,0,60,[],0,100,60,100,72.0,590
CHEMBL402272,Nc1nccc(-c2cc3c([nH]2)CCNC3=O)n1,CDK4,sensitive,scout1,29.0,0.0,0.656,2.81,100.0,,database,50.7,97.1,100.0,15.2,70,79.9,69.3,695,0,low,0,low,low,low,0,100,[],0,100,100,100,72.0,591
CHEMBL107935,O=C(CCn1c2c(c(=O)[nH]c1=O)CSCC2)NCC(=O)c1ccc(Oc2ccccc2)cc1,PARP1,resistant,scout1,30.0,0.0,0.495,2.61,100.0,,database,50.3,97.0,100.0,50.3,70,82.1,74.5,435,0,medium,0,low,low,low,0,85,"['hERG_channel', 'dopamine_D2']",2,70,85,70,72.0,592
CHEMBL541906,Cl.Oc1ccc(-c2nc(N3CCOCC3)c3oc4ncccc4c3n2)cc1,PIK3CA,escape_route,scout1,26.0,0.0,0.567,2.62,100.0,,database,52.3,97.4,100.0,36.6,70,82.0,73.1,554,0,medium,0,low,high,low,0,75,[],0,100,75,100,72.0,593
,FC(F)(F)c1cc(C(F)(F)F)c2cc3c(cc2n1)NC[C@H]1CCCC[C@H]31,AR,sensitive,scout2,5.17,374.3,0.575,3.2,70.0,0.577,r_group,75.5,99.5,70.0,22.6,100,75.6,73.7,495,1,high,0,low,high,low,0,60,[],0,100,60,100,72.0,594
,Cl.Oc1ccoc1.c1cnc2oc3c(N4CCOCC4)ncnc3c2c1,PIK3CA,escape_route,scout2,18.63,376.8,0.541,3.2,70.0,0.443,bioisostere,57.1,98.1,70.0,40.0,100,75.6,70.4,674,0,medium,0,low,high,low,0,75,[],0,100,75,100,72.0,595
,N#Cc1cc(C(F)(F)F)c2cc3c(cc2n1)NC[C@H]1CCCC[C@H]31,AR,sensitive,scout2,5.29,331.3,0.752,3.0,70.0,0.525,r_group,75.1,99.5,70.0,22.5,100,77.8,73.7,487,1,high,0,low,high,low,0,60,[],0,100,60,100,72.0,596
,CN(C)c1cc(C(F)(F)F)c2cc3c(cc2n1)NC[C@H]1CCCC[C@H]31,AR,sensitive,scout2,5.2,349.4,0.784,3.1,70.0,0.53,r_group,75.4,99.5,70.0,22.6,100,76.7,73.7,488,2,high,0,low,high,low,0,60,[],0,100,60,100,72.0,597
CHEMBL108968,O=C(CCn1c2c(c(=O)[nH]c1=O)CSCC2)NCC(=O)c1ccc(OC(=O)c2ccccc2)cc1,PARP1,resistant,scout1,30.0,0.0,0.279,2.65,100.0,,database,50.3,97.0,100.0,50.3,70,81.7,74.4,443,0,medium,0,low,low,low,0,85,"['hERG_channel', 'dopamine_D2']",2,70,85,70,72.0,598
,CN(C)c1cccc(-c2nc(N3CCOCC3)c3oc4ncccc4c3n2)c1.Cl,PIK3CA,escape_route,scout2,17.74,411.9,0.508,3.6,70.0,0.644,r_group,57.8,98.2,70.0,40.4,100,71.1,70.5,669,1,medium,0,low,high,low,0,75,[],0,100,75,100,72.0,599
CHEMBL3702047,CCN1CCN(c2ccc(Nc3ncc4c5ccncc5n(C5CCCC5)c4n3)nc2)CC1,CDK6,sensitive,scout1,6.4,0.0,0.492,2.74,99.8,,database,72.4,79.5,99.8,21.7,70,80.7,72.3,572,0,medium,0,low,high,low,0,75,[],0,100,75,100,72.0,600
CHEMBL258721,CC(C)c1nn(-c2c(Cl)cccc2Cl)c2nc(Cc3ccc(OCCO)cc3)[nH]c(=O)c12,CDK4,sensitive,scout1,9.0,0.0,0.412,2.69,98.2,,database,67.5,79.3,98.2,20.3,70,81.2,70.3,676,0,medium,0,low,low,low,0,85,[],0,100,85,100,71.9,601
,CNc1c(OC)cc2cc(C(=O)N3C[C@H]4C[C@@]45C3=CC(=O)c3c5c(C(=O)OC)c(C)n3C)[nH]c2c1OC,MAP2K1,sensitive,scout2,3.71,504.5,0.513,4.6,70.0,0.498,bioisostere,80.2,99.6,70.0,24.1,100,60.0,74.6,428,1,high,1,medium,low,low,1,55,[],0,100,55,100,71.9,602
,CCc1cc(C(F)(F)F)c2cc3c(cc2n1)NC[C@@H]1CCCC[C@H]31,AR,sensitive,scout2,5.32,334.4,0.743,3.0,70.0,0.525,r_group,75.0,99.5,70.0,22.5,100,77.8,73.6,499,1,high,0,low,high,low,0,60,[],0,100,60,100,71.9,603
CHEMBL200942,O/N=C/c1ccc(-c2[nH]c(-c3ccccc3)nc2-c2ccncc2)cc1O,BRAF,escape_route,scout1,27.0,0.0,0.288,2.51,100.0,,database,51.8,97.3,100.0,36.2,70,83.2,73.0,555,0,medium,0,low,high,low,0,75,[],0,100,75,100,71.9,604
,N#Cc1cc(C(F)(F)F)c2cc3c(cc2n1)NC[C@@H]1CCCC[C@H]31,AR,sensitive,scout2,5.34,331.3,0.752,3.0,70.0,0.519,r_group,75.0,99.5,70.0,22.5,100,77.8,73.6,500,1,high,0,low,high,low,0,60,[],0,100,60,100,71.9,605
,COc1nc(N)sc1-c1ccnc(Nc2cccc([N+](=O)[O-])c2)n1,CDK4,sensitive,scout2,7.66,344.4,0.534,3.0,70.0,0.519,r_group,69.8,99.2,70.0,20.9,100,77.8,71.8,596,1,high,0,low,low,low,0,70,[],0,100,70,100,71.9,606
CHEMBL371029,CO[C@H]1C[C@@H]2CC[C@@H](C)[C@@](O)(O2)C(=O)C(=O)N2CCCC[C@H]2C(=O)N[C@H](CCc2ccccc2)C(=O)NCC(=O)N(C)CC(=O)O[C@H]1C,MTOR,escape_route,scout1,9.6,0.0,0.301,5.91,71.5,,database,66.6,99.0,71.5,46.6,70,45.4,71.8,600,1,medium,1,medium,low,low,1,70,[],0,100,70,100,71.9,607
,CCc1nc(N)sc1-c1ccnc(Nc2cccc([N+](=O)[O-])c2)n1,CDK4,sensitive,scout2,7.59,342.4,0.538,3.0,70.0,0.498,r_group,70.0,99.2,70.0,21.0,100,77.8,71.8,602,1,high,0,low,low,low,0,70,[],0,100,70,100,71.9,608
,NS(=O)(=O)c1cc(C(F)(F)F)c2cc3c(cc2n1)NC[C@H]1CCCC[C@H]31,AR,sensitive,scout2,5.37,385.4,0.785,3.2,70.0,0.492,r_group,74.9,99.5,70.0,22.5,100,75.6,73.5,509,1,high,0,low,high,low,0,60,[],0,100,60,100,71.8,609
CHEMBL427787,C[C@@H](C(=O)N1Cc2[nH]nc(NC(=O)c3ccc(N4CCN(C)CC4)cc3)c2C1)c1ccccc1,AURKA,resistant,scout1,24.0,0.0,0.614,2.96,100.0,,database,53.5,78.1,100.0,53.5,70,78.2,71.0,657,0,medium,0,low,low,low,0,85,['dopamine_D2'],1,85,85,85,71.8,610
CHEMBL3698674,c1ccc2c(c1)c1cnc(Nc3ccc(N4CCNCC4)cn3)nc1n2C1CCCCCC1,CDK6,sensitive,scout1,3.1,0.0,0.433,2.65,88.7,,database,82.8,79.8,88.7,24.8,70,81.7,73.8,479,0,high,0,low,high,low,0,60,[],0,100,60,100,71.8,611
,CC(F)(F)c1cc(O)nc2cc3c(cc12)[C@H]1CCCC[C@@H]1CN3,AR,sensitive,scout2,5.55,318.4,0.797,2.9,70.0,0.597,bioisostere,74.4,99.4,70.0,22.3,100,78.9,73.5,510,1,high,0,low,high,low,0,60,[],0,100,60,100,71.8,612
,Cl.Oc1ccncc1.c1cnc2oc3c(N4CCOCC4)ncnc3c2c1,PIK3CA,escape_route,scout2,19.01,387.8,0.532,3.4,70.0,0.465,bioisostere,56.8,98.1,70.0,39.8,100,73.3,70.2,680,0,medium,0,low,high,low,0,75,[],0,100,75,100,71.8,613
CHEMBL369634,CCC(C(=O)N[C@@H](CC(=O)O)C(=O)CNCc1ccccc1)n1cccc(NC(=O)c2ccc3ccccc3c2)c1=O,CD274,immune,scout1,3.05,0.0,0.193,3.34,68.9,,database,83.0,79.8,68.9,24.9,70,74.0,69.6,690,0,medium,0,low,high,low,0,75,[],0,100,75,100,71.8,614
,Cc1nc(N)sc1-c1ccnc(Nc2ccsc2)n1.O=[N+][O-],CDK4,sensitive,scout2,7.97,335.4,0.555,2.8,70.0,0.477,bioisostere,69.3,99.2,70.0,20.8,100,80.0,71.7,609,0,high,0,low,low,low,0,70,[],0,100,70,100,71.8,615
,CN(C)c1nc(N)sc1-c1ccnc(Nc2cccc([N+](=O)[O-])c2)n1,CDK4,sensitive,scout2,7.72,357.4,0.528,3.1,70.0,0.436,r_group,69.7,99.2,70.0,20.9,100,76.7,71.7,607,2,high,0,low,low,low,0,70,[],0,100,70,100,71.8,616
,FC(F)(F)c1cc(C2CC2)nc2cc3c(cc12)[C@H]1CCCC[C@@H]1CN3,AR,sensitive,scout2,5.4,346.4,0.703,3.1,70.0,0.522,r_group,74.8,99.5,70.0,22.4,100,76.7,73.5,511,1,high,0,low,high,low,0,60,[],0,100,60,100,71.8,617
,Cl.Sc1cccc(-c2nc(N3CCOCC3)c3oc4ncccc4c3n2)c1,PIK3CA,escape_route,scout2,19.33,400.9,0.513,3.4,70.0,0.6,bioisostere,56.6,98.1,70.0,39.6,100,73.3,70.1,682,0,medium,0,low,high,low,0,75,[],0,100,75,100,71.7,618
,Fc1cc(C(F)(F)F)c2cc3c(cc2n1)NC[C@H]1CCCC[C@H]31,AR,sensitive,scout2,5.67,324.3,0.539,2.9,70.0,0.623,r_group,74.1,99.4,70.0,22.2,100,78.9,73.4,521,1,high,0,low,high,low,0,60,[],0,100,60,100,71.7,619
,CN(C)c1cc(C(F)(F)F)c2cc3c(cc2n1)NC[C@@H]1CCCC[C@H]31,AR,sensitive,scout2,5.56,349.4,0.784,3.1,70.0,0.543,r_group,74.4,99.4,70.0,22.3,100,76.7,73.4,515,2,high,0,low,high,low,0,60,[],0,100,60,100,71.7,620
,COc1cc(C(F)(F)F)c2cc3c(cc2n1)NC[C@@H]1CCCC[C@H]31,AR,sensitive,scout2,5.58,336.4,0.799,3.0,70.0,0.571,r_group,74.4,99.4,70.0,22.3,100,77.8,73.4,517,1,high,0,low,high,low,0,60,[],0,100,60,100,71.7,621
CHEMBL418198,CCC1c2cc3c(C(F)(F)F)cc(O)nc3cc2NC[C@@H]1C,AR,sensitive,scout1,7.0,0.0,0.814,3.94,100.0,,database,71.1,99.3,100.0,21.3,70,67.3,76.2,334,1,high,0,low,high,low,0,60,[],0,100,60,100,71.7,622
,NS(=O)(=O)c1cc(C(F)(F)F)c2cc3c(cc2n1)NC[C@@H]1CCCC[C@H]31,AR,sensitive,scout2,5.51,385.4,0.785,3.2,70.0,0.532,r_group,74.5,99.4,70.0,22.4,100,75.6,73.4,518,1,high,0,low,high,low,0,60,[],0,100,60,100,71.7,623
CHEMBL2113261,CC[C@H]1c2cc3c(C(F)(F)F)cc(O)nc3cc2NC[C@H]1C,AR,sensitive,scout1,7.0,0.0,0.814,3.94,100.0,,database,71.1,99.3,100.0,21.3,70,67.3,76.2,335,1,high,0,low,high,low,0,60,[],0,100,60,100,71.7,624
,FC(F)(F)c1cc(C(F)(F)F)c2cc3c(cc2n1)NC[C@@H]1CCCC[C@H]31,AR,sensitive,scout2,5.49,374.3,0.575,3.2,70.0,0.575,r_group,74.6,99.5,70.0,22.4,100,75.6,73.4,519,1,high,0,low,high,low,0,60,[],0,100,60,100,71.7,625
CHEMBL363160,CCc1cccc(CC)c1NC(=O)N1Cc2[nH]nc(NC(=O)c3ccc(N4CCN(C)CC4)cc3)c2C1,AURKA,resistant,scout1,27.0,0.0,0.473,2.67,89.5,,database,51.8,77.8,89.5,51.8,70,81.4,68.2,720,0,medium,0,low,low,low,0,85,[],0,100,85,100,71.7,626
,NC(=O)c1cc(C(F)(F)F)c2cc3c(cc2n1)NC[C@H]1CCCC[C@H]31,AR,sensitive,scout2,5.61,349.4,0.816,3.1,70.0,0.575,r_group,74.3,99.4,70.0,22.3,100,76.7,73.3,534,1,high,0,low,high,low,0,60,[],0,100,60,100,71.7,627
,O=C(O)c1cc(C(F)(F)F)c2cc3c(cc2n1)NC[C@@H]1CCCC[C@H]31,AR,sensitive,scout2,5.54,350.3,0.786,3.1,70.0,0.567,r_group,74.5,99.4,70.0,22.3,100,76.7,73.4,530,1,high,0,low,high,low,0,60,[],0,100,60,100,71.7,628
,Nc1nc(C2CC2)c(-c2ccnc(Nc3cccc([N+](=O)[O-])c3)n2)s1,CDK4,sensitive,scout2,7.92,354.4,0.529,3.1,70.0,0.498,r_group,69.3,99.2,70.0,20.8,100,76.7,71.6,617,1,high,0,low,low,low,0,70,[],0,100,70,100,71.7,629
,NC(=O)c1cc(C(F)(F)F)c2cc3c(cc2n1)NC[C@@H]1CCCC[C@H]31,AR,sensitive,scout2,5.65,349.4,0.816,3.1,70.0,0.558,r_group,74.2,99.4,70.0,22.3,100,76.7,73.3,533,1,high,0,low,high,low,0,60,[],0,100,60,100,71.6,630
,Nc1nc(Cl)c(-c2ccnc(Nc3cccc([N+](=O)[O-])c3)n2)s1,CDK4,sensitive,scout2,8.29,348.8,0.546,2.9,70.0,0.508,r_group,68.7,99.2,70.0,20.6,100,78.9,71.4,629,1,high,0,low,low,low,0,70,[],0,100,70,100,71.6,631
CHEMBL208537,COc1cc(CN2CCN(C)CC2)ccc1NC(=O)Nc1cnc(C#N)cn1,CHEK1,resistant,scout1,73.0,0.0,0.812,2.39,100.0,,database,37.5,92.7,100.0,37.5,70,84.6,67.8,730,0,low,0,low,low,low,0,100,[],0,100,100,100,71.6,632
,Nc1cccc(Cl)c1C(=O)Nc1c[nH]nc1C(=O)NC1CCNCC1,CDK4,sensitive,scout2,8.03,362.8,0.525,3.1,70.0,0.466,r_group,69.1,99.2,70.0,20.7,100,76.7,71.5,621,1,high,0,low,low,low,0,70,[],0,100,70,100,71.6,633
,N#Cc1nc(N)sc1-c1ccnc(Nc2cccc([N+](=O)[O-])c2)n1,CDK4,sensitive,scout2,8.25,339.3,0.545,3.0,70.0,0.503,r_group,68.8,99.2,70.0,20.6,100,77.8,71.4,628,1,high,0,low,low,low,0,70,[],0,100,70,100,71.6,634
,CNc1cc(C(F)(F)F)c2cc3c(cc2n1)NC[C@@H]1CCCC[C@H]31,AR,sensitive,scout2,5.76,335.4,0.77,3.0,70.0,0.603,r_group,73.9,99.4,70.0,22.2,100,77.8,73.2,548,1,high,0,low,high,low,0,60,[],0,100,60,100,71.6,635
,CC(C)c1cc(C(F)(F)F)c2cc3c(cc2n1)NC[C@@H]1CCCC[C@H]31,AR,sensitive,scout2,5.82,348.4,0.676,3.1,70.0,0.624,r_group,73.8,99.4,70.0,22.1,100,76.7,73.1,552,1,high,0,low,high,low,0,60,[],0,100,60,100,71.5,636
,CC(C)c1cc(C(F)(F)F)c2cc3c(cc2n1)NC[C@H]1CCCC[C@H]31,AR,sensitive,scout2,5.82,348.4,0.676,3.1,70.0,0.616,r_group,73.8,99.4,70.0,22.1,100,76.7,73.1,553,1,high,0,low,high,low,0,60,[],0,100,60,100,71.5,637
,COc1cc(C(F)(F)F)c2cc3c(cc2n1)NC[C@H]1CCCC[C@H]31,AR,sensitive,scout2,5.83,336.4,0.799,3.0,70.0,0.648,r_group,73.7,99.4,70.0,22.1,100,77.8,73.2,547,1,high,0,low,high,low,0,60,[],0,100,60,100,71.5,638
,CNc1cccc(-c2nc(N3CCOCC3)c3sccc3n2)c1.Cl,PIK3CA,escape_route,scout2,18.13,362.9,0.77,3.0,70.0,0.487,r_group,57.5,98.2,70.0,40.2,100,77.8,70.7,665,1,high,0,low,low,low,0,70,[],0,100,70,100,71.5,639
,CC(C)c1nc(N)sc1-c1ccnc(Nc2cccc([N+](=O)[O-])c2)n1,CDK4,sensitive,scout2,8.18,356.4,0.524,3.1,70.0,0.466,r_group,68.9,99.2,70.0,20.7,100,76.7,71.4,627,1,high,0,low,low,low,0,70,[],0,100,70,100,71.5,640
,CNc1cccc(Cl)c1C(=O)Nc1c[nH]nc1C(=O)NC1CCNCC1,CDK4,sensitive,scout2,8.23,376.8,0.546,3.2,70.0,0.435,r_group,68.8,99.2,70.0,20.6,100,75.6,71.3,642,1,high,0,low,low,low,0,70,[],0,100,70,100,71.5,641
,COC(=S)c1c(C)[nH]c2c1[C@@]13C[C@@H]1CN(C(=O)/C=C/c1ccc(OC)nn1)C3=CC2=O,MAP2K1,sensitive,scout2,3.73,436.5,0.58,3.9,70.0,0.489,bioisostere,80.1,99.6,70.0,24.0,100,67.8,74.9,412,0,medium,2,high,low,low,2,50,[],0,100,50,100,71.5,642
,COC(=S)c1c(C)[nH]c2c1[C@@]13C[C@@H]1CN(C(=O)/C=C/c1cnc(OC)nc1)C3=CC2=O,MAP2K1,sensitive,scout2,3.65,436.5,0.58,3.9,70.0,0.689,bioisostere,80.4,99.6,70.0,24.1,100,67.8,75.1,391,0,medium,2,high,low,low,2,50,[],0,100,50,100,71.5,643
,Nc1nc(F)c(-c2ccnc(Nc3cccc([N+](=O)[O-])c3)n2)s1,CDK4,sensitive,scout2,8.49,332.3,0.556,2.9,70.0,0.496,r_group,68.3,99.2,70.0,20.5,100,78.9,71.3,639,1,high,0,low,low,low,0,70,[],0,100,70,100,71.5,644
,FC(F)(F)c1cc(Cl)nc2cc3c(cc12)[C@H]1CCCC[C@H]1CN3,AR,sensitive,scout2,5.92,340.8,0.631,2.9,70.0,0.683,r_group,73.5,99.4,70.0,22.1,100,78.9,73.2,544,1,high,0,low,high,low,0,60,[],0,100,60,100,71.5,645
CHEMBL220897,O=C(NC(CO)c1cc(Cl)cc(Cl)c1)c1cc(-c2[nH]ncc2-c2cccc(Cl)c2)c[nH]1,MAPK1,sensitive,scout1,7.0,0.0,0.297,3.17,85.9,,database,71.1,79.4,85.9,21.3,70,75.9,68.9,704,0,medium,0,low,low,low,0,85,[],0,100,85,100,71.5,646
,Nc1nc(C(F)(F)F)c(-c2ccnc(Nc3cccc([N+](=O)[O-])c3)n2)s1,CDK4,sensitive,scout2,8.1,382.3,0.519,3.2,70.0,0.544,r_group,69.0,99.2,70.0,20.7,100,75.6,71.4,625,1,high,0,low,low,low,0,70,[],0,100,70,100,71.5,647
,CCc1cccc(-c2nc(N3CCOCC3)c3oc4ncccc4c3n2)c1.Cl,PIK3CA,escape_route,scout2,20.36,396.9,0.515,3.5,70.0,0.604,r_group,55.8,98.0,70.0,39.1,100,72.2,69.7,688,0,medium,0,low,high,low,0,75,[],0,100,75,100,71.4,648
CHEMBL521851,CS(=O)(=O)N1CCN(Cc2cc3nc(-c4cccc5[nH]ncc45)nc(N4CCOCC4)c3s2)CC1,PIK3CB,escape_route,scout1,33.0,0.0,0.433,2.87,93.7,,database,48.9,96.7,93.7,34.2,70,79.2,70.2,679,0,medium,0,low,low,low,0,85,[],0,100,85,100,71.4,649
,CNc1nc(C)c(-c2ccnc(Nc3cc(OC)c(OC)c(SC)c3)n2)s1,CDK4,sensitive,scout2,8.27,403.5,0.561,3.4,70.0,0.547,bioisostere,68.7,99.2,70.0,20.6,100,73.3,71.2,645,1,high,0,low,low,low,0,70,[],0,100,70,100,71.3,650
,Cl.NC(=O)c1cccc(-c2nc(N3CCOCC3)c3oc4ncccc4c3n2)c1,PIK3CA,escape_route,scout2,20.24,411.8,0.552,3.6,70.0,0.656,r_group,55.9,98.0,70.0,39.1,100,71.1,69.7,687,0,medium,0,low,high,low,0,75,[],0,100,75,100,71.3,651
,Cl.NS(=O)(=O)c1cccc(-c2nc(N3CCOCC3)c3oc4ncccc4c3n2)c1,PIK3CA,escape_route,scout2,19.88,447.9,0.507,3.8,70.0,0.588,r_group,56.2,98.0,70.0,39.3,100,68.9,69.7,686,0,medium,0,low,high,low,0,75,[],0,100,75,100,71.3,652
CHEMBL200863,CC(C)(CNC(=O)Nc1ccc(Cl)cc1)c1nc(-c2ccc(Cl)c(O)c2)c(-c2ccncc2)[nH]1,BRAF,escape_route,scout1,13.0,0.0,0.253,2.66,85.1,,database,62.2,79.0,85.1,43.6,70,81.6,69.5,694,0,medium,0,low,high,low,0,75,[],0,100,75,100,71.3,653
,CNc1nc(C)c(-c2ccnc(Nc3cc(NC)c(OC)c(OC)c3)n2)s1,CDK4,sensitive,scout2,8.51,386.5,0.565,3.4,70.0,0.619,bioisostere,68.3,99.1,70.0,20.5,100,73.3,71.0,656,1,high,0,low,low,low,0,70,[],0,100,70,100,71.2,654
,Cl.O=C(O)c1cccc(-c2nc(N3CCOCC3)c3oc4ncccc4c3n2)c1,PIK3CA,escape_route,scout2,20.78,412.8,0.546,3.6,70.0,0.632,r_group,55.5,97.9,70.0,38.9,100,71.1,69.5,692,0,medium,0,low,high,low,0,75,[],0,100,75,100,71.2,655
,CNc1nc(C)c(-c2ccnc(Nc3cc(OC)c(NC)c(OC)c3)n2)s1,CDK4,sensitive,scout2,8.45,386.5,0.565,3.4,70.0,0.542,bioisostere,68.4,99.2,70.0,20.5,100,73.3,71.1,650,1,high,0,low,low,low,0,70,[],0,100,70,100,71.2,656
CHEMBL1083192,CS(=O)(=O)N1CCN(Cc2cc3nc(-c4cnc(N)nc4)nc(N4CCOCC4)c3s2)CC1,PIK3CB,escape_route,scout1,38.0,0.0,0.544,2.86,95.9,,database,46.9,96.2,95.9,32.8,70,79.3,69.7,689,0,medium,0,low,low,low,0,85,[],0,100,85,100,70.9,657
CHEMBL283449,CC1CCNc2cc3nc(O)cc(C(F)(F)F)c3cc21,AR,sensitive,scout1,15.0,0.0,0.77,3.46,100.0,,database,60.2,98.5,100.0,18.1,70,72.7,72.5,565,1,medium,0,low,high,low,0,75,[],0,100,75,100,70.9,658
CHEMBL27812,Oc1cc(C(F)(F)F)c2cc3c(cc2n1)NC[C@@H]1CCC[C@H]31,AR,sensitive,scout1,9.0,0.0,0.764,3.71,100.0,,database,67.5,99.1,100.0,20.3,70,69.9,75.1,396,1,high,0,low,high,low,0,60,[],0,100,60,100,70.8,659
CHEMBL379484,CN1C(=O)C[C@H](c2ccccc2)[C@@H]1[C@H](O)c1ccc(-c2ccc(C#N)cc2)s1,KRAS,escape_route,scout1,30.0,0.0,0.723,3.51,100.0,,database,50.3,97.0,100.0,35.2,70,72.1,71.7,605,0,medium,0,low,low,low,0,85,['dopamine_D2'],1,85,85,85,70.8,660
CHEMBL315752,CCC(CC)Cn1nc(-c2ccccc2)c(Cc2cc3c(cc2Cl)OCO3)c1C(=O)O,CHEK2,resistant,scout1,31.0,0.0,0.489,2.71,89.8,,database,49.8,77.5,89.8,49.8,70,81.0,67.3,737,0,medium,0,low,low,low,0,85,[],0,100,85,100,70.8,661
CHEMBL200118,Oc1cc(-c2[nH]cnc2-c2ccncc2)ccc1Cl,BRAF,escape_route,scout1,33.0,0.0,0.75,2.44,100.0,,database,48.9,96.7,100.0,34.2,70,84.0,71.7,604,0,medium,0,low,high,low,0,75,[],0,100,75,100,70.8,662
CHEMBL215803,C[C@@H]1C[C@H]2CN1CCn1nc3c(cccc3c1O)-c1nc3c(cccc3nc1O)O2,CDK6,sensitive,scout1,12.0,0.0,0.466,5.87,99.9,,database,63.4,98.8,99.9,19.0,70,45.9,72.3,571,0,medium,0,low,low,low,0,85,['muscarinic'],1,85,85,85,70.6,663
CHEMBL244378,O=C(O)c1ccccc1Nc1ccnc(Nc2ccc3cn[nH]c3c2)n1,CDK4,sensitive,scout1,15.85,0.0,0.437,2.34,100.0,,database,59.4,98.4,100.0,17.8,70,85.1,72.9,560,1,high,0,low,low,low,0,70,[],0,100,70,100,70.5,664
CHEMBL381187,N[C@@H](COc1cncc(-c2ccc3cnccc3c2)c1)Cc1c[nH]c2ccccc12,AKT1,escape_route,scout1,26.0,0.0,0.437,2.88,100.0,,database,52.3,97.4,100.0,36.6,70,79.1,73.0,559,0,medium,0,low,high,low,0,75,['serotonin_5HT2'],1,85,75,85,70.4,665
,CCCCC.CNc1nccc(-c2cnc(Nc3ccccn3)s2)n1,CDK4,sensitive,scout2,7.58,356.5,0.649,3.1,70.0,0.428,bioisostere,70.0,99.2,70.0,21.0,100,76.7,71.8,598,0,high,0,low,high,low,0,60,[],0,100,60,100,70.4,666
,CC(=O)[C@@]1(OC(C)=S)CC[C@H]2[C@@H]3C[C@H](C)C4=CC(=O)CC[C@]4(C)[C@H]3CC[C@@]21C,AR,sensitive,scout2,5.01,402.6,0.576,3.5,70.0,0.586,bioisostere,75.9,99.5,70.0,22.8,100,72.2,73.7,482,0,medium,2,high,low,low,2,50,[],0,100,50,100,70.4,667
CHEMBL172196,CCC(C(=O)NC(CC(=O)O)C(=O)CN1CCSCC1)n1cccc(NC(=O)c2ccc3ccccc3c2)c1=O,CD274,immune,scout1,11.25,0.0,0.323,3.5,81.5,,database,64.3,98.9,81.5,19.3,70,72.2,70.3,677,0,medium,0,low,high,low,0,75,[],0,100,75,100,70.3,668
CHEMBL371958,CC(=O)Nc1cccc(-c2cncc(Nc3ccc4c(c3)OCO4)n2)c1,BRAF,escape_route,scout1,32.0,0.0,0.75,2.24,100.0,,database,49.3,96.8,100.0,34.5,70,86.2,72.0,587,1,high,0,low,low,low,0,70,[],0,100,70,100,70.3,669
CHEMBL281865,COc1cccc(Cn2nc(-c3ccccc3)c(Cc3ccc4c(c3)OCO4)c2C(=O)O)c1,CHEK2,resistant,scout1,40.0,0.0,0.45,2.38,99.0,,database,46.1,76.8,99.0,46.1,70,84.7,67.5,734,0,medium,0,low,low,low,0,85,[],0,100,85,100,70.3,670
CHEMBL436344,CC1c2cc3c(C(F)(F)F)cc(O)nc3cc2NC[C@@H]1C,AR,sensitive,scout1,10.0,0.0,0.768,3.88,100.0,,database,66.0,99.0,100.0,19.8,70,68.0,74.4,440,1,high,0,low,high,low,0,60,[],0,100,60,100,70.2,671
,Oc1cc(C(Cl)(Cl)Cl)c2cc3c(cc2n1)NC[C@H]1CCCC[C@H]31,AR,sensitive,scout2,4.83,371.7,0.604,2.9,70.0,0.686,bioisostere,76.4,99.5,70.0,22.9,100,78.9,74.2,459,1,high,1,medium,high,low,1,45,[],0,100,45,100,70.2,672
CHEMBL26474,COc1cccc(Cn2nc(-c3ccccc3)c(Cc3cc4c(cc3Cl)OCO4)c2C(=O)O)c1,CHEK2,resistant,scout1,34.0,0.0,0.391,2.51,87.8,,database,48.5,77.3,87.8,48.5,70,83.2,66.3,755,0,medium,0,low,low,low,0,85,[],0,100,85,100,70.2,673
CHEMBL5221008,Cn1cc(Cc2ccccc2Cl)c(-c2cc(Cl)nc(N)n2)n1,EZH2,resistant,scout1,64.0,0.0,0.746,2.63,100.0,,database,39.4,93.6,100.0,39.4,70,81.9,68.7,709,0,medium,0,low,low,low,0,85,[],0,100,85,100,70.1,674
CHEMBL205491,COc1cc(NC(=O)c2cccs2)c(Cl)cc1NC(=O)Nc1cnc(C#N)cn1,CHEK1,resistant,scout1,42.0,0.0,0.563,2.51,100.0,,database,45.4,76.6,100.0,45.4,70,83.2,67.3,739,0,medium,0,low,low,low,0,85,[],0,100,85,100,70.1,675
CHEMBL161770,COC(=O)c1c(C)[nH]c2c1[C@@]13C[C@@H]1CN(C(=O)/C=C/c1ccc(OC)cn1)C3=CC2=O,MAP2K1,sensitive,scout1,9.7,0.0,0.603,4.38,100.0,,database,66.4,99.0,100.0,19.9,70,62.4,74.3,456,0,medium,1,medium,high,low,1,60,[],0,100,60,100,70.1,676
CHEMBL205950,CN(C)CCOc1cc(OCC2(C)COC2)c(NC(=O)Nc2cnc(C#N)cn2)cc1Cl,CHEK1,resistant,scout1,32.0,0.0,0.585,2.97,100.0,,database,49.3,77.4,100.0,49.3,70,78.1,69.0,703,1,medium,0,low,low,low,0,85,['muscarinic'],1,85,85,85,70.0,677
CHEMBL107260,O=C(CCn1c2c(c(=O)[nH]c1=O)CCCC2)NCC(=O)N1CCN(c2ncccn2)CC1,PARP1,resistant,scout1,90.0,0.0,0.591,2.62,100.0,,database,34.5,91.0,100.0,34.5,70,82.0,65.9,758,0,low,0,low,low,low,0,100,[],0,100,100,100,70.0,678
,CCC1CCNc2cc3[nH]c(=O)cc(C(F)(F)Cl)c3cc21,AR,sensitive,scout2,5.3,312.7,0.819,2.6,70.0,0.578,bioisostere,75.1,99.5,70.0,22.5,100,82.2,73.9,475,1,high,1,medium,high,low,1,45,[],0,100,45,100,69.9,679
CHEMBL225519,O=C1NCCc2[nH]c(-c3ccncc3)cc21,CDK4,sensitive,scout1,34.0,0.0,0.751,2.54,100.0,,database,48.5,96.6,100.0,14.5,70,82.9,68.5,714,0,low,0,low,high,low,0,90,[],0,100,90,100,69.9,680
CHEMBL363857,CN1CCN(c2ccc(C(=O)Nc3[nH]nc4c3CN(C(=O)Cc3ccsc3)C4)cc2)CC1,AURKA,resistant,scout1,65.0,0.0,0.624,2.82,100.0,,database,39.2,93.5,100.0,39.2,70,79.8,68.5,717,0,medium,0,low,low,low,0,85,[],0,100,85,100,69.9,681
CHEMBL201654,COc1cc2c(Nc3ncc(C)s3)ncnc2cc1OCCCN1CCOCC1,AURKA,resistant,scout1,43.0,0.0,0.562,2.51,100.0,,database,45.1,76.6,100.0,45.1,70,83.2,67.1,741,0,medium,0,low,low,low,0,85,[],0,100,85,100,69.9,682
CHEMBL421992,CCCCCCOCC(=O)C(F)(F)F,FOLH1,other,scout1,47.86,0.0,0.606,2.3,100.0,,database,43.6,95.2,100.0,13.1,70,85.6,66.6,751,0,low,0,low,low,low,0,100,[],0,100,100,100,69.9,683
CHEMBL155621,CCCCCCS(=O)(=O)CC(=O)C(F)(F)F,FOLH1,other,scout1,46.77,0.0,0.659,2.53,100.0,,database,43.9,95.3,100.0,13.2,70,83.0,66.6,752,0,low,0,low,low,low,0,100,[],0,100,100,100,69.9,684
,CCC1CCNc2cc3[nH]c(=O)cc(C(Cl)(Cl)Cl)c3cc21,AR,sensitive,scout2,5.3,345.7,0.738,2.6,70.0,0.563,bioisostere,75.1,99.5,70.0,22.5,100,82.2,73.9,473,1,high,1,medium,high,low,1,45,[],0,100,45,100,69.9,685
CHEMBL3971812,OC1CCC(n2c3cnccc3c3cnc(Nc4ccc(N5CCNCC5)cn4)nc32)CC1,CDK6,sensitive,scout1,5.9,0.0,0.441,2.93,98.8,,database,73.6,79.5,98.8,22.1,70,78.6,72.4,566,0,high,0,low,high,low,0,60,[],0,100,60,100,69.9,686
,Cl.Nc1cccc(-c2nc(N3CCOCC3)c3oc4ncccc4c3n2)c1,PIK3CA,escape_route,scout2,17.61,383.8,0.531,3.4,70.0,0.639,r_group,57.9,98.2,70.0,40.5,100,73.3,70.7,664,1,high,0,low,high,low,0,60,[],0,100,60,100,69.9,687
,CNc1cccc(-c2nc(N3CCOCC3)c3oc4ncccc4c3n2)c1.Cl,PIK3CA,escape_route,scout2,18.08,397.9,0.564,3.5,70.0,0.64,r_group,57.5,98.2,70.0,40.3,100,72.2,70.5,670,1,high,0,low,high,low,0,60,[],0,100,60,100,69.8,688
CHEMBL111606,O=C(CCn1c2c(c(=O)[nH]c1=O)CSCC2)NCC(=O)c1ccc(Cl)cc1,PARP1,resistant,scout1,60.0,0.0,0.704,2.64,100.0,,database,40.3,94.0,100.0,40.3,70,81.8,69.2,699,0,low,0,low,low,low,0,100,"['hERG_channel', 'dopamine_D2']",2,70,100,70,69.8,689
CHEMBL3698659,c1cc2c3cnc(Nc4ccc(N5CCNCC5)cn4)nc3n(C3CC4CCC3C4)c2cn1,CDK6,sensitive,scout1,5.1,0.0,0.498,4.55,100.0,,database,75.7,79.6,100.0,22.7,70,60.6,72.5,564,0,high,0,low,high,low,0,60,[],0,100,60,100,69.8,690
CHEMBL5220075,COc1ccccc1Cc1cn(C)nc1-c1cc(Cl)nc(N)n1,EZH2,resistant,scout1,67.0,0.0,0.744,2.59,100.0,,database,38.7,93.3,100.0,38.7,70,82.3,68.4,718,0,medium,0,low,low,low,0,85,[],0,100,85,100,69.8,691
CHEMBL375544,O=C(NC(CO)c1ccc(Cl)cc1)c1cc(-c2[nH]ncc2-c2cccc(Cl)c2)c[nH]1,MAPK1,sensitive,scout1,14.0,0.0,0.345,3.0,96.9,,database,61.2,78.9,96.9,18.4,70,77.8,67.6,732,0,medium,0,low,low,low,0,85,[],0,100,85,100,69.7,692
CHEMBL381172,COc1cc(CN2CCOCC2)ccc1NC(=O)Nc1cnc(C#N)cn1,CHEK1,resistant,scout1,96.0,0.0,0.828,2.39,100.0,,database,33.6,90.4,100.0,33.6,70,84.6,65.4,764,0,low,0,low,low,low,0,100,[],0,100,100,100,69.7,693
CHEMBL3641995,C[C@H](O)CNC1CCN(c2ccc(Nc3ncc4c5ccncc5n(C5CCCC5)c4n3)nn2)CC1,CDK6,sensitive,scout1,5.7,0.0,0.36,3.41,97.2,,database,74.1,79.5,97.2,22.2,70,73.2,72.0,590,0,high,0,low,high,low,0,60,[],0,100,60,100,69.7,694
,Oc1cc(C(Cl)(Cl)Cl)c2cc3c(cc2n1)NC[C@@H]1CCCC[C@H]31,AR,sensitive,scout2,5.39,371.7,0.604,2.9,70.0,0.54,bioisostere,74.9,99.5,70.0,22.5,100,78.9,73.6,501,1,high,1,medium,high,low,1,45,[],0,100,45,100,69.7,695
CHEMBL411950,COC[C@H]1OC(=O)/C(=C/N2CCOCC2)C2=C(O)C(=O)C3=C([C@H](OC(C)=O)C[C@]4(C)[C@@H](O)CC[C@@H]34)[C@]21C,PIK3CA,escape_route,scout1,37.0,0.0,0.418,4.91,93.4,,database,47.2,96.3,93.4,33.1,70,56.6,68.2,722,0,low,1,medium,low,low,1,85,[],0,100,85,100,69.6,696
CHEMBL3698642,c1cc2c3cnc(Nc4ccc(N5CCNCC5)nn4)nc3n(C3CCCC3)c2cn1,CDK6,sensitive,scout1,6.6,0.0,0.525,2.85,100.0,,database,72.0,79.5,100.0,21.6,70,79.4,72.2,579,0,high,0,low,high,low,0,60,[],0,100,60,100,69.6,697
CHEMBL205543,CN1CCN(c2cc(OC3CCOC3)c(NC(=O)Nc3cnc(C#N)cn3)cc2Cl)CC1,CHEK1,resistant,scout1,66.0,0.0,0.703,3.27,100.0,,database,39.0,93.4,100.0,39.0,70,74.8,68.1,724,0,medium,0,low,low,low,0,85,[],0,100,85,100,69.6,698
CHEMBL426476,CN(C)CCCNC(=O)c1nc(-c2ccc(Cl)c(O)c2)c(-c2ccncc2)[nH]1,BRAF,escape_route,scout1,40.0,0.0,0.53,2.57,100.0,,database,46.1,96.0,100.0,32.3,70,82.6,70.3,675,1,medium,0,low,high,low,0,75,[],0,100,75,100,69.6,699
CHEMBL122187,COc1ccc(NS(=O)(=O)c2c(F)c(F)c(F)c(F)c2F)cc1NC(=O)[C@H](CO)NC(C)=O,MAP2K1,sensitive,scout1,18.0,0.0,0.249,3.01,100.0,,database,57.6,98.2,100.0,17.3,70,77.7,71.8,599,2,high,0,low,low,low,0,70,[],0,100,70,100,69.6,700
CHEMBL369589,CCC(C(=O)NC(CC(=O)O)C(=O)CN1CCC(C(N)=O)CC1)n1cccc(NC(=O)c2ccc3ccccc3c2)c1=O,CD274,immune,scout1,11.6,0.0,0.247,3.47,74.9,,database,63.9,98.8,74.9,19.2,70,72.6,68.9,705,0,medium,0,low,high,low,0,75,[],0,100,75,100,69.5,701
CHEMBL534951,Cl.O=C(O)COc1cccc(-c2nc(N3CCOCC3)c3oc4ncccc4c3n2)c1,PIK3CA,escape_route,scout1,24.0,0.0,0.498,2.68,100.0,,database,53.5,78.1,100.0,37.4,70,81.3,68.7,708,0,medium,0,low,high,low,0,75,[],0,100,75,100,69.5,702
,Cc1nc(N)sc1-c1ccnc(Nc2cccc([N+]([O-])=S)c2)n1,CDK4,sensitive,scout2,7.95,344.4,0.553,2.9,70.0,0.563,bioisostere,69.3,99.2,70.0,20.8,100,78.9,71.7,606,1,high,1,medium,low,low,1,55,[],0,100,55,100,69.5,703
,Oc1cc(C(F)(F)Cl)c2cc3c(cc2n1)NC[C@H]1CCCC[C@H]31,AR,sensitive,scout2,5.67,338.8,0.725,2.9,70.0,0.615,bioisostere,74.1,99.4,70.0,22.2,100,78.9,73.4,520,1,high,1,medium,high,low,1,45,[],0,100,45,100,69.5,704
CHEMBL153015,CCCCCCCC(F)(F)C(=O)C(F)(F)F,FOLH1,other,scout1,32.36,0.0,0.488,2.63,100.0,,database,49.2,96.8,100.0,14.8,70,81.9,68.7,707,0,medium,0,low,low,low,0,85,[],0,100,85,100,69.4,705
CHEMBL524266,Nc1nccc(-c2cc3c([nH]2)[C@@H](CCF)CNC3=O)n1,CDK4,sensitive,scout1,28.0,0.0,0.785,3.72,100.0,,database,51.2,97.2,100.0,15.4,70,69.8,69.0,702,0,medium,0,low,low,low,0,85,[],0,100,85,100,69.4,706
,O=C(Nc1c[nH]nc1C(=S)NC1CCNCC1)c1c(Cl)cccc1Cl,CDK4,sensitive,scout2,8.0,398.3,0.596,3.1,70.0,0.454,bioisostere,69.2,99.2,70.0,20.8,100,76.7,71.5,622,0,high,1,medium,low,low,1,55,[],0,100,55,100,69.4,707
,Oc1cc(C(F)(F)Cl)c2cc3c(cc2n1)NC[C@@H]1CCCC[C@H]31,AR,sensitive,scout2,5.71,338.8,0.725,2.9,70.0,0.658,bioisostere,74.0,99.4,70.0,22.2,100,78.9,73.3,531,1,high,1,medium,high,low,1,45,[],0,100,45,100,69.4,708
CHEMBL3702158,C1=C(c2ccc(Nc3ncc4c5ccncc5n(C5CCCC5)c4n3)nc2)CCNC1,CDK6,sensitive,scout1,7.0,0.0,0.51,2.99,100.0,,database,71.1,79.4,100.0,21.3,70,77.9,71.8,603,0,high,0,low,high,low,0,60,[],0,100,60,100,69.3,709
,CNS(=O)(=O)N1CCC(Nc2ncc(C(=O)c3c(OC)ccc(F)c3F)c(N)n2)CC1,ATR,resistant,scout2,51.84,456.5,0.523,3.9,70.0,0.567,r_group,42.4,94.8,70.0,42.4,100,67.8,65.2,765,0,medium,0,low,low,low,0,85,[],0,100,85,100,69.3,710
CHEMBL205744,N#Cc1cnc(NC(=O)Nc2cc(Cl)c(OCc3cccnc3)cc2N2CCCC2)cn1,CHEK1,resistant,scout1,38.0,0.0,0.578,2.63,100.0,,database,46.9,77.0,100.0,46.9,70,81.9,67.9,727,0,medium,0,low,high,low,0,75,[],0,100,75,100,69.2,711
CHEMBL214803,CN1C(=O)C[C@H](c2ccccc2F)[C@@H]1[C@H](O)c1ccc(-c2cccnc2)s1,KRAS,escape_route,scout1,30.0,0.0,0.742,3.61,100.0,,database,50.3,97.0,100.0,35.2,70,71.0,71.7,608,0,medium,0,low,high,low,0,75,['dopamine_D2'],1,85,75,85,69.2,712
CHEMBL410733,Nc1cccnc1N1CCN(C(=O)CNC(=O)CCn2c3c(c(=O)[nH]c2=O)CSCC3)CC1,PARP1,resistant,scout1,70.0,0.0,0.492,2.91,89.8,,database,38.1,93.0,89.8,38.1,70,78.8,65.8,759,0,low,0,low,high,low,0,90,[],0,100,90,100,69.1,713
CHEMBL205699,CN1CCN(c2cc(OCc3cccnc3)c(NC(=O)Nc3cnc(C#N)cn3)cc2Cl)CC1,CHEK1,resistant,scout1,38.0,0.0,0.553,2.69,100.0,,database,46.9,77.0,100.0,46.9,70,81.2,67.9,726,0,medium,0,low,high,low,0,75,[],0,100,75,100,69.1,714
,COc1ccc(F)c(Cl)c1C(=O)c1cnc(NC2CCN(S(C)(=O)=O)CC2)nc1N,ATR,resistant,scout2,53.79,457.9,0.63,3.8,70.0,0.53,bioisostere,41.9,94.6,70.0,41.9,100,68.9,64.9,772,0,medium,0,low,low,low,0,85,[],0,100,85,100,69.1,715
CHEMBL4848035,Cc1c(Cc2cccs2)c(-c2cc(Cl)nc(N)n2)nn1C,EZH2,resistant,scout1,74.0,0.0,0.753,2.81,100.0,,database,37.3,92.6,100.0,37.3,70,79.9,67.4,736,0,medium,0,low,low,low,0,85,[],0,100,85,100,69.1,716
,COc1ccc(Cl)c(F)c1C(=O)c1cnc(NC2CCN(S(C)(=O)=O)CC2)nc1N,ATR,resistant,scout2,54.89,457.9,0.63,3.8,70.0,0.549,bioisostere,41.6,94.5,70.0,41.6,100,68.9,64.8,776,0,medium,0,low,low,low,0,85,[],0,100,85,100,69.0,717
,COc1ccc(F)c(F)c1C(=O)c1cnc(NC2CCN(S(N)(=O)=O)CC2)nc1N,ATR,resistant,scout2,55.01,442.4,0.551,3.8,70.0,0.577,r_group,41.6,94.5,70.0,41.6,100,68.9,64.8,773,0,medium,0,low,low,low,0,85,[],0,100,85,100,69.0,718
,COc1ccc(F)c(F)c1C(=O)c1cnc(NC2CCN(S(=O)(=O)OC)CC2)nc1N,ATR,resistant,scout2,55.27,457.5,0.59,3.9,70.0,0.562,r_group,41.5,94.5,70.0,41.5,100,67.8,64.7,781,0,medium,0,low,low,low,0,85,[],0,100,85,100,68.9,719
CHEMBL381527,COc1cccc(CCC(=O)Nc2cc(OC)c(NC(=O)Nc3cnc(C#N)cn3)cc2Cl)c1,CHEK1,resistant,scout1,51.0,0.0,0.438,2.48,98.8,,database,42.7,75.9,98.8,42.7,70,83.6,65.6,762,0,medium,0,low,low,low,0,85,[],0,100,85,100,68.8,720
,CCS(=O)(=O)N1CCC(Nc2ncc(C(=O)c3c(OC)ccc(F)c3F)c(N)n2)CC1,ATR,resistant,scout2,56.15,455.5,0.605,3.9,70.0,0.588,r_group,41.3,94.4,70.0,41.3,100,67.8,64.6,788,0,medium,0,low,low,low,0,85,[],0,100,85,100,68.8,721
CHEMBL367714,CCC(C(=O)N[C@@H](CC(=O)O)C(=O)CN(C)CCc1ccccc1)n1cccc(NC(=O)c2ccc3ccccc3c2)c1=O,CD274,immune,scout1,4.8,0.0,0.201,3.44,74.0,,database,76.5,79.6,74.0,23.0,70,72.9,68.2,721,0,medium,0,low,high,low,0,75,['dopamine_D2'],1,85,75,85,68.8,722
CHEMBL3216006,Cl.Cl.c1cc(OCCN2CCOCC2)cc(-c2nc(N3CCOCC3)c3oc4ncccc4c3n2)c1,PIK3CA,escape_route,scout1,16.0,0.0,0.366,2.85,87.3,,database,59.3,78.7,87.3,41.5,70,79.4,68.6,711,0,medium,0,low,high,low,0,75,['muscarinic'],1,85,75,85,68.8,723
CHEMBL3702123,O=C(c1ccc(Nc2ncc3c4ccncc4n(C4CCCC4)c3n2)nc1)N1CCNCC1,CDK6,sensitive,scout1,8.0,0.0,0.5,2.79,100.0,,database,69.2,79.4,100.0,20.8,70,80.1,71.2,647,0,high,0,low,high,low,0,60,[],0,100,60,100,68.8,724
CHEMBL212049,Cc1cnc(OC2CCCCC2)nc1-c1cnc(Nc2ccccn2)s1,CDK4,sensitive,scout1,26.0,0.0,0.701,2.73,100.0,,database,52.3,97.4,100.0,15.7,70,80.8,69.9,684,0,medium,0,low,high,low,0,75,[],0,100,75,100,68.8,725
CHEMBL281945,C[C@H]1CNc2cc3nc(O)cc(C(F)(F)F)c3cc2C1CCC(F)(F)F,AR,sensitive,scout1,13.0,0.0,0.684,4.08,98.7,,database,62.2,98.7,98.7,18.7,70,65.8,72.7,561,1,high,0,low,high,low,0,60,[],0,100,60,100,68.8,726
CHEMBL490428,Cc1ccc(Nc2ccc3c(c2)N(c2nc4c(s2)C(=O)NC(C)(C)C4)CCO3)nn1,PIK3CB,escape_route,scout1,23.0,0.0,0.666,3.05,100.0,,database,54.1,78.2,100.0,37.8,70,77.2,68.8,706,1,high,0,low,low,low,0,70,[],0,100,70,100,68.8,727
,COc1ccc(C)c(F)c1C(=O)c1cnc(NC2CCN(S(C)(=O)=O)CC2)nc1N,ATR,resistant,scout2,57.31,437.5,0.652,3.8,70.0,0.613,bioisostere,41.0,94.3,70.0,41.0,100,68.9,64.5,790,0,medium,0,low,low,low,0,85,[],0,100,85,100,68.7,728
CHEMBL189963,CC(=O)c1c(C)c2cnc(Nc3ccc(N4CCNCC4)cn3)nc2n(C2CCCC2)c1=O,CDK6,sensitive,scout1,16.0,0.0,0.575,2.87,100.0,,database,59.3,98.4,100.0,17.8,70,79.2,72.5,563,0,high,0,low,high,low,0,60,[],0,100,60,100,68.7,729
CHEMBL322957,O=C(CCn1c2c(c(=O)[nH]c1=O)CSCC2)NCC(=O)c1cccc(Br)c1,PARP1,resistant,scout1,70.0,0.0,0.647,2.74,100.0,,database,38.1,93.0,100.0,38.1,70,80.7,67.9,728,0,low,0,low,low,low,0,100,"['hERG_channel', 'dopamine_D2']",2,70,100,70,68.7,730
,CCOc1ccc(F)c(F)c1C(=O)c1cnc(NC2CCN(S(C)(=O)=O)CC2)nc1N,ATR,resistant,scout2,59.72,455.5,0.605,3.9,70.0,0.559,r_group,40.4,94.0,70.0,40.4,100,67.8,64.1,796,0,medium,0,low,low,low,0,85,[],0,100,85,100,68.4,731
CHEMBL3698731,NCC1CCN(c2ccc(Nc3ncc4c5ccncc5n(C5CCCC5)c4n3)nn2)CC1,CDK6,sensitive,scout1,8.8,0.0,0.479,2.89,99.6,,database,67.8,79.3,99.6,20.3,70,79.0,70.6,666,0,high,0,low,high,low,0,60,[],0,100,60,100,68.3,732
CHEMBL332838,COc1ccc(NS(=O)(=O)c2c(F)c(F)c(F)c(F)c2F)cc1NC(=O)CNC(C)=O,MAP2K1,sensitive,scout1,26.0,0.0,0.329,2.48,100.0,,database,52.3,97.4,100.0,15.7,70,83.6,70.1,681,2,high,0,low,low,low,0,70,[],0,100,70,100,68.2,733
CHEMBL312854,O=C(O)c1cc2c(c(Cn3nc(-c4ccccc4)c(Cc4cc5c(cc4Cl)OCO5)c3C(=O)O)c1)OCOC2,CHEK2,resistant,scout1,44.0,0.0,0.333,2.98,86.7,,database,44.8,76.5,86.7,44.8,70,78.0,64.0,797,0,medium,0,low,low,low,0,85,[],0,100,85,100,68.2,734
CHEMBL118433,COc1ccc(NS(=O)(=O)c2c(F)c(F)c(F)c(F)c2F)cc1N,MAP2K1,sensitive,scout1,27.0,0.0,0.376,2.44,100.0,,database,51.8,97.3,100.0,15.5,70,84.0,69.9,683,1,high,0,low,low,low,0,70,[],0,100,70,100,68.1,735
CHEMBL5221093,Cn1cc(Cc2ccccc2Oc2ccccc2)c(-c2cc(Cl)nc(N)n2)n1,EZH2,resistant,scout1,87.1,0.0,0.507,2.54,100.0,,database,35.0,91.3,100.0,35.0,70,82.9,66.2,757,0,medium,0,low,low,low,0,85,[],0,100,85,100,68.1,736
CHEMBL200431,N/C(=N\O)c1ccc(-c2[nH]c(-c3ccccc3)nc2-c2ccncc2)cc1,BRAF,escape_route,scout1,53.0,0.0,0.224,2.27,99.5,,database,42.1,94.7,99.5,29.5,70,85.9,68.4,719,0,medium,0,low,high,low,0,75,[],0,100,75,100,68.1,737
CHEMBL202837,COc1cc(NC(=O)Cc2ccsc2)c(Cl)cc1NC(=O)Nc1cnc(C#N)cn1,CHEK1,resistant,scout1,58.0,0.0,0.531,2.61,100.0,,database,40.8,75.4,100.0,40.8,70,82.1,64.8,777,0,medium,0,low,low,low,0,85,[],0,100,85,100,68.0,738
,COc1ccc2c(c1)N(C)CCN2S(=O)(=O)c1ccoc1.O=C1CCCN1,MDM2,sensitive,scout2,46.05,393.5,0.855,3.4,70.0,0.449,bioisostere,44.1,95.4,70.0,13.2,100,73.3,61.7,946,0,low,0,low,low,low,0,100,[],0,100,100,100,68.0,739
CHEMBL421605,O=C(CCn1c2c(c(=O)[nH]c1=O)CCCC2)NCC(=O)c1ccc(Br)cc1,PARP1,resistant,scout1,80.0,0.0,0.674,2.43,100.0,,database,36.2,92.0,100.0,36.2,70,84.1,67.0,742,0,low,0,low,low,low,0,100,"['hERG_channel', 'dopamine_D2']",2,70,100,70,68.0,740
,COc1ccc2c(c1)N(C)CCN2S(=O)(=O)c1cc[nH]c1.O=C1CCCN1,MDM2,sensitive,scout2,45.98,392.5,0.827,3.4,70.0,0.421,bioisostere,44.1,95.4,70.0,13.2,100,73.3,61.7,943,0,low,0,low,low,low,0,100,[],0,100,100,100,68.0,741
CHEMBL214282,CN1C(=O)C[C@H](c2ccccc2)[C@@H]1[C@H](O)c1ccc(S(=O)(=O)N2CCOCC2)s1,KRAS,escape_route,scout1,70.0,0.0,0.773,3.63,100.0,,database,38.1,93.0,100.0,26.7,70,70.8,65.7,761,0,low,0,low,low,low,0,100,['dopamine_D2'],1,85,100,85,68.0,742
CHEMBL379914,N[C@H](COc1cnc(Cl)c(/C=C/c2ccncc2)c1)Cc1c[nH]c2ccccc12,AKT1,escape_route,scout1,23.0,0.0,0.436,3.07,98.7,,database,54.1,78.2,98.7,37.8,70,77.0,68.5,715,0,medium,0,low,high,low,0,75,['serotonin_5HT2'],1,85,75,85,67.9,743
,NC(=O)c1ccc2c(c1)CCCN2S(=O)(=O)c1ccc(N2CCCC2=O)cc1,MDM2,sensitive,scout2,46.24,399.5,0.85,3.5,70.0,0.52,r_group,44.1,95.4,70.0,13.2,100,72.2,61.7,949,0,low,0,low,low,low,0,100,[],0,100,100,100,67.9,744
,Cc1ccc2c(c1)CCCN2S(=O)(=O)c1cc[nH]c1.O=C1CCCN1,MDM2,sensitive,scout2,49.19,361.5,0.861,3.1,70.0,0.405,bioisostere,43.2,95.1,70.0,13.0,100,76.7,61.5,961,0,low,0,low,low,low,0,100,[],0,100,100,100,67.8,745
,COc1ccc2c(c1)CCCN2S(=O)(=O)c1cc[nH]c1.O=C1CCCN1,MDM2,sensitive,scout2,49.45,377.5,0.856,3.2,70.0,0.435,bioisostere,43.1,95.1,70.0,12.9,100,75.6,61.4,965,0,low,0,low,low,low,0,100,[],0,100,100,100,67.8,746
CHEMBL172900,CCOC(=O)C1CCN(CC(=O)C(CC(=O)O)NC(=O)C(CC)n2cccc(NC(=O)c3ccc4ccccc4c3)c2=O)CC1,CD274,immune,scout1,8.0,0.0,0.244,3.51,69.9,,database,69.2,79.4,69.9,20.8,70,72.1,64.8,775,0,medium,0,low,high,low,0,75,[],0,100,75,100,67.7,747
,COc1ccsc1.CS(=O)(=O)N1CCC(Nc2ncc(C=O)c(N)n2)CC1.F.F,ATR,resistant,scout2,68.11,453.5,0.656,3.6,70.0,0.431,bioisostere,38.5,93.2,70.0,38.5,100,71.1,63.2,814,0,medium,0,low,low,low,0,85,[],0,100,85,100,67.7,748
CHEMBL428496,COC[C@H]1OC(=O)c2coc3c2[C@@]1(C)C1=C(C3=O)[C@@H]2CCC(=O)[C@@]2(C)C[C@H]1OC(C)=O,MTOR,escape_route,scout1,40.0,0.0,0.676,4.66,100.0,,database,46.1,96.0,100.0,32.3,70,59.3,69.2,697,0,medium,1,medium,low,low,1,70,[],0,100,70,100,67.7,749
CHEMBL428496,COC[C@H]1OC(=O)c2coc3c2[C@@]1(C)C1=C(C3=O)[C@@H]2CCC(=O)[C@@]2(C)C[C@H]1OC(C)=O,MTOR,escape_route,scout1,40.0,0.0,0.676,4.66,100.0,,database,46.1,96.0,100.0,32.3,70,59.3,69.2,700,0,medium,1,medium,low,low,1,70,[],0,100,70,100,67.7,750
CHEMBL428496,COC[C@H]1OC(=O)c2coc3c2[C@@]1(C)C1=C(C3=O)[C@@H]2CCC(=O)[C@@]2(C)C[C@H]1OC(C)=O,MTOR,escape_route,scout1,40.0,0.0,0.676,4.66,100.0,,database,46.1,96.0,100.0,32.3,70,59.3,69.2,696,0,medium,1,medium,low,low,1,70,[],0,100,70,100,67.7,751
CHEMBL219790,O=C(NC(CO)c1ccc(F)c(F)c1)c1cc(-c2[nH]ncc2-c2cccc(Cl)c2)c[nH]1,MAPK1,sensitive,scout1,22.0,0.0,0.355,3.12,97.1,,database,54.7,78.2,97.1,16.4,70,76.4,65.2,767,0,medium,0,low,low,low,0,85,[],0,100,85,100,67.6,752
,COc1cc[nH]c1.CS(=O)(=O)N1CCC(Nc2ncc(C=O)c(N)n2)CC1.F.F,ATR,resistant,scout2,69.22,436.5,0.59,3.6,70.0,0.419,bioisostere,38.3,93.1,70.0,38.3,100,71.1,63.0,823,0,medium,0,low,low,low,0,85,[],0,100,85,100,67.6,753
CHEMBL543394,Cl.Oc1nc2ccc(N3CCC(N4CCCC4)CC3)nc2c2ccccc12,PARP1,resistant,scout1,75.0,0.0,0.677,2.51,100.0,,database,37.1,92.5,100.0,37.1,70,83.2,67.5,733,0,medium,0,low,high,low,0,75,[],0,100,75,100,67.6,754
CHEMBL280865,CCCC1CCNc2cc3nc(O)cc(C(F)(F)F)c3cc21,AR,sensitive,scout1,19.0,0.0,0.848,3.46,100.0,,database,56.8,98.1,100.0,17.0,70,72.7,71.3,637,1,high,0,low,high,low,0,60,[],0,100,60,100,67.6,755
CHEMBL243298,O=C(O)c1ccccc1Nc1ccnc(Nc2cccc(F)c2)n1,CDK4,sensitive,scout1,31.62,0.0,0.662,2.04,100.0,,database,49.5,96.8,100.0,14.9,70,88.4,69.2,698,1,high,0,low,low,low,0,70,[],0,100,70,100,67.5,756
CHEMBL360089,C/C1=C\[C@@H](O)C(=O)/C=C/C=C\c2csc(n2)[C@@H](C)NC(=O)C[C@@]2(CC1)[S+]([O-])SC(=O)[C@]2(C)O,MAP2K1,sensitive,scout1,11.0,0.0,0.275,7.08,80.1,,database,64.6,98.9,80.1,19.4,70,32.4,68.2,723,0,medium,1,medium,low,low,1,70,[],0,100,70,100,67.5,757
,CN1CCN(S(=O)(=O)c2cc[nH]c2)c2ccccc21.O=C1CCCN1,MDM2,sensitive,scout2,52.48,362.5,0.849,3.1,70.0,0.435,bioisostere,42.2,94.8,70.0,12.7,100,76.7,61.1,980,0,low,0,low,low,low,0,100,[],0,100,100,100,67.5,758
,COc1ccc2c(c1)CCCN2S(=O)(=O)c1ccoc1.O=C1CCCN1,MDM2,sensitive,scout2,52.87,378.5,0.885,3.2,70.0,0.406,bioisostere,42.1,94.7,70.0,12.6,100,75.6,61.0,989,0,low,0,low,low,low,0,100,[],0,100,100,100,67.4,759
CHEMBL27297,CCC1CCNc2cc3c(cc21)c(C(F)(F)F)cc(=O)n3C,AR,sensitive,scout1,20.0,0.0,0.867,3.41,100.0,,database,56.1,98.0,100.0,16.8,70,73.2,71.0,658,1,high,0,low,high,low,0,60,[],0,100,60,100,67.4,760
CHEMBL4240141,CN1CCN(S(=O)(=O)c2ccc(N3CCC=N3)cc2)c2ccccc21,MDM2,sensitive,scout1,74.0,0.0,0.848,2.7,100.0,,database,37.3,92.6,100.0,11.2,70,81.1,63.6,807,0,low,0,low,low,low,0,100,[],0,100,100,100,67.4,761
CHEMBL219849,O=C(NC(CO)c1cccc(F)c1)c1cc(-c2[nH]ncc2-c2cccc(Cl)c2)c[nH]1,MAPK1,sensitive,scout1,24.0,0.0,0.371,3.05,97.4,,database,53.5,78.1,97.4,16.0,70,77.2,64.8,779,0,medium,0,low,low,low,0,85,[],0,100,85,100,67.3,762
CHEMBL1083810,CS(=O)(=O)N1CCN(Cc2cc3nc(-c4ccc(N)nc4)nc(N4CCOCC4)c3s2)CC1,PIK3CB,escape_route,scout1,60.0,0.0,0.565,2.79,100.0,,database,40.3,94.0,100.0,28.2,70,80.1,67.3,738,0,medium,0,low,high,low,0,75,[],0,100,75,100,67.2,763
,CN1CCN(S(=O)(=O)c2ccoc2)c2ccccc21.O=C1CCCN1,MDM2,sensitive,scout2,55.3,363.4,0.88,3.1,70.0,0.409,bioisostere,41.5,94.5,70.0,12.4,100,76.7,60.8,1004,0,low,0,low,low,low,0,100,[],0,100,100,100,67.2,764
CHEMBL394503,CNC(=O)Nc1cc(CNc2ccccc2C(=O)Nc2ccc3c(c2)OC(F)(F)O3)ccn1,BRAF,escape_route,scout1,24.0,0.0,0.447,2.55,98.9,,database,53.5,78.1,98.9,37.4,70,82.8,68.6,710,1,high,0,low,high,low,0,60,[],0,100,60,100,67.2,765
,COc1ccc(F)c(F)c1C(=O)c1cnc(NC2CCN(S(=O)(=O)C(C)C)CC2)nc1N,ATR,resistant,scout2,51.58,469.5,0.591,4.0,70.0,0.574,r_group,42.5,94.8,70.0,42.5,100,66.7,65.2,768,0,high,0,low,low,low,0,70,[],0,100,70,100,67.1,766
CHEMBL210516,COc1cc(NC(=O)CCc2ccccc2)c(Cl)cc1NC(=O)Nc1cnc(C#N)cn1,CHEK1,resistant,scout1,68.0,0.0,0.494,2.38,99.9,,database,38.5,74.6,99.9,38.5,70,84.7,63.7,806,0,medium,0,low,low,low,0,85,[],0,100,85,100,67.1,767
CHEMBL213311,CN1C(=O)C[C@H](c2ccccc2F)[C@@H]1[C@H](O)c1ccc(-c2ccc(F)cc2)s1,KRAS,escape_route,scout1,60.0,0.0,0.688,3.5,100.0,,database,40.3,94.0,100.0,28.2,70,72.2,66.9,743,0,medium,0,low,low,low,0,85,['dopamine_D2'],1,85,85,85,66.8,768
,CN1C(=O)C[C@@H](c2ccsc2)[C@@H]1[C@H](O)c1ccc(-c2ccc(C#N)cc2)s1,KRAS,escape_route,scout2,59.86,394.5,0.713,3.4,70.0,0.502,bioisostere,40.4,94.0,70.0,28.2,100,73.3,62.5,859,0,medium,0,low,low,low,0,85,[],0,100,85,100,66.8,769
CHEMBL272265,N#CCc1ccc(-n2cnc3cnc4ccc(C#Cc5cccnc5)cc4c32)cc1,PIK3CA,escape_route,scout1,64.0,0.0,0.422,2.73,100.0,,database,39.4,93.6,100.0,27.6,70,80.8,66.9,744,0,medium,0,low,high,low,0,75,[],0,100,75,100,66.8,770
CHEMBL272265,N#CCc1ccc(-n2cnc3cnc4ccc(C#Cc5cccnc5)cc4c32)cc1,PIK3CA,escape_route,scout1,64.0,0.0,0.422,2.73,100.0,,database,39.4,93.6,100.0,27.6,70,80.8,66.9,746,0,medium,0,low,high,low,0,75,[],0,100,75,100,66.8,771
,COc1ccc(F)c(F)c1C(=O)c1cnc(NC2CCN(S(=O)(=O)C3CC3)CC2)nc1N,ATR,resistant,scout2,55.04,467.5,0.592,4.0,70.0,0.489,r_group,41.6,94.5,70.0,41.6,100,66.7,64.7,783,0,high,0,low,low,low,0,70,[],0,100,70,100,66.7,772
CHEMBL282204,CC1c2cc3c(C(F)(F)F)cc(O)nc3cc2NC[C@H]1C,AR,sensitive,scout1,22.0,0.0,0.768,3.88,100.0,,database,54.7,97.8,100.0,16.4,70,68.0,70.2,678,1,high,0,low,high,low,0,60,[],0,100,60,100,66.7,773
,CN1C(=O)C[C@@H](c2cc[nH]c2)[C@@H]1[C@H](O)c1ccc(-c2ccccc2)s1.F,KRAS,escape_route,scout2,62.06,372.5,0.729,3.2,70.0,0.497,bioisostere,39.8,93.8,70.0,27.9,100,75.6,62.4,872,0,medium,0,low,low,low,0,85,[],0,100,85,100,66.7,774
,CN1C(=O)C[C@@H](c2ccoc2)[C@@H]1[C@H](O)c1ccc(-c2ccc(C#N)cc2)s1,KRAS,escape_route,scout2,60.76,378.5,0.746,3.4,70.0,0.492,bioisostere,40.1,93.9,70.0,28.1,100,73.3,62.4,874,0,medium,0,low,low,low,0,85,[],0,100,85,100,66.7,775
,CS(=O)(=O)N1CCC(Nc2ncc(C(=O)c3c(OC4CC4)ccc(F)c3F)c(N)n2)CC1,ATR,resistant,scout2,54.44,467.5,0.592,4.0,70.0,0.527,r_group,41.7,94.6,70.0,41.7,100,66.7,64.7,787,0,high,0,low,low,low,0,70,[],0,100,70,100,66.7,776
CHEMBL3698726,c1cc2c3cnc(Nc4ccc(NC5CCNCC5)nn4)nc3n(C3CCCC3)c2cn1,CDK6,sensitive,scout1,12.4,0.0,0.44,2.95,98.8,,database,62.9,79.0,98.8,18.9,70,78.3,68.6,712,0,high,0,low,high,low,0,60,[],0,100,60,100,66.7,777
CHEMBL4868801,Cc1c(Cc2cccc(Cl)c2)c(-c2cc(Cl)nc(N)n2)nn1C,EZH2,resistant,scout1,107.0,0.0,0.734,2.58,100.0,,database,32.0,89.3,100.0,32.0,70,82.4,64.4,792,0,medium,0,low,low,low,0,85,[],0,100,85,100,66.6,778
CHEMBL381421,Oc1cc(-c2[nH]c(-c3ccccc3)nc2-c2ccnnc2)ccc1Cl,BRAF,escape_route,scout1,87.0,0.0,0.569,2.47,100.0,,database,35.0,91.3,100.0,24.5,70,83.7,64.7,785,0,medium,0,low,low,low,0,85,[],0,100,85,100,66.6,779
,CN1C(=O)C[C@@H](c2ccoc2)[C@@H]1[C@H](O)c1ccc(S(=O)(=O)c2ccccc2)s1.F,KRAS,escape_route,scout2,61.23,437.5,0.661,3.6,70.0,0.513,bioisostere,40.0,93.9,70.0,28.0,100,71.1,62.2,897,0,medium,0,low,low,low,0,85,[],0,100,85,100,66.6,780
CHEMBL121130,COc1ccc(NS(=O)(=O)c2c(F)c(F)c(F)c(F)c2F)cc1NC(=O)[C@@H](NC(C)=O)[C@@H](C)O,MAP2K1,sensitive,scout1,27.0,0.0,0.244,3.29,89.9,,database,51.8,97.3,89.9,15.5,70,74.6,67.4,735,2,high,0,low,low,low,0,70,[],0,100,70,100,66.6,781
,CC(C)Oc1ccc(F)c(F)c1C(=O)c1cnc(NC2CCN(S(C)(=O)=O)CC2)nc1N,ATR,resistant,scout2,55.29,469.5,0.591,4.0,70.0,0.541,r_group,41.5,94.5,70.0,41.5,100,66.7,64.6,789,0,high,0,low,low,low,0,70,[],0,100,70,100,66.6,782
,CN1C(=O)C[C@@H](c2ccsc2)[C@@H]1[C@H](O)c1ccc(-c2ccccc2)s1.F,KRAS,escape_route,scout2,63.9,389.5,0.704,3.2,70.0,0.54,bioisostere,39.4,93.6,70.0,27.6,100,75.6,62.1,903,0,medium,0,low,low,low,0,85,[],0,100,85,100,66.6,783
,CN1C(=O)C[C@@H](c2cc[nH]c2)[C@@H]1[C@H](O)c1ccc(-c2ccc(C#N)cc2)s1,KRAS,escape_route,scout2,62.13,377.5,0.728,3.4,70.0,0.498,bioisostere,39.8,93.8,70.0,27.9,100,73.3,62.2,896,0,medium,0,low,low,low,0,85,[],0,100,85,100,66.6,784
,CN1C(=O)C[C@@H](c2ccoc2)[C@@H]1[C@H](O)c1ccc(-c2ccccc2)s1.F,KRAS,escape_route,scout2,65.1,373.4,0.745,3.2,70.0,0.558,bioisostere,39.2,93.5,70.0,27.4,100,75.6,62.0,914,0,medium,0,low,low,low,0,85,[],0,100,85,100,66.5,785
,CN1C(=O)C[C@@H](c2ccsc2)[C@@H]1[C@H](O)c1ccc(S(=O)(=O)c2ccccc2)s1.F,KRAS,escape_route,scout2,62.29,453.6,0.637,3.6,70.0,0.528,bioisostere,39.8,93.8,70.0,27.8,100,71.1,62.1,905,0,medium,0,low,low,low,0,85,[],0,100,85,100,66.5,786
,CN1C(=O)C[CH][C@@H]1[C@H](O)c1ccc(S(=O)(=O)c2ccccc2)s1.COc1ccsc1,KRAS,escape_route,scout2,60.97,464.6,0.621,3.8,70.0,0.435,bioisostere,40.1,93.9,70.0,28.1,100,68.9,62.2,894,0,medium,0,low,low,low,0,85,[],0,100,85,100,66.5,787
CHEMBL206143,COc1ccc(CCC(=O)Nc2cc(OC)c(NC(=O)Nc3cnc(C#N)cn3)cc2Cl)cc1,CHEK1,resistant,scout1,72.0,0.0,0.438,2.44,98.8,,database,37.7,74.2,98.8,37.7,70,84.0,63.0,825,0,medium,0,low,low,low,0,85,[],0,100,85,100,66.5,788
,CN1C(=O)C[CH][C@@H]1[C@H](O)c1ccc(S(=O)(=O)c2ccccc2)s1.COc1cc[nH]c1,KRAS,escape_route,scout2,60.96,447.6,0.626,3.8,70.0,0.433,bioisostere,40.1,93.9,70.0,28.1,100,68.9,62.2,892,0,medium,0,low,low,low,0,85,[],0,100,85,100,66.5,789
CHEMBL107616,O=C(CCn1c2c(c(=O)[nH]c1=O)CSCC2)NCC(=O)c1cccc(-c2ccccc2)c1,PARP1,resistant,scout1,70.0,0.0,0.54,2.61,100.0,,database,38.1,93.0,100.0,38.1,70,82.1,68.0,725,0,medium,0,low,low,low,0,85,"['hERG_channel', 'dopamine_D2']",2,70,85,70,66.5,790
CHEMBL203384,N[C@H](CNc1cnc(Cl)c(/C=C/c2ccncc2)c1)Cc1c[nH]c2ccccc12,AKT1,escape_route,scout1,19.0,0.0,0.388,3.12,97.8,,database,56.8,78.5,97.8,39.8,70,76.4,69.5,693,1,high,0,low,high,low,0,60,['serotonin_5HT2'],1,85,60,85,66.5,791
CHEMBL200226,OCc1ccc(-c2[nH]c(-c3ccccc3)nc2-c2ccncc2)cc1,BRAF,escape_route,scout1,71.0,0.0,0.587,2.07,100.0,,database,37.9,92.9,100.0,26.5,70,88.1,66.5,753,0,medium,0,low,high,low,0,75,[],0,100,75,100,66.5,792
,O=C1CCCN1c1ccc(S(=O)(=O)N2CCCc3cc(OO)ccc32)cc1,MDM2,sensitive,scout2,40.34,388.4,0.643,3.4,70.0,0.644,r_group,46.0,96.0,70.0,13.8,100,73.3,62.5,871,0,medium,0,low,low,low,0,85,[],0,100,85,100,66.4,793
,Cc1ccc2c(c1)CCCN2S(=O)(=O)c1ccncc1.O=C1CCCN1,MDM2,sensitive,scout2,48.71,373.5,0.877,3.2,70.0,0.436,bioisostere,43.3,95.1,70.0,13.0,100,75.6,61.5,960,0,low,0,low,high,low,0,90,[],0,100,90,100,66.3,794
CHEMBL410071,COC[C@H]1OC(=O)/C(=C/N2CCC(C(=O)O)CC2)C2=C(O)C(=O)C3=C([C@H](OC(C)=O)C[C@]4(C)[C@@H](O)CC[C@@H]34)[C@]21C,PIK3CA,escape_route,scout1,33.0,0.0,0.334,4.92,76.7,,database,48.9,96.7,76.7,34.2,70,56.4,65.6,763,0,medium,1,medium,low,low,1,70,[],0,100,70,100,66.3,795
,COc1ccc2c(c1)N(N)CCN2S(=O)(=O)c1ccc(N2CCCC2=O)cc1,MDM2,sensitive,scout2,40.74,402.5,0.782,3.5,70.0,0.566,r_group,45.9,95.9,70.0,13.8,100,72.2,62.4,878,0,medium,0,low,low,low,0,85,[],0,100,85,100,66.3,796
,CN1C(=O)C[C@@H](c2cc[nH]c2)[C@@H]1[C@H](O)c1ccc(S(=O)(=O)c2ccccc2)s1.F,KRAS,escape_route,scout2,63.9,436.5,0.643,3.6,70.0,0.467,bioisostere,39.4,93.6,70.0,27.6,100,71.1,61.9,926,0,medium,0,low,low,low,0,85,[],0,100,85,100,66.3,797
CHEMBL383670,COc1cc(CN(C)CCN(C)C)ccc1NC(=O)Nc1cnc(C#N)cn1,CHEK1,resistant,scout1,112.0,0.0,0.718,2.52,100.0,,database,31.4,88.8,100.0,31.4,70,83.1,64.0,799,1,medium,0,low,low,low,0,85,[],0,100,85,100,66.3,798
,CN1C(=O)C[CH][C@@H]1[C@H](O)c1ccc(S(=O)(=O)c2ccccc2)s1.COc1ccoc1,KRAS,escape_route,scout2,63.26,448.5,0.643,3.8,70.0,0.411,bioisostere,39.6,93.7,70.0,27.7,100,68.9,61.9,930,0,medium,0,low,low,low,0,85,[],0,100,85,100,66.3,799
CHEMBL282813,CC(C)CC1CCNc2cc3nc(O)cc(C(F)(F)F)c3cc21,AR,sensitive,scout1,25.0,0.0,0.825,3.49,100.0,,database,52.9,97.5,100.0,15.9,70,72.3,69.7,685,1,high,0,low,high,low,0,60,[],0,100,60,100,66.3,800
CHEMBL4244338,CN1CCN(S(=O)(=O)c2ccc(N3CCCC3)cc2)c2ccccc21,MDM2,sensitive,scout1,65.0,0.0,0.847,2.14,100.0,,database,39.2,93.5,100.0,11.8,70,87.3,64.8,774,0,medium,0,low,low,low,0,85,[],0,100,85,100,66.2,801
CHEMBL215309,COc1ccccc1[C@H]1CC(=O)N(C)[C@H]1[C@H](O)c1ccc(S(=O)(=O)c2ccccc2)s1,KRAS,escape_route,scout1,40.0,0.0,0.611,3.58,100.0,,database,46.1,76.8,100.0,32.3,70,71.3,65.0,770,0,medium,0,low,low,low,0,85,['dopamine_D2'],1,85,85,85,66.2,802
,COc1ccc2c(c1)N(OC)CCN2S(=O)(=O)c1ccc(N2CCCC2=O)cc1,MDM2,sensitive,scout2,41.06,417.5,0.743,3.6,70.0,0.644,r_group,45.8,95.9,70.0,13.7,100,71.1,62.3,881,0,medium,0,low,low,low,0,85,[],0,100,85,100,66.2,803
,COc1ccncc1.CS(=O)(=O)N1CCC(Nc2ncc(C=O)c(N)n2)CC1.F.F,ATR,resistant,scout2,67.09,448.5,0.643,3.8,70.0,0.469,bioisostere,38.7,93.3,70.0,38.7,100,68.9,63.2,816,0,medium,0,low,high,low,0,75,[],0,100,75,100,66.2,804
CHEMBL562165,CCOC(=O)Nc1ccc(-c2nc(N3CCOCC3)c3cnn(C4CCN(Cc5ccccc5)CC4)c3n2)cc1,MTOR,escape_route,scout1,46.0,0.0,0.359,2.61,87.2,,database,44.1,76.3,87.2,30.9,70,82.1,62.0,916,0,medium,0,low,low,low,0,85,[],0,100,85,100,66.2,805
,CNOc1ccc2c(c1)N(C)CCN2S(=O)(=O)c1ccc(N2CCCC2=O)cc1,MDM2,sensitive,scout2,41.57,416.5,0.751,3.6,70.0,0.554,r_group,45.6,95.8,70.0,13.7,100,71.1,62.2,887,0,medium,0,low,low,low,0,85,[],0,100,85,100,66.1,806
CHEMBL432406,O=C(Cn1c2c(c(=O)[nH]c1=O)CSCC2)NCC(=O)N1CCN(c2ncccn2)CC1,PARP1,resistant,scout1,150.0,0.0,0.573,2.85,100.0,,database,27.2,85.0,100.0,27.2,70,79.4,61.0,985,0,low,0,low,low,low,0,100,[],0,100,100,100,66.1,807
,CNN1CCN(S(=O)(=O)c2ccc(N3CCCC3=O)cc2)c2ccc(OC)cc21,MDM2,sensitive,scout2,41.72,416.5,0.803,3.6,70.0,0.568,r_group,45.5,95.8,70.0,13.7,100,71.1,62.2,888,0,medium,0,low,low,low,0,85,[],0,100,85,100,66.1,808
,COc1ccc2c(c1)CCCN2S(=O)(=O)c1ccncc1.O=C1CCCN1,MDM2,sensitive,scout2,50.04,389.5,0.869,3.4,70.0,0.435,bioisostere,42.9,95.0,70.0,12.9,100,73.3,61.2,978,0,low,0,low,high,low,0,90,[],0,100,90,100,66.1,809
,NOc1ccc2c(c1)CCCN2S(=O)(=O)c1ccc(N2CCCC2=O)cc1,MDM2,sensitive,scout2,42.53,387.5,0.812,3.4,70.0,0.561,r_group,45.3,95.7,70.0,13.6,100,73.3,62.2,889,0,medium,0,low,low,low,0,85,[],0,100,85,100,66.1,810
,O=C1CCCN1c1ccc(S(=O)(=O)N2CCCc3cc(F)ccc32)cc1,MDM2,sensitive,scout2,44.21,374.4,0.83,3.2,70.0,0.504,r_group,44.7,95.6,70.0,13.4,100,75.6,62.1,910,0,medium,0,low,low,low,0,85,[],0,100,85,100,66.1,811
CHEMBL115252,O=C[C@H](CC(=O)O)NS(=O)(=O)c1ccccc1OCCc1cccc2ccccc12,CD274,immune,scout1,62.0,0.0,0.482,2.78,100.0,,database,39.9,93.8,100.0,12.0,70,80.2,64.7,782,0,medium,0,low,low,low,0,85,[],0,100,85,100,66.1,812
,COc1ccc(F)c(F)c1C(=O)c1cnc(NC2CCN(S(=O)(=O)N(C)C)CC2)nc1N,ATR,resistant,scout2,59.13,470.5,0.579,4.0,70.0,0.544,r_group,40.5,94.1,70.0,40.5,100,66.7,64.1,795,1,high,0,low,low,low,0,70,[],0,100,70,100,66.1,813
CHEMBL3642038,CN(C)C1CN(c2ccc(Nc3ncc4c5ccncc5n(C5CCCC5)c4n3)nn2)CCC1O,CDK6,sensitive,scout1,13.3,0.0,0.452,3.77,99.0,,database,61.9,78.9,99.0,18.6,70,69.2,67.9,729,1,high,0,low,high,low,0,60,[],0,100,60,100,66.0,814
,O=C1CCCN1c1ccc(S(=O)(=O)N2CCCc3cc(OF)ccc32)cc1,MDM2,sensitive,scout2,43.16,390.4,0.804,3.4,70.0,0.576,r_group,45.0,95.7,70.0,13.5,100,73.3,62.1,906,0,medium,0,low,low,low,0,85,[],0,100,85,100,66.0,815
CHEMBL3702209,CN(C)C1CCN(c2ccc(Nc3ncc4c5ccccc5n(C5CCCC5)c4n3)nc2)CC1,CDK6,sensitive,scout1,12.0,0.0,0.437,2.7,88.7,,database,63.4,79.0,88.7,19.0,70,81.1,66.9,745,1,high,0,low,high,low,0,60,[],0,100,60,100,66.0,816
,CN1CCN(S(=O)(=O)c2ccc(N3CCCC3=O)cc2)c2ccc(ON)cc21,MDM2,sensitive,scout2,43.63,402.5,0.782,3.5,70.0,0.529,r_group,44.9,95.6,70.0,13.5,100,72.2,62.0,915,0,medium,0,low,low,low,0,85,[],0,100,85,100,66.0,817
CHEMBL3642007,O[C@@H]1CCCN(C2CCN(c3ccc(Nc4ncc5c6ccncc6n(C6CCCC6)c5n4)nn3)CC2)C1,CDK6,sensitive,scout1,18.0,0.0,0.408,3.45,88.2,,database,57.6,78.6,88.2,17.3,70,72.8,64.3,793,0,medium,0,low,high,low,0,75,[],0,100,75,100,66.0,818
,CC(C)Oc1ccc2c(c1)N(C)CCN2S(=O)(=O)c1ccc(N2CCCC2=O)cc1,MDM2,sensitive,scout2,42.13,429.5,0.73,3.8,70.0,0.484,r_group,45.4,95.8,70.0,13.6,100,68.9,62.1,904,0,medium,0,low,low,low,0,85,[],0,100,85,100,66.0,819
CHEMBL1766804,CS(=O)(=O)c1ccc(-c2cnc(N)c(-c3cc4ccccc4[nH]3)n2)cc1,ATM,resistant,scout1,120.0,0.0,0.581,2.36,100.0,,database,30.4,88.0,100.0,30.4,70,84.9,63.4,811,0,medium,0,low,low,low,0,85,[],0,100,85,100,65.9,820
,N#COc1ccc2c(c1)CCCN2S(=O)(=O)c1ccc(N2CCCC2=O)cc1,MDM2,sensitive,scout2,44.12,397.5,0.74,3.5,70.0,0.474,r_group,44.7,95.6,70.0,13.4,100,72.2,61.9,929,0,medium,0,low,low,low,0,85,[],0,100,85,100,65.9,821
CHEMBL571722,Cc1cnc(Nc2cccc3c2OCCO3)nc1-c1c[nH]c(C(=O)N[C@H](CO)c2cccc(Cl)c2)c1,MAPK1,sensitive,scout1,15.0,0.0,0.293,3.31,85.9,,database,60.2,78.8,85.9,18.1,70,74.3,64.9,771,1,high,0,low,low,low,0,70,[],0,100,70,100,65.9,822
,CN(C)Oc1ccc2c(c1)CCCN2S(=O)(=O)c1ccc(N2CCCC2=O)cc1,MDM2,sensitive,scout2,43.62,415.5,0.703,3.6,70.0,0.554,r_group,44.9,95.6,70.0,13.5,100,71.1,62.0,912,1,medium,0,low,low,low,0,85,[],0,100,85,100,65.9,823
,N#Cc1ccc2c(c1)CCCN2S(=O)(=O)c1ccc(N2CCCC2=O)cc1,MDM2,sensitive,scout2,44.57,381.5,0.819,3.4,70.0,0.492,r_group,44.6,95.5,70.0,13.4,100,73.3,61.9,931,0,medium,0,low,low,low,0,85,[],0,100,85,100,65.9,824
,COc1ccc2c(c1)N(N(C)C)CCN2S(=O)(=O)c1ccc(N2CCCC2=O)cc1,MDM2,sensitive,scout2,42.34,430.5,0.725,3.8,70.0,0.457,r_group,45.3,95.8,70.0,13.6,100,68.9,62.0,913,1,medium,0,low,low,low,0,85,[],0,100,85,100,65.9,825
,O=C1CCCN1c1ccc(S(=O)(=O)NCCCc2ccsc2)cc1,MDM2,sensitive,scout2,46.74,364.5,0.768,3.0,70.0,0.414,bioisostere,43.9,95.3,70.0,13.2,100,77.8,61.9,921,0,medium,0,low,low,low,0,85,[],0,100,85,100,65.9,826
,Nc1ccc2c(c1)CCCN2S(=O)(=O)c1ccc(N2CCCC2=O)cc1,MDM2,sensitive,scout2,46.55,371.5,0.841,3.2,70.0,0.461,r_group,44.0,95.3,70.0,13.2,100,75.6,61.8,934,1,medium,0,low,low,low,0,85,[],0,100,85,100,65.8,827
,CN1CCN(S(=O)(=O)c2ccncc2)c2ccccc21.O=C1CCCN1,MDM2,sensitive,scout2,53.97,374.5,0.864,3.2,70.0,0.445,bioisostere,41.8,94.6,70.0,12.6,100,75.6,60.9,998,0,low,0,low,high,low,0,90,[],0,100,90,100,65.8,828
,CC(C)c1ccc2c(c1)CCCN2S(=O)(=O)c1ccc(N2CCCC2=O)cc1,MDM2,sensitive,scout2,44.7,398.5,0.78,3.5,70.0,0.537,r_group,44.5,95.5,70.0,13.4,100,72.2,61.9,932,0,medium,0,low,low,low,0,85,[],0,100,85,100,65.8,829
,COc1ccc2c(c1)CCCN2S(=O)(=O)c1ccsc1.O=C1CCCN1,MDM2,sensitive,scout2,46.24,394.5,0.869,3.2,70.0,0.429,bioisostere,44.1,95.4,70.0,13.2,100,75.6,61.8,938,0,medium,0,low,low,low,0,85,[],0,100,85,100,65.8,830
,CNOc1ccc2c(c1)CCCN2S(=O)(=O)c1ccc(N2CCCC2=O)cc1,MDM2,sensitive,scout2,45.42,401.5,0.779,3.5,70.0,0.502,r_group,44.3,95.5,70.0,13.3,100,72.2,61.8,939,0,medium,0,low,low,low,0,85,[],0,100,85,100,65.8,831
CHEMBL427170,CN1CCN(c2ccc(C(=O)Nc3n[nH]c4c3CN(C(=O)c3ccco3)C4)cc2)CC1,AURKA,resistant,scout1,160.0,0.0,0.671,2.53,100.0,,database,26.3,84.0,100.0,26.3,70,83.0,60.5,1011,0,low,0,low,low,low,0,100,[],0,100,100,100,65.8,832
,O=C(O)Oc1ccc2c(c1)CCCN2S(=O)(=O)c1ccc(N2CCCC2=O)cc1,MDM2,sensitive,scout2,44.59,416.5,0.607,3.6,70.0,0.54,r_group,44.6,95.5,70.0,13.4,100,71.1,61.8,935,0,medium,0,low,low,low,0,85,[],0,100,85,100,65.8,833
,CC(C)Oc1ccc2c(c1)CCCN2S(=O)(=O)c1ccc(N2CCCC2=O)cc1,MDM2,sensitive,scout2,45.59,414.5,0.748,3.6,70.0,0.515,r_group,44.3,95.4,70.0,13.3,100,71.1,61.7,942,0,medium,0,low,low,low,0,85,[],0,100,85,100,65.7,834
,CCOc1ccc2c(c1)N(C)CCN2S(=O)(=O)c1ccc(N2CCCC2=O)cc1,MDM2,sensitive,scout2,45.14,415.5,0.751,3.6,70.0,0.549,r_group,44.4,95.5,70.0,13.3,100,71.1,61.7,944,0,medium,0,low,low,low,0,85,[],0,100,85,100,65.7,835
,COOc1ccc2c(c1)CCCN2S(=O)(=O)c1ccc(N2CCCC2=O)cc1,MDM2,sensitive,scout2,45.97,402.5,0.568,3.5,70.0,0.554,r_group,44.1,95.4,70.0,13.2,100,72.2,61.7,947,0,medium,0,low,low,low,0,85,[],0,100,85,100,65.7,836
,COc1ccc2c(c1)N(C1CC1)CCN2S(=O)(=O)c1ccc(N2CCCC2=O)cc1,MDM2,sensitive,scout2,44.78,427.5,0.734,3.8,70.0,0.5,r_group,44.5,95.5,70.0,13.4,100,68.9,61.7,950,0,medium,0,low,low,low,0,85,[],0,100,85,100,65.7,837
,O=C1CCCN1c1ccc(S(=O)(=O)N2CCCc3cc(C4CC4)ccc32)cc1,MDM2,sensitive,scout2,46.4,396.5,0.789,3.5,70.0,0.464,r_group,44.0,95.4,70.0,13.2,100,72.2,61.6,955,0,medium,0,low,low,low,0,85,[],0,100,85,100,65.7,838
,O=C1CCCN1c1ccc(S(=O)(=O)N2CCCc3cc(OCl)ccc32)cc1,MDM2,sensitive,scout2,46.17,406.9,0.779,3.4,70.0,0.571,r_group,44.1,95.4,70.0,13.2,100,73.3,61.7,951,0,medium,0,low,low,low,0,85,[],0,100,85,100,65.7,839
,CON1C(=O)C[C@H](c2ccccc2F)[C@@H]1[C@H](O)c1ccc(-c2ccccc2)s1,KRAS,escape_route,scout2,55.79,397.5,0.688,3.5,70.0,0.587,r_group,41.4,94.4,70.0,29.0,100,72.2,63.0,824,0,medium,0,low,low,low,0,85,['dopamine_D2'],1,85,85,85,65.7,840
,CN1C(=O)C[C@H](c2ccccc2F)[C@@H]1[C@H](O)c1ccc(-c2ccsc2)s1,KRAS,escape_route,scout2,57.36,387.5,0.707,3.2,70.0,0.602,bioisostere,41.0,94.3,70.0,28.7,100,75.6,62.9,828,0,medium,0,low,low,low,0,85,['dopamine_D2'],1,85,85,85,65.7,841
CHEMBL220112,O=C(N[C@H](CO)c1ccccc1)c1cc(-c2[nH]ncc2-c2cccc(Cl)c2)c[nH]1,MAPK1,sensitive,scout1,35.0,0.0,0.386,2.95,97.7,,database,48.0,77.2,97.7,14.4,70,78.3,62.8,832,0,medium,0,low,low,low,0,85,[],0,100,85,100,65.7,842
CHEMBL120186,COc1ccc(NS(=O)(=O)c2c(F)c(F)c(F)c(F)c2F)cc1NC(=O)[C@H](C)NC(C)=O,MAP2K1,sensitive,scout1,43.0,0.0,0.32,2.94,100.0,,database,45.1,95.7,100.0,13.5,70,78.4,66.9,747,2,high,0,low,low,low,0,70,[],0,100,70,100,65.6,843
,COOc1ccc2c(c1)N(C)CCN2S(=O)(=O)c1ccc(N2CCCC2=O)cc1,MDM2,sensitive,scout2,46.83,417.5,0.549,3.6,70.0,0.516,r_group,43.9,95.3,70.0,13.2,100,71.1,61.5,959,0,medium,0,low,low,low,0,85,[],0,100,85,100,65.6,844
CHEMBL211819,O=C1NC(=O)/C(=C/c2ccc(-c3cc(O)ccc3O)o2)S1,PIK3CA,escape_route,scout1,100.0,0.0,0.582,2.6,100.0,,database,33.0,90.0,100.0,23.1,70,82.2,63.5,810,0,low,1,medium,low,low,1,85,[],0,100,85,100,65.6,845
,COc1ccc2c(c1)N(C(C)C)CCN2S(=O)(=O)c1ccc(N2CCCC2=O)cc1,MDM2,sensitive,scout2,45.04,429.5,0.73,3.8,70.0,0.547,r_group,44.4,95.5,70.0,13.3,100,68.9,61.6,958,0,medium,0,low,low,low,0,85,[],0,100,85,100,65.6,846
,CN(C)Oc1ccc2c(c1)N(C)CCN2S(=O)(=O)c1ccc(N2CCCC2=O)cc1,MDM2,sensitive,scout2,45.56,430.5,0.678,3.8,70.0,0.543,r_group,44.3,95.4,70.0,13.3,100,68.9,61.6,952,1,medium,0,low,low,low,0,85,[],0,100,85,100,65.6,847
CHEMBL204087,CC(C)C(=O)N1Cc2n[nH]c(NC(=O)c3ccc4c(c3)OCO4)c2C1,AURKA,resistant,scout1,160.0,0.0,0.888,2.8,100.0,,database,26.3,84.0,100.0,26.3,70,80.0,60.3,1014,0,low,0,low,low,low,0,100,[],0,100,100,100,65.6,848
,O=C1C[C@H](c2ccccc2F)[C@H]([C@H](O)c2ccc(-c3ccccc3)s2)N1F,KRAS,escape_route,scout2,58.46,385.4,0.652,3.4,70.0,0.547,r_group,40.7,94.2,70.0,28.5,100,73.3,62.7,839,0,medium,0,low,low,low,0,85,['dopamine_D2'],1,85,85,85,65.5,849
,NN1C(=O)C[C@H](c2ccccc2F)[C@@H]1[C@H](O)c1ccc(-c2ccccc2)s1,KRAS,escape_route,scout2,57.85,382.5,0.532,3.4,70.0,0.558,r_group,40.8,94.2,70.0,28.6,100,73.3,62.8,835,0,medium,0,low,low,low,0,85,['dopamine_D2'],1,85,85,85,65.5,850
,CN1C(=O)C[C@H](c2ccccc2F)[C@@H]1[C@H](O)c1ccc(-c2cc[nH]c2)s1,KRAS,escape_route,scout2,59.22,370.4,0.731,3.2,70.0,0.534,bioisostere,40.5,94.1,70.0,28.4,100,75.6,62.7,838,0,medium,0,low,low,low,0,85,['dopamine_D2'],1,85,85,85,65.5,851
CHEMBL3702070,CCC(CC)n1c2cnccc2c2cnc(Nc3ccc(N4CCC(N(C)C)CC4)nn3)nc21,CDK6,sensitive,scout1,16.0,0.0,0.435,3.03,98.7,,database,59.3,78.7,98.7,17.8,70,77.4,67.2,740,1,high,0,low,high,low,0,60,[],0,100,60,100,65.5,852
CHEMBL248051,NC(=O)c1cc(CNc2ccccc2C(=O)Nc2ccc3c(c2)OC(F)(F)O3)ccn1,BRAF,escape_route,scout1,34.0,0.0,0.557,2.47,100.0,,database,48.5,77.3,100.0,33.9,70,83.7,66.6,750,1,high,0,low,high,low,0,60,[],0,100,60,100,65.5,853
,O=C1C[C@H](c2ccccc2F)[C@H]([C@H](O)c2ccc(-c3ccccc3)s2)N1Cl,KRAS,escape_route,scout2,58.19,401.9,0.616,3.4,70.0,0.608,r_group,40.8,94.2,70.0,28.5,100,73.3,62.7,837,0,medium,0,low,low,low,0,85,['dopamine_D2'],1,85,85,85,65.5,854
,CN1C(=O)C[C@H](c2ccccc2F)[C@@H]1[C@H](O)c1ccc(-c2ccoc2)s1,KRAS,escape_route,scout2,59.48,371.4,0.748,3.2,70.0,0.513,bioisostere,40.4,94.1,70.0,28.3,100,75.6,62.7,844,0,medium,0,low,low,low,0,85,['dopamine_D2'],1,85,85,85,65.5,855
,O=C1CCCN1c1ccc(S(=O)(=O)N2CCCc3cc(O)ccc32)cc1,MDM2,sensitive,scout2,50.79,372.4,0.898,3.2,70.0,0.483,r_group,42.7,94.9,70.0,12.8,100,75.6,61.2,977,0,medium,0,low,low,low,0,85,[],0,100,85,100,65.4,856
,CCN1C(=O)C[C@H](c2ccccc2F)[C@@H]1[C@H](O)c1ccc(-c2ccccc2)s1,KRAS,escape_route,scout2,59.13,395.5,0.661,3.5,70.0,0.494,r_group,40.5,94.1,70.0,28.4,100,72.2,62.5,864,0,medium,0,low,low,low,0,85,['dopamine_D2'],1,85,85,85,65.4,857
,CN1CCN(S(=O)(=O)c2ccc(N3CCCC3=O)cc2)c2ccc(OC3CC3)cc21,MDM2,sensitive,scout2,47.31,427.5,0.734,3.8,70.0,0.509,r_group,43.7,95.3,70.0,13.1,100,68.9,61.3,970,0,medium,0,low,low,low,0,85,[],0,100,85,100,65.4,858
,N#CN1C(=O)C[C@H](c2ccccc2F)[C@@H]1[C@H](O)c1ccc(-c2ccccc2)s1,KRAS,escape_route,scout2,58.81,392.5,0.667,3.5,70.0,0.491,r_group,40.6,94.1,70.0,28.4,100,72.2,62.6,850,0,medium,0,low,low,low,0,85,['dopamine_D2'],1,85,85,85,65.4,859
,O=C1CCCN1c1ccc(S(=O)(=O)N2CCCc3cc(Cl)ccc32)cc1,MDM2,sensitive,scout2,50.86,390.9,0.804,3.2,70.0,0.508,r_group,42.7,94.9,70.0,12.8,100,75.6,61.2,976,0,medium,0,low,low,low,0,85,[],0,100,85,100,65.4,860
,CNc1ccc2c(c1)CCCN2S(=O)(=O)c1ccc(N2CCCC2=O)cc1,MDM2,sensitive,scout2,49.5,385.5,0.878,3.4,70.0,0.482,r_group,43.1,95.0,70.0,12.9,100,73.3,61.3,967,1,medium,0,low,low,low,0,85,[],0,100,85,100,65.4,861
,NC(=O)Oc1ccc2c(c1)CCCN2S(=O)(=O)c1ccc(N2CCCC2=O)cc1,MDM2,sensitive,scout2,47.69,415.5,0.825,3.6,70.0,0.46,r_group,43.6,95.2,70.0,13.1,100,71.1,61.4,964,0,medium,0,low,low,low,0,85,[],0,100,85,100,65.4,862
CHEMBL1995813,NC1CCCCC1Nc1nccc(-c2c[nH]c3ncccc23)n1,CDK4,sensitive,scout1,31.62,0.0,0.692,3.25,100.0,,database,49.5,96.8,100.0,14.9,70,75.0,68.5,716,1,high,0,low,high,low,0,60,[],0,100,60,100,65.4,863
,O=C(O)N1C(=O)C[C@H](c2ccccc2F)[C@@H]1[C@H](O)c1ccc(-c2ccccc2)s1,KRAS,escape_route,scout2,58.02,411.5,0.655,3.6,70.0,0.555,r_group,40.8,94.2,70.0,28.6,100,71.1,62.6,847,0,medium,0,low,low,low,0,85,['dopamine_D2'],1,85,85,85,65.4,864
,O=C1C[C@H](c2ccccc2F)[C@H]([C@H](O)c2ccc(-c3ccccc3)s2)N1O,KRAS,escape_route,scout2,58.98,383.4,0.658,3.4,70.0,0.51,r_group,40.6,94.1,70.0,28.4,100,73.3,62.6,851,0,medium,0,low,low,low,0,85,['dopamine_D2'],1,85,85,85,65.4,865
CHEMBL311315,CC(=O)N[C@@H](Cc1ccccc1)C(=O)N[C@H](C(=O)N[C@@H](C)C(=O)N[C@H](C=O)CC(=O)O)C(C)C,CD274,immune,scout1,42.0,0.0,0.24,3.42,84.8,,database,45.4,95.8,84.8,13.6,70,73.1,63.7,804,1,low,0,low,low,low,0,100,"['hERG_channel', 'dopamine_D2']",2,70,100,70,65.4,866
CHEMBL4864668,Cc1c(Cc2cccc(F)c2)c(-c2cc(Cl)nc(N)n2)nn1C,EZH2,resistant,scout1,126.0,0.0,0.748,2.59,100.0,,database,29.7,87.4,100.0,29.7,70,82.3,62.8,833,0,medium,0,low,low,low,0,85,[],0,100,85,100,65.4,867
,NS(=O)(=O)N1C(=O)C[C@H](c2ccccc2F)[C@@H]1[C@H](O)c1ccc(-c2ccccc2)s1,KRAS,escape_route,scout2,56.81,446.5,0.629,3.8,70.0,0.538,r_group,41.1,94.3,70.0,28.8,100,68.9,62.7,842,0,medium,0,low,low,low,0,85,['dopamine_D2'],1,85,85,85,65.4,868
CHEMBL222249,O=C(NCc1ccc(F)c(F)c1)c1cc(-c2[nH]ncc2-c2cccc(Cl)c2)c[nH]1,MAPK1,sensitive,scout1,40.0,0.0,0.434,2.5,98.7,,database,46.1,76.8,98.7,13.8,70,83.3,62.5,857,0,medium,0,low,low,low,0,85,[],0,100,85,100,65.4,869
,CN1C(=O)C[C@H](c2ccccc2F)[C@@H]1[C@H](O)c1ccc(S(=O)(=O)c2cc[nH]c2)s1,KRAS,escape_route,scout2,58.63,434.5,0.646,3.6,70.0,0.56,bioisostere,40.7,94.1,70.0,28.5,100,71.1,62.6,856,0,medium,0,low,low,low,0,85,['dopamine_D2'],1,85,85,85,65.4,870
,O=C(O)c1ccc2c(c1)CCCN2S(=O)(=O)c1ccc(N2CCCC2=O)cc1,MDM2,sensitive,scout2,49.99,400.5,0.851,3.5,70.0,0.495,r_group,42.9,95.0,70.0,12.9,100,72.2,61.2,979,0,medium,0,low,low,low,0,85,[],0,100,85,100,65.3,871
,CN1C(=O)C[C@@H](c2ccsc2)[C@@H]1[C@H](O)c1ccc(-c2cccnc2)s1.F,KRAS,escape_route,scout2,61.98,390.5,0.731,3.2,70.0,0.477,bioisostere,39.9,93.8,70.0,27.9,100,75.6,62.4,875,0,medium,0,low,high,low,0,75,[],0,100,75,100,65.3,872
,CN1CCN(S(=O)(=O)c2ccc(N3CCCC3=O)cc2)c2ccc(OC(F)(F)F)cc21,MDM2,sensitive,scout2,47.19,455.5,0.707,3.9,70.0,0.532,r_group,43.8,95.3,70.0,13.1,100,67.8,61.3,971,0,medium,0,low,low,low,0,85,[],0,100,85,100,65.3,873
,O=C1C[C@H](c2ccccc2F)[C@H]([C@H](O)c2ccc(-c3ccccc3)s2)N1C1CC1,KRAS,escape_route,scout2,59.37,407.5,0.637,3.6,70.0,0.529,r_group,40.5,94.1,70.0,28.3,100,71.1,62.5,862,0,medium,0,low,low,low,0,85,['dopamine_D2'],1,85,85,85,65.3,874
,CN1C(=O)C[C@@H](c2ccoc2)[C@@H]1[C@H](O)c1ccc(-c2cccnc2)s1.F,KRAS,escape_route,scout2,61.23,374.4,0.758,3.2,70.0,0.488,bioisostere,40.0,93.9,70.0,28.0,100,75.6,62.5,858,0,medium,0,low,high,low,0,75,[],0,100,75,100,65.3,875
,COc1ccccc1[C@H]1CC(=O)N(C)[C@H]1[C@H](O)c1ccc(S(=O)(=O)c2ccoc2)s1,KRAS,escape_route,scout2,58.34,447.5,0.623,3.8,70.0,0.567,bioisostere,40.7,94.2,70.0,28.5,100,68.9,62.5,860,0,medium,0,low,low,low,0,85,['dopamine_D2'],1,85,85,85,65.3,876
,CN(C)N1C(=O)C[C@H](c2ccccc2F)[C@@H]1[C@H](O)c1ccc(-c2ccccc2)s1,KRAS,escape_route,scout2,58.93,410.5,0.676,3.6,70.0,0.52,r_group,40.6,94.1,70.0,28.4,100,71.1,62.5,869,1,medium,0,low,low,low,0,85,['dopamine_D2'],1,85,85,85,65.3,877
,NC(=O)N1C(=O)C[C@H](c2ccccc2F)[C@@H]1[C@H](O)c1ccc(-c2ccccc2)s1,KRAS,escape_route,scout2,58.69,410.5,0.681,3.6,70.0,0.515,r_group,40.6,94.1,70.0,28.4,100,71.1,62.5,867,0,medium,0,low,low,low,0,85,['dopamine_D2'],1,85,85,85,65.3,878
,CN1C(=O)C[C@H](c2ccccc2F)[C@@H]1[C@H](O)c1ccc(S(=O)(=O)c2ccoc2)s1,KRAS,escape_route,scout2,58.9,435.5,0.664,3.6,70.0,0.523,bioisostere,40.6,94.1,70.0,28.4,100,71.1,62.5,866,0,medium,0,low,low,low,0,85,['dopamine_D2'],1,85,85,85,65.3,879
,CN1C(=O)C[C@H](c2ccccc2F)[C@@H]1[C@H](O)c1ccc(S(=O)(=O)c2ccsc2)s1,KRAS,escape_route,scout2,59.07,451.6,0.64,3.6,70.0,0.53,bioisostere,40.5,94.1,70.0,28.4,100,71.1,62.5,865,0,medium,0,low,low,low,0,85,['dopamine_D2'],1,85,85,85,65.3,880
,CNN1C(=O)C[C@H](c2ccccc2F)[C@@H]1[C@H](O)c1ccc(-c2ccccc2)s1,KRAS,escape_route,scout2,59.3,396.5,0.683,3.5,70.0,0.541,r_group,40.5,94.1,70.0,28.3,100,72.2,62.5,863,0,medium,0,low,low,low,0,85,['dopamine_D2'],1,85,85,85,65.3,881
,CCN1CCN(S(=O)(=O)c2ccc(N3CCCC3=O)cc2)c2ccc(OC)cc21,MDM2,sensitive,scout2,49.91,415.5,0.751,3.6,70.0,0.508,r_group,43.0,95.0,70.0,12.9,100,71.1,61.1,983,0,medium,0,low,low,low,0,85,[],0,100,85,100,65.2,882
,Cc1ccc2c(c1)CCCN2S(=O)(=O)c1ccoc1.O=C1CCCN1,MDM2,sensitive,scout2,53.14,362.5,0.891,3.1,70.0,0.41,bioisostere,42.1,94.7,70.0,12.6,100,76.7,61.0,991,0,medium,0,low,low,low,0,85,[],0,100,85,100,65.2,883
,CNCCN(c1ccsc1)S(=O)(=O)c1ccc(N2CCCC2=O)cc1,MDM2,sensitive,scout2,53.08,379.5,0.801,3.1,70.0,0.42,bioisostere,42.1,94.7,70.0,12.6,100,76.7,61.0,990,0,medium,0,low,low,low,0,85,[],0,100,85,100,65.2,884
,Cc1ccc2c(c1)CCCN2S(=O)(=O)c1ccsc1.O=C1CCCN1,MDM2,sensitive,scout2,52.86,378.5,0.873,3.1,70.0,0.404,bioisostere,42.1,94.7,70.0,12.6,100,76.7,61.0,988,0,medium,0,low,low,low,0,85,[],0,100,85,100,65.2,885
,N#Cc1ccc(-c2ccc([C@@H](O)[C@H]3[C@@H](c4ccccc4)CC(=O)N3N)s2)cc1,KRAS,escape_route,scout2,60.52,389.5,0.527,3.5,70.0,0.527,r_group,40.2,93.9,70.0,28.1,100,72.2,62.4,873,0,medium,0,low,low,low,0,85,['dopamine_D2'],1,85,85,85,65.2,886
,CC(C)N1C(=O)C[C@H](c2ccccc2F)[C@@H]1[C@H](O)c1ccc(-c2ccccc2)s1,KRAS,escape_route,scout2,60.1,409.5,0.615,3.6,70.0,0.558,r_group,40.3,94.0,70.0,28.2,100,71.1,62.4,876,0,medium,0,low,low,low,0,85,['dopamine_D2'],1,85,85,85,65.2,887
,CN1C(=O)C[C@@H](c2ccncc2)[C@@H]1[C@H](O)c1ccc(-c2ccc(C#N)cc2)s1,KRAS,escape_route,scout2,61.14,389.5,0.738,3.5,70.0,0.546,bioisostere,40.1,93.9,70.0,28.0,100,72.2,62.3,884,0,medium,0,low,high,low,0,75,[],0,100,75,100,65.2,888
,NS(=O)(=O)Oc1ccc2c(c1)CCCN2S(=O)(=O)c1ccc(N2CCCC2=O)cc1,MDM2,sensitive,scout2,48.77,451.5,0.735,3.8,70.0,0.458,r_group,43.3,95.1,70.0,13.0,100,68.9,61.2,974,0,medium,0,low,low,low,0,85,[],0,100,85,100,65.2,889
,COc1ccccc1[C@H]1CC(=O)N(C)[C@H]1[C@H](O)c1ccc(S(=O)(=O)c2cc[nH]c2)s1,KRAS,escape_route,scout2,58.82,446.6,0.606,3.8,70.0,0.496,bioisostere,40.6,94.1,70.0,28.4,100,68.9,62.4,877,0,medium,0,low,low,low,0,85,['dopamine_D2'],1,85,85,85,65.2,890
,CON1C(=O)C[C@H](c2ccccc2)[C@@H]1[C@H](O)c1ccc(-c2ccc(C#N)cc2)s1,KRAS,escape_route,scout2,60.88,404.5,0.689,3.6,70.0,0.521,r_group,40.1,93.9,70.0,28.1,100,71.1,62.3,886,0,medium,0,low,low,low,0,85,['dopamine_D2'],1,85,85,85,65.1,891
,CCc1ccc2c(c1)CCCN2S(=O)(=O)c1ccc(N2CCCC2=O)cc1,MDM2,sensitive,scout2,52.1,384.5,0.81,3.4,70.0,0.471,r_group,42.3,94.8,70.0,12.7,100,73.3,61.0,984,0,medium,0,low,low,low,0,85,[],0,100,85,100,65.1,892
CHEMBL3702141,c1cc2c3cnc(Nc4ccc(N5CCNCC5)cn4)cc3n(C3CCSC3)c2cn1,CDK6,sensitive,scout1,17.0,0.0,0.509,3.48,100.0,,database,58.4,78.6,100.0,17.5,70,72.4,66.9,748,0,high,0,low,high,low,0,60,[],0,100,60,100,65.1,893
,O=C1CCCN1c1ccc(S(=O)(=O)N2CCCc3cc(C(F)(F)F)ccc32)cc1,MDM2,sensitive,scout2,51.6,424.4,0.749,3.6,70.0,0.526,r_group,42.5,94.8,70.0,12.7,100,71.1,60.9,999,0,medium,0,low,low,low,0,85,[],0,100,85,100,65.1,894
,CCCNS(=O)(=O)c1ccc(N2CCCC2=O)cc1.Cc1ccoc1,MDM2,sensitive,scout2,54.32,364.5,0.884,3.1,70.0,0.44,bioisostere,41.7,94.6,70.0,12.5,100,76.7,60.9,997,0,medium,0,low,low,low,0,85,[],0,100,85,100,65.1,895
,CN1C(=O)C[C@@H](c2cc[nH]c2)[C@@H]1[C@H](O)c1ccc(-c2cccnc2)s1.F,KRAS,escape_route,scout2,63.59,373.5,0.737,3.2,70.0,0.468,bioisostere,39.5,93.6,70.0,27.6,100,75.6,62.2,899,0,medium,0,low,high,low,0,75,[],0,100,75,100,65.1,896
,CN1C(=O)C[C@@H](c2ccncc2)[C@@H]1[C@H](O)c1ccc(-c2cccnc2)s1.F,KRAS,escape_route,scout2,62.13,385.5,0.747,3.4,70.0,0.466,bioisostere,39.8,93.8,70.0,27.9,100,73.3,62.2,898,0,medium,0,low,high,low,0,75,[],0,100,75,100,65.1,897
,COc1ccccc1[C@H]1CC(=O)N(C)[C@H]1[C@H](O)c1ccc(S(=O)(=O)c2ccsc2)s1,KRAS,escape_route,scout2,60.32,463.6,0.603,3.8,70.0,0.517,bioisostere,40.2,94.0,70.0,28.2,100,68.9,62.2,893,0,medium,0,low,low,low,0,85,['dopamine_D2'],1,85,85,85,65.1,898
,N#Cc1ccc(-c2ccc([C@@H](O)[C@H]3[C@@H](c4ccccc4)CC(=O)N3S(N)(=O)=O)s2)cc1,KRAS,escape_route,scout2,59.74,453.5,0.615,3.9,70.0,0.451,r_group,40.4,94.0,70.0,28.3,100,67.8,62.3,885,0,medium,0,low,low,low,0,85,['dopamine_D2'],1,85,85,85,65.1,899
,CCOc1ccc2c(c1)CCCN2S(=O)(=O)c1ccc(N2CCCC2=O)cc1,MDM2,sensitive,scout2,51.76,400.5,0.772,3.5,70.0,0.466,r_group,42.4,94.8,70.0,12.7,100,72.2,61.0,987,0,medium,0,low,low,low,0,85,[],0,100,85,100,65.1,900
,NS(=O)(=O)c1ccc2c(c1)CCCN2S(=O)(=O)c1ccc(N2CCCC2=O)cc1,MDM2,sensitive,scout2,50.88,435.5,0.783,3.6,70.0,0.464,r_group,42.7,94.9,70.0,12.8,100,71.1,61.0,986,0,medium,0,low,low,low,0,85,[],0,100,85,100,65.1,901
CHEMBL1336,CNC(=O)c1cc(Oc2ccc(NC(=O)Nc3ccc(Cl)c(C(F)(F)F)c3)cc2)ccn1,BRAF,escape_route,scout1,46.0,0.0,0.461,2.27,89.2,,database,44.1,76.3,89.2,30.9,70,85.9,62.6,853,0,medium,0,low,high,low,0,75,[],0,100,75,100,65.1,902
,O=C1CCCN1c1ccc(S(=O)(=O)N2CCCc3cc(OC(F)(F)F)ccc32)cc1,MDM2,sensitive,scout2,50.76,440.4,0.724,3.8,70.0,0.483,r_group,42.7,94.9,70.0,12.8,100,68.9,60.9,993,0,medium,0,low,low,low,0,85,[],0,100,85,100,65.0,903
,COc1ccc2c(c1)N(C(F)(F)F)CCN2S(=O)(=O)c1ccc(N2CCCC2=O)cc1,MDM2,sensitive,scout2,50.64,455.5,0.662,3.9,70.0,0.513,r_group,42.8,94.9,70.0,12.8,100,67.8,60.9,996,0,medium,0,low,low,low,0,85,[],0,100,85,100,65.0,904
,N#Cc1ccc(-c2ccc([C@@H](O)[C@H]3[C@@H](c4ccccc4)CC(=O)N3C(=O)O)s2)cc1,KRAS,escape_route,scout2,61.18,418.5,0.655,3.8,70.0,0.54,r_group,40.0,93.9,70.0,28.0,100,68.9,62.1,909,0,medium,0,low,low,low,0,85,['dopamine_D2'],1,85,85,85,65.0,905
,CCCNS(=O)(=O)c1ccc(N2CCCC2=O)cc1.Cc1cc[nH]c1,MDM2,sensitive,scout2,54.98,363.5,0.857,3.1,70.0,0.43,bioisostere,41.6,94.5,70.0,12.5,100,76.7,60.8,1007,0,medium,0,low,low,low,0,85,[],0,100,85,100,65.0,906
,O=C1CCCN1c1ccc(S(=O)(=O)N2CCCc3cc(OC4CC4)ccc32)cc1,MDM2,sensitive,scout2,52.79,412.5,0.754,3.6,70.0,0.472,r_group,42.2,94.7,70.0,12.6,100,71.1,60.8,1006,0,medium,0,low,low,low,0,85,[],0,100,85,100,65.0,907
,CN1C(=O)C[C@@H](c2ccncc2)[C@@H]1[C@H](O)c1ccc(-c2ccccc2)s1.F,KRAS,escape_route,scout2,63.06,384.5,0.739,3.4,70.0,0.534,bioisostere,39.6,93.7,70.0,27.7,100,73.3,62.1,911,0,medium,0,low,high,low,0,75,[],0,100,75,100,65.0,908
,CCCNS(=O)(=O)c1ccc(N2CCCC2=O)cc1.COc1cc[nH]c1,MDM2,sensitive,scout2,54.88,379.5,0.807,3.2,70.0,0.433,bioisostere,41.6,94.5,70.0,12.5,100,75.6,60.8,1003,0,medium,0,low,low,low,0,85,[],0,100,85,100,65.0,909
,N#Cc1ccc(-c2ccc([C@@H](O)[C@H]3[C@@H](c4ccccc4)CC(=O)N3C3CC3)s2)cc1,KRAS,escape_route,scout2,61.23,414.5,0.648,3.8,70.0,0.493,r_group,40.0,93.9,70.0,28.0,100,68.9,62.1,908,0,medium,0,low,low,low,0,85,['dopamine_D2'],1,85,85,85,65.0,910
CHEMBL3641990,CNC1CCN(c2ccc(Nc3ncc4c5ccncc5n(C5CCC5)c4n3)nn2)CC1,CDK6,sensitive,scout1,19.0,0.0,0.498,2.89,100.0,,database,56.8,78.5,100.0,17.0,70,79.0,66.7,749,0,high,0,low,high,low,0,60,[],0,100,60,100,65.0,911
,C#N.CN1C(=O)C[C@H](c2ccccc2)[C@@H]1[C@H](O)c1ccc(-c2ccoc2)s1,KRAS,escape_route,scout2,63.05,380.5,0.736,3.4,70.0,0.556,bioisostere,39.6,93.7,70.0,27.7,100,73.3,62.1,902,0,medium,0,low,low,low,0,85,['dopamine_D2'],1,85,85,85,65.0,912
,CNN1C(=O)C[C@H](c2ccccc2)[C@@H]1[C@H](O)c1ccc(-c2ccc(C#N)cc2)s1,KRAS,escape_route,scout2,62.08,403.5,0.679,3.6,70.0,0.505,r_group,39.8,93.8,70.0,27.9,100,71.1,62.1,901,0,medium,0,low,low,low,0,85,['dopamine_D2'],1,85,85,85,65.0,913
,C#N.CN1C(=O)C[C@H](c2ccccc2)[C@@H]1[C@H](O)c1ccc(-c2cc[nH]c2)s1,KRAS,escape_route,scout2,63.38,379.5,0.721,3.4,70.0,0.496,bioisostere,39.5,93.7,70.0,27.7,100,73.3,62.1,900,0,medium,0,low,low,low,0,85,['dopamine_D2'],1,85,85,85,65.0,914
CHEMBL4857305,Cn1cc(Cc2ccccc2F)c(-c2cc(Cl)nc(N)n2)n1,EZH2,resistant,scout1,132.0,0.0,0.754,2.64,100.0,,database,29.0,86.8,100.0,29.0,70,81.8,62.3,883,0,medium,0,low,low,low,0,85,[],0,100,85,100,65.0,915
,CN(C)N1C(=O)C[C@H](c2ccccc2)[C@@H]1[C@H](O)c1ccc(-c2ccc(C#N)cc2)s1,KRAS,escape_route,scout2,62.41,417.5,0.676,3.8,70.0,0.502,r_group,39.8,93.8,70.0,27.8,100,68.9,62.0,917,1,medium,0,low,low,low,0,85,['dopamine_D2'],1,85,85,85,64.9,916
,CCN1C(=O)C[C@H](c2ccccc2)[C@@H]1[C@H](O)c1ccc(-c2ccc(C#N)cc2)s1,KRAS,escape_route,scout2,63.15,402.5,0.671,3.6,70.0,0.485,r_group,39.6,93.7,70.0,27.7,100,71.1,62.0,918,0,medium,0,low,low,low,0,85,['dopamine_D2'],1,85,85,85,64.9,917
,N#Cc1ccc(-c2ccc([C@@H](O)[C@H]3[C@@H](c4ccccc4)CC(=O)N3C(F)(F)F)s2)cc1,KRAS,escape_route,scout2,61.45,442.5,0.563,3.9,70.0,0.516,r_group,40.0,93.9,70.0,28.0,100,67.8,62.0,919,0,medium,0,low,low,low,0,85,['dopamine_D2'],1,85,85,85,64.9,918
,N#Cc1ccc(-c2ccc([C@@H](O)[C@H]3[C@@H](c4ccccc4)CC(=O)N3Cl)s2)cc1,KRAS,escape_route,scout2,64.06,408.9,0.627,3.5,70.0,0.535,r_group,39.4,93.6,70.0,27.6,100,72.2,62.0,920,0,medium,0,low,low,low,0,85,['dopamine_D2'],1,85,85,85,64.9,919
CHEMBL202838,COc1cc(NC(=O)CCCc2cccs2)c(Cl)cc1NC(=O)Nc1cnc(C#N)cn1,CHEK1,resistant,scout1,91.0,0.0,0.438,2.6,98.8,,database,34.4,72.7,98.8,34.4,70,82.2,61.0,992,0,medium,0,low,low,low,0,85,[],0,100,85,100,64.9,920
,C#N.CN1C(=O)C[C@H](c2ccccc2)[C@@H]1[C@H](O)c1ccc(-c2ccsc2)s1,KRAS,escape_route,scout2,64.94,396.5,0.697,3.4,70.0,0.507,bioisostere,39.2,93.5,70.0,27.4,100,73.3,61.9,924,0,medium,0,low,low,low,0,85,['dopamine_D2'],1,85,85,85,64.9,921
CHEMBL526092,CCC1CNC(=O)c2cc(-c3ccnc(N)n3)[nH]c21,CDK4,sensitive,scout1,73.0,0.0,0.755,3.54,100.0,,database,37.5,92.7,100.0,11.3,70,71.8,63.2,817,0,medium,0,low,low,low,0,85,[],0,100,85,100,64.8,922
,N#Cc1ccc(-c2ccc([C@@H](O)[C@H]3[C@@H](c4ccccc4)CC(=O)N3C(N)=O)s2)cc1,KRAS,escape_route,scout2,63.6,417.5,0.673,3.8,70.0,0.475,r_group,39.5,93.6,70.0,27.6,100,68.9,61.8,941,0,medium,0,low,low,low,0,85,['dopamine_D2'],1,85,85,85,64.8,923
,N#Cc1ccc(-c2ccc([C@@H](O)[C@H]3[C@@H](c4ccccc4)CC(=O)N3F)s2)cc1,KRAS,escape_route,scout2,64.6,392.5,0.661,3.5,70.0,0.539,r_group,39.3,93.5,70.0,27.5,100,72.2,61.9,928,0,medium,0,low,low,low,0,85,['dopamine_D2'],1,85,85,85,64.8,924
CHEMBL445340,CC(C)C1CNC(=O)c2cc(-c3ccnc(N)n3)[nH]c21,CDK4,sensitive,scout1,73.0,0.0,0.771,3.58,100.0,,database,37.5,92.7,100.0,11.3,70,71.3,63.2,815,0,medium,0,low,low,low,0,85,[],0,100,85,100,64.8,925
,CC(C)N1C(=O)C[C@H](c2ccccc2)[C@@H]1[C@H](O)c1ccc(-c2ccc(C#N)cc2)s1,KRAS,escape_route,scout2,63.16,416.5,0.628,3.8,70.0,0.448,r_group,39.6,93.7,70.0,27.7,100,68.9,61.9,925,0,medium,0,low,low,low,0,85,['dopamine_D2'],1,85,85,85,64.8,926
,N#Cc1ccc(-c2ccc([C@@H](O)[C@H]3[C@@H](c4ccccc4)CC(=O)N3O)s2)cc1,KRAS,escape_route,scout2,65.22,390.5,0.657,3.5,70.0,0.527,r_group,39.1,93.5,70.0,27.4,100,72.2,61.8,937,0,medium,0,low,low,low,0,85,['dopamine_D2'],1,85,85,85,64.8,927
CHEMBL5219193,Nc1nc(Cl)cc(-c2nn3ccccc3c2Cc2ccccc2)n1,EZH2,resistant,scout1,112.0,0.0,0.58,2.54,100.0,,database,31.4,88.8,100.0,31.4,70,82.9,64.0,798,0,medium,0,low,high,low,0,75,[],0,100,75,100,64.8,928
,N#Cc1ccc(-c2ccc([C@@H](O)[C@H]3[C@@H](c4ccccc4)CC(=O)N3C#N)s2)cc1,KRAS,escape_route,scout2,65.77,399.5,0.667,3.6,70.0,0.512,r_group,39.0,93.4,70.0,27.3,100,71.1,61.7,948,0,medium,0,low,low,low,0,85,['dopamine_D2'],1,85,85,85,64.7,929
,CN1C(=O)C[C@@H](c2ccncc2)[C@@H]1[C@H](O)c1ccc(S(=O)(=O)c2ccccc2)s1.F,KRAS,escape_route,scout2,63.98,448.5,0.648,3.8,70.0,0.498,bioisostere,39.4,93.6,70.0,27.6,100,68.9,61.8,940,0,medium,0,low,high,low,0,75,[],0,100,75,100,64.7,930
CHEMBL3698670,c1cnc2c(c1)c1cnc(Nc3ccc(N4CCNCC4)cn3)nc1n2C1CCCC1,CDK6,sensitive,scout1,21.0,0.0,0.527,2.77,100.0,,database,55.4,78.3,100.0,16.6,70,80.3,66.2,756,0,high,0,low,high,low,0,60,[],0,100,60,100,64.6,931
CHEMBL2436173,CC(=O)c1ccc2c(c1)c1c3c(ccc1n2CC[C@H]1CCCN1C)C(=O)CC3,MDM2,sensitive,scout1,80.0,0.0,0.626,3.09,100.0,,database,36.2,92.0,100.0,10.9,70,76.8,62.8,836,0,medium,0,low,low,low,0,85,[],0,100,85,100,64.6,932
,CNCCN(c1cc[nH]c1)S(=O)(=O)c1ccc(N2CCCC2=O)cc1,MDM2,sensitive,scout2,59.85,362.5,0.783,3.1,70.0,0.43,bioisostere,40.4,94.0,70.0,12.1,100,76.7,60.3,1015,0,medium,0,low,low,low,0,85,[],0,100,85,100,64.6,933
CHEMBL3545110,CN(C)C(=O)c1cc2cnc(Nc3ccc(N4CCNCC4)cn3)nc2n1C1CCCC1,CDK6,sensitive,scout1,39.0,0.0,0.638,2.82,100.0,,database,46.5,96.1,100.0,13.9,70,79.8,67.6,731,1,high,0,low,high,low,0,60,[],0,100,60,100,64.6,934
CHEMBL220320,O=C(NCc1ccccc1)c1cc(-c2n[nH]cc2-c2cccc(Cl)c2)c[nH]1,MAPK1,sensitive,scout1,86.0,0.0,0.474,2.52,100.0,,database,35.2,91.4,100.0,10.5,70,83.1,62.6,852,0,medium,0,low,low,low,0,85,[],0,100,85,100,64.5,935
CHEMBL260313,COC[C@H]1OC(=O)/C(=C/N2CCC(=O)CC2)C2=C(O)C(=O)C3=C([C@H](OC(C)=O)C[C@]4(C)[C@@H](O)CC[C@@H]34)[C@]21C,PIK3CA,escape_route,scout1,60.0,0.0,0.41,5.01,93.2,,database,40.3,94.0,93.2,28.2,70,55.4,64.7,784,0,medium,1,medium,low,low,1,70,[],0,100,70,100,64.5,936
CHEMBL4849033,Cn1cc(Cc2cccs2)c(-c2cc(Cl)nc(N)n2)n1,EZH2,resistant,scout1,141.0,0.0,0.755,2.83,100.0,,database,28.1,85.9,100.0,28.1,70,79.7,61.6,957,0,medium,0,low,low,low,0,85,[],0,100,85,100,64.4,937
CHEMBL247618,CNC(=O)c1cc(CNc2ccsc2C(=O)Nc2ccc3c(c2)OC(F)(F)O3)ccn1,BRAF,escape_route,scout1,61.0,0.0,0.534,2.73,100.0,,database,40.1,75.1,100.0,28.1,70,80.8,62.6,849,0,medium,0,low,high,low,0,75,[],0,100,75,100,64.3,938
,CNN1C(=O)C[C@H](c2ccccc2F)[C@@H]1[C@H](O)c1ccc(-c2cccnc2)s1,KRAS,escape_route,scout2,55.07,397.5,0.692,3.5,70.0,0.552,r_group,41.5,94.5,70.0,29.1,100,72.2,63.1,820,0,medium,0,low,high,low,0,75,['dopamine_D2'],1,85,75,85,64.3,939
,N#CN1C(=O)C[C@H](c2ccccc2F)[C@@H]1[C@H](O)c1ccc(-c2cccnc2)s1,KRAS,escape_route,scout2,54.55,393.4,0.683,3.5,70.0,0.617,r_group,41.7,94.5,70.0,29.2,100,72.2,63.1,821,0,medium,0,low,high,low,0,75,['dopamine_D2'],1,85,75,85,64.3,940
,CON1C(=O)C[C@H](c2ccccc2F)[C@@H]1[C@H](O)c1ccc(-c2cccnc2)s1,KRAS,escape_route,scout2,54.8,398.5,0.707,3.5,70.0,0.595,r_group,41.6,94.5,70.0,29.1,100,72.2,63.1,822,0,medium,0,low,high,low,0,75,['dopamine_D2'],1,85,75,85,64.3,941
CHEMBL410637,COC[C@H]1OC(=O)/C(=C/N2CCN(C)CC2)C2=C(O)C(=O)C3=C([C@H](OC(C)=O)C[C@]4(C)[C@@H](O)CC[C@@H]34)[C@]21C,PIK3CA,escape_route,scout1,90.0,0.0,0.408,4.9,93.2,,database,34.5,91.0,93.2,24.2,70,56.7,61.7,945,0,low,1,medium,low,low,1,85,[],0,100,85,100,64.3,942
,CCN1C(=O)C[C@H](c2ccccc2F)[C@@H]1[C@H](O)c1ccc(-c2cccnc2)s1,KRAS,escape_route,scout2,56.24,396.5,0.696,3.5,70.0,0.506,r_group,41.2,94.4,70.0,28.9,100,72.2,62.9,829,0,medium,0,low,high,low,0,75,['dopamine_D2'],1,85,75,85,64.2,943
,NN1C(=O)C[C@H](c2ccccc2F)[C@@H]1[C@H](O)c1ccc(-c2cccnc2)s1,KRAS,escape_route,scout2,56.81,383.4,0.535,3.4,70.0,0.508,r_group,41.1,94.3,70.0,28.8,100,73.3,62.9,830,0,medium,0,low,high,low,0,75,['dopamine_D2'],1,85,75,85,64.2,944
CHEMBL3702217,CC[C@@H](C)n1c2cnccc2c2cnc(Nc3ccc(N4CCN[C@@H](C)C4)nn3)nc21,CDK6,sensitive,scout1,21.0,0.0,0.511,3.71,100.0,,database,55.4,78.3,100.0,16.6,70,69.9,65.7,760,0,high,0,low,high,low,0,60,[],0,100,60,100,64.1,945
CHEMBL537877,COc1cccc(-c2nc(N3CCOCC3)c3oc4ncccc4c3n2)c1.Cl,PIK3CA,escape_route,scout1,100.0,0.0,0.52,2.58,100.0,,database,33.0,90.0,100.0,23.1,70,82.4,63.5,808,0,medium,0,low,high,low,0,75,[],0,100,75,100,64.1,946
,CN(C)N1C(=O)C[C@H](c2ccccc2F)[C@@H]1[C@H](O)c1ccc(-c2cccnc2)s1,KRAS,escape_route,scout2,55.91,411.5,0.693,3.6,70.0,0.599,r_group,41.3,94.4,70.0,28.9,100,71.1,62.9,826,1,medium,0,low,high,low,0,75,['dopamine_D2'],1,85,75,85,64.1,947
,O=C1CCCN1c1ccc(S(=O)(=O)NCCCc2ccncc2)cc1,MDM2,sensitive,scout2,48.66,359.5,0.768,3.1,70.0,0.425,bioisostere,43.3,95.1,70.0,13.0,100,76.7,61.6,956,0,medium,0,low,high,low,0,75,[],0,100,75,100,64.1,948
,O=C1C[C@H](c2ccccc2F)[C@H]([C@H](O)c2ccc(-c3cccnc3)s2)N1C1CC1,KRAS,escape_route,scout2,56.15,408.5,0.675,3.6,70.0,0.533,r_group,41.3,94.4,70.0,28.9,100,71.1,62.9,827,0,medium,0,low,high,low,0,75,['dopamine_D2'],1,85,75,85,64.1,949
CHEMBL174581,CCC(C(=O)N[C@@H](CC(=O)O)C(=O)CN(C)CCCC(N)=O)n1cccc(NC(=O)c2ccc3ccccc3c2)c1=O,CD274,immune,scout1,37.0,0.0,0.211,3.54,74.2,,database,47.2,96.3,74.2,14.2,70,71.8,62.3,880,0,medium,0,low,high,low,0,75,[],0,100,75,100,64.1,950
,O=C1C[C@H](c2ccccc2F)[C@H]([C@H](O)c2ccc(-c3cccnc3)s2)N1O,KRAS,escape_route,scout2,57.87,384.4,0.672,3.4,70.0,0.518,r_group,40.8,94.2,70.0,28.6,100,73.3,62.8,831,0,medium,0,low,high,low,0,75,['dopamine_D2'],1,85,75,85,64.0,951
,CN1C(=O)C[C@H](c2ccccc2Cl)[C@@H]1[C@H](O)c1ccc(-c2cccnc2)s1,KRAS,escape_route,scout2,58.5,398.9,0.703,3.4,70.0,0.538,bioisostere,40.7,94.2,70.0,28.5,100,73.3,62.7,845,0,medium,0,low,high,low,0,75,['dopamine_D2'],1,85,75,85,64.0,952
CHEMBL199620,COc1cc(-c2ccc3c(c2)NC(=O)/C3=C\c2[nH]c(C)c(CCO)c2C)ccc1O,CHEK1,resistant,scout1,47.0,0.0,0.483,2.66,99.7,,database,43.8,76.2,99.7,43.8,70,81.6,66.3,754,1,medium,1,medium,low,low,1,70,"['hERG_channel', 'dopamine_D2']",2,70,70,70,64.0,953
CHEMBL322268,O=C(CCn1c2c(c(=O)[nH]c1=O)CCCC2)NCC(=O)N1CCN(c2ccccc2)CC1,PARP1,resistant,scout1,200.0,0.0,0.672,2.42,100.0,,database,23.1,80.0,100.0,23.1,70,84.2,58.1,1056,0,low,0,low,low,low,0,100,[],0,100,100,100,64.0,954
,Cc1ccccc1[C@H]1CC(=O)N(C)[C@H]1[C@H](O)c1ccc(-c2cccnc2)s1,KRAS,escape_route,scout2,58.46,378.5,0.741,3.4,70.0,0.516,bioisostere,40.7,94.2,70.0,28.5,100,73.3,62.7,840,0,medium,0,low,high,low,0,75,['dopamine_D2'],1,85,75,85,64.0,955
,CN1C(=O)C[C@H](c2ccccc2F)[C@@H]1[C@H](O)c1ccc(-c2ccncc2)s1,KRAS,escape_route,scout2,58.39,382.5,0.742,3.4,70.0,0.567,bioisostere,40.7,94.2,70.0,28.5,100,73.3,62.7,841,0,medium,0,low,high,low,0,75,['dopamine_D2'],1,85,75,85,64.0,956
,CC(C)N1C(=O)C[C@H](c2ccccc2F)[C@@H]1[C@H](O)c1ccc(-c2cccnc2)s1,KRAS,escape_route,scout2,57.12,410.5,0.659,3.6,70.0,0.541,r_group,41.0,94.3,70.0,28.7,100,71.1,62.7,843,0,medium,0,low,high,low,0,75,['dopamine_D2'],1,85,75,85,64.0,957
,NS(=O)(=O)N1C(=O)C[C@H](c2ccccc2F)[C@@H]1[C@H](O)c1ccc(-c2cccnc2)s1,KRAS,escape_route,scout2,56.6,447.5,0.624,3.8,70.0,0.519,r_group,41.2,94.3,70.0,28.8,100,68.9,62.7,846,0,medium,0,low,high,low,0,75,['dopamine_D2'],1,85,75,85,64.0,958
,CNCCN(c1ccoc1)S(=O)(=O)c1ccc(N2CCCC2=O)cc1,MDM2,sensitive,scout2,67.17,363.4,0.811,3.1,70.0,0.509,bioisostere,38.7,93.3,70.0,11.6,100,76.7,59.5,1031,0,medium,0,low,low,low,0,85,[],0,100,85,100,64.0,959
CHEMBL332551,Nc1nc(C2=C3C(=Nc4ccccc43)C(=O)NCC2)c(O)[nH]1,MAPK1,sensitive,scout1,89.0,0.0,0.632,3.33,100.0,,database,34.7,91.1,100.0,10.4,70,74.1,61.9,922,0,medium,0,low,low,low,0,85,[],0,100,85,100,63.9,960
,CN.CN1[CH][C@@H](c2ccccc2F)CC1=O.c1cncc(-c2cccs2)c1,KRAS,escape_route,scout2,58.77,384.5,0.716,3.4,70.0,0.412,bioisostere,40.6,94.1,70.0,28.4,100,73.3,62.6,854,0,medium,0,low,high,low,0,75,['dopamine_D2'],1,85,75,85,63.9,961
CHEMBL215578,CN1C(=O)C[C@H](c2ccccc2F)[C@@H]1[C@H](O)c1ccc(S(=O)(=O)c2ccccc2)s1,KRAS,escape_route,scout1,60.0,0.0,0.649,3.61,100.0,,database,40.3,75.2,100.0,28.2,70,71.0,62.2,890,0,medium,0,low,low,low,0,85,['dopamine_D2'],1,85,85,85,63.9,962
,NC(=O)N1C(=O)C[C@H](c2ccccc2F)[C@@H]1[C@H](O)c1ccc(-c2cccnc2)s1,KRAS,escape_route,scout2,58.29,411.5,0.687,3.6,70.0,0.493,r_group,40.7,94.2,70.0,28.5,100,71.1,62.6,848,0,medium,0,low,high,low,0,75,['dopamine_D2'],1,85,75,85,63.9,963
CHEMBL141247,O=C(Nc1ccccn1)Nc1cccc2c1[C@H]1CCCN1C2=O,CDK6,sensitive,scout1,71.0,0.0,0.895,2.72,100.0,,database,37.9,92.9,100.0,11.4,70,80.9,63.8,801,0,medium,0,low,high,low,0,75,[],0,100,75,100,63.9,964
CHEMBL332551,Nc1nc(C2=C3C(=Nc4ccccc43)C(=O)NCC2)c(O)[nH]1,MAPK1,sensitive,scout1,89.0,0.0,0.632,3.33,100.0,,database,34.7,91.1,100.0,10.4,70,74.1,61.9,923,0,medium,0,low,low,low,0,85,[],0,100,85,100,63.9,965
,O=C1C[C@H](c2ccccc2F)[C@H]([C@H](O)c2ccc(-c3cccnc3)s2)N1Cl,KRAS,escape_route,scout2,59.06,402.9,0.653,3.4,70.0,0.506,r_group,40.5,94.1,70.0,28.4,100,73.3,62.6,855,0,medium,0,low,high,low,0,75,['dopamine_D2'],1,85,75,85,63.9,966
,CN1C(=O)C[C@H](c2ccccc2F)[C@@H]1[C@H](O)c1ccc(S(=O)(=O)c2ccncc2)s1,KRAS,escape_route,scout2,58.44,446.5,0.651,3.8,70.0,0.576,bioisostere,40.7,94.2,70.0,28.5,100,68.9,62.5,868,0,medium,0,low,high,low,0,75,['dopamine_D2'],1,85,75,85,63.8,967
CHEMBL315638,O=C(O)c1cccc(Cn2nc(-c3cccs3)c(Cc3cc4c(cc3Cl)OCO4)c2C(=O)O)c1,CHEK2,resistant,scout1,89.0,0.0,0.369,2.74,87.4,,database,34.7,72.9,87.4,34.7,70,80.7,58.8,1045,0,medium,0,low,low,low,0,85,[],0,100,85,100,63.8,968
,O=C1C[C@H](c2ccccc2F)[C@H]([C@H](O)c2ccc(-c3cccnc3)s2)N1F,KRAS,escape_route,scout2,59.87,386.4,0.682,3.4,70.0,0.499,r_group,40.4,94.0,70.0,28.2,100,73.3,62.5,861,0,medium,0,low,high,low,0,75,['dopamine_D2'],1,85,75,85,63.8,969
CHEMBL79280,COc1ccc(NS(=O)(=O)c2c(F)c(F)c(F)c(F)c2F)cc1F,MAP2K1,sensitive,scout1,101.0,0.0,0.51,2.35,100.0,,database,32.9,89.9,100.0,9.9,70,85.0,61.6,954,1,medium,0,low,low,low,0,85,[],0,100,85,100,63.7,970
CHEMBL212781,CN1C(=O)C[C@H](c2ccccc2)[C@@H]1[C@H](O)c1ccc(-c2ccccc2)s1,KRAS,escape_route,scout1,100.0,0.0,0.743,3.34,100.0,,database,33.0,90.0,100.0,23.1,70,74.0,63.1,819,0,medium,0,low,low,low,0,85,['dopamine_D2'],1,85,85,85,63.7,971
CHEMBL364872,CN1C(=O)C[C@H](c2ccccc2)[C@@H]1[C@@H](O)c1ccc(-c2ccccc2)s1,KRAS,escape_route,scout1,100.0,0.0,0.743,3.34,100.0,,database,33.0,90.0,100.0,23.1,70,74.0,63.1,818,0,medium,0,low,low,low,0,85,['dopamine_D2'],1,85,85,85,63.7,972
CHEMBL26719,O=C(O)C[C@H](NC(=O)C(c1ccccc1)n1cccc(NC(=O)c2cccc3ccccc23)c1=O)C(=O)COc1ccccc1,CD274,immune,scout1,10.0,0.0,0.191,3.35,68.8,,database,66.0,79.2,68.8,19.8,70,73.9,63.5,809,0,medium,0,low,high,low,0,75,"['hERG_channel', 'dopamine_D2']",2,70,75,70,63.7,973
,COc1ccccc1[C@H]1CC(=O)N(C)[C@H]1[C@H](O)c1ccc(S(=O)(=O)c2ccncc2)s1,KRAS,escape_route,scout2,59.81,458.6,0.61,3.9,70.0,0.558,bioisostere,40.4,94.0,70.0,28.3,100,67.8,62.2,891,0,medium,0,low,high,low,0,75,['dopamine_D2'],1,85,75,85,63.6,974
CHEMBL3698696,O=S1(=O)CCC(Nc2ccc(Nc3ncc4c5ccncc5n(C5CCCC5)c4n3)nc2)C1,CDK6,sensitive,scout1,24.0,0.0,0.459,3.36,99.2,,database,53.5,78.1,99.2,16.0,70,73.8,65.0,769,0,high,0,low,high,low,0,60,[],0,100,60,100,63.6,975
,O=C(O)N1C(=O)C[C@H](c2ccccc2F)[C@@H]1[C@H](O)c1ccc(-c2cccnc2)s1,KRAS,escape_route,scout2,61.2,412.4,0.675,3.6,70.0,0.47,r_group,40.0,93.9,70.0,28.0,100,71.1,62.2,895,0,medium,0,low,high,low,0,75,['dopamine_D2'],1,85,75,85,63.6,976
,C#N.CN1C(=O)C[C@H](c2ccccc2)[C@@H]1[C@H](O)c1ccc(-c2ccncc2)s1,KRAS,escape_route,scout2,63.15,391.5,0.729,3.5,70.0,0.541,bioisostere,39.6,93.7,70.0,27.7,100,72.2,62.1,907,0,medium,0,low,high,low,0,75,['dopamine_D2'],1,85,75,85,63.5,977
CHEMBL202026,CCN(C(=O)Cc1cnc(Nc2ncnc3cc(OCCCN4CCOCC4)c(OC)cc23)s1)c1ccccc1,AURKA,resistant,scout1,55.0,0.0,0.25,2.79,75.0,,database,41.6,75.6,75.0,41.6,70,80.1,60.1,1020,0,high,0,low,low,low,0,70,[],0,100,70,100,63.5,978
CHEMBL377304,CN(C)CCOCCN(C)CCOc1cc(N2CCCC2)c(NC(=O)Nc2cnc(C#N)cn2)cc1Cl,CHEK1,resistant,scout1,64.0,0.0,0.376,2.93,77.5,,database,39.4,74.9,77.5,39.4,70,78.6,59.4,1033,1,medium,0,low,low,low,0,85,['muscarinic'],1,85,85,85,63.4,979
CHEMBL247250,CNC(=O)Nc1ccc(CNc2ncsc2C(=O)Nc2ccc3c(c2)OC(F)(F)O3)cn1,BRAF,escape_route,scout1,69.0,0.0,0.442,2.88,98.8,,database,38.3,74.5,98.8,26.8,70,79.1,61.4,966,0,medium,0,low,high,low,0,75,[],0,100,75,100,63.4,980
CHEMBL222465,O=C(NC(CO)c1ccc(C(F)(F)F)cc1)c1cc(-c2[nH]ncc2-c2cccc(Cl)c2)c[nH]1,MAPK1,sensitive,scout1,44.0,0.0,0.309,3.13,86.2,,database,44.8,76.5,86.2,13.4,70,76.3,59.1,1043,0,medium,0,low,low,low,0,85,[],0,100,85,100,63.4,981
CHEMBL3702247,CN(C)C1CCN(c2ccc(Nc3ncc4c5ccncc5n(C5CCC5)c4n3)nn2)CC1,CDK6,sensitive,scout1,27.0,0.0,0.499,2.9,100.0,,database,51.8,77.8,100.0,15.5,70,78.9,64.8,778,1,high,0,low,high,low,0,60,[],0,100,60,100,63.4,982
CHEMBL191402,CCc1cccc(CC)c1NC(=O)N1Cc2[nH]nc(NC(=O)c3ccc(C(C)(C)C)cc3)c2C1,AURKA,resistant,scout1,100.0,0.0,0.462,2.6,89.2,,database,33.0,72.0,89.2,33.0,70,82.2,58.3,1054,0,medium,0,low,low,low,0,85,[],0,100,85,100,63.3,983
,CCCNS(=O)(=O)c1ccc(N2CCCC2=O)cc1.COc1ccncc1,MDM2,sensitive,scout2,55.4,391.5,0.818,3.4,70.0,0.428,bioisostere,41.5,94.5,70.0,12.4,100,73.3,60.6,1009,0,medium,0,low,high,low,0,75,[],0,100,75,100,63.3,984
CHEMBL3702160,CN(C)[C@H]1CN(c2ccc(Nc3ncc4c5ccncc5n(C5CCCC5)c4n3)nn2)CC[C@@H]1O,CDK6,sensitive,scout1,24.0,0.0,0.452,3.77,99.0,,database,53.5,78.1,99.0,16.0,70,69.2,64.7,786,1,high,0,low,high,low,0,60,[],0,100,60,100,63.3,985
CHEMBL497995,Nc1nccc(-c2cc3c([nH]2)C(C2CCC2)CNC3=O)n1,CDK4,sensitive,scout1,96.0,0.0,0.781,3.51,100.0,,database,33.6,90.4,100.0,10.1,70,72.1,61.3,972,0,medium,0,low,low,low,0,85,[],0,100,85,100,63.3,986
CHEMBL428690,CN1CC[C@H](c2c(O)cc(O)c3c(=O)cc(-c4ccccc4Cl)oc23)[C@H](O)C1,ATR,resistant,scout1,110.0,0.0,0.61,3.41,100.0,,database,31.6,71.2,100.0,31.6,70,73.2,59.2,1040,0,medium,0,low,low,low,0,85,[],0,100,85,100,63.2,987
CHEMBL4522598,CN(C)C/C=C/C(=O)Nc1cccc(S(=O)(=O)N2CCC(NC(=O)c3n[nH]cc3NC(=O)c3c(Cl)cccc3Cl)CC2)c1.O=C(O)C(F)(F)F,ATR,resistant,scout1,50.0,0.0,0.188,3.31,68.8,,database,42.9,76.0,68.8,42.9,70,74.3,59.3,1037,1,medium,1,medium,low,low,1,70,[],0,100,70,100,63.2,988
CHEMBL270638,Cc1nc2cnc3ccc(C#Cc4cccnc4)cc3c2n1-c1ccc(C(C)C#N)cc1,PIK3CA,escape_route,scout1,56.0,0.0,0.368,3.32,87.4,,database,41.3,75.5,87.4,28.9,70,74.2,60.3,1017,0,medium,0,low,high,low,0,75,[],0,100,75,100,63.2,989
CHEMBL270638,Cc1nc2cnc3ccc(C#Cc4cccnc4)cc3c2n1-c1ccc(C(C)C#N)cc1,PIK3CA,escape_route,scout1,56.0,0.0,0.368,3.32,87.4,,database,41.3,75.5,87.4,28.9,70,74.2,60.3,1016,0,medium,0,low,high,low,0,75,[],0,100,75,100,63.2,990
CHEMBL428690,CN1CC[C@H](c2c(O)cc(O)c3c(=O)cc(-c4ccccc4Cl)oc23)[C@H](O)C1,ATR,resistant,scout1,110.0,0.0,0.61,3.41,100.0,,database,31.6,71.2,100.0,31.6,70,73.2,59.2,1039,0,medium,0,low,low,low,0,85,[],0,100,85,100,63.2,991
CHEMBL428690,CN1CC[C@H](c2c(O)cc(O)c3c(=O)cc(-c4ccccc4Cl)oc23)[C@H](O)C1,ATR,resistant,scout1,110.0,0.0,0.61,3.41,100.0,,database,31.6,71.2,100.0,31.6,70,73.2,59.2,1041,0,medium,0,low,low,low,0,85,[],0,100,85,100,63.2,992
CHEMBL451570,Nc1nccc(-c2cc3c([nH]2)[C@H](CCF)CNC3=O)n1,CDK4,sensitive,scout1,96.0,0.0,0.785,3.72,100.0,,database,33.6,90.4,100.0,10.1,70,69.8,61.2,973,0,medium,0,low,low,low,0,85,[],0,100,85,100,63.2,993
CHEMBL303615,COC(=O)c1c(C)[nH]c2c1[C@@]13C[C@@H]1Cn1c(O)c4nc5c(OC)c(OC)c(OC)cc5c-4c(c13)C2=O,MAP2K1,sensitive,scout1,36.0,0.0,0.419,4.75,98.4,,database,47.6,77.1,98.4,14.3,70,58.3,61.8,933,0,medium,0,low,high,low,0,75,[],0,100,75,100,63.1,994
,CNCCNS(=O)(=O)c1ccc(N2CCCC2=O)cc1.COc1cc[nH]c1,MDM2,sensitive,scout2,49.76,394.5,0.615,3.4,70.0,0.445,bioisostere,43.0,95.0,70.0,12.9,100,73.3,61.3,968,1,high,0,low,low,low,0,70,[],0,100,70,100,63.1,995
CHEMBL190252,CN1CCN(c2ccc(C(=O)Nc3n[nH]c4c3CN(C(=O)Cc3ccccc3)C4)cc2)CC1,AURKA,resistant,scout1,140.0,0.0,0.632,2.41,100.0,,database,28.2,86.0,100.0,28.2,70,84.3,61.9,927,0,medium,0,low,low,low,0,85,['dopamine_D2'],1,85,85,85,63.1,996
CHEMBL271544,COC[C@H]1OC(=O)/C(=C/N2CCN(C3CCCCC3)CC2)C2=C(O)C(=O)C3=C([C@H](OC(C)=O)C[C@]4(C)[C@@H](O)CC[C@@H]34)[C@]21C,PIK3CA,escape_route,scout1,43.0,0.0,0.36,4.92,87.2,,database,45.1,76.6,87.2,31.6,70,56.4,61.2,975,0,medium,1,medium,low,low,1,70,[],0,100,70,100,63.0,997
,CNCCNS(=O)(=O)c1ccc(N2CCCC2=O)cc1.COc1ccsc1,MDM2,sensitive,scout2,50.77,411.5,0.681,3.4,70.0,0.414,bioisostere,42.7,94.9,70.0,12.8,100,73.3,61.1,981,1,high,0,low,low,low,0,70,[],0,100,70,100,63.0,998
CHEMBL204217,CCc1ccc(C(=O)Nc2ncc(Nc3ncnc4cc(OCCCN5CCOCC5)c(OC)cc34)cn2)cc1,AURKA,resistant,scout1,85.0,0.0,0.267,2.63,75.3,,database,35.3,73.2,75.3,35.3,70,81.9,56.9,1080,0,medium,0,low,low,low,0,85,[],0,100,85,100,63.0,999
CHEMBL255592,Cn1c(=O)n(-c2ccc(C(C)(C)C#N)cc2)c2c3cc(C#Cc4cccnc4)ccc3ncc21,PIK3CA,escape_route,scout1,72.0,0.0,0.377,2.89,97.5,,database,37.7,74.2,97.5,26.4,70,79.0,60.8,1005,0,medium,0,low,high,low,0,75,[],0,100,75,100,63.0,1000
CHEMBL151601,CC1(C)C(=O)N(c2ccc(C#N)c(C(F)(F)F)c2)C(=O)N1CC#CCOCc1ccc(O)c(C(N)=O)c1,AR,sensitive,scout1,49.0,0.0,0.345,3.17,86.9,,database,43.2,76.1,86.9,13.0,70,75.9,58.6,1047,0,medium,0,low,low,low,0,85,[],0,100,85,100,62.9,1001
CHEMBL203007,COc1cc2c(Nc3cnc(NC(=O)c4ccc(C)c(Br)c4)nc3)ncnc2cc1OCCCN1CCOCC1,AURKA,resistant,scout1,70.0,0.0,0.247,2.72,84.9,,database,38.1,74.4,84.9,38.1,70,80.9,60.3,1013,0,high,0,low,low,low,0,70,[],0,100,70,100,62.9,1002
CHEMBL373628,C[C@@H](NC(=O)c1cc(-c2[nH]ncc2-c2cccc(Cl)c2)c[nH]1)c1ccccc1,MAPK1,sensitive,scout1,100.0,0.0,0.437,2.82,93.7,,database,33.0,90.0,93.7,9.9,70,79.8,60.1,1021,0,medium,0,low,low,low,0,85,[],0,100,85,100,62.8,1003
CHEMBL374677,O=C(NC(CO)c1ccc(F)cc1)c1cc(-c2[nH]ncc2-c2cccc(Cl)c2)c[nH]1,MAPK1,sensitive,scout1,63.0,0.0,0.371,3.01,97.4,,database,39.6,75.0,97.4,11.9,70,77.7,59.3,1035,0,medium,0,low,low,low,0,85,[],0,100,85,100,62.8,1004
CHEMBL367715,CCC(C(=O)N[C@@H](CC(=O)O)C(=O)CN[C@H](Cc1ccccc1)C(N)=O)n1cccc(NC(=O)c2ccc3ccccc3c2)c1=O,CD274,immune,scout1,25.0,0.0,0.133,3.71,72.7,,database,52.9,97.5,72.7,15.9,70,69.9,64.1,794,1,medium,0,low,high,low,0,75,"['hERG_channel', 'dopamine_D2']",2,70,75,70,62.8,1005
CHEMBL3698656,c1cc2c3cnc(Nc4ccc(N5CCNCC5)cn4)nc3n(C3CCOCC3)c2cn1,CDK6,sensitive,scout1,57.0,0.0,0.511,2.91,100.0,,database,41.1,94.3,100.0,12.3,70,78.8,65.2,766,0,high,0,low,high,low,0,60,[],0,100,60,100,62.7,1006
CHEMBL3698700,c1cc2c3cnc(Nc4ccc(NC5CCNCC5)cn4)nc3n(C3CCCC3)c2cn1,CDK6,sensitive,scout1,31.0,0.0,0.434,2.87,98.7,,database,49.8,77.5,98.7,14.9,70,79.2,63.8,802,0,high,0,low,high,low,0,60,[],0,100,60,100,62.6,1007
CHEMBL2426395,COc1ccc(NC(=S)NC(=O)c2cn(-c3ccccc3)nc2-c2ccc(OC)cc2)cc1,CDK6,sensitive,scout1,29.0,0.0,0.409,2.09,98.2,,database,50.7,77.7,98.2,15.2,70,87.9,64.5,791,1,high,1,medium,low,low,1,55,[],0,100,55,100,62.6,1008
CHEMBL3702114,c1cc2c3cnc(Nc4ccc(CN5CCNCC5)cn4)nc3n(C3CCCC3)c2cn1,CDK6,sensitive,scout1,33.0,0.0,0.502,2.78,100.0,,database,48.9,77.4,100.0,14.7,70,80.2,63.7,805,0,high,0,low,high,low,0,60,[],0,100,60,100,62.5,1009
CHEMBL80694,CC(=O)N[C@@H](Cc1ccc(O)cc1)C(=O)N[C@H](C(=O)N(C)[C@@H](C)C(=O)N[C@H](C=O)CC(=O)O)C(C)C,CD274,immune,scout1,59.0,0.0,0.224,3.73,74.5,,database,40.6,94.1,74.5,12.2,70,69.7,59.4,1032,1,low,0,low,low,low,0,100,"['hERG_channel', 'dopamine_D2']",2,70,100,70,62.5,1010
CHEMBL383928,CN1C(=O)C[C@H](c2ccccc2)[C@@H]1[C@H](O)c1ccc(-c2ccccc2F)s1,KRAS,escape_route,scout1,120.0,0.0,0.717,3.44,100.0,,database,30.4,88.0,100.0,21.3,70,72.9,61.5,962,0,medium,0,low,low,low,0,85,['dopamine_D2'],1,85,85,85,62.4,1011
CHEMBL3702222,CC[C@@H](C)n1c2cnccc2c2cnc(Nc3ccc(N4CC[C@@H](O)C4)cn3)nc21,CDK6,sensitive,scout1,50.0,0.0,0.525,3.57,100.0,,database,42.9,76.0,100.0,12.9,70,71.4,60.9,994,0,medium,0,low,high,low,0,75,[],0,100,75,100,62.4,1012
CHEMBL435744,OCc1ccc(-c2[nH]c(-c3ccccc3)nc2-c2ccncc2)cc1Cl,BRAF,escape_route,scout1,132.0,0.0,0.54,2.26,100.0,,database,29.0,86.8,100.0,20.3,70,86.0,61.3,969,0,medium,0,low,high,low,0,75,[],0,100,75,100,62.4,1013
CHEMBL334603,NC(=O)c1cccc2[nH]c(-c3ccccc3C(F)(F)F)nc12,PARP1,resistant,scout1,190.0,0.0,0.762,2.2,100.0,,database,23.8,81.0,100.0,23.8,70,86.7,58.8,1046,0,medium,0,low,low,low,0,85,[],0,100,85,100,62.3,1014
CHEMBL205754,COc1cc(NC(=O)c2ccco2)c(Cl)cc1NC(=O)Nc1cnc(C#N)cn1,CHEK1,resistant,scout1,111.0,0.0,0.581,2.51,86.6,,database,31.5,71.1,86.6,31.5,70,83.2,56.9,1081,0,medium,0,low,low,low,0,85,[],0,100,85,100,62.3,1015
CHEMBL3702136,FC(F)(F)c1cccc(-n2c3cnccc3c3cnc(Nc4ccc(N5CCNCC5)cn4)cc32)c1,CDK6,sensitive,scout1,26.0,0.0,0.364,2.83,87.3,,database,52.3,77.9,87.3,15.7,70,79.7,62.5,870,0,high,0,low,high,low,0,60,[],0,100,60,100,62.3,1016
CHEMBL2113248,CC(C)C[C@H]1c2cc3c(C(F)(F)F)cc(O)nc3cc2NC[C@@H]1C,AR,sensitive,scout1,56.0,0.0,0.796,3.94,100.0,,database,41.3,94.4,100.0,12.4,70,67.3,64.7,780,1,high,0,low,high,low,0,60,[],0,100,60,100,62.2,1017
CHEMBL512092,CC1(C)Cc2nc(N3CCOc4ccc(-c5cn[nH]c5)cc43)sc2C(=O)N1,PIK3CB,escape_route,scout1,156.0,0.0,0.713,3.11,100.0,,database,26.6,84.4,100.0,18.6,70,76.6,59.2,1042,0,medium,0,low,low,low,0,85,[],0,100,85,100,62.2,1018
,CNCCN(c1ccncc1)S(=O)(=O)c1ccc(N2CCCC2=O)cc1,MDM2,sensitive,scout2,69.75,374.5,0.796,3.2,70.0,0.471,bioisostere,38.2,93.0,70.0,11.4,100,75.6,59.2,1038,0,medium,0,low,high,low,0,75,[],0,100,75,100,62.2,1019
CHEMBL4542127,COc1cccc(Cl)c1C(=O)Nc1c[nH]nc1C(=O)NC1CCN(S(=O)(=O)c2cccc(NC(=O)/C=C/CN(C)C)c2)CC1.O=C(O)C(F)(F)F,ATR,resistant,scout1,50.0,0.0,0.18,3.33,58.6,,database,42.9,76.0,58.6,42.9,70,74.1,57.2,1071,1,medium,1,medium,low,low,1,70,[],0,100,70,100,62.1,1020
CHEMBL2426391,COc1ccc(NC(=S)NC(=O)c2cn(-c3ccccc3)nc2-c2ccc(F)cc2)cc1,CDK6,sensitive,scout1,33.0,0.0,0.431,2.08,98.6,,database,48.9,77.4,98.6,14.7,70,88.0,63.8,803,1,high,1,medium,low,low,1,55,[],0,100,55,100,62.0,1021
CHEMBL4854762,Cc1c(Cc2ccccc2)c(-c2cc(Cl)nc(N)n2)nn1C,EZH2,resistant,scout1,195.0,0.0,0.755,2.47,100.0,,database,23.4,80.5,100.0,23.4,70,83.7,58.4,1050,0,medium,0,low,low,low,0,85,[],0,100,85,100,61.9,1022
CHEMBL452602,C[C@@H]1CNC[C@H](C(=O)Nc2ncc(SCc3ncc(C(C)(C)C)o3)s2)C1,CDK4,sensitive,scout1,120.0,0.0,0.749,3.75,100.0,,database,30.4,88.0,100.0,9.1,70,69.4,59.5,1030,0,medium,0,low,low,low,0,85,[],0,100,85,100,61.9,1023
,CN1C(=S)C[C@H](c2ccccc2F)[C@@H]1[C@H](O)c1ccc(-c2cccnc2)s1,KRAS,escape_route,scout2,57.78,398.5,0.641,3.4,70.0,0.509,bioisostere,40.9,94.2,70.0,28.6,100,73.3,62.8,834,0,medium,1,medium,high,low,1,60,['dopamine_D2'],1,85,60,85,61.8,1024
CHEMBL171846,CCC(C(=O)NC(CC(=O)O)C(=O)CN1CCN(C)CC1)n1cccc(NC(=O)c2ccc3ccccc3c2)c1=O,CD274,immune,scout1,62.5,0.0,0.323,3.4,76.5,,database,39.7,93.8,76.5,11.9,70,73.3,59.6,1028,0,medium,0,low,high,low,0,75,[],0,100,75,100,61.8,1025
CHEMBL285957,CN(C)CCN1C(=O)c2cccc3c2c(cc2occc23)C1=O,MAP2K1,sensitive,scout1,140.0,0.0,0.698,2.39,100.0,,database,28.2,86.0,100.0,8.5,70,84.6,58.9,1044,1,medium,0,low,low,low,0,85,[],0,100,85,100,61.7,1026
CHEMBL281028,CC1(C)CCNc2cc3nc(O)cc(C(F)(F)F)c3cc21,AR,sensitive,scout1,68.0,0.0,0.771,3.06,100.0,,database,38.5,93.2,100.0,11.6,70,77.1,63.9,800,1,high,0,low,high,low,0,60,[],0,100,60,100,61.7,1027
CHEMBL271184,COC[C@H]1OC(=O)/C(=C/N2CCN(c3ccccc3)CC2)C2=C(O)C(=O)C3=C([C@H](OC(C)=O)C[C@]4(C)[C@@H](O)CC[C@@H]34)[C@]21C,PIK3CA,escape_route,scout1,56.0,0.0,0.389,4.78,87.8,,database,41.3,75.5,87.8,28.9,70,58.0,59.6,1026,0,medium,1,medium,low,low,1,70,[],0,100,70,100,61.7,1028
CHEMBL428690,CN1CC[C@H](c2c(O)cc(O)c3c(=O)cc(-c4ccccc4Cl)oc23)[C@H](O)C1,CDK6,sensitive,scout1,80.0,0.0,0.61,3.41,100.0,,database,36.2,73.6,100.0,10.9,70,73.2,58.0,1059,0,medium,0,low,low,low,0,85,[],0,100,85,100,61.6,1029
CHEMBL260876,NC(N)=S,ATM,resistant,scout1,200.0,0.0,0.371,2.58,100.0,,database,23.1,80.0,100.0,23.1,70,82.4,58.0,1058,0,low,1,medium,low,low,1,85,[],0,100,85,100,61.6,1030
CHEMBL428690,CN1CC[C@H](c2c(O)cc(O)c3c(=O)cc(-c4ccccc4Cl)oc23)[C@H](O)C1,CDK6,sensitive,scout1,80.0,0.0,0.61,3.41,100.0,,database,36.2,73.6,100.0,10.9,70,73.2,58.0,1061,0,medium,0,low,low,low,0,85,[],0,100,85,100,61.6,1031
CHEMBL428690,CN1CC[C@H](c2c(O)cc(O)c3c(=O)cc(-c4ccccc4Cl)oc23)[C@H](O)C1,CDK6,sensitive,scout1,80.0,0.0,0.61,3.41,100.0,,database,36.2,73.6,100.0,10.9,70,73.2,58.0,1060,0,medium,0,low,low,low,0,85,[],0,100,85,100,61.6,1032
CHEMBL315175,O=C(O)c1c(Cc2cc3c(cc2Cl)OCO3)c(-c2ccccc2)nn1C1CCCCC1,CHEK2,resistant,scout1,131.0,0.0,0.551,2.61,91.0,,database,29.1,69.5,91.0,29.1,70,82.1,56.3,1088,0,medium,0,low,low,low,0,85,[],0,100,85,100,61.5,1033
CHEMBL542770,COC(=O)c1c(C)[nH]c2c1C1CCN(C(=O)/C=C/c3ccc(OC)cc3)C1=CC2C(=O)ON1CCN(C)CC1.Cl,MAP2K1,sensitive,scout1,37.0,0.0,0.417,4.25,88.3,,database,47.2,77.0,88.3,14.2,70,63.9,59.9,1025,0,medium,1,medium,low,low,1,70,[],0,100,70,100,61.5,1034
CHEMBL206183,N[C@H](COc1cncc(/C=C/c2ccncc2)c1)Cc1csc2ccccc12,AKT1,escape_route,scout1,142.0,0.0,0.494,3.05,100.0,,database,28.0,85.8,100.0,19.6,70,77.2,60.1,1022,0,medium,0,low,high,low,0,75,[],0,100,75,100,61.4,1035
CHEMBL324470,CCCCC(C(=O)N[C@@H](CC(=O)O)C(=O)COc1ccccc1)n1cncc(NC(=O)c2cccc3ccccc23)c1=O,CD274,immune,scout1,46.0,0.0,0.201,3.41,69.0,,database,44.1,76.3,69.0,13.2,70,73.2,55.3,1103,0,medium,0,low,low,low,0,85,[],0,100,85,100,61.3,1036
CHEMBL213667,CN1C(=O)C[C@H](c2ccccc2)[C@@H]1[C@H](O)c1ccc(-c2ccc(F)cc2)s1,KRAS,escape_route,scout1,140.0,0.0,0.717,3.39,100.0,,database,28.2,86.0,100.0,19.7,70,73.4,60.1,1023,0,medium,0,low,low,low,0,85,['dopamine_D2'],1,85,85,85,61.3,1037
CHEMBL806,CC(C)C(=O)Nc1ccc([N+](=O)[O-])c(C(F)(F)F)c1,AR,sensitive,scout1,154.0,0.0,0.68,2.07,100.0,,database,26.8,84.6,100.0,8.0,70,88.1,58.3,1052,0,medium,0,low,low,low,0,85,[],0,100,85,100,61.2,1038
CHEMBL282866,CCC1(CC)CCNc2cc3nc(O)cc(C(F)(F)F)c3cc21,AR,sensitive,scout1,73.0,0.0,0.831,3.26,100.0,,database,37.5,92.7,100.0,11.3,70,74.9,63.4,812,1,high,0,low,high,low,0,60,[],0,100,60,100,61.2,1039
CHEMBL366506,CCCCCC(=O)NCC(=O)C(CC(=O)O)NC(=O)C(CC)n1cccc(NC(=O)c2ccc3ccccc3c2)c1=O,CD274,immune,scout1,34.3,0.0,0.201,3.4,69.0,,database,48.3,77.3,69.0,14.5,70,73.3,57.0,1079,0,medium,0,low,high,low,0,75,[],0,100,75,100,61.2,1040
CHEMBL270039,COC[C@H]1OC(=O)/C(=C/N2CCCCC2)C2=C(O)C(=O)C3=C([C@H](OC(C)=O)C[C@]4(C)[C@@H](O)CC[C@@H]34)[C@]21C,PIK3CA,escape_route,scout1,104.0,0.0,0.43,4.87,93.6,,database,32.4,89.6,93.6,22.7,70,57.0,60.6,1010,0,medium,1,medium,low,low,1,70,[],0,100,70,100,61.2,1041
CHEMBL105765,O=C(CCCCCn1c2c(c(=O)[nH]c1=O)CSCC2)NCC(=O)N1CCN(c2ncccn2)CC1,PARP1,resistant,scout1,250.0,0.0,0.464,2.87,94.3,,database,19.9,75.0,94.3,19.9,70,79.2,54.0,1136,0,low,0,low,low,low,0,100,[],0,100,100,100,61.1,1042
CHEMBL192575,CC(C)(C)c1ccc(C(=O)Nc2n[nH]c3c2CN(C(=O)Cc2ccccc2)C3)cc1,AURKA,resistant,scout1,130.0,0.0,0.691,2.34,100.0,,database,29.2,69.6,100.0,29.2,70,85.1,58.3,1053,0,medium,0,low,low,low,0,85,['dopamine_D2'],1,85,85,85,61.1,1043
CHEMBL4243377,CCCN(c1ccccc1)S(=O)(=O)c1ccc(N2CCCC2=O)cc1,MDM2,sensitive,scout1,158.0,0.0,0.795,2.06,100.0,,database,26.4,84.2,100.0,7.9,70,88.2,58.1,1055,0,medium,0,low,low,low,0,85,[],0,100,85,100,61.1,1044
CHEMBL211173,O=C1NC(=O)/C(=C/c2ccc(-c3ccc(O)cc3O)o2)S1,PIK3CA,escape_route,scout1,190.0,0.0,0.738,2.6,100.0,,database,23.8,81.0,100.0,16.7,70,82.2,57.5,1068,0,low,1,medium,low,low,1,85,[],0,100,85,100,61.0,1045
CHEMBL428496,COC[C@H]1OC(=O)c2coc3c2[C@@]1(C)C1=C(C3=O)[C@@H]2CCC(=O)[C@@]2(C)C[C@H]1OC(C)=O,PIK3CA,escape_route,scout1,120.0,0.0,0.676,4.66,100.0,,database,30.4,88.0,100.0,21.3,70,59.3,60.8,1002,0,medium,1,medium,low,low,1,70,[],0,100,70,100,61.0,1046
CHEMBL428496,COC[C@H]1OC(=O)c2coc3c2[C@@]1(C)C1=C(C3=O)[C@@H]2CCC(=O)[C@@]2(C)C[C@H]1OC(C)=O,PIK3CA,escape_route,scout1,120.0,0.0,0.676,4.66,100.0,,database,30.4,88.0,100.0,21.3,70,59.3,60.8,1001,0,medium,1,medium,low,low,1,70,[],0,100,70,100,61.0,1047
CHEMBL428496,COC[C@H]1OC(=O)c2coc3c2[C@@]1(C)C1=C(C3=O)[C@@H]2CCC(=O)[C@@]2(C)C[C@H]1OC(C)=O,PIK3CA,escape_route,scout1,120.0,0.0,0.676,4.66,100.0,,database,30.4,88.0,100.0,21.3,70,59.3,60.8,1000,0,medium,1,medium,low,low,1,70,[],0,100,70,100,61.0,1048
CHEMBL153177,CCCCCC[Se]CC(=O)C(F)(F)F,FOLH1,other,scout1,100.0,0.0,0.515,3.23,100.0,,database,33.0,90.0,100.0,9.9,70,75.2,61.1,982,0,medium,1,medium,low,low,1,70,[],0,100,70,100,61.0,1049
CHEMBL388480,c1ccc(-c2nc(N3CCOCC3)c3oc4ncccc4c3n2)cc1,PIK3CA,escape_route,scout1,160.0,0.0,0.561,2.42,100.0,,database,26.3,84.0,100.0,18.4,70,84.2,59.3,1036,0,medium,0,low,high,low,0,75,[],0,100,75,100,60.9,1050
CHEMBL405230,COC[C@H]1OC(=O)/C(=C/N2CCC(N3CCCCC3)CC2)C2=C(O)C(=O)C3=C([C@H](OC(C)=O)C[C@]4(C)[C@@H](O)CC[C@@H]34)[C@]21C,PIK3CA,escape_route,scout1,63.0,0.0,0.36,4.94,87.2,,database,39.6,75.0,87.2,27.7,70,56.2,58.5,1049,0,medium,1,medium,low,low,1,70,[],0,100,70,100,60.8,1051
CHEMBL90884,CC(C)[C@H](NC(=O)CCc1ccccc1)C(=O)N[C@@H](C)C(=O)N[C@@H](CC(=O)O)C(=O)CCCc1ccccc1,CD274,immune,scout1,100.0,0.0,0.259,3.22,75.2,,database,33.0,90.0,75.2,9.9,70,75.3,56.2,1090,1,medium,0,low,low,low,0,85,[],0,100,85,100,60.8,1052
CHEMBL200847,COC(=O)CCc1c(C)[nH]c(/C=C2\C(=O)Nc3cc(-c4ccc(O)c(OC)c4)ccc32)c1C,CHEK1,resistant,scout1,75.0,0.0,0.379,2.67,97.6,,database,37.1,74.0,97.6,37.1,70,81.4,62.3,879,1,medium,1,medium,low,low,1,70,"['hERG_channel', 'dopamine_D2']",2,70,70,70,60.8,1053
CHEMBL2426383,COc1ccc(NC(=S)NC(=O)c2cn(-c3ccccc3)nc2-c2ccc(C)cc2)cc1,CDK6,sensitive,scout1,43.0,0.0,0.427,2.07,98.5,,database,45.1,76.6,98.5,13.5,70,88.1,62.3,882,1,high,1,medium,low,low,1,55,[],0,100,55,100,60.8,1054
CHEMBL27684,O=C1c2cccc3c2c(cc2ccoc23)C(=O)N1CCNCCCNCCN1C(=O)c2cccc3c2c(cc2ccoc23)C1=O,MAP2K1,sensitive,scout1,44.0,0.0,0.167,3.19,83.3,,database,44.8,76.5,83.3,13.4,70,75.7,58.5,1048,0,high,0,low,low,low,0,70,[],0,100,70,100,60.8,1055
CHEMBL267231,C=CCC1Oc2cccc(OC(F)F)c2-c2ccc3c(c21)C(C)=CC(C)(C)N3,AR,sensitive,scout1,96.3,0.0,0.606,3.57,97.1,,database,33.5,90.4,97.1,10.1,70,71.4,60.7,1008,1,high,0,low,low,low,0,70,[],0,100,70,100,60.7,1056
CHEMBL335198,NC(=O)c1cccc2[nH]c(-c3ccc(C(=O)O)cc3)nc12,PARP1,resistant,scout1,290.0,0.0,0.682,1.98,100.0,,database,17.7,71.0,100.0,17.7,70,89.1,53.7,1137,0,low,0,low,low,low,0,100,[],0,100,100,100,60.7,1057
CHEMBL373252,COc1cc(-c2ccc3c(c2)NC(=O)/C3=C\c2[nH]c(C)cc2C)ccc1O,CHEK1,resistant,scout1,120.0,0.0,0.602,2.53,100.0,,database,30.4,88.0,100.0,30.4,70,83.0,63.3,813,1,medium,1,medium,low,low,1,70,"['hERG_channel', 'dopamine_D2']",2,70,70,70,60.5,1058
CHEMBL3355072,C[C@@H]1Cn2ncc(-c3ccc(S(C)(=O)=O)cc3)c2CN1c1ccnc2[nH]ccc12,ATM,resistant,scout1,130.0,0.0,0.564,3.48,100.0,,database,29.2,69.6,100.0,29.2,70,72.4,57.7,1065,0,medium,0,low,high,low,0,75,[],0,100,75,100,60.5,1059
CHEMBL220272,O=C(NOCc1ccccc1)c1cc(-c2[nH]ncc2-c2cccc(Cl)c2)c[nH]1,MAPK1,sensitive,scout1,170.0,0.0,0.42,2.55,100.0,,database,25.4,83.0,100.0,7.6,70,82.8,57.2,1072,0,medium,0,low,low,low,0,85,[],0,100,85,100,60.3,1060
CHEMBL172921,CCCC(=O)NCC(=O)C(CC(=O)O)NC(=O)C(CC)n1cccc(NC(=O)c2ccc3ccccc3c2)c1=O,CD274,immune,scout1,81.0,0.0,0.255,3.38,75.1,,database,36.0,91.9,75.1,10.8,70,73.6,57.6,1066,0,medium,0,low,high,low,0,75,[],0,100,75,100,60.3,1061
CHEMBL202721,COc1cc2c(Nc3ccc(NC(=O)c4ccccc4)cc3)ncnc2cc1OCCCN1CCOCC1,AURKA,resistant,scout1,110.0,0.0,0.294,2.31,85.9,,database,31.6,71.2,85.9,31.6,70,85.4,57.0,1078,1,high,0,low,low,low,0,70,[],0,100,70,100,60.2,1062
CHEMBL2426399,COc1ccc(NC(=S)NC(=O)c2cn(-c3ccccc3)nc2-c2ccccc2)cc1,CDK6,sensitive,scout1,50.0,0.0,0.452,2.02,99.0,,database,42.9,76.0,99.0,12.9,70,88.7,61.5,963,1,high,1,medium,low,low,1,55,[],0,100,55,100,60.1,1063
CHEMBL77475,CC(=O)N(C)[C@@H](Cc1ccc(O)cc1)C(=O)N[C@H](C(=O)N[C@@H](C)C(=O)N[C@H](C=O)CC(=O)O)C(C)C,CD274,immune,scout1,120.0,0.0,0.224,3.74,74.5,,database,30.4,88.0,74.5,9.1,70,69.6,54.4,1128,1,low,0,low,low,low,0,100,['dopamine_D2'],1,85,100,85,60.1,1064
CHEMBL2113247,C[C@@H]1CNc2cc3nc(O)cc(C(F)(F)F)c3cc2[C@@H]1CCC(F)(F)F,AR,sensitive,scout1,82.0,0.0,0.684,4.08,98.7,,database,35.8,91.8,98.7,10.8,70,65.8,61.8,936,1,high,0,low,high,low,0,60,[],0,100,60,100,60.0,1065
CHEMBL247798,CCNC(=O)Nc1ccc(CNc2ncsc2C(=O)Nc2ccc3c(c2)OC(F)(F)O3)cn1,BRAF,escape_route,scout1,122.0,0.0,0.408,2.86,98.2,,database,30.2,70.2,98.2,21.1,70,79.3,56.9,1083,0,medium,0,low,high,low,0,75,[],0,100,75,100,59.8,1066
CHEMBL177538,CCCS(=O)(=O)NCCCOc1nc(C2CC2)nc(NS(=O)(=O)c2ccc(C(C)C)cn2)c1Oc1ccccc1OC,CHEK2,resistant,scout1,69.18,0.0,0.218,3.04,69.4,,database,38.3,74.5,69.4,38.3,70,77.3,57.1,1075,0,high,0,low,high,low,0,60,[],0,100,60,100,59.8,1067
CHEMBL3215760,Cl.Cl.c1cc(OCCN2CCSCC2)cc(-c2nc(N3CCOCC3)c3oc4ncccc4c3n2)c1,PIK3CA,escape_route,scout1,79.0,0.0,0.344,2.98,86.9,,database,36.4,73.7,86.9,25.5,70,78.0,57.9,1062,0,medium,0,low,high,low,0,75,['muscarinic'],1,85,75,85,59.8,1068
CHEMBL2426387,COc1ccc(NC(=S)NC(=O)c2cn(-c3ccccc3)nc2-c2ccc(Cl)cc2)cc1,CDK6,sensitive,scout1,42.0,0.0,0.392,2.08,87.8,,database,45.4,76.6,87.8,13.6,70,88.0,60.3,1018,1,high,1,medium,low,low,1,55,[],0,100,55,100,59.8,1069
CHEMBL378999,N#Cc1ccc(O)c(-c2ccc(/C=C3\SC(=O)NC3=O)o2)c1,PIK3CA,escape_route,scout1,220.0,0.0,0.826,2.65,100.0,,database,21.7,78.0,100.0,15.2,70,81.7,55.9,1095,0,low,1,medium,low,low,1,85,[],0,100,85,100,59.7,1070
CHEMBL1966204,O=C(Nc1n[nH]c2ccc(-c3cn(Cc4ccccc4)nn3)cc12)c1ccc(F)cc1,CDK4,sensitive,scout1,125.89,0.0,0.451,2.28,99.0,,database,29.7,69.9,99.0,8.9,70,85.8,55.3,1101,0,medium,0,low,low,low,0,85,[],0,100,85,100,59.7,1071
CHEMBL378528,O=C1NC(=O)/C(=C/c2ccc(-c3ccccn3)o2)S1,PIK3CA,escape_route,scout1,185.0,0.0,0.851,2.46,100.0,,database,24.2,81.5,100.0,16.9,70,83.8,57.9,1063,0,low,1,medium,high,low,1,75,[],0,100,75,100,59.7,1072
CHEMBL215923,COc1ccccc1[C@H]1CC(=O)N(C)[C@H]1[C@H](O)c1ccc(-c2ccc(F)cc2)s1,KRAS,escape_route,scout1,120.0,0.0,0.667,3.47,100.0,,database,30.4,70.4,100.0,21.3,70,72.6,57.0,1077,0,medium,0,low,low,low,0,85,['dopamine_D2'],1,85,85,85,59.7,1073
CHEMBL27372,CCC1CCN(C=O)c2cc3nc(O)cc(C(F)(F)F)c3cc21,AR,sensitive,scout1,137.0,0.0,0.855,3.68,100.0,,database,28.5,86.3,100.0,8.5,70,70.2,58.4,1051,0,medium,0,low,high,low,0,75,[],0,100,75,100,59.6,1074
CHEMBL332551,Nc1nc(C2=C3C(=Nc4ccccc43)C(=O)NCC2)c(O)[nH]1,CHEK1,resistant,scout1,237.0,0.0,0.632,3.33,100.0,,database,20.6,76.3,100.0,20.6,70,74.1,55.6,1098,0,medium,0,low,low,low,0,85,[],0,100,85,100,59.6,1075
CHEMBL4580787,CN(C)C/C=C/C(=O)Nc1cccc(S(=O)(=O)N2CCC(NC(=O)c3n[nH]cc3NC(=O)c3c(Cl)cc(Cl)cc3Cl)CC2)c1,ATR,resistant,scout1,88.0,0.0,0.233,3.16,69.7,,database,34.8,73.0,69.7,34.8,70,76.0,55.2,1111,1,medium,1,medium,low,low,1,70,[],0,100,70,100,59.6,1076
CHEMBL247793,CCNC(=O)Nc1cc(CNc2ccccc2C(=O)Nc2ccc3c(c2)OC(F)(F)O3)ccn1,BRAF,escape_route,scout1,90.0,0.0,0.408,2.55,98.2,,database,34.5,72.8,98.2,24.2,70,82.8,59.5,1029,1,high,0,low,high,low,0,60,[],0,100,60,100,59.6,1077
CHEMBL332551,Nc1nc(C2=C3C(=Nc4ccccc43)C(=O)NCC2)c(O)[nH]1,CHEK1,resistant,scout1,237.0,0.0,0.632,3.33,100.0,,database,20.6,76.3,100.0,20.6,70,74.1,55.6,1099,0,medium,0,low,low,low,0,85,[],0,100,85,100,59.6,1078
CHEMBL388978,CN[C@@H]1C[C@H]2O[C@@](C)([C@@H]1OC)n1c3ccccc3c3c4c(c5c6ccccc6n2c5c31)C(=O)NC4,ATR,resistant,scout1,160.0,0.0,0.406,4.95,98.1,,database,26.3,67.2,98.1,26.3,70,56.1,54.5,1124,0,medium,0,low,low,low,0,85,[],0,100,85,100,59.5,1079
CHEMBL388978,CN[C@@H]1C[C@H]2O[C@@](C)([C@@H]1OC)n1c3ccccc3c3c4c(c5c6ccccc6n2c5c31)C(=O)NC4,ATR,resistant,scout1,160.0,0.0,0.406,4.95,98.1,,database,26.3,67.2,98.1,26.3,70,56.1,54.5,1119,0,medium,0,low,low,low,0,85,[],0,100,85,100,59.5,1080
CHEMBL388978,CN[C@@H]1C[C@H]2O[C@@](C)([C@@H]1OC)n1c3ccccc3c3c4c(c5c6ccccc6n2c5c31)C(=O)NC4,ATR,resistant,scout1,160.0,0.0,0.406,4.95,98.1,,database,26.3,67.2,98.1,26.3,70,56.1,54.5,1126,0,medium,0,low,low,low,0,85,[],0,100,85,100,59.5,1081
CHEMBL388978,CN[C@@H]1C[C@H]2O[C@@](C)([C@@H]1OC)n1c3ccccc3c3c4c(c5c6ccccc6n2c5c31)C(=O)NC4,ATR,resistant,scout1,160.0,0.0,0.406,4.95,98.1,,database,26.3,67.2,98.1,26.3,70,56.1,54.5,1120,0,medium,0,low,low,low,0,85,[],0,100,85,100,59.5,1082
CHEMBL388978,CN[C@@H]1C[C@H]2O[C@@](C)([C@@H]1OC)n1c3ccccc3c3c4c(c5c6ccccc6n2c5c31)C(=O)NC4,ATR,resistant,scout1,160.0,0.0,0.406,4.95,98.1,,database,26.3,67.2,98.1,26.3,70,56.1,54.5,1121,0,medium,0,low,low,low,0,85,[],0,100,85,100,59.5,1083
CHEMBL388978,CN[C@@H]1C[C@H]2O[C@@](C)([C@@H]1OC)n1c3ccccc3c3c4c(c5c6ccccc6n2c5c31)C(=O)NC4,ATR,resistant,scout1,160.0,0.0,0.406,4.95,98.1,,database,26.3,67.2,98.1,26.3,70,56.1,54.5,1122,0,medium,0,low,low,low,0,85,[],0,100,85,100,59.5,1084
CHEMBL388978,CN[C@@H]1C[C@H]2O[C@@](C)([C@@H]1OC)n1c3ccccc3c3c4c(c5c6ccccc6n2c5c31)C(=O)NC4,ATR,resistant,scout1,160.0,0.0,0.406,4.95,98.1,,database,26.3,67.2,98.1,26.3,70,56.1,54.5,1123,0,medium,0,low,low,low,0,85,[],0,100,85,100,59.5,1085
CHEMBL388978,CN[C@@H]1C[C@H]2O[C@@](C)([C@@H]1OC)n1c3ccccc3c3c4c(c5c6ccccc6n2c5c31)C(=O)NC4,CDK4,sensitive,scout1,100.0,0.0,0.406,4.95,98.1,,database,33.0,72.0,98.1,9.9,70,56.1,55.3,1108,0,medium,0,low,low,low,0,85,[],0,100,85,100,59.4,1086
CHEMBL388978,CN[C@@H]1C[C@H]2O[C@@](C)([C@@H]1OC)n1c3ccccc3c3c4c(c5c6ccccc6n2c5c31)C(=O)NC4,CDK4,sensitive,scout1,100.0,0.0,0.406,4.95,98.1,,database,33.0,72.0,98.1,9.9,70,56.1,55.3,1105,0,medium,0,low,low,low,0,85,[],0,100,85,100,59.4,1087
CHEMBL388978,CN[C@@H]1C[C@H]2O[C@@](C)([C@@H]1OC)n1c3ccccc3c3c4c(c5c6ccccc6n2c5c31)C(=O)NC4,CDK4,sensitive,scout1,100.0,0.0,0.406,4.95,98.1,,database,33.0,72.0,98.1,9.9,70,56.1,55.3,1106,0,medium,0,low,low,low,0,85,[],0,100,85,100,59.4,1088
CHEMBL388978,CN[C@@H]1C[C@H]2O[C@@](C)([C@@H]1OC)n1c3ccccc3c3c4c(c5c6ccccc6n2c5c31)C(=O)NC4,CDK4,sensitive,scout1,100.0,0.0,0.406,4.95,98.1,,database,33.0,72.0,98.1,9.9,70,56.1,55.3,1107,0,medium,0,low,low,low,0,85,[],0,100,85,100,59.4,1089
CHEMBL388978,CN[C@@H]1C[C@H]2O[C@@](C)([C@@H]1OC)n1c3ccccc3c3c4c(c5c6ccccc6n2c5c31)C(=O)NC4,CDK4,sensitive,scout1,100.0,0.0,0.406,4.95,98.1,,database,33.0,72.0,98.1,9.9,70,56.1,55.3,1104,0,medium,0,low,low,low,0,85,[],0,100,85,100,59.4,1090
CHEMBL388978,CN[C@@H]1C[C@H]2O[C@@](C)([C@@H]1OC)n1c3ccccc3c3c4c(c5c6ccccc6n2c5c31)C(=O)NC4,CDK4,sensitive,scout1,100.0,0.0,0.406,4.95,98.1,,database,33.0,72.0,98.1,9.9,70,56.1,55.3,1102,0,medium,0,low,low,low,0,85,[],0,100,85,100,59.4,1091
CHEMBL388978,CN[C@@H]1C[C@H]2O[C@@](C)([C@@H]1OC)n1c3ccccc3c3c4c(c5c6ccccc6n2c5c31)C(=O)NC4,CDK4,sensitive,scout1,100.0,0.0,0.406,4.95,98.1,,database,33.0,72.0,98.1,9.9,70,56.1,55.3,1109,0,medium,0,low,low,low,0,85,[],0,100,85,100,59.4,1092
CHEMBL384399,CN1C(=O)C[C@H](c2ccccc2)[C@@H]1[C@H](O)c1ccc(-c2ccccn2)s1,KRAS,escape_route,scout1,150.0,0.0,0.765,3.5,100.0,,database,27.2,85.0,100.0,19.0,70,72.2,59.4,1034,0,medium,0,low,high,low,0,75,['dopamine_D2'],1,85,75,85,59.3,1093
CHEMBL220110,O=C(c1cc(-c2[nH]ncc2-c2cccc(Cl)c2)c[nH]1)N1CCCC1,MAPK1,sensitive,scout1,200.0,0.0,0.758,2.45,100.0,,database,23.1,80.0,100.0,6.9,70,83.9,55.7,1096,0,medium,0,low,low,low,0,85,[],0,100,85,100,59.3,1094
CHEMBL203275,N[C@H](COc1cncc(/C=C/c2ccnc(NC3CC3)c2)c1)Cc1c[nH]c2ccccc12,AKT1,escape_route,scout1,69.0,0.0,0.363,3.15,97.3,,database,38.3,74.5,97.3,26.8,70,76.1,60.9,995,0,high,0,low,high,low,0,60,['serotonin_5HT2'],1,85,60,85,59.3,1095
CHEMBL221109,O=C(NCc1ccncc1)c1cc(-c2[nH]ncc2-c2cccc(Cl)c2)c[nH]1,MAPK1,sensitive,scout1,160.0,0.0,0.49,2.49,100.0,,database,26.3,84.0,100.0,7.9,70,83.4,57.7,1064,0,medium,0,low,high,low,0,75,[],0,100,75,100,59.3,1096
CHEMBL2181114,C=C1C(=O)OCC1(C(=O)OCC)C(=O)OCC,ATM,resistant,scout1,250.0,0.0,0.303,3.13,100.0,,database,19.9,75.0,100.0,19.9,70,76.3,55.0,1114,0,low,1,medium,low,low,1,85,[],0,100,85,100,59.3,1097
CHEMBL172040,CCC(C(=O)N[C@@H](CC(=O)O)C(=O)CN(C)Cc1ccccc1)n1cccc(NC(=O)c2ccc3ccccc3c2)c1=O,CD274,immune,scout1,58.0,0.0,0.218,3.39,74.4,,database,40.8,75.4,74.4,12.2,70,73.4,55.0,1115,0,medium,0,low,high,low,0,75,[],0,100,75,100,59.2,1098
CHEMBL3698663,C[C@H](C1CCCCC1)n1c2cnccc2c2cnc(Nc3ccc(N4CCNCC4)cn3)nc21,CDK6,sensitive,scout1,61.0,0.0,0.451,3.39,99.0,,database,40.1,75.1,99.0,12.0,70,73.4,59.6,1027,0,high,0,low,high,low,0,60,[],0,100,60,100,59.2,1099
CHEMBL146794,CC1(C)C(=O)N(c2ccc(C#N)c(C(F)(F)F)c2)C(=O)N1CCOCCOCc1ccc(O)c(C(N)=O)c1,AR,sensitive,scout1,77.0,0.0,0.352,2.98,72.0,,database,36.7,73.8,72.0,11.0,70,78.0,52.9,1146,0,medium,0,low,low,low,0,85,[],0,100,85,100,59.2,1100
CHEMBL496332,COCC(O)Cn1cc(-c2ccc3c(c2)N(c2nc4c(s2)C(=O)NC(C)(C)C4)CCO3)cn1,PIK3CB,escape_route,scout1,222.0,0.0,0.572,3.6,100.0,,database,21.6,77.8,100.0,15.1,70,71.1,55.2,1110,0,medium,0,low,low,low,0,85,[],0,100,85,100,59.1,1101
CHEMBL31400,O=C1c2cccc3cccc(c23)C(=O)N1CCNCCCNCCN1C(=O)c2cccc3cccc(c23)C1=O,MAP2K1,sensitive,scout1,70.0,0.0,0.246,2.45,84.9,,database,38.1,74.4,84.9,11.4,70,83.9,56.4,1087,0,high,0,low,low,low,0,70,[],0,100,70,100,59.1,1102
CHEMBL315788,COc1ccc(-c2nn(CC3CCCCC3)c(C(=O)O)c2Cc2cc3c(cc2Cl)OCO3)cc1,CHEK2,resistant,scout1,178.0,0.0,0.457,2.66,89.1,,database,24.7,65.8,89.1,24.7,70,81.6,53.0,1143,0,medium,0,low,low,low,0,85,[],0,100,85,100,59.0,1103
CHEMBL406237,COC[C@H]1OC(=O)/C(=C/N2CCN(Cc3ccccc3)CC2)C2=C(O)C(=O)C3=C([C@H](OC(C)=O)C[C@]4(C)[C@@H](O)CC[C@@H]34)[C@]21C,PIK3CA,escape_route,scout1,87.0,0.0,0.369,4.76,87.4,,database,35.0,73.0,87.4,24.5,70,58.2,56.3,1089,0,medium,1,medium,low,low,1,70,[],0,100,70,100,59.0,1104
CHEMBL297089,CCOC(=O)/C=C/[C@H](CCC(N)=O)NC(=O)[C@H](Cc1ccccc1)n1cccc(NC(=O)OCc2ccccc2)c1=O,MAP2K1,sensitive,scout1,33.0,0.0,0.197,3.49,68.9,,database,48.9,77.4,68.9,14.7,70,72.3,57.1,1074,0,medium,1,medium,high,low,1,60,[],0,100,60,100,59.0,1105
CHEMBL247435,CNC(=O)c1cc(CNc2c(C(=O)Nc3ccc4c(c3)OC(F)(F)O4)cnn2C)ccn1,BRAF,escape_route,scout1,199.0,0.0,0.534,2.82,100.0,,database,23.1,80.1,100.0,16.2,70,79.8,56.9,1082,0,medium,0,low,high,low,0,75,[],0,100,75,100,59.0,1106
CHEMBL1922219,CC[C@H](Nc1nc(NCc2cccnc2)c2ncn(C(C)C)c2n1)[C@@H](C)O,CDK4,sensitive,scout1,107.0,0.0,0.561,3.43,100.0,,database,32.0,89.3,100.0,9.6,70,73.0,60.5,1012,0,high,0,low,high,low,0,60,[],0,100,60,100,59.0,1107
CHEMBL381075,Nc1cc(/C=C/c2cncc(OC[C@@H](N)Cc3c[nH]c4ccccc34)c2)ccn1,AKT1,escape_route,scout1,121.0,0.0,0.45,3.1,100.0,,database,30.3,87.9,100.0,21.2,70,76.7,61.6,953,0,high,0,low,high,low,0,60,['serotonin_5HT2'],1,85,60,85,58.8,1108
CHEMBL27945,CCC1CCN(C)c2cc3nc(O)cc(C(F)(F)F)c3cc21,AR,sensitive,scout1,158.0,0.0,0.853,3.4,100.0,,database,26.4,84.2,100.0,7.9,70,73.3,57.3,1070,0,medium,0,low,high,low,0,75,[],0,100,75,100,58.8,1109
CHEMBL4240977,CC(C)(C)c1ccc2c(c1)CCCN2S(=O)(=O)c1ccc(N2CCCC2=O)cc1,MDM2,sensitive,scout1,152.0,0.0,0.757,2.32,100.0,,database,27.0,67.8,100.0,8.1,70,85.3,54.0,1135,0,medium,0,low,low,low,0,85,[],0,100,85,100,58.7,1110
CHEMBL201263,COc1cc2c(Nc3ncc(CNC(=O)c4cccc(F)c4)s3)ncnc2cc1OCCCN1CCC(CO)CC1,AURKA,resistant,scout1,111.0,0.0,0.21,2.76,74.2,,database,31.5,71.1,74.2,31.5,70,80.4,54.3,1129,0,high,0,low,low,low,0,70,[],0,100,70,100,58.7,1111
CHEMBL424850,COc1cc2c(Nc3ncc(CC(=O)NCCC(C)C)s3)ncnc2cc1OCCCN1CCOCC1,AURKA,resistant,scout1,158.0,0.0,0.321,2.74,76.4,,database,26.4,67.4,76.4,26.4,70,80.7,51.6,1171,0,medium,0,low,low,low,0,85,[],0,100,85,100,58.6,1112
CHEMBL174395,CCC(C(=O)NC(CC(=O)O)C(=O)CNC(C)=O)n1cccc(NC(=O)c2ccc3ccccc3c2)c1=O,CD274,immune,scout1,117.0,0.0,0.3,3.34,76.0,,database,30.7,88.3,76.0,9.2,70,74.0,55.1,1113,0,medium,0,low,high,low,0,75,[],0,100,75,100,58.4,1113
CHEMBL381328,N[C@H](COc1cncc(/C=C/c2ccncc2)c1)Cc1ccc2ccccc2c1,AKT1,escape_route,scout1,146.0,0.0,0.502,2.86,100.0,,database,27.6,85.4,100.0,19.3,70,79.3,60.0,1024,0,medium,0,low,high,low,0,75,"['hERG_channel', 'dopamine_D2']",2,70,75,70,58.3,1114
CHEMBL215525,CN(C)c1cccc(-c2ccc([C@@H](O)[C@H]3[C@@H](c4ccccc4)CC(=O)N3C)s2)c1,KRAS,escape_route,scout1,150.0,0.0,0.677,3.55,100.0,,database,27.2,68.0,100.0,19.0,70,71.7,55.1,1112,1,medium,0,low,low,low,0,85,['dopamine_D2'],1,85,85,85,58.2,1115
CHEMBL247797,CNC(=O)Nc1ccc(CNc2c(C(=O)Nc3ccc(SC(F)(F)F)cc3)cnn2C)cn1,BRAF,escape_route,scout1,154.0,0.0,0.381,2.71,97.6,,database,26.8,67.7,97.6,18.8,70,81.0,54.8,1118,0,medium,0,low,high,low,0,75,[],0,100,75,100,58.2,1116
CHEMBL220574,O=C(N[C@@H](CO)c1ccc(F)c(Cl)c1)c1cc(-c2[nH]ncc2-c2cccc(Cl)c2)c[nH]1,MAPK1,sensitive,scout1,150.0,0.0,0.328,3.12,96.6,,database,27.2,68.0,96.6,8.2,70,76.4,53.0,1142,0,medium,0,low,low,low,0,85,[],0,100,85,100,58.0,1117
CHEMBL377152,COC(=O)c1ccc(-c2ccc(/C=C3\SC(=O)NC3=O)o2)c(O)c1,PIK3CA,escape_route,scout1,210.0,0.0,0.651,2.53,100.0,,database,22.4,79.0,100.0,15.7,70,83.0,56.5,1086,0,medium,1,medium,low,low,1,70,[],0,100,70,100,58.0,1118
CHEMBL205088,COc1cc(NC(=O)CCCOc2ccccc2)c(Cl)cc1NC(=O)Nc1cnc(C#N)cn1,CHEK1,resistant,scout1,228.0,0.0,0.384,2.45,97.7,,database,21.2,61.8,97.7,21.2,70,83.9,52.2,1157,0,medium,0,low,low,low,0,85,[],0,100,85,100,58.0,1119
CHEMBL551440,CNC(=O)Nc1ccc(-c2nc(N3CCOCC3)c3cnn(C4CCN(Cc5cccnc5)CC4)c3n2)cc1,PIK3CB,escape_route,scout1,141.0,0.0,0.393,2.72,87.9,,database,28.1,68.7,87.9,19.7,70,80.9,53.7,1138,0,medium,0,low,high,low,0,75,[],0,100,75,100,57.9,1120
CHEMBL551440,CNC(=O)Nc1ccc(-c2nc(N3CCOCC3)c3cnn(C4CCN(Cc5cccnc5)CC4)c3n2)cc1,PIK3CB,escape_route,scout1,141.0,0.0,0.393,2.72,87.9,,database,28.1,68.7,87.9,19.7,70,80.9,53.7,1139,0,medium,0,low,high,low,0,75,[],0,100,75,100,57.9,1121
CHEMBL207496,N[C@H](COc1cncc2nc(-c3ccncc3)ccc12)Cc1c[nH]c2ccccc12,AKT1,escape_route,scout1,190.0,0.0,0.451,2.98,100.0,,database,23.8,81.0,100.0,16.7,70,78.0,57.3,1069,0,medium,0,low,high,low,0,75,['serotonin_5HT2'],1,85,75,85,57.8,1122
CHEMBL384404,CN1C(=O)C[C@H](c2ccccc2)[C@@H]1[C@H](O)c1ccc(S(=O)(=O)c2ccccc2)s1,KRAS,escape_route,scout1,160.0,0.0,0.675,3.51,100.0,,database,26.3,67.2,100.0,18.4,70,72.1,54.5,1125,0,medium,0,low,low,low,0,85,['dopamine_D2'],1,85,85,85,57.8,1123
CHEMBL360217,CN1C(=O)C[C@H](c2ccc(O)cc2)[C@@H]1[C@@H](O)c1ccc(-c2ccccc2)s1,KRAS,escape_route,scout1,220.0,0.0,0.715,3.45,100.0,,database,21.7,78.0,100.0,15.2,70,72.8,55.4,1100,0,medium,0,low,low,low,0,85,['dopamine_D2'],1,85,85,85,57.8,1124
CHEMBL207582,COc1cc(NC(=O)CCCc2ccccc2)c(Cl)cc1NC(=O)Nc1cnc(C#N)cn1,CHEK1,resistant,scout1,243.0,0.0,0.446,2.41,98.9,,database,20.3,60.6,98.9,20.3,70,84.3,51.8,1165,0,medium,0,low,low,low,0,85,[],0,100,85,100,57.6,1125
CHEMBL247424,O=C(Nc1ccc2c(c1)OC(F)(F)O2)c1ccccc1NCc1ccnc(NCCCn2ccnc2)c1,BRAF,escape_route,scout1,101.0,0.0,0.261,2.74,85.2,,database,32.9,71.9,85.2,23.0,70,80.7,55.9,1094,1,high,0,low,high,low,0,60,[],0,100,60,100,57.5,1126
CHEMBL1766765,N#Cc1ccccc1-c1cnc(N)c(C(=O)Nc2ccccc2)n1,ATM,resistant,scout1,320.0,0.0,0.773,2.11,100.0,,database,16.3,68.0,100.0,16.3,70,87.7,52.2,1156,0,medium,0,low,low,low,0,85,[],0,100,85,100,57.4,1127
CHEMBL273832,COC[C@H]1OC(=O)c2coc3c2[C@@]1(C)C1=C(C3=O)[C@@H]2CC[C@H](O)[C@@]2(C)C[C@H]1OC(C)=O,MTOR,escape_route,scout1,193.0,0.0,0.727,4.75,100.0,,database,23.6,80.7,100.0,16.5,70,58.3,56.1,1092,0,medium,1,medium,low,low,1,70,[],0,100,70,100,57.4,1128
CHEMBL541133,Cc1ccc([N+](=O)[O-])cc1S(=O)(=O)c1nc(-c2cnc3ccc(Cl)cn23)cs1.Cl,PIK3CB,escape_route,scout1,170.0,0.0,0.319,2.95,96.4,,database,25.4,66.4,96.4,17.8,70,78.3,53.6,1140,0,medium,0,low,high,low,0,75,[],0,100,75,100,57.3,1129
CHEMBL449084,COc1ccc(C(=O)CNC(=O)CCn2c3c(c(=O)[nH]c2=O)CCCC3)cc1,PARP1,resistant,scout1,300.0,0.0,0.686,2.36,100.0,,database,17.3,70.0,100.0,17.3,70,84.9,53.0,1141,0,low,0,low,low,low,0,100,"['hERG_channel', 'dopamine_D2']",2,70,100,70,57.2,1130
CHEMBL155396,CCCCCC[S+]([O-])CC(=O)C(F)(F)F,FOLH1,other,scout1,309.03,0.0,0.51,3.92,100.0,,database,16.8,69.1,100.0,5.0,70,67.6,50.0,1195,0,low,0,low,low,low,0,100,[],0,100,100,100,57.2,1131
CHEMBL173116,CCC(C(=O)N[C@@H](CC(=O)O)C(=O)CN[C@@H](Cc1ccccc1)C(N)=O)n1cccc(NC(=O)c2ccc3ccccc3c2)c1=O,CD274,immune,scout1,78.0,0.0,0.133,3.71,72.7,,database,36.6,92.2,72.7,11.0,70,69.9,57.2,1073,1,medium,0,low,high,low,0,75,"['hERG_channel', 'dopamine_D2']",2,70,75,70,57.1,1132
CHEMBL381703,N[C@H](CNc1cnc(Cl)c(/C=C/c2ccncc2)c1)CC1CNc2ccccc21,AKT1,escape_route,scout1,79.0,0.0,0.499,3.67,100.0,,database,36.4,73.7,100.0,25.5,70,70.3,60.2,1019,3,high,0,low,high,low,0,60,"['hERG_channel', 'dopamine_D2']",2,70,60,70,57.0,1133
CHEMBL98350,O=c1cc(N2CCOCC2)oc2c(-c3ccccc3)cccc12,PIK3CB,escape_route,scout1,306.0,0.0,0.728,2.19,100.0,,database,17.0,69.4,100.0,11.9,70,86.8,52.1,1159,0,medium,0,low,low,low,0,85,[],0,100,85,100,57.0,1134
CHEMBL439514,CC(C)NC(=O)N1Cc2n[nH]c(NC(=O)c3ccc4c(c3)OCO4)c2C1,AURKA,resistant,scout1,390.0,0.0,0.776,2.8,100.0,,database,13.5,61.0,100.0,13.5,70,80.0,48.8,1206,0,low,0,low,low,low,0,100,[],0,100,100,100,57.0,1135
CHEMBL514046,C[C@]12CC[C@@H]3c4ccc(O)cc4CC[C@H]3[C@@H]1CC[C@@]21CCC(=O)O1,KRAS,escape_route,scout1,270.0,0.0,0.722,4.37,100.0,,database,18.8,73.0,100.0,13.1,70,62.6,52.5,1155,0,medium,0,low,low,low,0,85,[],0,100,85,100,57.0,1136
CHEMBL4866319,Cc1c(Cn2cccn2)c(-c2cc(Cl)nc(N)n2)nn1C,EZH2,resistant,scout1,325.0,0.0,0.744,2.85,100.0,,database,16.1,67.5,100.0,16.1,70,79.4,51.6,1170,0,medium,0,low,low,low,0,85,[],0,100,85,100,56.8,1137
CHEMBL3216649,Cl.Cl.Nc1cccc(-c2nc(N3CCOCC3)c3oc4ncccc4c3n2)c1,PIK3CA,escape_route,scout1,140.0,0.0,0.495,2.77,99.9,,database,28.2,68.8,99.9,19.7,70,80.3,56.1,1091,1,high,0,low,high,low,0,60,[],0,100,60,100,56.8,1138
CHEMBL467394,CC1(C)CC(=O)c2sc(N3CCOc4ccc(-c5cn[nH]c5)cc43)nc2C1,PIK3CB,escape_route,scout1,298.0,0.0,0.721,3.0,100.0,,database,17.4,70.2,100.0,12.1,70,77.8,52.0,1162,0,medium,0,low,low,low,0,85,[],0,100,85,100,56.8,1139
CHEMBL220343,O=C(NCc1cccnc1)c1cc(-c2[nH]ncc2-c2cccc(Cl)c2)c[nH]1,MAPK1,sensitive,scout1,230.0,0.0,0.49,2.48,100.0,,database,21.1,77.0,100.0,6.3,70,83.6,54.2,1131,0,medium,0,low,high,low,0,75,[],0,100,75,100,56.7,1140
CHEMBL190983,CN1C(=O)C[C@H](c2ccc(N)cc2)[C@@H]1[C@@H](O)c1ccc(-c2ccccc2)s1,KRAS,escape_route,scout1,190.0,0.0,0.673,3.47,100.0,,database,23.8,81.0,100.0,16.7,70,72.6,57.0,1076,1,high,0,low,low,low,0,70,['dopamine_D2'],1,85,70,85,56.7,1141
CHEMBL27413,CCC1CCN(C)c2cc3c(cc21)c(C(F)(F)F)cc(=O)n3C,AR,sensitive,scout1,216.0,0.0,0.795,3.28,100.0,,database,22.0,78.4,100.0,6.6,70,74.7,54.4,1127,0,medium,0,low,high,low,0,75,[],0,100,75,100,56.7,1142
CHEMBL395700,O=C(Nc1ccc2c(c1)OC(F)(F)O2)c1ccccc1NCc1ccnc(NCCCO)c1,BRAF,escape_route,scout1,142.0,0.0,0.36,2.56,97.2,,database,28.0,68.6,97.2,19.6,70,82.7,55.6,1097,1,high,0,low,high,low,0,60,[],0,100,60,100,56.6,1143
CHEMBL188755,CN1C(=O)C[C@H](c2ccccc2)[C@@H]1[C@@H](O)C#Cc1ccccc1F,KRAS,escape_route,scout1,320.0,0.0,0.863,3.53,100.0,,database,16.3,68.0,100.0,11.4,70,71.9,50.7,1177,0,low,0,low,low,low,0,100,['dopamine_D2'],1,85,100,85,56.6,1144
CHEMBL247434,CNC(=O)c1cc(CNc2ncsc2C(=O)Nc2ccc3c(c2)OC(F)(F)C(F)(F)O3)ccn1,BRAF,escape_route,scout1,192.0,0.0,0.445,3.12,98.9,,database,23.7,64.6,98.9,16.6,70,76.4,52.8,1148,0,medium,0,low,high,low,0,75,[],0,100,75,100,56.6,1145
CHEMBL385543,COc1ccccc1[C@H]1CC(=O)N(C)[C@H]1[C@H](O)c1ccc(S(=O)(=O)c2ccc(Cl)cc2)s1,KRAS,escape_route,scout1,190.0,0.0,0.556,3.62,100.0,,database,23.8,64.8,100.0,16.7,70,70.9,52.9,1144,0,medium,0,low,low,low,0,85,['dopamine_D2'],1,85,85,85,56.5,1146
CHEMBL4864843,Cn1cc(Cc2ccc(F)cc2)c(-c2cc(Cl)nc(N)n2)n1,EZH2,resistant,scout1,342.0,0.0,0.754,2.57,100.0,,database,15.4,65.8,100.0,15.4,70,82.6,51.0,1174,0,medium,0,low,low,low,0,85,[],0,100,85,100,56.4,1147
CHEMBL1213120,CC(C)n1nc(C#Cc2cccc(O)c2)c2c(N)ncnc21,PIK3CB,escape_route,scout1,316.0,0.0,0.671,2.91,100.0,,database,16.5,68.4,100.0,11.6,70,78.8,51.2,1172,0,medium,0,low,low,low,0,85,[],0,100,85,100,56.3,1148
CHEMBL3698685,O=C(c1cnc(Nc2ncc3c4ccncc4n(C4CCCC4)c3n2)s1)N1CCNCC1,CDK6,sensitive,scout1,112.0,0.0,0.494,2.93,99.9,,database,31.4,71.0,99.9,9.4,70,78.6,56.0,1093,0,high,0,low,high,low,0,60,[],0,100,60,100,56.3,1149
CHEMBL454646,CC1CNCC(C(=O)Nc2ncc(SCc3ncc(C(C)(C)C)o3)s2)C1,CDK4,sensitive,scout1,270.0,0.0,0.749,3.75,100.0,,database,18.8,73.0,100.0,5.6,70,69.4,51.7,1167,0,medium,0,low,low,low,0,85,[],0,100,85,100,56.2,1150
CHEMBL208652,O=C1NC(=O)/C(=C/c2ccc(-c3ccccc3O)o2)S1,PIK3CA,escape_route,scout1,330.0,0.0,0.83,2.44,100.0,,database,15.9,67.0,100.0,11.1,70,84.0,50.9,1176,0,low,1,medium,low,low,1,85,[],0,100,85,100,56.1,1151
CHEMBL4867202,COc1cccc(Cc2cn(C)nc2-c2cc(Cl)nc(N)n2)c1,EZH2,resistant,scout1,351.0,0.0,0.744,2.57,100.0,,database,15.0,64.9,100.0,15.0,70,82.6,50.6,1182,0,medium,0,low,low,low,0,85,[],0,100,85,100,56.1,1152
CHEMBL247792,O=C(Nc1ccc2c(c1)OC(F)(F)O2)c1ccccc1NCc1ccnc(NCCc2cnc[nH]2)c1,BRAF,escape_route,scout1,146.0,0.0,0.269,2.75,95.4,,database,27.6,68.3,95.4,19.3,70,80.6,54.9,1116,1,high,0,low,high,low,0,60,[],0,100,60,100,56.1,1153
CHEMBL202787,CNc1cc(/C=C/c2cncc(OC[C@@H](N)Cc3c[nH]c4ccccc34)c2)ccn1,AKT1,escape_route,scout1,176.0,0.0,0.415,3.12,100.0,,database,24.9,82.4,100.0,17.4,70,76.4,58.0,1057,0,high,0,low,high,low,0,60,['serotonin_5HT2'],1,85,60,85,56.0,1154
CHEMBL11115,COc1ccc(CC2=C(c3ccc4c(c3)OCO4)C(=O)OC2(O)c2ccc(OC)cc2)cc1,CHEK2,resistant,scout1,220.0,0.0,0.576,2.95,100.0,,database,21.7,62.4,100.0,21.7,70,78.3,52.8,1147,0,medium,1,medium,low,low,1,70,[],0,100,70,100,56.0,1155
CHEMBL422198,CCOC(=O)/C=C/[C@H](C[C@@H]1CCNC1=O)NC(=O)[C@@H]1CCc2ccc(NC(=O)c3cc(C)on3)c(=O)n21,MAP2K1,sensitive,scout1,162.0,0.0,0.332,4.15,76.6,,database,26.1,83.8,76.6,7.8,70,65.0,52.0,1161,0,low,1,medium,high,low,1,75,[],0,100,75,100,55.9,1156
CHEMBL247591,COCCCNc1cc(CNc2ccccc2C(=O)Nc2ccc3c(c2)OC(F)(F)O3)ccn1,BRAF,escape_route,scout1,156.0,0.0,0.369,2.56,97.4,,database,26.6,67.5,97.4,18.6,70,82.7,54.8,1117,1,high,0,low,high,low,0,60,[],0,100,60,100,55.9,1157
CHEMBL467395,Cc1nc(-c2ccc3c(c2)N(c2nc4c(s2)C(=O)NC(C)(C)C4)CCO3)c[nH]1,PIK3CB,escape_route,scout1,325.0,0.0,0.695,3.32,100.0,,database,16.1,67.5,100.0,11.3,70,74.2,50.6,1183,0,medium,0,low,low,low,0,85,[],0,100,85,100,55.8,1158
CHEMBL504616,Cn1cc(-c2ccc3c(c2)N(c2nc4c(s2)C(=O)CC(C)(C)C4)CCO3)cn1,PIK3CB,escape_route,scout1,336.0,0.0,0.651,2.92,100.0,,database,15.6,66.4,100.0,10.9,70,78.7,50.4,1187,0,medium,0,low,low,low,0,85,[],0,100,85,100,55.7,1159
CHEMBL247619,CNC(=O)Nc1ccc(CNc2c(C(=O)Nc3ccc4c(c3)OC(F)(F)C(F)(F)O4)cnn2C)cn1,BRAF,escape_route,scout1,191.0,0.0,0.375,3.1,87.5,,database,23.7,64.7,87.5,16.6,70,76.7,50.6,1181,0,medium,0,low,high,low,0,75,[],0,100,75,100,55.5,1160
CHEMBL247619,CNC(=O)Nc1ccc(CNc2c(C(=O)Nc3ccc4c(c3)OC(F)(F)C(F)(F)O4)cnn2C)cn1,BRAF,escape_route,scout1,191.0,0.0,0.375,3.1,87.5,,database,23.7,64.7,87.5,16.6,70,76.7,50.6,1184,0,medium,0,low,high,low,0,75,[],0,100,75,100,55.5,1161
CHEMBL1766801,CS(=O)(=O)c1ccc(-c2cnc(N)c(-c3nc4ccccc4[nH]3)n2)cc1,ATM,resistant,scout1,380.0,0.0,0.577,2.31,100.0,,database,13.9,62.0,100.0,13.9,70,85.4,49.5,1198,0,medium,0,low,low,low,0,85,[],0,100,85,100,55.4,1162
CHEMBL1084546,CN(c1ncccc1CNc1nc(Nc2ccc3c(c2)CC(=O)N3)ncc1C(F)(F)F)S(C)(=O)=O,CDK4,sensitive,scout1,63.1,0.0,0.445,2.91,88.9,,database,39.6,75.0,88.9,11.9,70,78.8,57.6,1067,2,high,0,low,high,low,0,60,"['hERG_channel', 'dopamine_D2']",2,70,60,70,55.3,1163
CHEMBL379218,Cc1n[nH]c2ccc(-c3cncc(OC[C@@H](N)Cc4ccccc4)c3)cc12,CDK4,sensitive,scout1,180.0,0.0,0.548,2.83,100.0,,database,24.6,82.0,100.0,7.4,70,79.7,56.5,1085,0,medium,0,low,high,low,0,75,"['hERG_channel', 'dopamine_D2']",2,70,75,70,55.3,1164
CHEMBL379218,Cc1n[nH]c2ccc(-c3cncc(OC[C@@H](N)Cc4ccccc4)c3)cc12,CDK4,sensitive,scout1,180.0,0.0,0.548,2.83,100.0,,database,24.6,82.0,100.0,7.4,70,79.7,56.5,1084,0,medium,0,low,high,low,0,75,"['hERG_channel', 'dopamine_D2']",2,70,75,70,55.3,1165
CHEMBL219988,O=C(NC(CO)c1ccccc1F)c1cc(-c2[nH]ncc2-c2cccc(Cl)c2)c[nH]1,MAPK1,sensitive,scout1,240.0,0.0,0.371,3.08,97.4,,database,20.5,60.8,97.4,6.1,70,76.9,49.1,1203,0,medium,0,low,low,low,0,85,[],0,100,85,100,55.0,1166
CHEMBL364812,CN1C(=O)C[C@H](c2ccccc2)[C@@H]1[C@@H](O)C#Cc1ccccc1Cl,KRAS,escape_route,scout1,300.0,0.0,0.854,3.54,100.0,,database,17.3,70.0,100.0,12.1,70,71.8,51.6,1169,0,medium,0,low,low,low,0,85,['dopamine_D2'],1,85,85,85,55.0,1167
CHEMBL5219159,Cn1cc(Cc2cccc(Cl)c2)c(-c2cc(Cl)nc(N)n2)n1,EZH2,resistant,scout1,389.0,0.0,0.746,2.62,100.0,,database,13.5,61.1,100.0,13.5,70,82.0,49.0,1204,0,medium,0,low,low,low,0,85,[],0,100,85,100,54.9,1168
CHEMBL3216005,Cl.Cl.c1cc(OCCN2CCCCC2)cc(-c2nc(N3CCOCC3)c3oc4ncccc4c3n2)c1,PIK3CA,escape_route,scout1,170.0,0.0,0.344,2.81,86.9,,database,25.4,66.4,86.9,17.8,70,79.9,51.8,1163,0,medium,0,low,high,low,0,75,['muscarinic'],1,85,75,85,54.9,1169
CHEMBL449049,CC1(C)Cc2nc(N3CCOCC3)sc2C(=O)N1,PIK3CB,escape_route,scout1,450.0,0.0,0.826,2.77,100.0,,database,11.4,55.0,100.0,8.0,70,80.3,45.9,1239,0,low,0,low,low,low,0,100,[],0,100,100,100,54.8,1170
CHEMBL115620,CC(C)[C@H](NC(=O)OCc1ccccc1)C(=O)N[C@@H](C)C(=O)N[C@@H](CC(=O)O)C(=O)c1ncc(-c2ccccc2)o1,CD274,immune,scout1,240.0,0.0,0.227,3.48,74.5,,database,20.5,76.0,74.5,6.1,70,72.4,48.1,1213,1,medium,0,low,low,low,0,85,[],0,100,85,100,54.8,1171
CHEMBL267940,C=CCC1Oc2cccc(C=C)c2-c2ccc3c(c21)C(C)=CC(C)(C)N3,AR,sensitive,scout1,239.0,0.0,0.633,3.67,97.7,,database,20.5,76.1,97.7,6.2,70,70.3,52.7,1151,1,high,0,low,low,low,0,70,[],0,100,70,100,54.8,1172
CHEMBL4874288,Cn1cc(Cc2cccc(F)c2)c(-c2cc(Cl)nc(N)n2)n1,EZH2,resistant,scout1,392.0,0.0,0.754,2.63,100.0,,database,13.4,60.8,100.0,13.4,70,81.9,48.8,1208,0,medium,0,low,low,low,0,85,[],0,100,85,100,54.8,1173
CHEMBL132363,CC1=CC(C)(C)Nc2ccc3c(c21)/C(=C/c1ncccc1C)Oc1ccc(F)cc1-3,AR,sensitive,scout1,203.0,0.0,0.496,3.07,94.9,,database,22.9,79.7,94.9,6.9,70,77.0,54.1,1132,1,high,0,low,high,low,0,60,[],0,100,60,100,54.6,1174
CHEMBL68215,Oc1ccc(-c2[nH]c(-c3ccccc3)nc2-c2ccncc2)cc1,BRAF,escape_route,scout1,339.0,0.0,0.585,2.06,100.0,,database,15.5,66.1,100.0,10.9,70,88.2,50.7,1179,0,medium,0,low,high,low,0,75,[],0,100,75,100,54.6,1175
CHEMBL112370,CC(C)[C@H](NC(=O)OCc1ccccc1)C(=O)N[C@@H](C)C(=O)N[C@@H](CC(=O)O)C(=O)c1ncc(-c2c(Cl)cccc2Cl)o1,CD274,immune,scout1,160.0,0.0,0.201,3.67,69.0,,database,26.3,67.2,69.0,7.9,70,70.3,46.7,1227,1,medium,0,low,low,low,0,85,[],0,100,85,100,54.5,1176
CHEMBL3210158,CCCCN(CC)CC/N=c1/c(N2CCN(C(=O)OCC)CC2)c(O)c1=O,MCL1,apoptosis,scout1,433.42,0.0,0.686,2.92,100.0,,database,12.0,56.7,100.0,3.6,70,78.7,45.7,1242,0,low,0,low,low,low,0,100,[],0,100,100,100,54.5,1177
CHEMBL270553,COC[C@H]1OC(=O)/C(=C/N2CCC(c3ccccc3)CC2)C2=C(O)C(=O)C3=C([C@H](OC(C)=O)C[C@]4(C)[C@@H](O)CC[C@@H]34)[C@]21C,PIK3CA,escape_route,scout1,172.0,0.0,0.384,4.83,87.7,,database,25.2,66.2,87.7,17.7,70,57.4,50.7,1180,0,medium,1,medium,low,low,1,70,[],0,100,70,100,54.5,1178
CHEMBL89223,Nc1nc(=O)n([C@@H]2C=C[C@H](CO)S2)cc1F,MAP2K1,sensitive,scout1,400.0,0.0,0.721,4.49,100.0,,database,13.1,60.0,100.0,3.9,70,61.2,46.1,1234,0,low,0,low,low,low,0,100,[],0,100,100,100,54.4,1179
CHEMBL247423,O=C(Nc1ccc2c(c1)OC(F)(F)O2)c1ccccc1NCc1ccnc(NCCOCCO)c1,BRAF,escape_route,scout1,165.0,0.0,0.304,2.66,86.1,,database,25.8,66.8,86.1,18.1,70,81.6,52.0,1160,1,high,0,low,high,low,0,60,[],0,100,60,100,54.4,1180
CHEMBL215897,Cc1cc(-c2ccccc2)c([C@@H](O)[C@H]2[C@@H](c3ccccc3)CC(=O)N2C)s1,KRAS,escape_route,scout1,320.0,0.0,0.711,3.49,100.0,,database,16.3,68.0,100.0,11.4,70,72.3,50.7,1178,0,medium,0,low,low,low,0,85,['dopamine_D2'],1,85,85,85,54.4,1181
CHEMBL188290,CN1C(=O)C[C@H](c2ccccc2)[C@@H]1[C@@H](O)c1cccs1,KRAS,escape_route,scout1,400.0,0.0,0.943,3.38,100.0,,database,13.1,60.0,100.0,9.2,70,73.6,47.5,1218,0,low,0,low,low,low,0,100,['dopamine_D2'],1,85,100,85,54.3,1182
CHEMBL384575,CO[C@H](C(=O)N1Cc2[nH]nc(NC(=O)c3ccc(N4CCN(C)CC4)cc3)c2C1)c1ccccc1,AURKA,resistant,scout1,354.0,0.0,0.571,3.02,100.0,,database,14.9,64.6,100.0,14.9,70,77.6,50.2,1192,0,medium,0,low,low,low,0,85,['dopamine_D2'],1,85,85,85,54.3,1183
CHEMBL1204095,COc1ccc(O)c(C(=O)c2ccc(/C=C/[C@@H]3CCCNC[C@H]3NC(=O)c3ccncc3)cc2)c1F.Cl,AKT1,escape_route,scout1,160.0,0.0,0.395,3.59,87.9,,database,26.3,67.2,87.9,18.4,70,71.2,52.1,1158,1,high,0,low,high,low,0,60,[],0,100,60,100,54.3,1184
CHEMBL336169,CC1=CC(C)(C)Nc2ccc3c(c21)/C(=C/c1ccco1)Oc1ccc(F)cc1-3,AR,sensitive,scout1,258.0,0.0,0.523,2.94,95.5,,database,19.4,74.2,95.5,5.8,70,78.4,51.8,1164,1,high,0,low,low,low,0,70,[],0,100,70,100,54.3,1185
CHEMBL259551,Nc1n[nH]c2nnc(-c3c(-c4ccccc4)nn4ccccc34)cc12,MAPK1,sensitive,scout1,310.0,0.0,0.519,2.72,100.0,,database,16.8,69.0,100.0,5.0,70,80.9,50.6,1185,0,medium,0,low,high,low,0,75,[],0,100,75,100,54.1,1186
CHEMBL393525,Cc1ccc([N+](=O)[O-])cc1S(=O)(=O)N(C)/N=C/c1cnc2ccc(Br)cn12,PIK3CB,escape_route,scout1,340.0,0.0,0.336,2.89,100.0,,database,15.5,66.0,100.0,10.8,70,79.0,50.2,1193,0,medium,0,low,high,low,0,75,[],0,100,75,100,54.1,1187
CHEMBL393525,Cc1ccc([N+](=O)[O-])cc1S(=O)(=O)N(C)/N=C/c1cnc2ccc(Br)cn12,PIK3CB,escape_route,scout1,340.0,0.0,0.336,2.89,100.0,,database,15.5,66.0,100.0,10.8,70,79.0,50.2,1190,0,medium,0,low,high,low,0,75,[],0,100,75,100,54.1,1188
CHEMBL212862,CN1C(=O)C[C@H](c2ccccc2)[C@@H]1[C@H](O)c1ccc(Sc2ccccc2)s1,KRAS,escape_route,scout1,330.0,0.0,0.665,3.61,100.0,,database,15.9,67.0,100.0,11.1,70,71.0,50.2,1189,0,medium,0,low,low,low,0,85,['dopamine_D2'],1,85,85,85,54.0,1189
CHEMBL215743,COc1cccc(-c2ccc([C@@H](O)[C@H]3[C@@H](c4ccccc4)CC(=O)N3C)s2)c1,KRAS,escape_route,scout1,340.0,0.0,0.696,3.41,100.0,,database,15.5,66.0,100.0,10.8,70,73.2,49.9,1197,0,medium,0,low,low,low,0,85,['dopamine_D2'],1,85,85,85,53.8,1190
CHEMBL286684,Oc1cc(C(F)(F)F)c2cc3c(cc2n1)NCCC3,AR,sensitive,scout1,317.0,0.0,0.77,2.81,100.0,,database,16.5,68.3,100.0,4.9,70,79.9,50.2,1194,1,medium,0,low,high,low,0,75,[],0,100,75,100,53.8,1191
CHEMBL1213084,Cc1ccccc1-n1c(Cn2nc(-c3cc(O)cc(F)c3)c3c(N)ncnc32)nc2cccc(C)c2c1=O,PIK3CB,escape_route,scout1,220.0,0.0,0.365,2.86,87.3,,database,21.7,62.4,87.3,15.2,70,79.3,49.3,1199,0,high,0,low,low,low,0,70,[],0,100,70,100,53.8,1192
CHEMBL382914,CCNc1cc(/C=C/c2cncc(OC[C@@H](N)Cc3c[nH]c4ccccc34)c2)ccn1,AKT1,escape_route,scout1,163.0,0.0,0.376,3.13,97.5,,database,26.0,67.0,97.5,18.2,70,76.3,54.1,1133,0,high,0,low,high,low,0,60,['serotonin_5HT2'],1,85,60,85,53.8,1193
CHEMBL373448,O=C(NCCc1cccnc1)c1cc(-c2[nH]ncc2-c2cccc(Cl)c2)c[nH]1,MAPK1,sensitive,scout1,330.0,0.0,0.462,2.52,100.0,,database,15.9,67.0,100.0,4.8,70,83.1,49.9,1196,1,medium,0,low,high,low,0,75,[],0,100,75,100,53.6,1194
CHEMBL5219933,COC(=O)c1cccc(Cc2cn(C)nc2-c2cc(Cl)nc(N)n2)c1,EZH2,resistant,scout1,436.0,0.0,0.569,2.61,100.0,,database,11.9,56.4,100.0,11.9,70,82.1,47.1,1221,0,medium,0,low,low,low,0,85,[],0,100,85,100,53.6,1195
CHEMBL535,CCN(CC)CCNC(=O)c1c(C)[nH]c(/C=C2\C(=O)Nc3ccc(F)cc32)c1C,ATR,resistant,scout1,270.0,0.0,0.626,2.65,100.0,,database,18.8,73.0,100.0,18.8,70,81.7,54.3,1130,1,medium,1,medium,low,low,1,70,"['hERG_channel', 'dopamine_D2']",2,70,70,70,53.6,1196
CHEMBL212754,CN1C(=O)C[C@H](c2ccccc2)[C@@H]1[C@H](O)c1ccc(-c2cccnc2)s1,KRAS,escape_route,scout1,300.0,0.0,0.765,3.51,100.0,,database,17.3,70.0,100.0,12.1,70,72.1,51.6,1168,0,medium,0,low,high,low,0,75,['dopamine_D2'],1,85,75,85,53.5,1197
CHEMBL188447,CN1C(=O)C[C@H](c2ccccc2)[C@@H]1[C@@H](O)C#Cc1ccccc1,KRAS,escape_route,scout1,430.0,0.0,0.866,3.42,100.0,,database,12.1,57.0,100.0,8.5,70,73.1,46.3,1233,0,low,0,low,low,low,0,100,['dopamine_D2'],1,85,100,85,53.5,1198
CHEMBL454645,CC1CCC(C(=O)Nc2ncc(SCc3ncc(C(C)(C)C)o3)s2)CN1,CDK4,sensitive,scout1,370.0,0.0,0.745,3.72,100.0,,database,14.2,63.0,100.0,4.3,70,69.8,47.7,1216,0,medium,0,low,low,low,0,85,[],0,100,85,100,53.4,1199
CHEMBL209159,O=C1NC(=O)/C(=C/c2ccc(-c3cc(F)cc(F)c3O)s2)S1,PIK3CA,escape_route,scout1,340.0,0.0,0.819,2.83,100.0,,database,15.5,66.0,100.0,10.8,70,79.7,50.2,1191,0,medium,1,medium,low,low,1,70,[],0,100,70,100,53.4,1200
CHEMBL381610,N[C@H](COc1cncc(/C=C/c2ccnc(NCc3ccccc3)c2)c1)Cc1c[nH]c2ccccc12,AKT1,escape_route,scout1,147.0,0.0,0.241,3.08,84.8,,database,27.5,68.2,84.8,19.2,70,76.9,52.5,1154,0,high,0,low,high,low,0,60,['serotonin_5HT2'],1,85,60,85,53.3,1201
CHEMBL110681,CN(CC(=O)c1ccc2ccccc2c1)C(=O)CCn1c2c(c(=O)[nH]c1=O)CCCC2,PARP1,resistant,scout1,400.0,0.0,0.621,2.52,100.0,,database,13.1,60.0,100.0,13.1,70,83.1,48.6,1210,0,medium,0,low,low,low,0,85,['dopamine_D2'],1,85,85,85,53.1,1202
CHEMBL2143829,COc1cc2ncnc(-n3nc(-c4ccccn4)nc3N)c2cc1OC,ATM,resistant,scout1,400.0,0.0,0.594,2.51,100.0,,database,13.1,60.0,100.0,13.1,70,83.2,48.6,1209,0,medium,0,low,high,low,0,75,[],0,100,75,100,53.1,1203
CHEMBL512648,CC1(C)CC(=O)c2sc(N3CCOc4ccc(-c5cccnc5)cc43)nc2C1,PIK3CB,escape_route,scout1,376.0,0.0,0.622,2.76,100.0,,database,14.0,62.4,100.0,9.8,70,80.4,48.8,1207,0,medium,0,low,high,low,0,75,[],0,100,75,100,53.1,1204
CHEMBL383254,NCC(c1ccccc1)c1cncc(/C=C/c2ccncc2)c1,AKT1,escape_route,scout1,284.0,0.0,0.781,2.83,100.0,,database,18.0,71.6,100.0,12.6,70,79.7,52.7,1150,1,medium,0,low,high,low,0,75,"['hERG_channel', 'dopamine_D2']",2,70,75,70,52.9,1205
CHEMBL498200,Nc1nccc(-c2cc3c([nH]2)C(CCC(F)(F)F)CNC3=O)n1,CDK4,sensitive,scout1,395.0,0.0,0.806,3.67,100.0,,database,13.3,60.5,100.0,4.0,70,70.3,46.7,1225,0,medium,0,low,low,low,0,85,[],0,100,85,100,52.8,1206
CHEMBL361081,CN1C(=O)C[C@H](c2ccccc2)[C@@H]1[C@@H](O)C#Cc1cccc(N)c1,KRAS,escape_route,scout1,370.0,0.0,0.657,3.61,100.0,,database,14.2,63.0,100.0,10.0,70,71.0,48.6,1212,1,medium,0,low,low,low,0,85,['dopamine_D2'],1,85,85,85,52.8,1207
CHEMBL215584,CN1C(=O)C[C@H](c2ccccc2)[C@@H]1[C@H](O)c1ccc(-c2ccccc2C(F)(F)F)s1,KRAS,escape_route,scout1,280.0,0.0,0.594,3.58,91.9,,database,18.2,57.6,91.9,12.8,70,71.3,47.2,1219,0,medium,0,low,low,low,0,85,['dopamine_D2'],1,85,85,85,52.6,1208
CHEMBL105925,O=C(CCn1c2c(c(=O)[nH]c1=O)CCCC2)NCC(=O)c1ccccc1,PARP1,resistant,scout1,450.0,0.0,0.749,2.33,100.0,,database,11.4,55.0,100.0,11.4,70,85.2,46.7,1226,0,low,0,low,low,low,0,100,"['hERG_channel', 'dopamine_D2']",2,70,100,70,52.6,1209
CHEMBL5220308,Nc1nc(Cl)cc(-c2nn(C(F)(F)F)cc2Cc2ccccc2)n1,EZH2,resistant,scout1,469.0,0.0,0.73,2.87,100.0,,database,10.9,53.1,100.0,10.9,70,79.2,45.6,1243,0,medium,0,low,low,low,0,85,[],0,100,85,100,52.5,1210
CHEMBL371270,COc1ccc2c(c1)Oc1ncnc(Nc3cnc(NC(=O)c4cccc(F)c4)nc3)c1NC2,AURKA,resistant,scout1,320.0,0.0,0.404,2.87,98.1,,database,16.3,54.4,98.1,16.3,70,79.2,48.0,1214,0,high,0,low,low,low,0,70,[],0,100,70,100,52.5,1211
CHEMBL390623,Oc1ccccc1-c1nc(N2CCOCC2)c2oc3ncccc3c2n1,PIK3CA,escape_route,scout1,400.0,0.0,0.596,2.62,100.0,,database,13.1,60.0,100.0,9.2,70,82.0,47.9,1215,0,medium,0,low,high,low,0,75,[],0,100,75,100,52.5,1212
CHEMBL541110,COC(=O)c1c(C)[nH]c2c(OC(=O)N3CCN(C)CC3)cc3c(c12)[C@H](CBr)CN3C(=O)/C=C/c1ccc(OC)nn1.Cl,MAP2K1,sensitive,scout1,90.0,0.0,0.238,3.89,84.8,,database,34.5,72.8,84.8,10.4,70,67.9,54.0,1134,1,medium,2,high,low,low,2,50,['dopamine_D2'],1,85,50,85,52.5,1213
CHEMBL379218,Cc1n[nH]c2ccc(-c3cncc(OC[C@@H](N)Cc4ccccc4)c3)cc12,MAPK1,sensitive,scout1,260.0,0.0,0.548,2.83,100.0,,database,19.3,74.0,100.0,5.8,70,79.7,52.6,1152,0,medium,0,low,high,low,0,75,"['hERG_channel', 'dopamine_D2']",2,70,75,70,52.5,1214
CHEMBL1083150,CNc1ccc(Nc2nccc(-c3sc(C)nc3C)n2)cc1,CDK4,sensitive,scout1,348.0,0.0,0.762,2.29,100.0,,database,15.1,65.2,100.0,4.5,70,85.7,49.3,1201,1,high,0,low,low,low,0,70,[],0,100,70,100,52.5,1215
CHEMBL379218,Cc1n[nH]c2ccc(-c3cncc(OC[C@@H](N)Cc4ccccc4)c3)cc12,MAPK1,sensitive,scout1,260.0,0.0,0.548,2.83,100.0,,database,19.3,74.0,100.0,5.8,70,79.7,52.6,1153,0,medium,0,low,high,low,0,75,"['hERG_channel', 'dopamine_D2']",2,70,75,70,52.5,1216
CHEMBL205415,N[C@@H](Cc1c[nH]c2ccccc12)C(=O)Nc1cncc(/C=C/c2ccncc2)c1,AKT1,escape_route,scout1,278.0,0.0,0.474,2.89,100.0,,database,18.3,72.2,100.0,12.8,70,79.0,52.9,1145,1,high,0,low,high,low,0,60,['serotonin_5HT2'],1,85,60,85,52.3,1217
CHEMBL206198,N[C@H](COc1cc(/C=C/c2ccncc2)cnc1Cl)Cc1c[nH]c2ccccc12,AKT1,escape_route,scout1,273.0,0.0,0.436,3.05,98.7,,database,18.6,58.2,98.7,13.0,70,77.2,49.2,1202,0,medium,0,low,high,low,0,75,['serotonin_5HT2'],1,85,75,85,52.3,1218
CHEMBL373797,CN(Cc1ccccc1)C(=O)c1cc(-c2[nH]ncc2-c2cccc(Cl)c2)c[nH]1,MAPK1,sensitive,scout1,440.0,0.0,0.503,2.42,100.0,,database,11.8,56.0,100.0,3.5,70,84.2,45.8,1240,0,medium,0,low,low,low,0,85,[],0,100,85,100,52.3,1219
CHEMBL199765,COc1ccc2c(c1)Oc1ncnc(Nc3cnc(NC(=O)c4ccc(F)cc4)nc3)c1NC2,AURKA,resistant,scout1,330.0,0.0,0.404,2.83,98.1,,database,15.9,53.6,98.1,15.9,70,79.7,47.7,1217,0,high,0,low,low,low,0,70,[],0,100,70,100,52.2,1220
CHEMBL512834,Cc1ccc(-c2ccc3c(c2)N(c2nc4c(s2)C(=O)CC(C)(C)C4)CCO3)cn1,PIK3CB,escape_route,scout1,308.0,0.0,0.587,2.82,91.7,,database,16.9,55.4,91.7,11.8,70,79.8,46.5,1231,0,medium,0,low,high,low,0,75,[],0,100,75,100,52.2,1221
CHEMBL189767,CN1C(=O)C[C@H](c2ccccc2)[C@@H]1[C@@H](O)C#Cc1ccc(F)cc1,KRAS,escape_route,scout1,480.0,0.0,0.863,3.46,100.0,,database,10.5,52.0,100.0,7.4,70,72.7,44.4,1252,0,low,0,low,low,low,0,100,['dopamine_D2'],1,85,100,85,52.2,1222
CHEMBL219683,O=C(NCC1CCCO1)c1cc(-c2[nH]ncc2-c2cccc(Cl)c2)c[nH]1,MAPK1,sensitive,scout1,430.0,0.0,0.641,3.02,100.0,,database,12.1,57.0,100.0,3.6,70,77.6,45.8,1241,0,medium,0,low,low,low,0,85,[],0,100,85,100,52.2,1223
CHEMBL204555,Cc1ccc(C(=O)Nc2[nH]nc3c2CN(C(=O)c2cccc4cccnc24)C3)cc1,AURKA,resistant,scout1,440.0,0.0,0.552,2.6,100.0,,database,11.8,56.0,100.0,11.8,70,82.2,46.9,1224,0,medium,0,low,high,low,0,75,[],0,100,75,100,52.0,1224
CHEMBL206732,N[C@H](CNc1cncc(Oc2cccc3cnccc23)c1)Cc1c[nH]c2ccccc12,AKT1,escape_route,scout1,210.0,0.0,0.356,2.97,97.1,,database,22.4,63.2,97.1,15.7,70,78.1,51.7,1166,1,high,0,low,high,low,0,60,['serotonin_5HT2'],1,85,60,85,52.0,1225
CHEMBL496567,CC(C)(C)c1cnc(CSc2cnc(N[C@H]3CC[C@H](N)CC3)s2)o1,CDK4,sensitive,scout1,355.0,0.0,0.764,3.01,100.0,,database,14.8,64.5,100.0,4.5,70,77.7,48.6,1211,0,high,0,low,low,low,0,70,[],0,100,70,100,51.9,1226
CHEMBL381808,N[C@@H](COc1cncc(/C=C/c2ccncc2)c1)Cc1c[nH]c2ccccc12,AKT1,escape_route,scout1,360.0,0.0,0.514,2.95,100.0,,database,14.6,64.0,100.0,10.2,70,78.3,49.3,1200,0,medium,0,low,high,low,0,75,['serotonin_5HT2'],1,85,75,85,51.9,1227
CHEMBL347556,CC1(C)C(=O)N(c2ccc(C#N)c(C(F)(F)F)c2)C(=O)N1CCOCCN1CCN(CCOCc2ccc(O)c(C(N)=O)c2)CC1,AR,sensitive,scout1,346.0,0.0,0.247,3.16,74.9,,database,15.2,65.4,74.9,4.6,70,76.0,43.9,1257,0,medium,0,low,low,low,0,85,[],0,100,85,100,51.8,1228
CHEMBL188252,CN1C(=O)C[C@H](c2ccccc2)[C@@H]1[C@@H](O)c1cccc(-c2ccccc2)c1,KRAS,escape_route,scout1,420.0,0.0,0.752,3.13,100.0,,database,12.4,58.0,100.0,8.7,70,76.3,46.9,1222,0,medium,0,low,low,low,0,85,['dopamine_D2'],1,85,85,85,51.7,1229
CHEMBL458328,CCCCCC#CCC#CCC#CCC#CCCCC(=O)O,MCL1,apoptosis,scout1,441.49,0.0,0.594,3.47,100.0,,database,11.7,55.9,100.0,3.5,70,72.6,45.1,1247,0,medium,0,low,low,low,0,85,[],0,100,85,100,51.7,1230
CHEMBL296468,CC(C)(C)c1cnc(CSc2cnc(NC(=O)C3CCNCC3)s2)o1,CDK4,sensitive,scout1,458.0,0.0,0.771,2.89,100.0,,database,11.2,54.2,100.0,3.4,70,79.0,44.9,1248,0,medium,0,low,low,low,0,85,[],0,100,85,100,51.6,1231
CHEMBL205871,N[C@H](COc1cncc(/C=C/c2ccncc2)c1)Cc1cccc2ccccc12,AKT1,escape_route,scout1,324.0,0.0,0.502,2.86,100.0,,database,16.2,67.6,100.0,11.3,70,79.3,50.9,1175,0,medium,0,low,high,low,0,75,"['hERG_channel', 'dopamine_D2']",2,70,75,70,51.6,1232
CHEMBL272265,N#CCc1ccc(-n2cnc3cnc4ccc(C#Cc5cccnc5)cc4c32)cc1,PIK3CB,escape_route,scout1,432.0,0.0,0.422,2.73,100.0,,database,12.0,56.8,100.0,8.4,70,80.8,46.6,1228,0,medium,0,low,high,low,0,75,[],0,100,75,100,51.6,1233
CHEMBL272265,N#CCc1ccc(-n2cnc3cnc4ccc(C#Cc5cccnc5)cc4c32)cc1,PIK3CB,escape_route,scout1,432.0,0.0,0.422,2.73,100.0,,database,12.0,56.8,100.0,8.4,70,80.8,46.6,1229,0,medium,0,low,high,low,0,75,[],0,100,75,100,51.6,1234
CHEMBL205410,N#Cc1cccc(C[C@H](N)COc2cncc(/C=C/c3ccncc3)c2)c1,AKT1,escape_route,scout1,320.0,0.0,0.701,2.99,100.0,,database,16.3,68.0,100.0,11.4,70,77.9,51.0,1173,0,medium,0,low,high,low,0,75,"['hERG_channel', 'dopamine_D2']",2,70,75,70,51.6,1235
CHEMBL203329,N[C@H](CCc1cnc(Cl)c(/C=C/c2ccncc2)c1)Cc1c[nH]c2ccccc12,AKT1,escape_route,scout1,198.0,0.0,0.413,3.08,88.3,,database,23.2,64.2,88.3,16.2,70,76.9,50.4,1186,0,high,0,low,high,low,0,60,['serotonin_5HT2'],1,85,60,85,51.5,1236
CHEMBL88019,O=C(O)c1cc(Cn2nc(-c3ccccc3)c(Cc3cc4c(cc3Cl)OCO4)c2C(=O)O)on1,CHEK2,resistant,scout1,440.0,0.0,0.401,2.8,98.0,,database,11.8,44.8,98.0,11.8,70,80.0,43.6,1259,0,medium,0,low,low,low,0,85,[],0,100,85,100,51.5,1237
CHEMBL113012,CC(C)[C@H](NC(=O)OCc1ccccc1)C(=O)N[C@@H](C)C(=O)N[C@@H](CC(=O)O)C(=O)c1ncc(-c2ccccc2Cl)o1,CD274,immune,scout1,260.0,0.0,0.214,3.56,69.3,,database,19.3,59.2,69.3,5.8,70,71.6,42.4,1265,1,medium,0,low,low,low,0,85,[],0,100,85,100,51.3,1238
CHEMBL188676,CN1C(=O)C[C@H](c2ccccc2)[C@@H]1[C@@H](O)c1ccc(Cl)c(Cl)c1,KRAS,escape_route,scout1,440.0,0.0,0.908,3.28,100.0,,database,11.8,56.0,100.0,8.2,70,74.7,46.0,1236,0,medium,0,low,low,low,0,85,['dopamine_D2'],1,85,85,85,51.1,1239
CHEMBL382590,COc1cc2ncnc(Nc3ccc(NC(=O)c4ccccc4)cc3)c2cc1OC,AURKA,resistant,scout1,393.0,0.0,0.49,1.94,99.8,,database,13.4,48.6,99.8,13.4,70,89.6,46.1,1235,1,high,0,low,low,low,0,70,[],0,100,70,100,51.1,1240
CHEMBL1973013,Cc1cnc(Nc2nc(NC(C)C)ncc2Br)s1,CDK4,sensitive,scout1,398.11,0.0,0.898,2.69,100.0,,database,13.2,60.2,100.0,4.0,70,81.2,47.2,1220,0,high,0,low,low,low,0,70,[],0,100,70,100,51.0,1241
CHEMBL367294,CCC(C(=O)N[C@@H](CC(=O)O)C(=O)CN(C)[C@@H](Cc1ccccc1)C(N)=O)n1cccc(NC(=O)c2ccc3ccccc3c2)c1=O,CD274,immune,scout1,255.0,0.0,0.153,3.83,73.1,,database,19.6,74.5,73.1,5.9,70,68.6,46.9,1223,0,medium,0,low,high,low,0,75,['dopamine_D2'],1,85,75,85,50.9,1242
CHEMBL386312,CN1C(=O)C[C@H](c2ccccc2)[C@@H]1[C@H](O)c1ccc(-c2ccc(C(=O)O)cc2)s1,KRAS,escape_route,scout1,380.0,0.0,0.666,3.42,100.0,,database,13.9,49.6,100.0,9.7,70,73.1,45.2,1246,0,medium,0,low,low,low,0,85,['dopamine_D2'],1,85,85,85,50.8,1243
CHEMBL377175,O=C1NC(=O)/C(=C/c2ccc(-c3cc(F)ccc3O)o2)S1,PIK3CA,escape_route,scout1,455.0,0.0,0.833,2.52,100.0,,database,11.3,54.5,100.0,7.9,70,83.1,45.9,1238,0,medium,1,medium,low,low,1,70,[],0,100,70,100,50.3,1244
CHEMBL272197,CCN(/C=C1/C(=O)O[C@H](COC)[C@@]2(C)C1=C(O)C(=O)C1=C2[C@H](OC(C)=O)C[C@]2(C)[C@@H](O)CC[C@@H]12)CC,PIK3CA,escape_route,scout1,382.0,0.0,0.416,4.96,93.3,,database,13.8,61.8,93.3,9.7,70,56.0,46.0,1237,0,medium,1,medium,low,low,1,70,[],0,100,70,100,50.3,1245
CHEMBL378800,CCC(C)C(C(=O)Nc1cc(OC)c(NC(=O)Nc2cnc(C#N)cn2)cc1Cl)c1ccccc1,CHEK1,resistant,scout1,328.0,0.0,0.385,3.32,87.7,,database,16.0,53.8,87.7,16.0,70,74.2,45.4,1245,0,medium,0,low,low,low,0,85,"['hERG_channel', 'dopamine_D2']",2,70,85,70,50.2,1246
CHEMBL205994,N[C@H](CNc1cncc(Nc2cccc3cnccc23)c1)Cc1c[nH]c2ccccc12,AKT1,escape_route,scout1,270.0,0.0,0.309,2.98,96.2,,database,18.8,58.4,96.2,13.1,70,78.0,48.8,1205,2,high,0,low,high,low,0,60,['serotonin_5HT2'],1,85,60,85,49.9,1247
CHEMBL212131,CN1C(=O)C[C@H](c2ccccc2)[C@@H]1[C@H](O)c1ccc(-c2ccc(O)cc2)s1,KRAS,escape_route,scout1,480.0,0.0,0.715,3.45,100.0,,database,10.5,52.0,100.0,7.4,70,72.8,44.4,1251,0,medium,0,low,low,low,0,85,['dopamine_D2'],1,85,85,85,49.9,1248
CHEMBL478425,CC1(C)CC(=O)c2sc(N3CCOCC3Cc3c[nH]c4ncccc34)nc2C1,PIK3CB,escape_route,scout1,481.0,0.0,0.732,3.46,100.0,,database,10.5,51.9,100.0,7.3,70,72.7,44.4,1254,0,medium,0,low,high,low,0,75,[],0,100,75,100,49.9,1249
CHEMBL380159,CN1C(=O)C[C@H](c2cccc(F)c2)[C@@H]1[C@H](O)c1ccc(-c2ccc(F)cc2)s1,KRAS,escape_route,scout1,480.0,0.0,0.688,3.5,100.0,,database,10.5,52.0,100.0,7.4,70,72.2,44.4,1253,0,medium,0,low,low,low,0,85,['dopamine_D2'],1,85,85,85,49.9,1250
CHEMBL217748,C[C@H](C(=O)N1Cc2[nH]nc(NC(=O)c3ccc(N4CCN(C)CC4)cc3)c2C1)c1ccccc1,AURKA,resistant,scout1,452.0,0.0,0.614,2.96,100.0,,database,11.4,43.8,100.0,11.4,70,78.2,43.5,1260,0,medium,0,low,low,low,0,85,['dopamine_D2'],1,85,85,85,49.8,1251
CHEMBL348495,CC1(C)C(=O)N(c2ccc(C#N)c(C(F)(F)F)c2)C(=O)N1CCOCCOCCOCc1ccc(O)c(C(N)=O)c1,AR,sensitive,scout1,332.0,0.0,0.271,3.07,70.4,,database,15.8,53.4,70.4,4.7,70,77.0,40.2,1275,0,medium,0,low,low,low,0,85,[],0,100,85,100,49.8,1252
CHEMBL172071,CCS(=O)(=O)NCCOc1nc(C2CC2)nc(NS(=O)(=O)c2ccc(C(C)C)cn2)c1Oc1ccccc1OC,CHEK2,resistant,scout1,269.15,0.0,0.264,3.01,70.3,,database,18.8,58.5,70.3,18.8,70,77.7,44.5,1250,0,high,0,low,high,low,0,60,[],0,100,60,100,49.7,1253
CHEMBL204012,Cn1cc(C[C@H](N)COc2cncc(/C=C/c3ccncc3)c2)c2ccccc21,AKT1,escape_route,scout1,500.0,0.0,0.521,3.04,100.0,,database,9.9,50.0,100.0,7.0,70,77.3,43.9,1258,0,medium,0,low,high,low,0,75,[],0,100,75,100,49.6,1254
CHEMBL58905,COc1ccc(Nc2nc(Nc3ccc(C(=O)O)cc3)ncc2Br)cc1,CHEK1,resistant,scout1,450.0,0.0,0.548,2.02,100.0,,database,11.4,44.0,100.0,11.4,70,88.7,44.1,1256,1,high,0,low,low,low,0,70,[],0,100,70,100,49.6,1255
CHEMBL223471,COc1ccc(CNC(=O)c2cc(-c3[nH]ncc3-c3cccc(Cl)c3)c[nH]2)cc1,MAPK1,sensitive,scout1,490.0,0.0,0.435,2.37,98.7,,database,10.2,40.8,98.7,3.1,70,84.8,41.2,1269,0,medium,0,low,low,low,0,85,[],0,100,85,100,49.5,1256
CHEMBL469202,Cc1ccc(-c2ccc3c(c2)N(c2nc4c(s2)C(=O)NC(C)(C)C4)CCO3)cn1,PIK3CB,escape_route,scout1,452.0,0.0,0.694,2.92,100.0,,database,11.4,43.8,100.0,8.0,70,78.7,43.0,1263,0,medium,0,low,high,low,0,75,[],0,100,75,100,49.3,1257
CHEMBL3641916,C[C@@H](O)Cn1c2cnccc2c2cnc(Nc3ccc(N4CCC(N(C)C)CC4)cn3)nc21,CDK6,sensitive,scout1,314.0,0.0,0.467,3.34,99.3,,database,16.6,54.9,99.3,5.0,70,74.0,46.5,1230,1,high,0,low,high,low,0,60,[],0,100,60,100,49.3,1258
CHEMBL377104,Cc1ccc(O)c(-c2ccc(/C=C3\SC(=O)NC3=O)o2)c1,PIK3CA,escape_route,scout1,500.0,0.0,0.832,2.5,100.0,,database,9.9,50.0,100.0,7.0,70,83.3,44.2,1255,0,medium,1,medium,low,low,1,70,[],0,100,70,100,49.2,1259
CHEMBL172549,CCC(C(=O)NC(CC(=O)O)C(=O)Cn1ccc(=O)cc1)n1cccc(NC(=O)c2ccc3ccccc3c2)c1=O,CD274,immune,scout1,395.0,0.0,0.256,3.62,75.1,,database,13.3,60.5,75.1,4.0,70,70.9,41.8,1267,0,medium,0,low,high,low,0,75,[],0,100,75,100,48.8,1260
CHEMBL1980407,NC(COc1cncc(-c2ccc3c(c2)C(=Cc2ccc[nH]2)C(=O)N3)c1)Cc1ccccc1,CDK4,sensitive,scout1,158.49,0.0,0.372,3.16,97.4,,database,26.4,67.3,97.4,7.9,70,76.0,52.7,1149,1,high,1,medium,high,low,1,45,"['hERG_channel', 'dopamine_D2']",2,70,45,70,48.7,1261
CHEMBL380946,CCCCNC(=O)N1Cc2n[nH]c(NC(=O)[C@@H](C)c3ccc4ccccc4c3)c2C1,MAPK1,sensitive,scout1,380.0,0.0,0.539,3.21,100.0,,database,13.9,49.6,100.0,4.2,70,75.4,44.5,1249,0,medium,0,low,low,low,0,85,"['hERG_channel', 'dopamine_D2']",2,70,85,70,48.6,1262
CHEMBL3641908,CN(C)C1CCN(c2ccc(Nc3ncc4c5ccncc5n([C@@H]5CCNC5)c4n3)nc2)CC1,CDK6,sensitive,scout1,340.0,0.0,0.473,3.43,99.5,,database,15.5,52.8,99.5,4.6,70,73.0,45.6,1244,1,high,0,low,high,low,0,60,[],0,100,60,100,48.6,1263
CHEMBL173528,CCC(C(=O)NC(CC(=O)O)C(=O)CN1CCNCC1)n1cccc(NC(=O)c2ccc3ccccc3c2)c1=O,CD274,immune,scout1,410.0,0.0,0.283,3.45,75.7,,database,12.8,59.0,75.7,3.8,70,72.8,41.4,1268,0,medium,0,low,high,low,0,75,[],0,100,75,100,48.6,1264
CHEMBL191003,Nc1nc(Nc2ccc(S(N)(=O)=O)cc2)nn1C(=O)c1c(F)cccc1F,CDK4,sensitive,scout1,470.0,0.0,0.603,2.45,92.1,,database,10.8,53.0,92.1,3.2,70,83.9,43.1,1262,1,high,0,low,low,low,0,70,[],0,100,70,100,48.5,1265
CHEMBL439512,COc1cc2c(cc1OC)Oc1ncnc(Nc3cnc(NC(=O)c4ccccc4)nc3)c1NC2,AURKA,resistant,scout1,470.0,0.0,0.379,2.83,97.6,,database,10.8,42.4,97.6,10.8,70,79.7,42.5,1264,0,high,0,low,low,low,0,70,[],0,100,70,100,48.4,1266
CHEMBL202502,COc1cc2c(Nc3ncc(CC(=O)Nc4cccc(F)c4)o3)ncnc2cc1OCCCN1CCOCC1,AURKA,resistant,scout1,472.0,0.0,0.274,2.81,75.5,,database,10.8,42.2,75.5,10.8,70,79.9,38.0,1279,0,medium,0,low,low,low,0,85,[],0,100,85,100,48.4,1267
CHEMBL538554,COC(=O)c1c(C)[nH]c2c(OC(=O)N3CCN(C)CC3)cc3c(c12)[C@H](CBr)CN3C(=O)/C=C/c1ccc(OC)cn1.Cl,MAP2K1,sensitive,scout1,150.0,0.0,0.235,3.8,84.7,,database,27.2,68.0,84.7,8.2,70,68.9,50.3,1188,1,medium,2,high,high,low,2,40,['dopamine_D2'],1,85,40,85,48.1,1268
CHEMBL270638,Cc1nc2cnc3ccc(C#Cc4cccnc4)cc3c2n1-c1ccc(C(C)C#N)cc1,PIK3CB,escape_route,scout1,446.0,0.0,0.368,3.32,87.4,,database,11.6,44.3,87.4,8.1,70,74.2,40.5,1273,0,medium,0,low,high,low,0,75,[],0,100,75,100,48.0,1269
CHEMBL270638,Cc1nc2cnc3ccc(C#Cc4cccnc4)cc3c2n1-c1ccc(C(C)C#N)cc1,PIK3CB,escape_route,scout1,446.0,0.0,0.368,3.32,87.4,,database,11.6,44.3,87.4,8.1,70,74.2,40.5,1272,0,medium,0,low,high,low,0,75,[],0,100,75,100,48.0,1270
CHEMBL274383,COc1ccc(C2(O)OC(=O)C(c3ccc4c(c3)OCO4)=C2Cc2ccccc2)cc1,CHEK2,resistant,scout1,500.0,0.0,0.638,2.9,100.0,,database,9.9,40.0,100.0,9.9,70,78.9,41.9,1266,0,medium,1,medium,low,low,1,70,[],0,100,70,100,47.9,1271
CHEMBL1202525,COc1ccc(O)c(C(=O)c2ccc(CO[C@@H]3CCCNCC3NC(=O)c3ccncc3)cc2)c1F.Cl.Cl,AKT1,escape_route,scout1,355.0,0.0,0.353,3.5,87.1,,database,14.8,51.6,87.1,10.4,70,72.2,43.4,1261,1,high,0,low,high,low,0,60,[],0,100,60,100,47.8,1272
CHEMBL1082152,Cn1cc(C2=C(c3cccc(NCC(O)CO)c3)C(=O)NC2=O)c2cc(F)ccc21,CDK4,sensitive,scout1,410.0,0.0,0.464,3.08,100.0,,database,12.8,59.0,100.0,3.8,70,76.9,46.5,1232,1,medium,1,medium,low,low,1,70,"['hERG_channel', 'dopamine_D2']",2,70,70,70,47.5,1273
CHEMBL247619,CNC(=O)Nc1ccc(CNc2c(C(=O)Nc3ccc4c(c3)OC(F)(F)C(F)(F)O4)cnn2C)cn1,MAPK1,sensitive,scout1,448.0,0.0,0.375,3.1,87.5,,database,11.5,44.2,87.5,3.5,70,76.7,39.8,1276,0,medium,0,low,high,low,0,75,[],0,100,75,100,47.4,1274
CHEMBL247619,CNC(=O)Nc1ccc(CNc2c(C(=O)Nc3ccc4c(c3)OC(F)(F)C(F)(F)O4)cnn2C)cn1,MAPK1,sensitive,scout1,448.0,0.0,0.375,3.1,87.5,,database,11.5,44.2,87.5,3.5,70,76.7,39.8,1277,0,medium,0,low,high,low,0,75,[],0,100,75,100,47.4,1275
CHEMBL335996,COc1ccccc1/C=C1\Oc2ccc(F)cc2-c2ccc3c(c21)C(C)=CC(C)(C)N3,AR,sensitive,scout1,439.0,0.0,0.491,2.78,89.8,,database,11.8,44.9,89.8,3.5,70,80.2,40.8,1270,1,high,0,low,low,low,0,70,[],0,100,70,100,47.2,1276
CHEMBL171950,CCCS(=O)(=O)NCCOc1nc(C2CC2)nc(NS(=O)(=O)c2ccc(C(C)C)cn2)c1Oc1ccccc1OC,CHEK2,resistant,scout1,363.08,0.0,0.241,3.03,69.8,,database,14.5,51.0,69.8,14.5,70,77.4,40.6,1271,0,high,0,low,high,low,0,60,[],0,100,60,100,46.8,1277
CHEMBL1366030,COc1ccccc1Nc1nc(-c2sc(NC(=O)c3ccc([N+](=O)[O-])cc3)nc2C)cs1,MCL1,apoptosis,scout1,449.41,0.0,0.272,2.35,85.4,,database,11.5,44.0,85.4,3.4,70,85.0,39.8,1278,1,high,0,low,low,low,0,70,[],0,100,70,100,46.8,1278
CHEMBL4554744,C=CC(=O)Nc1cccc(C(=O)N2CCC(NC(=O)c3n[nH]cc3NC(=O)c3c(Cl)cccc3Cl)CC2)c1.O=C(O)C(F)(F)F,ATR,resistant,scout1,500.0,0.0,0.226,3.05,69.5,,database,9.9,40.0,69.5,9.9,70,77.2,35.7,1280,0,medium,1,medium,low,low,1,70,[],0,100,70,100,44.8,1279
CHEMBL502835,COC(=O)c1ccc2c(c1)NC(=O)/C2=C(\Nc1ccc(N(C)C(=O)CN2CCN(C)CC2)cc1)c1ccccc1,ATR,resistant,scout1,470.0,0.0,0.35,2.61,87.0,,database,10.8,42.4,87.0,10.8,70,82.1,40.5,1274,2,high,1,medium,low,low,1,55,"['hERG_channel', 'dopamine_D2']",2,70,55,70,42.2,1280
