chembl_id,smiles,target_gene,population_target,source,activity_nM,mw,qed,sa_score,admet_score,best_similarity,generation_method,score_efficacy,score_selectivity,score_safety,score_resistance,score_novelty,score_synth,score_overall,rank,ppb_percent,fu,clearance_mL_min_kg,clearance_class,vd_L_kg,half_life_h,half_life_class,bioavailability_percent,bioavailability_class,est_dose_mg,dosing_frequency,pk_score
CHEMBL3889770,CN(C)CCCOc1ccc(-c2ccc3ncc4c(c3c2)n([C@H]2C[C@@H](O)C2)c(=O)n4C)cn1,ATM,resistant,scout1,0.24,0.0,0.439,2.82,100.0,,database,100.0,100.0,100.0,100.0,70,79.8,97.5,1,73.0,0.2699,47.1,high,0.69,0.5,short,10.0,low,2.0,TID (three times daily),40
CHEMBL5220685,COC(=O)[C@H]1COCCN1CCOc1ccccc1Cc1cn(C(F)F)nc1-c1cc(Cl)nc(N)n1,EZH2,resistant,scout1,1.0,0.0,0.334,3.64,91.7,,database,99.0,99.9,91.7,99.0,70,70.7,94.9,2,63.0,0.3698,30.3,high,0.56,0.5,short,8.0,low,2.0,TID (three times daily),40
CHEMBL3924247,CN(C)CCCOc1ccc(-c2ccc3ncc4c(c3c2)n(C2COC2)c(=O)n4C)cn1,ATM,resistant,scout1,1.46,0.0,0.417,2.84,100.0,,database,93.6,99.9,100.0,93.6,70,79.6,94.6,3,73.7,0.2626,45.2,high,0.79,0.5,short,10.0,low,2.0,TID (three times daily),40
CHEMBL563985,CNC(=O)Nc1ccc(-c2nc(N3CCOCC3)c3cnn(C4CCN(C(=O)OC)CC4)c3n2)cc1,MTOR,escape_route,scout1,0.46,0.0,0.567,2.7,100.0,,database,100.0,100.0,100.0,70.0,70,81.1,93.0,4,51.9,0.4811,21.3,high,0.17,0.5,short,10.0,low,1.0,TID (three times daily),40
CHEMBL338923,COc1ccc(-c2nc3c(C(N)=O)cccc3[nH]2)cc1O,PARP1,resistant,scout1,2.0,0.0,0.684,2.15,100.0,,database,89.1,99.8,100.0,89.1,70,87.2,92.9,5,42.1,0.5787,32.3,high,0.2,0.5,short,10.0,low,1.0,TID (three times daily),40
CHEMBL3898165,Cn1c(=O)n([C@H]2C[C@@H](O)C2)c2c3cc(-c4ccc(OCCCN5CCCC5)nc4)ccc3ncc21,ATM,resistant,scout1,0.447,0.0,0.414,2.8,98.3,,database,100.0,80.0,98.3,100.0,70,80.0,92.2,6,81.4,0.1862,62.8,high,1.12,0.5,short,10.0,low,3.0,TID (three times daily),40
CHEMBL558486,CCNC(=O)Nc1ccc(-c2nc(N3CCOCC3)c3cnn(C4CCN(C(=O)OC)CC4)c3n2)cc1,MTOR,escape_route,scout1,0.32,0.0,0.539,2.7,95.8,,database,100.0,100.0,95.8,70.0,70,81.1,92.2,7,60.2,0.3975,26.8,high,0.24,0.5,short,8.0,low,2.0,TID (three times daily),40
CHEMBL3960662,CN(C)CCCOc1ccc(-c2ccc3ncc4c(c3c2)n(C2CCOCC2)c(=O)n4C)cn1,ATM,resistant,scout1,0.575,0.0,0.391,2.8,97.8,,database,100.0,80.0,97.8,100.0,70,80.0,92.0,8,84.7,0.1528,71.0,high,1.62,0.5,short,10.0,low,3.0,TID (three times daily),40
CHEMBL561907,COC(=O)N1CCC(n2ncc3c(N4CCOCC4)nc(-c4ccc(NC(=O)NCCF)cc4)nc32)CC1,MTOR,escape_route,scout1,0.61,0.0,0.502,2.83,95.0,,database,100.0,99.9,95.0,70.0,70,79.7,92.0,9,60.1,0.3986,25.9,high,0.23,0.5,short,8.0,low,2.0,TID (three times daily),40
CHEMBL5218878,Nc1nc(Cl)cc(-c2nn(C(F)F)cc2Cc2ccccc2OCCN2CCNC(=O)C2)n1,EZH2,resistant,scout1,2.1,0.0,0.479,3.13,100.0,,database,88.4,99.8,100.0,88.4,70,76.3,92.0,10,54.6,0.4537,24.8,high,0.43,0.5,short,10.0,low,1.0,TID (three times daily),40
CHEMBL3936734,CO[C@H]1C[C@@H](n2c(=O)n(C)c3cnc4ccc(-c5ccc(OCCCN(C)C)nc5)cc4c32)C1,ATM,resistant,scout1,0.249,0.0,0.373,2.86,97.5,,database,100.0,80.0,97.5,100.0,70,79.3,92.0,11,84.7,0.153,70.9,high,1.61,0.5,short,10.0,low,3.0,TID (three times daily),40
CHEMBL3936943,CO[C@H]1C[C@@H](n2c(=O)n(C)c3cnc4ccc(-c5ccc(OCCCN6CCCC6)nc5)cc4c32)C1,ATM,resistant,scout1,0.176,0.0,0.348,2.85,97.0,,database,100.0,80.0,97.0,100.0,70,79.4,91.9,12,89.9,0.1006,95.1,high,2.64,0.5,short,10.0,low,5.0,TID (three times daily),40
CHEMBL3986918,CN(C)CCCOc1ccc(-c2cc3c(cc2F)ncc2c3n(C3CCOCC3)c(=O)n2C)cn1,ATM,resistant,scout1,0.782,0.0,0.376,2.92,97.5,,database,100.0,79.9,97.5,100.0,70,78.7,91.9,13,86.5,0.1347,78.1,high,1.84,0.5,short,10.0,low,4.0,TID (three times daily),40
CHEMBL3890490,CN(C)CCCOc1ccc(-c2ccc3ncc4c(c3c2)n([C@H]2CCCOC2)c(=O)n4C)cn1,ATM,resistant,scout1,0.329,0.0,0.391,3.27,97.8,,database,100.0,80.0,97.8,100.0,70,74.8,91.8,14,84.7,0.1528,71.0,high,1.62,0.5,short,10.0,low,3.0,TID (three times daily),40
CHEMBL4111966,CN(C)CCCOc1ccc(-c2ccc3ncc4c(c3c2)n([C@@H]2CCCOC2)c(=O)n4C)cn1,ATM,resistant,scout1,0.935,0.0,0.391,3.27,97.8,,database,100.0,79.9,97.8,100.0,70,74.8,91.8,15,84.7,0.1528,71.0,high,1.62,0.5,short,10.0,low,3.0,TID (three times daily),40
CHEMBL3947316,Cn1c(=O)n([C@H]2CCCOC2)c2c3cc(-c4ccc(OCCCN5CCCC5)nc4)ccc3ncc21,ATM,resistant,scout1,0.238,0.0,0.365,3.25,97.3,,database,100.0,80.0,97.3,100.0,70,75.0,91.7,16,90.0,0.1005,95.2,high,2.65,0.5,short,10.0,low,5.0,TID (three times daily),40
CHEMBL3961688,CN(C)CCCOc1ccc(-c2ccc3ncc4c(c3c2)n(C2(C)CCOCC2)c(=O)n4C)cn1,ATM,resistant,scout1,0.96,0.0,0.379,3.1,97.6,,database,99.6,79.9,97.6,99.6,70,76.7,91.6,17,86.8,0.1324,77.0,high,1.9,0.5,short,10.0,low,4.0,TID (three times daily),40
CHEMBL3927821,CN(C)CCCOc1ccc(-c2ccc3ncc4c(c3c2)n(C2CCOCC2)c(=O)n4C)c(F)n1,ATM,resistant,scout1,0.301,0.0,0.297,2.96,95.9,,database,100.0,80.0,95.9,100.0,70,78.2,91.6,18,86.5,0.1347,78.1,high,1.84,0.5,short,10.0,low,4.0,TID (three times daily),40
CHEMBL201297,COCCOc1cc2ncnc(Nc3ncc(CC(=O)Nc4cccc(F)c4)s3)c2cc1OC,AURKA,resistant,scout1,1.0,0.0,0.324,2.54,96.5,,database,99.0,79.9,96.5,99.0,70,82.9,91.5,19,84.6,0.1542,100.0,high,2.5,0.5,short,10.0,low,5.0,TID (three times daily),40
CHEMBL3958682,CO[C@H]1C[C@@H](n2c(=O)n(C)c3cnc4ccc(-c5ccc(OCCCN(C)C)nc5F)cc4c32)C1,ATM,resistant,scout1,0.765,0.0,0.283,3.02,95.7,,database,100.0,79.9,95.7,100.0,70,77.6,91.5,20,86.5,0.1349,78.1,high,1.84,0.5,short,10.0,low,4.0,TID (three times daily),40
CHEMBL3923182,CO[C@H]1CC[C@H](n2c(=O)n(C)c3cnc4ccc(-c5ccc(OCCCN(C)C)nc5)cc4c32)C1,ATM,resistant,scout1,0.152,0.0,0.359,3.55,97.2,,database,100.0,80.0,97.2,100.0,70,71.7,91.5,21,88.6,0.1139,89.3,high,2.31,0.5,short,10.0,low,4.0,TID (three times daily),40
CHEMBL3898563,CO[C@H]1C[C@@H](n2c(=O)[nH]c3cnc4ccc(-c5ccc(OCCCN(C)C)nc5)cc4c32)C1,ATM,resistant,scout1,1.03,0.0,0.415,2.83,98.3,,database,98.6,79.9,98.3,98.6,70,79.7,91.5,22,81.9,0.1806,73.5,high,1.25,0.5,short,10.0,low,3.0,TID (three times daily),40
CHEMBL4112870,CO[C@@H]1CC[C@@H](n2c(=O)n(C)c3cnc4ccc(-c5ccc(OCCCN(C)C)nc5)cc4c32)C1,ATM,resistant,scout1,0.315,0.0,0.359,3.55,97.2,,database,100.0,80.0,97.2,100.0,70,71.7,91.5,23,88.6,0.1139,89.3,high,2.31,0.5,short,10.0,low,4.0,TID (three times daily),40
CHEMBL3984179,Cn1c(=O)n([C@H]2C[C@@H](O)C2)c2c3cc(-c4ccc(OCCCN5CCC5)nc4)ccc3ncc21,ATM,resistant,scout1,1.05,0.0,0.428,2.8,98.6,,database,98.3,79.9,98.6,98.3,70,80.0,91.4,24,75.7,0.2433,49.9,high,0.78,0.5,short,10.0,low,2.0,TID (three times daily),40
CHEMBL3935033,CN(C)CCCOc1ccc(-c2ccc3ncc4c(c3c2)n([C@H]2CCCOC2)c(=O)n4C)c(F)n1,ATM,resistant,scout1,0.365,0.0,0.297,3.42,95.9,,database,100.0,80.0,95.9,100.0,70,73.1,91.3,25,86.5,0.1347,78.1,high,1.84,0.5,short,10.0,low,4.0,TID (three times daily),40
CHEMBL4109764,CN(C)CCCOc1ccc(-c2ccc3ncc4c(c3c2)n([C@@H]2CCCOC2)c(=O)n4C)c(F)n1,ATM,resistant,scout1,0.552,0.0,0.297,3.42,95.9,,database,100.0,80.0,95.9,100.0,70,73.1,91.3,26,86.5,0.1347,78.1,high,1.84,0.5,short,10.0,low,4.0,TID (three times daily),40
CHEMBL4110596,CN(C)CCCOc1ccc(-c2cc3c(cc2F)ncc2c3n([C@@H]3CCCOC3)c(=O)n2C)cn1,ATM,resistant,scout1,1.0,0.0,0.376,3.39,97.5,,database,99.0,79.9,97.5,99.0,70,73.4,91.2,27,86.5,0.1347,78.1,high,1.84,0.5,short,10.0,low,4.0,TID (three times daily),40
CHEMBL372543,O/N=C1/CCc2cc(-c3[nH]c(-c4ccccc4)nc3-c3ccncc3)ccc21,BRAF,escape_route,scout1,1.3,0.0,0.399,2.53,100.0,,database,95.2,99.9,100.0,66.7,70,83.0,91.2,28,92.9,0.0715,100.0,high,5.38,0.6,short,10.0,low,4.0,TID (three times daily),40
CHEMBL562439,CNC(=O)Nc1ccc(-c2nc(N3CCOCC3)c3cnn(C4CCN(C(=O)N(C)C)CC4)c3n2)cc1,MTOR,escape_route,scout1,1.1,0.0,0.556,2.78,96.1,,database,97.6,99.9,96.1,68.3,70,80.2,91.2,29,53.1,0.4691,19.3,moderate,0.18,0.5,short,8.0,low,1.0,TID (three times daily),50
CHEMBL383264,N[C@H](COc1cncc(-c2ccc3cnccc3c2)c1)Cc1c[nH]c2ccccc12,AKT1,escape_route,scout1,1.3,0.0,0.437,2.88,100.0,,database,95.2,99.9,100.0,66.7,70,79.1,91.0,30,91.8,0.0818,100.0,high,8.37,1.0,short,10.0,low,4.0,TID (three times daily),40
CHEMBL3950905,CO[C@H]1C[C@@H](n2c(=O)n(C)c3cnc4cc(F)c(-c5ccc(OCCCN(C)C)nc5)cc4c32)C1,ATM,resistant,scout1,1.05,0.0,0.358,2.99,97.2,,database,98.3,79.9,97.2,98.3,70,77.9,91.0,31,86.5,0.1349,78.1,high,1.84,0.5,short,10.0,low,4.0,TID (three times daily),40
CHEMBL3963290,Cn1c(=O)n(C2CCOCC2)c2c3cc(-c4ccc(OCCCN5CCCC5)nc4)ccc3ncc21,ATM,resistant,scout1,1.12,0.0,0.365,2.79,97.3,,database,97.4,79.9,97.3,97.4,70,80.1,90.8,32,90.0,0.1005,95.2,high,2.65,0.5,short,10.0,low,5.0,TID (three times daily),40
CHEMBL551442,CNC(=O)Nc1ccc(-c2nc(N3CCOCC3)c3cnn(C4CCNCC4)c3n2)cc1,MTOR,escape_route,scout1,1.4,0.0,0.574,2.67,100.0,,database,94.2,99.9,100.0,65.9,70,81.4,90.7,33,46.0,0.5401,15.4,moderate,0.32,0.5,short,22.9,moderate,0.0,TID (three times daily),65
CHEMBL3912673,CN(C)CCCOc1ccc(-c2cc3c(cc2F)ncc2c3n([C@H]3CCCOC3)c(=O)n2C)cn1,ATM,resistant,scout1,1.14,0.0,0.376,3.39,97.5,,database,97.1,79.9,97.5,97.1,70,73.4,90.4,34,86.5,0.1347,78.1,high,1.84,0.5,short,10.0,low,4.0,TID (three times daily),40
CHEMBL131891,NC(=O)c1cccc2[nH]c(-c3ccc(Cl)cc3)nc12,PARP1,resistant,scout1,3.0,0.0,0.752,1.94,100.0,,database,83.3,99.7,100.0,83.3,70,89.6,90.4,35,70.1,0.2989,69.9,high,0.94,0.5,short,10.0,low,2.0,TID (three times daily),40
CHEMBL5218615,Nc1nc(Cl)cc(-c2nn(C(F)F)cc2Cc2ccccc2OCCN2CCS(=O)(=O)CC2)n1,EZH2,resistant,scout1,2.4,0.0,0.458,3.19,94.2,,database,86.5,99.8,94.2,86.5,70,75.7,90.0,36,60.3,0.3967,28.0,high,0.51,0.5,short,8.0,low,2.0,TID (three times daily),40
CHEMBL5218552,COC(=O)[C@@H]1COCCN1CCOc1ccccc1Cc1cn(C(F)F)nc1-c1cc(Cl)nc(N)n1,EZH2,resistant,scout1,2.2,0.0,0.334,3.64,91.7,,database,87.7,99.8,91.7,87.7,70,70.7,89.8,37,63.0,0.3698,30.3,high,0.56,0.5,short,8.0,low,2.0,TID (three times daily),40
CHEMBL195373,N#Cc1cnc(NC(=O)Nc2cc(Cl)ccc2OC2CCOC2)cn1,CHEK1,resistant,scout1,3.0,0.0,0.868,3.04,100.0,,database,83.3,99.7,100.0,83.3,70,77.3,89.8,38,58.2,0.4175,27.8,high,0.34,0.5,short,10.0,low,1.0,TID (three times daily),40
CHEMBL3895211,CO[C@H]1C[C@@H](n2c(=O)n(C)c3cnc4cc(F)c(-c5ccc(OCCCN6CCCC6)nc5)cc4c32)C1,ATM,resistant,scout1,0.418,0.0,0.333,2.97,86.7,,database,100.0,80.0,86.7,100.0,70,78.1,89.7,39,91.2,0.088,100.0,high,3.0,0.5,short,8.0,low,6.0,TID (three times daily),40
CHEMBL382667,COc1cc2c(Nc3cnc(NC(=O)c4ccc(F)c(Cl)c4)nc3)ncnc2cc1OCCCN1CCOCC1,AURKA,resistant,scout1,0.15,0.0,0.268,2.69,85.4,,database,100.0,80.0,85.4,100.0,70,81.2,89.6,40,85.0,0.1498,100.0,high,1.95,0.5,short,8.0,low,7.0,TID (three times daily),40
CHEMBL3890119,Cn1c(=O)n([C@H]2CCCOC2)c2c3cc(-c4ccc(OCCCN5CCCC5)nc4)c(F)cc3ncc21,ATM,resistant,scout1,0.563,0.0,0.349,3.37,87.0,,database,100.0,80.0,87.0,100.0,70,73.7,89.6,41,91.2,0.0879,100.0,high,3.01,0.5,short,8.0,low,6.0,TID (three times daily),40
CHEMBL4114060,Cn1c(=O)n([C@@H]2CCCOC2)c2c3cc(-c4ccc(OCCCN5CCCC5)nc4)c(F)cc3ncc21,ATM,resistant,scout1,0.69,0.0,0.349,3.37,87.0,,database,100.0,79.9,87.0,100.0,70,73.7,89.6,42,91.2,0.0879,100.0,high,3.01,0.5,short,8.0,low,6.0,TID (three times daily),40
CHEMBL202567,COc1cc2c(Nc3ncc(C(=O)Nc4ccc(F)cc4)s3)ncnc2cc1OCCCN1CCOCC1,AURKA,resistant,scout1,1.0,0.0,0.285,2.61,85.7,,database,99.0,79.9,85.7,99.0,70,82.1,89.3,43,86.8,0.1323,100.0,high,2.66,0.5,short,8.0,low,7.0,TID (three times daily),40
CHEMBL5219579,Nc1nc(Cl)cc(-c2nn(C(F)F)cc2Cc2ccccc2OCCN2CCO[C@@H](CO)C2)n1,EZH2,resistant,scout1,3.3,0.0,0.437,3.57,100.0,,database,81.9,99.7,100.0,81.9,70,71.4,88.8,44,60.4,0.3957,25.9,high,0.55,0.5,short,10.0,low,1.0,TID (three times daily),40
CHEMBL5219830,Nc1nc(Cl)cc(-c2nn(C(F)F)cc2Cc2ccccc2OCCN2CCOC[C@H]2CO)n1,EZH2,resistant,scout1,3.33,0.0,0.437,3.64,100.0,,database,81.8,99.7,100.0,81.8,70,70.7,88.7,45,60.4,0.3957,25.9,high,0.55,0.5,short,10.0,low,1.0,TID (three times daily),40
CHEMBL558288,CNC(=O)Nc1ccc(-c2nc(N3CCOCC3)c3cnn(C4CCN(C(=O)NC)CC4)c3n2)cc1,MTOR,escape_route,scout1,2.0,0.0,0.507,2.75,100.0,,database,89.1,99.8,100.0,62.3,70,80.6,88.5,46,42.3,0.5769,15.9,moderate,0.11,0.5,short,20.6,moderate,0.0,TID (three times daily),65
CHEMBL562365,CNC(=O)Nc1ccc(-c2nc(N3CCOCC3)c3cnn(C4CCN(C(C)=O)CC4)c3n2)cc1,MTOR,escape_route,scout1,2.1,0.0,0.591,2.66,100.0,,database,88.4,99.8,100.0,61.9,70,81.6,88.3,47,50.2,0.4985,18.3,moderate,0.17,0.5,short,10.0,low,1.0,TID (three times daily),50
CHEMBL3957991,CN(C)CCCOc1ccc(-c2cc3c(cc2F)ncc2c3n(C3COC3)c(=O)n2C)cn1,ATM,resistant,scout1,3.8,0.0,0.402,2.96,100.0,,database,79.9,99.6,100.0,79.9,70,78.2,88.3,48,76.5,0.2351,49.8,high,0.9,0.5,short,10.0,low,2.0,TID (three times daily),40
,CCNC(=O)Nc1ccsc1.COC(=O)N1CCC(n2ncc3c(N4CCOCC4)ncnc32)CC1,MTOR,escape_route,scout2,0.4,516.6,0.542,4.5,70.0,0.451,bioisostere,100.0,100.0,70.0,70.0,100,61.1,87.5,49,62.2,0.3783,26.3,high,0.26,0.5,short,8.0,low,2.0,TID (three times daily),40
,CCNC(=O)Nc1ccncc1.COC(=O)N1CCC(n2ncc3c(N4CCOCC4)ncnc32)CC1,MTOR,escape_route,scout2,0.4,511.6,0.54,4.6,70.0,0.449,bioisostere,100.0,100.0,70.0,70.0,100,60.0,87.5,50,44.0,0.5597,17.2,moderate,0.1,0.5,short,11.0,low,1.0,TID (three times daily),50
,CCNC(=O)Nc1ccoc1.COC(=O)N1CCC(n2ncc3c(N4CCOCC4)ncnc32)CC1,MTOR,escape_route,scout2,0.4,500.6,0.553,4.5,70.0,0.477,bioisostere,100.0,100.0,70.0,70.0,100,61.1,87.5,51,47.3,0.5268,19.0,moderate,0.12,0.5,short,8.0,low,1.0,TID (three times daily),50
CHEMBL541643,Cl.Oc1cccc(-c2nc(N3CCOCC3)c3sccc3n2)c1,PIK3CA,escape_route,scout1,2.5,0.0,0.769,2.44,100.0,,database,85.9,99.8,100.0,60.1,70,84.0,87.4,52,81.5,0.1854,55.8,high,1.75,0.5,short,10.0,low,2.0,TID (three times daily),40
CHEMBL541643,Cl.Oc1cccc(-c2nc(N3CCOCC3)c3sccc3n2)c1,PIK3CA,escape_route,scout1,2.5,0.0,0.769,2.44,100.0,,database,85.9,99.8,100.0,60.1,70,84.0,87.4,53,81.5,0.1854,55.8,high,1.75,0.5,short,10.0,low,2.0,TID (three times daily),40
CHEMBL477989,CN(C)CCOc1ccc(-c2nc(-c3ccncc3)c(-c3ccc4c(c3)CC/C4=N\O)[nH]2)cc1,BRAF,escape_route,scout1,0.3,0.0,0.308,2.72,96.2,,database,100.0,80.0,96.2,70.0,70,80.9,87.3,54,92.4,0.0756,100.0,high,3.82,0.5,short,10.0,low,5.0,TID (three times daily),40
CHEMBL426811,N#Cc1cnc(NC(=O)Nc2cc(Cl)ccc2OC2CCOCC2)cn1,CHEK1,resistant,scout1,5.0,0.0,0.851,2.58,100.0,,database,75.9,99.5,100.0,75.9,70,82.4,86.7,55,66.2,0.3378,33.6,high,0.49,0.5,short,10.0,low,1.0,TID (three times daily),40
CHEMBL3951966,CN(C)CCCOc1ccc(-c2cc3c(cc2F)ncc2c3n(C3(C)CCOCC3)c(=O)n2C)cn1,ATM,resistant,scout1,2.03,0.0,0.363,3.22,97.3,,database,88.9,79.8,97.3,88.9,70,75.3,86.7,56,88.4,0.1164,84.7,high,2.16,0.5,short,10.0,low,4.0,TID (three times daily),40
CHEMBL5220647,Nc1nc(Cl)cc(-c2nn(C(F)F)cc2Cc2ccccc2OCCN2CCOC[C@@H]2CO)n1,EZH2,resistant,scout1,4.6,0.0,0.437,3.64,100.0,,database,77.1,99.5,100.0,77.1,70,70.7,86.6,57,60.4,0.3957,25.9,high,0.55,0.5,short,10.0,low,1.0,TID (three times daily),40
CHEMBL313153,O=C(O)c1c(Cc2cc3c(cc2Cl)OCO3)c(-c2cccs2)nn1CC1CCCCC1,CHEK2,resistant,scout1,1.7,0.0,0.5,2.82,90.0,,database,91.4,79.9,90.0,91.4,70,79.8,86.6,58,97.1,0.0292,100.0,high,12.86,1.5,short,9.0,low,5.0,TID (three times daily),40
CHEMBL155514,CCCCCC[Se](=O)CC(=O)C(F)(F)F,FOLH1,other,scout1,0.1778,0.0,0.533,3.91,100.0,,database,100.0,100.0,100.0,30.0,70,67.7,86.4,59,82.7,0.1727,5.3,moderate,2.55,5.6,moderate,73.5,high,0.0,TID (three times daily),100
CHEMBL538346,Cl.Oc1cccc(-c2nc(N3CCOCC3)c3oc4ncccc4c3n2)c1,PIK3CB,escape_route,scout1,3.0,0.0,0.567,2.67,100.0,,database,83.3,99.7,100.0,58.3,70,81.4,86.2,60,77.3,0.2273,89.6,high,1.04,0.5,short,10.0,low,3.0,TID (three times daily),40
CHEMBL538346,Cl.Oc1cccc(-c2nc(N3CCOCC3)c3oc4ncccc4c3n2)c1,PIK3CB,escape_route,scout1,3.0,0.0,0.567,2.67,100.0,,database,83.3,99.7,100.0,58.3,70,81.4,86.2,61,77.3,0.2273,89.6,high,1.04,0.5,short,10.0,low,3.0,TID (three times daily),40
CHEMBL562999,COC(=O)N1CCC(n2ncc3c(N4CCOCC4)nc(-c4ccc(NC(=O)NC5CC5)cc4)nc32)CC1,MTOR,escape_route,scout1,0.45,0.0,0.526,2.72,90.5,,database,100.0,80.0,90.5,70.0,70,80.9,86.1,62,63.5,0.365,28.5,high,0.28,0.5,short,8.0,low,2.0,TID (three times daily),40
CHEMBL348326,COC(=O)c1c(C)[nH]c2c1[C@@]13C[C@@H]1CN(C(=O)/C=C/c1ccc(OC)nn1)C3=CC2=O,MAP2K1,sensitive,scout1,0.5,0.0,0.592,4.51,100.0,,database,100.0,100.0,100.0,30.0,70,61.0,86.0,63,39.3,0.607,12.2,moderate,0.12,0.5,short,39.1,moderate,0.0,TID (three times daily),65
CHEMBL550972,CNC(=O)Nc1ccc(-c2nc(N3CCOCC3)c3cnn(C4CCN(Cc5ccccc5)CC4)c3n2)cc1,MTOR,escape_route,scout1,0.52,0.0,0.393,2.61,87.9,,database,100.0,80.0,87.9,70.0,70,82.1,85.7,64,84.3,0.1569,93.8,high,1.16,0.5,short,8.0,low,6.0,TID (three times daily),40
CHEMBL551440,CNC(=O)Nc1ccc(-c2nc(N3CCOCC3)c3cnn(C4CCN(Cc5cccnc5)CC4)c3n2)cc1,MTOR,escape_route,scout1,0.38,0.0,0.393,2.72,87.9,,database,100.0,80.0,87.9,70.0,70,80.9,85.6,65,73.2,0.2678,60.2,high,0.49,0.5,short,8.0,low,4.0,TID (three times daily),40
CHEMBL551440,CNC(=O)Nc1ccc(-c2nc(N3CCOCC3)c3cnn(C4CCN(Cc5cccnc5)CC4)c3n2)cc1,MTOR,escape_route,scout1,0.38,0.0,0.393,2.72,87.9,,database,100.0,80.0,87.9,70.0,70,80.9,85.6,66,73.2,0.2678,60.2,high,0.49,0.5,short,8.0,low,4.0,TID (three times daily),40
CHEMBL557963,COC(=O)N1CCC(n2ncc3c(N4CCOCC4)nc(-c4ccc(NC(=O)Nc5ccncc5)cc4)nc32)CC1,MTOR,escape_route,scout1,0.3,0.0,0.375,2.79,87.5,,database,100.0,80.0,87.5,70.0,70,80.1,85.5,67,73.9,0.2614,88.3,high,0.41,0.5,short,8.0,low,6.0,TID (three times daily),40
CHEMBL5219443,Nc1nc(Cl)cc(-c2nn(C(F)F)cc2Cc2ccccc2OCCN2CCO[C@H](CO)C2)n1,EZH2,resistant,scout1,5.5,0.0,0.437,3.57,100.0,,database,74.6,99.5,100.0,74.6,70,71.4,85.5,68,60.4,0.3957,25.9,high,0.55,0.5,short,10.0,low,1.0,TID (three times daily),40
CHEMBL538378,COC(=O)N1CCC(n2ncc3c(N4CCOCC4)nc(-c4ccc(NC(=O)Nc5cccnc5)cc4)nc32)CC1,MTOR,escape_route,scout1,0.2,0.0,0.375,2.78,87.5,,database,100.0,80.0,87.5,70.0,70,80.2,85.5,69,73.9,0.2614,88.3,high,0.41,0.5,short,8.0,low,6.0,TID (three times daily),40
CHEMBL385872,CN1CCN(c2ccc(C(=O)Nc3n[nH]c4c3CN(C(=O)[C@H](O)c3ccccc3)C4)cc2)CC1,AURKA,resistant,scout1,6.0,0.0,0.538,2.99,100.0,,database,73.3,99.4,100.0,73.3,70,77.9,85.2,70,48.5,0.5148,19.5,moderate,0.18,0.5,short,10.0,low,1.0,TID (three times daily),50
CHEMBL538346,Cl.Oc1cccc(-c2nc(N3CCOCC3)c3oc4ncccc4c3n2)c1,PIK3CA,escape_route,scout1,3.6,0.0,0.567,2.67,100.0,,database,80.6,99.6,100.0,56.4,70,81.4,85.1,71,77.3,0.2273,89.6,high,1.04,0.5,short,10.0,low,3.0,TID (three times daily),40
CHEMBL538346,Cl.Oc1cccc(-c2nc(N3CCOCC3)c3oc4ncccc4c3n2)c1,PIK3CA,escape_route,scout1,3.6,0.0,0.567,2.67,100.0,,database,80.6,99.6,100.0,56.4,70,81.4,85.1,72,77.3,0.2273,89.6,high,1.04,0.5,short,10.0,low,3.0,TID (three times daily),40
CHEMBL3898577,CO[C@H]1C[C@@H](n2c(=O)n(C)c3cnc4cc(F)c(-c5ccc(OCCCN(C)C)nc5F)cc4c32)C1,ATM,resistant,scout1,2.62,0.0,0.272,3.14,95.4,,database,85.2,79.8,95.4,85.2,70,76.2,84.7,73,88.1,0.1186,85.9,high,2.09,0.5,short,10.0,low,4.0,TID (three times daily),40
CHEMBL207994,COc1cc(OC)c(NC(=O)Nc2cnc(C#N)cn2)cc1Cl,CHEK1,resistant,scout1,7.0,0.0,0.89,2.37,100.0,,database,71.1,99.3,100.0,71.1,70,84.8,84.6,74,54.0,0.46,30.5,high,0.3,0.5,short,10.0,low,1.0,TID (three times daily),40
CHEMBL202930,COc1cc(-c2ccc3c(c2)NC(=O)/C3=C\c2ccc[nH]2)ccc1O,CHEK1,resistant,scout1,7.0,0.0,0.637,2.5,100.0,,database,71.1,99.3,100.0,71.1,70,83.3,84.5,75,84.0,0.1597,100.0,high,2.05,0.5,short,10.0,low,3.0,TID (three times daily),40
CHEMBL192161,CC1(COc2ccc(Cl)cc2NC(=O)Nc2cnc(C#N)cn2)COC1,CHEK1,resistant,scout1,7.0,0.0,0.833,2.74,100.0,,database,71.1,99.3,100.0,71.1,70,80.7,84.4,76,63.6,0.3638,30.4,high,0.43,0.5,short,10.0,low,1.0,TID (three times daily),40
,Cc1nc(Cl)cc(-c2nn(C(F)F)cc2Cc2ccccc2OCCN2CCNC(=O)C2)n1,EZH2,resistant,scout2,3.12,476.9,0.503,4.1,70.0,0.452,r_group,82.7,99.7,70.0,82.7,100,65.6,84.4,77,76.0,0.2396,38.8,high,0.77,0.5,short,10.0,low,2.0,TID (three times daily),40
CHEMBL3907190,CN(C)CCCOc1ccc(-c2ccc3ncc4[nH]c(=O)n(C5CCOCC5)c4c3c2)cn1,ATM,resistant,scout1,3.22,0.0,0.436,2.77,98.7,,database,82.2,79.7,98.7,82.2,70,80.3,84.2,78,82.0,0.1804,73.5,high,1.25,0.5,short,10.0,low,3.0,TID (three times daily),40
CHEMBL561708,COC(=O)Nc1ccc(-c2nc(N3CCOCC3)c3cnn(C4CCN(C(=O)OC)CC4)c3n2)cc1,MTOR,escape_route,scout1,4.3,0.0,0.582,2.68,100.0,,database,78.1,99.6,100.0,54.7,70,81.3,84.1,79,61.3,0.3867,28.6,high,0.27,0.5,short,10.0,low,1.0,TID (three times daily),40
CHEMBL87070,O=C(O)c1c(Cc2cc3c(cc2Cl)OCO3)c(-c2ccccc2)nn1CC1CCCCC1,CHEK2,resistant,scout1,2.6,0.0,0.511,2.61,90.2,,database,85.3,79.8,90.2,85.3,70,82.1,84.0,80,96.9,0.031,100.0,high,12.16,1.4,short,9.0,low,5.0,TID (three times daily),40
CHEMBL3142900,O=C[C@H](CC(=O)O)NC(=O)C1CCCN2C(=O)CC[C@H](NC(=O)c3ccccc3F)C(=O)N12,CD274,immune,scout1,1.0,0.0,0.467,3.65,89.3,,database,99.0,99.9,89.3,29.7,70,70.6,84.0,81,20.0,0.8,1.6,low,0.1,0.7,short,50.7,high,0.0,TID (three times daily),85
,NS(=O)(=O)c1c(Cc2cc3c(cc2Cl)OCO3)c(-c2cccs2)nn1CC1CCCCC1,CHEK2,resistant,scout2,3.39,494.0,0.531,4.0,70.0,0.452,bioisostere,81.5,99.7,70.0,81.5,100,66.7,83.9,82,91.6,0.0838,100.0,high,5.76,0.7,short,10.0,low,5.0,TID (three times daily),40
,CNC(=O)c1c(Cc2cc3c(cc2Cl)OCO3)c(-c2cccs2)nn1CC1CCCCC1,CHEK2,resistant,scout2,3.38,472.0,0.513,4.0,70.0,0.553,r_group,81.5,99.7,70.0,81.5,100,66.7,83.9,83,96.7,0.0328,100.0,high,11.38,1.3,short,9.0,low,5.0,TID (three times daily),40
,NC(=O)c1c(Cc2cc3c(cc2Cl)OCO3)c(-c2ccccc2)nn1CC1CCCCC1,CHEK2,resistant,scout2,3.41,452.0,0.558,4.0,70.0,0.655,r_group,81.4,99.7,70.0,81.4,100,66.7,83.9,84,94.7,0.0534,100.0,high,6.13,0.7,short,9.0,low,5.0,TID (three times daily),40
,O=C(O)c1c(Cc2cc3c(cc2Cl)OCO3)c(-c2ccoc2)nn1CC1CCCCC1,CHEK2,resistant,scout2,3.45,442.9,0.55,3.9,70.0,0.501,bioisostere,81.3,99.7,70.0,81.3,100,67.8,83.9,85,94.8,0.0521,100.0,high,6.17,0.7,short,9.0,low,5.0,TID (three times daily),40
,NC(=O)c1c(Cc2cc3c(cc2Cl)OCO3)c(-c2ccsc2)nn1CC1CCCCC1,CHEK2,resistant,scout2,3.41,458.0,0.547,3.9,70.0,0.547,bioisostere,81.4,99.7,70.0,81.4,100,67.8,83.9,86,95.0,0.0504,100.0,high,6.48,0.7,short,9.0,low,5.0,TID (three times daily),40
CHEMBL133855,CCOC(=O)c1ccc(-c2nc3c(C(N)=O)cccc3[nH]2)cc1,PARP1,resistant,scout1,8.1,0.0,0.723,2.0,100.0,,database,69.0,99.2,100.0,69.0,70,88.9,83.8,87,53.8,0.4621,40.5,high,0.33,0.5,short,10.0,low,1.0,TID (three times daily),40
,O=C(O)c1c(Cc2cc3c(cc2Cl)OCO3)c(-c2cc[nH]c2)nn1CC1CCCCC1,CHEK2,resistant,scout2,3.46,441.9,0.553,3.9,70.0,0.503,bioisostere,81.2,99.7,70.0,81.2,100,67.8,83.8,88,93.4,0.0662,100.0,high,4.55,0.5,short,9.0,low,5.0,TID (three times daily),40
,NS(=O)(=O)c1c(Cc2cc3c(cc2Cl)OCO3)c(-c2ccsc2)nn1CC1CCCCC1,CHEK2,resistant,scout2,3.47,494.0,0.531,4.0,70.0,0.466,bioisostere,81.2,99.7,70.0,81.2,100,66.7,83.8,89,91.6,0.0838,100.0,high,5.76,0.7,short,10.0,low,5.0,TID (three times daily),40
,NS(=O)(=O)C(=O)c1c(Cc2cc3c(cc2Cl)OCO3)c(-c2ccccc2)nn1CC1CCCCC1,CHEK2,resistant,scout2,3.4,516.0,0.516,4.4,70.0,0.695,r_group,81.5,99.7,70.0,81.5,100,62.2,83.7,90,87.6,0.124,100.0,high,3.0,0.5,short,8.0,low,7.0,TID (three times daily),40
CHEMBL5220895,Cn1cc(Cc2ccccc2OCCN2CC3CC(C2)O3)c(-c2cc(Cl)nc(N)n2)n1,EZH2,resistant,scout1,6.7,0.0,0.564,4.44,100.0,,database,71.7,99.3,100.0,71.7,70,61.8,83.7,91,63.6,0.3644,24.5,high,0.81,0.5,short,10.0,low,1.0,TID (three times daily),40
CHEMBL423573,O=C1NCCc2c(-c3ccccc3Cl)[nH]c3cccc1c23,PARP1,resistant,scout1,8.0,0.0,0.705,2.36,100.0,,database,69.2,99.2,100.0,69.2,70,84.9,83.7,92,87.4,0.1257,97.3,high,3.64,0.5,short,10.0,low,3.0,TID (three times daily),40
CHEMBL388978,CN[C@@H]1C[C@H]2O[C@@](C)([C@@H]1OC)n1c3ccccc3c3c4c(c5c6ccccc6n2c5c31)C(=O)NC4,AKT1,escape_route,scout1,1.5,0.0,0.406,4.95,98.1,,database,93.2,79.9,98.1,65.2,70,56.1,83.6,93,91.5,0.0851,100.0,high,7.03,0.8,short,10.0,low,5.0,TID (three times daily),40
CHEMBL388978,CN[C@@H]1C[C@H]2O[C@@](C)([C@@H]1OC)n1c3ccccc3c3c4c(c5c6ccccc6n2c5c31)C(=O)NC4,AKT1,escape_route,scout1,1.5,0.0,0.406,4.95,98.1,,database,93.2,79.9,98.1,65.2,70,56.1,83.6,94,91.5,0.0851,100.0,high,7.03,0.8,short,10.0,low,5.0,TID (three times daily),40
CHEMBL388978,CN[C@@H]1C[C@H]2O[C@@](C)([C@@H]1OC)n1c3ccccc3c3c4c(c5c6ccccc6n2c5c31)C(=O)NC4,AKT1,escape_route,scout1,1.5,0.0,0.406,4.95,98.1,,database,93.2,79.9,98.1,65.2,70,56.1,83.6,95,91.5,0.0851,100.0,high,7.03,0.8,short,10.0,low,5.0,TID (three times daily),40
CHEMBL388978,CN[C@@H]1C[C@H]2O[C@@](C)([C@@H]1OC)n1c3ccccc3c3c4c(c5c6ccccc6n2c5c31)C(=O)NC4,AKT1,escape_route,scout1,1.5,0.0,0.406,4.95,98.1,,database,93.2,79.9,98.1,65.2,70,56.1,83.6,96,91.5,0.0851,100.0,high,7.03,0.8,short,10.0,low,5.0,TID (three times daily),40
CHEMBL388978,CN[C@@H]1C[C@H]2O[C@@](C)([C@@H]1OC)n1c3ccccc3c3c4c(c5c6ccccc6n2c5c31)C(=O)NC4,AKT1,escape_route,scout1,1.5,0.0,0.406,4.95,98.1,,database,93.2,79.9,98.1,65.2,70,56.1,83.6,97,91.5,0.0851,100.0,high,7.03,0.8,short,10.0,low,5.0,TID (three times daily),40
CHEMBL388978,CN[C@@H]1C[C@H]2O[C@@](C)([C@@H]1OC)n1c3ccccc3c3c4c(c5c6ccccc6n2c5c31)C(=O)NC4,AKT1,escape_route,scout1,1.5,0.0,0.406,4.95,98.1,,database,93.2,79.9,98.1,65.2,70,56.1,83.6,98,91.5,0.0851,100.0,high,7.03,0.8,short,10.0,low,5.0,TID (three times daily),40
,NC(=O)c1c(Cc2cc3c(cc2Cl)OCO3)c(-c2cccs2)nn1CC1CCCCC1,CHEK2,resistant,scout2,3.59,458.0,0.547,3.9,70.0,0.512,bioisostere,80.7,99.6,70.0,80.7,100,67.8,83.6,99,95.0,0.0504,100.0,high,6.48,0.7,short,9.0,low,5.0,TID (three times daily),40
,CN.Clc1cc2c(cc1Cc1cn(CC3CCCCC3)nc1-c1ccsc1)OCO2.O,CHEK2,resistant,scout2,3.57,464.0,0.581,3.9,70.0,0.445,bioisostere,80.8,99.6,70.0,80.8,100,67.8,83.6,100,92.1,0.0792,100.0,high,6.73,0.8,short,10.0,low,5.0,TID (three times daily),40
,O=C(O)c1c(Cc2cc3c(cc2Cl)OCO3)c(-c2ccncc2)nn1CC1CCCCC1,CHEK2,resistant,scout2,3.56,453.9,0.552,4.0,70.0,0.542,bioisostere,80.8,99.6,70.0,80.8,100,66.7,83.6,101,94.1,0.0591,100.0,high,5.17,0.6,short,9.0,low,5.0,TID (three times daily),40
CHEMBL388978,CN[C@@H]1C[C@H]2O[C@@](C)([C@@H]1OC)n1c3ccccc3c3c4c(c5c6ccccc6n2c5c31)C(=O)NC4,AKT1,escape_route,scout1,1.5,0.0,0.406,4.95,98.1,,database,93.2,79.9,98.1,65.2,70,56.1,83.6,102,91.5,0.0851,100.0,high,7.03,0.8,short,10.0,low,5.0,TID (three times daily),40
,CNC(=O)c1c(Cc2cc3c(cc2Cl)OCO3)c(-c2ccccc2)nn1CC1CCCCC1,CHEK2,resistant,scout2,3.56,466.0,0.524,4.1,70.0,0.457,r_group,80.8,99.6,70.0,80.8,100,65.6,83.5,103,96.5,0.0348,100.0,high,10.75,1.2,short,9.0,low,5.0,TID (three times daily),40
CHEMBL200783,O/N=C/c1ccc(-c2[nH]c(-c3ccccc3)nc2-c2ccncc2)cc1,BRAF,escape_route,scout1,5.0,0.0,0.323,2.29,100.0,,database,75.9,99.5,100.0,53.2,70,85.7,83.4,104,90.5,0.0945,100.0,high,4.02,0.5,short,10.0,low,3.0,TID (three times daily),40
CHEMBL344741,O=C1NCCc2c(-c3ccc[nH]3)[nH]c3cccc1c23,PARP1,resistant,scout1,8.0,0.0,0.611,2.83,100.0,,database,69.2,99.2,100.0,69.2,70,79.7,83.4,105,63.4,0.3655,37.8,high,0.75,0.5,short,10.0,low,1.0,TID (three times daily),40
CHEMBL425904,CC(CN(C)C)Oc1ccc(Cl)cc1NC(=O)Nc1cnc(C#N)cn1,CHEK1,resistant,scout1,8.0,0.0,0.805,3.03,100.0,,database,69.2,99.2,100.0,69.2,70,77.4,83.3,106,64.1,0.3585,28.6,high,0.46,0.5,short,10.0,low,1.0,TID (three times daily),40
,NS(=O)(=O)C(=O)c1c(Cc2cc3c(cc2Cl)OCO3)c(-c2cccs2)nn1CC1CCCCC1,CHEK2,resistant,scout2,3.69,522.0,0.507,4.2,70.0,0.498,r_group,80.3,99.6,70.0,80.3,100,64.4,83.3,107,88.2,0.1175,100.0,high,3.18,0.5,short,8.0,low,7.0,TID (three times daily),40
CHEMBL5220347,Cn1cc(Cc2ccccc2OCCN2CC3(COC3)C2)c(-c2cc(Cl)nc(N)n2)n1,EZH2,resistant,scout1,7.8,0.0,0.564,3.47,100.0,,database,69.6,99.2,100.0,69.6,70,72.6,83.2,108,60.9,0.3909,22.2,high,0.71,0.5,short,10.0,low,1.0,TID (three times daily),40
CHEMBL5218698,Nc1nc(Cl)cc(-c2nn(C(F)F)cc2Cc2ccccc2OCCN2CCOCC2)n1,EZH2,resistant,scout1,3.9,0.0,0.511,2.97,100.0,,database,79.5,79.7,100.0,79.5,70,78.1,83.1,109,76.5,0.2354,42.4,high,1.57,0.5,short,10.0,low,2.0,TID (three times daily),40
CHEMBL323488,O=C(CCn1c2c(c(=O)[nH]c1=O)CSCC2)NCC(=O)c1ccc2ccccc2c1,PARP1,resistant,scout1,8.5,0.0,0.59,2.66,100.0,,database,68.3,99.2,100.0,68.3,70,81.6,83.1,110,45.7,0.5433,19.6,moderate,0.17,0.5,short,10.0,low,1.0,TID (three times daily),50
CHEMBL5218702,CC1(O)CCN(CCOc2ccccc2Cc2cn(C(F)F)nc2-c2cc(Cl)nc(N)n2)CC1,EZH2,resistant,scout1,4.0,0.0,0.461,3.18,99.2,,database,79.1,79.7,99.2,79.1,70,75.8,82.7,111,81.5,0.1853,54.7,high,1.96,0.5,short,10.0,low,3.0,TID (three times daily),40
CHEMBL25802,Oc1cc(C(F)(F)F)c2cc3c(cc2n1)NC[C@H]1CCCC[C@H]31,AR,sensitive,scout1,2.0,0.0,0.741,3.66,100.0,,database,89.1,99.8,100.0,26.7,70,70.4,82.7,112,93.7,0.0633,66.2,high,16.29,2.8,short,10.0,low,2.0,TID (three times daily),40
CHEMBL200258,Nc1nccc(-c2[nH]c(-c3ccccc3)nc2-c2ccc(Cl)c(O)c2)n1,BRAF,escape_route,scout1,5.7,0.0,0.507,2.4,100.0,,database,74.1,99.4,100.0,51.8,70,84.4,82.6,113,82.2,0.1779,100.0,high,2.82,0.5,short,10.0,low,4.0,TID (three times daily),40
CHEMBL313044,O=C(O)c1c(Cc2cc3c(cc2Cl)OCO3)c(-c2ccsc2)nn1CC1CCCCC1,CHEK2,resistant,scout1,3.2,0.0,0.5,2.86,90.0,,database,82.3,79.7,90.0,82.3,70,79.3,82.5,114,97.1,0.0292,100.0,high,12.86,1.5,short,9.0,low,5.0,TID (three times daily),40
CHEMBL385266,CN1CCN(c2ccc(C(=O)Nc3n[nH]c4c3CN(C(=O)[C@H](F)c3ccccc3)C4)cc2)CC1,AURKA,resistant,scout1,9.0,0.0,0.609,3.1,100.0,,database,67.5,99.1,100.0,67.5,70,76.7,82.5,115,73.7,0.2631,38.4,high,0.69,0.5,short,10.0,low,2.0,TID (three times daily),40
CHEMBL381724,COc1cc2c(Nc3cnc(NC(=O)c4ccccc4)nc3)ncnc2cc1OCCCN1CCOCC1,AURKA,resistant,scout1,3.0,0.0,0.303,2.55,86.1,,database,83.3,79.8,86.1,83.3,70,82.8,82.3,116,73.1,0.2695,83.3,high,0.94,0.5,short,8.0,low,5.0,TID (three times daily),40
CHEMBL381250,Oc1cc(-c2[nH]c(-c3cccnc3)nc2-c2ccncc2)ccc1Cl,BRAF,escape_route,scout1,6.0,0.0,0.569,2.39,100.0,,database,73.3,99.4,100.0,51.3,70,84.6,82.3,117,90.2,0.0975,100.0,high,3.78,0.5,short,10.0,low,4.0,TID (three times daily),40
CHEMBL314454,O=C(O)c1c(Cc2cc3c(cc2Cl)OCO3)c(-c2ccccn2)nn1CC1CCCCC1,CHEK2,resistant,scout1,3.4,0.0,0.552,2.78,91.0,,database,81.5,79.7,91.0,81.5,70,80.2,82.3,118,94.1,0.0591,100.0,high,5.17,0.6,short,9.0,low,5.0,TID (three times daily),40
CHEMBL558955,COC(=O)N1CCC(n2ncc3c(N4CCOCC4)nc(-c4ccc(NC(=O)Nc5ccc(CO)cc5)cc4)nc32)CC1,MTOR,escape_route,scout1,0.08,0.0,0.306,2.78,71.1,,database,100.0,80.0,71.1,70.0,70,80.2,82.2,119,74.4,0.2565,92.8,high,0.38,0.5,short,5.0,low,11.0,TID (three times daily),40
CHEMBL424696,c1ccc(Nc2ncc(-c3ccnc(OC4CCCCC4)n3)s2)nc1,CDK4,sensitive,scout1,2.5,0.0,0.73,2.62,100.0,,database,85.9,99.8,100.0,25.8,70,82.0,82.2,120,89.8,0.102,100.0,high,7.11,0.8,short,10.0,low,4.0,TID (three times daily),40
CHEMBL205449,COc1cc(CN2CCCCC2)ccc1NC(=O)Nc1cnc(C#N)cn1,CHEK1,resistant,scout1,10.0,0.0,0.843,2.33,100.0,,database,66.0,99.0,100.0,66.0,70,85.2,82.2,121,64.0,0.3601,25.2,high,0.46,0.5,short,10.0,low,1.0,TID (three times daily),40
CHEMBL193117,CN1CCC(Oc2ccc(Cl)cc2NC(=O)Nc2cnc(C#N)cn2)CC1,CHEK1,resistant,scout1,10.0,0.0,0.836,2.56,100.0,,database,66.0,99.0,100.0,66.0,70,82.7,82.1,122,67.3,0.3272,29.4,high,0.52,0.5,short,10.0,low,1.0,TID (three times daily),40
CHEMBL540695,O=C(Nc1ccncc1)Nc1ccc(-c2nc(N3CCOCC3)c3cnn(C4CCN(C(=O)c5cccnc5)CC4)c3n2)cc1,MTOR,escape_route,scout1,0.83,0.0,0.291,2.86,70.8,,database,100.0,79.9,70.8,70.0,70,79.3,82.1,123,81.0,0.1895,100.0,high,0.58,0.5,short,5.0,low,12.0,TID (three times daily),40
CHEMBL200889,CC(C)(CN)c1nc(-c2ccc(Cl)c(O)c2)c(-c2ccncc2)[nH]1,BRAF,escape_route,scout1,6.0,0.0,0.674,2.72,100.0,,database,73.3,99.4,100.0,51.3,70,80.9,82.1,124,79.5,0.205,78.1,high,2.6,0.5,short,10.0,low,3.0,TID (three times daily),40
CHEMBL201197,COc1cc2c(Nc3ncc(CC(=O)Nc4cccc(F)c4F)s3)ncnc2cc1OCCCN1CCC[C@H]1CO,AURKA,resistant,scout1,2.0,0.0,0.206,3.32,74.1,,database,89.1,79.8,74.1,89.1,70,74.2,82.1,125,87.7,0.1232,100.0,high,2.47,0.5,short,6.5,low,9.0,TID (three times daily),40
CHEMBL315280,O=C(O)COc1ccccc1Cn1nc(-c2ccccc2)c(Cc2cc3c(cc2Cl)OCO3)c1C(=O)O,CHEK2,resistant,scout1,3.3,0.0,0.325,2.65,86.5,,database,81.9,79.7,86.5,81.9,70,81.7,81.7,126,88.4,0.1164,100.0,high,1.56,0.5,short,8.0,low,7.0,TID (three times daily),40
CHEMBL314973,O=C(O)COC1CCCCC1Cn1nc(-c2ccccc2)c(Cc2cc3c(cc2Cl)OCO3)c1C(=O)O,CHEK2,resistant,scout1,3.2,0.0,0.405,3.61,88.1,,database,82.3,79.7,88.1,82.3,70,71.0,81.7,127,89.6,0.1037,100.0,high,1.78,0.5,short,8.0,low,7.0,TID (three times daily),40
CHEMBL192928,CC(C)(C)c1ccc(C(=O)Nc2[nH]nc3c2CN(C(=O)Cc2ccsc2)C3)cc1,AURKA,resistant,scout1,5.0,0.0,0.682,2.81,100.0,,database,75.9,79.6,100.0,75.9,70,79.9,81.6,128,87.3,0.1267,84.6,high,2.3,0.5,short,10.0,low,3.0,TID (three times daily),40
,CC(=O)c1cccc2[nH]c(-c3ccc(Cl)cc3)nc12,PARP1,resistant,scout2,5.62,270.7,0.713,2.4,70.0,0.451,r_group,74.3,99.4,70.0,74.3,100,84.4,81.5,129,89.3,0.1068,100.0,high,4.75,0.5,short,10.0,low,3.0,TID (three times daily),40
,Cl.NC(=O)c1cccc2[nH]c(-c3ccncc3)nc12,PARP1,resistant,scout2,5.72,274.7,0.751,2.4,70.0,0.608,bioisostere,74.0,99.4,70.0,74.0,100,84.4,81.4,130,49.9,0.501,39.2,high,0.32,0.5,short,10.0,low,1.0,TID (three times daily),40
,CNC(=O)c1cccc2[nH]c(-c3ccc(Cl)cc3)nc12,PARP1,resistant,scout2,5.68,285.7,0.759,2.5,70.0,0.42,r_group,74.1,99.4,70.0,74.1,100,83.3,81.4,131,78.6,0.2143,74.1,high,1.66,0.5,short,10.0,low,2.0,TID (three times daily),40
,COc1ccc(-c2nc3c(C(N)=S)cccc3[nH]2)cc1O,PARP1,resistant,scout2,5.64,299.4,0.647,2.6,70.0,0.644,bioisostere,74.2,99.4,70.0,74.2,100,82.2,81.4,132,59.8,0.4016,46.8,high,0.98,0.5,short,10.0,low,1.0,TID (three times daily),40
CHEMBL384304,COc1ccc(F)c(F)c1C(=O)c1cnc(NC2CCN(S(C)(=O)=O)CC2)nc1N,ATR,resistant,scout1,11.0,0.0,0.644,2.66,100.0,,database,64.6,98.9,100.0,64.6,70,81.6,81.4,133,28.9,0.7109,8.2,moderate,0.25,0.5,short,59.1,high,0.0,TID (three times daily),85
,Cl.NC(=O)c1cccc2[nH]c(-c3ccoc3)nc12,PARP1,resistant,scout2,5.83,263.7,0.744,2.2,70.0,0.55,bioisostere,73.7,99.4,70.0,73.7,100,86.7,81.4,134,53.2,0.4679,45.0,high,0.39,0.5,short,10.0,low,1.0,TID (three times daily),40
,Cl.NC(=O)c1cccc2[nH]c(-c3cc[nH]c3)nc12,PARP1,resistant,scout2,5.84,262.7,0.66,2.2,70.0,0.549,bioisostere,73.7,99.4,70.0,73.7,100,86.7,81.4,135,46.9,0.5312,37.5,high,0.29,0.5,short,10.0,low,1.0,TID (three times daily),40
CHEMBL384304,COc1ccc(F)c(F)c1C(=O)c1cnc(NC2CCN(S(C)(=O)=O)CC2)nc1N,ATR,resistant,scout1,11.0,0.0,0.644,2.66,100.0,,database,64.6,98.9,100.0,64.6,70,81.6,81.4,136,28.9,0.7109,8.2,moderate,0.25,0.5,short,59.1,high,0.0,TID (three times daily),85
,Cl.NC(=O)c1cccc2[nH]c(-c3ccsc3)nc12,PARP1,resistant,scout2,5.84,279.8,0.757,2.2,70.0,0.58,bioisostere,73.7,99.4,70.0,73.7,100,86.7,81.4,137,67.5,0.3246,62.2,high,0.81,0.5,short,10.0,low,2.0,TID (three times daily),40
CHEMBL69063,COC(=O)c1cc2c([nH]1)C(=O)C=C1C2C(C)CN1C(=O)c1cc2cc(OC)c(OC)c(OC)c2[nH]1,MAP2K1,sensitive,scout1,0.0045,0.0,0.539,4.09,100.0,,database,100.0,80.0,100.0,30.0,70,65.7,81.3,138,67.4,0.326,47.1,high,0.38,0.5,short,10.0,low,2.0,TID (three times daily),40
CHEMBL111839,CC(=O)N[C@@H](Cc1ccc(O)cc1)C(=O)N[C@H](C(=O)N[C@@H](C)C(=O)NC(C=O)CC(=O)O)C(C)C,CD274,immune,scout1,0.76,0.0,0.194,3.54,73.9,,database,100.0,99.9,73.9,30.0,70,71.8,81.3,139,20.0,0.8,1.1,low,0.1,1.1,short,37.8,moderate,0.0,TID (three times daily),75
,NC(=O)c1cccc2[nH]c(-c3ccc(OC(F)(F)F)c(O)c3)nc12,PARP1,resistant,scout2,5.47,337.3,0.684,3.0,70.0,0.405,r_group,74.6,99.5,70.0,74.6,100,77.8,81.3,140,62.3,0.377,59.8,high,0.46,0.5,short,10.0,low,2.0,TID (three times daily),40
,O=C(F)c1cccc2[nH]c(-c3ccc(Cl)cc3)nc12,PARP1,resistant,scout2,5.76,274.7,0.718,2.4,70.0,0.625,r_group,73.9,99.4,70.0,73.9,100,84.4,81.3,141,88.7,0.1133,100.0,high,4.36,0.5,short,10.0,low,3.0,TID (three times daily),40
,COOc1ccc(-c2nc3c(C(N)=O)cccc3[nH]2)cc1O,PARP1,resistant,scout2,5.7,299.3,0.504,2.8,70.0,0.675,r_group,74.1,99.4,70.0,74.1,100,80.0,81.2,142,38.3,0.6174,30.8,high,0.15,0.5,short,10.0,low,1.0,TID (three times daily),40
,NC(=S)c1cccc2[nH]c(-c3ccc(Cl)cc3)nc12,PARP1,resistant,scout2,5.92,287.8,0.709,2.4,70.0,0.543,bioisostere,73.5,99.4,70.0,73.5,100,84.4,81.2,143,82.8,0.1724,100.0,high,4.57,0.5,short,10.0,low,3.0,TID (three times daily),40
,CNOc1ccc(-c2nc3c(C(N)=O)cccc3[nH]2)cc1O,PARP1,resistant,scout2,5.72,298.3,0.546,2.8,70.0,0.606,r_group,74.0,99.4,70.0,74.0,100,80.0,81.2,144,29.6,0.7035,23.0,high,0.19,0.5,short,10.0,low,1.0,TID (three times daily),40
,NOc1ccc(-c2nc3c(C(N)=O)cccc3[nH]2)cc1O,PARP1,resistant,scout2,5.77,284.3,0.539,2.6,70.0,0.634,r_group,73.9,99.4,70.0,73.9,100,82.2,81.2,145,21.2,0.7876,21.7,high,0.11,0.5,short,10.0,low,1.0,TID (three times daily),40
,O=C(c1cccc2[nH]c(-c3ccc(Cl)cc3)nc12)C1CC1,PARP1,resistant,scout2,5.79,296.8,0.725,2.6,70.0,0.452,r_group,73.8,99.4,70.0,73.8,100,82.2,81.2,146,92.3,0.0767,100.0,high,6.81,0.8,short,10.0,low,3.0,TID (three times daily),40
,COC(=O)c1cccc2[nH]c(-c3ccc(Cl)cc3)nc12,PARP1,resistant,scout2,5.81,286.7,0.731,2.5,70.0,0.564,r_group,73.8,99.4,70.0,73.8,100,83.3,81.2,147,84.4,0.1565,99.5,high,2.62,0.5,short,10.0,low,3.0,TID (three times daily),40
,NC(=O)c1cccc2[nH]c(-c3ccc(OF)c(O)c3)nc12,PARP1,resistant,scout2,5.81,287.2,0.688,2.6,70.0,0.656,r_group,73.8,99.4,70.0,73.8,100,82.2,81.2,148,47.4,0.5264,43.6,high,0.26,0.5,short,10.0,low,1.0,TID (three times daily),40
,COc1ccc(-c2nc3c(C(N)=O)cccc3[nH]2)cc1S,PARP1,resistant,scout2,5.83,299.4,0.65,2.6,70.0,0.607,bioisostere,73.7,99.4,70.0,73.7,100,82.2,81.1,149,61.9,0.3812,48.4,high,0.55,0.5,short,10.0,low,1.0,TID (three times daily),40
CHEMBL35670,COC(=O)c1c(C)[nH]c2c1[C@@]13C[C@@H]1CN(C(=O)c1cc4cc(OC)c(OC)c(OC)c4[nH]1)C3=CC2=O,MAP2K1,sensitive,scout1,0.045,0.0,0.526,4.4,100.0,,database,100.0,80.0,100.0,30.0,70,62.2,81.1,150,65.2,0.3481,40.4,high,0.33,0.5,short,10.0,low,2.0,TID (three times daily),40
CHEMBL3698644,c1cc2c3cnc(Nc4cnc(N5CCNCC5)nc4)nc3n(C3CCCC3)c2cn1,CDK6,sensitive,scout1,1.1,0.0,0.525,2.85,100.0,,database,97.6,79.9,100.0,29.3,70,79.4,81.1,151,69.2,0.3077,48.3,high,2.23,0.5,short,10.0,low,2.0,TID (three times daily),40
CHEMBL159124,COC(=O)c1c(C)[nH]c2c1[C@@]13C[C@@H]1CN(C(=O)/C=C/c1cnc(OC)nc1)C3=CC2=O,MAP2K1,sensitive,scout1,2.5,0.0,0.592,4.48,100.0,,database,85.9,99.8,100.0,25.8,70,61.3,81.1,152,39.3,0.607,12.2,moderate,0.12,0.5,short,39.1,moderate,0.0,TID (three times daily),65
,N#COc1ccc(-c2nc3c(C(N)=O)cccc3[nH]2)cc1O,PARP1,resistant,scout2,5.79,294.3,0.636,2.8,70.0,0.647,r_group,73.8,99.4,70.0,73.8,100,80.0,81.1,153,31.6,0.6838,33.0,high,0.1,0.5,short,10.0,low,1.0,TID (three times daily),40
,CN(O)c1ccc(-c2nc3c(C(N)=O)cccc3[nH]2)cc1,PARP1,resistant,scout2,5.84,282.3,0.641,2.6,70.0,0.645,r_group,73.7,99.4,70.0,73.7,100,82.2,81.1,154,46.5,0.5351,34.9,high,0.26,0.5,short,10.0,low,1.0,TID (three times daily),40
,CSc1ccc(-c2nc3c(C(N)=O)cccc3[nH]2)cc1O,PARP1,resistant,scout2,5.92,299.4,0.648,2.6,70.0,0.637,bioisostere,73.5,99.4,70.0,73.5,100,82.2,81.0,155,60.4,0.3956,52.9,high,0.48,0.5,short,10.0,low,2.0,TID (three times daily),40
,CN(Cl)c1ccc(-c2nc3c(C(N)=O)cccc3[nH]2)cc1,PARP1,resistant,scout2,5.98,300.7,0.73,2.6,70.0,0.635,r_group,73.4,99.4,70.0,73.4,100,82.2,81.0,156,69.2,0.3076,59.2,high,0.83,0.5,short,10.0,low,2.0,TID (three times daily),40
,O=C(Cl)c1cccc2[nH]c(-c3ccc(Cl)cc3)nc12,PARP1,resistant,scout2,6.18,291.1,0.717,2.4,70.0,0.515,r_group,72.9,99.4,70.0,72.9,100,84.4,80.9,157,90.9,0.0906,100.0,high,5.59,0.6,short,10.0,low,3.0,TID (three times daily),40
CHEMBL3237704,CC1(C)CCC(n2c3cnccc3c3cnc(Nc4ccc(N5CCNCC5)cn4)nc32)CC1,CDK6,sensitive,scout1,1.1,0.0,0.462,3.0,99.2,,database,97.6,79.9,99.2,29.3,70,77.8,80.9,158,91.6,0.0838,100.0,high,13.48,1.6,short,10.0,low,5.0,TID (three times daily),40
,CN(C(=O)O)c1ccc(-c2nc3c(C(N)=O)cccc3[nH]2)cc1,PARP1,resistant,scout2,5.93,310.3,0.689,2.9,70.0,0.616,r_group,73.5,99.4,70.0,73.5,100,78.9,80.9,159,47.3,0.5274,42.9,high,0.23,0.5,short,10.0,low,1.0,TID (three times daily),40
,NC(=O)c1cccc2[nH]c(-c3ccc(OS(N)(=O)=O)c(O)c3)nc12,PARP1,resistant,scout2,5.84,348.3,0.54,3.0,70.0,0.619,r_group,73.7,99.4,70.0,73.7,100,77.8,80.9,160,20.0,0.8,13.6,moderate,0.1,0.5,short,22.2,moderate,0.0,TID (three times daily),65
,NC(=O)c1cccc2[nH]c(-c3ccc(OC4CC4)c(O)c3)nc12,PARP1,resistant,scout2,5.94,309.3,0.689,2.9,70.0,0.592,r_group,73.5,99.4,70.0,73.5,100,78.9,80.9,161,54.0,0.4599,38.2,high,0.33,0.5,short,10.0,low,1.0,TID (three times daily),40
,CN(C)C(=O)c1cccc2[nH]c(-c3ccc(Cl)cc3)nc12,PARP1,resistant,scout2,6.02,299.8,0.786,2.6,70.0,0.442,r_group,73.3,99.4,70.0,73.3,100,82.2,80.9,162,85.0,0.1502,84.2,high,2.78,0.5,short,10.0,low,3.0,TID (three times daily),40
,CCC(=O)c1cccc2[nH]c(-c3ccc(Cl)cc3)nc12,PARP1,resistant,scout2,6.14,284.7,0.721,2.5,70.0,0.467,r_group,73.0,99.4,70.0,73.0,100,83.3,80.9,163,92.2,0.0784,100.0,high,6.81,0.8,short,10.0,low,3.0,TID (three times daily),40
,NC(=O)Oc1ccc(-c2nc3c(C(N)=O)cccc3[nH]2)cc1O,PARP1,resistant,scout2,5.89,312.3,0.579,2.9,70.0,0.612,r_group,73.6,99.4,70.0,73.6,100,78.9,80.9,164,20.6,0.7936,25.0,high,0.1,0.5,short,7.0,low,1.0,TID (three times daily),40
,NC(=O)c1cccc2[nH]c(-c3ccc(OCl)c(O)c3)nc12,PARP1,resistant,scout2,6.02,303.7,0.692,2.6,70.0,0.613,r_group,73.3,99.4,70.0,73.3,100,82.2,80.9,165,53.6,0.4644,52.5,high,0.33,0.5,short,10.0,low,2.0,TID (three times daily),40
,CN(C)Oc1ccc(-c2nc3c(C(N)=O)cccc3[nH]2)cc1O,PARP1,resistant,scout2,6.03,312.3,0.638,2.9,70.0,0.548,r_group,73.2,99.4,70.0,73.2,100,78.9,80.8,166,39.4,0.606,26.1,high,0.16,0.5,short,10.0,low,1.0,TID (three times daily),40
CHEMBL107764,O=C(CCn1c2c(c(=O)[nH]c1=O)CSCC2)NCC(=O)c1ccc(-c2cccnc2)cc1,PARP1,resistant,scout1,12.0,0.0,0.531,2.71,100.0,,database,63.4,98.8,100.0,63.4,70,81.0,80.8,167,40.5,0.5953,18.8,moderate,0.12,0.5,short,10.0,low,1.0,TID (three times daily),50
CHEMBL108919,O=C(CCn1c2c(c(=O)[nH]c1=O)CSCC2)NCC(=O)c1ccc(N2CCCC2)cc1,PARP1,resistant,scout1,12.0,0.0,0.627,2.7,100.0,,database,63.4,98.8,100.0,63.4,70,81.1,80.8,168,34.8,0.6517,6.8,moderate,0.1,0.5,short,66.1,high,0.0,TID (three times daily),85
,N#Cc1cnc(NC(=O)Nc2cc(F)ccc2OC2CCOC2)cn1,CHEK1,resistant,scout2,5.86,343.3,0.881,3.1,70.0,0.543,r_group,73.7,99.4,70.0,73.7,100,76.7,80.8,169,47.2,0.5278,19.5,moderate,0.21,0.5,short,10.0,low,1.0,TID (three times daily),50
,CCOc1ccc(-c2nc3c(C(N)=O)cccc3[nH]2)cc1O,PARP1,resistant,scout2,6.02,297.3,0.688,2.8,70.0,0.664,r_group,73.3,99.4,70.0,73.3,100,80.0,80.8,170,50.6,0.4943,38.0,high,0.29,0.5,short,10.0,low,1.0,TID (three times daily),40
,CN(F)c1ccc(-c2nc3c(C(N)=O)cccc3[nH]2)cc1,PARP1,resistant,scout2,6.16,284.3,0.726,2.6,70.0,0.595,r_group,72.9,99.4,70.0,72.9,100,82.2,80.8,171,63.7,0.3628,49.1,high,0.65,0.5,short,10.0,low,1.0,TID (three times daily),40
,CN(C#N)c1ccc(-c2nc3c(C(N)=O)cccc3[nH]2)cc1,PARP1,resistant,scout2,6.07,291.3,0.571,2.8,70.0,0.602,r_group,73.2,99.4,70.0,73.2,100,80.0,80.8,172,47.4,0.5256,37.5,high,0.26,0.5,short,10.0,low,1.0,TID (three times daily),40
,NS(=O)(=O)C(=O)c1cccc2[nH]c(-c3ccc(Cl)cc3)nc12,PARP1,resistant,scout2,6.13,335.8,0.749,2.8,70.0,0.452,r_group,73.0,99.4,70.0,73.0,100,80.0,80.7,173,48.3,0.5169,44.0,high,0.46,0.5,short,10.0,low,1.0,TID (three times daily),40
,NC(=O)C(=O)c1cccc2[nH]c(-c3ccc(Cl)cc3)nc12,PARP1,resistant,scout2,6.2,299.7,0.575,2.6,70.0,0.487,r_group,72.9,99.4,70.0,72.9,100,82.2,80.7,174,57.6,0.4236,51.9,high,0.43,0.5,short,10.0,low,2.0,TID (three times daily),40
,CN(N)c1ccc(-c2nc3c(C(N)=O)cccc3[nH]2)cc1,PARP1,resistant,scout2,6.23,281.3,0.501,2.6,70.0,0.636,r_group,72.8,99.4,70.0,72.8,100,82.2,80.7,175,34.5,0.6552,24.4,high,0.28,0.5,short,10.0,low,1.0,TID (three times daily),40
,O=C(c1cccc2[nH]c(-c3ccc(Cl)cc3)nc12)C(F)(F)F,PARP1,resistant,scout2,6.15,324.7,0.699,2.8,70.0,0.486,r_group,73.0,99.4,70.0,73.0,100,80.0,80.7,176,93.5,0.065,100.0,high,7.83,0.9,short,10.0,low,3.0,TID (three times daily),40
CHEMBL304624,Oc1cccc(-c2nc(-c3ccccc3)[nH]c2-c2ccncc2)c1,BRAF,escape_route,scout1,8.0,0.0,0.585,2.11,100.0,,database,69.2,99.2,100.0,48.4,70,87.7,80.7,177,91.0,0.0904,100.0,high,4.86,0.6,short,10.0,low,3.0,TID (three times daily),40
,CC(C)Oc1ccc(-c2nc3c(C(N)=O)cccc3[nH]2)cc1O,PARP1,resistant,scout2,6.06,311.3,0.689,2.9,70.0,0.588,r_group,73.2,99.4,70.0,73.2,100,78.9,80.7,178,58.9,0.4106,45.2,high,0.41,0.5,short,10.0,low,1.0,TID (three times daily),40
CHEMBL431493,Oc1cc(C(F)(F)F)c2cc3c(cc2n1)NC[C@@H]1CCCC[C@H]31,AR,sensitive,scout1,3.0,0.0,0.741,3.66,100.0,,database,83.3,99.7,100.0,25.0,70,70.4,80.7,179,93.7,0.0633,66.2,high,16.29,2.8,short,10.0,low,2.0,TID (three times daily),40
,N#Cc1cnc(NC(=O)Nc2cc(C(=O)O)ccc2OC2CCOC2)cn1,CHEK1,resistant,scout2,5.96,369.3,0.723,3.4,70.0,0.428,r_group,73.4,99.4,70.0,73.4,100,73.3,80.6,180,27.5,0.7255,14.8,moderate,0.1,0.5,short,18.3,low,0.0,TID (three times daily),50
,O=C(O)c1cccc2[nH]c(-c3ccc(Cl)cc3)nc12,PARP1,resistant,scout2,6.41,272.7,0.749,2.4,70.0,0.492,r_group,72.4,99.4,70.0,72.4,100,84.4,80.6,181,80.5,0.1945,100.0,high,1.87,0.5,short,10.0,low,3.0,TID (three times daily),40
CHEMBL200320,NCc1ccc(-c2nc(-c3ccc(Cl)c(O)c3)c(-c3ccncc3)[nH]2)cc1,BRAF,escape_route,scout1,8.0,0.0,0.484,2.38,100.0,,database,69.2,99.2,100.0,48.4,70,84.7,80.6,182,89.4,0.1057,100.0,high,5.9,0.7,short,10.0,low,4.0,TID (three times daily),40
,CN(c1ccc(-c2nc3c(C(N)=O)cccc3[nH]2)cc1)S(N)(=O)=O,PARP1,resistant,scout2,6.12,345.4,0.649,3.0,70.0,0.626,r_group,73.0,99.4,70.0,73.0,100,77.8,80.6,183,20.0,0.8,15.4,moderate,0.1,0.5,short,23.1,moderate,0.0,TID (three times daily),65
,CN(C)c1ccoc1.NC(=O)c1cccc2[nH]cnc12,PARP1,resistant,scout2,6.43,272.3,0.747,2.5,70.0,0.42,bioisostere,72.3,99.4,70.0,72.3,100,83.3,80.6,184,45.7,0.5428,27.4,high,0.26,0.5,short,10.0,low,1.0,TID (three times daily),40
CHEMBL5220723,Cn1cc(Cc2ccccc2OCCN2CCOCC2)c(-c2cc(Cl)nc(N)n2)n1,EZH2,resistant,scout1,12.3,0.0,0.578,2.74,100.0,,database,63.0,98.8,100.0,63.0,70,80.7,80.6,185,60.3,0.3966,23.4,high,0.71,0.5,short,10.0,low,1.0,TID (three times daily),40
,N#Cc1cnc(NC(=O)Nc2cc(N)ccc2OC2CCOC2)cn1,CHEK1,resistant,scout2,6.06,340.3,0.721,3.1,70.0,0.456,r_group,73.2,99.4,70.0,73.2,100,76.7,80.6,186,27.8,0.7218,13.3,moderate,0.14,0.5,short,33.7,moderate,0.0,TID (three times daily),65
CHEMBL112207,CC(C)[C@H](CC(=O)NCCc1cn(C)c2ccccc12)C(=O)NC(CC(=O)O)C(=O)CNS(=O)(=O)CC12CCC(CC1=O)C2(C)C,CD274,immune,scout1,0.4,0.0,0.212,5.0,74.2,,database,100.0,100.0,74.2,30.0,70,55.6,80.6,187,37.3,0.627,10.4,moderate,0.1,0.5,short,16.8,low,0.0,TID (three times daily),50
,CN(C)N(C)c1ccc(-c2nc3c(C(N)=O)cccc3[nH]2)cc1,PARP1,resistant,scout2,6.2,309.4,0.725,2.9,70.0,0.646,r_group,72.9,99.4,70.0,72.9,100,78.9,80.6,188,55.9,0.4407,30.3,high,0.41,0.5,short,10.0,low,1.0,TID (three times daily),40
,CNc1ccc(-c2nc3c(C(N)=O)cccc3[nH]2)cc1O,PARP1,resistant,scout2,6.43,282.3,0.552,2.6,70.0,0.525,bioisostere,72.3,99.4,70.0,72.3,100,82.2,80.5,189,41.7,0.583,33.1,high,0.39,0.5,short,10.0,low,1.0,TID (three times daily),40
,CNN(C)c1ccc(-c2nc3c(C(N)=O)cccc3[nH]2)cc1,PARP1,resistant,scout2,6.35,295.3,0.642,2.8,70.0,0.626,r_group,72.5,99.4,70.0,72.5,100,80.0,80.5,190,45.1,0.5487,26.3,high,0.49,0.5,short,10.0,low,1.0,TID (three times daily),40
,N#Cc1cnc(NC(=S)Nc2cc(Cl)ccc2OC2CCOC2)cn1,CHEK1,resistant,scout2,6.2,375.8,0.788,3.1,70.0,0.428,bioisostere,72.9,99.4,70.0,72.9,100,76.7,80.5,191,68.0,0.3202,31.2,high,2.35,0.9,short,10.0,low,1.0,TID (three times daily),40
,CN(C)c1ccncc1.NC(=O)c1cccc2[nH]cnc12,PARP1,resistant,scout2,6.4,283.3,0.75,2.6,70.0,0.428,bioisostere,72.4,99.4,70.0,72.4,100,82.2,80.5,192,42.5,0.5755,24.3,high,0.22,0.5,short,10.0,low,1.0,TID (three times daily),40
,N#Cc1cnc(NC(=O)Nc2cc(C(N)=O)ccc2OC2CCOC2)cn1,CHEK1,resistant,scout2,5.99,368.4,0.718,3.4,70.0,0.528,r_group,73.3,99.4,70.0,73.3,100,73.3,80.5,193,20.0,0.8,9.8,moderate,0.1,0.5,short,35.8,moderate,0.0,TID (three times daily),75
,Cc1ccc(OC2CCOC2)c(NC(=O)Nc2cnc(C#N)cn2)c1,CHEK1,resistant,scout2,6.18,339.4,0.885,3.1,70.0,0.467,r_group,72.9,99.4,70.0,72.9,100,76.7,80.5,194,50.4,0.496,20.2,high,0.25,0.5,short,10.0,low,1.0,TID (three times daily),40
CHEMBL207778,COc1cc(CN2CCCC2)ccc1NC(=O)Nc1cnc(C#N)cn1,CHEK1,resistant,scout1,13.0,0.0,0.857,2.32,100.0,,database,62.2,98.7,100.0,62.2,70,85.3,80.4,195,55.8,0.4416,20.5,high,0.32,0.5,short,10.0,low,1.0,TID (three times daily),40
,CN(C)c1ccsc1.NC(=O)c1cccc2[nH]cnc12,PARP1,resistant,scout2,6.61,288.4,0.76,2.5,70.0,0.403,bioisostere,71.9,99.3,70.0,71.9,100,83.3,80.4,196,60.6,0.3936,37.9,high,0.55,0.5,short,10.0,low,1.0,TID (three times daily),40
CHEMBL200412,O/N=C/c1ccc(-c2[nH]c(-c3ccccc3)nc2-c2ccncc2)cc1Cl,BRAF,escape_route,scout1,6.0,0.0,0.29,2.44,90.8,,database,73.3,99.4,90.8,51.3,70,84.0,80.4,197,94.5,0.0546,100.0,high,7.33,0.8,short,9.0,low,4.0,TID (three times daily),40
,N#CC(=O)c1cccc2[nH]c(-c3ccc(Cl)cc3)nc12,PARP1,resistant,scout2,6.61,281.7,0.576,2.5,70.0,0.482,r_group,71.9,99.3,70.0,71.9,100,83.3,80.4,198,80.1,0.1991,100.0,high,1.74,0.5,short,10.0,low,3.0,TID (three times daily),40
CHEMBL393525,Cc1ccc([N+](=O)[O-])cc1S(=O)(=O)N(C)/N=C/c1cnc2ccc(Br)cn12,PIK3CA,escape_route,scout1,7.8,0.0,0.336,2.89,100.0,,database,69.6,99.2,100.0,48.7,70,79.0,80.4,199,65.2,0.3484,55.0,high,0.38,0.5,short,10.0,low,3.0,TID (three times daily),40
,N#Cc1cnc(NC(=O)Nc2cc(C3CC3)ccc2OC2CCOCC2)cn1,CHEK1,resistant,scout2,6.09,379.4,0.824,3.5,70.0,0.5,r_group,73.1,99.4,70.0,73.1,100,72.2,80.4,200,70.3,0.2966,32.2,high,0.6,0.5,short,10.0,low,1.0,TID (three times daily),40
CHEMBL717,CC(=O)O[C@]1(C(C)=O)CC[C@H]2[C@@H]3C[C@H](C)C4=CC(=O)CC[C@]4(C)[C@H]3CC[C@@]21C,AR,sensitive,scout1,2.9,0.0,0.648,4.4,100.0,,database,83.7,99.7,100.0,25.1,70,62.2,80.4,201,93.0,0.0697,18.3,moderate,5.72,3.6,moderate,10.0,low,1.0,TID (three times daily),65
CHEMBL393525,Cc1ccc([N+](=O)[O-])cc1S(=O)(=O)N(C)/N=C/c1cnc2ccc(Br)cn12,PIK3CA,escape_route,scout1,7.8,0.0,0.336,2.89,100.0,,database,69.6,99.2,100.0,48.7,70,79.0,80.4,202,65.2,0.3484,55.0,high,0.38,0.5,short,10.0,low,3.0,TID (three times daily),40
,N#Cc1cnc(NC(=O)Nc2cc(N)ccc2OC2CCOCC2)cn1,CHEK1,resistant,scout2,6.24,354.4,0.716,3.2,70.0,0.506,r_group,72.8,99.4,70.0,72.8,100,75.6,80.4,203,35.1,0.6487,16.0,moderate,0.2,0.5,short,20.0,low,0.0,TID (three times daily),50
,CON(C)c1ccc(-c2nc3c(C(N)=O)cccc3[nH]2)cc1,PARP1,resistant,scout2,6.47,296.3,0.724,2.8,70.0,0.553,r_group,72.2,99.4,70.0,72.2,100,80.0,80.3,204,54.7,0.4526,35.3,high,0.39,0.5,short,10.0,low,1.0,TID (three times daily),40
,N#Cc1cnc(NC(=O)Nc2cc(S(N)(=O)=O)ccc2OC2CCOC2)cn1,CHEK1,resistant,scout2,6.11,404.4,0.657,3.5,70.0,0.401,r_group,73.1,99.4,70.0,73.1,100,72.2,80.3,205,20.0,0.8,7.0,moderate,0.1,0.5,short,45.7,moderate,0.0,TID (three times daily),75
,N#Cc1ccc(OC2CCOC2)c(NC(=O)Nc2cnc(C#N)cn2)c1,CHEK1,resistant,scout2,6.34,350.3,0.861,3.2,70.0,0.47,r_group,72.5,99.4,70.0,72.5,100,75.6,80.3,206,33.9,0.6611,16.6,moderate,0.1,0.5,short,16.8,low,0.0,TID (three times daily),50
,N#Cc1cnc(NC(=S)Nc2cc(Cl)ccc2OC2CCOCC2)cn1,CHEK1,resistant,scout2,6.33,389.9,0.769,3.2,70.0,0.469,bioisostere,72.6,99.4,70.0,72.6,100,75.6,80.3,207,74.9,0.251,37.6,high,3.36,1.0,short,10.0,low,1.0,TID (three times daily),40
,N#Cc1cnc(NC(=O)Nc2cc(O)ccc2OC2CCOCC2)cn1,CHEK1,resistant,scout2,6.33,355.4,0.767,3.2,70.0,0.478,r_group,72.6,99.4,70.0,72.6,100,75.6,80.3,208,39.5,0.6048,17.4,moderate,0.13,0.5,short,12.8,low,0.0,TID (three times daily),50
,N#Cc1cnc(NC(=O)Nc2cc(F)ccc2OC2CCOCC2)cn1,CHEK1,resistant,scout2,6.42,357.3,0.871,3.2,70.0,0.438,r_group,72.4,99.4,70.0,72.4,100,75.6,80.2,209,55.7,0.4431,23.5,high,0.3,0.5,short,10.0,low,1.0,TID (three times daily),40
,Cl.N#Cc1cnc(NC(=O)Nc2cc[nH]c2)cn1.OC1CCOC1,CHEK1,resistant,scout2,6.52,352.8,0.646,3.0,70.0,0.404,bioisostere,72.1,99.3,70.0,72.1,100,77.8,80.2,210,24.5,0.7551,10.6,moderate,0.1,0.5,short,47.1,moderate,0.0,TID (three times daily),65
,N#Cc1cnc(NC(=O)Nc2cc(O)ccc2OC2CCOC2)cn1,CHEK1,resistant,scout2,6.41,341.3,0.774,3.1,70.0,0.436,r_group,72.4,99.4,70.0,72.4,100,76.7,80.2,211,31.7,0.6826,14.4,moderate,0.1,0.5,short,27.8,moderate,0.0,TID (three times daily),65
,N#Cc1ccc(OC2CCOCC2)c(NC(=O)Nc2cnc(C#N)cn2)c1,CHEK1,resistant,scout2,6.3,364.4,0.851,3.4,70.0,0.5,r_group,72.6,99.4,70.0,72.6,100,73.3,80.2,212,41.9,0.5813,20.2,high,0.14,0.5,short,10.0,low,1.0,TID (three times daily),40
,Cc1ccc(OC2CCOCC2)c(NC(=O)Nc2cnc(C#N)cn2)c1,CHEK1,resistant,scout2,6.38,353.4,0.875,3.2,70.0,0.592,r_group,72.4,99.4,70.0,72.4,100,75.6,80.2,213,58.8,0.4119,24.6,high,0.36,0.5,short,10.0,low,1.0,TID (three times daily),40
,CN(C(N)=O)c1ccc(-c2nc3c(C(N)=O)cccc3[nH]2)cc1,PARP1,resistant,scout2,6.53,309.3,0.685,2.9,70.0,0.527,r_group,72.1,99.3,70.0,72.1,100,78.9,80.2,214,33.7,0.6633,28.4,high,0.11,0.5,short,10.0,low,1.0,TID (three times daily),40
CHEMBL86505,COc1ccc(Cn2nc(-c3ccccc3)c(Cc3cc4c(cc3Cl)OCO4)c2C(=O)O)c(OCC(=O)O)c1,CHEK2,resistant,scout1,4.0,0.0,0.287,2.73,85.7,,database,79.1,79.7,85.7,79.1,70,80.8,80.2,215,87.6,0.124,100.0,high,1.27,0.5,short,8.0,low,7.0,TID (three times daily),40
CHEMBL402548,CO[C@@H](C(=O)N1Cc2[nH]nc(NC(=O)c3ccc(N4CCN(C)CC4)cc3)c2C1)c1ccccc1,AURKA,resistant,scout1,13.0,0.0,0.571,3.02,100.0,,database,62.2,98.7,100.0,62.2,70,77.6,80.1,216,65.9,0.3414,29.3,high,0.42,0.5,short,10.0,low,1.0,TID (three times daily),40
CHEMBL155513,CCCCCC[Se](=O)(=O)CC(=O)C(F)(F)F,FOLH1,other,scout1,3.388,0.0,0.536,3.67,100.0,,database,81.5,99.7,100.0,24.5,70,70.3,80.1,217,77.7,0.2232,4.9,low,1.54,3.6,moderate,75.6,high,0.0,TID (three times daily),100
,N#Cc1cnc(NC(=O)Nc2cc(C3CC3)ccc2OC2CCOC2)cn1,CHEK1,resistant,scout2,6.43,365.4,0.843,3.4,70.0,0.403,r_group,72.3,99.4,70.0,72.3,100,73.3,80.1,218,62.8,0.3721,26.1,high,0.42,0.5,short,10.0,low,1.0,TID (three times daily),40
,COc1ccncc1.O.O=C1Nc2ccccc2/C1=C/c1ccc[nH]1,CHEK1,resistant,scout2,6.58,337.4,0.703,3.1,70.0,0.434,bioisostere,72.0,99.3,70.0,72.0,100,76.7,80.1,219,60.2,0.3976,54.9,high,0.42,0.5,short,10.0,low,2.0,TID (three times daily),40
CHEMBL4246320,Cc1ccc2c(c1)CCCN2S(=O)(=O)c1ccc(N2CCCC2=O)cc1,MDM2,sensitive,scout1,4.0,0.0,0.833,2.17,100.0,,database,79.1,99.6,100.0,23.7,70,87.0,80.1,220,81.6,0.1845,31.5,high,1.69,0.6,short,10.0,low,1.0,TID (three times daily),40
,COc1ccc(OC2CCOC2)c(NC(=O)Nc2cnc(C#N)cn2)c1,CHEK1,resistant,scout2,6.49,355.4,0.843,3.2,70.0,0.502,r_group,72.2,99.4,70.0,72.2,100,75.6,80.1,221,41.8,0.5818,16.4,moderate,0.15,0.5,short,17.9,low,0.0,TID (three times daily),50
CHEMBL222102,O=c1cc(-c2cccc3c2Sc2ccccc2S3)oc(N2CCOCC2)c1,ATM,resistant,scout1,13.0,0.0,0.488,2.93,100.0,,database,62.2,98.7,100.0,62.2,70,78.6,80.1,222,95.1,0.0494,100.0,high,9.48,1.1,short,10.0,low,4.0,TID (three times daily),40
,Cl.N#Cc1cnc(NC(=O)Nc2ccncc2)cn1.OC1CCOCC1,CHEK1,resistant,scout2,6.59,378.8,0.727,3.2,70.0,0.409,bioisostere,72.0,99.3,70.0,72.0,100,75.6,80.0,223,34.0,0.6603,13.8,moderate,0.1,0.5,short,31.0,moderate,0.0,TID (three times daily),65
,Cl.N#Cc1cnc(NC(=O)Nc2ccncc2)cn1.OC1CCOC1,CHEK1,resistant,scout2,6.61,364.8,0.736,3.1,70.0,0.422,bioisostere,71.9,99.3,70.0,71.9,100,76.7,80.0,224,26.8,0.732,11.5,moderate,0.1,0.5,short,42.6,moderate,0.0,TID (three times daily),65
,N#Cc1cnc(NC(=O)Nc2cc(C(N)=O)ccc2OC2CCOCC2)cn1,CHEK1,resistant,scout2,6.46,382.4,0.71,3.5,70.0,0.468,r_group,72.3,99.4,70.0,72.3,100,72.2,80.0,225,23.2,0.7685,11.8,moderate,0.1,0.5,short,28.6,moderate,0.0,TID (three times daily),65
,CCc1ccc(OC2CCOCC2)c(NC(=O)Nc2cnc(C#N)cn2)c1,CHEK1,resistant,scout2,6.44,367.4,0.84,3.4,70.0,0.441,r_group,72.3,99.4,70.0,72.3,100,73.3,80.0,226,64.3,0.3572,27.5,high,0.45,0.5,short,10.0,low,1.0,TID (three times daily),40
,Cl.N#Cc1cnc(NC(=O)Nc2ccsc2)cn1.OC1CCOCC1,CHEK1,resistant,scout2,6.68,383.9,0.733,3.1,70.0,0.421,bioisostere,71.8,99.3,70.0,71.8,100,76.7,80.0,227,51.8,0.482,21.1,high,0.22,0.5,short,10.0,low,1.0,TID (three times daily),40
,N#Cc1cnc(NC(=O)Nc2cc(S(N)(=O)=O)ccc2OC2CCOCC2)cn1,CHEK1,resistant,scout2,6.4,418.4,0.65,3.6,70.0,0.432,r_group,72.4,99.4,70.0,72.4,100,71.1,80.0,228,20.0,0.8,8.4,moderate,0.1,0.5,short,40.6,moderate,0.0,TID (three times daily),75
,CC1(COc2ccoc2)COC1.Cl.N#Cc1cnc(NC(N)=O)cn1,CHEK1,resistant,scout2,6.69,367.8,0.842,3.1,70.0,0.401,bioisostere,71.8,99.3,70.0,71.8,100,76.7,80.0,229,32.2,0.6779,13.2,moderate,0.1,0.5,short,34.1,moderate,0.0,TID (three times daily),65
,COc1ccoc1.O.O=C1Nc2ccccc2/C1=C/c1ccc[nH]1,CHEK1,resistant,scout2,6.78,326.4,0.708,3.0,70.0,0.403,bioisostere,71.6,99.3,70.0,71.6,100,77.8,79.9,230,63.4,0.3663,62.6,high,0.5,0.5,short,10.0,low,2.0,TID (three times daily),40
,N#Cc1cnc(NC(=O)Nc2cc(C(F)(F)F)ccc2OC2CCOCC2)cn1,CHEK1,resistant,scout2,6.47,407.4,0.802,3.6,70.0,0.439,r_group,72.2,99.4,70.0,72.2,100,71.1,79.9,231,73.7,0.2626,40.2,high,0.69,0.5,short,10.0,low,2.0,TID (three times daily),40
,COc1cc(-c2cc[nH]c2)ccc1O.NC(=O)/C=C\c1ccc[nH]1,CHEK1,resistant,scout2,6.76,325.4,0.554,3.0,70.0,0.418,bioisostere,71.6,99.3,70.0,71.6,100,77.8,79.9,232,60.3,0.3975,60.0,high,0.42,0.5,short,10.0,low,2.0,TID (three times daily),40
,COc1cc[nH]c1.O.O=C1Nc2ccccc2/C1=C/c1ccc[nH]1,CHEK1,resistant,scout2,6.78,325.4,0.631,3.0,70.0,0.425,bioisostere,71.6,99.3,70.0,71.6,100,77.8,79.9,233,57.3,0.4269,52.2,high,0.37,0.5,short,10.0,low,2.0,TID (three times daily),40
CHEMBL4238053,COc1ccc2c(c1)N(C)CCN2S(=O)(=O)c1ccc(N2CCCC2=O)cc1,MDM2,sensitive,scout1,4.0,0.0,0.787,2.38,100.0,,database,79.1,99.6,100.0,23.7,70,84.7,79.9,234,67.4,0.3265,18.2,moderate,0.61,0.5,short,10.0,low,1.0,TID (three times daily),50
,COc1ccsc1.O.O=C1Nc2ccccc2/C1=C/c1ccc[nH]1,CHEK1,resistant,scout2,6.82,342.4,0.699,3.0,70.0,0.418,bioisostere,71.5,99.3,70.0,71.5,100,77.8,79.9,235,76.0,0.2401,86.6,high,1.05,0.5,short,10.0,low,3.0,TID (three times daily),40
,CCOC.CNc1ccc(Cl)cc1NC(=O)Nc1cnc(C#N)cn1,CHEK1,resistant,scout2,6.79,362.8,0.769,3.1,70.0,0.438,bioisostere,71.5,99.3,70.0,71.5,100,76.7,79.9,236,67.2,0.3278,40.0,high,1.04,0.5,short,10.0,low,1.0,TID (three times daily),40
CHEMBL298445,Cc1nc(N)sc1-c1ccnc(Nc2cccc([N+](=O)[O-])c2)n1,CDK4,sensitive,scout1,4.0,0.0,0.557,2.42,100.0,,database,79.1,99.6,100.0,23.7,70,84.2,79.9,237,59.2,0.4079,68.5,high,1.44,0.5,short,10.0,low,2.0,TID (three times daily),40
,CC1(COc2cc[nH]c2)COC1.Cl.N#Cc1cnc(NC(N)=O)cn1,CHEK1,resistant,scout2,6.82,366.8,0.752,3.1,70.0,0.403,bioisostere,71.5,99.3,70.0,71.5,100,76.7,79.8,238,26.9,0.7307,11.0,moderate,0.1,0.5,short,45.1,moderate,0.0,TID (three times daily),65
CHEMBL207995,COc1cc(C=O)c(Cl)cc1NC(=O)Nc1cnc(C#N)cn1,CHEK1,resistant,scout1,14.0,0.0,0.831,2.58,100.0,,database,61.2,98.6,100.0,61.2,70,82.4,79.8,239,47.0,0.5295,30.4,high,0.21,0.5,short,10.0,low,1.0,TID (three times daily),40
,CC1COC1.CNc1ccc(Cl)cc1NC(=O)Nc1cnc(C#N)cn1,CHEK1,resistant,scout2,6.77,374.8,0.759,3.2,70.0,0.498,bioisostere,71.6,99.3,70.0,71.6,100,75.6,79.8,240,67.8,0.3225,36.9,high,1.04,0.5,short,10.0,low,1.0,TID (three times daily),40
CHEMBL158368,COC(=O)c1c(C)[nH]c2c1[C@@]13C[C@@H]1CN(C(=O)/C=C/c1ccc(OC)nc1)C3=CC2=O,MAP2K1,sensitive,scout1,3.3,0.0,0.603,4.33,100.0,,database,81.9,99.7,100.0,24.6,70,63.0,79.8,241,56.0,0.4402,19.0,moderate,0.28,0.5,short,10.0,low,1.0,TID (three times daily),50
,CNCC(C)Oc1ccc(Cl)cc1NC(=O)Nc1cnc(C#N)cn1,CHEK1,resistant,scout2,6.84,360.8,0.73,3.1,70.0,0.573,bioisostere,71.4,99.3,70.0,71.4,100,76.7,79.8,242,53.7,0.463,24.5,high,0.54,0.5,short,10.0,low,1.0,TID (three times daily),40
,CC1(CSc2ccc(Cl)cc2NC(=O)Nc2cnc(C#N)cn2)COC1,CHEK1,resistant,scout2,6.75,389.9,0.755,3.2,70.0,0.506,bioisostere,71.6,99.3,70.0,71.6,100,75.6,79.8,243,78.6,0.2141,49.8,high,1.02,0.5,short,10.0,low,2.0,TID (three times daily),40
,S=C1NCCc2c(-c3ccc[nH]3)[nH]c3cccc1c23,PARP1,resistant,scout2,7.35,267.4,0.593,2.4,70.0,0.568,bioisostere,70.4,99.3,70.0,70.4,100,84.4,79.7,244,78.0,0.2196,54.8,high,3.61,0.8,short,10.0,low,1.0,TID (three times daily),40
,S=C1NCCc2c(-c3ccccc3Cl)[nH]c3cccc1c23,PARP1,resistant,scout2,7.26,312.8,0.655,2.6,70.0,0.543,bioisostere,70.6,99.3,70.0,70.6,100,82.2,79.7,245,93.4,0.0656,100.0,high,17.6,2.0,short,10.0,low,3.0,TID (three times daily),40
,Cl.O=C1NCCc2c(-c3cc[nH]c3)[nH]c3cccc1c23,PARP1,resistant,scout2,7.37,287.8,0.633,2.5,70.0,0.596,bioisostere,70.4,99.3,70.0,70.4,100,83.3,79.7,246,72.3,0.2765,50.6,high,1.1,0.5,short,10.0,low,1.0,TID (three times daily),40
,Cl.O=C1NCCc2c(-c3ccsc3)[nH]c3cccc1c23,PARP1,resistant,scout2,7.38,304.8,0.709,2.5,70.0,0.62,bioisostere,70.4,99.3,70.0,70.4,100,83.3,79.6,247,86.1,0.1395,84.1,high,3.11,0.5,short,10.0,low,3.0,TID (three times daily),40
,Cl.O=C1NCCc2c(-c3ccoc3)[nH]c3cccc1c23,PARP1,resistant,scout2,7.38,288.7,0.723,2.5,70.0,0.612,bioisostere,70.4,99.3,70.0,70.4,100,83.3,79.6,248,77.1,0.2287,60.8,high,1.49,0.5,short,10.0,low,2.0,TID (three times daily),40
CHEMBL589258,CCn1nnc2c(N3CCOCC3)nc(-c3ccc(NC(=O)Nc4ccc(C(=O)N5CCN(C)CC5)cc4)cc3)nc21,PIK3CB,escape_route,scout1,7.0,0.0,0.359,2.67,92.2,,database,71.1,99.3,92.2,49.8,70,81.4,79.6,249,58.9,0.4115,42.6,high,0.19,0.5,short,8.0,low,3.0,TID (three times daily),40
,O=C1OCCc2c(-c3ccccc3Cl)[nH]c3cccc1c23,PARP1,resistant,scout2,7.49,297.7,0.684,2.6,70.0,0.476,bioisostere,70.1,99.3,70.0,70.1,100,82.2,79.5,250,91.1,0.0891,100.0,high,5.75,0.7,short,10.0,low,3.0,TID (three times daily),40
,Cl.O=C1NCCc2c(-c3ccncc3)[nH]c3cccc1c23,PARP1,resistant,scout2,7.51,299.8,0.726,2.6,70.0,0.636,bioisostere,70.1,99.2,70.0,70.1,100,82.2,79.5,251,74.7,0.253,53.9,high,1.25,0.5,short,10.0,low,2.0,TID (three times daily),40
,O=C1OCCc2c(-c3ccc[nH]3)[nH]c3cccc1c23,PARP1,resistant,scout2,7.61,252.3,0.654,2.4,70.0,0.615,bioisostere,69.9,99.2,70.0,69.9,100,84.4,79.5,252,71.9,0.2815,50.8,high,1.18,0.5,short,10.0,low,1.0,TID (three times daily),40
CHEMBL87801,O=C(O)COc1ccccc1Cn1nc(-c2cccs2)c(Cc2cc3c(cc2Cl)OCO3)c1C(=O)O,CHEK2,resistant,scout1,4.6,0.0,0.319,2.82,86.4,,database,77.1,79.6,86.4,77.1,70,79.8,79.4,253,89.0,0.1103,100.0,high,1.65,0.5,short,8.0,low,7.0,TID (three times daily),40
CHEMBL390728,CCC1CCNc2cc3[nH]c(=O)cc(C(F)(F)F)c3cc21,AR,sensitive,scout1,4.0,0.0,0.839,3.34,100.0,,database,79.1,99.6,100.0,23.7,70,74.0,79.4,254,88.1,0.1188,43.3,high,7.83,2.1,short,10.0,low,1.0,TID (three times daily),40
CHEMBL321703,O=C(CCn1c2c(c(=O)[nH]c1=O)CSCC2)NCC(=O)c1ccc(-c2ccncc2)cc1,PARP1,resistant,scout1,15.0,0.0,0.531,2.72,100.0,,database,60.2,98.5,100.0,60.2,70,80.9,79.3,255,40.5,0.5953,18.8,moderate,0.12,0.5,short,10.0,low,1.0,TID (three times daily),50
CHEMBL322133,O=C(CCn1c2c(c(=O)[nH]c1=O)CSCC2)NCC(=O)c1ccc(Br)cc1,PARP1,resistant,scout1,15.0,0.0,0.647,2.69,100.0,,database,60.2,98.5,100.0,60.2,70,81.2,79.3,256,39.4,0.6056,9.5,moderate,0.12,0.5,short,52.6,high,0.0,TID (three times daily),85
CHEMBL321638,COc1ccc(-c2ccc(C(=O)CNC(=O)CCn3c4c(c(=O)[nH]c3=O)CSCC4)cc2)cc1,PARP1,resistant,scout1,15.0,0.0,0.48,2.62,100.0,,database,60.2,98.5,100.0,60.2,70,82.0,79.3,257,55.4,0.4458,27.7,high,0.23,0.5,short,10.0,low,1.0,TID (three times daily),40
CHEMBL203624,N[C@H](CNc1cncc(/C=C/c2ccncc2)c1)Cc1c[nH]c2ccccc12,AKT1,escape_route,scout1,9.7,0.0,0.458,3.01,100.0,,database,66.4,99.0,100.0,46.5,70,77.7,79.0,258,86.2,0.1379,100.0,high,8.87,1.0,short,10.0,low,4.0,TID (three times daily),40
CHEMBL445813,O=C(NC1CCNCC1)c1n[nH]cc1NC(=O)c1c(Cl)cccc1Cl,ATR,resistant,scout1,16.0,0.0,0.653,2.73,100.0,,database,59.3,98.4,100.0,59.3,70,80.8,78.8,259,56.0,0.44,19.3,moderate,0.62,0.5,short,10.0,low,1.0,TID (three times daily),50
CHEMBL445813,O=C(NC1CCNCC1)c1n[nH]cc1NC(=O)c1c(Cl)cccc1Cl,ATR,resistant,scout1,16.0,0.0,0.653,2.73,100.0,,database,59.3,98.4,100.0,59.3,70,80.8,78.8,260,56.0,0.44,19.3,moderate,0.62,0.5,short,10.0,low,1.0,TID (three times daily),50
CHEMBL383970,CN1C(=O)C[C@H](c2ccccc2F)[C@@H]1[C@H](O)c1ccc(-c2ccccc2)s1,KRAS,escape_route,scout1,10.0,0.0,0.717,3.44,100.0,,database,66.0,99.0,100.0,46.2,70,72.9,78.6,261,94.5,0.0554,100.0,high,8.62,1.0,short,10.0,low,4.0,TID (three times daily),40
CHEMBL1086923,CS(=O)(=O)N1CCN(Cc2cc3nc(-c4cccc(O)c4)nc(N4CCOCC4)c3s2)CC1,PIK3CB,escape_route,scout1,11.0,0.0,0.581,2.69,100.0,,database,64.6,98.9,100.0,45.2,70,81.2,78.5,262,51.9,0.4813,15.1,moderate,0.2,0.5,short,24.4,moderate,0.0,TID (three times daily),65
CHEMBL373011,Oc1cc(-c2nc(-c3ccccc3)[nH]c2-c2ccncc2)ccc1Cl,BRAF,escape_route,scout1,10.0,0.0,0.537,2.22,95.7,,database,66.0,99.0,95.7,46.2,70,86.4,78.4,263,94.8,0.0521,100.0,high,8.87,1.0,short,9.0,low,4.0,TID (three times daily),40
CHEMBL153080,CCCCCCNCC(=O)C(F)(F)F,FOLH1,other,scout1,5.495,0.0,0.654,2.31,100.0,,database,74.6,99.5,100.0,22.4,70,85.4,78.4,264,69.3,0.3066,3.0,low,2.66,10.3,moderate,85.1,high,0.0,BID (twice daily),100
CHEMBL314357,O=C(O)c1c(Cc2cc3c(cc2Cl)OCO3)c(-c2cccnc2)nn1CC1CCCCC1,CHEK2,resistant,scout1,6.3,0.0,0.552,2.76,91.0,,database,72.6,79.5,91.0,72.6,70,80.4,78.3,265,94.1,0.0591,100.0,high,5.17,0.6,short,9.0,low,5.0,TID (three times daily),40
,CNN=C1CCc2cc(-c3[nH]c(-c4ccccc4)nc3-c3ccncc3)ccc21,BRAF,escape_route,scout2,4.91,379.5,0.506,3.6,70.0,0.45,r_group,76.2,99.5,70.0,53.3,100,71.1,78.3,266,92.5,0.0752,100.0,high,10.25,1.2,short,10.0,low,4.0,TID (three times daily),40
CHEMBL5219922,Cn1cc(Cc2ccccc2OCCN2CCNC(=O)C2)c(-c2cc(Cl)nc(N)n2)n1,EZH2,resistant,scout1,16.9,0.0,0.534,2.91,100.0,,database,58.5,98.3,100.0,58.5,70,78.8,78.3,267,36.1,0.6394,13.7,moderate,0.2,0.5,short,31.4,moderate,0.0,TID (three times daily),65
,CON=C1CCc2cc(-c3[nH]c(-c4ccccc4)nc3-c3ccncc3)ccc21,BRAF,escape_route,scout2,5.0,380.5,0.501,3.6,70.0,0.459,r_group,75.9,99.5,70.0,53.2,100,71.1,78.2,268,94.8,0.0524,100.0,high,8.12,0.9,short,9.0,low,4.0,TID (three times daily),40
CHEMBL201655,CCCCc1cnc(Nc2ncnc3cc(OCCCN4CCOCC4)c(OC)cc23)s1,AURKA,resistant,scout1,6.0,0.0,0.427,2.59,88.5,,database,73.3,79.5,88.5,73.3,70,82.3,78.2,269,89.2,0.1075,65.7,high,4.97,0.9,short,8.5,low,4.0,TID (three times daily),40
CHEMBL199299,COc1cc(-c2ccc3c(c2)NC(=O)/C3=C\c2ncc[nH]2)ccc1O,CHEK1,resistant,scout1,18.0,0.0,0.642,2.6,100.0,,database,57.6,98.2,100.0,57.6,70,82.2,78.1,270,72.8,0.2719,78.2,high,0.87,0.5,short,10.0,low,3.0,TID (three times daily),40
,FN=C1CCc2cc(-c3[nH]c(-c4ccccc4)nc3-c3ccncc3)ccc21,BRAF,escape_route,scout2,5.1,368.4,0.524,3.5,70.0,0.479,r_group,75.7,99.5,70.0,53.0,100,72.2,78.1,271,96.3,0.0367,100.0,high,13.52,1.6,short,9.0,low,4.0,TID (three times daily),40
CHEMBL200172,CC(C)(C)c1nc(-c2ccc(Cl)c(O)c2)c(-c2ccncc2)[nH]1,BRAF,escape_route,scout1,12.0,0.0,0.711,2.49,100.0,,database,63.4,98.8,100.0,44.4,70,83.4,78.0,272,92.9,0.0714,100.0,high,6.31,0.7,short,10.0,low,3.0,TID (three times daily),40
,NC(=O)N=C1CCc2cc(-c3[nH]c(-c4ccccc4)nc3-c3ccncc3)ccc21,BRAF,escape_route,scout2,5.1,393.5,0.531,3.8,70.0,0.447,r_group,75.7,99.5,70.0,53.0,100,68.9,78.0,273,88.4,0.1164,100.0,high,2.39,0.5,short,10.0,low,4.0,TID (three times daily),40
,CCN=C1CCc2cc(-c3[nH]c(-c4ccccc4)nc3-c3ccncc3)ccc21,BRAF,escape_route,scout2,5.23,378.5,0.505,3.6,70.0,0.451,r_group,75.3,99.5,70.0,52.7,100,71.1,77.9,274,96.8,0.0324,100.0,high,15.31,1.8,short,9.0,low,4.0,TID (three times daily),40
CHEMBL445813,O=C(NC1CCNCC1)c1n[nH]cc1NC(=O)c1c(Cl)cccc1Cl,CDK4,sensitive,scout1,5.8,0.0,0.653,2.73,100.0,,database,73.8,99.4,100.0,22.1,70,80.8,77.9,275,56.0,0.44,19.3,moderate,0.62,0.5,short,10.0,low,1.0,TID (three times daily),50
CHEMBL428496,COC[C@H]1OC(=O)c2coc3c2[C@@]1(C)C1=C(C3=O)[C@@H]2CCC(=O)[C@@]2(C)C[C@H]1OC(C)=O,PIK3CB,escape_route,scout1,10.0,0.0,0.676,4.66,100.0,,database,66.0,99.0,100.0,46.2,70,59.3,77.9,276,56.2,0.438,9.1,moderate,0.27,0.5,short,54.5,high,0.0,TID (three times daily),85
CHEMBL428496,COC[C@H]1OC(=O)c2coc3c2[C@@]1(C)C1=C(C3=O)[C@@H]2CCC(=O)[C@@]2(C)C[C@H]1OC(C)=O,PIK3CB,escape_route,scout1,10.0,0.0,0.676,4.66,100.0,,database,66.0,99.0,100.0,46.2,70,59.3,77.9,277,56.2,0.438,9.1,moderate,0.27,0.5,short,54.5,high,0.0,TID (three times daily),85
CHEMBL428496,COC[C@H]1OC(=O)c2coc3c2[C@@]1(C)C1=C(C3=O)[C@@H]2CCC(=O)[C@@]2(C)C[C@H]1OC(C)=O,PIK3CB,escape_route,scout1,10.0,0.0,0.676,4.66,100.0,,database,66.0,99.0,100.0,46.2,70,59.3,77.9,278,56.2,0.438,9.1,moderate,0.27,0.5,short,54.5,high,0.0,TID (three times daily),85
CHEMBL445813,O=C(NC1CCNCC1)c1n[nH]cc1NC(=O)c1c(Cl)cccc1Cl,CDK4,sensitive,scout1,5.8,0.0,0.653,2.73,100.0,,database,73.8,99.4,100.0,22.1,70,80.8,77.9,279,56.0,0.44,19.3,moderate,0.62,0.5,short,10.0,low,1.0,TID (three times daily),50
CHEMBL146858,CC1(C)NC(=O)N(c2ccc(C#N)c(C(F)(F)F)c2)C1=O,AR,sensitive,scout1,6.0,0.0,0.809,2.57,100.0,,database,73.3,99.4,100.0,22.0,70,82.6,77.8,280,60.5,0.3951,13.4,moderate,0.54,0.5,short,33.0,moderate,0.0,TID (three times daily),65
CHEMBL1083152,CNc1nc(C)c(-c2ccnc(Nc3cc(OC)c(OC)c(OC)c3)n2)s1,CDK4,sensitive,scout1,6.0,0.0,0.634,2.48,100.0,,database,73.3,99.4,100.0,22.0,70,83.6,77.8,281,80.1,0.1987,69.8,high,4.83,0.8,short,10.0,low,3.0,TID (three times daily),40
CHEMBL1084926,CC(C)(O)c1cc2nc(-c3cnc(N)nc3)nc(N3CCOCC3)c2s1,PIK3CB,escape_route,scout1,12.0,0.0,0.716,2.91,100.0,,database,63.4,98.8,100.0,44.4,70,78.8,77.8,282,38.4,0.6163,14.4,moderate,0.26,0.5,short,27.9,moderate,0.0,TID (three times daily),65
,CN=C1CCc2cc(-c3[nH]c(-c4ccccc4)nc3-c3ccncc3)ccc21,BRAF,escape_route,scout2,5.47,364.5,0.545,3.5,70.0,0.522,r_group,74.6,99.5,70.0,52.3,100,72.2,77.7,283,95.5,0.0449,100.0,high,10.69,1.2,short,9.0,low,4.0,TID (three times daily),40
CHEMBL371952,Oc1cc(-c2[nH]c(-c3ccco3)nc2-c2ccncc2)ccc1Cl,BRAF,escape_route,scout1,13.0,0.0,0.565,2.48,100.0,,database,62.2,98.7,100.0,43.6,70,83.6,77.6,284,91.4,0.0865,100.0,high,4.5,0.5,short,10.0,low,3.0,TID (three times daily),40
,N#CN=C1CCc2cc(-c3[nH]c(-c4ccccc4)nc3-c3ccncc3)ccc21,BRAF,escape_route,scout2,5.53,375.4,0.511,3.6,70.0,0.513,r_group,74.5,99.4,70.0,52.1,100,71.1,77.6,285,93.1,0.069,100.0,high,5.39,0.6,short,9.0,low,4.0,TID (three times daily),40
,CC(C)(CN)c1nc(-c2cc[nH]c2)c(-c2ccncc2)[nH]1.Cl.O,BRAF,escape_route,scout2,5.96,335.8,0.679,2.9,70.0,0.419,bioisostere,73.4,99.4,70.0,51.4,100,78.9,77.5,286,44.7,0.5526,27.5,high,0.37,0.5,short,10.0,low,1.0,TID (three times daily),40
CHEMBL108341,O=C(CCn1c2c(c(=O)[nH]c1=O)CSCC2)NCC(=O)c1ccc(-c2ccccc2)cc1,PARP1,resistant,scout1,20.0,0.0,0.54,2.57,100.0,,database,56.1,98.0,100.0,56.1,70,82.6,77.4,287,57.2,0.4282,29.1,high,0.28,0.5,short,10.0,low,1.0,TID (three times daily),40
,CC(C)(CN)c1nc(-c2ccsc2)c(-c2ccncc2)[nH]1.Cl.O,BRAF,escape_route,scout2,6.07,352.9,0.754,2.9,70.0,0.418,bioisostere,73.2,99.4,70.0,51.2,100,78.9,77.4,288,65.6,0.3438,45.7,high,1.05,0.5,short,10.0,low,2.0,TID (three times daily),40
CHEMBL2140173,C[C@@H]1CN(CC(=O)Nc2ccc3c(c2)Cc2cccc(-c4cc(=O)cc(N5CCOCC5)o4)c2S3)C[C@H](C)O1,ATM,resistant,scout1,6.0,0.0,0.397,3.84,87.9,,database,73.3,79.5,87.9,73.3,70,68.4,77.4,289,90.3,0.0972,80.2,high,2.27,0.5,short,8.0,low,6.0,TID (three times daily),40
,Cl.Nc1nccc(-c2[nH]c(-c3ccccc3)nc2-c2cc[nH]c2)n1.O,BRAF,escape_route,scout2,6.05,356.8,0.521,3.1,70.0,0.512,bioisostere,73.2,99.4,70.0,51.2,100,76.7,77.3,290,49.1,0.5091,81.7,high,0.4,0.5,short,10.0,low,3.0,TID (three times daily),40
,O=C(O)N=Cc1ccc(-c2[nH]c(-c3ccccc3)nc2-c2ccncc2)cc1,BRAF,escape_route,scout2,5.85,368.4,0.501,3.5,70.0,0.485,r_group,73.7,99.4,70.0,51.6,100,72.2,77.3,291,90.8,0.0919,100.0,high,3.54,0.5,short,10.0,low,4.0,TID (three times daily),40
,FN=Cc1ccc(-c2[nH]c(-c3ccccc3)nc2-c2ccncc2)cc1,BRAF,escape_route,scout2,6.07,342.4,0.524,3.2,70.0,0.523,r_group,73.2,99.4,70.0,51.2,100,75.6,77.3,292,95.1,0.0491,100.0,high,10.1,1.2,short,9.0,low,4.0,TID (three times daily),40
,CC(C)(CN)c1nc(-c2ccncc2)c(-c2ccncc2)[nH]1.Cl.O,BRAF,escape_route,scout2,6.13,347.9,0.754,3.0,70.0,0.505,bioisostere,73.0,99.4,70.0,51.1,100,77.8,77.3,293,47.7,0.5226,29.6,high,0.42,0.5,short,10.0,low,1.0,TID (three times daily),40
CHEMBL108702,Nc1cccc(-c2ccc(C(=O)CNC(=O)CCn3c4c(c(=O)[nH]c3=O)CSCC4)cc2)c1,PARP1,resistant,scout1,20.0,0.0,0.362,2.72,100.0,,database,56.1,98.0,100.0,56.1,70,80.9,77.3,294,40.0,0.5999,21.8,high,0.21,0.5,short,10.0,low,1.0,TID (three times daily),40
,CN=Cc1ccc(-c2[nH]c(-c3ccccc3)nc2-c2ccncc2)cc1,BRAF,escape_route,scout2,6.11,338.4,0.541,3.2,70.0,0.532,r_group,73.1,99.4,70.0,51.1,100,75.6,77.2,295,94.0,0.06,100.0,high,7.99,0.9,short,10.0,low,3.0,TID (three times daily),40
CHEMBL107601,O=C(CCn1c2c(c(=O)[nH]c1=O)CSCC2)NCC(=O)N1CCN(c2ncccn2)CC1,PARP1,resistant,scout1,20.0,0.0,0.56,2.84,100.0,,database,56.1,98.0,100.0,56.1,70,79.6,77.2,296,20.0,0.8,1.2,low,0.1,0.9,short,79.8,high,0.0,TID (three times daily),85
,NC(=O)N=Cc1ccc(-c2[nH]c(-c3ccccc3)nc2-c2ccncc2)cc1,BRAF,escape_route,scout2,5.98,367.4,0.526,3.5,70.0,0.458,r_group,73.4,99.4,70.0,51.4,100,72.2,77.2,297,84.8,0.1516,100.0,high,1.78,0.5,short,10.0,low,4.0,TID (three times daily),40
CHEMBL108239,O=C(CCn1c2c(c(=O)[nH]c1=O)CSCC2)NCC(=O)N1CCN(c2cccnn2)CC1,PARP1,resistant,scout1,20.0,0.0,0.56,2.92,100.0,,database,56.1,98.0,100.0,56.1,70,78.7,77.2,298,20.0,0.8,1.2,low,0.1,0.9,short,79.8,high,0.0,TID (three times daily),85
,CC(C)(CN)c1nc(-c2ccoc2)c(-c2ccncc2)[nH]1.Cl.O,BRAF,escape_route,scout2,6.35,336.8,0.762,2.9,70.0,0.432,bioisostere,72.5,99.4,70.0,50.8,100,78.9,77.2,299,51.1,0.4894,33.1,high,0.51,0.5,short,10.0,low,1.0,TID (three times daily),40
CHEMBL387385,O=C(N[C@H](CO)c1ccc(F)c(Cl)c1)c1cc(-c2n[nH]cc2-c2cccc(Cl)c2)c[nH]1,MAPK1,sensitive,scout1,2.0,0.0,0.328,3.31,96.6,,database,89.1,79.8,96.6,26.7,70,74.3,77.2,300,92.4,0.0761,100.0,high,3.58,0.5,short,10.0,low,5.0,TID (three times daily),40
CHEMBL370353,Oc1cc(-c2[nH]c(-c3ccccc3)nc2-c2ccncn2)ccc1Cl,BRAF,escape_route,scout1,14.0,0.0,0.569,2.41,100.0,,database,61.2,98.6,100.0,42.8,70,84.3,77.1,301,90.2,0.0975,100.0,high,3.78,0.5,short,10.0,low,4.0,TID (three times daily),40
CHEMBL304500,COC(=O)c1c2c(n(C)c1C)C(=O)C=C1N(C(=O)c3cc4cc(OC)c(OC)c(OC)c4[nH]3)C[C@H]3C[C@]123,MAP2K1,sensitive,scout1,1.4,0.0,0.53,4.48,90.6,,database,94.2,79.9,90.6,28.3,70,61.3,77.1,302,69.6,0.3044,38.9,high,0.42,0.5,short,8.0,low,2.0,TID (three times daily),40
,Cl.Nc1nccc(-c2[nH]c(-c3ccccc3)nc2-c2ccncc2)n1.O,BRAF,escape_route,scout2,6.19,368.8,0.575,3.2,70.0,0.564,bioisostere,72.9,99.4,70.0,51.0,100,75.6,77.1,303,52.1,0.4789,85.6,high,0.46,0.5,short,10.0,low,3.0,TID (three times daily),40
CHEMBL206812,CN(C)CCOc1cc(N2CCCC2)c(NC(=O)Nc2cnc(C#N)cn2)cc1Cl,CHEK1,resistant,scout1,10.0,0.0,0.696,2.65,100.0,,database,66.0,79.2,100.0,66.0,70,81.7,77.1,304,69.3,0.3073,27.3,high,0.51,0.5,short,10.0,low,1.0,TID (three times daily),40
CHEMBL440542,CCCCCCSCC(=O)C(F)(F)F,FOLH1,other,scout1,6.918,0.0,0.621,2.43,100.0,,database,71.3,99.3,100.0,21.4,70,84.1,77.1,305,87.5,0.125,6.6,moderate,5.03,8.8,moderate,67.1,high,0.0,BID (twice daily),100
,Cl.Nc1nccc(-c2[nH]c(-c3ccccc3)nc2-c2ccoc2)n1.O,BRAF,escape_route,scout2,6.27,357.8,0.583,3.1,70.0,0.516,bioisostere,72.7,99.4,70.0,50.9,100,76.7,77.1,306,55.4,0.4459,98.2,high,0.55,0.5,short,10.0,low,4.0,TID (three times daily),40
CHEMBL359106,NC1=N/C(=C2\CCNC(=O)c3[nH]c(Br)cc32)C(=O)N1,MAPK1,sensitive,scout1,6.0,0.0,0.506,3.74,100.0,,database,73.3,99.4,100.0,22.0,70,69.6,77.1,307,20.0,0.8,3.3,low,0.1,0.5,short,83.3,high,0.0,TID (three times daily),85
CHEMBL1086924,CS(=O)(=O)N1CCN(Cc2cc3nc(-c4cccnc4)nc(N4CCOCC4)c3s2)CC1,PIK3CB,escape_route,scout1,14.0,0.0,0.552,2.68,100.0,,database,61.2,98.6,100.0,42.8,70,81.3,77.0,308,47.7,0.5234,11.7,moderate,0.18,0.5,short,41.4,moderate,0.0,TID (three times daily),65
CHEMBL5219530,COC(=O)c1ccccc1Cc1cn(C)nc1-c1cc(Cl)nc(N)n1,EZH2,resistant,scout1,21.0,0.0,0.569,2.65,100.0,,database,55.4,97.9,100.0,55.4,70,81.7,77.0,309,56.7,0.4332,36.0,high,0.69,0.5,short,10.0,low,1.0,TID (three times daily),40
,Nc1nccc(-c2[nH]c(-c3ccsc3)nc2-c2ccc(Cl)c(O)c2)n1,BRAF,escape_route,scout2,6.37,369.8,0.502,3.1,70.0,0.452,bioisostere,72.5,99.4,70.0,50.7,100,76.7,77.0,310,83.1,0.1691,100.0,high,2.98,0.5,short,10.0,low,4.0,TID (three times daily),40
CHEMBL27769,C[C@]12CCC(=O)C[C@@H]1CC[C@@H]1[C@@H]2CC[C@]2(C)[C@@H](O)CC[C@@H]12,AR,sensitive,scout1,6.0,0.0,0.733,3.99,100.0,,database,73.3,99.4,100.0,22.0,70,66.8,77.0,311,89.9,0.1008,8.5,moderate,5.14,7.0,moderate,57.5,high,0.0,BID (twice daily),100
,Nc1nccc(-c2[nH]c(-c3ccoc3)nc2-c2ccc(Cl)c(O)c2)n1,BRAF,escape_route,scout2,6.48,353.8,0.517,3.1,70.0,0.578,bioisostere,72.2,99.4,70.0,50.6,100,76.7,76.9,312,72.9,0.2714,100.0,high,1.43,0.5,short,10.0,low,4.0,TID (three times daily),40
,CC(C)(CN)c1nc(-c2ccc(Cl)c(S)c2)c(-c2ccncc2)[nH]1,BRAF,escape_route,scout2,6.51,358.9,0.608,3.0,70.0,0.532,bioisostere,72.2,99.3,70.0,50.5,100,77.8,76.9,313,89.6,0.1036,100.0,high,7.09,0.8,short,10.0,low,4.0,TID (three times daily),40
CHEMBL3765783,C[C@@H]1CN(CC(=O)Nc2ccc3c(c2)Sc2cccc(-c4cc(=O)cc(N5CCOCC5)o4)c2S3)C[C@H](C)O1,ATM,resistant,scout1,6.3,0.0,0.367,3.89,87.3,,database,72.6,79.5,87.3,72.6,70,67.9,76.9,314,93.8,0.0622,100.0,high,3.8,0.5,short,8.0,low,7.0,TID (three times daily),40
CHEMBL200637,C/C(=N\O)c1ccc(-c2[nH]c(-c3ccccc3)nc2-c2ccncc2)cc1,BRAF,escape_route,scout1,11.0,0.0,0.307,2.27,91.1,,database,64.6,98.9,91.1,45.2,70,85.9,76.9,315,93.1,0.0692,100.0,high,5.75,0.7,short,9.0,low,4.0,TID (three times daily),40
,Nc1nccc(-c2[nH]c(-c3ccncc3)nc2-c2ccc(Cl)c(O)c2)n1,BRAF,escape_route,scout2,6.53,364.8,0.512,3.2,70.0,0.539,bioisostere,72.1,99.3,70.0,50.5,100,75.6,76.8,316,70.2,0.2984,100.0,high,1.2,0.5,short,10.0,low,4.0,TID (three times daily),40
,CCOc1c(OC)c(OC)cc2cc(C(=O)N3CC(C)C4C3=CC(=O)c3[nH]c(C(=O)OC)cc34)[nH]c12,MAP2K1,sensitive,scout2,2.43,493.5,0.503,4.5,70.0,0.634,r_group,86.3,99.8,70.0,25.9,100,61.1,76.8,317,74.4,0.2561,58.8,high,0.54,0.5,short,10.0,low,3.0,TID (three times daily),40
CHEMBL383541,N[C@H](COc1cncc(/C=C/c2ccncc2)c1)Cc1c[nH]c2ccccc12,AKT1,escape_route,scout1,14.0,0.0,0.514,2.95,100.0,,database,61.2,98.6,100.0,42.8,70,78.3,76.8,318,86.4,0.1358,100.0,high,4.6,0.5,short,10.0,low,4.0,TID (three times daily),40
CHEMBL1879463,Cn1c(=O)n(-c2ccc(C(C)(C)C#N)cc2)c2c3cc(-c4cnc5ccccc5c4)ccc3ncc21,ATM,resistant,scout1,7.0,0.0,0.324,2.71,86.5,,database,71.1,79.4,86.5,71.1,70,81.0,76.7,319,97.1,0.0291,100.0,high,12.37,1.4,short,9.0,low,5.0,TID (three times daily),40
CHEMBL3702128,O=C1CNCCN1Cc1ccc(Nc2ncc3c4ccncc4n(C4CCCC4)c3n2)nc1,CDK6,sensitive,scout1,2.7,0.0,0.49,2.92,99.8,,database,84.8,79.8,99.8,25.4,70,78.7,76.6,320,71.2,0.2882,56.2,high,2.28,0.5,short,10.0,low,3.0,TID (three times daily),40
,CNC(=O)c1cc2c([nH]1)C(=O)C=C1C2C(C)CN1C(=O)c1cc2cc(OC)c(OC)c(OC)c2[nH]1,MAP2K1,sensitive,scout2,2.61,478.5,0.518,4.4,70.0,0.561,bioisostere,85.3,99.7,70.0,25.6,100,62.2,76.5,321,58.4,0.4157,35.1,high,0.24,0.5,short,10.0,low,2.0,TID (three times daily),40
,CCOC(=O)c1cc2c([nH]1)C(=O)C=C1C2C(C)CN1C(=O)c1cc2cc(OC)c(OC)c(OC)c2[nH]1,MAP2K1,sensitive,scout2,2.54,493.5,0.503,4.5,70.0,0.542,r_group,85.6,99.7,70.0,25.7,100,61.1,76.5,322,74.4,0.2561,58.8,high,0.54,0.5,short,10.0,low,3.0,TID (three times daily),40
,CCOc1c(OC)cc2cc(C(=O)N3CC(C)C4C3=CC(=O)c3[nH]c(C(=O)OC)cc34)[nH]c2c1OC,MAP2K1,sensitive,scout2,2.55,493.5,0.503,4.5,70.0,0.555,r_group,85.6,99.7,70.0,25.7,100,61.1,76.5,323,74.4,0.2561,58.8,high,0.54,0.5,short,10.0,low,3.0,TID (three times daily),40
CHEMBL373013,COc1cc2c(Nc3ncc(CC(=O)Nc4cccc(F)c4)s3)ncnc2cc1OCCCNCCO,AURKA,resistant,scout1,5.0,0.0,0.193,2.69,73.9,,database,75.9,79.6,73.9,75.9,70,81.2,76.4,324,71.2,0.2884,84.9,high,1.58,0.5,short,6.5,low,7.0,TID (three times daily),40
CHEMBL108623,O=C(CCn1c2c(c(=O)[nH]c1=O)CSCC2)NCC(=O)N1CCN(c2cc(C(F)(F)F)ccn2)CC1,PARP1,resistant,scout1,20.0,0.0,0.566,2.97,96.3,,database,56.1,98.0,96.3,56.1,70,78.1,76.4,325,21.8,0.782,3.8,low,0.1,0.5,short,64.8,high,0.0,TID (three times daily),85
CHEMBL1202518,COc1ccc(O)c(C(=O)c2ccc(C(=O)N[C@@H]3CCCNCC3NC(=O)c3ccncc3)cc2)c1F.Cl.Cl,AKT1,escape_route,scout1,4.0,0.0,0.316,3.47,86.3,,database,79.1,79.7,86.3,55.4,70,72.6,76.4,326,70.0,0.3003,53.6,high,0.66,0.5,short,8.0,low,4.0,TID (three times daily),40
CHEMBL561103,COC(=O)Nc1ccc(-c2nc(N3CCOCC3)c3cnn(C4CCN(Cc5cccnc5)CC4)c3n2)cc1,MTOR,escape_route,scout1,4.6,0.0,0.4,2.7,88.0,,database,77.1,79.6,88.0,54.0,70,81.1,76.3,327,80.1,0.1992,80.9,high,0.78,0.5,short,8.0,low,5.0,TID (three times daily),40
,C.COc1cc2cc(C(=O)N3CC(C)C4C3=CC(=O)c3[nH]c(C(N)=O)cc34)[nH]c2c(OC)c1OC,MAP2K1,sensitive,scout2,2.68,480.5,0.512,4.4,70.0,0.538,bioisostere,84.9,99.7,70.0,25.5,100,62.2,76.3,328,60.7,0.3929,45.5,high,0.24,0.5,short,10.0,low,2.0,TID (three times daily),40
,COc1cc2cc(C(=O)N3CC(C)C4C3=CC(=O)c3[nH]c(C(=O)SC)cc34)[nH]c2c(OC)c1OC,MAP2K1,sensitive,scout2,2.72,495.6,0.55,4.4,70.0,0.522,bioisostere,84.7,99.7,70.0,25.4,100,62.2,76.3,329,81.3,0.1869,77.3,high,0.9,0.5,short,10.0,low,4.0,TID (three times daily),40
CHEMBL541643,Cl.Oc1cccc(-c2nc(N3CCOCC3)c3sccc3n2)c1,PIK3CB,escape_route,scout1,16.0,0.0,0.769,2.44,100.0,,database,59.3,98.4,100.0,41.5,70,84.0,76.3,330,81.5,0.1854,55.8,high,1.75,0.5,short,10.0,low,2.0,TID (three times daily),40
,CCC1CN(C(=O)c2cc3cc(OC)c(OC)c(OC)c3[nH]2)C2=CC(=O)c3[nH]c(C(=O)OC)cc3C21,MAP2K1,sensitive,scout2,2.65,493.5,0.503,4.5,70.0,0.516,r_group,85.0,99.7,70.0,25.5,100,61.1,76.3,331,74.4,0.2561,58.8,high,0.54,0.5,short,10.0,low,3.0,TID (three times daily),40
CHEMBL115952,CC(C)[C@H](NC(=O)OCc1ccccc1)C(=O)N[C@@H](C)C(=O)NC(CC(=O)O)C(=O)COc1cc2ccccc2cc1C(N)=O,CD274,immune,scout1,1.7,0.0,0.169,3.54,63.4,,database,91.4,99.8,63.4,27.4,70,71.8,76.3,332,27.6,0.7242,24.6,high,0.1,0.5,short,5.0,low,3.0,TID (three times daily),40
CHEMBL541643,Cl.Oc1cccc(-c2nc(N3CCOCC3)c3sccc3n2)c1,PIK3CB,escape_route,scout1,16.0,0.0,0.769,2.44,100.0,,database,59.3,98.4,100.0,41.5,70,84.0,76.3,333,81.5,0.1854,55.8,high,1.75,0.5,short,10.0,low,2.0,TID (three times daily),40
CHEMBL418198,CCC1c2cc3c(C(F)(F)F)cc(O)nc3cc2NC[C@@H]1C,AR,sensitive,scout1,7.0,0.0,0.814,3.94,100.0,,database,71.1,99.3,100.0,21.3,70,67.3,76.2,334,92.8,0.0721,63.7,high,14.26,2.6,short,10.0,low,2.0,TID (three times daily),40
CHEMBL2113261,CC[C@H]1c2cc3c(C(F)(F)F)cc(O)nc3cc2NC[C@H]1C,AR,sensitive,scout1,7.0,0.0,0.814,3.94,100.0,,database,71.1,99.3,100.0,21.3,70,67.3,76.2,335,92.8,0.0721,63.7,high,14.26,2.6,short,10.0,low,2.0,TID (three times daily),40
CHEMBL1085160,CS(=O)(=O)N1CCN(Cc2cc3nc(-c4cccc(CO)c4)nc(N4CCOCC4)c3s2)CC1,PIK3CB,escape_route,scout1,14.0,0.0,0.543,2.7,95.9,,database,61.2,98.6,95.9,42.8,70,81.1,76.2,336,48.3,0.5169,12.5,moderate,0.16,0.5,short,30.0,moderate,0.0,TID (three times daily),65
CHEMBL202635,COc1cc(CN2CCCCC2)c(Cl)cc1NC(=O)Nc1cnc(C#N)cn1,CHEK1,resistant,scout1,12.0,0.0,0.794,2.48,100.0,,database,63.4,79.0,100.0,63.4,70,83.6,76.0,337,76.2,0.2375,39.6,high,0.84,0.5,short,10.0,low,2.0,TID (three times daily),40
,COc1cc2cc(C(=O)N3C[C@H]4C[C@@]45C3=CC(=O)c3[nH]c(C)c(C(=O)SC)c35)[nH]c2c(OC)c1OC,MAP2K1,sensitive,scout2,2.9,507.6,0.54,4.5,70.0,0.486,bioisostere,83.7,99.7,70.0,25.1,100,61.1,75.9,338,79.8,0.2024,66.3,high,0.78,0.5,short,8.0,low,4.0,TID (three times daily),40
,COc1cc2cc(C(=O)N3C[C@H]4C[C@@]45C3=CC(=O)c3c5c(C(=O)SC)c(C)n3C)[nH]c2c(OC)c1OC,MAP2K1,sensitive,scout2,2.87,521.6,0.544,4.6,70.0,0.478,bioisostere,83.9,99.7,70.0,25.2,100,60.0,75.9,339,82.8,0.1721,63.8,high,1.02,0.5,short,8.0,low,4.0,TID (three times daily),40
CHEMBL4243509,COc1ccc2c(c1)CCCN2S(=O)(=O)c1ccc(N2CCCC2=O)cc1,MDM2,sensitive,scout1,9.0,0.0,0.81,2.17,100.0,,database,67.5,99.1,100.0,20.3,70,87.0,75.9,340,75.8,0.2423,25.6,high,1.04,0.5,short,10.0,low,1.0,TID (three times daily),40
CHEMBL432211,O=C(CCn1c2c(c(=O)[nH]c1=O)CCCC2)NCC(=O)c1ccc2ccccc2c1,PARP1,resistant,scout1,25.0,0.0,0.612,2.42,100.0,,database,52.9,97.5,100.0,52.9,70,84.2,75.9,341,46.5,0.5345,19.7,moderate,0.19,0.5,short,10.0,low,1.0,TID (three times daily),50
CHEMBL388978,CN[C@@H]1C[C@H]2O[C@@](C)([C@@H]1OC)n1c3ccccc3c3c4c(c5c6ccccc6n2c5c31)C(=O)NC4,CHEK1,resistant,scout1,9.5,0.0,0.406,4.95,98.1,,database,66.7,79.2,98.1,66.7,70,56.1,75.8,342,91.5,0.0851,100.0,high,7.03,0.8,short,10.0,low,5.0,TID (three times daily),40
CHEMBL5220632,Nc1nc(Cl)cc(-c2nn(C(F)F)cc2Cc2ccccc2OCC(=O)N2CCOCC2)n1,EZH2,resistant,scout1,24.2,0.0,0.52,2.98,100.0,,database,53.3,97.6,100.0,53.3,70,78.0,75.8,343,63.9,0.3609,33.3,high,0.69,0.5,short,10.0,low,2.0,TID (three times daily),40
,CNc1c(OC)c(OC)cc2cc(C(=O)N3C[C@H]4C[C@@]45C3=CC(=O)c3c5c(C(=O)OC)c(C)n3C)[nH]c12,MAP2K1,sensitive,scout2,2.92,504.5,0.513,4.6,70.0,0.513,bioisostere,83.6,99.7,70.0,25.1,100,60.0,75.8,344,69.2,0.3081,39.8,high,0.82,0.5,short,8.0,low,3.0,TID (three times daily),40
,CNC.COc1cc2cc(C(=O)N3C[C@H]4C[C@@]45C3=CC(=O)c3[nH]c(C)cc35)[nH]c2c(OC)c1OC.O,MAP2K1,sensitive,scout2,2.92,496.6,0.506,4.5,70.0,0.497,bioisostere,83.6,99.7,70.0,25.1,100,61.1,75.8,345,44.0,0.5601,22.0,high,0.21,0.5,short,7.0,low,2.0,TID (three times daily),40
CHEMBL388978,CN[C@@H]1C[C@H]2O[C@@](C)([C@@H]1OC)n1c3ccccc3c3c4c(c5c6ccccc6n2c5c31)C(=O)NC4,CHEK1,resistant,scout1,9.5,0.0,0.406,4.95,98.1,,database,66.7,79.2,98.1,66.7,70,56.1,75.8,346,91.5,0.0851,100.0,high,7.03,0.8,short,10.0,low,5.0,TID (three times daily),40
CHEMBL388978,CN[C@@H]1C[C@H]2O[C@@](C)([C@@H]1OC)n1c3ccccc3c3c4c(c5c6ccccc6n2c5c31)C(=O)NC4,CHEK1,resistant,scout1,9.5,0.0,0.406,4.95,98.1,,database,66.7,79.2,98.1,66.7,70,56.1,75.8,347,91.5,0.0851,100.0,high,7.03,0.8,short,10.0,low,5.0,TID (three times daily),40
,CNC(=O)c1c(C)[nH]c2c1[C@@]13C[C@@H]1CN(C(=O)c1cc4cc(OC)c(OC)c(OC)c4[nH]1)C3=CC2=O,MAP2K1,sensitive,scout2,2.92,490.5,0.505,4.5,70.0,0.527,bioisostere,83.6,99.7,70.0,25.1,100,61.1,75.8,348,56.0,0.4399,30.1,high,0.21,0.5,short,10.0,low,1.0,TID (three times daily),40
CHEMBL1084715,CCNc1nc(C)c(-c2ccnc(Nc3ccc(CNC(C)=O)cc3)n2)s1,CDK4,sensitive,scout1,9.0,0.0,0.577,2.39,100.0,,database,67.5,99.1,100.0,20.3,70,84.6,75.8,349,79.6,0.2037,71.7,high,4.67,0.8,short,10.0,low,3.0,TID (three times daily),40
CHEMBL388978,CN[C@@H]1C[C@H]2O[C@@](C)([C@@H]1OC)n1c3ccccc3c3c4c(c5c6ccccc6n2c5c31)C(=O)NC4,CHEK1,resistant,scout1,9.5,0.0,0.406,4.95,98.1,,database,66.7,79.2,98.1,66.7,70,56.1,75.8,350,91.5,0.0851,100.0,high,7.03,0.8,short,10.0,low,5.0,TID (three times daily),40
CHEMBL433356,COc1ccc(C(=O)CNC(=O)CCn2c3c(c(=O)[nH]c2=O)CSCC3)cc1,PARP1,resistant,scout1,25.0,0.0,0.66,2.62,100.0,,database,52.9,97.5,100.0,52.9,70,82.0,75.8,351,22.0,0.7804,5.3,moderate,0.1,0.5,short,73.6,high,0.0,TID (three times daily),85
CHEMBL388978,CN[C@@H]1C[C@H]2O[C@@](C)([C@@H]1OC)n1c3ccccc3c3c4c(c5c6ccccc6n2c5c31)C(=O)NC4,CHEK1,resistant,scout1,9.5,0.0,0.406,4.95,98.1,,database,66.7,79.2,98.1,66.7,70,56.1,75.8,352,91.5,0.0851,100.0,high,7.03,0.8,short,10.0,low,5.0,TID (three times daily),40
CHEMBL388978,CN[C@@H]1C[C@H]2O[C@@](C)([C@@H]1OC)n1c3ccccc3c3c4c(c5c6ccccc6n2c5c31)C(=O)NC4,CHEK1,resistant,scout1,9.5,0.0,0.406,4.95,98.1,,database,66.7,79.2,98.1,66.7,70,56.1,75.8,353,91.5,0.0851,100.0,high,7.03,0.8,short,10.0,low,5.0,TID (three times daily),40
CHEMBL388978,CN[C@@H]1C[C@H]2O[C@@](C)([C@@H]1OC)n1c3ccccc3c3c4c(c5c6ccccc6n2c5c31)C(=O)NC4,CHEK1,resistant,scout1,9.5,0.0,0.406,4.95,98.1,,database,66.7,79.2,98.1,66.7,70,56.1,75.8,354,91.5,0.0851,100.0,high,7.03,0.8,short,10.0,low,5.0,TID (three times daily),40
CHEMBL1274,CC1(C)NC(=O)N(c2ccc([N+](=O)[O-])c(C(F)(F)F)c2)C1=O,AR,sensitive,scout1,9.0,0.0,0.515,2.57,100.0,,database,67.5,99.1,100.0,20.3,70,82.6,75.7,355,55.1,0.4489,13.1,moderate,0.36,0.5,short,34.4,moderate,0.0,TID (three times daily),65
,C.COc1cc2cc(C(=O)N3C[C@H]4C[C@@]45C3=CC(=O)c3c5c(C(N)=O)c(C)n3C)[nH]c2c(OC)c1OC,MAP2K1,sensitive,scout2,2.97,506.6,0.547,4.6,70.0,0.527,bioisostere,83.4,99.7,70.0,25.0,100,60.0,75.7,356,63.1,0.3692,37.5,high,0.27,0.5,short,8.0,low,2.0,TID (three times daily),40
,CCOc1cc2cc(C(=O)N3CC(C)C4C3=CC(=O)c3[nH]c(C(=O)OC)cc34)[nH]c2c(OC)c1OC,MAP2K1,sensitive,scout2,3.07,493.5,0.503,4.5,70.0,0.507,r_group,82.9,99.7,70.0,24.9,100,61.1,75.6,357,74.4,0.2561,58.8,high,0.54,0.5,short,10.0,low,3.0,TID (three times daily),40
CHEMBL366456,CCCCNCC(=O)[C@H](CC(=O)O)NC(=O)C(CC)n1cccc(NC(=O)c2ccc3ccccc3c2)c1=O,CD274,immune,scout1,0.76,0.0,0.232,3.37,69.6,,database,100.0,79.9,69.6,30.0,70,73.7,75.6,358,59.1,0.4088,40.8,high,0.38,0.5,short,5.0,low,4.0,TID (three times daily),40
,COc1ccc(/C=C/C(=O)N2C[C@H]3C[C@@]34C2=CC(=O)c2[nH]c(C)c(C(=O)OC3CC3)c24)nn1,MAP2K1,sensitive,scout2,3.2,446.5,0.554,4.1,70.0,0.545,r_group,82.3,99.7,70.0,24.7,100,65.6,75.6,359,51.1,0.4892,15.9,moderate,0.19,0.5,short,20.7,moderate,0.0,TID (three times daily),65
,CNC(=O)c1c2c(n(C)c1C)C(=O)C=C1N(C(=O)c3cc4cc(OC)c(OC)c(OC)c4[nH]3)C[C@H]3C[C@]123,MAP2K1,sensitive,scout2,3.01,504.5,0.552,4.6,70.0,0.504,bioisostere,83.2,99.7,70.0,25.0,100,60.0,75.6,360,60.9,0.3915,29.0,high,0.27,0.5,short,8.0,low,2.0,TID (three times daily),40
,C.COc1cc2cc(C(=O)N3C[C@H]4C[C@@]45C3=CC(=O)c3c5c(S(N)(=O)=O)c(C)n3C)[nH]c2c(OC)c1OC,MAP2K1,sensitive,scout2,2.96,542.6,0.504,4.8,70.0,0.482,bioisostere,83.4,99.7,70.0,25.0,100,57.8,75.6,361,49.8,0.5024,26.8,high,0.24,0.5,short,5.0,low,3.0,TID (three times daily),40
CHEMBL101995,COC(=O)c1c(C)[nH]c2c1[C@@]13C[C@@H]1CN(C(=O)/C=C/c1ccc(OC)cc1)C3=CC2=O,MAP2K1,sensitive,scout1,2.9,0.0,0.609,4.12,100.0,,database,83.7,79.8,100.0,25.1,70,65.3,75.6,362,71.4,0.2858,29.5,high,0.66,0.5,short,10.0,low,1.0,TID (three times daily),40
CHEMBL108840,O=C(CCn1c2c(c(=O)[nH]c1=O)CSCC2)NCC(=O)c1ccc(-c2cccnn2)cc1,PARP1,resistant,scout1,25.0,0.0,0.516,2.85,100.0,,database,52.9,97.5,100.0,52.9,70,79.4,75.6,363,25.7,0.743,12.1,moderate,0.1,0.5,short,39.4,moderate,0.0,TID (three times daily),65
CHEMBL108137,O=C(CCn1c2c(c(=O)[nH]c1=O)CSCC2)NCC(=O)c1ccc(-c2cncnc2)cc1,PARP1,resistant,scout1,25.0,0.0,0.516,2.84,100.0,,database,52.9,97.5,100.0,52.9,70,79.6,75.6,364,25.7,0.743,12.1,moderate,0.1,0.5,short,39.4,moderate,0.0,TID (three times daily),65
CHEMBL388978,CN[C@@H]1C[C@H]2O[C@@](C)([C@@H]1OC)n1c3ccccc3c3c4c(c5c6ccccc6n2c5c31)C(=O)NC4,MAPK1,sensitive,scout1,2.5,0.0,0.406,4.95,98.1,,database,85.9,79.8,98.1,25.8,70,56.1,75.5,365,91.5,0.0851,100.0,high,7.03,0.8,short,10.0,low,5.0,TID (three times daily),40
CHEMBL388978,CN[C@@H]1C[C@H]2O[C@@](C)([C@@H]1OC)n1c3ccccc3c3c4c(c5c6ccccc6n2c5c31)C(=O)NC4,MAPK1,sensitive,scout1,2.5,0.0,0.406,4.95,98.1,,database,85.9,79.8,98.1,25.8,70,56.1,75.5,366,91.5,0.0851,100.0,high,7.03,0.8,short,10.0,low,5.0,TID (three times daily),40
CHEMBL388978,CN[C@@H]1C[C@H]2O[C@@](C)([C@@H]1OC)n1c3ccccc3c3c4c(c5c6ccccc6n2c5c31)C(=O)NC4,MAPK1,sensitive,scout1,2.5,0.0,0.406,4.95,98.1,,database,85.9,79.8,98.1,25.8,70,56.1,75.5,367,91.5,0.0851,100.0,high,7.03,0.8,short,10.0,low,5.0,TID (three times daily),40
,CNC.COc1cc2cc(C(=O)N3C[C@H]4C[C@@]45C3=CC(=O)c3c5cc(C)n3C)[nH]c2c(OC)c1OC.O,MAP2K1,sensitive,scout2,3.11,510.6,0.554,4.6,70.0,0.496,bioisostere,82.7,99.7,70.0,24.8,100,60.0,75.5,368,48.9,0.5106,21.3,high,0.28,0.5,short,8.0,low,1.0,TID (three times daily),40
CHEMBL388978,CN[C@@H]1C[C@H]2O[C@@](C)([C@@H]1OC)n1c3ccccc3c3c4c(c5c6ccccc6n2c5c31)C(=O)NC4,MAPK1,sensitive,scout1,2.5,0.0,0.406,4.95,98.1,,database,85.9,79.8,98.1,25.8,70,56.1,75.5,369,91.5,0.0851,100.0,high,7.03,0.8,short,10.0,low,5.0,TID (three times daily),40
CHEMBL388978,CN[C@@H]1C[C@H]2O[C@@](C)([C@@H]1OC)n1c3ccccc3c3c4c(c5c6ccccc6n2c5c31)C(=O)NC4,MAPK1,sensitive,scout1,2.5,0.0,0.406,4.95,98.1,,database,85.9,79.8,98.1,25.8,70,56.1,75.5,370,91.5,0.0851,100.0,high,7.03,0.8,short,10.0,low,5.0,TID (three times daily),40
CHEMBL388978,CN[C@@H]1C[C@H]2O[C@@](C)([C@@H]1OC)n1c3ccccc3c3c4c(c5c6ccccc6n2c5c31)C(=O)NC4,MAPK1,sensitive,scout1,2.5,0.0,0.406,4.95,98.1,,database,85.9,79.8,98.1,25.8,70,56.1,75.5,371,91.5,0.0851,100.0,high,7.03,0.8,short,10.0,low,5.0,TID (three times daily),40
CHEMBL388978,CN[C@@H]1C[C@H]2O[C@@](C)([C@@H]1OC)n1c3ccccc3c3c4c(c5c6ccccc6n2c5c31)C(=O)NC4,MAPK1,sensitive,scout1,2.5,0.0,0.406,4.95,98.1,,database,85.9,79.8,98.1,25.8,70,56.1,75.5,372,91.5,0.0851,100.0,high,7.03,0.8,short,10.0,low,5.0,TID (three times daily),40
,CNC.COc1cc2cc(C(=O)N3CC(C)C4C3=CC(=O)c3[nH]ccc34)[nH]c2c(OC)c1OC.O,MAP2K1,sensitive,scout2,3.16,484.6,0.52,4.4,70.0,0.516,bioisostere,82.5,99.7,70.0,24.8,100,62.2,75.5,373,46.4,0.5356,25.6,high,0.25,0.5,short,7.0,low,2.0,TID (three times daily),40
,CNc1cc2cc(C(=O)N3C[C@H]4C[C@@]45C3=CC(=O)c3c5c(C(=O)OC)c(C)n3C)[nH]c2c(OC)c1OC,MAP2K1,sensitive,scout2,3.14,504.5,0.513,4.6,70.0,0.503,bioisostere,82.6,99.7,70.0,24.8,100,60.0,75.4,374,69.2,0.3081,39.8,high,0.82,0.5,short,8.0,low,3.0,TID (three times daily),40
,CNC(=O)c1c(C)[nH]c2c1[C@@]13C[C@@H]1CN(C(=O)/C=C/c1cnc(OC)nc1)C3=CC2=O,MAP2K1,sensitive,scout2,3.39,419.4,0.723,3.9,70.0,0.699,bioisostere,81.5,99.7,70.0,24.5,100,67.8,75.4,375,30.6,0.6943,9.1,moderate,0.1,0.5,short,54.6,high,0.0,TID (three times daily),85
CHEMBL366534,CCCCCCNCC(=O)[C@H](CC(=O)O)NC(=O)C(CC)n1cccc(NC(=O)c2ccc3ccccc3c2)c1=O,CD274,immune,scout1,0.85,0.0,0.194,3.41,68.9,,database,100.0,79.9,68.9,30.0,70,73.2,75.4,376,74.1,0.2594,64.8,high,0.79,0.5,short,5.0,low,7.0,TID (three times daily),40
,CNC(=O)c1c(C)[nH]c2c1[C@@]13C[C@@H]1CN(C(=O)/C=C/c1ccc(OC)nn1)C3=CC2=O,MAP2K1,sensitive,scout2,3.41,419.4,0.723,3.9,70.0,0.521,bioisostere,81.4,99.7,70.0,24.4,100,67.8,75.4,377,30.6,0.6943,9.1,moderate,0.1,0.5,short,54.6,high,0.0,TID (three times daily),85
,CCCCCCC[Se](=O)CC(=O)C(F)(F)F,FOLH1,other,scout2,4.27,305.2,0.508,2.0,70.0,0.662,r_group,78.2,99.6,70.0,23.5,100,88.9,75.3,378,87.1,0.1294,6.8,moderate,3.65,6.2,moderate,66.0,high,0.0,BID (twice daily),100
,CNc1ccc(/C=C/C(=O)N2C[C@H]3C[C@@]34C2=CC(=O)c2[nH]c(C)c(C(=O)OC)c24)nn1,MAP2K1,sensitive,scout2,3.44,419.4,0.573,3.9,70.0,0.511,bioisostere,81.3,99.7,70.0,24.4,100,67.8,75.3,379,38.9,0.6112,12.5,moderate,0.23,0.5,short,37.6,moderate,0.0,TID (three times daily),65
,COC(=O)c1c(OC)[nH]c2c1[C@@]13C[C@@H]1CN(C(=O)/C=C/c1ccc(OC)nn1)C3=CC2=O,MAP2K1,sensitive,scout2,3.43,436.4,0.553,4.0,70.0,0.51,r_group,81.3,99.7,70.0,24.4,100,66.7,75.3,380,31.4,0.6859,9.9,moderate,0.1,0.5,short,50.5,high,0.0,TID (three times daily),85
,CNc1ncc(/C=C/C(=O)N2C[C@H]3C[C@@]34C2=CC(=O)c2[nH]c(C)c(C(=O)OC)c24)cn1,MAP2K1,sensitive,scout2,3.45,419.4,0.573,3.9,70.0,0.662,bioisostere,81.3,99.7,70.0,24.4,100,67.8,75.3,381,38.9,0.6112,12.5,moderate,0.23,0.5,short,37.6,moderate,0.0,TID (three times daily),65
,COc1ccc(/C=C/C(=O)N2C[C@H]3C[C@@]34C2=CC(=O)c2[nH]c(C)c(C(=O)OC(C)C)c24)nn1,MAP2K1,sensitive,scout2,3.43,448.5,0.552,4.1,70.0,0.528,r_group,81.3,99.7,70.0,24.4,100,65.6,75.3,382,56.1,0.4393,18.8,moderate,0.24,0.5,short,10.0,low,1.0,TID (three times daily),50
CHEMBL3698724,O=S1(=O)CCN(c2ccc(Nc3ncc4c5ccncc5n(C5CCCC5)c4n3)nn2)CC1,CDK6,sensitive,scout1,9.2,0.0,0.486,3.01,100.0,,database,67.2,99.1,100.0,20.2,70,77.7,75.3,383,60.8,0.3923,42.8,high,0.57,0.5,short,10.0,low,2.0,TID (three times daily),40
CHEMBL115090,CCC(C(=O)N[C@@H](CC(=O)O)C(=O)CNCCc1ccccc1)n1cccc(NC(=O)c2ccc3ccccc3c2)c1=O,CD274,immune,scout1,0.37,0.0,0.166,3.38,68.3,,database,100.0,80.0,68.3,30.0,70,73.6,75.3,384,69.4,0.306,94.6,high,0.58,0.5,short,5.0,low,11.0,TID (three times daily),40
CHEMBL312979,O=C(O)c1c(Cc2cc3c(cc2Cl)OCO3)c(-c2ccco2)nn1CC1CCCCC1,CHEK2,resistant,scout1,9.8,0.0,0.55,2.84,91.0,,database,66.3,79.2,91.0,66.3,70,79.6,75.3,385,94.8,0.0521,100.0,high,6.17,0.7,short,9.0,low,5.0,TID (three times daily),40
,COc1ccc(/C=C/C(=O)N2C[C@H]3C[C@@]34C2=CC(=O)c2[nH]c(C)c(C(=O)SC)c24)nn1,MAP2K1,sensitive,scout2,3.53,436.5,0.734,3.9,70.0,0.518,bioisostere,80.9,99.6,70.0,24.3,100,67.8,75.2,386,57.7,0.4234,20.0,moderate,0.29,0.5,short,10.0,low,1.0,TID (three times daily),50
,COC(=O)c1c(C)[nH]c2c1[C@@]13C[C@@H]1CN(C(=O)/C=C/c1ccc(OC(F)(F)F)nn1)C3=CC2=O,MAP2K1,sensitive,scout2,3.46,474.4,0.535,4.2,70.0,0.478,r_group,81.2,99.7,70.0,24.4,100,64.4,75.2,387,59.5,0.4049,22.5,high,0.27,0.5,short,10.0,low,1.0,TID (three times daily),40
CHEMBL103,CC(=O)[C@H]1CC[C@H]2[C@@H]3CCC4=CC(=O)CC[C@]4(C)[C@H]3CC[C@]12C,AR,sensitive,scout1,8.5,0.0,0.701,3.95,100.0,,database,68.3,99.2,100.0,20.5,70,67.2,75.2,388,94.8,0.0524,18.6,moderate,11.17,6.9,moderate,10.0,low,1.0,BID (twice daily),65
,COC(=O)c1c(C(F)(F)F)[nH]c2c1[C@@]13C[C@@H]1CN(C(=O)/C=C/c1ccc(OC)nn1)C3=CC2=O,MAP2K1,sensitive,scout2,3.46,474.4,0.535,4.2,70.0,0.499,r_group,81.2,99.7,70.0,24.4,100,64.4,75.2,389,56.0,0.44,19.9,moderate,0.23,0.5,short,10.0,low,1.0,TID (three times daily),50
,COC(=O)c1c(C2CC2)[nH]c2c1[C@@]13C[C@@H]1CN(C(=O)/C=C/c1ccc(OC)nn1)C3=CC2=O,MAP2K1,sensitive,scout2,3.52,446.5,0.554,4.1,70.0,0.467,r_group,81.0,99.6,70.0,24.3,100,65.6,75.1,390,51.8,0.4819,16.3,moderate,0.2,0.5,short,18.7,low,0.0,TID (three times daily),50
,COC(=S)c1c(C)[nH]c2c1[C@@]13C[C@@H]1CN(C(=O)/C=C/c1cnc(OC)nc1)C3=CC2=O,MAP2K1,sensitive,scout2,3.65,436.5,0.58,3.9,70.0,0.689,bioisostere,80.4,99.6,70.0,24.1,100,67.8,75.1,391,57.0,0.4301,17.6,moderate,0.29,0.5,short,11.8,low,1.0,TID (three times daily),50
,NCCCCC[Se](=O)CC(=O)C(F)(F)F,FOLH1,other,scout2,4.54,292.2,0.573,1.9,70.0,0.531,r_group,77.3,99.5,70.0,23.2,100,90.0,75.1,392,50.4,0.4958,2.0,low,0.73,4.2,moderate,90.0,high,0.0,TID (three times daily),100
,O=C(C[Se](=O)CCCCCO)C(F)(F)F,FOLH1,other,scout2,4.49,293.1,0.574,1.9,70.0,0.512,r_group,77.5,99.6,70.0,23.2,100,90.0,75.1,393,53.3,0.4669,2.0,low,0.43,2.4,short,89.8,high,0.0,TID (three times daily),85
,CCCCCC[Se](=O)CC(=O)C(C)(F)F,FOLH1,other,scout2,4.47,287.2,0.507,1.9,70.0,0.571,bioisostere,77.5,99.6,70.0,23.3,100,90.0,75.1,394,83.7,0.1635,5.5,moderate,2.78,5.8,moderate,72.3,high,0.0,TID (three times daily),100
CHEMBL361708,NC1=NC(=O)/C(=C2\CCNC(=O)c3[nH]c(Br)cc32)N1,MAPK1,sensitive,scout1,9.0,0.0,0.506,3.63,100.0,,database,67.5,99.1,100.0,20.3,70,70.8,75.1,395,20.0,0.8,3.3,low,0.1,0.5,short,83.3,high,0.0,TID (three times daily),85
CHEMBL27812,Oc1cc(C(F)(F)F)c2cc3c(cc2n1)NC[C@@H]1CCC[C@H]31,AR,sensitive,scout1,9.0,0.0,0.764,3.71,100.0,,database,67.5,99.1,100.0,20.3,70,69.9,75.1,396,91.3,0.0867,53.8,high,11.37,2.4,short,10.0,low,2.0,TID (three times daily),40
CHEMBL314206,COc1ccc(Cn2nc(-c3cccs3)c(Cc3cc4c(cc3Cl)OCO4)c2C(=O)O)c(OCC(=O)O)c1,CHEK2,resistant,scout1,8.6,0.0,0.283,2.89,85.7,,database,68.2,79.3,85.7,68.2,70,79.0,75.1,397,88.2,0.1175,100.0,high,1.34,0.5,short,8.0,low,7.0,TID (three times daily),40
,CCc1[nH]c2c(c1C(=O)OC)[C@@]13C[C@@H]1CN(C(=O)/C=C/c1ccc(OC)nn1)C3=CC2=O,MAP2K1,sensitive,scout2,3.68,434.5,0.566,4.0,70.0,0.424,r_group,80.3,99.6,70.0,24.1,100,66.7,75.0,398,44.9,0.5507,13.8,moderate,0.15,0.5,short,31.2,moderate,0.0,TID (three times daily),65
,CCOC(=O)c1c(C)[nH]c2c1[C@@]13C[C@@H]1CN(C(=O)/C=C/c1ccc(OC)nn1)C3=CC2=O,MAP2K1,sensitive,scout2,3.66,434.5,0.567,4.0,70.0,0.439,r_group,80.4,99.6,70.0,24.1,100,66.7,75.0,399,47.6,0.5237,15.1,moderate,0.17,0.5,short,24.4,moderate,0.0,TID (three times daily),65
,N#CCCCCC[Se](=O)CC(=O)C(F)(F)F,FOLH1,other,scout2,4.54,302.2,0.536,2.0,70.0,0.523,r_group,77.3,99.5,70.0,23.2,100,88.9,75.0,400,69.7,0.3027,4.6,low,0.93,2.3,short,76.9,high,0.0,TID (three times daily),85
,COC(=O)c1c(C)[nH]c2c1[C@@]13C[C@@H]1CN(C(=O)/C=C/c1ccc(OC4CC4)nn1)C3=CC2=O,MAP2K1,sensitive,scout2,3.64,446.5,0.554,4.1,70.0,0.516,r_group,80.5,99.6,70.0,24.1,100,65.6,75.0,401,51.1,0.4892,15.9,moderate,0.19,0.5,short,20.7,moderate,0.0,TID (three times daily),65
CHEMBL4878379,COC(=O)c1c(Cc2ccccc2)c(-c2cc(Cl)nc(N)n2)nn1C,EZH2,resistant,scout1,28.0,0.0,0.569,2.6,100.0,,database,51.2,97.2,100.0,51.2,70,82.2,75.0,402,56.7,0.4332,36.0,high,0.69,0.5,short,10.0,low,1.0,TID (three times daily),40
,CN(C)CCCCC[Se](=O)CC(=O)C(F)(F)F,FOLH1,other,scout2,4.48,320.2,0.509,2.1,70.0,0.508,r_group,77.5,99.6,70.0,23.3,100,87.8,75.0,403,71.0,0.2896,2.9,low,1.08,4.3,moderate,85.5,high,0.0,TID (three times daily),100
,COC(=O)c1c(C)[nH]c2c1[C@@]13C[C@@H]1CN(C(=O)/C=C/c1ccc(OC(C)C)nn1)C3=CC2=O,MAP2K1,sensitive,scout2,3.58,448.5,0.552,4.1,70.0,0.534,r_group,80.7,99.6,70.0,24.2,100,65.6,75.0,404,56.1,0.4393,18.8,moderate,0.24,0.5,short,10.0,low,1.0,TID (three times daily),50
,C.COc1ncc(/C=C/C(=O)N2C[C@H]3C[C@@]34C2=CC(=O)c2[nH]c(C)c(S(N)(=O)=O)c24)cn1,MAP2K1,sensitive,scout2,3.63,457.5,0.657,4.0,70.0,0.467,bioisostere,80.5,99.6,70.0,24.2,100,66.7,75.0,405,21.9,0.7809,8.4,moderate,0.1,0.5,short,40.7,moderate,0.0,TID (three times daily),75
,C.COc1ncc(/C=C/C(=O)N2C[C@H]3C[C@@]34C2=CC(=O)c2[nH]c(C)c(C(N)=O)c24)cn1,MAP2K1,sensitive,scout2,3.79,421.5,0.723,3.9,70.0,0.546,bioisostere,79.9,99.6,70.0,24.0,100,67.8,74.9,406,32.6,0.6739,11.8,moderate,0.1,0.5,short,41.2,moderate,0.0,TID (three times daily),65
,COCCCCC[Se](=O)CC(=O)C(F)(F)F,FOLH1,other,scout2,4.68,307.2,0.511,2.0,70.0,0.513,r_group,76.9,99.5,70.0,23.1,100,88.9,74.9,407,70.0,0.2996,3.1,low,1.02,3.8,moderate,84.3,high,0.0,TID (three times daily),100
,C.COc1ccc(/C=C/C(=O)N2C[C@H]3C[C@@]34C2=CC(=O)c2[nH]c(C)c(S(N)(=O)=O)c24)nn1,MAP2K1,sensitive,scout2,3.69,457.5,0.657,4.0,70.0,0.463,bioisostere,80.3,99.6,70.0,24.1,100,66.7,74.9,408,21.9,0.7809,8.4,moderate,0.1,0.5,short,40.7,moderate,0.0,TID (three times daily),75
,COc1ccc(/C=C/C(=O)N2C[C@H]3C[C@@]34C2=CC(=O)c2[nH]c(C)c(C(=O)OC(F)(F)F)c24)nn1,MAP2K1,sensitive,scout2,3.67,474.4,0.535,4.2,70.0,0.561,r_group,80.4,99.6,70.0,24.1,100,64.4,74.9,409,59.5,0.4049,22.5,high,0.27,0.5,short,10.0,low,1.0,TID (three times daily),40
,O=C(C[Se](=O)CCCCCC1CC1)C(F)(F)F,FOLH1,other,scout2,4.63,317.2,0.507,2.1,70.0,0.478,r_group,77.0,99.5,70.0,23.1,100,87.8,74.9,410,87.3,0.1267,6.7,moderate,3.65,6.3,moderate,66.5,high,0.0,BID (twice daily),100
,COc1ncc(/C=C/C(=O)N2C[C@H]3C[C@@]34C2=CC(=O)c2[nH]c(C)c(C(=O)SC)c24)cn1,MAP2K1,sensitive,scout2,3.77,436.5,0.734,3.9,70.0,0.523,bioisostere,80.0,99.6,70.0,24.0,100,67.8,74.9,411,57.7,0.4234,20.0,moderate,0.29,0.5,short,10.0,low,1.0,TID (three times daily),50
,COC(=S)c1c(C)[nH]c2c1[C@@]13C[C@@H]1CN(C(=O)/C=C/c1ccc(OC)nn1)C3=CC2=O,MAP2K1,sensitive,scout2,3.73,436.5,0.58,3.9,70.0,0.489,bioisostere,80.1,99.6,70.0,24.0,100,67.8,74.9,412,57.0,0.4301,17.6,moderate,0.29,0.5,short,11.8,low,1.0,TID (three times daily),50
,CC(C)CCCCC[Se](=O)CC(=O)C(F)(F)F,FOLH1,other,scout2,4.59,319.2,0.504,2.1,70.0,0.503,r_group,77.2,99.5,70.0,23.1,100,87.8,74.9,413,89.4,0.1061,7.9,moderate,4.58,6.7,moderate,60.3,high,0.0,BID (twice daily),100
,C.COc1ccc(/C=C/C(=O)N2C[C@H]3C[C@@]34C2=CC(=O)c2[nH]c(C)c(C(N)=O)c24)nn1,MAP2K1,sensitive,scout2,3.76,421.5,0.723,3.9,70.0,0.46,bioisostere,80.0,99.6,70.0,24.0,100,67.8,74.9,414,32.6,0.6739,11.8,moderate,0.1,0.5,short,41.2,moderate,0.0,TID (three times daily),65
CHEMBL3216643,COc1ccc(O)c(C(=O)c2ccc(C(=O)O[C@@H]3CCCNCC3NC(=O)c3ccncc3)cc2)c1F.Cl.Cl,AKT1,escape_route,scout1,5.0,0.0,0.285,3.51,85.7,,database,75.9,79.6,85.7,53.2,70,72.1,74.9,415,77.4,0.2259,72.1,high,1.04,0.5,short,8.0,low,5.0,TID (three times daily),40
,O=C1CNCCN1Cc1ccc(Oc2ncc3c4ccncc4n(C4CCCC4)c3n2)nc1,CDK6,sensitive,scout2,3.77,443.5,0.506,4.1,70.0,0.465,bioisostere,80.0,99.6,70.0,24.0,100,65.6,74.8,416,72.9,0.2715,58.1,high,1.27,0.5,short,10.0,low,3.0,TID (three times daily),40
,CNC.COc1ccc(/C=C/C(=O)N2C[C@H]3C[C@@]34C2=CC(=O)c2[nH]c(C)cc24)nn1.O,MAP2K1,sensitive,scout2,3.84,425.5,0.706,3.9,70.0,0.512,bioisostere,79.7,99.6,70.0,23.9,100,67.8,74.8,417,21.4,0.7865,6.6,moderate,0.1,0.5,short,67.2,high,0.0,TID (three times daily),85
,O=C(O)CCCCC[Se](=O)CC(=O)C(F)(F)F,FOLH1,other,scout2,4.69,321.2,0.549,2.1,70.0,0.498,r_group,76.9,99.5,70.0,23.1,100,87.8,74.8,418,57.9,0.421,3.4,low,0.46,1.5,short,82.9,high,0.0,TID (three times daily),85
,NC(=O)CCCCC[Se](=O)CC(=O)C(F)(F)F,FOLH1,other,scout2,4.66,320.2,0.545,2.1,70.0,0.477,r_group,76.9,99.5,70.0,23.1,100,87.8,74.8,419,43.8,0.5621,2.3,low,0.23,1.2,short,88.7,high,0.0,TID (three times daily),85
,CNCCCCC[Se](=O)CC(=O)C(F)(F)F,FOLH1,other,scout2,4.72,306.2,0.55,2.0,70.0,0.507,r_group,76.8,99.5,70.0,23.0,100,88.9,74.8,420,61.4,0.3862,2.3,low,1.29,6.4,moderate,88.3,high,0.0,BID (twice daily),100
,NS(=O)(=O)CCCCC[Se](=O)CC(=O)C(F)(F)F,FOLH1,other,scout2,4.62,356.2,0.519,2.2,70.0,0.488,r_group,77.1,99.5,70.0,23.1,100,86.7,74.8,421,28.8,0.7116,1.3,low,0.18,1.7,short,93.7,high,0.0,TID (three times daily),85
CHEMBL1083151,COc1cc(Nc2nccc(-c3sc(C)nc3C)n2)cc(OC)c1OC,CDK4,sensitive,scout1,11.0,0.0,0.701,2.37,100.0,,database,64.6,98.9,100.0,19.4,70,84.8,74.8,422,85.3,0.147,83.9,high,4.08,0.6,short,10.0,low,3.0,TID (three times daily),40
,c1cc2c3cnc(Oc4cnc(N5CCNCC5)nc4)nc3n(C3CCCC3)c2cn1,CDK6,sensitive,scout2,3.84,416.5,0.542,3.9,70.0,0.521,bioisostere,79.7,99.6,70.0,23.9,100,67.8,74.8,423,71.0,0.2903,50.0,high,1.25,0.5,short,10.0,low,2.0,TID (three times daily),40
,CCCCCCNCC(=O)C(C)(F)F,FOLH1,other,scout2,4.92,207.3,0.619,1.8,70.0,0.492,bioisostere,76.2,99.5,70.0,22.8,100,91.1,74.7,424,70.7,0.2927,3.1,low,2.89,10.7,moderate,84.4,high,0.0,BID (twice daily),100
,c1cc2c3cnc(Nc4cnc(N5CCOCC5)nc4)nc3n(C3CCCC3)c2cn1,CDK6,sensitive,scout2,3.88,416.5,0.541,3.9,70.0,0.642,bioisostere,79.6,99.6,70.0,23.9,100,67.8,74.7,425,76.8,0.2321,64.9,high,1.77,0.5,short,10.0,low,3.0,TID (three times daily),40
CHEMBL592445,CN(C)C1CCN(C(=O)c2ccc(NC(=O)Nc3ccc(-c4nc(N5CCOCC5)nc(N5CCOCC5)n4)cc3)cc2)CC1,PIK3CB,escape_route,scout1,6.0,0.0,0.409,2.74,88.2,,database,73.3,79.5,88.2,51.3,70,80.7,74.7,426,67.4,0.3264,30.3,high,0.27,0.5,short,8.0,low,2.0,TID (three times daily),40
CHEMBL410643,COC[C@H]1OC(=O)/C(=C/N(C)CCCN(C)C)C2=C(O)C(=O)C3=C([C@H](OC(C)=O)C[C@]4(C)[C@@H](O)CC[C@@H]34)[C@]21C,PIK3CB,escape_route,scout1,13.0,0.0,0.345,4.98,91.9,,database,62.2,98.7,91.9,43.6,70,55.8,74.6,427,47.9,0.5214,3.9,low,0.12,0.5,short,64.5,high,0.0,TID (three times daily),85
,CNc1c(OC)cc2cc(C(=O)N3C[C@H]4C[C@@]45C3=CC(=O)c3c5c(C(=O)OC)c(C)n3C)[nH]c2c1OC,MAP2K1,sensitive,scout2,3.71,504.5,0.513,4.6,70.0,0.498,bioisostere,80.2,99.6,70.0,24.1,100,60.0,74.6,428,69.2,0.3081,39.8,high,0.82,0.5,short,8.0,low,3.0,TID (three times daily),40
,CCCCCCNCC(=O)C(F)(F)Cl,FOLH1,other,scout2,5.01,227.7,0.51,1.8,70.0,0.603,bioisostere,75.9,99.5,70.0,22.8,100,91.1,74.6,429,74.4,0.2565,3.6,low,3.4,10.9,moderate,82.0,high,0.0,BID (twice daily),100
CHEMBL114791,O=C[C@H](CC(=O)O)NC(=O)[C@@H]1Cc2cccc3c2N1C(=O)[C@@H](NC(=O)c1cccc2ccccc12)CC3,CD274,immune,scout1,10.0,0.0,0.426,3.62,100.0,,database,66.0,99.0,100.0,19.8,70,70.9,74.6,430,40.3,0.5971,22.4,high,0.1,0.5,short,10.0,low,1.0,TID (three times daily),40
,CCCCCCC[Se](=O)(=O)CC(=O)C(F)(F)F,FOLH1,other,scout2,4.85,321.2,0.509,2.1,70.0,0.651,r_group,76.4,99.5,70.0,22.9,100,87.8,74.6,431,83.0,0.1698,6.3,moderate,2.21,4.1,moderate,68.6,high,0.0,TID (three times daily),100
,O=C1COCCN1Cc1ccc(Nc2ncc3c4ccncc4n(C4CCCC4)c3n2)nc1,CDK6,sensitive,scout2,3.89,443.5,0.503,4.1,70.0,0.495,bioisostere,79.5,99.6,70.0,23.9,100,65.6,74.6,432,78.4,0.2159,75.4,high,1.8,0.5,short,10.0,low,3.0,TID (three times daily),40
CHEMBL4240212,O=C1CCCN1c1ccc(S(=O)(=O)N2CCCc3ccccc32)cc1,MDM2,sensitive,scout1,12.0,0.0,0.85,2.08,100.0,,database,63.4,98.8,100.0,19.0,70,88.0,74.5,433,77.1,0.2294,27.2,high,1.27,0.5,short,10.0,low,1.0,TID (three times daily),40
,CNC.COc1ncc(/C=C/C(=O)N2C[C@H]3C[C@@]34C2=CC(=O)c2[nH]c(C)cc24)cn1.O,MAP2K1,sensitive,scout2,4.07,425.5,0.706,3.9,70.0,0.566,bioisostere,78.9,99.6,70.0,23.7,100,67.8,74.5,434,21.4,0.7865,6.6,moderate,0.1,0.5,short,67.2,high,0.0,TID (three times daily),85
CHEMBL107935,O=C(CCn1c2c(c(=O)[nH]c1=O)CSCC2)NCC(=O)c1ccc(Oc2ccccc2)cc1,PARP1,resistant,scout1,30.0,0.0,0.495,2.61,100.0,,database,50.3,97.0,100.0,50.3,70,82.1,74.5,435,57.0,0.4297,31.8,high,0.25,0.5,short,10.0,low,1.0,TID (three times daily),40
,CCCCCCNCC(=O)C(Cl)(Cl)Cl,FOLH1,other,scout2,5.15,260.6,0.563,1.8,70.0,0.536,bioisostere,75.5,99.5,70.0,22.7,100,91.1,74.5,436,82.7,0.1735,5.2,moderate,5.59,12.4,long,73.9,high,0.0,QD (once daily),100
CHEMBL326660,O=C(CCn1c2c(c(=O)[nH]c1=O)CSCC2)NCC(=O)N1CCN(c2ccccc2)CC1,PARP1,resistant,scout1,30.0,0.0,0.641,2.64,100.0,,database,50.3,97.0,100.0,50.3,70,81.8,74.5,437,20.0,0.8,3.1,low,0.1,0.5,short,84.5,high,0.0,TID (three times daily),85
,NCCCCC[Se](=O)(=O)CC(=O)C(F)(F)F,FOLH1,other,scout2,5.02,308.2,0.572,2.0,70.0,0.475,r_group,75.9,99.5,70.0,22.8,100,88.9,74.5,438,42.5,0.575,1.8,low,0.44,2.8,short,90.8,high,0.0,TID (three times daily),85
CHEMBL110115,O=C(CCn1c2c(c(=O)[nH]c1=O)CSCC2)NCC(=O)c1ccc(OC(F)F)cc1,PARP1,resistant,scout1,30.0,0.0,0.601,2.79,100.0,,database,50.3,97.0,100.0,50.3,70,80.1,74.4,439,32.7,0.673,7.9,moderate,0.1,0.5,short,60.3,high,0.0,TID (three times daily),85
CHEMBL436344,CC1c2cc3c(C(F)(F)F)cc(O)nc3cc2NC[C@@H]1C,AR,sensitive,scout1,10.0,0.0,0.768,3.88,100.0,,database,66.0,99.0,100.0,19.8,70,68.0,74.4,440,90.2,0.0984,52.2,high,9.96,2.2,short,10.0,low,2.0,TID (three times daily),40
,CNCCCCC[Se](=O)(=O)CC(=O)C(F)(F)F,FOLH1,other,scout2,5.11,322.2,0.547,2.1,70.0,0.476,r_group,75.6,99.5,70.0,22.7,100,87.8,74.4,441,53.6,0.464,2.1,low,0.78,4.2,moderate,89.3,high,0.0,TID (three times daily),100
CHEMBL427196,OCc1ccc(-c2[nH]c(-c3ccccc3)nc2-c2ccncc2)cc1O,BRAF,escape_route,scout1,22.0,0.0,0.523,2.32,100.0,,database,54.7,97.8,100.0,38.3,70,85.3,74.4,442,84.0,0.1599,100.0,high,1.91,0.5,short,10.0,low,3.0,TID (three times daily),40
CHEMBL108968,O=C(CCn1c2c(c(=O)[nH]c1=O)CSCC2)NCC(=O)c1ccc(OC(=O)c2ccccc2)cc1,PARP1,resistant,scout1,30.0,0.0,0.279,2.65,100.0,,database,50.3,97.0,100.0,50.3,70,81.7,74.4,443,40.7,0.5928,21.8,high,0.1,0.5,short,10.0,low,1.0,TID (three times daily),40
,CCOc1ccc(/C=C/C(=O)N2C[C@H]3C[C@@]34C2=CC(=O)c2[nH]c(C)c(C(=O)OC)c24)nn1,MAP2K1,sensitive,scout2,4.08,434.5,0.567,4.0,70.0,0.596,r_group,78.8,99.6,70.0,23.7,100,66.7,74.4,444,47.6,0.5237,15.1,moderate,0.17,0.5,short,24.4,moderate,0.0,TID (three times daily),65
,CCCCCC[Se](=O)(=O)CC(=O)C(C)(F)F,FOLH1,other,scout2,5.15,303.2,0.511,2.0,70.0,0.479,bioisostere,75.5,99.5,70.0,22.7,100,88.9,74.4,445,78.8,0.2119,5.1,moderate,1.68,3.8,moderate,74.5,high,0.0,TID (three times daily),100
CHEMBL200164,O/N=C1/CCCc2cc(-c3[nH]c(-c4ccccc4)nc3-c3ccncc3)ccc21,BRAF,escape_route,scout1,17.0,0.0,0.373,2.53,92.5,,database,58.4,98.3,92.5,40.9,70,83.0,74.4,446,94.8,0.0519,100.0,high,7.7,0.9,short,9.0,low,4.0,TID (three times daily),40
,O=C(C[Se](=O)(=O)CCCCCO)C(F)(F)F,FOLH1,other,scout2,5.07,309.1,0.572,2.0,70.0,0.587,r_group,75.7,99.5,70.0,22.7,100,88.9,74.4,447,45.4,0.5465,1.9,low,0.26,1.6,short,90.6,high,0.0,TID (three times daily),85
,CC(C)CCCCC[Se](=O)(=O)CC(=O)C(F)(F)F,FOLH1,other,scout2,5.09,335.2,0.503,2.2,70.0,0.537,r_group,75.7,99.5,70.0,22.7,100,86.7,74.3,448,86.0,0.1404,7.3,moderate,2.77,4.4,moderate,63.4,high,0.0,TID (three times daily),100
,N#CCCCCC[Se](=O)(=O)CC(=O)C(F)(F)F,FOLH1,other,scout2,5.21,318.2,0.534,2.1,70.0,0.429,r_group,75.3,99.5,70.0,22.6,100,87.8,74.3,449,62.6,0.374,4.3,low,0.56,1.5,short,78.7,high,0.0,TID (three times daily),85
,O=C(O)CCCCC[Se](=O)(=O)CC(=O)C(F)(F)F,FOLH1,other,scout2,5.12,337.2,0.541,2.2,70.0,0.506,r_group,75.6,99.5,70.0,22.7,100,86.7,74.3,450,50.0,0.5001,3.1,low,0.28,1.0,short,84.3,high,0.0,TID (three times daily),85
,NC(=O)CCCCC[Se](=O)(=O)CC(=O)C(F)(F)F,FOLH1,other,scout2,5.07,336.2,0.536,2.2,70.0,0.449,r_group,75.7,99.5,70.0,22.7,100,86.7,74.3,451,36.2,0.6385,2.1,low,0.14,0.8,short,89.6,high,0.0,TID (three times daily),85
,CN(C)CCCCC[Se](=O)(=O)CC(=O)C(F)(F)F,FOLH1,other,scout2,5.14,336.2,0.503,2.2,70.0,0.574,r_group,75.5,99.5,70.0,22.7,100,86.7,74.3,452,64.1,0.3594,2.7,low,0.66,2.8,short,86.7,high,0.0,TID (three times daily),85
,O=C(C[Se](=O)(=O)CCCCCC1CC1)C(F)(F)F,FOLH1,other,scout2,5.06,333.2,0.505,2.2,70.0,0.499,r_group,75.8,99.5,70.0,22.7,100,86.7,74.3,453,83.4,0.1664,6.2,moderate,2.21,4.1,moderate,69.2,high,0.0,TID (three times daily),100
CHEMBL550286,Oc1cccc(-c2nc(N3CCOCC3)c3cnn(C4CCN(Cc5cccnc5)CC4)c3n2)c1,MTOR,escape_route,scout1,9.6,0.0,0.474,2.66,99.5,,database,66.6,79.2,99.5,46.6,70,81.6,74.3,454,76.3,0.2367,59.2,high,0.76,0.5,short,10.0,low,3.0,TID (three times daily),40
CHEMBL131737,COc1ccc(-c2nc3c(C(N)=O)cccc3n2C)cc1,PARP1,resistant,scout1,32.0,0.0,0.801,1.99,100.0,,database,49.3,96.8,100.0,49.3,70,89.0,74.3,455,59.6,0.404,35.8,high,0.55,0.5,short,10.0,low,1.0,TID (three times daily),40
CHEMBL161770,COC(=O)c1c(C)[nH]c2c1[C@@]13C[C@@H]1CN(C(=O)/C=C/c1ccc(OC)cn1)C3=CC2=O,MAP2K1,sensitive,scout1,9.7,0.0,0.603,4.38,100.0,,database,66.4,99.0,100.0,19.9,70,62.4,74.3,456,56.0,0.4402,19.0,moderate,0.28,0.5,short,10.0,low,1.0,TID (three times daily),50
,COC(=O)c1c(C(C)C)[nH]c2c1[C@@]13C[C@@H]1CN(C(=O)/C=C/c1ccc(OC)nn1)C3=CC2=O,MAP2K1,sensitive,scout2,4.22,448.5,0.552,4.1,70.0,0.579,r_group,78.4,99.6,70.0,23.5,100,65.6,74.2,457,56.8,0.4321,19.3,moderate,0.25,0.5,short,10.0,low,1.0,TID (three times daily),50
CHEMBL368313,CCC(C(=O)N[C@@H](CC(=O)O)C(=O)CNCCCc1ccccc1)n1cccc(NC(=O)c2ccc3ccccc3c2)c1=O,CD274,immune,scout1,1.15,0.0,0.152,3.41,68.0,,database,97.0,79.9,68.0,29.1,70,73.2,74.2,458,76.1,0.2388,100.0,high,0.82,0.5,short,5.0,low,12.0,TID (three times daily),40
,Oc1cc(C(Cl)(Cl)Cl)c2cc3c(cc2n1)NC[C@H]1CCCC[C@H]31,AR,sensitive,scout2,4.83,371.7,0.604,2.9,70.0,0.686,bioisostere,76.4,99.5,70.0,22.9,100,78.9,74.2,459,96.9,0.0311,100.0,high,30.0,3.5,moderate,9.0,low,4.0,TID (three times daily),55
CHEMBL564099,CNC(=O)Nc1ccc(-c2nc(N3CCOCC3)c3cnn(C4CCN(C)CC4)c3n2)cc1,MTOR,escape_route,scout1,22.0,0.0,0.629,2.62,100.0,,database,54.7,97.8,100.0,38.3,70,82.0,74.2,460,56.8,0.4322,18.7,moderate,0.27,0.5,short,10.0,low,1.0,TID (three times daily),50
CHEMBL206460,COc1cc(NC(=O)Cc2ccc(S(C)(=O)=O)cc2)c(Cl)cc1NC(=O)Nc1cnc(C#N)cn1,CHEK1,resistant,scout1,7.0,0.0,0.432,2.55,73.6,,database,71.1,79.4,73.6,71.1,70,82.8,74.2,461,54.3,0.4567,65.0,high,0.15,0.5,short,5.0,low,7.0,TID (three times daily),40
CHEMBL208728,N#Cc1cnc(NC(=O)Nc2cc(Cl)c(OCC3CCCO3)cc2N2CCCC2)cn1,CHEK1,resistant,scout1,15.0,0.0,0.699,3.14,100.0,,database,60.2,78.8,100.0,60.2,70,76.2,74.1,462,77.6,0.224,39.7,high,0.79,0.5,short,10.0,low,2.0,TID (three times daily),40
,COCCCCC[Se](=O)(=O)CC(=O)C(F)(F)F,FOLH1,other,scout2,5.37,323.2,0.508,2.1,70.0,0.531,r_group,74.9,99.5,70.0,22.5,100,87.8,74.1,463,62.9,0.3705,2.9,low,0.62,2.5,short,85.6,high,0.0,TID (three times daily),85
,NS(=O)(=O)CCCCC[Se](=O)(=O)CC(=O)C(F)(F)F,FOLH1,other,scout2,5.18,372.2,0.502,2.4,70.0,0.462,r_group,75.4,99.5,70.0,22.6,100,84.4,74.1,464,22.8,0.7725,1.2,low,0.11,1.1,short,94.2,high,0.0,TID (three times daily),85
,CCc1cc(C(F)(F)F)c2cc3c(cc2n1)NC[C@H]1CCCC[C@H]31,AR,sensitive,scout2,4.93,334.4,0.743,3.0,70.0,0.595,r_group,76.1,99.5,70.0,22.8,100,77.8,74.0,465,97.6,0.024,100.0,high,30.0,3.5,moderate,9.0,low,4.0,TID (three times daily),55
,O=C(O)c1cc(C(F)(F)F)c2cc3c(cc2n1)NC[C@H]1CCCC[C@H]31,AR,sensitive,scout2,4.95,350.3,0.786,3.1,70.0,0.594,r_group,76.1,99.5,70.0,22.8,100,76.7,74.0,466,92.3,0.0767,69.1,high,10.92,1.8,short,10.0,low,2.0,TID (three times daily),40
,Cc1cc(C(F)(F)F)c2cc3c(cc2n1)NC[C@H]1CCCC[C@H]31,AR,sensitive,scout2,5.03,320.4,0.716,2.9,70.0,0.615,r_group,75.8,99.5,70.0,22.8,100,78.9,74.0,467,97.0,0.03,95.1,high,30.0,3.6,moderate,9.0,low,3.0,TID (three times daily),55
,Nc1cc(C(F)(F)F)c2cc3c(cc2n1)NC[C@H]1CCCC[C@H]31,AR,sensitive,scout2,5.0,321.3,0.749,2.9,70.0,0.602,r_group,75.9,99.5,70.0,22.8,100,78.9,74.0,468,92.5,0.0754,60.8,high,25.39,4.8,moderate,10.0,low,2.0,TID (three times daily),55
CHEMBL315622,O=C(O)c1c(Cc2cc3c(cc2Cl)OCO3)c(-c2ccccc2)nn1Cc1cccc(Cl)c1,CHEK2,resistant,scout1,11.0,0.0,0.37,2.51,87.4,,database,64.6,79.1,87.4,64.6,70,83.2,74.0,469,97.3,0.0267,100.0,high,13.59,1.6,short,9.0,low,5.0,TID (three times daily),40
,CC(F)(F)c1cc(O)nc2cc3c(cc12)[C@H]1CCCC[C@H]1CN3,AR,sensitive,scout2,5.15,318.4,0.797,2.9,70.0,0.611,bioisostere,75.5,99.5,70.0,22.7,100,78.9,73.9,470,94.1,0.0595,66.9,high,17.74,3.1,moderate,10.0,low,2.0,TID (three times daily),55
,Cc1cc(C(F)(F)F)c2cc3c(cc2n1)NC[C@@H]1CCCC[C@H]31,AR,sensitive,scout2,5.16,320.4,0.716,2.9,70.0,0.576,r_group,75.5,99.5,70.0,22.6,100,78.9,73.9,471,97.0,0.03,95.1,high,30.0,3.6,moderate,9.0,low,3.0,TID (three times daily),55
,FC(F)(F)c1cc(Cl)nc2cc3c(cc12)[C@H]1CCCC[C@@H]1CN3,AR,sensitive,scout2,5.14,340.8,0.631,2.9,70.0,0.582,r_group,75.5,99.5,70.0,22.7,100,78.9,73.9,472,97.8,0.022,100.0,high,30.0,3.5,moderate,9.0,low,4.0,TID (three times daily),55
,CCC1CCNc2cc3[nH]c(=O)cc(C(Cl)(Cl)Cl)c3cc21,AR,sensitive,scout2,5.3,345.7,0.738,2.6,70.0,0.563,bioisostere,75.1,99.5,70.0,22.5,100,82.2,73.9,473,94.0,0.0601,75.7,high,16.47,2.5,short,10.0,low,3.0,TID (three times daily),40
CHEMBL561844,CC(=O)Nc1ccc(-c2nc(N3CCOCC3)c3cnn(C4CCN(Cc5cccnc5)CC4)c3n2)cc1,MTOR,escape_route,scout1,7.0,0.0,0.419,2.65,88.4,,database,71.1,79.4,88.4,49.8,70,81.7,73.9,474,79.0,0.2105,69.5,high,0.79,0.5,short,8.0,low,4.0,TID (three times daily),40
,CCC1CCNc2cc3[nH]c(=O)cc(C(F)(F)Cl)c3cc21,AR,sensitive,scout2,5.3,312.7,0.819,2.6,70.0,0.578,bioisostere,75.1,99.5,70.0,22.5,100,82.2,73.9,475,90.5,0.0951,52.2,high,10.03,2.2,short,10.0,low,2.0,TID (three times daily),40
,Fc1cc(C(F)(F)F)c2cc3c(cc2n1)NC[C@@H]1CCCC[C@H]31,AR,sensitive,scout2,5.12,324.3,0.539,2.9,70.0,0.612,r_group,75.6,99.5,70.0,22.7,100,78.9,73.9,476,96.6,0.0339,89.4,high,30.0,3.9,moderate,9.0,low,3.0,TID (three times daily),55
,CCC1CCNc2cc3[nH]c(=O)cc(C(C)(F)F)c3cc21,AR,sensitive,scout2,5.4,292.3,0.88,2.6,70.0,0.582,bioisostere,74.8,99.5,70.0,22.4,100,82.2,73.8,477,88.8,0.112,43.1,high,8.53,2.3,short,10.0,low,1.0,TID (three times daily),40
,CNc1cc(C(F)(F)F)c2cc3c(cc2n1)NC[C@H]1CCCC[C@H]31,AR,sensitive,scout2,5.14,335.4,0.77,3.0,70.0,0.578,r_group,75.5,99.5,70.0,22.7,100,77.8,73.8,478,95.7,0.0426,79.1,high,30.0,4.4,moderate,10.0,low,3.0,TID (three times daily),55
CHEMBL3698674,c1ccc2c(c1)c1cnc(Nc3ccc(N4CCNCC4)cn3)nc1n2C1CCCCCC1,CDK6,sensitive,scout1,3.1,0.0,0.433,2.65,88.7,,database,82.8,79.8,88.7,24.8,70,81.7,73.8,479,94.5,0.0551,100.0,high,25.25,2.9,short,9.0,low,5.0,TID (three times daily),40
,CCC1CCNc2cc3[nH]c(=O)cc(C#N)c3cc21,AR,sensitive,scout2,5.46,253.3,0.821,2.4,70.0,0.517,bioisostere,74.7,99.5,70.0,22.4,100,84.4,73.8,480,65.6,0.3444,22.2,high,1.57,0.8,short,10.0,low,1.0,TID (three times daily),40
CHEMBL388978,CN[C@@H]1C[C@H]2O[C@@](C)([C@@H]1OC)n1c3ccccc3c3c4c(c5c6ccccc6n2c5c31)C(=O)NC4,PARP2,resistant,scout1,13.0,0.0,0.406,4.95,98.1,,database,62.2,79.0,98.1,62.2,70,56.1,73.7,481,91.5,0.0851,100.0,high,7.03,0.8,short,10.0,low,5.0,TID (three times daily),40
,CC(=O)[C@@]1(OC(C)=S)CC[C@H]2[C@@H]3C[C@H](C)C4=CC(=O)CC[C@]4(C)[C@H]3CC[C@@]21C,AR,sensitive,scout2,5.01,402.6,0.576,3.5,70.0,0.586,bioisostere,75.9,99.5,70.0,22.8,100,72.2,73.7,482,97.1,0.0288,31.9,high,17.73,6.4,moderate,9.0,low,1.0,BID (twice daily),55
CHEMBL388978,CN[C@@H]1C[C@H]2O[C@@](C)([C@@H]1OC)n1c3ccccc3c3c4c(c5c6ccccc6n2c5c31)C(=O)NC4,PARP2,resistant,scout1,13.0,0.0,0.406,4.95,98.1,,database,62.2,79.0,98.1,62.2,70,56.1,73.7,483,91.5,0.0851,100.0,high,7.03,0.8,short,10.0,low,5.0,TID (three times daily),40
,CC(=O)O[C@]1(C(C)=O)CC[C@H]2[C@@H]3C[C@@H](C)C4=CC(=O)CC[C@]4(C)[C@H]3CC[C@@]21C,AR,sensitive,scout2,4.98,386.5,0.648,3.5,70.0,0.695,r_group,76.0,99.5,70.0,22.8,100,72.2,73.7,484,93.0,0.0697,18.3,moderate,5.72,3.6,moderate,10.0,low,1.0,TID (three times daily),65
CHEMBL388978,CN[C@@H]1C[C@H]2O[C@@](C)([C@@H]1OC)n1c3ccccc3c3c4c(c5c6ccccc6n2c5c31)C(=O)NC4,PARP2,resistant,scout1,13.0,0.0,0.406,4.95,98.1,,database,62.2,79.0,98.1,62.2,70,56.1,73.7,485,91.5,0.0851,100.0,high,7.03,0.8,short,10.0,low,5.0,TID (three times daily),40
CHEMBL388978,CN[C@@H]1C[C@H]2O[C@@](C)([C@@H]1OC)n1c3ccccc3c3c4c(c5c6ccccc6n2c5c31)C(=O)NC4,PARP2,resistant,scout1,13.0,0.0,0.406,4.95,98.1,,database,62.2,79.0,98.1,62.2,70,56.1,73.7,486,91.5,0.0851,100.0,high,7.03,0.8,short,10.0,low,5.0,TID (three times daily),40
,N#Cc1cc(C(F)(F)F)c2cc3c(cc2n1)NC[C@H]1CCCC[C@H]31,AR,sensitive,scout2,5.29,331.3,0.752,3.0,70.0,0.525,r_group,75.1,99.5,70.0,22.5,100,77.8,73.7,487,94.2,0.0578,78.0,high,17.49,2.6,short,10.0,low,3.0,TID (three times daily),40
,CN(C)c1cc(C(F)(F)F)c2cc3c(cc2n1)NC[C@H]1CCCC[C@H]31,AR,sensitive,scout2,5.2,349.4,0.784,3.1,70.0,0.53,r_group,75.4,99.5,70.0,22.6,100,76.7,73.7,488,96.4,0.0359,76.7,high,30.0,4.5,moderate,9.0,low,3.0,TID (three times daily),55
CHEMBL388978,CN[C@@H]1C[C@H]2O[C@@](C)([C@@H]1OC)n1c3ccccc3c3c4c(c5c6ccccc6n2c5c31)C(=O)NC4,PARP2,resistant,scout1,13.0,0.0,0.406,4.95,98.1,,database,62.2,79.0,98.1,62.2,70,56.1,73.7,489,91.5,0.0851,100.0,high,7.03,0.8,short,10.0,low,5.0,TID (three times daily),40
CHEMBL388978,CN[C@@H]1C[C@H]2O[C@@](C)([C@@H]1OC)n1c3ccccc3c3c4c(c5c6ccccc6n2c5c31)C(=O)NC4,PARP2,resistant,scout1,13.0,0.0,0.406,4.95,98.1,,database,62.2,79.0,98.1,62.2,70,56.1,73.7,490,91.5,0.0851,100.0,high,7.03,0.8,short,10.0,low,5.0,TID (three times daily),40
,Nc1cc(C(F)(F)F)c2cc3c(cc2n1)NC[C@@H]1CCCC[C@H]31,AR,sensitive,scout2,5.27,321.3,0.749,2.9,70.0,0.545,r_group,75.2,99.5,70.0,22.6,100,78.9,73.7,491,92.5,0.0754,60.8,high,25.39,4.8,moderate,10.0,low,2.0,TID (three times daily),55
CHEMBL388978,CN[C@@H]1C[C@H]2O[C@@](C)([C@@H]1OC)n1c3ccccc3c3c4c(c5c6ccccc6n2c5c31)C(=O)NC4,PARP2,resistant,scout1,13.0,0.0,0.406,4.95,98.1,,database,62.2,79.0,98.1,62.2,70,56.1,73.7,492,91.5,0.0851,100.0,high,7.03,0.8,short,10.0,low,5.0,TID (three times daily),40
,CC1(C)NC(=O)N(c2ccc(C#N)c(C#N)c2)C1=O,AR,sensitive,scout2,5.59,254.2,0.763,2.4,70.0,0.517,bioisostere,74.3,99.4,70.0,22.3,100,84.4,73.7,493,28.2,0.718,7.0,moderate,0.11,0.5,short,65.0,high,0.0,TID (three times daily),85
,FC(F)(F)c1cc(C2CC2)nc2cc3c(cc12)[C@H]1CCCC[C@H]1CN3,AR,sensitive,scout2,5.19,346.4,0.703,3.1,70.0,0.534,r_group,75.4,99.5,70.0,22.6,100,76.7,73.7,494,98.2,0.0183,100.0,high,30.0,3.5,moderate,9.0,low,4.0,TID (three times daily),55
,FC(F)(F)c1cc(C(F)(F)F)c2cc3c(cc2n1)NC[C@H]1CCCC[C@H]31,AR,sensitive,scout2,5.17,374.3,0.575,3.2,70.0,0.577,r_group,75.5,99.5,70.0,22.6,100,75.6,73.7,495,98.5,0.0155,100.0,high,30.0,3.5,moderate,9.0,low,4.0,TID (three times daily),55
,CC[C@@H]1C[C@@H]2[C@H](CC[C@@]3(C)[C@H]2CC[C@]3(OC(C)=O)C(C)=O)[C@@]2(C)CCC(=O)C=C12,AR,sensitive,scout2,4.99,400.6,0.622,3.6,70.0,0.719,r_group,76.0,99.5,70.0,22.8,100,71.1,73.6,496,94.9,0.0507,23.6,high,8.2,4.0,moderate,9.0,low,1.0,TID (three times daily),55
,CCC(=O)O[C@]1(C(C)=O)CC[C@H]2[C@@H]3C[C@H](C)C4=CC(=O)CC[C@]4(C)[C@H]3CC[C@@]21C,AR,sensitive,scout2,4.98,400.6,0.622,3.6,70.0,0.706,r_group,76.0,99.5,70.0,22.8,100,71.1,73.6,497,94.9,0.0507,23.6,high,8.2,4.0,moderate,9.0,low,1.0,TID (three times daily),55
,N#Cc1cc(O)nc2cc3c(cc12)[C@H]1CCCC[C@@H]1CN3,AR,sensitive,scout2,5.65,279.3,0.774,2.6,70.0,0.532,bioisostere,74.2,99.4,70.0,22.3,100,82.2,73.6,498,79.1,0.2085,33.4,high,3.27,1.1,short,10.0,low,1.0,TID (three times daily),40
,CCc1cc(C(F)(F)F)c2cc3c(cc2n1)NC[C@@H]1CCCC[C@H]31,AR,sensitive,scout2,5.32,334.4,0.743,3.0,70.0,0.525,r_group,75.0,99.5,70.0,22.5,100,77.8,73.6,499,97.6,0.024,100.0,high,30.0,3.5,moderate,9.0,low,4.0,TID (three times daily),55
,N#Cc1cc(C(F)(F)F)c2cc3c(cc2n1)NC[C@@H]1CCCC[C@H]31,AR,sensitive,scout2,5.34,331.3,0.752,3.0,70.0,0.519,r_group,75.0,99.5,70.0,22.5,100,77.8,73.6,500,94.2,0.0578,78.0,high,17.49,2.6,short,10.0,low,3.0,TID (three times daily),40
,Oc1cc(C(Cl)(Cl)Cl)c2cc3c(cc2n1)NC[C@@H]1CCCC[C@H]31,AR,sensitive,scout2,5.39,371.7,0.604,2.9,70.0,0.54,bioisostere,74.9,99.5,70.0,22.5,100,78.9,73.6,501,96.9,0.0311,100.0,high,30.0,3.5,moderate,9.0,low,4.0,TID (three times daily),55
,C#N.CC1(C)NC(=O)N(c2ccsc2)C1=O.FC(F)F,AR,sensitive,scout2,5.69,307.3,0.811,2.5,70.0,0.471,bioisostere,74.1,99.4,70.0,22.2,100,83.3,73.6,502,69.8,0.3021,17.0,moderate,0.85,0.6,short,15.2,low,0.0,TID (three times daily),50
,CC[C@]12CCC(=O)C=C1[C@@H](C)C[C@@H]1[C@@H]2CC[C@@]2(C)[C@H]1CC[C@]2(OC(C)=O)C(C)=O,AR,sensitive,scout2,5.02,400.6,0.622,3.6,70.0,0.627,r_group,75.9,99.5,70.0,22.8,100,71.1,73.6,503,94.9,0.0507,23.6,high,8.2,4.0,moderate,9.0,low,1.0,TID (three times daily),55
,C#N.CC1(C)NC(=O)N(c2ccncc2)C1=O.FC(F)F,AR,sensitive,scout2,5.59,302.3,0.806,2.6,70.0,0.438,bioisostere,74.3,99.4,70.0,22.3,100,82.2,73.6,504,52.5,0.4748,11.3,moderate,0.34,0.5,short,43.4,moderate,0.0,TID (three times daily),65
,CC1(C)NC(=O)N(c2ccc(C#N)c(C(Cl)(Cl)Cl)c2)C1=O,AR,sensitive,scout2,5.73,346.6,0.627,2.6,70.0,0.57,bioisostere,74.0,99.4,70.0,22.2,100,82.2,73.5,505,76.3,0.2367,23.4,high,1.14,0.6,short,10.0,low,1.0,TID (three times daily),40
,CC1(C)NC(=O)N(c2ccc(C#N)c(C(F)(F)Cl)c2)C1=O,AR,sensitive,scout2,5.71,313.7,0.674,2.6,70.0,0.576,bioisostere,74.0,99.4,70.0,22.2,100,82.2,73.5,506,66.2,0.3375,16.2,moderate,0.69,0.5,short,19.2,low,0.0,TID (three times daily),50
,N#Cc1cc(O)nc2cc3c(cc12)[C@H]1CCCC[C@H]1CN3,AR,sensitive,scout2,5.68,279.3,0.774,2.6,70.0,0.548,bioisostere,74.1,99.4,70.0,22.2,100,82.2,73.5,507,79.1,0.2085,33.4,high,3.27,1.1,short,10.0,low,1.0,TID (three times daily),40
,CC(=O)O[C@]1(C(C)=O)CC[C@H]2[C@@H]3C[C@H](C)C4=CC(=O)CC[C@]4(C)[C@H]3CC[C@@]21C1CC1,AR,sensitive,scout2,5.05,412.6,0.609,3.8,70.0,0.586,r_group,75.8,99.5,70.0,22.7,100,68.9,73.5,508,95.0,0.0495,23.3,high,8.2,4.1,moderate,9.0,low,1.0,TID (three times daily),55
,NS(=O)(=O)c1cc(C(F)(F)F)c2cc3c(cc2n1)NC[C@H]1CCCC[C@H]31,AR,sensitive,scout2,5.37,385.4,0.785,3.2,70.0,0.492,r_group,74.9,99.5,70.0,22.5,100,75.6,73.5,509,79.8,0.2018,31.9,high,4.89,1.8,short,10.0,low,1.0,TID (three times daily),40
,CC(F)(F)c1cc(O)nc2cc3c(cc12)[C@H]1CCCC[C@@H]1CN3,AR,sensitive,scout2,5.55,318.4,0.797,2.9,70.0,0.597,bioisostere,74.4,99.4,70.0,22.3,100,78.9,73.5,510,94.1,0.0595,66.9,high,17.74,3.1,moderate,10.0,low,2.0,TID (three times daily),55
,FC(F)(F)c1cc(C2CC2)nc2cc3c(cc12)[C@H]1CCCC[C@@H]1CN3,AR,sensitive,scout2,5.4,346.4,0.703,3.1,70.0,0.522,r_group,74.8,99.5,70.0,22.4,100,76.7,73.5,511,98.2,0.0183,100.0,high,30.0,3.5,moderate,9.0,low,4.0,TID (three times daily),55
,CC(=O)O[C@@H]1C[C@]2(C)C(=O)CC[C@H]2C2=C1[C@@]1(C)[CH]OC(=O)c3coc(c31)C2=O.CNC,PIK3CB,escape_route,scout2,10.7,428.5,0.679,3.9,70.0,0.448,bioisostere,65.0,98.9,70.0,45.5,100,67.8,73.5,512,54.8,0.4518,9.7,moderate,0.49,0.6,short,51.3,high,0.0,TID (three times daily),85
CHEMBL3702096,OCCN1CCN(c2ccc(Nc3ncc4c5ccncc5n(C5CCCC5)c4n3)nc2)CC1,CDK6,sensitive,scout1,4.9,0.0,0.454,2.79,99.1,,database,76.2,79.6,99.1,22.9,70,80.1,73.5,513,76.3,0.2375,56.5,high,1.54,0.5,short,10.0,low,3.0,TID (three times daily),40
,CNC[C@H]1OC(=O)c2coc3c2[C@@]1(C)C1=C(C3=O)[C@@H]2CCC(=O)[C@@]2(C)C[C@H]1OC(C)=O,PIK3CB,escape_route,scout2,10.72,427.5,0.73,3.9,70.0,0.595,bioisostere,65.0,98.9,70.0,45.5,100,67.8,73.4,514,46.6,0.534,6.8,moderate,0.33,0.6,short,66.1,high,0.0,TID (three times daily),85
,CN(C)c1cc(C(F)(F)F)c2cc3c(cc2n1)NC[C@@H]1CCCC[C@H]31,AR,sensitive,scout2,5.56,349.4,0.784,3.1,70.0,0.543,r_group,74.4,99.4,70.0,22.3,100,76.7,73.4,515,96.4,0.0359,76.7,high,30.0,4.5,moderate,9.0,low,3.0,TID (three times daily),55
,CC(=O)[C@@]1(OC(=O)C(C)C)CC[C@H]2[C@@H]3C[C@H](C)C4=CC(=O)CC[C@]4(C)[C@H]3CC[C@@]21C,AR,sensitive,scout2,5.09,414.6,0.589,3.8,70.0,0.56,r_group,75.7,99.5,70.0,22.7,100,68.9,73.4,516,95.9,0.0409,27.6,high,10.28,4.3,moderate,9.0,low,1.0,TID (three times daily),55
,COc1cc(C(F)(F)F)c2cc3c(cc2n1)NC[C@@H]1CCCC[C@H]31,AR,sensitive,scout2,5.58,336.4,0.799,3.0,70.0,0.571,r_group,74.4,99.4,70.0,22.3,100,77.8,73.4,517,95.8,0.0419,77.3,high,27.74,4.1,moderate,10.0,low,3.0,TID (three times daily),55
,NS(=O)(=O)c1cc(C(F)(F)F)c2cc3c(cc2n1)NC[C@@H]1CCCC[C@H]31,AR,sensitive,scout2,5.51,385.4,0.785,3.2,70.0,0.532,r_group,74.5,99.4,70.0,22.4,100,75.6,73.4,518,79.8,0.2018,31.9,high,4.89,1.8,short,10.0,low,1.0,TID (three times daily),40
,FC(F)(F)c1cc(C(F)(F)F)c2cc3c(cc2n1)NC[C@@H]1CCCC[C@H]31,AR,sensitive,scout2,5.49,374.3,0.575,3.2,70.0,0.575,r_group,74.6,99.5,70.0,22.4,100,75.6,73.4,519,98.5,0.0155,100.0,high,30.0,3.5,moderate,9.0,low,4.0,TID (three times daily),55
,Oc1cc(C(F)(F)Cl)c2cc3c(cc2n1)NC[C@H]1CCCC[C@H]31,AR,sensitive,scout2,5.67,338.8,0.725,2.9,70.0,0.615,bioisostere,74.1,99.4,70.0,22.2,100,78.9,73.4,520,95.0,0.0501,79.8,high,20.87,3.0,moderate,10.0,low,3.0,TID (three times daily),55
,Fc1cc(C(F)(F)F)c2cc3c(cc2n1)NC[C@H]1CCCC[C@H]31,AR,sensitive,scout2,5.67,324.3,0.539,2.9,70.0,0.623,r_group,74.1,99.4,70.0,22.2,100,78.9,73.4,521,96.6,0.0339,89.4,high,30.0,3.9,moderate,9.0,low,3.0,TID (three times daily),55
,C.CN[C@@]1(C(C)=O)CC[C@H]2[C@@H]3C[C@H](C)C4=CC(=O)CC[C@]4(C)[C@H]3CC[C@@]21C.O,AR,sensitive,scout2,5.29,391.6,0.769,3.5,70.0,0.557,bioisostere,75.1,99.5,70.0,22.5,100,72.2,73.4,522,87.2,0.1283,11.8,moderate,4.7,4.6,moderate,41.2,moderate,0.0,TID (three times daily),80
,CC(=O)S[C@@]1(C(C)=O)CC[C@H]2[C@@H]3C[C@H](C)C4=CC(=O)CC[C@]4(C)[C@H]3CC[C@@]21C,AR,sensitive,scout2,5.28,402.6,0.623,3.5,70.0,0.518,bioisostere,75.2,99.5,70.0,22.5,100,72.2,73.4,523,96.6,0.0344,30.1,high,13.7,5.3,moderate,9.0,low,1.0,TID (three times daily),55
,CC[C@]12CC[C@H]3[C@@H](C[C@H](C)C4=CC(=O)CC[C@@]43C)[C@@H]1CC[C@]2(OC(C)=O)C(C)=O,AR,sensitive,scout2,5.28,400.6,0.622,3.6,70.0,0.569,r_group,75.2,99.5,70.0,22.5,100,71.1,73.4,524,94.9,0.0507,23.6,high,8.2,4.0,moderate,9.0,low,1.0,TID (three times daily),55
,CCC(=O)[C@@]1(OC(C)=O)CC[C@H]2[C@@H]3C[C@H](C)C4=CC(=O)CC[C@]4(C)[C@H]3CC[C@@]21C,AR,sensitive,scout2,5.26,400.6,0.622,3.6,70.0,0.564,r_group,75.2,99.5,70.0,22.6,100,71.1,73.4,525,94.9,0.0507,23.6,high,8.2,4.0,moderate,9.0,low,1.0,TID (three times daily),55
CHEMBL3702050,COCCN1CCN(c2ccc(Nc3ncc4c5ccncc5n(C5CCCC5)c4n3)nc2)CC1,CDK6,sensitive,scout1,4.9,0.0,0.432,2.78,98.6,,database,76.2,79.6,98.6,22.9,70,80.2,73.4,526,86.8,0.132,85.4,high,3.62,0.5,short,10.0,low,4.0,TID (three times daily),40
,CC(=O)O[C@]1(C(=O)C2CC2)CC[C@H]2[C@@H]3C[C@H](C)C4=CC(=O)CC[C@]4(C)[C@H]3CC[C@@]21C,AR,sensitive,scout2,5.09,412.6,0.609,3.8,70.0,0.593,r_group,75.7,99.5,70.0,22.7,100,68.9,73.4,527,95.0,0.0495,23.3,high,8.2,4.1,moderate,9.0,low,1.0,TID (three times daily),55
,CC(=O)O[C@]1(C(=O)C(C)C)CC[C@H]2[C@@H]3C[C@H](C)C4=CC(=O)CC[C@]4(C)[C@H]3CC[C@@]21C,AR,sensitive,scout2,5.15,414.6,0.589,3.8,70.0,0.582,r_group,75.5,99.5,70.0,22.7,100,68.9,73.4,528,95.9,0.0409,27.6,high,10.28,4.3,moderate,9.0,low,1.0,TID (three times daily),55
,CC(=O)O[C@]1(C(C)=O)CC[C@H]2[C@@H]3C[C@@H](C(C)C)C4=CC(=O)CC[C@]4(C)[C@H]3CC[C@@]21C,AR,sensitive,scout2,5.13,414.6,0.589,3.8,70.0,0.554,r_group,75.6,99.5,70.0,22.7,100,68.9,73.4,529,95.9,0.0409,27.6,high,10.28,4.3,moderate,9.0,low,1.0,TID (three times daily),55
,O=C(O)c1cc(C(F)(F)F)c2cc3c(cc2n1)NC[C@@H]1CCCC[C@H]31,AR,sensitive,scout2,5.54,350.3,0.786,3.1,70.0,0.567,r_group,74.5,99.4,70.0,22.3,100,76.7,73.4,530,92.3,0.0767,69.1,high,10.92,1.8,short,10.0,low,2.0,TID (three times daily),40
,Oc1cc(C(F)(F)Cl)c2cc3c(cc2n1)NC[C@@H]1CCCC[C@H]31,AR,sensitive,scout2,5.71,338.8,0.725,2.9,70.0,0.658,bioisostere,74.0,99.4,70.0,22.2,100,78.9,73.3,531,95.0,0.0501,79.8,high,20.87,3.0,moderate,10.0,low,3.0,TID (three times daily),55
,COC[CH][C@]1(C)C2=C(C(=O)c3occ(C(N)=O)c31)[C@@H]1CCC(=O)[C@@]1(C)C[C@H]2OC(C)=O,PIK3CB,escape_route,scout2,11.02,428.5,0.713,3.9,70.0,0.407,bioisostere,64.6,98.9,70.0,45.2,100,67.8,73.3,532,45.2,0.5476,8.4,moderate,0.14,0.5,short,58.1,high,0.0,TID (three times daily),85
,NC(=O)c1cc(C(F)(F)F)c2cc3c(cc2n1)NC[C@@H]1CCCC[C@H]31,AR,sensitive,scout2,5.65,349.4,0.816,3.1,70.0,0.558,r_group,74.2,99.4,70.0,22.3,100,76.7,73.3,533,87.2,0.1279,45.7,high,5.5,1.4,short,10.0,low,2.0,TID (three times daily),40
,NC(=O)c1cc(C(F)(F)F)c2cc3c(cc2n1)NC[C@H]1CCCC[C@H]31,AR,sensitive,scout2,5.61,349.4,0.816,3.1,70.0,0.575,r_group,74.3,99.4,70.0,22.3,100,76.7,73.3,534,87.2,0.1279,45.7,high,5.5,1.4,short,10.0,low,2.0,TID (three times daily),40
CHEMBL430707,O=C(CCn1c2c(c(=O)[nH]c1=O)CSCC2)NCC(=O)N1CCN(c2ccccn2)CC1,PARP1,resistant,scout1,35.0,0.0,0.603,2.77,100.0,,database,48.0,96.5,100.0,48.0,70,80.3,73.3,535,20.0,0.8,2.0,low,0.1,0.6,short,76.7,high,0.0,TID (three times daily),85
,CC(=O)[C]1CC[C@H]2[C@@H]3C[C@H](C)C4=CC(=O)CC[C@]4(C)[C@H]3CC[C@]12C.CS(N)(=O)=O,AR,sensitive,scout2,5.38,422.6,0.695,3.6,70.0,0.489,bioisostere,74.9,99.5,70.0,22.5,100,71.1,73.3,536,81.7,0.1829,10.6,moderate,2.45,2.7,short,47.2,moderate,0.0,TID (three times daily),65
,CC(=O)[C@@]1(OC(=O)C2CC2)CC[C@H]2[C@@H]3C[C@H](C)C4=CC(=O)CC[C@]4(C)[C@H]3CC[C@@]21C,AR,sensitive,scout2,5.21,412.6,0.609,3.8,70.0,0.55,r_group,75.3,99.5,70.0,22.6,100,68.9,73.3,537,95.0,0.0495,23.3,high,8.2,4.1,moderate,9.0,low,1.0,TID (three times daily),55
,CC(=O)O[C@]1(C(C)=O)CC[C@H]2[C@@H]3C[C@H](C)C4=CC(=O)CC[C@]4(C(C)C)[C@H]3CC[C@@]21C,AR,sensitive,scout2,5.19,414.6,0.589,3.8,70.0,0.54,r_group,75.4,99.5,70.0,22.6,100,68.9,73.3,538,95.9,0.0409,27.6,high,10.28,4.3,moderate,9.0,low,1.0,TID (three times daily),55
,CC(=O)O[C@]1(C(C)=O)CC[C@H]2[C@@H]3C[C@H](C)C4=CC(=O)CC[C@]4(C4CC4)[C@H]3CC[C@@]21C,AR,sensitive,scout2,5.22,412.6,0.609,3.8,70.0,0.587,r_group,75.3,99.5,70.0,22.6,100,68.9,73.3,539,95.0,0.0495,23.3,high,8.2,4.1,moderate,9.0,low,1.0,TID (three times daily),55
,CC=O.CC[C@@H]1[C](C)CC[C@H]2[C@H]1C[C@H](C)C1=CC(=O)CC[C@@]12C.CNC(C)=O,AR,sensitive,scout2,5.54,390.6,0.646,3.5,70.0,0.445,bioisostere,74.5,99.4,70.0,22.3,100,72.2,73.2,540,94.1,0.0588,23.9,high,6.89,3.3,moderate,10.0,low,1.0,TID (three times daily),55
,CNC(=O)c1coc2c1[C](C)C1=C(C2=O)[C@@H]2CCC(=O)[C@@]2(C)C[C@H]1OC(C)=O.COC,PIK3CB,escape_route,scout2,11.17,430.5,0.718,3.9,70.0,0.404,bioisostere,64.4,98.9,70.0,45.1,100,67.8,73.2,541,57.7,0.4234,10.7,moderate,0.28,0.5,short,46.4,moderate,0.0,TID (three times daily),65
CHEMBL1085178,Cc1nc(N)ncc1-c1nc(N2CCOCC2)c2sc(C(C)(C)O)cc2n1,PIK3CB,escape_route,scout1,25.0,0.0,0.704,2.98,100.0,,database,52.9,97.5,100.0,37.0,70,78.0,73.2,542,45.0,0.5496,16.8,moderate,0.35,0.5,short,16.0,low,0.0,TID (three times daily),50
CHEMBL176584,CCCCCCN(C)CC(=O)[C@H](CC(=O)O)NC(=O)C(CC)n1cccc(NC(=O)c2ccc3ccccc3c2)c1=O,CD274,immune,scout1,1.79,0.0,0.217,3.47,74.3,,database,90.7,79.9,74.3,27.2,70,72.6,73.2,543,81.5,0.185,79.2,high,0.66,0.5,short,6.5,low,7.0,TID (three times daily),40
,FC(F)(F)c1cc(Cl)nc2cc3c(cc12)[C@H]1CCCC[C@H]1CN3,AR,sensitive,scout2,5.92,340.8,0.631,2.9,70.0,0.683,r_group,73.5,99.4,70.0,22.1,100,78.9,73.2,544,97.8,0.022,100.0,high,30.0,3.5,moderate,9.0,low,4.0,TID (three times daily),55
,CC(N)=O.COC[C@H]1OC(=O)c2coc3c2[C@@]1(C)C1=C(C3=O)[C@@H]2CCC(=O)[C@@]2(C)C[CH]1,PIK3CB,escape_route,scout2,11.16,428.5,0.716,3.9,70.0,0.47,bioisostere,64.4,98.9,70.0,45.1,100,67.8,73.2,545,45.2,0.5476,8.4,moderate,0.14,0.5,short,58.1,high,0.0,TID (three times daily),85
,COC[C@H]1OC(=O)c2coc3c2[C@@]1(C)C1=C(C3=O)[C@@H]2CCC(=O)[C@@]2(C)C[CH]1.CS(N)(=O)=O,PIK3CB,escape_route,scout2,11.06,464.5,0.652,4.0,70.0,0.419,bioisostere,64.6,98.9,70.0,45.2,100,66.7,73.2,546,30.1,0.6994,5.3,moderate,0.11,0.5,short,51.3,high,0.0,TID (three times daily),85
,COc1cc(C(F)(F)F)c2cc3c(cc2n1)NC[C@H]1CCCC[C@H]31,AR,sensitive,scout2,5.83,336.4,0.799,3.0,70.0,0.648,r_group,73.7,99.4,70.0,22.1,100,77.8,73.2,547,95.8,0.0419,77.3,high,27.74,4.1,moderate,10.0,low,3.0,TID (three times daily),55
,CNc1cc(C(F)(F)F)c2cc3c(cc2n1)NC[C@@H]1CCCC[C@H]31,AR,sensitive,scout2,5.76,335.4,0.77,3.0,70.0,0.603,r_group,73.9,99.4,70.0,22.2,100,77.8,73.2,548,95.7,0.0426,79.1,high,30.0,4.4,moderate,10.0,low,3.0,TID (three times daily),55
,CC(=O)O[C@]1(C(C)=O)CC[C@H]2[C@@H]3C[C@@H](C4CC4)C4=CC(=O)CC[C@]4(C)[C@H]3CC[C@@]21C,AR,sensitive,scout2,5.27,412.6,0.609,3.8,70.0,0.551,r_group,75.2,99.5,70.0,22.6,100,68.9,73.2,549,95.0,0.0495,23.3,high,8.2,4.1,moderate,9.0,low,1.0,TID (three times daily),55
,CC(=O)O[C@]1(C(C)=O)CC[C@H]2[C@@H]3C[C@H](C)C4=CC(=O)CC[C@]4(C)[C@H]3CC[C@@]21C(C)C,AR,sensitive,scout2,5.35,414.6,0.589,3.8,70.0,0.544,r_group,75.0,99.5,70.0,22.5,100,68.9,73.2,550,95.9,0.0409,27.6,high,10.28,4.3,moderate,9.0,low,1.0,TID (three times daily),55
,CC(=O)[C]1CC[C@H]2[C@@H]3C[C@H](C)C4=CC(=O)CC[C@]4(C)[C@H]3CC[C@]12C.CC(N)=O,AR,sensitive,scout2,5.5,386.6,0.724,3.5,70.0,0.533,bioisostere,74.6,99.5,70.0,22.4,100,72.2,73.2,551,89.6,0.1043,16.8,moderate,3.13,2.1,short,15.9,low,0.0,TID (three times daily),50
,CC(C)c1cc(C(F)(F)F)c2cc3c(cc2n1)NC[C@@H]1CCCC[C@H]31,AR,sensitive,scout2,5.82,348.4,0.676,3.1,70.0,0.624,r_group,73.8,99.4,70.0,22.1,100,76.7,73.1,552,98.5,0.015,100.0,high,30.0,3.5,moderate,9.0,low,4.0,TID (three times daily),55
,CC(C)c1cc(C(F)(F)F)c2cc3c(cc2n1)NC[C@H]1CCCC[C@H]31,AR,sensitive,scout2,5.82,348.4,0.676,3.1,70.0,0.616,r_group,73.8,99.4,70.0,22.1,100,76.7,73.1,553,98.5,0.015,100.0,high,30.0,3.5,moderate,9.0,low,4.0,TID (three times daily),55
CHEMBL541906,Cl.Oc1ccc(-c2nc(N3CCOCC3)c3oc4ncccc4c3n2)cc1,PIK3CA,escape_route,scout1,26.0,0.0,0.567,2.62,100.0,,database,52.3,97.4,100.0,36.6,70,82.0,73.1,554,77.3,0.2273,89.6,high,1.04,0.5,short,10.0,low,3.0,TID (three times daily),40
CHEMBL200942,O/N=C/c1ccc(-c2[nH]c(-c3ccccc3)nc2-c2ccncc2)cc1O,BRAF,escape_route,scout1,27.0,0.0,0.288,2.51,100.0,,database,51.8,97.3,100.0,36.2,70,83.2,73.0,555,85.2,0.1477,100.0,high,1.92,0.5,short,10.0,low,4.0,TID (three times daily),40
CHEMBL384304,COc1ccc(F)c(F)c1C(=O)c1cnc(NC2CCN(S(C)(=O)=O)CC2)nc1N,CDK4,sensitive,scout1,15.0,0.0,0.644,2.66,100.0,,database,60.2,98.5,100.0,18.1,70,81.6,73.0,556,28.9,0.7109,8.2,moderate,0.25,0.5,short,59.1,high,0.0,TID (three times daily),85
CHEMBL384304,COc1ccc(F)c(F)c1C(=O)c1cnc(NC2CCN(S(C)(=O)=O)CC2)nc1N,CDK4,sensitive,scout1,15.0,0.0,0.644,2.66,100.0,,database,60.2,98.5,100.0,18.1,70,81.6,73.0,557,28.9,0.7109,8.2,moderate,0.25,0.5,short,59.1,high,0.0,TID (three times daily),85
CHEMBL569181,COc1cccc(Nc2ncc(C)c(-c3c[nH]c(C(=O)N[C@H](CO)c4cccc(Cl)c4)c3)n2)c1OC,MAPK1,sensitive,scout1,3.0,0.0,0.26,3.18,85.2,,database,83.3,79.8,85.2,25.0,70,75.8,73.0,558,87.2,0.1277,100.0,high,2.81,0.5,short,8.0,low,6.0,TID (three times daily),40
CHEMBL381187,N[C@@H](COc1cncc(-c2ccc3cnccc3c2)c1)Cc1c[nH]c2ccccc12,AKT1,escape_route,scout1,26.0,0.0,0.437,2.88,100.0,,database,52.3,97.4,100.0,36.6,70,79.1,73.0,559,91.8,0.0818,100.0,high,8.37,1.0,short,10.0,low,4.0,TID (three times daily),40
CHEMBL244378,O=C(O)c1ccccc1Nc1ccnc(Nc2ccc3cn[nH]c3c2)n1,CDK4,sensitive,scout1,15.85,0.0,0.437,2.34,100.0,,database,59.4,98.4,100.0,17.8,70,85.1,72.9,560,68.7,0.313,100.0,high,2.28,0.5,short,10.0,low,3.0,TID (three times daily),40
CHEMBL281945,C[C@H]1CNc2cc3nc(O)cc(C(F)(F)F)c3cc2C1CCC(F)(F)F,AR,sensitive,scout1,13.0,0.0,0.684,4.08,98.7,,database,62.2,98.7,98.7,18.7,70,65.8,72.7,561,96.9,0.0312,100.0,high,30.0,3.5,moderate,9.0,low,4.0,TID (three times daily),55
CHEMBL424953,CCC(C(=O)NC(CC(=O)O)C(=O)CN1CCCC1)n1cccc(NC(=O)c2ccc3ccccc3c2)c1=O,CD274,immune,scout1,7.3,0.0,0.345,3.32,81.9,,database,70.5,99.3,81.9,21.2,70,74.2,72.7,562,56.5,0.435,33.3,high,0.18,0.5,short,6.5,low,3.0,TID (three times daily),40
CHEMBL189963,CC(=O)c1c(C)c2cnc(Nc3ccc(N4CCNCC4)cn3)nc2n(C2CCCC2)c1=O,CDK6,sensitive,scout1,16.0,0.0,0.575,2.87,100.0,,database,59.3,98.4,100.0,17.8,70,79.2,72.5,563,66.6,0.3336,29.7,high,1.72,0.7,short,10.0,low,1.0,TID (three times daily),40
CHEMBL3698659,c1cc2c3cnc(Nc4ccc(N5CCNCC5)cn4)nc3n(C3CC4CCC3C4)c2cn1,CDK6,sensitive,scout1,5.1,0.0,0.498,4.55,100.0,,database,75.7,79.6,100.0,22.7,70,60.6,72.5,564,85.0,0.1499,82.2,high,6.57,0.9,short,10.0,low,4.0,TID (three times daily),40
CHEMBL283449,CC1CCNc2cc3nc(O)cc(C(F)(F)F)c3cc21,AR,sensitive,scout1,15.0,0.0,0.77,3.46,100.0,,database,60.2,98.5,100.0,18.1,70,72.7,72.5,565,88.0,0.1203,47.6,high,7.94,1.9,short,10.0,low,1.0,TID (three times daily),40
CHEMBL3971812,OC1CCC(n2c3cnccc3c3cnc(Nc4ccc(N5CCNCC5)cn4)nc32)CC1,CDK6,sensitive,scout1,5.9,0.0,0.441,2.93,98.8,,database,73.6,79.5,98.8,22.1,70,78.6,72.4,566,67.5,0.3248,46.5,high,1.83,0.5,short,10.0,low,2.0,TID (three times daily),40
CHEMBL388978,CN[C@@H]1C[C@H]2O[C@@](C)([C@@H]1OC)n1c3ccccc3c3c4c(c5c6ccccc6n2c5c31)C(=O)NC4,AURKA,resistant,scout1,16.0,0.0,0.406,4.95,98.1,,database,59.3,78.7,98.1,59.3,70,56.1,72.3,567,91.5,0.0851,100.0,high,7.03,0.8,short,10.0,low,5.0,TID (three times daily),40
CHEMBL191816,CC(C)(C)c1ccc(C(=O)Nc2n[nH]c3c2CN(C(=O)c2ccco2)C3)cc1,AURKA,resistant,scout1,41.0,0.0,0.727,2.48,100.0,,database,45.8,95.9,100.0,45.8,70,83.6,72.3,568,79.5,0.205,68.2,high,1.18,0.5,short,10.0,low,3.0,TID (three times daily),40
CHEMBL110178,O=C(CCn1c2c(c(=O)[nH]c1=O)CSCC2)NCC(=O)N1CCN(c2ccncc2)CC1,PARP1,resistant,scout1,40.0,0.0,0.603,2.8,100.0,,database,46.1,96.0,100.0,46.1,70,80.0,72.3,569,20.0,0.8,2.0,low,0.1,0.6,short,76.7,high,0.0,TID (three times daily),85
,c1ccc(Nc2ncc(-c3ccnc(SC4CCCCC4)n3)s2)nc1,CDK4,sensitive,scout2,6.92,369.5,0.627,3.1,70.0,0.403,bioisostere,71.3,99.3,70.0,21.4,100,76.7,72.3,570,94.9,0.0514,100.0,high,16.96,2.0,short,9.0,low,4.0,TID (three times daily),40
CHEMBL215803,C[C@@H]1C[C@H]2CN1CCn1nc3c(cccc3c1O)-c1nc3c(cccc3nc1O)O2,CDK6,sensitive,scout1,12.0,0.0,0.466,5.87,99.9,,database,63.4,98.8,99.9,19.0,70,45.9,72.3,571,66.6,0.3342,52.4,high,0.5,0.5,short,10.0,low,2.0,TID (three times daily),40
CHEMBL3702047,CCN1CCN(c2ccc(Nc3ncc4c5ccncc5n(C5CCCC5)c4n3)nc2)CC1,CDK6,sensitive,scout1,6.4,0.0,0.492,2.74,99.8,,database,72.4,79.5,99.8,21.7,70,80.7,72.3,572,90.6,0.0945,100.0,high,6.31,0.7,short,10.0,low,4.0,TID (three times daily),40
CHEMBL388978,CN[C@@H]1C[C@H]2O[C@@](C)([C@@H]1OC)n1c3ccccc3c3c4c(c5c6ccccc6n2c5c31)C(=O)NC4,AURKA,resistant,scout1,16.0,0.0,0.406,4.95,98.1,,database,59.3,78.7,98.1,59.3,70,56.1,72.3,573,91.5,0.0851,100.0,high,7.03,0.8,short,10.0,low,5.0,TID (three times daily),40
CHEMBL388978,CN[C@@H]1C[C@H]2O[C@@](C)([C@@H]1OC)n1c3ccccc3c3c4c(c5c6ccccc6n2c5c31)C(=O)NC4,AURKA,resistant,scout1,16.0,0.0,0.406,4.95,98.1,,database,59.3,78.7,98.1,59.3,70,56.1,72.3,574,91.5,0.0851,100.0,high,7.03,0.8,short,10.0,low,5.0,TID (three times daily),40
CHEMBL388978,CN[C@@H]1C[C@H]2O[C@@](C)([C@@H]1OC)n1c3ccccc3c3c4c(c5c6ccccc6n2c5c31)C(=O)NC4,AURKA,resistant,scout1,16.0,0.0,0.406,4.95,98.1,,database,59.3,78.7,98.1,59.3,70,56.1,72.3,575,91.5,0.0851,100.0,high,7.03,0.8,short,10.0,low,5.0,TID (three times daily),40
CHEMBL388978,CN[C@@H]1C[C@H]2O[C@@](C)([C@@H]1OC)n1c3ccccc3c3c4c(c5c6ccccc6n2c5c31)C(=O)NC4,AURKA,resistant,scout1,16.0,0.0,0.406,4.95,98.1,,database,59.3,78.7,98.1,59.3,70,56.1,72.3,576,91.5,0.0851,100.0,high,7.03,0.8,short,10.0,low,5.0,TID (three times daily),40
CHEMBL388978,CN[C@@H]1C[C@H]2O[C@@](C)([C@@H]1OC)n1c3ccccc3c3c4c(c5c6ccccc6n2c5c31)C(=O)NC4,AURKA,resistant,scout1,16.0,0.0,0.406,4.95,98.1,,database,59.3,78.7,98.1,59.3,70,56.1,72.3,577,91.5,0.0851,100.0,high,7.03,0.8,short,10.0,low,5.0,TID (three times daily),40
CHEMBL388978,CN[C@@H]1C[C@H]2O[C@@](C)([C@@H]1OC)n1c3ccccc3c3c4c(c5c6ccccc6n2c5c31)C(=O)NC4,AURKA,resistant,scout1,16.0,0.0,0.406,4.95,98.1,,database,59.3,78.7,98.1,59.3,70,56.1,72.3,578,91.5,0.0851,100.0,high,7.03,0.8,short,10.0,low,5.0,TID (three times daily),40
CHEMBL3698642,c1cc2c3cnc(Nc4ccc(N5CCNCC5)nn4)nc3n(C3CCCC3)c2cn1,CDK6,sensitive,scout1,6.6,0.0,0.525,2.85,100.0,,database,72.0,79.5,100.0,21.6,70,79.4,72.2,579,69.2,0.3077,48.3,high,2.23,0.5,short,10.0,low,2.0,TID (three times daily),40
CHEMBL4248974,CN1CCN(S(=O)(=O)c2ccc(N3CCCC3=O)cc2)c2ccccc21,MDM2,sensitive,scout1,18.0,0.0,0.832,2.26,100.0,,database,57.6,98.2,100.0,17.3,70,86.0,72.2,580,68.9,0.3109,19.3,moderate,0.75,0.5,short,10.0,low,1.0,TID (three times daily),50
,Cl.Clc1cccc(-c2nc(N3CCOCC3)c3sccc3n2)c1,PIK3CA,escape_route,scout2,14.72,368.3,0.677,2.9,70.0,0.605,r_group,60.5,98.5,70.0,42.3,100,78.9,72.1,581,92.9,0.0705,100.0,high,6.69,0.8,short,10.0,low,4.0,TID (three times daily),40
,Cl.Nc1cccc(-c2nc(N3CCOCC3)c3sccc3n2)c1,PIK3CA,escape_route,scout2,14.57,348.9,0.72,2.9,70.0,0.641,r_group,60.6,98.5,70.0,42.4,100,78.9,72.1,582,78.5,0.2154,51.2,high,2.73,0.6,short,10.0,low,2.0,TID (three times daily),40
,Cc1cccc(-c2nc(N3CCOCC3)c3sccc3n2)c1.Cl,PIK3CA,escape_route,scout2,14.52,347.9,0.704,2.9,70.0,0.595,r_group,60.7,98.5,70.0,42.5,100,78.9,72.1,583,90.6,0.0943,78.0,high,4.87,0.7,short,10.0,low,3.0,TID (three times daily),40
CHEMBL176512,CCCCN(CC)CC(=O)[C@H](CC(=O)O)NC(=O)C(CC)n1cccc(NC(=O)c2ccc3ccccc3c2)c1=O,CD274,immune,scout1,2.3,0.0,0.256,3.46,75.1,,database,87.1,79.8,75.1,26.1,70,72.7,72.1,584,75.8,0.2418,62.7,high,0.46,0.5,short,6.5,low,5.0,TID (three times daily),40
CHEMBL381447,CC(C)(CNS(C)(=O)=O)c1nc(-c2ccc(Cl)c(O)c2)c(-c2ccncc2)[nH]1,BRAF,escape_route,scout1,14.0,0.0,0.566,2.83,100.0,,database,61.2,78.9,100.0,42.8,70,79.7,72.0,585,70.7,0.2928,54.6,high,1.12,0.5,short,10.0,low,2.0,TID (three times daily),40
CHEMBL428690,CN1CC[C@H](c2c(O)cc(O)c3c(=O)cc(-c4ccccc4Cl)oc23)[C@H](O)C1,CDK4,sensitive,scout1,6.4,0.0,0.61,3.41,100.0,,database,72.4,79.5,100.0,21.7,70,73.2,72.0,586,73.8,0.2621,51.6,high,0.76,0.5,short,10.0,low,2.0,TID (three times daily),40
CHEMBL371958,CC(=O)Nc1cccc(-c2cncc(Nc3ccc4c(c3)OCO4)n2)c1,BRAF,escape_route,scout1,32.0,0.0,0.75,2.24,100.0,,database,49.3,96.8,100.0,34.5,70,86.2,72.0,587,78.2,0.2183,86.7,high,2.38,0.5,short,10.0,low,3.0,TID (three times daily),40
CHEMBL428690,CN1CC[C@H](c2c(O)cc(O)c3c(=O)cc(-c4ccccc4Cl)oc23)[C@H](O)C1,CDK4,sensitive,scout1,6.4,0.0,0.61,3.41,100.0,,database,72.4,79.5,100.0,21.7,70,73.2,72.0,588,73.8,0.2621,51.6,high,0.76,0.5,short,10.0,low,2.0,TID (three times daily),40
CHEMBL428690,CN1CC[C@H](c2c(O)cc(O)c3c(=O)cc(-c4ccccc4Cl)oc23)[C@H](O)C1,CDK4,sensitive,scout1,6.4,0.0,0.61,3.41,100.0,,database,72.4,79.5,100.0,21.7,70,73.2,72.0,589,73.8,0.2621,51.6,high,0.76,0.5,short,10.0,low,2.0,TID (three times daily),40
CHEMBL3641995,C[C@H](O)CNC1CCN(c2ccc(Nc3ncc4c5ccncc5n(C5CCCC5)c4n3)nn2)CC1,CDK6,sensitive,scout1,5.7,0.0,0.36,3.41,97.2,,database,74.1,79.5,97.2,22.2,70,73.2,72.0,590,74.6,0.2544,58.9,high,2.28,0.5,short,10.0,low,3.0,TID (three times daily),40
CHEMBL315936,O=C(O)c1c(Cc2cc3c(cc2Cl)OCO3)c(-c2ccccc2)nn1CC1CCCC(C(=O)O)C1,CHEK2,resistant,scout1,14.8,0.0,0.467,3.47,89.3,,database,60.4,78.8,89.3,60.4,70,72.6,71.9,591,91.8,0.0816,100.0,high,2.73,0.5,short,9.0,low,6.0,TID (three times daily),40
,O=C(NC1CCNCC1)c1n[nH]cc1NC(=O)c1c(O)cccc1Cl,CDK4,sensitive,scout2,7.44,363.8,0.564,3.1,70.0,0.485,r_group,70.2,99.3,70.0,21.1,100,76.7,71.9,592,29.8,0.7021,10.0,moderate,0.16,0.5,short,49.9,moderate,0.0,TID (three times daily),65
,Cl.Fc1cccc(-c2nc(N3CCOCC3)c3sccc3n2)c1,PIK3CA,escape_route,scout2,15.05,351.8,0.704,2.9,70.0,0.523,r_group,60.1,98.5,70.0,42.1,100,78.9,71.9,593,89.4,0.1058,75.3,high,4.17,0.6,short,10.0,low,3.0,TID (three times daily),40
,c1ccc(Oc2ncc(-c3ccnc(OC4CCCCC4)n3)s2)nc1,CDK4,sensitive,scout2,7.55,354.4,0.672,3.1,70.0,0.481,bioisostere,70.0,99.2,70.0,21.0,100,76.7,71.8,594,90.5,0.0947,100.0,high,3.98,0.5,short,10.0,low,4.0,TID (three times daily),40
,Cc1nc(N)sc1-c1ccnc(Oc2cccc([N+](=O)[O-])c2)n1,CDK4,sensitive,scout2,7.79,329.3,0.577,2.9,70.0,0.471,bioisostere,69.6,99.2,70.0,20.9,100,78.9,71.8,595,61.2,0.388,70.8,high,0.81,0.5,short,10.0,low,2.0,TID (three times daily),40
,COc1nc(N)sc1-c1ccnc(Nc2cccc([N+](=O)[O-])c2)n1,CDK4,sensitive,scout2,7.66,344.4,0.534,3.0,70.0,0.519,r_group,69.8,99.2,70.0,20.9,100,77.8,71.8,596,50.7,0.4934,55.7,high,0.88,0.5,short,10.0,low,2.0,TID (three times daily),40
,Cl.O=C(O)c1cccc(-c2nc(N3CCOCC3)c3sccc3n2)c1,PIK3CA,escape_route,scout2,15.05,377.9,0.754,3.1,70.0,0.577,r_group,60.1,98.5,70.0,42.1,100,76.7,71.8,597,78.1,0.2185,57.0,high,1.18,0.5,short,10.0,low,2.0,TID (three times daily),40
,CCCCC.CNc1nccc(-c2cnc(Nc3ccccn3)s2)n1,CDK4,sensitive,scout2,7.58,356.5,0.649,3.1,70.0,0.428,bioisostere,70.0,99.2,70.0,21.0,100,76.7,71.8,598,92.8,0.0717,100.0,high,21.61,2.5,short,10.0,low,4.0,TID (three times daily),40
CHEMBL122187,COc1ccc(NS(=O)(=O)c2c(F)c(F)c(F)c(F)c2F)cc1NC(=O)[C@H](CO)NC(C)=O,MAP2K1,sensitive,scout1,18.0,0.0,0.249,3.01,100.0,,database,57.6,98.2,100.0,17.3,70,77.7,71.8,599,32.9,0.6706,12.9,moderate,0.13,0.5,short,35.5,moderate,0.0,TID (three times daily),65
CHEMBL371029,CO[C@H]1C[C@@H]2CC[C@@H](C)[C@@](O)(O2)C(=O)C(=O)N2CCCC[C@H]2C(=O)N[C@H](CCc2ccccc2)C(=O)NCC(=O)N(C)CC(=O)O[C@H]1C,MTOR,escape_route,scout1,9.6,0.0,0.301,5.91,71.5,,database,66.6,99.0,71.5,46.6,70,45.4,71.8,600,20.0,0.8,1.9,low,0.1,0.6,short,45.3,moderate,0.0,TID (three times daily),75
CHEMBL220054,O=C(NC(CO)c1ccc(F)c(Cl)c1)c1cc(-c2[nH]ncc2-c2cccc(Cl)c2)c[nH]1,MAPK1,sensitive,scout1,6.0,0.0,0.328,3.12,96.6,,database,73.3,79.5,96.6,22.0,70,76.4,71.8,601,92.4,0.0761,100.0,high,3.58,0.5,short,10.0,low,5.0,TID (three times daily),40
,CCc1nc(N)sc1-c1ccnc(Nc2cccc([N+](=O)[O-])c2)n1,CDK4,sensitive,scout2,7.59,342.4,0.538,3.0,70.0,0.498,r_group,70.0,99.2,70.0,21.0,100,77.8,71.8,602,64.7,0.3534,72.8,high,1.82,0.5,short,10.0,low,3.0,TID (three times daily),40
CHEMBL3702158,C1=C(c2ccc(Nc3ncc4c5ccncc5n(C5CCCC5)c4n3)nc2)CCNC1,CDK6,sensitive,scout1,7.0,0.0,0.51,2.99,100.0,,database,71.1,79.4,100.0,21.3,70,77.9,71.8,603,90.9,0.0909,100.0,high,13.75,1.6,short,10.0,low,4.0,TID (three times daily),40
CHEMBL200118,Oc1cc(-c2[nH]cnc2-c2ccncc2)ccc1Cl,BRAF,escape_route,scout1,33.0,0.0,0.75,2.44,100.0,,database,48.9,96.7,100.0,34.2,70,84.0,71.7,604,80.4,0.1955,99.8,high,1.91,0.5,short,10.0,low,3.0,TID (three times daily),40
CHEMBL379484,CN1C(=O)C[C@H](c2ccccc2)[C@@H]1[C@H](O)c1ccc(-c2ccc(C#N)cc2)s1,KRAS,escape_route,scout1,30.0,0.0,0.723,3.51,100.0,,database,50.3,97.0,100.0,35.2,70,72.1,71.7,605,90.7,0.0928,100.0,high,3.9,0.5,short,10.0,low,4.0,TID (three times daily),40
,Cc1nc(N)sc1-c1ccnc(Nc2cccc([N+]([O-])=S)c2)n1,CDK4,sensitive,scout2,7.95,344.4,0.553,2.9,70.0,0.563,bioisostere,69.3,99.2,70.0,20.8,100,78.9,71.7,606,65.3,0.347,66.8,high,2.06,0.5,short,10.0,low,2.0,TID (three times daily),40
,CN(C)c1nc(N)sc1-c1ccnc(Nc2cccc([N+](=O)[O-])c2)n1,CDK4,sensitive,scout2,7.72,357.4,0.528,3.1,70.0,0.436,r_group,69.7,99.2,70.0,20.9,100,76.7,71.7,607,54.7,0.453,51.7,high,1.07,0.5,short,10.0,low,2.0,TID (three times daily),40
CHEMBL214803,CN1C(=O)C[C@H](c2ccccc2F)[C@@H]1[C@H](O)c1ccc(-c2cccnc2)s1,KRAS,escape_route,scout1,30.0,0.0,0.742,3.61,100.0,,database,50.3,97.0,100.0,35.2,70,71.0,71.7,608,89.7,0.1033,90.9,high,3.67,0.5,short,10.0,low,4.0,TID (three times daily),40
,Cc1nc(N)sc1-c1ccnc(Nc2ccsc2)n1.O=[N+][O-],CDK4,sensitive,scout2,7.97,335.4,0.555,2.8,70.0,0.477,bioisostere,69.3,99.2,70.0,20.8,100,80.0,71.7,609,50.3,0.4969,56.0,high,0.88,0.5,short,10.0,low,2.0,TID (three times daily),40
CHEMBL115336,CC(C)[C@H](NC(=O)c1ccccc1)C(=O)N(CC(=O)NC(CC(=O)O)C(=O)c1nc2ccccc2o1)C1Cc2ccccc2C1,CD274,immune,scout1,2.0,0.0,0.206,3.56,69.1,,database,89.1,79.8,69.1,26.7,70,71.6,71.6,610,64.0,0.3603,77.8,high,0.19,0.5,short,5.0,low,10.0,TID (three times daily),40
,Cl.Oc1cccc(-c2nc(N3CCSCC3)c3sccc3n2)c1,PIK3CA,escape_route,scout2,15.86,365.9,0.742,2.9,70.0,0.514,bioisostere,59.4,98.4,70.0,41.6,100,78.9,71.6,611,90.2,0.0976,91.6,high,4.2,0.5,short,10.0,low,3.0,TID (three times daily),40
,O=C(NC1CCNCC1)c1n[nH]cc1NC(=O)c1c(Cl)cccc1C1CC1,CDK4,sensitive,scout2,7.66,387.9,0.633,3.4,70.0,0.469,r_group,69.8,99.2,70.0,20.9,100,73.3,71.6,612,60.6,0.3937,18.4,moderate,0.76,0.5,short,10.0,low,1.0,TID (three times daily),50
,CC(C)c1cccc(-c2nc(N3CCOCC3)c3sccc3n2)c1.Cl,PIK3CA,escape_route,scout2,15.66,375.9,0.662,3.1,70.0,0.469,r_group,59.6,98.4,70.0,41.7,100,76.7,71.6,613,95.1,0.0488,100.0,high,10.32,1.2,short,10.0,low,4.0,TID (three times daily),40
,COc1cccc(Cl)c1C(=O)Nc1c[nH]nc1C(=O)NC1CCNCC1,CDK4,sensitive,scout2,7.82,377.8,0.635,3.2,70.0,0.416,r_group,69.5,99.2,70.0,20.9,100,75.6,71.6,614,39.6,0.6039,11.5,moderate,0.28,0.5,short,42.7,moderate,0.0,TID (three times daily),65
,O=C(NC1CCOCC1)c1n[nH]cc1NC(=O)c1c(Cl)cccc1Cl,CDK4,sensitive,scout2,7.9,383.2,0.757,3.1,70.0,0.495,bioisostere,69.4,99.2,70.0,20.8,100,76.7,71.6,615,65.2,0.3482,25.9,high,0.49,0.5,short,10.0,low,1.0,TID (three times daily),40
,O=C(NC1CCNCC1)c1n[nH]cc1NC(=O)c1c(F)cccc1Cl,CDK4,sensitive,scout2,7.91,365.8,0.665,3.1,70.0,0.44,r_group,69.4,99.2,70.0,20.8,100,76.7,71.6,616,44.9,0.5506,13.5,moderate,0.38,0.5,short,32.4,moderate,0.0,TID (three times daily),65
,Nc1nc(C2CC2)c(-c2ccnc(Nc3cccc([N+](=O)[O-])c3)n2)s1,CDK4,sensitive,scout2,7.92,354.4,0.529,3.1,70.0,0.498,r_group,69.3,99.2,70.0,20.8,100,76.7,71.6,617,70.7,0.2932,81.9,high,2.43,0.5,short,10.0,low,3.0,TID (three times daily),40
CHEMBL205951,COc1cc(C=O)ccc1NC(=O)Nc1cnc(C#N)cn1,CHEK1,resistant,scout1,45.0,0.0,0.831,2.41,100.0,,database,44.4,95.5,100.0,44.4,70,84.3,71.6,618,33.0,0.6703,19.4,moderate,0.11,0.5,short,10.0,low,1.0,TID (three times daily),50
,N#Cc1cccc(Cl)c1C(=O)Nc1c[nH]nc1C(=O)NC1CCNCC1,CDK4,sensitive,scout2,7.99,372.8,0.65,3.2,70.0,0.427,r_group,69.2,99.2,70.0,20.8,100,75.6,71.5,619,31.9,0.6813,11.6,moderate,0.17,0.5,short,41.9,moderate,0.0,TID (three times daily),65
,Cc1cccc(Cl)c1C(=O)Nc1c[nH]nc1C(=O)NC1CCNCC1,CDK4,sensitive,scout2,8.05,361.8,0.67,3.1,70.0,0.496,r_group,69.1,99.2,70.0,20.7,100,76.7,71.5,620,48.1,0.5189,14.1,moderate,0.45,0.5,short,29.5,moderate,0.0,TID (three times daily),65
,Nc1cccc(Cl)c1C(=O)Nc1c[nH]nc1C(=O)NC1CCNCC1,CDK4,sensitive,scout2,8.03,362.8,0.525,3.1,70.0,0.466,r_group,69.1,99.2,70.0,20.7,100,76.7,71.5,621,26.0,0.7398,9.2,moderate,0.25,0.5,short,54.0,high,0.0,TID (three times daily),85
,O=C(Nc1c[nH]nc1C(=S)NC1CCNCC1)c1c(Cl)cccc1Cl,CDK4,sensitive,scout2,8.0,398.3,0.596,3.1,70.0,0.454,bioisostere,69.2,99.2,70.0,20.8,100,76.7,71.5,622,72.3,0.2773,27.9,high,2.99,1.2,short,10.0,low,1.0,TID (three times daily),40
,CN(C)c1cccc(Cl)c1C(=O)Nc1c[nH]nc1C(=O)NC1CCNCC1,CDK4,sensitive,scout2,7.82,390.9,0.624,3.4,70.0,0.44,r_group,69.5,99.2,70.0,20.9,100,73.3,71.5,623,43.5,0.5646,11.2,moderate,0.33,0.5,short,44.2,moderate,0.0,TID (three times daily),65
,Cc1nc(N)sc1-c1ccnc(Nc2ccoc2)n1.O=[N+][O-],CDK4,sensitive,scout2,8.36,319.3,0.553,2.8,70.0,0.461,bioisostere,68.6,99.2,70.0,20.6,100,80.0,71.4,624,35.6,0.6438,40.5,high,0.42,0.5,short,7.0,low,2.0,TID (three times daily),40
,Nc1nc(C(F)(F)F)c(-c2ccnc(Nc3cccc([N+](=O)[O-])c3)n2)s1,CDK4,sensitive,scout2,8.1,382.3,0.519,3.2,70.0,0.544,r_group,69.0,99.2,70.0,20.7,100,75.6,71.4,625,74.1,0.2594,100.0,high,2.77,0.5,short,10.0,low,4.0,TID (three times daily),40
,Cl.N#Cc1cccc(-c2nc(N3CCOCC3)c3sccc3n2)c1,PIK3CA,escape_route,scout2,16.27,358.9,0.701,3.0,70.0,0.569,r_group,59.0,98.4,70.0,41.3,100,77.8,71.4,626,82.9,0.1711,64.3,high,1.88,0.5,short,10.0,low,2.0,TID (three times daily),40
,CC(C)c1nc(N)sc1-c1ccnc(Nc2cccc([N+](=O)[O-])c2)n1,CDK4,sensitive,scout2,8.18,356.4,0.524,3.1,70.0,0.466,r_group,68.9,99.2,70.0,20.7,100,76.7,71.4,627,74.7,0.2533,97.1,high,3.05,0.5,short,10.0,low,3.0,TID (three times daily),40
,N#Cc1nc(N)sc1-c1ccnc(Nc2cccc([N+](=O)[O-])c2)n1,CDK4,sensitive,scout2,8.25,339.3,0.545,3.0,70.0,0.503,r_group,68.8,99.2,70.0,20.6,100,77.8,71.4,628,42.3,0.5772,57.8,high,0.56,0.5,short,7.0,low,3.0,TID (three times daily),40
,Nc1nc(Cl)c(-c2ccnc(Nc3cccc([N+](=O)[O-])c3)n2)s1,CDK4,sensitive,scout2,8.29,348.8,0.546,2.9,70.0,0.508,r_group,68.7,99.2,70.0,20.6,100,78.9,71.4,629,66.6,0.3341,99.1,high,1.98,0.5,short,10.0,low,3.0,TID (three times daily),40
,CC(C)c1cccc(Cl)c1C(=O)Nc1c[nH]nc1C(=O)NC1CCNCC1,CDK4,sensitive,scout2,7.89,389.9,0.631,3.4,70.0,0.427,r_group,69.4,99.2,70.0,20.8,100,73.3,71.4,630,65.3,0.3469,21.8,high,0.95,0.5,short,10.0,low,1.0,TID (three times daily),40
,Cc1nc(N)sc1-c1ccnc(Nc2ccncc2)n1.O=[N+][O-],CDK4,sensitive,scout2,8.4,330.4,0.549,2.9,70.0,0.436,bioisostere,68.5,99.2,70.0,20.5,100,78.9,71.4,631,32.6,0.6736,35.7,high,0.35,0.5,short,7.0,low,2.0,TID (three times daily),40
CHEMBL419020,O=C(CCn1c2c(c(=O)[nH]c1=O)CSCC2)NCC(=O)N1CCN(c2ncccc2C(F)(F)F)CC1,PARP1,resistant,scout1,40.0,0.0,0.566,2.96,96.3,,database,46.1,96.0,96.3,46.1,70,78.2,71.4,632,21.8,0.782,3.8,low,0.1,0.5,short,64.8,high,0.0,TID (three times daily),85
CHEMBL210540,Cc1cc(-c2cnc(Nc3cnc(CN4CCN(C)CC4)cn3)s2)nc(OC2CCCCC2)n1,CDK6,sensitive,scout1,7.8,0.0,0.54,2.95,100.0,,database,69.6,79.4,100.0,20.9,70,78.3,71.3,633,84.5,0.1546,48.6,high,2.74,0.7,short,10.0,low,2.0,TID (three times daily),40
,Cl.Sc1cccc(-c2nc(N3CCOCC3)c3sccc3n2)c1,PIK3CA,escape_route,scout2,16.59,365.9,0.699,2.9,70.0,0.553,bioisostere,58.7,98.3,70.0,41.1,100,78.9,71.3,634,90.7,0.0926,83.5,high,4.78,0.7,short,10.0,low,3.0,TID (three times daily),40
,Cl.NS(=O)(=O)c1cccc(-c2nc(N3CCOCC3)c3sccc3n2)c1,PIK3CA,escape_route,scout2,16.27,412.9,0.708,3.2,70.0,0.548,r_group,59.0,98.4,70.0,41.3,100,75.6,71.3,635,54.0,0.4598,26.9,high,0.53,0.5,short,10.0,low,1.0,TID (three times daily),40
,Cl.Fc1cccc(-c2nc(N3CCOCC3)c3oc4ncccc4c3n2)c1,PIK3CA,escape_route,scout2,16.0,386.8,0.521,3.4,70.0,0.653,r_group,59.3,98.4,70.0,41.5,100,73.3,71.3,636,86.7,0.1326,100.0,high,2.46,0.5,short,10.0,low,4.0,TID (three times daily),40
CHEMBL280865,CCCC1CCNc2cc3nc(O)cc(C(F)(F)F)c3cc21,AR,sensitive,scout1,19.0,0.0,0.848,3.46,100.0,,database,56.8,98.1,100.0,17.0,70,72.7,71.3,637,93.5,0.0648,70.4,high,16.29,2.7,short,10.0,low,2.0,TID (three times daily),40
,Cl.Oc1cc[nH]c1.c1nc(N2CCOCC2)c2sccc2n1,PIK3CA,escape_route,scout2,16.7,340.8,0.712,2.8,70.0,0.418,bioisostere,58.7,98.3,70.0,41.1,100,80.0,71.3,638,66.9,0.331,33.3,high,0.67,0.5,short,10.0,low,1.0,TID (three times daily),40
,Nc1nc(F)c(-c2ccnc(Nc3cccc([N+](=O)[O-])c3)n2)s1,CDK4,sensitive,scout2,8.49,332.3,0.556,2.9,70.0,0.496,r_group,68.3,99.2,70.0,20.5,100,78.9,71.3,639,56.1,0.439,69.5,high,1.23,0.5,short,10.0,low,2.0,TID (three times daily),40
,Cl.Cl.O=C(Nc1c[nH]nc1C(=O)NC1CCNCC1)c1ccoc1,CDK4,sensitive,scout2,8.44,376.2,0.647,3.0,70.0,0.412,bioisostere,68.4,99.2,70.0,20.5,100,77.8,71.3,640,34.0,0.6601,9.7,moderate,0.2,0.5,short,51.3,high,0.0,TID (three times daily),85
,CCc1cccc(Cl)c1C(=O)Nc1c[nH]nc1C(=O)NC1CCNCC1,CDK4,sensitive,scout2,8.26,375.9,0.644,3.2,70.0,0.432,r_group,68.7,99.2,70.0,20.6,100,75.6,71.3,641,53.9,0.4611,15.7,moderate,0.57,0.5,short,21.3,moderate,0.0,TID (three times daily),65
,CNc1cccc(Cl)c1C(=O)Nc1c[nH]nc1C(=O)NC1CCNCC1,CDK4,sensitive,scout2,8.23,376.8,0.546,3.2,70.0,0.435,r_group,68.8,99.2,70.0,20.6,100,75.6,71.3,642,39.2,0.6081,11.7,moderate,0.53,0.5,short,41.3,moderate,0.0,TID (three times daily),65
,O=C(O)c1cccc(Cl)c1C(=O)Nc1c[nH]nc1C(=O)NC1CCNCC1,CDK4,sensitive,scout2,8.1,391.8,0.524,3.4,70.0,0.479,r_group,69.0,99.2,70.0,20.7,100,73.3,71.3,643,25.7,0.7433,10.3,moderate,0.11,0.5,short,48.4,moderate,0.0,TID (three times daily),65
,NC(=O)c1cccc(Cl)c1C(=O)Nc1c[nH]nc1C(=O)NC1CCNCC1,CDK4,sensitive,scout2,8.1,390.8,0.515,3.4,70.0,0.474,r_group,69.0,99.2,70.0,20.7,100,73.3,71.3,644,20.0,0.8,6.8,moderate,0.1,0.5,short,46.1,moderate,0.0,TID (three times daily),75
,CNc1nc(C)c(-c2ccnc(Nc3cc(OC)c(OC)c(SC)c3)n2)s1,CDK4,sensitive,scout2,8.27,403.5,0.561,3.4,70.0,0.547,bioisostere,68.7,99.2,70.0,20.6,100,73.3,71.2,645,89.4,0.1057,100.0,high,11.52,1.3,short,10.0,low,4.0,TID (three times daily),40
,Cl.NC(=O)c1cccc(-c2nc(N3CCOCC3)c3sccc3n2)c1,PIK3CA,escape_route,scout2,16.72,376.9,0.76,3.1,70.0,0.494,r_group,58.6,98.3,70.0,41.0,100,76.7,71.2,646,67.0,0.3305,37.7,high,0.59,0.5,short,10.0,low,1.0,TID (three times daily),40
CHEMBL3702123,O=C(c1ccc(Nc2ncc3c4ccncc4n(C4CCCC4)c3n2)nc1)N1CCNCC1,CDK6,sensitive,scout1,8.0,0.0,0.5,2.79,100.0,,database,69.2,79.4,100.0,20.8,70,80.1,71.2,647,73.0,0.2699,60.8,high,2.53,0.5,short,10.0,low,3.0,TID (three times daily),40
,Cl.Oc1ccoc1.c1nc(N2CCOCC2)c2sccc2n1,PIK3CA,escape_route,scout2,17.27,341.8,0.733,2.8,70.0,0.413,bioisostere,58.2,98.3,70.0,40.7,100,80.0,71.1,648,72.3,0.2774,40.0,high,0.91,0.5,short,10.0,low,1.0,TID (three times daily),40
,Cc1cccc(-c2nc(N3CCOCC3)c3oc4ncccc4c3n2)c1.Cl,PIK3CA,escape_route,scout2,16.34,382.9,0.522,3.4,70.0,0.698,r_group,59.0,98.4,70.0,41.3,100,73.3,71.1,649,88.1,0.1186,100.0,high,2.88,0.5,short,10.0,low,4.0,TID (three times daily),40
,CNc1nc(C)c(-c2ccnc(Nc3cc(OC)c(NC)c(OC)c3)n2)s1,CDK4,sensitive,scout2,8.45,386.5,0.565,3.4,70.0,0.542,bioisostere,68.4,99.2,70.0,20.5,100,73.3,71.1,650,79.8,0.2015,71.4,high,9.31,1.5,short,10.0,low,3.0,TID (three times daily),40
,O=C(NC1CCNCC1)c1n[nH]cc1NC(=O)c1c(Cl)cccc1C(F)(F)F,CDK4,sensitive,scout2,8.28,415.8,0.617,3.5,70.0,0.433,r_group,68.7,99.2,70.0,20.6,100,72.2,71.1,651,64.6,0.3542,23.0,high,0.87,0.5,short,10.0,low,1.0,TID (three times daily),40
,Cl.c1cc(-c2nc(N3CCOCC3)c3sccc3n2)cc(C2CC2)c1,PIK3CA,escape_route,scout2,16.9,373.9,0.677,3.1,70.0,0.52,r_group,58.5,98.3,70.0,40.9,100,76.7,71.1,652,94.1,0.059,100.0,high,8.23,0.9,short,10.0,low,4.0,TID (three times daily),40
CHEMBL204318,CCCCC(=O)Nc1ncc(Nc2ncnc3cc(OCCCN4CCOCC4)c(OC)cc23)cn1,AURKA,resistant,scout1,17.0,0.0,0.361,2.63,87.2,,database,58.4,78.6,87.2,58.4,70,81.9,71.0,653,70.2,0.2977,38.6,high,0.84,0.5,short,8.5,low,2.0,TID (three times daily),40
,Cl.FC(F)(F)c1cccc(-c2nc(N3CCOCC3)c3sccc3n2)c1,PIK3CA,escape_route,scout2,16.91,401.8,0.627,3.2,70.0,0.55,r_group,58.5,98.3,70.0,40.9,100,75.6,71.0,654,95.0,0.0503,100.0,high,9.37,1.1,short,10.0,low,4.0,TID (three times daily),40
,CN(C)c1cccc(-c2nc(N3CCOCC3)c3sccc3n2)c1.Cl,PIK3CA,escape_route,scout2,17.15,376.9,0.697,3.1,70.0,0.444,r_group,58.3,98.3,70.0,40.8,100,76.7,71.0,655,88.9,0.1113,61.4,high,3.62,0.7,short,10.0,low,2.0,TID (three times daily),40
,CNc1nc(C)c(-c2ccnc(Nc3cc(NC)c(OC)c(OC)c3)n2)s1,CDK4,sensitive,scout2,8.51,386.5,0.565,3.4,70.0,0.619,bioisostere,68.3,99.1,70.0,20.5,100,73.3,71.0,656,79.8,0.2015,71.4,high,9.31,1.5,short,10.0,low,3.0,TID (three times daily),40
CHEMBL427787,C[C@@H](C(=O)N1Cc2[nH]nc(NC(=O)c3ccc(N4CCN(C)CC4)cc3)c2C1)c1ccccc1,AURKA,resistant,scout1,24.0,0.0,0.614,2.96,100.0,,database,53.5,78.1,100.0,53.5,70,78.2,71.0,657,75.0,0.2504,39.0,high,0.76,0.5,short,10.0,low,2.0,TID (three times daily),40
CHEMBL27297,CCC1CCNc2cc3c(cc21)c(C(F)(F)F)cc(=O)n3C,AR,sensitive,scout1,20.0,0.0,0.867,3.41,100.0,,database,56.1,98.0,100.0,16.8,70,73.2,71.0,658,90.1,0.0994,40.7,high,10.15,2.9,short,10.0,low,1.0,TID (three times daily),40
,Cl.Oc1cccc(-c2nc(N3CCSCC3)c3oc4ncccc4c3n2)c1,PIK3CA,escape_route,scout2,16.76,400.9,0.542,3.4,70.0,0.674,bioisostere,58.6,98.3,70.0,41.0,100,73.3,71.0,659,87.7,0.1227,100.0,high,2.48,0.5,short,10.0,low,4.0,TID (three times daily),40
,CNCCN(C)c1nc(-c2cccc(O)c2)nc2c1oc1ncccc12.Cl,PIK3CA,escape_route,scout2,17.33,385.9,0.545,3.4,70.0,0.419,bioisostere,58.1,98.3,70.0,40.7,100,73.3,70.8,660,73.9,0.2614,79.0,high,1.64,0.5,short,10.0,low,3.0,TID (three times daily),40
,Cl.Oc1ccncc1.c1nc(N2CCOCC2)c2sccc2n1,PIK3CA,escape_route,scout2,18.13,352.8,0.726,2.9,70.0,0.418,bioisostere,57.5,98.2,70.0,40.2,100,78.9,70.8,661,69.5,0.3048,36.1,high,0.76,0.5,short,10.0,low,1.0,TID (three times daily),40
CHEMBL173677,CCCCN(C)CC(=O)[C@H](CC(=O)O)NC(=O)C(CC)n1cccc(NC(=O)c2ccc3ccccc3c2)c1=O,CD274,immune,scout1,3.1,0.0,0.28,3.43,75.6,,database,82.8,79.8,75.6,24.8,70,73.0,70.8,662,69.0,0.3095,49.7,high,0.32,0.5,short,6.5,low,4.0,TID (three times daily),40
CHEMBL206663,CN(C)CCOCCOc1cc(N2CCCC2)c(NC(=O)Nc2cnc(C#N)cn2)cc1Cl,CHEK1,resistant,scout1,25.0,0.0,0.505,2.76,100.0,,database,52.9,78.0,100.0,52.9,70,80.4,70.8,663,68.5,0.3153,25.0,high,0.42,0.5,short,10.0,low,1.0,TID (three times daily),40
,Cl.Nc1cccc(-c2nc(N3CCOCC3)c3oc4ncccc4c3n2)c1,PIK3CA,escape_route,scout2,17.61,383.8,0.531,3.4,70.0,0.639,r_group,57.9,98.2,70.0,40.5,100,73.3,70.7,664,73.8,0.2619,82.3,high,1.62,0.5,short,10.0,low,3.0,TID (three times daily),40
,CNc1cccc(-c2nc(N3CCOCC3)c3sccc3n2)c1.Cl,PIK3CA,escape_route,scout2,18.13,362.9,0.77,3.0,70.0,0.487,r_group,57.5,98.2,70.0,40.2,100,77.8,70.7,665,87.0,0.1303,64.9,high,5.76,1.0,short,10.0,low,2.0,TID (three times daily),40
CHEMBL3698731,NCC1CCN(c2ccc(Nc3ncc4c5ccncc5n(C5CCCC5)c4n3)nn2)CC1,CDK6,sensitive,scout1,8.8,0.0,0.479,2.89,99.6,,database,67.8,79.3,99.6,20.3,70,79.0,70.6,666,78.1,0.2193,74.9,high,3.27,0.5,short,10.0,low,3.0,TID (three times daily),40
,Cl.N#Cc1cccc(-c2nc(N3CCOCC3)c3oc4ncccc4c3n2)c1,PIK3CA,escape_route,scout2,17.57,393.8,0.514,3.5,70.0,0.628,r_group,57.9,98.2,70.0,40.5,100,72.2,70.6,667,78.9,0.2106,100.0,high,1.11,0.5,short,10.0,low,4.0,TID (three times daily),40
CHEMBL206139,COc1cc([N+](=O)[O-])c(Cl)cc1NC(=O)Nc1cnc(C#N)cn1,CHEK1,resistant,scout1,42.0,0.0,0.638,2.52,92.8,,database,45.4,95.8,92.8,45.4,70,83.1,70.6,668,40.2,0.5984,32.2,high,0.12,0.5,short,7.0,low,2.0,TID (three times daily),40
,CN(C)c1cccc(-c2nc(N3CCOCC3)c3oc4ncccc4c3n2)c1.Cl,PIK3CA,escape_route,scout2,17.74,411.9,0.508,3.6,70.0,0.644,r_group,57.8,98.2,70.0,40.4,100,71.1,70.5,669,86.1,0.1393,100.0,high,2.14,0.5,short,10.0,low,4.0,TID (three times daily),40
,CNc1cccc(-c2nc(N3CCOCC3)c3oc4ncccc4c3n2)c1.Cl,PIK3CA,escape_route,scout2,18.08,397.9,0.564,3.5,70.0,0.64,r_group,57.5,98.2,70.0,40.3,100,72.2,70.5,670,83.8,0.1623,100.0,high,3.41,0.5,short,10.0,low,4.0,TID (three times daily),40
,Cl.Oc1cc[nH]c1.c1cnc2oc3c(N4CCOCC4)ncnc3c2c1,PIK3CA,escape_route,scout2,18.36,375.8,0.527,3.2,70.0,0.421,bioisostere,57.3,98.2,70.0,40.1,100,75.6,70.5,671,61.0,0.3901,54.5,high,0.4,0.5,short,10.0,low,2.0,TID (three times daily),40
,COc1cccc(-c2nc(N3CCOCC3)c3sccc3n2)c1.Cl,PIK3CA,escape_route,scout2,18.82,363.9,0.711,3.0,70.0,0.474,r_group,56.9,98.1,70.0,39.9,100,77.8,70.5,672,87.2,0.1283,63.4,high,2.99,0.5,short,10.0,low,2.0,TID (three times daily),40
,CCc1cccc(-c2nc(N3CCOCC3)c3sccc3n2)c1.Cl,PIK3CA,escape_route,scout2,18.68,361.9,0.701,3.0,70.0,0.513,r_group,57.0,98.1,70.0,39.9,100,77.8,70.5,673,92.4,0.0763,86.5,high,6.15,0.8,short,10.0,low,3.0,TID (three times daily),40
,Cl.Oc1ccoc1.c1cnc2oc3c(N4CCOCC4)ncnc3c2c1,PIK3CA,escape_route,scout2,18.63,376.8,0.541,3.2,70.0,0.443,bioisostere,57.1,98.1,70.0,40.0,100,75.6,70.4,674,66.8,0.3317,65.5,high,0.54,0.5,short,10.0,low,2.0,TID (three times daily),40
CHEMBL426476,CN(C)CCCNC(=O)c1nc(-c2ccc(Cl)c(O)c2)c(-c2ccncc2)[nH]1,BRAF,escape_route,scout1,40.0,0.0,0.53,2.57,100.0,,database,46.1,96.0,100.0,32.3,70,82.6,70.3,675,71.7,0.2827,50.6,high,0.68,0.5,short,10.0,low,2.0,TID (three times daily),40
CHEMBL258721,CC(C)c1nn(-c2c(Cl)cccc2Cl)c2nc(Cc3ccc(OCCO)cc3)[nH]c(=O)c12,CDK4,sensitive,scout1,9.0,0.0,0.412,2.69,98.2,,database,67.5,79.3,98.2,20.3,70,81.2,70.3,676,89.6,0.1041,100.0,high,2.34,0.5,short,10.0,low,5.0,TID (three times daily),40
CHEMBL172196,CCC(C(=O)NC(CC(=O)O)C(=O)CN1CCSCC1)n1cccc(NC(=O)c2ccc3ccccc3c2)c1=O,CD274,immune,scout1,11.25,0.0,0.323,3.5,81.5,,database,64.3,98.9,81.5,19.3,70,72.2,70.3,677,57.2,0.4285,32.3,high,0.17,0.5,short,6.5,low,3.0,TID (three times daily),40
CHEMBL282204,CC1c2cc3c(C(F)(F)F)cc(O)nc3cc2NC[C@H]1C,AR,sensitive,scout1,22.0,0.0,0.768,3.88,100.0,,database,54.7,97.8,100.0,16.4,70,68.0,70.2,678,90.2,0.0984,52.2,high,9.96,2.2,short,10.0,low,2.0,TID (three times daily),40
CHEMBL521851,CS(=O)(=O)N1CCN(Cc2cc3nc(-c4cccc5[nH]ncc45)nc(N4CCOCC4)c3s2)CC1,PIK3CB,escape_route,scout1,33.0,0.0,0.433,2.87,93.7,,database,48.9,96.7,93.7,34.2,70,79.2,70.2,679,53.3,0.4669,24.9,high,0.19,0.5,short,8.0,low,2.0,TID (three times daily),40
,Cl.Oc1ccncc1.c1cnc2oc3c(N4CCOCC4)ncnc3c2c1,PIK3CA,escape_route,scout2,19.01,387.8,0.532,3.4,70.0,0.465,bioisostere,56.8,98.1,70.0,39.8,100,73.3,70.2,680,63.8,0.3617,58.5,high,0.45,0.5,short,10.0,low,2.0,TID (three times daily),40
CHEMBL332838,COc1ccc(NS(=O)(=O)c2c(F)c(F)c(F)c(F)c2F)cc1NC(=O)CNC(C)=O,MAP2K1,sensitive,scout1,26.0,0.0,0.329,2.48,100.0,,database,52.3,97.4,100.0,15.7,70,83.6,70.1,681,51.1,0.4891,21.8,high,0.37,0.5,short,10.0,low,1.0,TID (three times daily),40
,Cl.Sc1cccc(-c2nc(N3CCOCC3)c3oc4ncccc4c3n2)c1,PIK3CA,escape_route,scout2,19.33,400.9,0.513,3.4,70.0,0.6,bioisostere,56.6,98.1,70.0,39.6,100,73.3,70.1,682,88.3,0.1165,100.0,high,2.83,0.5,short,10.0,low,4.0,TID (three times daily),40
CHEMBL118433,COc1ccc(NS(=O)(=O)c2c(F)c(F)c(F)c(F)c2F)cc1N,MAP2K1,sensitive,scout1,27.0,0.0,0.376,2.44,100.0,,database,51.8,97.3,100.0,15.5,70,84.0,69.9,683,67.6,0.3243,37.2,high,2.48,0.8,short,10.0,low,1.0,TID (three times daily),40
CHEMBL212049,Cc1cnc(OC2CCCCC2)nc1-c1cnc(Nc2ccccn2)s1,CDK4,sensitive,scout1,26.0,0.0,0.701,2.73,100.0,,database,52.3,97.4,100.0,15.7,70,80.8,69.9,684,92.1,0.0795,100.0,high,9.45,1.1,short,10.0,low,4.0,TID (three times daily),40
CHEMBL282813,CC(C)CC1CCNc2cc3nc(O)cc(C(F)(F)F)c3cc21,AR,sensitive,scout1,25.0,0.0,0.825,3.49,100.0,,database,52.9,97.5,100.0,15.9,70,72.3,69.7,685,94.8,0.0524,78.5,high,20.43,3.0,moderate,10.0,low,3.0,TID (three times daily),55
,Cl.NS(=O)(=O)c1cccc(-c2nc(N3CCOCC3)c3oc4ncccc4c3n2)c1,PIK3CA,escape_route,scout2,19.88,447.9,0.507,3.8,70.0,0.588,r_group,56.2,98.0,70.0,39.3,100,68.9,69.7,686,47.6,0.5239,43.1,high,0.31,0.5,short,10.0,low,2.0,TID (three times daily),40
,Cl.NC(=O)c1cccc(-c2nc(N3CCOCC3)c3oc4ncccc4c3n2)c1,PIK3CA,escape_route,scout2,20.24,411.8,0.552,3.6,70.0,0.656,r_group,55.9,98.0,70.0,39.1,100,71.1,69.7,687,61.0,0.3895,60.1,high,0.35,0.5,short,10.0,low,2.0,TID (three times daily),40
,CCc1cccc(-c2nc(N3CCOCC3)c3oc4ncccc4c3n2)c1.Cl,PIK3CA,escape_route,scout2,20.36,396.9,0.515,3.5,70.0,0.604,r_group,55.8,98.0,70.0,39.1,100,72.2,69.7,688,90.3,0.0965,100.0,high,3.64,0.5,short,10.0,low,4.0,TID (three times daily),40
CHEMBL1083192,CS(=O)(=O)N1CCN(Cc2cc3nc(-c4cnc(N)nc4)nc(N4CCOCC4)c3s2)CC1,PIK3CB,escape_route,scout1,38.0,0.0,0.544,2.86,95.9,,database,46.9,96.2,95.9,32.8,70,79.3,69.7,689,20.0,0.8,5.5,moderate,0.1,0.5,short,72.3,high,0.0,TID (three times daily),85
CHEMBL369634,CCC(C(=O)N[C@@H](CC(=O)O)C(=O)CNCc1ccccc1)n1cccc(NC(=O)c2ccc3ccccc3c2)c1=O,CD274,immune,scout1,3.05,0.0,0.193,3.34,68.9,,database,83.0,79.8,68.9,24.9,70,74.0,69.6,690,68.1,0.3193,95.9,high,0.55,0.5,short,5.0,low,11.0,TID (three times daily),40
CHEMBL586702,FC(F)c1nc2ccccc2n1-c1nc(N2CCOCC2)nc(N2CCOCC2)n1,PIK3CB,escape_route,scout1,44.0,0.0,0.636,2.64,100.0,,database,44.8,95.6,100.0,31.3,70,81.8,69.6,691,51.8,0.4824,13.1,moderate,0.26,0.5,short,34.5,moderate,0.0,TID (three times daily),65
,Cl.O=C(O)c1cccc(-c2nc(N3CCOCC3)c3oc4ncccc4c3n2)c1,PIK3CA,escape_route,scout2,20.78,412.8,0.546,3.6,70.0,0.632,r_group,55.5,97.9,70.0,38.9,100,71.1,69.5,692,73.5,0.2655,90.9,high,0.7,0.5,short,10.0,low,4.0,TID (three times daily),40
CHEMBL203384,N[C@H](CNc1cnc(Cl)c(/C=C/c2ccncc2)c1)Cc1c[nH]c2ccccc12,AKT1,escape_route,scout1,19.0,0.0,0.388,3.12,97.8,,database,56.8,78.5,97.8,39.8,70,76.4,69.5,693,91.9,0.0813,100.0,high,16.19,1.9,short,10.0,low,4.0,TID (three times daily),40
CHEMBL200863,CC(C)(CNC(=O)Nc1ccc(Cl)cc1)c1nc(-c2ccc(Cl)c(O)c2)c(-c2ccncc2)[nH]1,BRAF,escape_route,scout1,13.0,0.0,0.253,2.66,85.1,,database,62.2,79.0,85.1,43.6,70,81.6,69.5,694,96.9,0.0308,100.0,high,9.35,1.1,short,9.0,low,6.0,TID (three times daily),40
CHEMBL402272,Nc1nccc(-c2cc3c([nH]2)CCNC3=O)n1,CDK4,sensitive,scout1,29.0,0.0,0.656,2.81,100.0,,database,50.7,97.1,100.0,15.2,70,79.9,69.3,695,20.0,0.8,5.7,moderate,0.1,0.5,short,71.5,high,0.0,TID (three times daily),85
CHEMBL428496,COC[C@H]1OC(=O)c2coc3c2[C@@]1(C)C1=C(C3=O)[C@@H]2CCC(=O)[C@@]2(C)C[C@H]1OC(C)=O,MTOR,escape_route,scout1,40.0,0.0,0.676,4.66,100.0,,database,46.1,96.0,100.0,32.3,70,59.3,69.2,696,56.2,0.438,9.1,moderate,0.27,0.5,short,54.5,high,0.0,TID (three times daily),85
CHEMBL428496,COC[C@H]1OC(=O)c2coc3c2[C@@]1(C)C1=C(C3=O)[C@@H]2CCC(=O)[C@@]2(C)C[C@H]1OC(C)=O,MTOR,escape_route,scout1,40.0,0.0,0.676,4.66,100.0,,database,46.1,96.0,100.0,32.3,70,59.3,69.2,697,56.2,0.438,9.1,moderate,0.27,0.5,short,54.5,high,0.0,TID (three times daily),85
CHEMBL243298,O=C(O)c1ccccc1Nc1ccnc(Nc2cccc(F)c2)n1,CDK4,sensitive,scout1,31.62,0.0,0.662,2.04,100.0,,database,49.5,96.8,100.0,14.9,70,88.4,69.2,698,79.9,0.2006,100.0,high,5.61,0.6,short,10.0,low,3.0,TID (three times daily),40
CHEMBL111606,O=C(CCn1c2c(c(=O)[nH]c1=O)CSCC2)NCC(=O)c1ccc(Cl)cc1,PARP1,resistant,scout1,60.0,0.0,0.704,2.64,100.0,,database,40.3,94.0,100.0,40.3,70,81.8,69.2,699,35.3,0.6468,8.8,moderate,0.11,0.5,short,56.1,high,0.0,TID (three times daily),85
CHEMBL428496,COC[C@H]1OC(=O)c2coc3c2[C@@]1(C)C1=C(C3=O)[C@@H]2CCC(=O)[C@@]2(C)C[C@H]1OC(C)=O,MTOR,escape_route,scout1,40.0,0.0,0.676,4.66,100.0,,database,46.1,96.0,100.0,32.3,70,59.3,69.2,700,56.2,0.438,9.1,moderate,0.27,0.5,short,54.5,high,0.0,TID (three times daily),85
CHEMBL320579,O=C(Cn1c2c(c(=O)[nH]c1=O)CSCC2)NCCC(=O)N1CCN(c2ncccn2)CC1,PARP1,resistant,scout1,60.0,0.0,0.56,2.84,100.0,,database,40.3,94.0,100.0,40.3,70,79.6,69.1,701,20.0,0.8,1.2,low,0.1,0.9,short,79.8,high,0.0,TID (three times daily),85
CHEMBL524266,Nc1nccc(-c2cc3c([nH]2)[C@@H](CCF)CNC3=O)n1,CDK4,sensitive,scout1,28.0,0.0,0.785,3.72,100.0,,database,51.2,97.2,100.0,15.4,70,69.8,69.0,702,28.8,0.7125,8.4,moderate,0.21,0.5,short,57.8,high,0.0,TID (three times daily),85
CHEMBL205950,CN(C)CCOc1cc(OCC2(C)COC2)c(NC(=O)Nc2cnc(C#N)cn2)cc1Cl,CHEK1,resistant,scout1,32.0,0.0,0.585,2.97,100.0,,database,49.3,77.4,100.0,49.3,70,78.1,69.0,703,62.2,0.3779,22.8,high,0.3,0.5,short,10.0,low,1.0,TID (three times daily),40
CHEMBL220897,O=C(NC(CO)c1cc(Cl)cc(Cl)c1)c1cc(-c2[nH]ncc2-c2cccc(Cl)c2)c[nH]1,MAPK1,sensitive,scout1,7.0,0.0,0.297,3.17,85.9,,database,71.1,79.4,85.9,21.3,70,75.9,68.9,704,95.0,0.0502,100.0,high,5.76,0.7,short,9.0,low,5.0,TID (three times daily),40
CHEMBL369589,CCC(C(=O)NC(CC(=O)O)C(=O)CN1CCC(C(N)=O)CC1)n1cccc(NC(=O)c2ccc3ccccc3c2)c1=O,CD274,immune,scout1,11.6,0.0,0.247,3.47,74.9,,database,63.9,98.8,74.9,19.2,70,72.6,68.9,705,27.1,0.729,17.6,moderate,0.1,0.5,short,5.0,low,2.0,TID (three times daily),50
CHEMBL490428,Cc1ccc(Nc2ccc3c(c2)N(c2nc4c(s2)C(=O)NC(C)(C)C4)CCO3)nn1,PIK3CB,escape_route,scout1,23.0,0.0,0.666,3.05,100.0,,database,54.1,78.2,100.0,37.8,70,77.2,68.8,706,79.0,0.21,57.2,high,2.04,0.5,short,10.0,low,2.0,TID (three times daily),40
CHEMBL153015,CCCCCCCC(F)(F)C(=O)C(F)(F)F,FOLH1,other,scout1,32.36,0.0,0.488,2.63,100.0,,database,49.2,96.8,100.0,14.8,70,81.9,68.7,707,92.6,0.074,10.3,moderate,9.43,10.5,moderate,48.4,moderate,0.0,BID (twice daily),80
CHEMBL534951,Cl.O=C(O)COc1cccc(-c2nc(N3CCOCC3)c3oc4ncccc4c3n2)c1,PIK3CA,escape_route,scout1,24.0,0.0,0.498,2.68,100.0,,database,53.5,78.1,100.0,37.4,70,81.3,68.7,708,67.9,0.3205,72.0,high,0.45,0.5,short,10.0,low,3.0,TID (three times daily),40
CHEMBL5221008,Cn1cc(Cc2ccccc2Cl)c(-c2cc(Cl)nc(N)n2)n1,EZH2,resistant,scout1,64.0,0.0,0.746,2.63,100.0,,database,39.4,93.6,100.0,39.4,70,81.9,68.7,709,78.7,0.2125,70.9,high,2.8,0.5,short,10.0,low,2.0,TID (three times daily),40
CHEMBL394503,CNC(=O)Nc1cc(CNc2ccccc2C(=O)Nc2ccc3c(c2)OC(F)(F)O3)ccn1,BRAF,escape_route,scout1,24.0,0.0,0.447,2.55,98.9,,database,53.5,78.1,98.9,37.4,70,82.8,68.6,710,80.6,0.1944,100.0,high,1.87,0.5,short,10.0,low,5.0,TID (three times daily),40
CHEMBL3216006,Cl.Cl.c1cc(OCCN2CCOCC2)cc(-c2nc(N3CCOCC3)c3oc4ncccc4c3n2)c1,PIK3CA,escape_route,scout1,16.0,0.0,0.366,2.85,87.3,,database,59.3,78.7,87.3,41.5,70,79.4,68.6,711,86.3,0.1368,84.9,high,1.49,0.5,short,8.0,low,6.0,TID (three times daily),40
CHEMBL3698726,c1cc2c3cnc(Nc4ccc(NC5CCNCC5)nn4)nc3n(C3CCCC3)c2cn1,CDK6,sensitive,scout1,12.4,0.0,0.44,2.95,98.8,,database,62.9,79.0,98.8,18.9,70,78.3,68.6,712,78.8,0.2124,77.6,high,7.28,1.1,short,10.0,low,3.0,TID (three times daily),40
CHEMBL108316,O=C(CCn1c2c(c(=O)[nH]c1=O)CSCC2)NCC(=O)N1CCN(c2ncncn2)CC1,PARP1,resistant,scout1,50.0,0.0,0.518,3.0,90.4,,database,42.9,95.0,90.4,42.9,70,77.8,68.5,713,20.0,0.8,1.0,low,0.1,1.2,short,52.2,high,0.0,TID (three times daily),85
CHEMBL225519,O=C1NCCc2[nH]c(-c3ccncc3)cc21,CDK4,sensitive,scout1,34.0,0.0,0.751,2.54,100.0,,database,48.5,96.6,100.0,14.5,70,82.9,68.5,714,41.3,0.5867,11.9,moderate,0.29,0.5,short,40.5,moderate,0.0,TID (three times daily),65
CHEMBL379914,N[C@H](COc1cnc(Cl)c(/C=C/c2ccncc2)c1)Cc1c[nH]c2ccccc12,AKT1,escape_route,scout1,23.0,0.0,0.436,3.07,98.7,,database,54.1,78.2,98.7,37.8,70,77.0,68.5,715,92.0,0.08,100.0,high,8.39,1.0,short,10.0,low,4.0,TID (three times daily),40
CHEMBL1995813,NC1CCCCC1Nc1nccc(-c2c[nH]c3ncccc23)n1,CDK4,sensitive,scout1,31.62,0.0,0.692,3.25,100.0,,database,49.5,96.8,100.0,14.9,70,75.0,68.5,716,59.6,0.4036,30.1,high,1.8,0.7,short,10.0,low,1.0,TID (three times daily),40
CHEMBL363857,CN1CCN(c2ccc(C(=O)Nc3[nH]nc4c3CN(C(=O)Cc3ccsc3)C4)cc2)CC1,AURKA,resistant,scout1,65.0,0.0,0.624,2.82,100.0,,database,39.2,93.5,100.0,39.2,70,79.8,68.5,717,66.4,0.3361,27.5,high,0.48,0.5,short,10.0,low,1.0,TID (three times daily),40
CHEMBL5220075,COc1ccccc1Cc1cn(C)nc1-c1cc(Cl)nc(N)n1,EZH2,resistant,scout1,67.0,0.0,0.744,2.59,100.0,,database,38.7,93.3,100.0,38.7,70,82.3,68.4,718,65.6,0.3438,41.1,high,1.25,0.5,short,10.0,low,1.0,TID (three times daily),40
CHEMBL200431,N/C(=N\O)c1ccc(-c2[nH]c(-c3ccccc3)nc2-c2ccncc2)cc1,BRAF,escape_route,scout1,53.0,0.0,0.224,2.27,99.5,,database,42.1,94.7,99.5,29.5,70,85.9,68.4,719,79.1,0.2094,100.0,high,2.28,0.5,short,10.0,low,4.0,TID (three times daily),40
CHEMBL363160,CCc1cccc(CC)c1NC(=O)N1Cc2[nH]nc(NC(=O)c3ccc(N4CCN(C)CC4)cc3)c2C1,AURKA,resistant,scout1,27.0,0.0,0.473,2.67,89.5,,database,51.8,77.8,89.5,51.8,70,81.4,68.2,720,86.1,0.139,72.7,high,1.47,0.5,short,8.0,low,5.0,TID (three times daily),40
CHEMBL367714,CCC(C(=O)N[C@@H](CC(=O)O)C(=O)CN(C)CCc1ccccc1)n1cccc(NC(=O)c2ccc3ccccc3c2)c1=O,CD274,immune,scout1,4.8,0.0,0.201,3.44,74.0,,database,76.5,79.6,74.0,23.0,70,72.9,68.2,721,77.8,0.2222,100.0,high,0.48,0.5,short,6.5,low,9.0,TID (three times daily),40
CHEMBL411950,COC[C@H]1OC(=O)/C(=C/N2CCOCC2)C2=C(O)C(=O)C3=C([C@H](OC(C)=O)C[C@]4(C)[C@@H](O)CC[C@@H]34)[C@]21C,PIK3CA,escape_route,scout1,37.0,0.0,0.418,4.91,93.4,,database,47.2,96.3,93.4,33.1,70,56.6,68.2,722,33.7,0.6625,2.8,low,0.1,0.5,short,68.9,high,0.0,TID (three times daily),85
CHEMBL360089,C/C1=C\[C@@H](O)C(=O)/C=C/C=C\c2csc(n2)[C@@H](C)NC(=O)C[C@@]2(CC1)[S+]([O-])SC(=O)[C@]2(C)O,MAP2K1,sensitive,scout1,11.0,0.0,0.275,7.08,80.1,,database,64.6,98.9,80.1,19.4,70,32.4,68.2,723,45.7,0.5429,10.0,moderate,0.11,0.5,short,40.1,moderate,0.0,TID (three times daily),75
CHEMBL205543,CN1CCN(c2cc(OC3CCOC3)c(NC(=O)Nc3cnc(C#N)cn3)cc2Cl)CC1,CHEK1,resistant,scout1,66.0,0.0,0.703,3.27,100.0,,database,39.0,93.4,100.0,39.0,70,74.8,68.1,724,55.8,0.4419,16.9,moderate,0.23,0.5,short,15.7,low,0.0,TID (three times daily),50
CHEMBL107616,O=C(CCn1c2c(c(=O)[nH]c1=O)CSCC2)NCC(=O)c1cccc(-c2ccccc2)c1,PARP1,resistant,scout1,70.0,0.0,0.54,2.61,100.0,,database,38.1,93.0,100.0,38.1,70,82.1,68.0,725,57.2,0.4282,29.1,high,0.28,0.5,short,10.0,low,1.0,TID (three times daily),40
CHEMBL205699,CN1CCN(c2cc(OCc3cccnc3)c(NC(=O)Nc3cnc(C#N)cn3)cc2Cl)CC1,CHEK1,resistant,scout1,38.0,0.0,0.553,2.69,100.0,,database,46.9,77.0,100.0,46.9,70,81.2,67.9,726,70.4,0.2962,56.6,high,0.45,0.5,short,10.0,low,3.0,TID (three times daily),40
CHEMBL205744,N#Cc1cnc(NC(=O)Nc2cc(Cl)c(OCc3cccnc3)cc2N2CCCC2)cn1,CHEK1,resistant,scout1,38.0,0.0,0.578,2.63,100.0,,database,46.9,77.0,100.0,46.9,70,81.9,67.9,727,82.3,0.1773,100.0,high,1.07,0.5,short,10.0,low,5.0,TID (three times daily),40
CHEMBL322957,O=C(CCn1c2c(c(=O)[nH]c1=O)CSCC2)NCC(=O)c1cccc(Br)c1,PARP1,resistant,scout1,70.0,0.0,0.647,2.74,100.0,,database,38.1,93.0,100.0,38.1,70,80.7,67.9,728,39.4,0.6056,9.5,moderate,0.12,0.5,short,52.6,high,0.0,TID (three times daily),85
CHEMBL3642038,CN(C)C1CN(c2ccc(Nc3ncc4c5ccncc5n(C5CCCC5)c4n3)nn2)CCC1O,CDK6,sensitive,scout1,13.3,0.0,0.452,3.77,99.0,,database,61.9,78.9,99.0,18.6,70,69.2,67.9,729,69.6,0.3039,45.2,high,0.93,0.5,short,10.0,low,2.0,TID (three times daily),40
CHEMBL208537,COc1cc(CN2CCN(C)CC2)ccc1NC(=O)Nc1cnc(C#N)cn1,CHEK1,resistant,scout1,73.0,0.0,0.812,2.39,100.0,,database,37.5,92.7,100.0,37.5,70,84.6,67.8,730,39.3,0.607,10.7,moderate,0.14,0.5,short,46.5,moderate,0.0,TID (three times daily),65
CHEMBL3545110,CN(C)C(=O)c1cc2cnc(Nc3ccc(N4CCNCC4)cn3)nc2n1C1CCCC1,CDK6,sensitive,scout1,39.0,0.0,0.638,2.82,100.0,,database,46.5,96.1,100.0,13.9,70,79.8,67.6,731,67.7,0.3234,25.5,high,2.03,0.9,short,10.0,low,1.0,TID (three times daily),40
CHEMBL375544,O=C(NC(CO)c1ccc(Cl)cc1)c1cc(-c2[nH]ncc2-c2cccc(Cl)c2)c[nH]1,MAPK1,sensitive,scout1,14.0,0.0,0.345,3.0,96.9,,database,61.2,78.9,96.9,18.4,70,77.8,67.6,732,91.3,0.0871,100.0,high,3.15,0.5,short,10.0,low,4.0,TID (three times daily),40
CHEMBL543394,Cl.Oc1nc2ccc(N3CCC(N4CCCC4)CC3)nc2c2ccccc12,PARP1,resistant,scout1,75.0,0.0,0.677,2.51,100.0,,database,37.1,92.5,100.0,37.1,70,83.2,67.5,733,89.7,0.1032,63.0,high,3.67,0.7,short,10.0,low,2.0,TID (three times daily),40
CHEMBL281865,COc1cccc(Cn2nc(-c3ccccc3)c(Cc3ccc4c(c3)OCO4)c2C(=O)O)c1,CHEK2,resistant,scout1,40.0,0.0,0.45,2.38,99.0,,database,46.1,76.8,99.0,46.1,70,84.7,67.5,734,91.2,0.0877,100.0,high,3.32,0.5,short,10.0,low,4.0,TID (three times daily),40
CHEMBL121130,COc1ccc(NS(=O)(=O)c2c(F)c(F)c(F)c(F)c2F)cc1NC(=O)[C@@H](NC(C)=O)[C@@H](C)O,MAP2K1,sensitive,scout1,27.0,0.0,0.244,3.29,89.9,,database,51.8,97.3,89.9,15.5,70,74.6,67.4,735,40.8,0.592,15.6,moderate,0.19,0.5,short,17.5,low,0.0,TID (three times daily),50
CHEMBL4848035,Cc1c(Cc2cccs2)c(-c2cc(Cl)nc(N)n2)nn1C,EZH2,resistant,scout1,74.0,0.0,0.753,2.81,100.0,,database,37.3,92.6,100.0,37.3,70,79.9,67.4,736,74.2,0.2584,50.2,high,2.15,0.5,short,10.0,low,2.0,TID (three times daily),40
CHEMBL315752,CCC(CC)Cn1nc(-c2ccccc2)c(Cc2cc3c(cc2Cl)OCO3)c1C(=O)O,CHEK2,resistant,scout1,31.0,0.0,0.489,2.71,89.8,,database,49.8,77.5,89.8,49.8,70,81.0,67.3,737,96.5,0.0354,100.0,high,10.65,1.2,short,9.0,low,5.0,TID (three times daily),40
CHEMBL1083810,CS(=O)(=O)N1CCN(Cc2cc3nc(-c4ccc(N)nc4)nc(N4CCOCC4)c3s2)CC1,PIK3CB,escape_route,scout1,60.0,0.0,0.565,2.79,100.0,,database,40.3,94.0,100.0,28.2,70,80.1,67.3,738,31.3,0.6874,8.8,moderate,0.13,0.5,short,56.1,high,0.0,TID (three times daily),85
CHEMBL205491,COc1cc(NC(=O)c2cccs2)c(Cl)cc1NC(=O)Nc1cnc(C#N)cn1,CHEK1,resistant,scout1,42.0,0.0,0.563,2.51,100.0,,database,45.4,76.6,100.0,45.4,70,83.2,67.3,739,75.0,0.2504,100.0,high,0.63,0.5,short,10.0,low,4.0,TID (three times daily),40
CHEMBL3702070,CCC(CC)n1c2cnccc2c2cnc(Nc3ccc(N4CCC(N(C)C)CC4)nn3)nc21,CDK6,sensitive,scout1,16.0,0.0,0.435,3.03,98.7,,database,59.3,78.7,98.7,17.8,70,77.4,67.2,740,89.3,0.1067,100.0,high,4.82,0.6,short,10.0,low,5.0,TID (three times daily),40
CHEMBL201654,COc1cc2c(Nc3ncc(C)s3)ncnc2cc1OCCCN1CCOCC1,AURKA,resistant,scout1,43.0,0.0,0.562,2.51,100.0,,database,45.1,76.6,100.0,45.1,70,83.2,67.1,741,76.9,0.2306,36.7,high,1.92,0.6,short,10.0,low,2.0,TID (three times daily),40
CHEMBL421605,O=C(CCn1c2c(c(=O)[nH]c1=O)CCCC2)NCC(=O)c1ccc(Br)cc1,PARP1,resistant,scout1,80.0,0.0,0.674,2.43,100.0,,database,36.2,92.0,100.0,36.2,70,84.1,67.0,742,40.3,0.5971,9.4,moderate,0.13,0.5,short,52.8,high,0.0,TID (three times daily),85
CHEMBL213311,CN1C(=O)C[C@H](c2ccccc2F)[C@@H]1[C@H](O)c1ccc(-c2ccc(F)cc2)s1,KRAS,escape_route,scout1,60.0,0.0,0.688,3.5,100.0,,database,40.3,94.0,100.0,28.2,70,72.2,66.9,743,95.2,0.0482,100.0,high,9.8,1.1,short,10.0,low,4.0,TID (three times daily),40
CHEMBL272265,N#CCc1ccc(-n2cnc3cnc4ccc(C#Cc5cccnc5)cc4c32)cc1,PIK3CA,escape_route,scout1,64.0,0.0,0.422,2.73,100.0,,database,39.4,93.6,100.0,27.6,70,80.8,66.9,744,91.0,0.0905,100.0,high,3.98,0.5,short,10.0,low,4.0,TID (three times daily),40
CHEMBL3702209,CN(C)C1CCN(c2ccc(Nc3ncc4c5ccccc5n(C5CCCC5)c4n3)nc2)CC1,CDK6,sensitive,scout1,12.0,0.0,0.437,2.7,88.7,,database,63.4,79.0,88.7,19.0,70,81.1,66.9,745,96.4,0.0365,100.0,high,21.2,2.4,short,9.0,low,5.0,TID (three times daily),40
CHEMBL272265,N#CCc1ccc(-n2cnc3cnc4ccc(C#Cc5cccnc5)cc4c32)cc1,PIK3CA,escape_route,scout1,64.0,0.0,0.422,2.73,100.0,,database,39.4,93.6,100.0,27.6,70,80.8,66.9,746,91.0,0.0905,100.0,high,3.98,0.5,short,10.0,low,4.0,TID (three times daily),40
CHEMBL120186,COc1ccc(NS(=O)(=O)c2c(F)c(F)c(F)c(F)c2F)cc1NC(=O)[C@H](C)NC(C)=O,MAP2K1,sensitive,scout1,43.0,0.0,0.32,2.94,100.0,,database,45.1,95.7,100.0,13.5,70,78.4,66.9,747,59.4,0.4055,26.2,high,0.53,0.5,short,10.0,low,1.0,TID (three times daily),40
CHEMBL3702141,c1cc2c3cnc(Nc4ccc(N5CCNCC5)cn4)cc3n(C3CCSC3)c2cn1,CDK6,sensitive,scout1,17.0,0.0,0.509,3.48,100.0,,database,58.4,78.6,100.0,17.5,70,72.4,66.9,748,86.4,0.1361,92.2,high,8.23,1.0,short,10.0,low,4.0,TID (three times daily),40
CHEMBL3641990,CNC1CCN(c2ccc(Nc3ncc4c5ccncc5n(C5CCC5)c4n3)nn2)CC1,CDK6,sensitive,scout1,19.0,0.0,0.498,2.89,100.0,,database,56.8,78.5,100.0,17.0,70,79.0,66.7,749,75.9,0.2405,60.3,high,3.19,0.6,short,10.0,low,3.0,TID (three times daily),40
CHEMBL248051,NC(=O)c1cc(CNc2ccccc2C(=O)Nc2ccc3c(c2)OC(F)(F)O3)ccn1,BRAF,escape_route,scout1,34.0,0.0,0.557,2.47,100.0,,database,48.5,77.3,100.0,33.9,70,83.7,66.6,750,69.3,0.3074,76.5,high,0.98,0.5,short,10.0,low,3.0,TID (three times daily),40
CHEMBL421992,CCCCCCOCC(=O)C(F)(F)F,FOLH1,other,scout1,47.86,0.0,0.606,2.3,100.0,,database,43.6,95.2,100.0,13.1,70,85.6,66.6,751,76.9,0.2312,4.0,low,2.1,6.1,moderate,79.9,high,0.0,BID (twice daily),100
CHEMBL155621,CCCCCCS(=O)(=O)CC(=O)C(F)(F)F,FOLH1,other,scout1,46.77,0.0,0.659,2.53,100.0,,database,43.9,95.3,100.0,13.2,70,83.0,66.6,752,60.9,0.3911,2.6,low,0.68,3.0,short,86.8,high,0.0,TID (three times daily),85
CHEMBL200226,OCc1ccc(-c2[nH]c(-c3ccccc3)nc2-c2ccncc2)cc1,BRAF,escape_route,scout1,71.0,0.0,0.587,2.07,100.0,,database,37.9,92.9,100.0,26.5,70,88.1,66.5,753,89.7,0.1028,100.0,high,3.99,0.5,short,10.0,low,3.0,TID (three times daily),40
CHEMBL199620,COc1cc(-c2ccc3c(c2)NC(=O)/C3=C\c2[nH]c(C)c(CCO)c2C)ccc1O,CHEK1,resistant,scout1,47.0,0.0,0.483,2.66,99.7,,database,43.8,76.2,99.7,43.8,70,81.6,66.3,754,83.5,0.1649,98.9,high,1.48,0.5,short,10.0,low,4.0,TID (three times daily),40
CHEMBL26474,COc1cccc(Cn2nc(-c3ccccc3)c(Cc3cc4c(cc3Cl)OCO4)c2C(=O)O)c1,CHEK2,resistant,scout1,34.0,0.0,0.391,2.51,87.8,,database,48.5,77.3,87.8,48.5,70,83.2,66.3,755,95.0,0.0505,100.0,high,6.07,0.7,short,9.0,low,5.0,TID (three times daily),40
CHEMBL3698670,c1cnc2c(c1)c1cnc(Nc3ccc(N4CCNCC4)cn3)nc1n2C1CCCC1,CDK6,sensitive,scout1,21.0,0.0,0.527,2.77,100.0,,database,55.4,78.3,100.0,16.6,70,80.3,66.2,756,81.6,0.1845,75.8,high,5.24,0.8,short,10.0,low,3.0,TID (three times daily),40
CHEMBL5221093,Cn1cc(Cc2ccccc2Oc2ccccc2)c(-c2cc(Cl)nc(N)n2)n1,EZH2,resistant,scout1,87.1,0.0,0.507,2.54,100.0,,database,35.0,91.3,100.0,35.0,70,82.9,66.2,757,90.0,0.1,100.0,high,6.45,0.7,short,10.0,low,4.0,TID (three times daily),40
CHEMBL107260,O=C(CCn1c2c(c(=O)[nH]c1=O)CCCC2)NCC(=O)N1CCN(c2ncccn2)CC1,PARP1,resistant,scout1,90.0,0.0,0.591,2.62,100.0,,database,34.5,91.0,100.0,34.5,70,82.0,65.9,758,20.0,0.8,1.3,low,0.1,0.9,short,79.7,high,0.0,TID (three times daily),85
CHEMBL410733,Nc1cccnc1N1CCN(C(=O)CNC(=O)CCn2c3c(c(=O)[nH]c2=O)CSCC3)CC1,PARP1,resistant,scout1,70.0,0.0,0.492,2.91,89.8,,database,38.1,93.0,89.8,38.1,70,78.8,65.8,759,20.0,0.8,1.5,low,0.1,0.8,short,51.0,high,0.0,TID (three times daily),85
CHEMBL3702217,CC[C@@H](C)n1c2cnccc2c2cnc(Nc3ccc(N4CCN[C@@H](C)C4)nn3)nc21,CDK6,sensitive,scout1,21.0,0.0,0.511,3.71,100.0,,database,55.4,78.3,100.0,16.6,70,69.9,65.7,760,73.3,0.2669,57.2,high,2.79,0.6,short,10.0,low,2.0,TID (three times daily),40
CHEMBL214282,CN1C(=O)C[C@H](c2ccccc2)[C@@H]1[C@H](O)c1ccc(S(=O)(=O)N2CCOCC2)s1,KRAS,escape_route,scout1,70.0,0.0,0.773,3.63,100.0,,database,38.1,93.0,100.0,26.7,70,70.8,65.7,761,50.5,0.4952,9.7,moderate,0.23,0.5,short,51.7,high,0.0,TID (three times daily),85
CHEMBL381527,COc1cccc(CCC(=O)Nc2cc(OC)c(NC(=O)Nc3cnc(C#N)cn3)cc2Cl)c1,CHEK1,resistant,scout1,51.0,0.0,0.438,2.48,98.8,,database,42.7,75.9,98.8,42.7,70,83.6,65.6,762,78.2,0.2184,100.0,high,0.65,0.5,short,10.0,low,5.0,TID (three times daily),40
CHEMBL410071,COC[C@H]1OC(=O)/C(=C/N2CCC(C(=O)O)CC2)C2=C(O)C(=O)C3=C([C@H](OC(C)=O)C[C@]4(C)[C@@H](O)CC[C@@H]34)[C@]21C,PIK3CA,escape_route,scout1,33.0,0.0,0.334,4.92,76.7,,database,48.9,96.7,76.7,34.2,70,56.4,65.6,763,34.5,0.6548,3.9,low,0.1,0.5,short,40.3,moderate,0.0,TID (three times daily),75
CHEMBL381172,COc1cc(CN2CCOCC2)ccc1NC(=O)Nc1cnc(C#N)cn1,CHEK1,resistant,scout1,96.0,0.0,0.828,2.39,100.0,,database,33.6,90.4,100.0,33.6,70,84.6,65.4,764,38.2,0.6184,12.1,moderate,0.13,0.5,short,39.4,moderate,0.0,TID (three times daily),65
,CNS(=O)(=O)N1CCC(Nc2ncc(C(=O)c3c(OC)ccc(F)c3F)c(N)n2)CC1,ATR,resistant,scout2,51.84,456.5,0.523,3.9,70.0,0.567,r_group,42.4,94.8,70.0,42.4,100,67.8,65.2,765,20.0,0.8,5.8,moderate,0.24,0.5,short,71.0,high,0.0,TID (three times daily),85
CHEMBL3698656,c1cc2c3cnc(Nc4ccc(N5CCNCC5)cn4)nc3n(C3CCOCC3)c2cn1,CDK6,sensitive,scout1,57.0,0.0,0.511,2.91,100.0,,database,41.1,94.3,100.0,12.3,70,78.8,65.2,766,68.3,0.3167,44.7,high,2.1,0.5,short,10.0,low,2.0,TID (three times daily),40
CHEMBL219790,O=C(NC(CO)c1ccc(F)c(F)c1)c1cc(-c2[nH]ncc2-c2cccc(Cl)c2)c[nH]1,MAPK1,sensitive,scout1,22.0,0.0,0.355,3.12,97.1,,database,54.7,78.2,97.1,16.4,70,76.4,65.2,767,88.6,0.1138,100.0,high,2.23,0.5,short,10.0,low,4.0,TID (three times daily),40
,COc1ccc(F)c(F)c1C(=O)c1cnc(NC2CCN(S(=O)(=O)C(C)C)CC2)nc1N,ATR,resistant,scout2,51.58,469.5,0.591,4.0,70.0,0.574,r_group,42.5,94.8,70.0,42.5,100,66.7,65.2,768,44.5,0.555,12.5,moderate,0.5,0.5,short,37.4,moderate,0.0,TID (three times daily),65
CHEMBL3698696,O=S1(=O)CCC(Nc2ccc(Nc3ncc4c5ccncc5n(C5CCCC5)c4n3)nc2)C1,CDK6,sensitive,scout1,24.0,0.0,0.459,3.36,99.2,,database,53.5,78.1,99.2,16.0,70,73.8,65.0,769,78.1,0.2188,86.4,high,3.06,0.5,short,10.0,low,4.0,TID (three times daily),40
CHEMBL215309,COc1ccccc1[C@H]1CC(=O)N(C)[C@H]1[C@H](O)c1ccc(S(=O)(=O)c2ccccc2)s1,KRAS,escape_route,scout1,40.0,0.0,0.611,3.58,100.0,,database,46.1,76.8,100.0,32.3,70,71.3,65.0,770,82.7,0.1727,68.0,high,1.31,0.5,short,10.0,low,3.0,TID (three times daily),40
CHEMBL571722,Cc1cnc(Nc2cccc3c2OCCO3)nc1-c1c[nH]c(C(=O)N[C@H](CO)c2cccc(Cl)c2)c1,MAPK1,sensitive,scout1,15.0,0.0,0.293,3.31,85.9,,database,60.2,78.8,85.9,18.1,70,74.3,64.9,771,84.8,0.1518,100.0,high,2.24,0.5,short,8.0,low,6.0,TID (three times daily),40
,COc1ccc(F)c(Cl)c1C(=O)c1cnc(NC2CCN(S(C)(=O)=O)CC2)nc1N,ATR,resistant,scout2,53.79,457.9,0.63,3.8,70.0,0.53,bioisostere,41.9,94.6,70.0,41.9,100,68.9,64.9,772,38.8,0.6119,11.7,moderate,0.39,0.5,short,41.7,moderate,0.0,TID (three times daily),65
,COc1ccc(F)c(F)c1C(=O)c1cnc(NC2CCN(S(N)(=O)=O)CC2)nc1N,ATR,resistant,scout2,55.01,442.4,0.551,3.8,70.0,0.577,r_group,41.6,94.5,70.0,41.6,100,68.9,64.8,773,20.0,0.8,5.2,moderate,0.13,0.5,short,51.9,high,0.0,TID (three times daily),85
CHEMBL4244338,CN1CCN(S(=O)(=O)c2ccc(N3CCCC3)cc2)c2ccccc21,MDM2,sensitive,scout1,65.0,0.0,0.847,2.14,100.0,,database,39.2,93.5,100.0,11.8,70,87.3,64.8,774,80.3,0.1974,24.3,high,1.71,0.8,short,10.0,low,1.0,TID (three times daily),40
CHEMBL172900,CCOC(=O)C1CCN(CC(=O)C(CC(=O)O)NC(=O)C(CC)n2cccc(NC(=O)c3ccc4ccccc4c3)c2=O)CC1,CD274,immune,scout1,8.0,0.0,0.244,3.51,69.9,,database,69.2,79.4,69.9,20.8,70,72.1,64.8,775,54.6,0.4545,34.5,high,0.12,0.5,short,5.0,low,4.0,TID (three times daily),40
,COc1ccc(Cl)c(F)c1C(=O)c1cnc(NC2CCN(S(C)(=O)=O)CC2)nc1N,ATR,resistant,scout2,54.89,457.9,0.63,3.8,70.0,0.549,bioisostere,41.6,94.5,70.0,41.6,100,68.9,64.8,776,38.8,0.6119,11.7,moderate,0.39,0.5,short,41.7,moderate,0.0,TID (three times daily),65
CHEMBL202837,COc1cc(NC(=O)Cc2ccsc2)c(Cl)cc1NC(=O)Nc1cnc(C#N)cn1,CHEK1,resistant,scout1,58.0,0.0,0.531,2.61,100.0,,database,40.8,75.4,100.0,40.8,70,82.1,64.8,777,74.4,0.2558,100.0,high,0.59,0.5,short,10.0,low,4.0,TID (three times daily),40
CHEMBL3702247,CN(C)C1CCN(c2ccc(Nc3ncc4c5ccncc5n(C5CCC5)c4n3)nn2)CC1,CDK6,sensitive,scout1,27.0,0.0,0.499,2.9,100.0,,database,51.8,77.8,100.0,15.5,70,78.9,64.8,778,83.0,0.1703,73.1,high,2.68,0.5,short,10.0,low,3.0,TID (three times daily),40
CHEMBL219849,O=C(NC(CO)c1cccc(F)c1)c1cc(-c2[nH]ncc2-c2cccc(Cl)c2)c[nH]1,MAPK1,sensitive,scout1,24.0,0.0,0.371,3.05,97.4,,database,53.5,78.1,97.4,16.0,70,77.2,64.8,779,87.0,0.1296,100.0,high,1.96,0.5,short,10.0,low,4.0,TID (three times daily),40
CHEMBL2113248,CC(C)C[C@H]1c2cc3c(C(F)(F)F)cc(O)nc3cc2NC[C@@H]1C,AR,sensitive,scout1,56.0,0.0,0.796,3.94,100.0,,database,41.3,94.4,100.0,12.4,70,67.3,64.7,780,95.8,0.0423,88.1,high,25.63,3.4,moderate,9.0,low,3.0,TID (three times daily),55
,COc1ccc(F)c(F)c1C(=O)c1cnc(NC2CCN(S(=O)(=O)OC)CC2)nc1N,ATR,resistant,scout2,55.27,457.5,0.59,3.9,70.0,0.562,r_group,41.5,94.5,70.0,41.5,100,67.8,64.7,781,25.7,0.7429,7.8,moderate,0.19,0.5,short,61.0,high,0.0,TID (three times daily),85
CHEMBL115252,O=C[C@H](CC(=O)O)NS(=O)(=O)c1ccccc1OCCc1cccc2ccccc12,CD274,immune,scout1,62.0,0.0,0.482,2.78,100.0,,database,39.9,93.8,100.0,12.0,70,80.2,64.7,782,60.7,0.3932,43.6,high,0.65,0.5,short,10.0,low,2.0,TID (three times daily),40
,COc1ccc(F)c(F)c1C(=O)c1cnc(NC2CCN(S(=O)(=O)C3CC3)CC2)nc1N,ATR,resistant,scout2,55.04,467.5,0.592,4.0,70.0,0.489,r_group,41.6,94.5,70.0,41.6,100,66.7,64.7,783,39.6,0.6039,10.6,moderate,0.4,0.5,short,47.2,moderate,0.0,TID (three times daily),65
CHEMBL260313,COC[C@H]1OC(=O)/C(=C/N2CCC(=O)CC2)C2=C(O)C(=O)C3=C([C@H](OC(C)=O)C[C@]4(C)[C@@H](O)CC[C@@H]34)[C@]21C,PIK3CA,escape_route,scout1,60.0,0.0,0.41,5.01,93.2,,database,40.3,94.0,93.2,28.2,70,55.4,64.7,784,37.7,0.6229,3.6,low,0.1,0.5,short,65.4,high,0.0,TID (three times daily),85
CHEMBL381421,Oc1cc(-c2[nH]c(-c3ccccc3)nc2-c2ccnnc2)ccc1Cl,BRAF,escape_route,scout1,87.0,0.0,0.569,2.47,100.0,,database,35.0,91.3,100.0,24.5,70,83.7,64.7,785,90.2,0.0975,100.0,high,3.78,0.5,short,10.0,low,4.0,TID (three times daily),40
CHEMBL3702160,CN(C)[C@H]1CN(c2ccc(Nc3ncc4c5ccncc5n(C5CCCC5)c4n3)nn2)CC[C@@H]1O,CDK6,sensitive,scout1,24.0,0.0,0.452,3.77,99.0,,database,53.5,78.1,99.0,16.0,70,69.2,64.7,786,69.6,0.3039,45.2,high,0.93,0.5,short,10.0,low,2.0,TID (three times daily),40
,CS(=O)(=O)N1CCC(Nc2ncc(C(=O)c3c(OC4CC4)ccc(F)c3F)c(N)n2)CC1,ATR,resistant,scout2,54.44,467.5,0.592,4.0,70.0,0.527,r_group,41.7,94.6,70.0,41.7,100,66.7,64.7,787,39.6,0.6039,10.6,moderate,0.4,0.5,short,47.2,moderate,0.0,TID (three times daily),65
,CCS(=O)(=O)N1CCC(Nc2ncc(C(=O)c3c(OC)ccc(F)c3F)c(N)n2)CC1,ATR,resistant,scout2,56.15,455.5,0.605,3.9,70.0,0.588,r_group,41.3,94.4,70.0,41.3,100,67.8,64.6,788,36.4,0.6364,10.1,moderate,0.35,0.5,short,49.5,moderate,0.0,TID (three times daily),65
,CC(C)Oc1ccc(F)c(F)c1C(=O)c1cnc(NC2CCN(S(C)(=O)=O)CC2)nc1N,ATR,resistant,scout2,55.29,469.5,0.591,4.0,70.0,0.541,r_group,41.5,94.5,70.0,41.5,100,66.7,64.6,789,44.5,0.555,12.5,moderate,0.5,0.5,short,37.4,moderate,0.0,TID (three times daily),65
,COc1ccc(C)c(F)c1C(=O)c1cnc(NC2CCN(S(C)(=O)=O)CC2)nc1N,ATR,resistant,scout2,57.31,437.5,0.652,3.8,70.0,0.613,bioisostere,41.0,94.3,70.0,41.0,100,68.9,64.5,790,31.6,0.684,8.7,moderate,0.29,0.5,short,56.7,high,0.0,TID (three times daily),85
CHEMBL2426395,COc1ccc(NC(=S)NC(=O)c2cn(-c3ccccc3)nc2-c2ccc(OC)cc2)cc1,CDK6,sensitive,scout1,29.0,0.0,0.409,2.09,98.2,,database,50.7,77.7,98.2,15.2,70,87.9,64.5,791,92.4,0.0757,100.0,high,7.93,0.9,short,10.0,low,5.0,TID (three times daily),40
CHEMBL4868801,Cc1c(Cc2cccc(Cl)c2)c(-c2cc(Cl)nc(N)n2)nn1C,EZH2,resistant,scout1,107.0,0.0,0.734,2.58,100.0,,database,32.0,89.3,100.0,32.0,70,82.4,64.4,792,83.0,0.1702,79.4,high,3.71,0.5,short,10.0,low,3.0,TID (three times daily),40
CHEMBL3642007,O[C@@H]1CCCN(C2CCN(c3ccc(Nc4ncc5c6ccncc6n(C6CCCC6)c5n4)nn3)CC2)C1,CDK6,sensitive,scout1,18.0,0.0,0.408,3.45,88.2,,database,57.6,78.6,88.2,17.3,70,72.8,64.3,793,83.9,0.1613,77.2,high,2.19,0.5,short,8.0,low,5.0,TID (three times daily),40
CHEMBL367715,CCC(C(=O)N[C@@H](CC(=O)O)C(=O)CN[C@H](Cc1ccccc1)C(N)=O)n1cccc(NC(=O)c2ccc3ccccc3c2)c1=O,CD274,immune,scout1,25.0,0.0,0.133,3.71,72.7,,database,52.9,97.5,72.7,15.9,70,69.9,64.1,794,34.1,0.6589,43.4,high,0.1,0.5,short,5.0,low,5.0,TID (three times daily),40
,COc1ccc(F)c(F)c1C(=O)c1cnc(NC2CCN(S(=O)(=O)N(C)C)CC2)nc1N,ATR,resistant,scout2,59.13,470.5,0.579,4.0,70.0,0.544,r_group,40.5,94.1,70.0,40.5,100,66.7,64.1,795,26.6,0.7336,6.9,moderate,0.2,0.5,short,65.3,high,0.0,TID (three times daily),85
,CCOc1ccc(F)c(F)c1C(=O)c1cnc(NC2CCN(S(C)(=O)=O)CC2)nc1N,ATR,resistant,scout2,59.72,455.5,0.605,3.9,70.0,0.559,r_group,40.4,94.0,70.0,40.4,100,67.8,64.1,796,36.4,0.6364,10.1,moderate,0.35,0.5,short,49.5,moderate,0.0,TID (three times daily),65
CHEMBL312854,O=C(O)c1cc2c(c(Cn3nc(-c4ccccc4)c(Cc4cc5c(cc4Cl)OCO5)c3C(=O)O)c1)OCOC2,CHEK2,resistant,scout1,44.0,0.0,0.333,2.98,86.7,,database,44.8,76.5,86.7,44.8,70,78.0,64.0,797,88.3,0.1166,100.0,high,1.38,0.5,short,8.0,low,7.0,TID (three times daily),40
CHEMBL5219193,Nc1nc(Cl)cc(-c2nn3ccccc3c2Cc2ccccc2)n1,EZH2,resistant,scout1,112.0,0.0,0.58,2.54,100.0,,database,31.4,88.8,100.0,31.4,70,82.9,64.0,798,82.2,0.1781,100.0,high,3.6,0.5,short,10.0,low,3.0,TID (three times daily),40
CHEMBL383670,COc1cc(CN(C)CCN(C)C)ccc1NC(=O)Nc1cnc(C#N)cn1,CHEK1,resistant,scout1,112.0,0.0,0.718,2.52,100.0,,database,31.4,88.8,100.0,31.4,70,83.1,64.0,799,44.2,0.5582,12.7,moderate,0.17,0.5,short,36.5,moderate,0.0,TID (three times daily),65
CHEMBL281028,CC1(C)CCNc2cc3nc(O)cc(C(F)(F)F)c3cc21,AR,sensitive,scout1,68.0,0.0,0.771,3.06,100.0,,database,38.5,93.2,100.0,11.6,70,77.1,63.9,800,89.6,0.1037,49.6,high,9.32,2.2,short,10.0,low,1.0,TID (three times daily),40
CHEMBL141247,O=C(Nc1ccccn1)Nc1cccc2c1[C@H]1CCCN1C2=O,CDK6,sensitive,scout1,71.0,0.0,0.895,2.72,100.0,,database,37.9,92.9,100.0,11.4,70,80.9,63.8,801,71.4,0.286,32.9,high,0.92,0.5,short,10.0,low,1.0,TID (three times daily),40
CHEMBL3698700,c1cc2c3cnc(Nc4ccc(NC5CCNCC5)cn4)nc3n(C3CCCC3)c2cn1,CDK6,sensitive,scout1,31.0,0.0,0.434,2.87,98.7,,database,49.8,77.5,98.7,14.9,70,79.2,63.8,802,87.9,0.1207,100.0,high,17.1,2.0,short,10.0,low,4.0,TID (three times daily),40
CHEMBL2426391,COc1ccc(NC(=S)NC(=O)c2cn(-c3ccccc3)nc2-c2ccc(F)cc2)cc1,CDK6,sensitive,scout1,33.0,0.0,0.431,2.08,98.6,,database,48.9,77.4,98.6,14.7,70,88.0,63.8,803,93.8,0.0617,100.0,high,11.06,1.3,short,10.0,low,5.0,TID (three times daily),40
CHEMBL311315,CC(=O)N[C@@H](Cc1ccccc1)C(=O)N[C@H](C(=O)N[C@@H](C)C(=O)N[C@H](C=O)CC(=O)O)C(C)C,CD274,immune,scout1,42.0,0.0,0.24,3.42,84.8,,database,45.4,95.8,84.8,13.6,70,73.1,63.7,804,20.0,0.8,1.3,low,0.1,0.9,short,37.3,moderate,0.0,TID (three times daily),75
CHEMBL3702114,c1cc2c3cnc(Nc4ccc(CN5CCNCC5)cn4)nc3n(C3CCCC3)c2cn1,CDK6,sensitive,scout1,33.0,0.0,0.502,2.78,100.0,,database,48.9,77.4,100.0,14.7,70,80.2,63.7,805,81.9,0.1808,72.1,high,5.22,0.8,short,10.0,low,3.0,TID (three times daily),40
CHEMBL210516,COc1cc(NC(=O)CCc2ccccc2)c(Cl)cc1NC(=O)Nc1cnc(C#N)cn1,CHEK1,resistant,scout1,68.0,0.0,0.494,2.38,99.9,,database,38.5,74.6,99.9,38.5,70,84.7,63.7,806,79.4,0.2064,100.0,high,0.79,0.5,short,10.0,low,5.0,TID (three times daily),40
CHEMBL4240141,CN1CCN(S(=O)(=O)c2ccc(N3CCC=N3)cc2)c2ccccc21,MDM2,sensitive,scout1,74.0,0.0,0.848,2.7,100.0,,database,37.3,92.6,100.0,11.2,70,81.1,63.6,807,70.9,0.2908,21.7,high,0.89,0.5,short,10.0,low,1.0,TID (three times daily),40
CHEMBL537877,COc1cccc(-c2nc(N3CCOCC3)c3oc4ncccc4c3n2)c1.Cl,PIK3CA,escape_route,scout1,100.0,0.0,0.52,2.58,100.0,,database,33.0,90.0,100.0,23.1,70,82.4,63.5,808,84.0,0.1599,100.0,high,1.77,0.5,short,10.0,low,4.0,TID (three times daily),40
CHEMBL26719,O=C(O)C[C@H](NC(=O)C(c1ccccc1)n1cccc(NC(=O)c2cccc3ccccc23)c1=O)C(=O)COc1ccccc1,CD274,immune,scout1,10.0,0.0,0.191,3.35,68.8,,database,66.0,79.2,68.8,19.8,70,73.9,63.5,809,83.4,0.1665,100.0,high,0.7,0.5,short,5.0,low,12.0,TID (three times daily),40
CHEMBL211819,O=C1NC(=O)/C(=C/c2ccc(-c3cc(O)ccc3O)o2)S1,PIK3CA,escape_route,scout1,100.0,0.0,0.582,2.6,100.0,,database,33.0,90.0,100.0,23.1,70,82.2,63.5,810,56.4,0.4365,40.2,high,0.38,0.5,short,10.0,low,1.0,TID (three times daily),40
CHEMBL1766804,CS(=O)(=O)c1ccc(-c2cnc(N)c(-c3cc4ccccc4[nH]3)n2)cc1,ATM,resistant,scout1,120.0,0.0,0.581,2.36,100.0,,database,30.4,88.0,100.0,30.4,70,84.9,63.4,811,69.5,0.3047,100.0,high,1.24,0.5,short,10.0,low,4.0,TID (three times daily),40
CHEMBL282866,CCC1(CC)CCNc2cc3nc(O)cc(C(F)(F)F)c3cc21,AR,sensitive,scout1,73.0,0.0,0.831,3.26,100.0,,database,37.5,92.7,100.0,11.3,70,74.9,63.4,812,94.5,0.0553,74.7,high,19.12,3.0,short,10.0,low,2.0,TID (three times daily),40
CHEMBL373252,COc1cc(-c2ccc3c(c2)NC(=O)/C3=C\c2[nH]c(C)cc2C)ccc1O,CHEK1,resistant,scout1,120.0,0.0,0.602,2.53,100.0,,database,30.4,88.0,100.0,30.4,70,83.0,63.3,813,90.1,0.0989,100.0,high,3.62,0.5,short,10.0,low,4.0,TID (three times daily),40
,COc1ccsc1.CS(=O)(=O)N1CCC(Nc2ncc(C=O)c(N)n2)CC1.F.F,ATR,resistant,scout2,68.11,453.5,0.656,3.6,70.0,0.431,bioisostere,38.5,93.2,70.0,38.5,100,71.1,63.2,814,35.7,0.6435,9.6,moderate,0.34,0.5,short,52.2,high,0.0,TID (three times daily),85
CHEMBL445340,CC(C)C1CNC(=O)c2cc(-c3ccnc(N)n3)[nH]c21,CDK4,sensitive,scout1,73.0,0.0,0.771,3.58,100.0,,database,37.5,92.7,100.0,11.3,70,71.3,63.2,815,33.7,0.6633,9.4,moderate,0.28,0.5,short,52.8,high,0.0,TID (three times daily),85
,COc1ccncc1.CS(=O)(=O)N1CCC(Nc2ncc(C=O)c(N)n2)CC1.F.F,ATR,resistant,scout2,67.09,448.5,0.643,3.8,70.0,0.469,bioisostere,38.7,93.3,70.0,38.7,100,68.9,63.2,816,21.0,0.7904,6.3,moderate,0.14,0.5,short,47.8,moderate,0.0,TID (three times daily),75
CHEMBL526092,CCC1CNC(=O)c2cc(-c3ccnc(N)n3)[nH]c21,CDK4,sensitive,scout1,73.0,0.0,0.755,3.54,100.0,,database,37.5,92.7,100.0,11.3,70,71.8,63.2,817,28.8,0.7116,8.7,moderate,0.22,0.5,short,56.3,high,0.0,TID (three times daily),85
CHEMBL364872,CN1C(=O)C[C@H](c2ccccc2)[C@@H]1[C@@H](O)c1ccc(-c2ccccc2)s1,KRAS,escape_route,scout1,100.0,0.0,0.743,3.34,100.0,,database,33.0,90.0,100.0,23.1,70,74.0,63.1,818,93.6,0.0636,100.0,high,7.58,0.9,short,10.0,low,4.0,TID (three times daily),40
CHEMBL212781,CN1C(=O)C[C@H](c2ccccc2)[C@@H]1[C@H](O)c1ccc(-c2ccccc2)s1,KRAS,escape_route,scout1,100.0,0.0,0.743,3.34,100.0,,database,33.0,90.0,100.0,23.1,70,74.0,63.1,819,93.6,0.0636,100.0,high,7.58,0.9,short,10.0,low,4.0,TID (three times daily),40
,CNN1C(=O)C[C@H](c2ccccc2F)[C@@H]1[C@H](O)c1ccc(-c2cccnc2)s1,KRAS,escape_route,scout2,55.07,397.5,0.692,3.5,70.0,0.552,r_group,41.5,94.5,70.0,29.1,100,72.2,63.1,820,83.4,0.166,64.6,high,3.52,0.6,short,10.0,low,3.0,TID (three times daily),40
,N#CN1C(=O)C[C@H](c2ccccc2F)[C@@H]1[C@H](O)c1ccc(-c2cccnc2)s1,KRAS,escape_route,scout2,54.55,393.4,0.683,3.5,70.0,0.617,r_group,41.7,94.5,70.0,29.2,100,72.2,63.1,821,84.6,0.1535,89.6,high,1.85,0.5,short,10.0,low,4.0,TID (three times daily),40
,CON1C(=O)C[C@H](c2ccccc2F)[C@@H]1[C@H](O)c1ccc(-c2cccnc2)s1,KRAS,escape_route,scout2,54.8,398.5,0.707,3.5,70.0,0.595,r_group,41.6,94.5,70.0,29.1,100,72.2,63.1,822,88.1,0.1192,86.7,high,2.79,0.5,short,10.0,low,3.0,TID (three times daily),40
,COc1cc[nH]c1.CS(=O)(=O)N1CCC(Nc2ncc(C=O)c(N)n2)CC1.F.F,ATR,resistant,scout2,69.22,436.5,0.59,3.6,70.0,0.419,bioisostere,38.3,93.1,70.0,38.3,100,71.1,63.0,823,20.0,0.8,5.8,moderate,0.12,0.5,short,49.8,moderate,0.0,TID (three times daily),75
,CON1C(=O)C[C@H](c2ccccc2F)[C@@H]1[C@H](O)c1ccc(-c2ccccc2)s1,KRAS,escape_route,scout2,55.79,397.5,0.688,3.5,70.0,0.587,r_group,41.4,94.4,70.0,29.0,100,72.2,63.0,824,93.6,0.0644,100.0,high,6.54,0.8,short,10.0,low,4.0,TID (three times daily),40
CHEMBL206143,COc1ccc(CCC(=O)Nc2cc(OC)c(NC(=O)Nc3cnc(C#N)cn3)cc2Cl)cc1,CHEK1,resistant,scout1,72.0,0.0,0.438,2.44,98.8,,database,37.7,74.2,98.8,37.7,70,84.0,63.0,825,78.2,0.2184,100.0,high,0.65,0.5,short,10.0,low,5.0,TID (three times daily),40
,CN(C)N1C(=O)C[C@H](c2ccccc2F)[C@@H]1[C@H](O)c1ccc(-c2cccnc2)s1,KRAS,escape_route,scout2,55.91,411.5,0.693,3.6,70.0,0.599,r_group,41.3,94.4,70.0,28.9,100,71.1,62.9,826,88.6,0.1142,76.7,high,2.96,0.5,short,10.0,low,3.0,TID (three times daily),40
,O=C1C[C@H](c2ccccc2F)[C@H]([C@H](O)c2ccc(-c3cccnc3)s2)N1C1CC1,KRAS,escape_route,scout2,56.15,408.5,0.675,3.6,70.0,0.533,r_group,41.3,94.4,70.0,28.9,100,71.1,62.9,827,93.3,0.0667,100.0,high,5.99,0.7,short,10.0,low,4.0,TID (three times daily),40
,CN1C(=O)C[C@H](c2ccccc2F)[C@@H]1[C@H](O)c1ccc(-c2ccsc2)s1,KRAS,escape_route,scout2,57.36,387.5,0.707,3.2,70.0,0.602,bioisostere,41.0,94.3,70.0,28.7,100,75.6,62.9,828,94.8,0.0523,100.0,high,9.12,1.1,short,10.0,low,4.0,TID (three times daily),40
,CCN1C(=O)C[C@H](c2ccccc2F)[C@@H]1[C@H](O)c1ccc(-c2cccnc2)s1,KRAS,escape_route,scout2,56.24,396.5,0.696,3.5,70.0,0.506,r_group,41.2,94.4,70.0,28.9,100,72.2,62.9,829,92.4,0.0758,100.0,high,5.26,0.6,short,10.0,low,4.0,TID (three times daily),40
,NN1C(=O)C[C@H](c2ccccc2F)[C@@H]1[C@H](O)c1ccc(-c2cccnc2)s1,KRAS,escape_route,scout2,56.81,383.4,0.535,3.4,70.0,0.508,r_group,41.1,94.3,70.0,28.8,100,73.3,62.9,830,76.3,0.2372,57.8,high,2.0,0.5,short,10.0,low,2.0,TID (three times daily),40
,O=C1C[C@H](c2ccccc2F)[C@H]([C@H](O)c2ccc(-c3cccnc3)s2)N1O,KRAS,escape_route,scout2,57.87,384.4,0.672,3.4,70.0,0.518,r_group,40.8,94.2,70.0,28.6,100,73.3,62.8,831,84.1,0.1585,82.6,high,1.85,0.5,short,10.0,low,3.0,TID (three times daily),40
CHEMBL220112,O=C(N[C@H](CO)c1ccccc1)c1cc(-c2[nH]ncc2-c2cccc(Cl)c2)c[nH]1,MAPK1,sensitive,scout1,35.0,0.0,0.386,2.95,97.7,,database,48.0,77.2,97.7,14.4,70,78.3,62.8,832,85.3,0.1471,100.0,high,1.73,0.5,short,10.0,low,4.0,TID (three times daily),40
CHEMBL4864668,Cc1c(Cc2cccc(F)c2)c(-c2cc(Cl)nc(N)n2)nn1C,EZH2,resistant,scout1,126.0,0.0,0.748,2.59,100.0,,database,29.7,87.4,100.0,29.7,70,82.3,62.8,833,75.8,0.2423,55.6,high,2.31,0.5,short,10.0,low,2.0,TID (three times daily),40
,CN1C(=S)C[C@H](c2ccccc2F)[C@@H]1[C@H](O)c1ccc(-c2cccnc2)s1,KRAS,escape_route,scout2,57.78,398.5,0.641,3.4,70.0,0.509,bioisostere,40.9,94.2,70.0,28.6,100,73.3,62.8,834,95.6,0.0435,100.0,high,11.36,1.3,short,10.0,low,4.0,TID (three times daily),40
,NN1C(=O)C[C@H](c2ccccc2F)[C@@H]1[C@H](O)c1ccc(-c2ccccc2)s1,KRAS,escape_route,scout2,57.85,382.5,0.532,3.4,70.0,0.558,r_group,40.8,94.2,70.0,28.6,100,73.3,62.8,835,86.3,0.1367,89.4,high,4.71,0.6,short,10.0,low,3.0,TID (three times daily),40
CHEMBL2436173,CC(=O)c1ccc2c(c1)c1c3c(ccc1n2CC[C@H]1CCCN1C)C(=O)CC3,MDM2,sensitive,scout1,80.0,0.0,0.626,3.09,100.0,,database,36.2,92.0,100.0,10.9,70,76.8,62.8,836,94.3,0.0572,99.9,high,8.34,1.0,short,10.0,low,4.0,TID (three times daily),40
,O=C1C[C@H](c2ccccc2F)[C@H]([C@H](O)c2ccc(-c3ccccc3)s2)N1Cl,KRAS,escape_route,scout2,58.19,401.9,0.616,3.4,70.0,0.608,r_group,40.8,94.2,70.0,28.5,100,73.3,62.7,837,96.4,0.0357,100.0,high,13.96,1.6,short,9.0,low,5.0,TID (three times daily),40
,CN1C(=O)C[C@H](c2ccccc2F)[C@@H]1[C@H](O)c1ccc(-c2cc[nH]c2)s1,KRAS,escape_route,scout2,59.22,370.4,0.731,3.2,70.0,0.534,bioisostere,40.5,94.1,70.0,28.4,100,75.6,62.7,838,88.5,0.1151,84.9,high,3.23,0.5,short,10.0,low,3.0,TID (three times daily),40
,O=C1C[C@H](c2ccccc2F)[C@H]([C@H](O)c2ccc(-c3ccccc3)s2)N1F,KRAS,escape_route,scout2,58.46,385.4,0.652,3.4,70.0,0.547,r_group,40.7,94.2,70.0,28.5,100,73.3,62.7,839,95.5,0.0453,100.0,high,10.9,1.3,short,10.0,low,4.0,TID (three times daily),40
,Cc1ccccc1[C@H]1CC(=O)N(C)[C@H]1[C@H](O)c1ccc(-c2cccnc2)s1,KRAS,escape_route,scout2,58.46,378.5,0.741,3.4,70.0,0.516,bioisostere,40.7,94.2,70.0,28.5,100,73.3,62.7,840,90.8,0.0921,95.9,high,4.29,0.5,short,10.0,low,4.0,TID (three times daily),40
,CN1C(=O)C[C@H](c2ccccc2F)[C@@H]1[C@H](O)c1ccc(-c2ccncc2)s1,KRAS,escape_route,scout2,58.39,382.5,0.742,3.4,70.0,0.567,bioisostere,40.7,94.2,70.0,28.5,100,73.3,62.7,841,89.7,0.1033,90.9,high,3.67,0.5,short,10.0,low,4.0,TID (three times daily),40
,NS(=O)(=O)N1C(=O)C[C@H](c2ccccc2F)[C@@H]1[C@H](O)c1ccc(-c2ccccc2)s1,KRAS,escape_route,scout2,56.81,446.5,0.629,3.8,70.0,0.538,r_group,41.1,94.3,70.0,28.8,100,68.9,62.7,842,71.6,0.2843,56.3,high,1.16,0.5,short,10.0,low,3.0,TID (three times daily),40
,CC(C)N1C(=O)C[C@H](c2ccccc2F)[C@@H]1[C@H](O)c1ccc(-c2cccnc2)s1,KRAS,escape_route,scout2,57.12,410.5,0.659,3.6,70.0,0.541,r_group,41.0,94.3,70.0,28.7,100,71.1,62.7,843,94.5,0.0552,100.0,high,7.52,0.9,short,10.0,low,4.0,TID (three times daily),40
,CN1C(=O)C[C@H](c2ccccc2F)[C@@H]1[C@H](O)c1ccc(-c2ccoc2)s1,KRAS,escape_route,scout2,59.48,371.4,0.748,3.2,70.0,0.513,bioisostere,40.4,94.1,70.0,28.3,100,75.6,62.7,844,90.8,0.0916,100.0,high,4.38,0.5,short,10.0,low,4.0,TID (three times daily),40
,CN1C(=O)C[C@H](c2ccccc2Cl)[C@@H]1[C@H](O)c1ccc(-c2cccnc2)s1,KRAS,escape_route,scout2,58.5,398.9,0.703,3.4,70.0,0.538,bioisostere,40.7,94.2,70.0,28.5,100,73.3,62.7,845,93.1,0.0688,100.0,high,5.89,0.7,short,10.0,low,4.0,TID (three times daily),40
,NS(=O)(=O)N1C(=O)C[C@H](c2ccccc2F)[C@@H]1[C@H](O)c1ccc(-c2cccnc2)s1,KRAS,escape_route,scout2,56.6,447.5,0.624,3.8,70.0,0.519,r_group,41.2,94.3,70.0,28.8,100,68.9,62.7,846,56.2,0.4384,36.4,high,0.49,0.5,short,10.0,low,2.0,TID (three times daily),40
,O=C(O)N1C(=O)C[C@H](c2ccccc2F)[C@@H]1[C@H](O)c1ccc(-c2ccccc2)s1,KRAS,escape_route,scout2,58.02,411.5,0.655,3.6,70.0,0.555,r_group,40.8,94.2,70.0,28.6,100,71.1,62.6,847,91.5,0.0851,100.0,high,3.82,0.5,short,10.0,low,4.0,TID (three times daily),40
,NC(=O)N1C(=O)C[C@H](c2ccccc2F)[C@@H]1[C@H](O)c1ccc(-c2cccnc2)s1,KRAS,escape_route,scout2,58.29,411.5,0.687,3.6,70.0,0.493,r_group,40.7,94.2,70.0,28.5,100,71.1,62.6,848,75.6,0.2438,67.8,high,0.82,0.5,short,10.0,low,3.0,TID (three times daily),40
CHEMBL247618,CNC(=O)c1cc(CNc2ccsc2C(=O)Nc2ccc3c(c2)OC(F)(F)O3)ccn1,BRAF,escape_route,scout1,61.0,0.0,0.534,2.73,100.0,,database,40.1,75.1,100.0,28.1,70,80.8,62.6,849,78.9,0.2108,86.4,high,1.82,0.5,short,10.0,low,4.0,TID (three times daily),40
,N#CN1C(=O)C[C@H](c2ccccc2F)[C@@H]1[C@H](O)c1ccc(-c2ccccc2)s1,KRAS,escape_route,scout2,58.81,392.5,0.667,3.5,70.0,0.491,r_group,40.6,94.1,70.0,28.4,100,72.2,62.6,850,91.5,0.0845,100.0,high,4.35,0.5,short,10.0,low,4.0,TID (three times daily),40
,O=C1C[C@H](c2ccccc2F)[C@H]([C@H](O)c2ccc(-c3ccccc3)s2)N1O,KRAS,escape_route,scout2,58.98,383.4,0.658,3.4,70.0,0.51,r_group,40.6,94.1,70.0,28.4,100,73.3,62.6,851,91.2,0.0875,100.0,high,4.33,0.5,short,10.0,low,4.0,TID (three times daily),40
CHEMBL220320,O=C(NCc1ccccc1)c1cc(-c2n[nH]cc2-c2cccc(Cl)c2)c[nH]1,MAPK1,sensitive,scout1,86.0,0.0,0.474,2.52,100.0,,database,35.2,91.4,100.0,10.5,70,83.1,62.6,852,91.5,0.0852,100.0,high,4.23,0.5,short,10.0,low,4.0,TID (three times daily),40
CHEMBL1336,CNC(=O)c1cc(Oc2ccc(NC(=O)Nc3ccc(Cl)c(C(F)(F)F)c3)cc2)ccn1,BRAF,escape_route,scout1,46.0,0.0,0.461,2.27,89.2,,database,44.1,76.3,89.2,30.9,70,85.9,62.6,853,95.2,0.0481,100.0,high,6.26,0.7,short,9.0,low,5.0,TID (three times daily),40
,CN.CN1[CH][C@@H](c2ccccc2F)CC1=O.c1cncc(-c2cccs2)c1,KRAS,escape_route,scout2,58.77,384.5,0.716,3.4,70.0,0.412,bioisostere,40.6,94.1,70.0,28.4,100,73.3,62.6,854,91.2,0.0882,100.0,high,8.61,1.0,short,10.0,low,4.0,TID (three times daily),40
,O=C1C[C@H](c2ccccc2F)[C@H]([C@H](O)c2ccc(-c3cccnc3)s2)N1Cl,KRAS,escape_route,scout2,59.06,402.9,0.653,3.4,70.0,0.506,r_group,40.5,94.1,70.0,28.4,100,73.3,62.6,855,93.2,0.0678,100.0,high,5.94,0.7,short,10.0,low,4.0,TID (three times daily),40
,CN1C(=O)C[C@H](c2ccccc2F)[C@@H]1[C@H](O)c1ccc(S(=O)(=O)c2cc[nH]c2)s1,KRAS,escape_route,scout2,58.63,434.5,0.646,3.6,70.0,0.56,bioisostere,40.7,94.1,70.0,28.5,100,71.1,62.6,856,72.9,0.2712,47.7,high,0.68,0.5,short,10.0,low,2.0,TID (three times daily),40
CHEMBL222249,O=C(NCc1ccc(F)c(F)c1)c1cc(-c2[nH]ncc2-c2cccc(Cl)c2)c[nH]1,MAPK1,sensitive,scout1,40.0,0.0,0.434,2.5,98.7,,database,46.1,76.8,98.7,13.8,70,83.3,62.5,857,93.5,0.0648,100.0,high,5.47,0.6,short,10.0,low,4.0,TID (three times daily),40
,CN1C(=O)C[C@@H](c2ccoc2)[C@@H]1[C@H](O)c1ccc(-c2cccnc2)s1.F,KRAS,escape_route,scout2,61.23,374.4,0.758,3.2,70.0,0.488,bioisostere,40.0,93.9,70.0,28.0,100,75.6,62.5,858,83.7,0.1634,66.1,high,1.89,0.5,short,10.0,low,2.0,TID (three times daily),40
,CN1C(=O)C[C@@H](c2ccsc2)[C@@H]1[C@H](O)c1ccc(-c2ccc(C#N)cc2)s1,KRAS,escape_route,scout2,59.86,394.5,0.713,3.4,70.0,0.502,bioisostere,40.4,94.0,70.0,28.2,100,73.3,62.5,859,91.2,0.0878,100.0,high,4.12,0.5,short,10.0,low,4.0,TID (three times daily),40
,COc1ccccc1[C@H]1CC(=O)N(C)[C@H]1[C@H](O)c1ccc(S(=O)(=O)c2ccoc2)s1,KRAS,escape_route,scout2,58.34,447.5,0.623,3.8,70.0,0.567,bioisostere,40.7,94.2,70.0,28.5,100,68.9,62.5,860,73.6,0.2643,49.0,high,0.66,0.5,short,10.0,low,2.0,TID (three times daily),40
,O=C1C[C@H](c2ccccc2F)[C@H]([C@H](O)c2ccc(-c3cccnc3)s2)N1F,KRAS,escape_route,scout2,59.87,386.4,0.682,3.4,70.0,0.499,r_group,40.4,94.0,70.0,28.2,100,73.3,62.5,861,91.5,0.0853,100.0,high,4.64,0.5,short,10.0,low,4.0,TID (three times daily),40
,O=C1C[C@H](c2ccccc2F)[C@H]([C@H](O)c2ccc(-c3ccccc3)s2)N1C1CC1,KRAS,escape_route,scout2,59.37,407.5,0.637,3.6,70.0,0.529,r_group,40.5,94.1,70.0,28.3,100,71.1,62.5,862,96.5,0.0351,100.0,high,14.08,1.6,short,9.0,low,5.0,TID (three times daily),40
,CNN1C(=O)C[C@H](c2ccccc2F)[C@@H]1[C@H](O)c1ccc(-c2ccccc2)s1,KRAS,escape_route,scout2,59.3,396.5,0.683,3.5,70.0,0.541,r_group,40.5,94.1,70.0,28.3,100,72.2,62.5,863,90.8,0.092,100.0,high,8.26,1.0,short,10.0,low,4.0,TID (three times daily),40
,CCN1C(=O)C[C@H](c2ccccc2F)[C@@H]1[C@H](O)c1ccc(-c2ccccc2)s1,KRAS,escape_route,scout2,59.13,395.5,0.661,3.5,70.0,0.494,r_group,40.5,94.1,70.0,28.4,100,72.2,62.5,864,96.0,0.0401,100.0,high,12.34,1.4,short,10.0,low,4.0,TID (three times daily),40
,CN1C(=O)C[C@H](c2ccccc2F)[C@@H]1[C@H](O)c1ccc(S(=O)(=O)c2ccsc2)s1,KRAS,escape_route,scout2,59.07,451.6,0.64,3.6,70.0,0.53,bioisostere,40.5,94.1,70.0,28.4,100,71.1,62.5,865,86.4,0.1363,79.2,high,1.93,0.5,short,10.0,low,4.0,TID (three times daily),40
,CN1C(=O)C[C@H](c2ccccc2F)[C@@H]1[C@H](O)c1ccc(S(=O)(=O)c2ccoc2)s1,KRAS,escape_route,scout2,58.9,435.5,0.664,3.6,70.0,0.523,bioisostere,40.6,94.1,70.0,28.4,100,71.1,62.5,866,77.6,0.224,57.3,high,0.93,0.5,short,10.0,low,3.0,TID (three times daily),40
,NC(=O)N1C(=O)C[C@H](c2ccccc2F)[C@@H]1[C@H](O)c1ccc(-c2ccccc2)s1,KRAS,escape_route,scout2,58.69,410.5,0.681,3.6,70.0,0.515,r_group,40.6,94.1,70.0,28.4,100,71.1,62.5,867,85.9,0.141,100.0,high,1.92,0.5,short,10.0,low,4.0,TID (three times daily),40
,CN1C(=O)C[C@H](c2ccccc2F)[C@@H]1[C@H](O)c1ccc(S(=O)(=O)c2ccncc2)s1,KRAS,escape_route,scout2,58.44,446.5,0.651,3.8,70.0,0.576,bioisostere,40.7,94.2,70.0,28.5,100,68.9,62.5,868,75.2,0.2479,51.1,high,0.78,0.5,short,10.0,low,2.0,TID (three times daily),40
,CN(C)N1C(=O)C[C@H](c2ccccc2F)[C@@H]1[C@H](O)c1ccc(-c2ccccc2)s1,KRAS,escape_route,scout2,58.93,410.5,0.676,3.6,70.0,0.52,r_group,40.6,94.1,70.0,28.4,100,71.1,62.5,869,93.8,0.0616,100.0,high,6.95,0.8,short,10.0,low,4.0,TID (three times daily),40
CHEMBL3702136,FC(F)(F)c1cccc(-n2c3cnccc3c3cnc(Nc4ccc(N5CCNCC5)cn4)cc32)c1,CDK6,sensitive,scout1,26.0,0.0,0.364,2.83,87.3,,database,52.3,77.9,87.3,15.7,70,79.7,62.5,870,95.4,0.0462,100.0,high,28.01,3.2,moderate,9.0,low,5.0,TID (three times daily),55
,O=C1CCCN1c1ccc(S(=O)(=O)N2CCCc3cc(OO)ccc32)cc1,MDM2,sensitive,scout2,40.34,388.4,0.643,3.4,70.0,0.644,r_group,46.0,96.0,70.0,13.8,100,73.3,62.5,871,67.2,0.3285,24.5,high,0.56,0.5,short,10.0,low,1.0,TID (three times daily),40
,CN1C(=O)C[C@@H](c2cc[nH]c2)[C@@H]1[C@H](O)c1ccc(-c2ccccc2)s1.F,KRAS,escape_route,scout2,62.06,372.5,0.729,3.2,70.0,0.497,bioisostere,39.8,93.8,70.0,27.9,100,75.6,62.4,872,88.6,0.1136,85.7,high,3.27,0.5,short,10.0,low,3.0,TID (three times daily),40
,N#Cc1ccc(-c2ccc([C@@H](O)[C@H]3[C@@H](c4ccccc4)CC(=O)N3N)s2)cc1,KRAS,escape_route,scout2,60.52,389.5,0.527,3.5,70.0,0.527,r_group,40.2,93.9,70.0,28.1,100,72.2,62.4,873,78.4,0.2164,75.5,high,2.13,0.5,short,10.0,low,3.0,TID (three times daily),40
,CN1C(=O)C[C@@H](c2ccoc2)[C@@H]1[C@H](O)c1ccc(-c2ccc(C#N)cc2)s1,KRAS,escape_route,scout2,60.76,378.5,0.746,3.4,70.0,0.492,bioisostere,40.1,93.9,70.0,28.1,100,73.3,62.4,874,85.0,0.1497,86.7,high,1.98,0.5,short,10.0,low,3.0,TID (three times daily),40
,CN1C(=O)C[C@@H](c2ccsc2)[C@@H]1[C@H](O)c1ccc(-c2cccnc2)s1.F,KRAS,escape_route,scout2,61.98,390.5,0.731,3.2,70.0,0.477,bioisostere,39.9,93.8,70.0,27.9,100,75.6,62.4,875,90.4,0.0965,91.4,high,3.93,0.5,short,10.0,low,4.0,TID (three times daily),40
,CC(C)N1C(=O)C[C@H](c2ccccc2F)[C@@H]1[C@H](O)c1ccc(-c2ccccc2)s1,KRAS,escape_route,scout2,60.1,409.5,0.615,3.6,70.0,0.558,r_group,40.3,94.0,70.0,28.2,100,71.1,62.4,876,97.1,0.0289,100.0,high,17.66,2.0,short,9.0,low,5.0,TID (three times daily),40
,COc1ccccc1[C@H]1CC(=O)N(C)[C@H]1[C@H](O)c1ccc(S(=O)(=O)c2cc[nH]c2)s1,KRAS,escape_route,scout2,58.82,446.6,0.606,3.8,70.0,0.496,bioisostere,40.6,94.1,70.0,28.4,100,68.9,62.4,877,68.4,0.3165,40.8,high,0.49,0.5,short,10.0,low,2.0,TID (three times daily),40
,COc1ccc2c(c1)N(N)CCN2S(=O)(=O)c1ccc(N2CCCC2=O)cc1,MDM2,sensitive,scout2,40.74,402.5,0.782,3.5,70.0,0.566,r_group,45.9,95.9,70.0,13.8,100,72.2,62.4,878,43.3,0.5668,11.5,moderate,0.33,0.5,short,42.5,moderate,0.0,TID (three times daily),65
CHEMBL200847,COC(=O)CCc1c(C)[nH]c(/C=C2\C(=O)Nc3cc(-c4ccc(O)c(OC)c4)ccc32)c1C,CHEK1,resistant,scout1,75.0,0.0,0.379,2.67,97.6,,database,37.1,74.0,97.6,37.1,70,81.4,62.3,879,88.8,0.1118,100.0,high,2.18,0.5,short,10.0,low,5.0,TID (three times daily),40
CHEMBL174581,CCC(C(=O)N[C@@H](CC(=O)O)C(=O)CN(C)CCCC(N)=O)n1cccc(NC(=O)c2ccc3ccccc3c2)c1=O,CD274,immune,scout1,37.0,0.0,0.211,3.54,74.2,,database,47.2,96.3,74.2,14.2,70,71.8,62.3,880,26.6,0.7337,18.3,moderate,0.1,0.5,short,5.0,low,2.0,TID (three times daily),50
,COc1ccc2c(c1)N(OC)CCN2S(=O)(=O)c1ccc(N2CCCC2=O)cc1,MDM2,sensitive,scout2,41.06,417.5,0.743,3.6,70.0,0.644,r_group,45.8,95.9,70.0,13.7,100,71.1,62.3,881,63.7,0.3628,17.4,moderate,0.46,0.5,short,13.2,low,1.0,TID (three times daily),50
CHEMBL2426383,COc1ccc(NC(=S)NC(=O)c2cn(-c3ccccc3)nc2-c2ccc(C)cc2)cc1,CDK6,sensitive,scout1,43.0,0.0,0.427,2.07,98.5,,database,45.1,76.6,98.5,13.5,70,88.1,62.3,882,94.5,0.0547,100.0,high,12.93,1.5,short,10.0,low,4.0,TID (three times daily),40
CHEMBL4857305,Cn1cc(Cc2ccccc2F)c(-c2cc(Cl)nc(N)n2)n1,EZH2,resistant,scout1,132.0,0.0,0.754,2.64,100.0,,database,29.0,86.8,100.0,29.0,70,81.8,62.3,883,70.4,0.2962,49.7,high,1.74,0.5,short,10.0,low,2.0,TID (three times daily),40
,CN1C(=O)C[C@@H](c2ccncc2)[C@@H]1[C@H](O)c1ccc(-c2ccc(C#N)cc2)s1,KRAS,escape_route,scout2,61.14,389.5,0.738,3.5,70.0,0.546,bioisostere,40.1,93.9,70.0,28.0,100,72.2,62.3,884,83.3,0.1674,77.1,high,1.66,0.5,short,10.0,low,3.0,TID (three times daily),40
,N#Cc1ccc(-c2ccc([C@@H](O)[C@H]3[C@@H](c4ccccc4)CC(=O)N3S(N)(=O)=O)s2)cc1,KRAS,escape_route,scout2,59.74,453.5,0.615,3.9,70.0,0.451,r_group,40.4,94.0,70.0,28.3,100,67.8,62.3,885,59.1,0.4094,47.5,high,0.52,0.5,short,10.0,low,2.0,TID (three times daily),40
,CON1C(=O)C[C@H](c2ccccc2)[C@@H]1[C@H](O)c1ccc(-c2ccc(C#N)cc2)s1,KRAS,escape_route,scout2,60.88,404.5,0.689,3.6,70.0,0.521,r_group,40.1,93.9,70.0,28.1,100,71.1,62.3,886,89.3,0.1073,100.0,high,2.96,0.5,short,10.0,low,4.0,TID (three times daily),40
,CNOc1ccc2c(c1)N(C)CCN2S(=O)(=O)c1ccc(N2CCCC2=O)cc1,MDM2,sensitive,scout2,41.57,416.5,0.751,3.6,70.0,0.554,r_group,45.6,95.8,70.0,13.7,100,71.1,62.2,887,54.4,0.4557,12.9,moderate,0.58,0.5,short,35.4,moderate,0.0,TID (three times daily),65
,CNN1CCN(S(=O)(=O)c2ccc(N3CCCC3=O)cc2)c2ccc(OC)cc21,MDM2,sensitive,scout2,41.72,416.5,0.803,3.6,70.0,0.568,r_group,45.5,95.8,70.0,13.7,100,71.1,62.2,888,54.4,0.4557,12.9,moderate,0.58,0.5,short,35.4,moderate,0.0,TID (three times daily),65
,NOc1ccc2c(c1)CCCN2S(=O)(=O)c1ccc(N2CCCC2=O)cc1,MDM2,sensitive,scout2,42.53,387.5,0.812,3.4,70.0,0.561,r_group,45.3,95.7,70.0,13.6,100,73.3,62.2,889,53.7,0.4634,16.2,moderate,0.57,0.5,short,19.0,low,0.0,TID (three times daily),50
CHEMBL215578,CN1C(=O)C[C@H](c2ccccc2F)[C@@H]1[C@H](O)c1ccc(S(=O)(=O)c2ccccc2)s1,KRAS,escape_route,scout1,60.0,0.0,0.649,3.61,100.0,,database,40.3,75.2,100.0,28.2,70,71.0,62.2,890,85.6,0.1437,79.2,high,1.82,0.5,short,10.0,low,4.0,TID (three times daily),40
,COc1ccccc1[C@H]1CC(=O)N(C)[C@H]1[C@H](O)c1ccc(S(=O)(=O)c2ccncc2)s1,KRAS,escape_route,scout2,59.81,458.6,0.61,3.9,70.0,0.558,bioisostere,40.4,94.0,70.0,28.3,100,67.8,62.2,891,70.9,0.2909,43.8,high,0.56,0.5,short,10.0,low,2.0,TID (three times daily),40
,CN1C(=O)C[CH][C@@H]1[C@H](O)c1ccc(S(=O)(=O)c2ccccc2)s1.COc1cc[nH]c1,KRAS,escape_route,scout2,60.96,447.6,0.626,3.8,70.0,0.433,bioisostere,40.1,93.9,70.0,28.1,100,68.9,62.2,892,70.2,0.2978,48.0,high,0.54,0.5,short,10.0,low,2.0,TID (three times daily),40
,COc1ccccc1[C@H]1CC(=O)N(C)[C@H]1[C@H](O)c1ccc(S(=O)(=O)c2ccsc2)s1,KRAS,escape_route,scout2,60.32,463.6,0.603,3.8,70.0,0.517,bioisostere,40.2,94.0,70.0,28.2,100,68.9,62.2,893,83.6,0.1641,67.8,high,1.38,0.5,short,10.0,low,3.0,TID (three times daily),40
,CN1C(=O)C[CH][C@@H]1[C@H](O)c1ccc(S(=O)(=O)c2ccccc2)s1.COc1ccsc1,KRAS,escape_route,scout2,60.97,464.6,0.621,3.8,70.0,0.435,bioisostere,40.1,93.9,70.0,28.1,100,68.9,62.2,894,84.8,0.1525,79.7,high,1.53,0.5,short,10.0,low,4.0,TID (three times daily),40
,O=C(O)N1C(=O)C[C@H](c2ccccc2F)[C@@H]1[C@H](O)c1ccc(-c2cccnc2)s1,KRAS,escape_route,scout2,61.2,412.4,0.675,3.6,70.0,0.47,r_group,40.0,93.9,70.0,28.0,100,71.1,62.2,895,84.6,0.1544,100.0,high,1.62,0.5,short,10.0,low,4.0,TID (three times daily),40
,CN1C(=O)C[C@@H](c2cc[nH]c2)[C@@H]1[C@H](O)c1ccc(-c2ccc(C#N)cc2)s1,KRAS,escape_route,scout2,62.13,377.5,0.728,3.4,70.0,0.498,bioisostere,39.8,93.8,70.0,27.9,100,73.3,62.2,896,81.5,0.1849,72.2,high,1.46,0.5,short,10.0,low,3.0,TID (three times daily),40
,CN1C(=O)C[C@@H](c2ccoc2)[C@@H]1[C@H](O)c1ccc(S(=O)(=O)c2ccccc2)s1.F,KRAS,escape_route,scout2,61.23,437.5,0.661,3.6,70.0,0.513,bioisostere,40.0,93.9,70.0,28.0,100,71.1,62.2,897,77.9,0.2215,57.8,high,0.94,0.5,short,10.0,low,3.0,TID (three times daily),40
,CN1C(=O)C[C@@H](c2ccncc2)[C@@H]1[C@H](O)c1ccc(-c2cccnc2)s1.F,KRAS,escape_route,scout2,62.13,385.5,0.747,3.4,70.0,0.466,bioisostere,39.8,93.8,70.0,27.9,100,73.3,62.2,898,81.8,0.1823,59.1,high,1.58,0.5,short,10.0,low,2.0,TID (three times daily),40
,CN1C(=O)C[C@@H](c2cc[nH]c2)[C@@H]1[C@H](O)c1ccc(-c2cccnc2)s1.F,KRAS,escape_route,scout2,63.59,373.5,0.737,3.2,70.0,0.468,bioisostere,39.5,93.6,70.0,27.6,100,75.6,62.2,899,79.9,0.2011,55.1,high,1.39,0.5,short,10.0,low,2.0,TID (three times daily),40
,C#N.CN1C(=O)C[C@H](c2ccccc2)[C@@H]1[C@H](O)c1ccc(-c2cc[nH]c2)s1,KRAS,escape_route,scout2,63.38,379.5,0.721,3.4,70.0,0.496,bioisostere,39.5,93.7,70.0,27.7,100,73.3,62.1,900,84.6,0.1542,86.9,high,1.87,0.5,short,10.0,low,3.0,TID (three times daily),40
,CNN1C(=O)C[C@H](c2ccccc2)[C@@H]1[C@H](O)c1ccc(-c2ccc(C#N)cc2)s1,KRAS,escape_route,scout2,62.08,403.5,0.679,3.6,70.0,0.505,r_group,39.8,93.8,70.0,27.9,100,71.1,62.1,901,85.0,0.1502,84.7,high,3.73,0.5,short,10.0,low,3.0,TID (three times daily),40
,C#N.CN1C(=O)C[C@H](c2ccccc2)[C@@H]1[C@H](O)c1ccc(-c2ccoc2)s1,KRAS,escape_route,scout2,63.05,380.5,0.736,3.4,70.0,0.556,bioisostere,39.6,93.7,70.0,27.7,100,73.3,62.1,902,87.6,0.124,100.0,high,2.53,0.5,short,10.0,low,4.0,TID (three times daily),40
,CN1C(=O)C[C@@H](c2ccsc2)[C@@H]1[C@H](O)c1ccc(-c2ccccc2)s1.F,KRAS,escape_route,scout2,63.9,389.5,0.704,3.2,70.0,0.54,bioisostere,39.4,93.6,70.0,27.6,100,75.6,62.1,903,94.8,0.0515,100.0,high,9.23,1.1,short,10.0,low,4.0,TID (three times daily),40
,CC(C)Oc1ccc2c(c1)N(C)CCN2S(=O)(=O)c1ccc(N2CCCC2=O)cc1,MDM2,sensitive,scout2,42.13,429.5,0.73,3.8,70.0,0.484,r_group,45.4,95.8,70.0,13.6,100,68.9,62.1,904,80.3,0.1973,28.0,high,1.25,0.5,short,10.0,low,1.0,TID (three times daily),40
,CN1C(=O)C[C@@H](c2ccsc2)[C@@H]1[C@H](O)c1ccc(S(=O)(=O)c2ccccc2)s1.F,KRAS,escape_route,scout2,62.29,453.6,0.637,3.6,70.0,0.528,bioisostere,39.8,93.8,70.0,27.8,100,71.1,62.1,905,86.5,0.1346,80.0,high,1.95,0.5,short,10.0,low,4.0,TID (three times daily),40
,O=C1CCCN1c1ccc(S(=O)(=O)N2CCCc3cc(OF)ccc32)cc1,MDM2,sensitive,scout2,43.16,390.4,0.804,3.4,70.0,0.576,r_group,45.0,95.7,70.0,13.5,100,73.3,62.1,906,79.4,0.2056,32.6,high,1.31,0.5,short,10.0,low,1.0,TID (three times daily),40
,C#N.CN1C(=O)C[C@H](c2ccccc2)[C@@H]1[C@H](O)c1ccc(-c2ccncc2)s1,KRAS,escape_route,scout2,63.15,391.5,0.729,3.5,70.0,0.541,bioisostere,39.6,93.7,70.0,27.7,100,72.2,62.1,907,86.1,0.1391,92.8,high,2.12,0.5,short,10.0,low,4.0,TID (three times daily),40
,N#Cc1ccc(-c2ccc([C@@H](O)[C@H]3[C@@H](c4ccccc4)CC(=O)N3C3CC3)s2)cc1,KRAS,escape_route,scout2,61.23,414.5,0.648,3.8,70.0,0.493,r_group,40.0,93.9,70.0,28.0,100,68.9,62.1,908,94.0,0.0596,100.0,high,6.36,0.7,short,10.0,low,4.0,TID (three times daily),40
,N#Cc1ccc(-c2ccc([C@@H](O)[C@H]3[C@@H](c4ccccc4)CC(=O)N3C(=O)O)s2)cc1,KRAS,escape_route,scout2,61.18,418.5,0.655,3.8,70.0,0.54,r_group,40.0,93.9,70.0,28.0,100,68.9,62.1,909,86.0,0.1396,100.0,high,1.73,0.5,short,10.0,low,4.0,TID (three times daily),40
,O=C1CCCN1c1ccc(S(=O)(=O)N2CCCc3cc(F)ccc32)cc1,MDM2,sensitive,scout2,44.21,374.4,0.83,3.2,70.0,0.504,r_group,44.7,95.6,70.0,13.4,100,75.6,62.1,910,79.6,0.2044,29.9,high,1.45,0.6,short,10.0,low,1.0,TID (three times daily),40
,CN1C(=O)C[C@@H](c2ccncc2)[C@@H]1[C@H](O)c1ccc(-c2ccccc2)s1.F,KRAS,escape_route,scout2,63.06,384.5,0.739,3.4,70.0,0.534,bioisostere,39.6,93.7,70.0,27.7,100,73.3,62.1,911,89.8,0.1019,91.8,high,3.71,0.5,short,10.0,low,4.0,TID (three times daily),40
,CN(C)Oc1ccc2c(c1)CCCN2S(=O)(=O)c1ccc(N2CCCC2=O)cc1,MDM2,sensitive,scout2,43.62,415.5,0.703,3.6,70.0,0.554,r_group,44.9,95.6,70.0,13.5,100,71.1,62.0,912,73.6,0.2637,21.8,high,0.84,0.5,short,10.0,low,1.0,TID (three times daily),40
,COc1ccc2c(c1)N(N(C)C)CCN2S(=O)(=O)c1ccc(N2CCCC2=O)cc1,MDM2,sensitive,scout2,42.34,430.5,0.725,3.8,70.0,0.457,r_group,45.3,95.8,70.0,13.6,100,68.9,62.0,913,64.8,0.3518,15.5,moderate,0.49,0.5,short,22.7,moderate,0.0,TID (three times daily),65
,CN1C(=O)C[C@@H](c2ccoc2)[C@@H]1[C@H](O)c1ccc(-c2ccccc2)s1.F,KRAS,escape_route,scout2,65.1,373.4,0.745,3.2,70.0,0.558,bioisostere,39.2,93.5,70.0,27.4,100,75.6,62.0,914,91.0,0.0904,100.0,high,4.43,0.5,short,10.0,low,4.0,TID (three times daily),40
,CN1CCN(S(=O)(=O)c2ccc(N3CCCC3=O)cc2)c2ccc(ON)cc21,MDM2,sensitive,scout2,43.63,402.5,0.782,3.5,70.0,0.529,r_group,44.9,95.6,70.0,13.5,100,72.2,62.0,915,43.3,0.5668,11.5,moderate,0.33,0.5,short,42.5,moderate,0.0,TID (three times daily),65
CHEMBL562165,CCOC(=O)Nc1ccc(-c2nc(N3CCOCC3)c3cnn(C4CCN(Cc5ccccc5)CC4)c3n2)cc1,MTOR,escape_route,scout1,46.0,0.0,0.359,2.61,87.2,,database,44.1,76.3,87.2,30.9,70,82.1,62.0,916,91.7,0.0826,100.0,high,2.62,0.5,short,8.0,low,7.0,TID (three times daily),40
,CN(C)N1C(=O)C[C@H](c2ccccc2)[C@@H]1[C@H](O)c1ccc(-c2ccc(C#N)cc2)s1,KRAS,escape_route,scout2,62.41,417.5,0.676,3.8,70.0,0.502,r_group,39.8,93.8,70.0,27.8,100,68.9,62.0,917,89.7,0.1028,100.0,high,3.14,0.5,short,10.0,low,4.0,TID (three times daily),40
,CCN1C(=O)C[C@H](c2ccccc2)[C@@H]1[C@H](O)c1ccc(-c2ccc(C#N)cc2)s1,KRAS,escape_route,scout2,63.15,402.5,0.671,3.6,70.0,0.485,r_group,39.6,93.7,70.0,27.7,100,71.1,62.0,918,93.2,0.0679,100.0,high,5.58,0.6,short,10.0,low,4.0,TID (three times daily),40
,N#Cc1ccc(-c2ccc([C@@H](O)[C@H]3[C@@H](c4ccccc4)CC(=O)N3C(F)(F)F)s2)cc1,KRAS,escape_route,scout2,61.45,442.5,0.563,3.9,70.0,0.516,r_group,40.0,93.9,70.0,28.0,100,67.8,62.0,919,95.7,0.0431,100.0,high,8.84,1.0,short,9.0,low,5.0,TID (three times daily),40
,N#Cc1ccc(-c2ccc([C@@H](O)[C@H]3[C@@H](c4ccccc4)CC(=O)N3Cl)s2)cc1,KRAS,escape_route,scout2,64.06,408.9,0.627,3.5,70.0,0.535,r_group,39.4,93.6,70.0,27.6,100,72.2,62.0,920,93.9,0.0607,100.0,high,6.31,0.7,short,10.0,low,4.0,TID (three times daily),40
,O=C1CCCN1c1ccc(S(=O)(=O)NCCCc2ccsc2)cc1,MDM2,sensitive,scout2,46.74,364.5,0.768,3.0,70.0,0.414,bioisostere,43.9,95.3,70.0,13.2,100,77.8,61.9,921,72.3,0.2768,22.6,high,1.78,0.9,short,10.0,low,1.0,TID (three times daily),40
CHEMBL332551,Nc1nc(C2=C3C(=Nc4ccccc43)C(=O)NCC2)c(O)[nH]1,MAPK1,sensitive,scout1,89.0,0.0,0.632,3.33,100.0,,database,34.7,91.1,100.0,10.4,70,74.1,61.9,922,23.4,0.7656,11.4,moderate,0.13,0.5,short,42.9,moderate,0.0,TID (three times daily),65
CHEMBL332551,Nc1nc(C2=C3C(=Nc4ccccc43)C(=O)NCC2)c(O)[nH]1,MAPK1,sensitive,scout1,89.0,0.0,0.632,3.33,100.0,,database,34.7,91.1,100.0,10.4,70,74.1,61.9,923,23.4,0.7656,11.4,moderate,0.13,0.5,short,42.9,moderate,0.0,TID (three times daily),65
,C#N.CN1C(=O)C[C@H](c2ccccc2)[C@@H]1[C@H](O)c1ccc(-c2ccsc2)s1,KRAS,escape_route,scout2,64.94,396.5,0.697,3.4,70.0,0.507,bioisostere,39.2,93.5,70.0,27.4,100,73.3,61.9,924,92.8,0.0718,100.0,high,5.28,0.6,short,10.0,low,4.0,TID (three times daily),40
,CC(C)N1C(=O)C[C@H](c2ccccc2)[C@@H]1[C@H](O)c1ccc(-c2ccc(C#N)cc2)s1,KRAS,escape_route,scout2,63.16,416.5,0.628,3.8,70.0,0.448,r_group,39.6,93.7,70.0,27.7,100,68.9,61.9,925,95.1,0.0493,100.0,high,7.98,0.9,short,9.0,low,5.0,TID (three times daily),40
,CN1C(=O)C[C@@H](c2cc[nH]c2)[C@@H]1[C@H](O)c1ccc(S(=O)(=O)c2ccccc2)s1.F,KRAS,escape_route,scout2,63.9,436.5,0.643,3.6,70.0,0.467,bioisostere,39.4,93.6,70.0,27.6,100,71.1,61.9,926,73.2,0.2682,48.2,high,0.69,0.5,short,10.0,low,2.0,TID (three times daily),40
CHEMBL190252,CN1CCN(c2ccc(C(=O)Nc3n[nH]c4c3CN(C(=O)Cc3ccccc3)C4)cc2)CC1,AURKA,resistant,scout1,140.0,0.0,0.632,2.41,100.0,,database,28.2,86.0,100.0,28.2,70,84.3,61.9,927,65.0,0.3499,27.8,high,0.45,0.5,short,10.0,low,1.0,TID (three times daily),40
,N#Cc1ccc(-c2ccc([C@@H](O)[C@H]3[C@@H](c4ccccc4)CC(=O)N3F)s2)cc1,KRAS,escape_route,scout2,64.6,392.5,0.661,3.5,70.0,0.539,r_group,39.3,93.5,70.0,27.5,100,72.2,61.9,928,92.4,0.0765,100.0,high,4.93,0.6,short,10.0,low,4.0,TID (three times daily),40
,N#COc1ccc2c(c1)CCCN2S(=O)(=O)c1ccc(N2CCCC2=O)cc1,MDM2,sensitive,scout2,44.12,397.5,0.74,3.5,70.0,0.474,r_group,44.7,95.6,70.0,13.4,100,72.2,61.9,929,66.5,0.3349,25.4,high,0.52,0.5,short,10.0,low,1.0,TID (three times daily),40
,CN1C(=O)C[CH][C@@H]1[C@H](O)c1ccc(S(=O)(=O)c2ccccc2)s1.COc1ccoc1,KRAS,escape_route,scout2,63.26,448.5,0.643,3.8,70.0,0.411,bioisostere,39.6,93.7,70.0,27.7,100,68.9,61.9,930,75.2,0.2476,57.6,high,0.73,0.5,short,10.0,low,3.0,TID (three times daily),40
,N#Cc1ccc2c(c1)CCCN2S(=O)(=O)c1ccc(N2CCCC2=O)cc1,MDM2,sensitive,scout2,44.57,381.5,0.819,3.4,70.0,0.492,r_group,44.6,95.5,70.0,13.4,100,73.3,61.9,931,69.0,0.3096,25.6,high,0.65,0.5,short,10.0,low,1.0,TID (three times daily),40
,CC(C)c1ccc2c(c1)CCCN2S(=O)(=O)c1ccc(N2CCCC2=O)cc1,MDM2,sensitive,scout2,44.7,398.5,0.78,3.5,70.0,0.537,r_group,44.5,95.5,70.0,13.4,100,72.2,61.9,932,90.0,0.1003,49.7,high,3.58,0.8,short,10.0,low,2.0,TID (three times daily),40
CHEMBL303615,COC(=O)c1c(C)[nH]c2c1[C@@]13C[C@@H]1Cn1c(O)c4nc5c(OC)c(OC)c(OC)cc5c-4c(c13)C2=O,MAP2K1,sensitive,scout1,36.0,0.0,0.419,4.75,98.4,,database,47.6,77.1,98.4,14.3,70,58.3,61.8,933,65.3,0.3468,29.6,high,0.33,0.5,short,10.0,low,1.0,TID (three times daily),40
,Nc1ccc2c(c1)CCCN2S(=O)(=O)c1ccc(N2CCCC2=O)cc1,MDM2,sensitive,scout2,46.55,371.5,0.841,3.2,70.0,0.461,r_group,44.0,95.3,70.0,13.2,100,75.6,61.8,934,62.6,0.3736,20.3,high,0.95,0.5,short,10.0,low,1.0,TID (three times daily),40
,O=C(O)Oc1ccc2c(c1)CCCN2S(=O)(=O)c1ccc(N2CCCC2=O)cc1,MDM2,sensitive,scout2,44.59,416.5,0.607,3.6,70.0,0.54,r_group,44.6,95.5,70.0,13.4,100,71.1,61.8,935,66.4,0.3365,29.1,high,0.46,0.5,short,10.0,low,1.0,TID (three times daily),40
CHEMBL2113247,C[C@@H]1CNc2cc3nc(O)cc(C(F)(F)F)c3cc2[C@@H]1CCC(F)(F)F,AR,sensitive,scout1,82.0,0.0,0.684,4.08,98.7,,database,35.8,91.8,98.7,10.8,70,65.8,61.8,936,96.9,0.0312,100.0,high,30.0,3.5,moderate,9.0,low,4.0,TID (three times daily),55
,N#Cc1ccc(-c2ccc([C@@H](O)[C@H]3[C@@H](c4ccccc4)CC(=O)N3O)s2)cc1,KRAS,escape_route,scout2,65.22,390.5,0.657,3.5,70.0,0.527,r_group,39.1,93.5,70.0,27.4,100,72.2,61.8,937,85.7,0.1433,100.0,high,1.96,0.5,short,10.0,low,4.0,TID (three times daily),40
,COc1ccc2c(c1)CCCN2S(=O)(=O)c1ccsc1.O=C1CCCN1,MDM2,sensitive,scout2,46.24,394.5,0.869,3.2,70.0,0.429,bioisostere,44.1,95.4,70.0,13.2,100,75.6,61.8,938,70.9,0.2913,21.2,high,0.73,0.5,short,10.0,low,1.0,TID (three times daily),40
,CNOc1ccc2c(c1)CCCN2S(=O)(=O)c1ccc(N2CCCC2=O)cc1,MDM2,sensitive,scout2,45.42,401.5,0.779,3.5,70.0,0.502,r_group,44.3,95.5,70.0,13.3,100,72.2,61.8,939,64.4,0.3559,18.2,moderate,0.99,0.6,short,10.0,low,1.0,TID (three times daily),50
,CN1C(=O)C[C@@H](c2ccncc2)[C@@H]1[C@H](O)c1ccc(S(=O)(=O)c2ccccc2)s1.F,KRAS,escape_route,scout2,63.98,448.5,0.648,3.8,70.0,0.498,bioisostere,39.4,93.6,70.0,27.6,100,68.9,61.8,940,75.5,0.2452,51.6,high,0.78,0.5,short,10.0,low,2.0,TID (three times daily),40
,N#Cc1ccc(-c2ccc([C@@H](O)[C@H]3[C@@H](c4ccccc4)CC(=O)N3C(N)=O)s2)cc1,KRAS,escape_route,scout2,63.6,417.5,0.673,3.8,70.0,0.475,r_group,39.5,93.6,70.0,27.6,100,68.9,61.8,941,77.7,0.2226,88.3,high,0.87,0.5,short,10.0,low,4.0,TID (three times daily),40
,CC(C)Oc1ccc2c(c1)CCCN2S(=O)(=O)c1ccc(N2CCCC2=O)cc1,MDM2,sensitive,scout2,45.59,414.5,0.748,3.6,70.0,0.515,r_group,44.3,95.4,70.0,13.3,100,71.1,61.7,942,86.0,0.1396,39.4,high,2.13,0.6,short,10.0,low,2.0,TID (three times daily),40
,COc1ccc2c(c1)N(C)CCN2S(=O)(=O)c1cc[nH]c1.O=C1CCCN1,MDM2,sensitive,scout2,45.98,392.5,0.827,3.4,70.0,0.421,bioisostere,44.1,95.4,70.0,13.2,100,73.3,61.7,943,40.5,0.5949,9.1,moderate,0.15,0.5,short,54.6,high,0.0,TID (three times daily),85
,CCOc1ccc2c(c1)N(C)CCN2S(=O)(=O)c1ccc(N2CCCC2=O)cc1,MDM2,sensitive,scout2,45.14,415.5,0.751,3.6,70.0,0.549,r_group,44.4,95.5,70.0,13.3,100,71.1,61.7,944,74.4,0.2565,22.5,high,0.87,0.5,short,10.0,low,1.0,TID (three times daily),40
CHEMBL410637,COC[C@H]1OC(=O)/C(=C/N2CCN(C)CC2)C2=C(O)C(=O)C3=C([C@H](OC(C)=O)C[C@]4(C)[C@@H](O)CC[C@@H]34)[C@]21C,PIK3CA,escape_route,scout1,90.0,0.0,0.408,4.9,93.2,,database,34.5,91.0,93.2,24.2,70,56.7,61.7,945,34.8,0.6517,2.6,low,0.1,0.5,short,69.8,high,0.0,TID (three times daily),85
,COc1ccc2c(c1)N(C)CCN2S(=O)(=O)c1ccoc1.O=C1CCCN1,MDM2,sensitive,scout2,46.05,393.5,0.855,3.4,70.0,0.449,bioisostere,44.1,95.4,70.0,13.2,100,73.3,61.7,946,46.7,0.5326,10.9,moderate,0.2,0.5,short,45.5,moderate,0.0,TID (three times daily),65
,COOc1ccc2c(c1)CCCN2S(=O)(=O)c1ccc(N2CCCC2=O)cc1,MDM2,sensitive,scout2,45.97,402.5,0.568,3.5,70.0,0.554,r_group,44.1,95.4,70.0,13.2,100,72.2,61.7,947,72.7,0.2731,24.5,high,0.79,0.5,short,10.0,low,1.0,TID (three times daily),40
,N#Cc1ccc(-c2ccc([C@@H](O)[C@H]3[C@@H](c4ccccc4)CC(=O)N3C#N)s2)cc1,KRAS,escape_route,scout2,65.77,399.5,0.667,3.6,70.0,0.512,r_group,39.0,93.4,70.0,27.3,100,71.1,61.7,948,86.1,0.1387,100.0,high,1.96,0.5,short,10.0,low,4.0,TID (three times daily),40
,NC(=O)c1ccc2c(c1)CCCN2S(=O)(=O)c1ccc(N2CCCC2=O)cc1,MDM2,sensitive,scout2,46.24,399.5,0.85,3.5,70.0,0.52,r_group,44.1,95.4,70.0,13.2,100,72.2,61.7,949,48.3,0.5174,15.0,moderate,0.21,0.5,short,25.0,moderate,0.0,TID (three times daily),65
,COc1ccc2c(c1)N(C1CC1)CCN2S(=O)(=O)c1ccc(N2CCCC2=O)cc1,MDM2,sensitive,scout2,44.78,427.5,0.734,3.8,70.0,0.5,r_group,44.5,95.5,70.0,13.4,100,68.9,61.7,950,76.9,0.231,23.6,high,1.0,0.5,short,10.0,low,1.0,TID (three times daily),40
,O=C1CCCN1c1ccc(S(=O)(=O)N2CCCc3cc(OCl)ccc32)cc1,MDM2,sensitive,scout2,46.17,406.9,0.779,3.4,70.0,0.571,r_group,44.1,95.4,70.0,13.2,100,73.3,61.7,951,83.2,0.168,39.2,high,1.68,0.5,short,10.0,low,2.0,TID (three times daily),40
,CN(C)Oc1ccc2c(c1)N(C)CCN2S(=O)(=O)c1ccc(N2CCCC2=O)cc1,MDM2,sensitive,scout2,45.56,430.5,0.678,3.8,70.0,0.543,r_group,44.3,95.4,70.0,13.3,100,68.9,61.6,952,64.8,0.3518,15.5,moderate,0.49,0.5,short,22.7,moderate,0.0,TID (three times daily),65
CHEMBL381075,Nc1cc(/C=C/c2cncc(OC[C@@H](N)Cc3c[nH]c4ccccc34)c2)ccn1,AKT1,escape_route,scout1,121.0,0.0,0.45,3.1,100.0,,database,30.3,87.9,100.0,21.2,70,76.7,61.6,953,76.1,0.2394,100.0,high,3.43,0.5,short,10.0,low,4.0,TID (three times daily),40
CHEMBL79280,COc1ccc(NS(=O)(=O)c2c(F)c(F)c(F)c(F)c2F)cc1F,MAP2K1,sensitive,scout1,101.0,0.0,0.51,2.35,100.0,,database,32.9,89.9,100.0,9.9,70,85.0,61.6,954,82.9,0.1714,54.7,high,3.79,0.8,short,10.0,low,2.0,TID (three times daily),40
,O=C1CCCN1c1ccc(S(=O)(=O)N2CCCc3cc(C4CC4)ccc32)cc1,MDM2,sensitive,scout2,46.4,396.5,0.789,3.5,70.0,0.464,r_group,44.0,95.4,70.0,13.2,100,72.2,61.6,955,88.0,0.1199,41.9,high,2.86,0.8,short,10.0,low,2.0,TID (three times daily),40
,O=C1CCCN1c1ccc(S(=O)(=O)NCCCc2ccncc2)cc1,MDM2,sensitive,scout2,48.66,359.5,0.768,3.1,70.0,0.425,bioisostere,43.3,95.1,70.0,13.0,100,76.7,61.6,956,55.6,0.4442,14.8,moderate,0.71,0.6,short,26.2,moderate,0.0,TID (three times daily),65
CHEMBL4849033,Cn1cc(Cc2cccs2)c(-c2cc(Cl)nc(N)n2)n1,EZH2,resistant,scout1,141.0,0.0,0.755,2.83,100.0,,database,28.1,85.9,100.0,28.1,70,79.7,61.6,957,68.6,0.3145,45.3,high,1.62,0.5,short,10.0,low,1.0,TID (three times daily),40
,COc1ccc2c(c1)N(C(C)C)CCN2S(=O)(=O)c1ccc(N2CCCC2=O)cc1,MDM2,sensitive,scout2,45.04,429.5,0.73,3.8,70.0,0.547,r_group,44.4,95.5,70.0,13.3,100,68.9,61.6,958,80.3,0.1973,28.0,high,1.25,0.5,short,10.0,low,1.0,TID (three times daily),40
,COOc1ccc2c(c1)N(C)CCN2S(=O)(=O)c1ccc(N2CCCC2=O)cc1,MDM2,sensitive,scout2,46.83,417.5,0.549,3.6,70.0,0.516,r_group,43.9,95.3,70.0,13.2,100,71.1,61.5,959,63.7,0.3628,17.4,moderate,0.46,0.5,short,13.2,low,1.0,TID (three times daily),50
,Cc1ccc2c(c1)CCCN2S(=O)(=O)c1ccncc1.O=C1CCCN1,MDM2,sensitive,scout2,48.71,373.5,0.877,3.2,70.0,0.436,bioisostere,43.3,95.1,70.0,13.0,100,75.6,61.5,960,62.2,0.3778,17.1,moderate,0.48,0.5,short,14.4,low,0.0,TID (three times daily),50
,Cc1ccc2c(c1)CCCN2S(=O)(=O)c1cc[nH]c1.O=C1CCCN1,MDM2,sensitive,scout2,49.19,361.5,0.861,3.1,70.0,0.405,bioisostere,43.2,95.1,70.0,13.0,100,76.7,61.5,961,59.3,0.4067,15.7,moderate,0.42,0.5,short,21.3,moderate,0.0,TID (three times daily),65
CHEMBL383928,CN1C(=O)C[C@H](c2ccccc2)[C@@H]1[C@H](O)c1ccc(-c2ccccc2F)s1,KRAS,escape_route,scout1,120.0,0.0,0.717,3.44,100.0,,database,30.4,88.0,100.0,21.3,70,72.9,61.5,962,94.5,0.0554,100.0,high,8.62,1.0,short,10.0,low,4.0,TID (three times daily),40
CHEMBL2426399,COc1ccc(NC(=S)NC(=O)c2cn(-c3ccccc3)nc2-c2ccccc2)cc1,CDK6,sensitive,scout1,50.0,0.0,0.452,2.02,99.0,,database,42.9,76.0,99.0,12.9,70,88.7,61.5,963,92.9,0.0708,100.0,high,9.73,1.1,short,10.0,low,4.0,TID (three times daily),40
,NC(=O)Oc1ccc2c(c1)CCCN2S(=O)(=O)c1ccc(N2CCCC2=O)cc1,MDM2,sensitive,scout2,47.69,415.5,0.825,3.6,70.0,0.46,r_group,43.6,95.2,70.0,13.1,100,71.1,61.4,964,52.8,0.4724,19.2,moderate,0.23,0.5,short,10.0,low,1.0,TID (three times daily),50
,COc1ccc2c(c1)CCCN2S(=O)(=O)c1cc[nH]c1.O=C1CCCN1,MDM2,sensitive,scout2,49.45,377.5,0.856,3.2,70.0,0.435,bioisostere,43.1,95.1,70.0,12.9,100,75.6,61.4,965,50.8,0.4922,12.8,moderate,0.26,0.5,short,36.0,moderate,0.0,TID (three times daily),65
CHEMBL247250,CNC(=O)Nc1ccc(CNc2ncsc2C(=O)Nc2ccc3c(c2)OC(F)(F)O3)cn1,BRAF,escape_route,scout1,69.0,0.0,0.442,2.88,98.8,,database,38.3,74.5,98.8,26.8,70,79.1,61.4,966,69.2,0.3084,73.5,high,0.84,0.5,short,10.0,low,3.0,TID (three times daily),40
,CNc1ccc2c(c1)CCCN2S(=O)(=O)c1ccc(N2CCCC2=O)cc1,MDM2,sensitive,scout2,49.5,385.5,0.878,3.4,70.0,0.482,r_group,43.1,95.0,70.0,12.9,100,73.3,61.3,967,75.4,0.2456,26.2,high,2.0,0.9,short,10.0,low,1.0,TID (three times daily),40
,CNCCNS(=O)(=O)c1ccc(N2CCCC2=O)cc1.COc1cc[nH]c1,MDM2,sensitive,scout2,49.76,394.5,0.615,3.4,70.0,0.445,bioisostere,43.0,95.0,70.0,12.9,100,73.3,61.3,968,33.3,0.6674,7.7,moderate,0.4,0.6,short,61.3,high,0.0,TID (three times daily),85
CHEMBL435744,OCc1ccc(-c2[nH]c(-c3ccccc3)nc2-c2ccncc2)cc1Cl,BRAF,escape_route,scout1,132.0,0.0,0.54,2.26,100.0,,database,29.0,86.8,100.0,20.3,70,86.0,61.3,969,94.0,0.0596,100.0,high,7.29,0.8,short,10.0,low,4.0,TID (three times daily),40
,CN1CCN(S(=O)(=O)c2ccc(N3CCCC3=O)cc2)c2ccc(OC3CC3)cc21,MDM2,sensitive,scout2,47.31,427.5,0.734,3.8,70.0,0.509,r_group,43.7,95.3,70.0,13.1,100,68.9,61.3,970,76.9,0.231,23.6,high,1.0,0.5,short,10.0,low,1.0,TID (three times daily),40
,CN1CCN(S(=O)(=O)c2ccc(N3CCCC3=O)cc2)c2ccc(OC(F)(F)F)cc21,MDM2,sensitive,scout2,47.19,455.5,0.707,3.9,70.0,0.532,r_group,43.8,95.3,70.0,13.1,100,67.8,61.3,971,82.4,0.1759,33.7,high,1.38,0.5,short,10.0,low,2.0,TID (three times daily),40
CHEMBL497995,Nc1nccc(-c2cc3c([nH]2)C(C2CCC2)CNC3=O)n1,CDK4,sensitive,scout1,96.0,0.0,0.781,3.51,100.0,,database,33.6,90.4,100.0,10.1,70,72.1,61.3,972,36.8,0.6316,9.6,moderate,0.32,0.5,short,51.8,high,0.0,TID (three times daily),85
CHEMBL451570,Nc1nccc(-c2cc3c([nH]2)[C@H](CCF)CNC3=O)n1,CDK4,sensitive,scout1,96.0,0.0,0.785,3.72,100.0,,database,33.6,90.4,100.0,10.1,70,69.8,61.2,973,28.8,0.7125,8.4,moderate,0.21,0.5,short,57.8,high,0.0,TID (three times daily),85
,NS(=O)(=O)Oc1ccc2c(c1)CCCN2S(=O)(=O)c1ccc(N2CCCC2=O)cc1,MDM2,sensitive,scout2,48.77,451.5,0.735,3.8,70.0,0.458,r_group,43.3,95.1,70.0,13.0,100,68.9,61.2,974,31.6,0.6843,10.2,moderate,0.14,0.5,short,49.0,moderate,0.0,TID (three times daily),65
CHEMBL271544,COC[C@H]1OC(=O)/C(=C/N2CCN(C3CCCCC3)CC2)C2=C(O)C(=O)C3=C([C@H](OC(C)=O)C[C@]4(C)[C@@H](O)CC[C@@H]34)[C@]21C,PIK3CA,escape_route,scout1,43.0,0.0,0.36,4.92,87.2,,database,45.1,76.6,87.2,31.6,70,56.4,61.2,975,70.5,0.2948,7.6,moderate,0.33,0.5,short,49.7,moderate,0.0,TID (three times daily),75
,O=C1CCCN1c1ccc(S(=O)(=O)N2CCCc3cc(Cl)ccc32)cc1,MDM2,sensitive,scout2,50.86,390.9,0.804,3.2,70.0,0.508,r_group,42.7,94.9,70.0,12.8,100,75.6,61.2,976,85.9,0.1415,42.6,high,2.32,0.6,short,10.0,low,2.0,TID (three times daily),40
,O=C1CCCN1c1ccc(S(=O)(=O)N2CCCc3cc(O)ccc32)cc1,MDM2,sensitive,scout2,50.79,372.4,0.898,3.2,70.0,0.483,r_group,42.7,94.9,70.0,12.8,100,75.6,61.2,977,66.9,0.3308,22.2,high,0.61,0.5,short,10.0,low,1.0,TID (three times daily),40
,COc1ccc2c(c1)CCCN2S(=O)(=O)c1ccncc1.O=C1CCCN1,MDM2,sensitive,scout2,50.04,389.5,0.869,3.4,70.0,0.435,bioisostere,42.9,95.0,70.0,12.9,100,73.3,61.2,978,53.8,0.462,13.9,moderate,0.29,0.5,short,30.4,moderate,0.0,TID (three times daily),65
,O=C(O)c1ccc2c(c1)CCCN2S(=O)(=O)c1ccc(N2CCCC2=O)cc1,MDM2,sensitive,scout2,49.99,400.5,0.851,3.5,70.0,0.495,r_group,42.9,95.0,70.0,12.9,100,72.2,61.2,979,62.2,0.3779,22.7,high,0.41,0.5,short,10.0,low,1.0,TID (three times daily),40
,CN1CCN(S(=O)(=O)c2cc[nH]c2)c2ccccc21.O=C1CCCN1,MDM2,sensitive,scout2,52.48,362.5,0.849,3.1,70.0,0.435,bioisostere,42.2,94.8,70.0,12.7,100,76.7,61.1,980,42.2,0.5776,9.6,moderate,0.19,0.5,short,51.8,high,0.0,TID (three times daily),85
,CNCCNS(=O)(=O)c1ccc(N2CCCC2=O)cc1.COc1ccsc1,MDM2,sensitive,scout2,50.77,411.5,0.681,3.4,70.0,0.414,bioisostere,42.7,94.9,70.0,12.8,100,73.3,61.1,981,54.0,0.4598,12.9,moderate,1.12,1.0,short,35.7,moderate,0.0,TID (three times daily),65
CHEMBL153177,CCCCCC[Se]CC(=O)C(F)(F)F,FOLH1,other,scout1,100.0,0.0,0.515,3.23,100.0,,database,33.0,90.0,100.0,9.9,70,75.2,61.1,982,86.8,0.1318,5.8,moderate,4.22,8.5,moderate,71.2,high,0.0,BID (twice daily),100
,CCN1CCN(S(=O)(=O)c2ccc(N3CCCC3=O)cc2)c2ccc(OC)cc21,MDM2,sensitive,scout2,49.91,415.5,0.751,3.6,70.0,0.508,r_group,43.0,95.0,70.0,12.9,100,71.1,61.1,983,74.4,0.2565,22.5,high,0.87,0.5,short,10.0,low,1.0,TID (three times daily),40
,CCc1ccc2c(c1)CCCN2S(=O)(=O)c1ccc(N2CCCC2=O)cc1,MDM2,sensitive,scout2,52.1,384.5,0.81,3.4,70.0,0.471,r_group,42.3,94.8,70.0,12.7,100,73.3,61.0,984,84.8,0.1522,35.5,high,2.14,0.7,short,10.0,low,1.0,TID (three times daily),40
CHEMBL432406,O=C(Cn1c2c(c(=O)[nH]c1=O)CSCC2)NCC(=O)N1CCN(c2ncccn2)CC1,PARP1,resistant,scout1,150.0,0.0,0.573,2.85,100.0,,database,27.2,85.0,100.0,27.2,70,79.4,61.0,985,20.0,0.8,1.0,low,0.1,1.2,short,80.8,high,0.0,TID (three times daily),85
,NS(=O)(=O)c1ccc2c(c1)CCCN2S(=O)(=O)c1ccc(N2CCCC2=O)cc1,MDM2,sensitive,scout2,50.88,435.5,0.783,3.6,70.0,0.464,r_group,42.7,94.9,70.0,12.8,100,71.1,61.0,986,35.1,0.649,10.7,moderate,0.18,0.5,short,46.7,moderate,0.0,TID (three times daily),65
,CCOc1ccc2c(c1)CCCN2S(=O)(=O)c1ccc(N2CCCC2=O)cc1,MDM2,sensitive,scout2,51.76,400.5,0.772,3.5,70.0,0.466,r_group,42.4,94.8,70.0,12.7,100,72.2,61.0,987,81.5,0.1854,31.7,high,1.49,0.5,short,10.0,low,1.0,TID (three times daily),40
,Cc1ccc2c(c1)CCCN2S(=O)(=O)c1ccsc1.O=C1CCCN1,MDM2,sensitive,scout2,52.86,378.5,0.873,3.1,70.0,0.404,bioisostere,42.1,94.7,70.0,12.6,100,76.7,61.0,988,77.5,0.2252,26.1,high,1.18,0.5,short,10.0,low,1.0,TID (three times daily),40
,COc1ccc2c(c1)CCCN2S(=O)(=O)c1ccoc1.O=C1CCCN1,MDM2,sensitive,scout2,52.87,378.5,0.885,3.2,70.0,0.406,bioisostere,42.1,94.7,70.0,12.6,100,75.6,61.0,989,57.1,0.4292,15.4,moderate,0.35,0.5,short,23.1,moderate,0.0,TID (three times daily),65
,CNCCN(c1ccsc1)S(=O)(=O)c1ccc(N2CCCC2=O)cc1,MDM2,sensitive,scout2,53.08,379.5,0.801,3.1,70.0,0.42,bioisostere,42.1,94.7,70.0,12.6,100,76.7,61.0,990,63.3,0.367,16.0,moderate,1.04,0.8,short,19.9,low,0.0,TID (three times daily),50
,Cc1ccc2c(c1)CCCN2S(=O)(=O)c1ccoc1.O=C1CCCN1,MDM2,sensitive,scout2,53.14,362.5,0.891,3.1,70.0,0.41,bioisostere,42.1,94.7,70.0,12.6,100,76.7,61.0,991,65.3,0.3472,18.9,moderate,0.57,0.5,short,10.0,low,1.0,TID (three times daily),50
CHEMBL202838,COc1cc(NC(=O)CCCc2cccs2)c(Cl)cc1NC(=O)Nc1cnc(C#N)cn1,CHEK1,resistant,scout1,91.0,0.0,0.438,2.6,98.8,,database,34.4,72.7,98.8,34.4,70,82.2,61.0,992,85.2,0.1483,100.0,high,1.2,0.5,short,10.0,low,5.0,TID (three times daily),40
,O=C1CCCN1c1ccc(S(=O)(=O)N2CCCc3cc(OC(F)(F)F)ccc32)cc1,MDM2,sensitive,scout2,50.76,440.4,0.724,3.8,70.0,0.483,r_group,42.7,94.9,70.0,12.8,100,68.9,60.9,993,87.7,0.1235,47.4,high,2.36,0.6,short,10.0,low,2.0,TID (three times daily),40
CHEMBL3702222,CC[C@@H](C)n1c2cnccc2c2cnc(Nc3ccc(N4CC[C@@H](O)C4)cn3)nc21,CDK6,sensitive,scout1,50.0,0.0,0.525,3.57,100.0,,database,42.9,76.0,100.0,12.9,70,71.4,60.9,994,79.5,0.205,80.7,high,2.21,0.5,short,10.0,low,3.0,TID (three times daily),40
CHEMBL203275,N[C@H](COc1cncc(/C=C/c2ccnc(NC3CC3)c2)c1)Cc1c[nH]c2ccccc12,AKT1,escape_route,scout1,69.0,0.0,0.363,3.15,97.3,,database,38.3,74.5,97.3,26.8,70,76.1,60.9,995,90.4,0.0963,100.0,high,11.8,1.4,short,10.0,low,4.0,TID (three times daily),40
,COc1ccc2c(c1)N(C(F)(F)F)CCN2S(=O)(=O)c1ccc(N2CCCC2=O)cc1,MDM2,sensitive,scout2,50.64,455.5,0.662,3.9,70.0,0.513,r_group,42.8,94.9,70.0,12.8,100,67.8,60.9,996,82.4,0.1759,33.7,high,1.38,0.5,short,10.0,low,2.0,TID (three times daily),40
,CCCNS(=O)(=O)c1ccc(N2CCCC2=O)cc1.Cc1ccoc1,MDM2,sensitive,scout2,54.32,364.5,0.884,3.1,70.0,0.44,bioisostere,41.7,94.6,70.0,12.5,100,76.7,60.9,997,73.2,0.2677,26.0,high,1.74,0.8,short,10.0,low,1.0,TID (three times daily),40
,CN1CCN(S(=O)(=O)c2ccncc2)c2ccccc21.O=C1CCCN1,MDM2,sensitive,scout2,53.97,374.5,0.864,3.2,70.0,0.445,bioisostere,41.8,94.6,70.0,12.6,100,75.6,60.9,998,45.2,0.5478,10.5,moderate,0.21,0.5,short,47.6,moderate,0.0,TID (three times daily),65
,O=C1CCCN1c1ccc(S(=O)(=O)N2CCCc3cc(C(F)(F)F)ccc32)cc1,MDM2,sensitive,scout2,51.6,424.4,0.749,3.6,70.0,0.526,r_group,42.5,94.8,70.0,12.7,100,71.1,60.9,999,89.7,0.1032,51.5,high,3.26,0.7,short,10.0,low,2.0,TID (three times daily),40
CHEMBL428496,COC[C@H]1OC(=O)c2coc3c2[C@@]1(C)C1=C(C3=O)[C@@H]2CCC(=O)[C@@]2(C)C[C@H]1OC(C)=O,PIK3CA,escape_route,scout1,120.0,0.0,0.676,4.66,100.0,,database,30.4,88.0,100.0,21.3,70,59.3,60.8,1000,56.2,0.438,9.1,moderate,0.27,0.5,short,54.5,high,0.0,TID (three times daily),85
CHEMBL428496,COC[C@H]1OC(=O)c2coc3c2[C@@]1(C)C1=C(C3=O)[C@@H]2CCC(=O)[C@@]2(C)C[C@H]1OC(C)=O,PIK3CA,escape_route,scout1,120.0,0.0,0.676,4.66,100.0,,database,30.4,88.0,100.0,21.3,70,59.3,60.8,1001,56.2,0.438,9.1,moderate,0.27,0.5,short,54.5,high,0.0,TID (three times daily),85
CHEMBL428496,COC[C@H]1OC(=O)c2coc3c2[C@@]1(C)C1=C(C3=O)[C@@H]2CCC(=O)[C@@]2(C)C[C@H]1OC(C)=O,PIK3CA,escape_route,scout1,120.0,0.0,0.676,4.66,100.0,,database,30.4,88.0,100.0,21.3,70,59.3,60.8,1002,56.2,0.438,9.1,moderate,0.27,0.5,short,54.5,high,0.0,TID (three times daily),85
,CCCNS(=O)(=O)c1ccc(N2CCCC2=O)cc1.COc1cc[nH]c1,MDM2,sensitive,scout2,54.88,379.5,0.807,3.2,70.0,0.433,bioisostere,41.6,94.5,70.0,12.5,100,75.6,60.8,1003,60.0,0.3998,17.6,moderate,0.79,0.5,short,11.8,low,1.0,TID (three times daily),50
,CN1CCN(S(=O)(=O)c2ccoc2)c2ccccc21.O=C1CCCN1,MDM2,sensitive,scout2,55.3,363.4,0.88,3.1,70.0,0.409,bioisostere,41.5,94.5,70.0,12.4,100,76.7,60.8,1004,48.5,0.5148,11.6,moderate,0.25,0.5,short,42.1,moderate,0.0,TID (three times daily),65
CHEMBL255592,Cn1c(=O)n(-c2ccc(C(C)(C)C#N)cc2)c2c3cc(C#Cc4cccnc4)ccc3ncc21,PIK3CA,escape_route,scout1,72.0,0.0,0.377,2.89,97.5,,database,37.7,74.2,97.5,26.4,70,79.0,60.8,1005,91.0,0.0896,100.0,high,3.34,0.5,short,10.0,low,4.0,TID (three times daily),40
,O=C1CCCN1c1ccc(S(=O)(=O)N2CCCc3cc(OC4CC4)ccc32)cc1,MDM2,sensitive,scout2,52.79,412.5,0.754,3.6,70.0,0.472,r_group,42.2,94.7,70.0,12.6,100,71.1,60.8,1006,83.5,0.1655,33.2,high,1.7,0.6,short,10.0,low,1.0,TID (three times daily),40
,CCCNS(=O)(=O)c1ccc(N2CCCC2=O)cc1.Cc1cc[nH]c1,MDM2,sensitive,scout2,54.98,363.5,0.857,3.1,70.0,0.43,bioisostere,41.6,94.5,70.0,12.5,100,76.7,60.8,1007,68.0,0.3202,21.7,high,1.28,0.7,short,10.0,low,1.0,TID (three times daily),40
CHEMBL267231,C=CCC1Oc2cccc(OC(F)F)c2-c2ccc3c(c21)C(C)=CC(C)(C)N3,AR,sensitive,scout1,96.3,0.0,0.606,3.57,97.1,,database,33.5,90.4,97.1,10.1,70,71.4,60.7,1008,99.0,0.0103,100.0,high,30.0,3.5,moderate,9.0,low,4.0,TID (three times daily),55
,CCCNS(=O)(=O)c1ccc(N2CCCC2=O)cc1.COc1ccncc1,MDM2,sensitive,scout2,55.4,391.5,0.818,3.4,70.0,0.428,bioisostere,41.5,94.5,70.0,12.4,100,73.3,60.6,1009,62.9,0.3711,19.2,moderate,0.89,0.5,short,10.0,low,1.0,TID (three times daily),50
CHEMBL270039,COC[C@H]1OC(=O)/C(=C/N2CCCCC2)C2=C(O)C(=O)C3=C([C@H](OC(C)=O)C[C@]4(C)[C@@H](O)CC[C@@H]34)[C@]21C,PIK3CA,escape_route,scout1,104.0,0.0,0.43,4.87,93.6,,database,32.4,89.6,93.6,22.7,70,57.0,60.6,1010,59.5,0.4054,6.0,moderate,0.23,0.5,short,56.0,high,0.0,TID (three times daily),85
CHEMBL427170,CN1CCN(c2ccc(C(=O)Nc3n[nH]c4c3CN(C(=O)c3ccco3)C4)cc2)CC1,AURKA,resistant,scout1,160.0,0.0,0.671,2.53,100.0,,database,26.3,84.0,100.0,26.3,70,83.0,60.5,1011,52.6,0.4736,22.1,high,0.24,0.5,short,10.0,low,1.0,TID (three times daily),40
CHEMBL1922219,CC[C@H](Nc1nc(NCc2cccnc2)c2ncn(C(C)C)c2n1)[C@@H](C)O,CDK4,sensitive,scout1,107.0,0.0,0.561,3.43,100.0,,database,32.0,89.3,100.0,9.6,70,73.0,60.5,1012,64.9,0.3508,29.3,high,1.93,0.8,short,10.0,low,1.0,TID (three times daily),40
CHEMBL203007,COc1cc2c(Nc3cnc(NC(=O)c4ccc(C)c(Br)c4)nc3)ncnc2cc1OCCCN1CCOCC1,AURKA,resistant,scout1,70.0,0.0,0.247,2.72,84.9,,database,38.1,74.4,84.9,38.1,70,80.9,60.3,1013,88.5,0.1151,100.0,high,2.53,0.5,short,8.0,low,8.0,TID (three times daily),40
CHEMBL204087,CC(C)C(=O)N1Cc2n[nH]c(NC(=O)c3ccc4c(c3)OCO4)c2C1,AURKA,resistant,scout1,160.0,0.0,0.888,2.8,100.0,,database,26.3,84.0,100.0,26.3,70,80.0,60.3,1014,43.7,0.5628,12.1,moderate,0.2,0.5,short,39.3,moderate,0.0,TID (three times daily),65
,CNCCN(c1cc[nH]c1)S(=O)(=O)c1ccc(N2CCCC2=O)cc1,MDM2,sensitive,scout2,59.85,362.5,0.783,3.1,70.0,0.43,bioisostere,40.4,94.0,70.0,12.1,100,76.7,60.3,1015,42.2,0.5776,9.6,moderate,0.37,0.5,short,51.8,high,0.0,TID (three times daily),85
CHEMBL270638,Cc1nc2cnc3ccc(C#Cc4cccnc4)cc3c2n1-c1ccc(C(C)C#N)cc1,PIK3CA,escape_route,scout1,56.0,0.0,0.368,3.32,87.4,,database,41.3,75.5,87.4,28.9,70,74.2,60.3,1016,95.5,0.0448,100.0,high,8.87,1.0,short,9.0,low,5.0,TID (three times daily),40
CHEMBL270638,Cc1nc2cnc3ccc(C#Cc4cccnc4)cc3c2n1-c1ccc(C(C)C#N)cc1,PIK3CA,escape_route,scout1,56.0,0.0,0.368,3.32,87.4,,database,41.3,75.5,87.4,28.9,70,74.2,60.3,1017,95.5,0.0448,100.0,high,8.87,1.0,short,9.0,low,5.0,TID (three times daily),40
CHEMBL2426387,COc1ccc(NC(=S)NC(=O)c2cn(-c3ccccc3)nc2-c2ccc(Cl)cc2)cc1,CDK6,sensitive,scout1,42.0,0.0,0.392,2.08,87.8,,database,45.4,76.6,87.8,13.6,70,88.0,60.3,1018,96.0,0.0405,100.0,high,17.76,2.1,short,9.0,low,5.0,TID (three times daily),40
CHEMBL381703,N[C@H](CNc1cnc(Cl)c(/C=C/c2ccncc2)c1)CC1CNc2ccccc21,AKT1,escape_route,scout1,79.0,0.0,0.499,3.67,100.0,,database,36.4,73.7,100.0,25.5,70,70.3,60.2,1019,91.6,0.0843,100.0,high,30.0,3.5,moderate,10.0,low,4.0,TID (three times daily),55
CHEMBL202026,CCN(C(=O)Cc1cnc(Nc2ncnc3cc(OCCCN4CCOCC4)c(OC)cc23)s1)c1ccccc1,AURKA,resistant,scout1,55.0,0.0,0.25,2.79,75.0,,database,41.6,75.6,75.0,41.6,70,80.1,60.1,1020,90.2,0.0976,100.0,high,3.93,0.5,short,6.5,low,9.0,TID (three times daily),40
CHEMBL373628,C[C@@H](NC(=O)c1cc(-c2[nH]ncc2-c2cccc(Cl)c2)c[nH]1)c1ccccc1,MAPK1,sensitive,scout1,100.0,0.0,0.437,2.82,93.7,,database,33.0,90.0,93.7,9.9,70,79.8,60.1,1021,94.5,0.0546,100.0,high,7.09,0.8,short,9.0,low,4.0,TID (three times daily),40
CHEMBL206183,N[C@H](COc1cncc(/C=C/c2ccncc2)c1)Cc1csc2ccccc12,AKT1,escape_route,scout1,142.0,0.0,0.494,3.05,100.0,,database,28.0,85.8,100.0,19.6,70,77.2,60.1,1022,93.7,0.0625,100.0,high,13.0,1.5,short,10.0,low,4.0,TID (three times daily),40
CHEMBL213667,CN1C(=O)C[C@H](c2ccccc2)[C@@H]1[C@H](O)c1ccc(-c2ccc(F)cc2)s1,KRAS,escape_route,scout1,140.0,0.0,0.717,3.39,100.0,,database,28.2,86.0,100.0,19.7,70,73.4,60.1,1023,94.5,0.0554,100.0,high,8.62,1.0,short,10.0,low,4.0,TID (three times daily),40
CHEMBL381328,N[C@H](COc1cncc(/C=C/c2ccncc2)c1)Cc1ccc2ccccc2c1,AKT1,escape_route,scout1,146.0,0.0,0.502,2.86,100.0,,database,27.6,85.4,100.0,19.3,70,79.3,60.0,1024,93.4,0.0662,100.0,high,12.28,1.4,short,10.0,low,4.0,TID (three times daily),40
CHEMBL542770,COC(=O)c1c(C)[nH]c2c1C1CCN(C(=O)/C=C/c3ccc(OC)cc3)C1=CC2C(=O)ON1CCN(C)CC1.Cl,MAP2K1,sensitive,scout1,37.0,0.0,0.417,4.25,88.3,,database,47.2,77.0,88.3,14.2,70,63.9,59.9,1025,76.5,0.2349,27.9,high,0.57,0.5,short,8.0,low,2.0,TID (three times daily),40
CHEMBL271184,COC[C@H]1OC(=O)/C(=C/N2CCN(c3ccccc3)CC2)C2=C(O)C(=O)C3=C([C@H](OC(C)=O)C[C@]4(C)[C@@H](O)CC[C@@H]34)[C@]21C,PIK3CA,escape_route,scout1,56.0,0.0,0.389,4.78,87.8,,database,41.3,75.5,87.8,28.9,70,58.0,59.6,1026,68.1,0.3192,13.7,moderate,0.3,0.5,short,25.3,moderate,0.0,TID (three times daily),65
CHEMBL3698663,C[C@H](C1CCCCC1)n1c2cnccc2c2cnc(Nc3ccc(N4CCNCC4)cn3)nc21,CDK6,sensitive,scout1,61.0,0.0,0.451,3.39,99.0,,database,40.1,75.1,99.0,12.0,70,73.4,59.6,1027,91.6,0.0838,100.0,high,13.48,1.6,short,10.0,low,5.0,TID (three times daily),40
CHEMBL171846,CCC(C(=O)NC(CC(=O)O)C(=O)CN1CCN(C)CC1)n1cccc(NC(=O)c2ccc3ccccc3c2)c1=O,CD274,immune,scout1,62.5,0.0,0.323,3.4,76.5,,database,39.7,93.8,76.5,11.9,70,73.3,59.6,1028,39.9,0.6005,17.8,moderate,0.1,0.5,short,5.0,low,2.0,TID (three times daily),50
CHEMBL247793,CCNC(=O)Nc1cc(CNc2ccccc2C(=O)Nc2ccc3c(c2)OC(F)(F)O3)ccn1,BRAF,escape_route,scout1,90.0,0.0,0.408,2.55,98.2,,database,34.5,72.8,98.2,24.2,70,82.8,59.5,1029,85.3,0.1466,100.0,high,2.68,0.5,short,10.0,low,5.0,TID (three times daily),40
CHEMBL452602,C[C@@H]1CNC[C@H](C(=O)Nc2ncc(SCc3ncc(C(C)(C)C)o3)s2)C1,CDK4,sensitive,scout1,120.0,0.0,0.749,3.75,100.0,,database,30.4,88.0,100.0,9.1,70,69.4,59.5,1030,84.7,0.1529,30.4,high,3.64,1.4,short,10.0,low,1.0,TID (three times daily),40
,CNCCN(c1ccoc1)S(=O)(=O)c1ccc(N2CCCC2=O)cc1,MDM2,sensitive,scout2,67.17,363.4,0.811,3.1,70.0,0.509,bioisostere,38.7,93.3,70.0,11.6,100,76.7,59.5,1031,48.5,0.5148,11.6,moderate,0.5,0.5,short,42.1,moderate,0.0,TID (three times daily),65
CHEMBL80694,CC(=O)N[C@@H](Cc1ccc(O)cc1)C(=O)N[C@H](C(=O)N(C)[C@@H](C)C(=O)N[C@H](C=O)CC(=O)O)C(C)C,CD274,immune,scout1,59.0,0.0,0.224,3.73,74.5,,database,40.6,94.1,74.5,12.2,70,69.7,59.4,1032,20.0,0.8,1.3,low,0.1,0.9,short,18.7,low,0.0,TID (three times daily),60
CHEMBL377304,CN(C)CCOCCN(C)CCOc1cc(N2CCCC2)c(NC(=O)Nc2cnc(C#N)cn2)cc1Cl,CHEK1,resistant,scout1,64.0,0.0,0.376,2.93,77.5,,database,39.4,74.9,77.5,39.4,70,78.6,59.4,1033,68.7,0.3129,21.1,high,0.37,0.5,short,6.5,low,2.0,TID (three times daily),40
CHEMBL384399,CN1C(=O)C[C@H](c2ccccc2)[C@@H]1[C@H](O)c1ccc(-c2ccccn2)s1,KRAS,escape_route,scout1,150.0,0.0,0.765,3.5,100.0,,database,27.2,85.0,100.0,19.0,70,72.2,59.4,1034,88.2,0.1178,82.6,high,3.23,0.5,short,10.0,low,3.0,TID (three times daily),40
CHEMBL374677,O=C(NC(CO)c1ccc(F)cc1)c1cc(-c2[nH]ncc2-c2cccc(Cl)c2)c[nH]1,MAPK1,sensitive,scout1,63.0,0.0,0.371,3.01,97.4,,database,39.6,75.0,97.4,11.9,70,77.7,59.3,1035,87.0,0.1296,100.0,high,1.96,0.5,short,10.0,low,4.0,TID (three times daily),40
CHEMBL388480,c1ccc(-c2nc(N3CCOCC3)c3oc4ncccc4c3n2)cc1,PIK3CA,escape_route,scout1,160.0,0.0,0.561,2.42,100.0,,database,26.3,84.0,100.0,18.4,70,84.2,59.3,1036,78.9,0.2108,82.0,high,1.47,0.5,short,10.0,low,3.0,TID (three times daily),40
CHEMBL4522598,CN(C)C/C=C/C(=O)Nc1cccc(S(=O)(=O)N2CCC(NC(=O)c3n[nH]cc3NC(=O)c3c(Cl)cccc3Cl)CC2)c1.O=C(O)C(F)(F)F,ATR,resistant,scout1,50.0,0.0,0.188,3.31,68.8,,database,42.9,76.0,68.8,42.9,70,74.3,59.3,1037,73.3,0.267,96.0,high,0.18,0.5,short,5.0,low,15.0,TID (three times daily),40
,CNCCN(c1ccncc1)S(=O)(=O)c1ccc(N2CCCC2=O)cc1,MDM2,sensitive,scout2,69.75,374.5,0.796,3.2,70.0,0.471,bioisostere,38.2,93.0,70.0,11.4,100,75.6,59.2,1038,45.2,0.5478,10.5,moderate,0.42,0.5,short,47.6,moderate,0.0,TID (three times daily),65
CHEMBL428690,CN1CC[C@H](c2c(O)cc(O)c3c(=O)cc(-c4ccccc4Cl)oc23)[C@H](O)C1,ATR,resistant,scout1,110.0,0.0,0.61,3.41,100.0,,database,31.6,71.2,100.0,31.6,70,73.2,59.2,1039,73.8,0.2621,51.6,high,0.76,0.5,short,10.0,low,2.0,TID (three times daily),40
CHEMBL428690,CN1CC[C@H](c2c(O)cc(O)c3c(=O)cc(-c4ccccc4Cl)oc23)[C@H](O)C1,ATR,resistant,scout1,110.0,0.0,0.61,3.41,100.0,,database,31.6,71.2,100.0,31.6,70,73.2,59.2,1040,73.8,0.2621,51.6,high,0.76,0.5,short,10.0,low,2.0,TID (three times daily),40
CHEMBL428690,CN1CC[C@H](c2c(O)cc(O)c3c(=O)cc(-c4ccccc4Cl)oc23)[C@H](O)C1,ATR,resistant,scout1,110.0,0.0,0.61,3.41,100.0,,database,31.6,71.2,100.0,31.6,70,73.2,59.2,1041,73.8,0.2621,51.6,high,0.76,0.5,short,10.0,low,2.0,TID (three times daily),40
CHEMBL512092,CC1(C)Cc2nc(N3CCOc4ccc(-c5cn[nH]c5)cc43)sc2C(=O)N1,PIK3CB,escape_route,scout1,156.0,0.0,0.713,3.11,100.0,,database,26.6,84.4,100.0,18.6,70,76.6,59.2,1042,73.5,0.2653,43.2,high,0.83,0.5,short,10.0,low,2.0,TID (three times daily),40
CHEMBL222465,O=C(NC(CO)c1ccc(C(F)(F)F)cc1)c1cc(-c2[nH]ncc2-c2cccc(Cl)c2)c[nH]1,MAPK1,sensitive,scout1,44.0,0.0,0.309,3.13,86.2,,database,44.8,76.5,86.2,13.4,70,76.3,59.1,1043,93.8,0.0625,100.0,high,4.42,0.5,short,9.0,low,5.0,TID (three times daily),40
CHEMBL285957,CN(C)CCN1C(=O)c2cccc3c2c(cc2occc23)C1=O,MAP2K1,sensitive,scout1,140.0,0.0,0.698,2.39,100.0,,database,28.2,86.0,100.0,8.5,70,84.6,58.9,1044,73.2,0.2679,39.4,high,1.15,0.5,short,10.0,low,1.0,TID (three times daily),40
CHEMBL315638,O=C(O)c1cccc(Cn2nc(-c3cccs3)c(Cc3cc4c(cc3Cl)OCO4)c2C(=O)O)c1,CHEK2,resistant,scout1,89.0,0.0,0.369,2.74,87.4,,database,34.7,72.9,87.4,34.7,70,80.7,58.8,1045,91.3,0.0867,100.0,high,2.53,0.5,short,9.0,low,6.0,TID (three times daily),40
CHEMBL334603,NC(=O)c1cccc2[nH]c(-c3ccccc3C(F)(F)F)nc12,PARP1,resistant,scout1,190.0,0.0,0.762,2.2,100.0,,database,23.8,81.0,100.0,23.8,70,86.7,58.8,1046,77.1,0.2293,79.6,high,1.32,0.5,short,10.0,low,2.0,TID (three times daily),40
CHEMBL151601,CC1(C)C(=O)N(c2ccc(C#N)c(C(F)(F)F)c2)C(=O)N1CC#CCOCc1ccc(O)c(C(N)=O)c1,AR,sensitive,scout1,49.0,0.0,0.345,3.17,86.9,,database,43.2,76.1,86.9,13.0,70,75.9,58.6,1047,62.1,0.379,33.2,high,0.25,0.5,short,8.0,low,2.0,TID (three times daily),40
CHEMBL27684,O=C1c2cccc3c2c(cc2ccoc23)C(=O)N1CCNCCCNCCN1C(=O)c2cccc3c2c(cc2ccoc23)C1=O,MAP2K1,sensitive,scout1,44.0,0.0,0.167,3.19,83.3,,database,44.8,76.5,83.3,13.4,70,75.7,58.5,1048,90.7,0.0926,100.0,high,6.73,0.8,short,8.0,low,8.0,TID (three times daily),40
CHEMBL405230,COC[C@H]1OC(=O)/C(=C/N2CCC(N3CCCCC3)CC2)C2=C(O)C(=O)C3=C([C@H](OC(C)=O)C[C@]4(C)[C@@H](O)CC[C@@H]34)[C@]21C,PIK3CA,escape_route,scout1,63.0,0.0,0.36,4.94,87.2,,database,39.6,75.0,87.2,27.7,70,56.2,58.5,1049,70.5,0.2948,7.6,moderate,0.33,0.5,short,49.7,moderate,0.0,TID (three times daily),75
CHEMBL4854762,Cc1c(Cc2ccccc2)c(-c2cc(Cl)nc(N)n2)nn1C,EZH2,resistant,scout1,195.0,0.0,0.755,2.47,100.0,,database,23.4,80.5,100.0,23.4,70,83.7,58.4,1050,73.0,0.2704,50.5,high,2.04,0.5,short,10.0,low,2.0,TID (three times daily),40
CHEMBL27372,CCC1CCN(C=O)c2cc3nc(O)cc(C(F)(F)F)c3cc21,AR,sensitive,scout1,137.0,0.0,0.855,3.68,100.0,,database,28.5,86.3,100.0,8.5,70,70.2,58.4,1051,87.0,0.1298,44.2,high,3.11,0.8,short,10.0,low,1.0,TID (three times daily),40
CHEMBL806,CC(C)C(=O)Nc1ccc([N+](=O)[O-])c(C(F)(F)F)c1,AR,sensitive,scout1,154.0,0.0,0.68,2.07,100.0,,database,26.8,84.6,100.0,8.0,70,88.1,58.3,1052,73.8,0.2621,21.0,high,1.15,0.6,short,10.0,low,1.0,TID (three times daily),40
CHEMBL192575,CC(C)(C)c1ccc(C(=O)Nc2n[nH]c3c2CN(C(=O)Cc2ccccc2)C3)cc1,AURKA,resistant,scout1,130.0,0.0,0.691,2.34,100.0,,database,29.2,69.6,100.0,29.2,70,85.1,58.3,1053,86.6,0.1336,85.1,high,2.17,0.5,short,10.0,low,3.0,TID (three times daily),40
CHEMBL191402,CCc1cccc(CC)c1NC(=O)N1Cc2[nH]nc(NC(=O)c3ccc(C(C)(C)C)cc3)c2C1,AURKA,resistant,scout1,100.0,0.0,0.462,2.6,89.2,,database,33.0,72.0,89.2,33.0,70,82.2,58.3,1054,95.6,0.0442,100.0,high,7.11,0.8,short,9.0,low,5.0,TID (three times daily),40
CHEMBL4243377,CCCN(c1ccccc1)S(=O)(=O)c1ccc(N2CCCC2=O)cc1,MDM2,sensitive,scout1,158.0,0.0,0.795,2.06,100.0,,database,26.4,84.2,100.0,7.9,70,88.2,58.1,1055,83.0,0.1699,37.4,high,1.95,0.6,short,10.0,low,1.0,TID (three times daily),40
CHEMBL322268,O=C(CCn1c2c(c(=O)[nH]c1=O)CCCC2)NCC(=O)N1CCN(c2ccccc2)CC1,PARP1,resistant,scout1,200.0,0.0,0.672,2.42,100.0,,database,23.1,80.0,100.0,23.1,70,84.2,58.1,1056,20.0,0.8,3.2,low,0.1,0.5,short,84.2,high,0.0,TID (three times daily),85
CHEMBL202787,CNc1cc(/C=C/c2cncc(OC[C@@H](N)Cc3c[nH]c4ccccc34)c2)ccn1,AKT1,escape_route,scout1,176.0,0.0,0.415,3.12,100.0,,database,24.9,82.4,100.0,17.4,70,76.4,58.0,1057,85.3,0.1466,100.0,high,7.23,0.8,short,10.0,low,4.0,TID (three times daily),40
CHEMBL260876,NC(N)=S,ATM,resistant,scout1,200.0,0.0,0.371,2.58,100.0,,database,23.1,80.0,100.0,23.1,70,82.4,58.0,1058,20.0,0.8,1.8,low,0.18,1.2,short,77.3,high,0.0,TID (three times daily),85
CHEMBL428690,CN1CC[C@H](c2c(O)cc(O)c3c(=O)cc(-c4ccccc4Cl)oc23)[C@H](O)C1,CDK6,sensitive,scout1,80.0,0.0,0.61,3.41,100.0,,database,36.2,73.6,100.0,10.9,70,73.2,58.0,1059,73.8,0.2621,51.6,high,0.76,0.5,short,10.0,low,2.0,TID (three times daily),40
CHEMBL428690,CN1CC[C@H](c2c(O)cc(O)c3c(=O)cc(-c4ccccc4Cl)oc23)[C@H](O)C1,CDK6,sensitive,scout1,80.0,0.0,0.61,3.41,100.0,,database,36.2,73.6,100.0,10.9,70,73.2,58.0,1060,73.8,0.2621,51.6,high,0.76,0.5,short,10.0,low,2.0,TID (three times daily),40
CHEMBL428690,CN1CC[C@H](c2c(O)cc(O)c3c(=O)cc(-c4ccccc4Cl)oc23)[C@H](O)C1,CDK6,sensitive,scout1,80.0,0.0,0.61,3.41,100.0,,database,36.2,73.6,100.0,10.9,70,73.2,58.0,1061,73.8,0.2621,51.6,high,0.76,0.5,short,10.0,low,2.0,TID (three times daily),40
CHEMBL3215760,Cl.Cl.c1cc(OCCN2CCSCC2)cc(-c2nc(N3CCOCC3)c3oc4ncccc4c3n2)c1,PIK3CA,escape_route,scout1,79.0,0.0,0.344,2.98,86.9,,database,36.4,73.7,86.9,25.5,70,78.0,57.9,1062,93.0,0.07,100.0,high,3.55,0.5,short,8.0,low,7.0,TID (three times daily),40
CHEMBL378528,O=C1NC(=O)/C(=C/c2ccc(-c3ccccn3)o2)S1,PIK3CA,escape_route,scout1,185.0,0.0,0.851,2.46,100.0,,database,24.2,81.5,100.0,16.9,70,83.8,57.9,1063,64.4,0.3557,39.8,high,0.7,0.5,short,10.0,low,1.0,TID (three times daily),40
CHEMBL221109,O=C(NCc1ccncc1)c1cc(-c2[nH]ncc2-c2cccc(Cl)c2)c[nH]1,MAPK1,sensitive,scout1,160.0,0.0,0.49,2.49,100.0,,database,26.3,84.0,100.0,7.9,70,83.4,57.7,1064,84.5,0.1546,100.0,high,1.8,0.5,short,10.0,low,4.0,TID (three times daily),40
CHEMBL3355072,C[C@@H]1Cn2ncc(-c3ccc(S(C)(=O)=O)cc3)c2CN1c1ccnc2[nH]ccc12,ATM,resistant,scout1,130.0,0.0,0.564,3.48,100.0,,database,29.2,69.6,100.0,29.2,70,72.4,57.7,1065,75.9,0.2409,76.1,high,0.9,0.5,short,10.0,low,3.0,TID (three times daily),40
CHEMBL172921,CCCC(=O)NCC(=O)C(CC(=O)O)NC(=O)C(CC)n1cccc(NC(=O)c2ccc3ccccc3c2)c1=O,CD274,immune,scout1,81.0,0.0,0.255,3.38,75.1,,database,36.0,91.9,75.1,10.8,70,73.6,57.6,1066,44.1,0.5592,31.4,high,0.1,0.5,short,5.0,low,3.0,TID (three times daily),40
CHEMBL1084546,CN(c1ncccc1CNc1nc(Nc2ccc3c(c2)CC(=O)N3)ncc1C(F)(F)F)S(C)(=O)=O,CDK4,sensitive,scout1,63.1,0.0,0.445,2.91,88.9,,database,39.6,75.0,88.9,11.9,70,78.8,57.6,1067,64.2,0.3575,50.2,high,1.15,0.5,short,8.0,low,3.0,TID (three times daily),40
CHEMBL211173,O=C1NC(=O)/C(=C/c2ccc(-c3ccc(O)cc3O)o2)S1,PIK3CA,escape_route,scout1,190.0,0.0,0.738,2.6,100.0,,database,23.8,81.0,100.0,16.7,70,82.2,57.5,1068,56.4,0.4365,40.2,high,0.38,0.5,short,10.0,low,1.0,TID (three times daily),40
CHEMBL207496,N[C@H](COc1cncc2nc(-c3ccncc3)ccc12)Cc1c[nH]c2ccccc12,AKT1,escape_route,scout1,190.0,0.0,0.451,2.98,100.0,,database,23.8,81.0,100.0,16.7,70,78.0,57.3,1069,85.1,0.149,100.0,high,3.56,0.5,short,10.0,low,4.0,TID (three times daily),40
CHEMBL27945,CCC1CCN(C)c2cc3nc(O)cc(C(F)(F)F)c3cc21,AR,sensitive,scout1,158.0,0.0,0.853,3.4,100.0,,database,26.4,84.2,100.0,7.9,70,73.3,57.3,1070,92.5,0.0752,54.7,high,7.14,1.5,short,10.0,low,2.0,TID (three times daily),40
CHEMBL4542127,COc1cccc(Cl)c1C(=O)Nc1c[nH]nc1C(=O)NC1CCN(S(=O)(=O)c2cccc(NC(=O)/C=C/CN(C)C)c2)CC1.O=C(O)C(F)(F)F,ATR,resistant,scout1,50.0,0.0,0.18,3.33,58.6,,database,42.9,76.0,58.6,42.9,70,74.1,57.2,1071,58.6,0.4142,59.0,high,0.1,0.5,short,5.0,low,9.0,TID (three times daily),40
CHEMBL220272,O=C(NOCc1ccccc1)c1cc(-c2[nH]ncc2-c2cccc(Cl)c2)c[nH]1,MAPK1,sensitive,scout1,170.0,0.0,0.42,2.55,100.0,,database,25.4,83.0,100.0,7.6,70,82.8,57.2,1072,90.1,0.0986,100.0,high,3.21,0.5,short,10.0,low,4.0,TID (three times daily),40
CHEMBL173116,CCC(C(=O)N[C@@H](CC(=O)O)C(=O)CN[C@@H](Cc1ccccc1)C(N)=O)n1cccc(NC(=O)c2ccc3ccccc3c2)c1=O,CD274,immune,scout1,78.0,0.0,0.133,3.71,72.7,,database,36.6,92.2,72.7,11.0,70,69.9,57.2,1073,34.1,0.6589,43.4,high,0.1,0.5,short,5.0,low,5.0,TID (three times daily),40
CHEMBL297089,CCOC(=O)/C=C/[C@H](CCC(N)=O)NC(=O)[C@H](Cc1ccccc1)n1cccc(NC(=O)OCc2ccccc2)c1=O,MAP2K1,sensitive,scout1,33.0,0.0,0.197,3.49,68.9,,database,48.9,77.4,68.9,14.7,70,72.3,57.1,1074,59.1,0.4092,52.3,high,0.16,0.5,short,5.0,low,6.0,TID (three times daily),40
CHEMBL177538,CCCS(=O)(=O)NCCCOc1nc(C2CC2)nc(NS(=O)(=O)c2ccc(C(C)C)cn2)c1Oc1ccccc1OC,CHEK2,resistant,scout1,69.18,0.0,0.218,3.04,69.4,,database,38.3,74.5,69.4,38.3,70,77.3,57.1,1075,82.0,0.1799,89.2,high,2.2,0.5,short,5.0,low,11.0,TID (three times daily),40
CHEMBL190983,CN1C(=O)C[C@H](c2ccc(N)cc2)[C@@H]1[C@@H](O)c1ccc(-c2ccccc2)s1,KRAS,escape_route,scout1,190.0,0.0,0.673,3.47,100.0,,database,23.8,81.0,100.0,16.7,70,72.6,57.0,1076,88.0,0.1198,95.9,high,5.66,0.7,short,10.0,low,4.0,TID (three times daily),40
CHEMBL215923,COc1ccccc1[C@H]1CC(=O)N(C)[C@H]1[C@H](O)c1ccc(-c2ccc(F)cc2)s1,KRAS,escape_route,scout1,120.0,0.0,0.667,3.47,100.0,,database,30.4,70.4,100.0,21.3,70,72.6,57.0,1077,94.1,0.0592,100.0,high,7.02,0.8,short,10.0,low,4.0,TID (three times daily),40
CHEMBL202721,COc1cc2c(Nc3ccc(NC(=O)c4ccccc4)cc3)ncnc2cc1OCCCN1CCOCC1,AURKA,resistant,scout1,110.0,0.0,0.294,2.31,85.9,,database,31.6,71.2,85.9,31.6,70,85.4,57.0,1078,91.3,0.0872,100.0,high,5.2,0.6,short,8.0,low,6.0,TID (three times daily),40
CHEMBL366506,CCCCCC(=O)NCC(=O)C(CC(=O)O)NC(=O)C(CC)n1cccc(NC(=O)c2ccc3ccccc3c2)c1=O,CD274,immune,scout1,34.3,0.0,0.201,3.4,69.0,,database,48.3,77.3,69.0,14.5,70,73.3,57.0,1079,60.9,0.3912,49.6,high,0.17,0.5,short,5.0,low,6.0,TID (three times daily),40
CHEMBL204217,CCc1ccc(C(=O)Nc2ncc(Nc3ncnc4cc(OCCCN5CCOCC5)c(OC)cc34)cn2)cc1,AURKA,resistant,scout1,85.0,0.0,0.267,2.63,75.3,,database,35.3,73.2,75.3,35.3,70,81.9,56.9,1080,81.8,0.1819,100.0,high,1.58,0.5,short,6.5,low,8.0,TID (three times daily),40
CHEMBL205754,COc1cc(NC(=O)c2ccco2)c(Cl)cc1NC(=O)Nc1cnc(C#N)cn1,CHEK1,resistant,scout1,111.0,0.0,0.581,2.51,86.6,,database,31.5,71.1,86.6,31.5,70,83.2,56.9,1081,62.1,0.3793,90.2,high,0.3,0.5,short,7.0,low,5.0,TID (three times daily),40
CHEMBL247435,CNC(=O)c1cc(CNc2c(C(=O)Nc3ccc4c(c3)OC(F)(F)O4)cnn2C)ccn1,BRAF,escape_route,scout1,199.0,0.0,0.534,2.82,100.0,,database,23.1,80.1,100.0,16.2,70,79.8,56.9,1082,49.7,0.5034,31.5,high,0.36,0.5,short,10.0,low,1.0,TID (three times daily),40
CHEMBL247798,CCNC(=O)Nc1ccc(CNc2ncsc2C(=O)Nc2ccc3c(c2)OC(F)(F)O3)cn1,BRAF,escape_route,scout1,122.0,0.0,0.408,2.86,98.2,,database,30.2,70.2,98.2,21.1,70,79.3,56.9,1083,75.9,0.2409,89.0,high,1.21,0.5,short,10.0,low,4.0,TID (three times daily),40
CHEMBL379218,Cc1n[nH]c2ccc(-c3cncc(OC[C@@H](N)Cc4ccccc4)c3)cc12,CDK4,sensitive,scout1,180.0,0.0,0.548,2.83,100.0,,database,24.6,82.0,100.0,7.4,70,79.7,56.5,1084,84.2,0.1584,100.0,high,3.84,0.5,short,10.0,low,4.0,TID (three times daily),40
CHEMBL379218,Cc1n[nH]c2ccc(-c3cncc(OC[C@@H](N)Cc4ccccc4)c3)cc12,CDK4,sensitive,scout1,180.0,0.0,0.548,2.83,100.0,,database,24.6,82.0,100.0,7.4,70,79.7,56.5,1085,84.2,0.1584,100.0,high,3.84,0.5,short,10.0,low,4.0,TID (three times daily),40
CHEMBL377152,COC(=O)c1ccc(-c2ccc(/C=C3\SC(=O)NC3=O)o2)c(O)c1,PIK3CA,escape_route,scout1,210.0,0.0,0.651,2.53,100.0,,database,22.4,79.0,100.0,15.7,70,83.0,56.5,1086,57.8,0.4223,37.9,high,0.35,0.5,short,10.0,low,1.0,TID (three times daily),40
CHEMBL31400,O=C1c2cccc3cccc(c23)C(=O)N1CCNCCCNCCN1C(=O)c2cccc3cccc(c23)C1=O,MAP2K1,sensitive,scout1,70.0,0.0,0.246,2.45,84.9,,database,38.1,74.4,84.9,11.4,70,83.9,56.4,1087,79.0,0.2104,90.3,high,3.12,0.5,short,8.0,low,6.0,TID (three times daily),40
CHEMBL315175,O=C(O)c1c(Cc2cc3c(cc2Cl)OCO3)c(-c2ccccc2)nn1C1CCCCC1,CHEK2,resistant,scout1,131.0,0.0,0.551,2.61,91.0,,database,29.1,69.5,91.0,29.1,70,82.1,56.3,1088,96.6,0.0337,100.0,high,11.34,1.3,short,9.0,low,5.0,TID (three times daily),40
CHEMBL406237,COC[C@H]1OC(=O)/C(=C/N2CCN(Cc3ccccc3)CC2)C2=C(O)C(=O)C3=C([C@H](OC(C)=O)C[C@]4(C)[C@@H](O)CC[C@@H]34)[C@]21C,PIK3CA,escape_route,scout1,87.0,0.0,0.369,4.76,87.4,,database,35.0,73.0,87.4,24.5,70,58.2,56.3,1089,68.6,0.3139,13.3,moderate,0.29,0.5,short,26.8,moderate,0.0,TID (three times daily),65
CHEMBL90884,CC(C)[C@H](NC(=O)CCc1ccccc1)C(=O)N[C@@H](C)C(=O)N[C@@H](CC(=O)O)C(=O)CCCc1ccccc1,CD274,immune,scout1,100.0,0.0,0.259,3.22,75.2,,database,33.0,90.0,75.2,9.9,70,75.3,56.2,1090,55.1,0.4494,19.9,moderate,0.16,0.5,short,5.0,low,2.0,TID (three times daily),50
CHEMBL3216649,Cl.Cl.Nc1cccc(-c2nc(N3CCOCC3)c3oc4ncccc4c3n2)c1,PIK3CA,escape_route,scout1,140.0,0.0,0.495,2.77,99.9,,database,28.2,68.8,99.9,19.7,70,80.3,56.1,1091,80.9,0.1906,100.0,high,2.38,0.5,short,10.0,low,4.0,TID (three times daily),40
CHEMBL273832,COC[C@H]1OC(=O)c2coc3c2[C@@]1(C)C1=C(C3=O)[C@@H]2CC[C@H](O)[C@@]2(C)C[C@H]1OC(C)=O,MTOR,escape_route,scout1,193.0,0.0,0.727,4.75,100.0,,database,23.6,80.7,100.0,16.5,70,58.3,56.1,1092,51.0,0.4901,7.3,moderate,0.2,0.5,short,63.7,high,0.0,TID (three times daily),85
CHEMBL3698685,O=C(c1cnc(Nc2ncc3c4ccncc4n(C4CCCC4)c3n2)s1)N1CCNCC1,CDK6,sensitive,scout1,112.0,0.0,0.494,2.93,99.9,,database,31.4,71.0,99.9,9.4,70,78.6,56.0,1093,74.2,0.258,59.5,high,2.68,0.5,short,10.0,low,3.0,TID (three times daily),40
CHEMBL247424,O=C(Nc1ccc2c(c1)OC(F)(F)O2)c1ccccc1NCc1ccnc(NCCCn2ccnc2)c1,BRAF,escape_route,scout1,101.0,0.0,0.261,2.74,85.2,,database,32.9,71.9,85.2,23.0,70,80.7,55.9,1094,92.1,0.0794,100.0,high,11.57,1.3,short,8.0,low,6.0,TID (three times daily),40
CHEMBL378999,N#Cc1ccc(O)c(-c2ccc(/C=C3\SC(=O)NC3=O)o2)c1,PIK3CA,escape_route,scout1,220.0,0.0,0.826,2.65,100.0,,database,21.7,78.0,100.0,15.2,70,81.7,55.9,1095,58.7,0.4127,45.1,high,0.4,0.5,short,10.0,low,1.0,TID (three times daily),40
CHEMBL220110,O=C(c1cc(-c2[nH]ncc2-c2cccc(Cl)c2)c[nH]1)N1CCCC1,MAPK1,sensitive,scout1,200.0,0.0,0.758,2.45,100.0,,database,23.1,80.0,100.0,6.9,70,83.9,55.7,1096,86.7,0.1325,91.3,high,2.73,0.5,short,10.0,low,3.0,TID (three times daily),40
CHEMBL395700,O=C(Nc1ccc2c(c1)OC(F)(F)O2)c1ccccc1NCc1ccnc(NCCCO)c1,BRAF,escape_route,scout1,142.0,0.0,0.36,2.56,97.2,,database,28.0,68.6,97.2,19.6,70,82.7,55.6,1097,83.1,0.1692,98.8,high,4.76,0.6,short,10.0,low,5.0,TID (three times daily),40
CHEMBL332551,Nc1nc(C2=C3C(=Nc4ccccc43)C(=O)NCC2)c(O)[nH]1,CHEK1,resistant,scout1,237.0,0.0,0.632,3.33,100.0,,database,20.6,76.3,100.0,20.6,70,74.1,55.6,1098,23.4,0.7656,11.4,moderate,0.13,0.5,short,42.9,moderate,0.0,TID (three times daily),65
CHEMBL332551,Nc1nc(C2=C3C(=Nc4ccccc43)C(=O)NCC2)c(O)[nH]1,CHEK1,resistant,scout1,237.0,0.0,0.632,3.33,100.0,,database,20.6,76.3,100.0,20.6,70,74.1,55.6,1099,23.4,0.7656,11.4,moderate,0.13,0.5,short,42.9,moderate,0.0,TID (three times daily),65
CHEMBL360217,CN1C(=O)C[C@H](c2ccc(O)cc2)[C@@H]1[C@@H](O)c1ccc(-c2ccccc2)s1,KRAS,escape_route,scout1,220.0,0.0,0.715,3.45,100.0,,database,21.7,78.0,100.0,15.2,70,72.8,55.4,1100,89.9,0.1014,100.0,high,3.63,0.5,short,10.0,low,4.0,TID (three times daily),40
CHEMBL1966204,O=C(Nc1n[nH]c2ccc(-c3cn(Cc4ccccc4)nn3)cc12)c1ccc(F)cc1,CDK4,sensitive,scout1,125.89,0.0,0.451,2.28,99.0,,database,29.7,69.9,99.0,8.9,70,85.8,55.3,1101,87.1,0.1294,100.0,high,2.09,0.5,short,10.0,low,4.0,TID (three times daily),40
CHEMBL388978,CN[C@@H]1C[C@H]2O[C@@](C)([C@@H]1OC)n1c3ccccc3c3c4c(c5c6ccccc6n2c5c31)C(=O)NC4,CDK4,sensitive,scout1,100.0,0.0,0.406,4.95,98.1,,database,33.0,72.0,98.1,9.9,70,56.1,55.3,1102,91.5,0.0851,100.0,high,7.03,0.8,short,10.0,low,5.0,TID (three times daily),40
CHEMBL324470,CCCCC(C(=O)N[C@@H](CC(=O)O)C(=O)COc1ccccc1)n1cncc(NC(=O)c2cccc3ccccc23)c1=O,CD274,immune,scout1,46.0,0.0,0.201,3.41,69.0,,database,44.1,76.3,69.0,13.2,70,73.2,55.3,1103,73.3,0.2672,100.0,high,0.34,0.5,short,5.0,low,12.0,TID (three times daily),40
CHEMBL388978,CN[C@@H]1C[C@H]2O[C@@](C)([C@@H]1OC)n1c3ccccc3c3c4c(c5c6ccccc6n2c5c31)C(=O)NC4,CDK4,sensitive,scout1,100.0,0.0,0.406,4.95,98.1,,database,33.0,72.0,98.1,9.9,70,56.1,55.3,1104,91.5,0.0851,100.0,high,7.03,0.8,short,10.0,low,5.0,TID (three times daily),40
CHEMBL388978,CN[C@@H]1C[C@H]2O[C@@](C)([C@@H]1OC)n1c3ccccc3c3c4c(c5c6ccccc6n2c5c31)C(=O)NC4,CDK4,sensitive,scout1,100.0,0.0,0.406,4.95,98.1,,database,33.0,72.0,98.1,9.9,70,56.1,55.3,1105,91.5,0.0851,100.0,high,7.03,0.8,short,10.0,low,5.0,TID (three times daily),40
CHEMBL388978,CN[C@@H]1C[C@H]2O[C@@](C)([C@@H]1OC)n1c3ccccc3c3c4c(c5c6ccccc6n2c5c31)C(=O)NC4,CDK4,sensitive,scout1,100.0,0.0,0.406,4.95,98.1,,database,33.0,72.0,98.1,9.9,70,56.1,55.3,1106,91.5,0.0851,100.0,high,7.03,0.8,short,10.0,low,5.0,TID (three times daily),40
CHEMBL388978,CN[C@@H]1C[C@H]2O[C@@](C)([C@@H]1OC)n1c3ccccc3c3c4c(c5c6ccccc6n2c5c31)C(=O)NC4,CDK4,sensitive,scout1,100.0,0.0,0.406,4.95,98.1,,database,33.0,72.0,98.1,9.9,70,56.1,55.3,1107,91.5,0.0851,100.0,high,7.03,0.8,short,10.0,low,5.0,TID (three times daily),40
CHEMBL388978,CN[C@@H]1C[C@H]2O[C@@](C)([C@@H]1OC)n1c3ccccc3c3c4c(c5c6ccccc6n2c5c31)C(=O)NC4,CDK4,sensitive,scout1,100.0,0.0,0.406,4.95,98.1,,database,33.0,72.0,98.1,9.9,70,56.1,55.3,1108,91.5,0.0851,100.0,high,7.03,0.8,short,10.0,low,5.0,TID (three times daily),40
CHEMBL388978,CN[C@@H]1C[C@H]2O[C@@](C)([C@@H]1OC)n1c3ccccc3c3c4c(c5c6ccccc6n2c5c31)C(=O)NC4,CDK4,sensitive,scout1,100.0,0.0,0.406,4.95,98.1,,database,33.0,72.0,98.1,9.9,70,56.1,55.3,1109,91.5,0.0851,100.0,high,7.03,0.8,short,10.0,low,5.0,TID (three times daily),40
CHEMBL496332,COCC(O)Cn1cc(-c2ccc3c(c2)N(c2nc4c(s2)C(=O)NC(C)(C)C4)CCO3)cn1,PIK3CB,escape_route,scout1,222.0,0.0,0.572,3.6,100.0,,database,21.6,77.8,100.0,15.1,70,71.1,55.2,1110,62.2,0.3775,24.3,high,0.34,0.5,short,10.0,low,1.0,TID (three times daily),40
CHEMBL4580787,CN(C)C/C=C/C(=O)Nc1cccc(S(=O)(=O)N2CCC(NC(=O)c3n[nH]cc3NC(=O)c3c(Cl)cc(Cl)cc3Cl)CC2)c1,ATR,resistant,scout1,88.0,0.0,0.233,3.16,69.7,,database,34.8,73.0,69.7,34.8,70,76.0,55.2,1111,80.6,0.1937,100.0,high,0.44,0.5,short,5.0,low,14.0,TID (three times daily),40
CHEMBL215525,CN(C)c1cccc(-c2ccc([C@@H](O)[C@H]3[C@@H](c4ccccc4)CC(=O)N3C)s2)c1,KRAS,escape_route,scout1,150.0,0.0,0.677,3.55,100.0,,database,27.2,68.0,100.0,19.0,70,71.7,55.1,1112,94.2,0.0584,100.0,high,7.48,0.9,short,10.0,low,4.0,TID (three times daily),40
CHEMBL174395,CCC(C(=O)NC(CC(=O)O)C(=O)CNC(C)=O)n1cccc(NC(=O)c2ccc3ccccc3c2)c1=O,CD274,immune,scout1,117.0,0.0,0.3,3.34,76.0,,database,30.7,88.3,76.0,9.2,70,74.0,55.1,1113,28.5,0.7147,20.1,high,0.1,0.5,short,5.0,low,2.0,TID (three times daily),40
CHEMBL2181114,C=C1C(=O)OCC1(C(=O)OCC)C(=O)OCC,ATM,resistant,scout1,250.0,0.0,0.303,3.13,100.0,,database,19.9,75.0,100.0,19.9,70,76.3,55.0,1114,20.0,0.8,1.3,low,0.1,0.9,short,93.3,high,0.0,TID (three times daily),85
CHEMBL172040,CCC(C(=O)N[C@@H](CC(=O)O)C(=O)CN(C)Cc1ccccc1)n1cccc(NC(=O)c2ccc3ccccc3c2)c1=O,CD274,immune,scout1,58.0,0.0,0.218,3.39,74.4,,database,40.8,75.4,74.4,12.2,70,73.4,55.0,1115,76.7,0.2332,100.0,high,0.47,0.5,short,6.5,low,9.0,TID (three times daily),40
CHEMBL247792,O=C(Nc1ccc2c(c1)OC(F)(F)O2)c1ccccc1NCc1ccnc(NCCc2cnc[nH]2)c1,BRAF,escape_route,scout1,146.0,0.0,0.269,2.75,95.4,,database,27.6,68.3,95.4,19.3,70,80.6,54.9,1116,88.1,0.1189,100.0,high,6.7,0.8,short,10.0,low,5.0,TID (three times daily),40
CHEMBL247591,COCCCNc1cc(CNc2ccccc2C(=O)Nc2ccc3c(c2)OC(F)(F)O3)ccn1,BRAF,escape_route,scout1,156.0,0.0,0.369,2.56,97.4,,database,26.6,67.5,97.4,18.6,70,82.7,54.8,1117,91.0,0.0905,100.0,high,11.19,1.3,short,10.0,low,5.0,TID (three times daily),40
CHEMBL247797,CNC(=O)Nc1ccc(CNc2c(C(=O)Nc3ccc(SC(F)(F)F)cc3)cnn2C)cn1,BRAF,escape_route,scout1,154.0,0.0,0.381,2.71,97.6,,database,26.8,67.7,97.6,18.8,70,81.0,54.8,1118,81.7,0.1826,100.0,high,1.94,0.5,short,10.0,low,5.0,TID (three times daily),40
CHEMBL388978,CN[C@@H]1C[C@H]2O[C@@](C)([C@@H]1OC)n1c3ccccc3c3c4c(c5c6ccccc6n2c5c31)C(=O)NC4,ATR,resistant,scout1,160.0,0.0,0.406,4.95,98.1,,database,26.3,67.2,98.1,26.3,70,56.1,54.5,1119,91.5,0.0851,100.0,high,7.03,0.8,short,10.0,low,5.0,TID (three times daily),40
CHEMBL388978,CN[C@@H]1C[C@H]2O[C@@](C)([C@@H]1OC)n1c3ccccc3c3c4c(c5c6ccccc6n2c5c31)C(=O)NC4,ATR,resistant,scout1,160.0,0.0,0.406,4.95,98.1,,database,26.3,67.2,98.1,26.3,70,56.1,54.5,1120,91.5,0.0851,100.0,high,7.03,0.8,short,10.0,low,5.0,TID (three times daily),40
CHEMBL388978,CN[C@@H]1C[C@H]2O[C@@](C)([C@@H]1OC)n1c3ccccc3c3c4c(c5c6ccccc6n2c5c31)C(=O)NC4,ATR,resistant,scout1,160.0,0.0,0.406,4.95,98.1,,database,26.3,67.2,98.1,26.3,70,56.1,54.5,1121,91.5,0.0851,100.0,high,7.03,0.8,short,10.0,low,5.0,TID (three times daily),40
CHEMBL388978,CN[C@@H]1C[C@H]2O[C@@](C)([C@@H]1OC)n1c3ccccc3c3c4c(c5c6ccccc6n2c5c31)C(=O)NC4,ATR,resistant,scout1,160.0,0.0,0.406,4.95,98.1,,database,26.3,67.2,98.1,26.3,70,56.1,54.5,1122,91.5,0.0851,100.0,high,7.03,0.8,short,10.0,low,5.0,TID (three times daily),40
CHEMBL388978,CN[C@@H]1C[C@H]2O[C@@](C)([C@@H]1OC)n1c3ccccc3c3c4c(c5c6ccccc6n2c5c31)C(=O)NC4,ATR,resistant,scout1,160.0,0.0,0.406,4.95,98.1,,database,26.3,67.2,98.1,26.3,70,56.1,54.5,1123,91.5,0.0851,100.0,high,7.03,0.8,short,10.0,low,5.0,TID (three times daily),40
CHEMBL388978,CN[C@@H]1C[C@H]2O[C@@](C)([C@@H]1OC)n1c3ccccc3c3c4c(c5c6ccccc6n2c5c31)C(=O)NC4,ATR,resistant,scout1,160.0,0.0,0.406,4.95,98.1,,database,26.3,67.2,98.1,26.3,70,56.1,54.5,1124,91.5,0.0851,100.0,high,7.03,0.8,short,10.0,low,5.0,TID (three times daily),40
CHEMBL384404,CN1C(=O)C[C@H](c2ccccc2)[C@@H]1[C@H](O)c1ccc(S(=O)(=O)c2ccccc2)s1,KRAS,escape_route,scout1,160.0,0.0,0.675,3.51,100.0,,database,26.3,67.2,100.0,18.4,70,72.1,54.5,1125,83.7,0.1627,71.9,high,1.6,0.5,short,10.0,low,3.0,TID (three times daily),40
CHEMBL388978,CN[C@@H]1C[C@H]2O[C@@](C)([C@@H]1OC)n1c3ccccc3c3c4c(c5c6ccccc6n2c5c31)C(=O)NC4,ATR,resistant,scout1,160.0,0.0,0.406,4.95,98.1,,database,26.3,67.2,98.1,26.3,70,56.1,54.5,1126,91.5,0.0851,100.0,high,7.03,0.8,short,10.0,low,5.0,TID (three times daily),40
CHEMBL27413,CCC1CCN(C)c2cc3c(cc21)c(C(F)(F)F)cc(=O)n3C,AR,sensitive,scout1,216.0,0.0,0.795,3.28,100.0,,database,22.0,78.4,100.0,6.6,70,74.7,54.4,1127,91.6,0.0845,39.0,high,6.37,1.9,short,10.0,low,1.0,TID (three times daily),40
CHEMBL77475,CC(=O)N(C)[C@@H](Cc1ccc(O)cc1)C(=O)N[C@H](C(=O)N[C@@H](C)C(=O)N[C@H](C=O)CC(=O)O)C(C)C,CD274,immune,scout1,120.0,0.0,0.224,3.74,74.5,,database,30.4,88.0,74.5,9.1,70,69.6,54.4,1128,20.0,0.8,1.3,low,0.1,0.9,short,18.7,low,0.0,TID (three times daily),60
CHEMBL201263,COc1cc2c(Nc3ncc(CNC(=O)c4cccc(F)c4)s3)ncnc2cc1OCCCN1CCC(CO)CC1,AURKA,resistant,scout1,111.0,0.0,0.21,2.76,74.2,,database,31.5,71.1,74.2,31.5,70,80.4,54.3,1129,86.3,0.137,100.0,high,2.16,0.5,short,6.5,low,9.0,TID (three times daily),40
CHEMBL535,CCN(CC)CCNC(=O)c1c(C)[nH]c(/C=C2\C(=O)Nc3ccc(F)cc32)c1C,ATR,resistant,scout1,270.0,0.0,0.626,2.65,100.0,,database,18.8,73.0,100.0,18.8,70,81.7,54.3,1130,78.7,0.2131,32.3,high,1.15,0.5,short,10.0,low,1.0,TID (three times daily),40
CHEMBL220343,O=C(NCc1cccnc1)c1cc(-c2[nH]ncc2-c2cccc(Cl)c2)c[nH]1,MAPK1,sensitive,scout1,230.0,0.0,0.49,2.48,100.0,,database,21.1,77.0,100.0,6.3,70,83.6,54.2,1131,84.5,0.1546,100.0,high,1.8,0.5,short,10.0,low,4.0,TID (three times daily),40
CHEMBL132363,CC1=CC(C)(C)Nc2ccc3c(c21)/C(=C/c1ncccc1C)Oc1ccc(F)cc1-3,AR,sensitive,scout1,203.0,0.0,0.496,3.07,94.9,,database,22.9,79.7,94.9,6.9,70,77.0,54.1,1132,99.0,0.0096,100.0,high,30.0,3.5,moderate,9.0,low,4.0,TID (three times daily),30
CHEMBL382914,CCNc1cc(/C=C/c2cncc(OC[C@@H](N)Cc3c[nH]c4ccccc34)c2)ccn1,AKT1,escape_route,scout1,163.0,0.0,0.376,3.13,97.5,,database,26.0,67.0,97.5,18.2,70,76.3,54.1,1133,89.1,0.109,100.0,high,10.35,1.2,short,10.0,low,4.0,TID (three times daily),40
CHEMBL541110,COC(=O)c1c(C)[nH]c2c(OC(=O)N3CCN(C)CC3)cc3c(c12)[C@H](CBr)CN3C(=O)/C=C/c1ccc(OC)nn1.Cl,MAP2K1,sensitive,scout1,90.0,0.0,0.238,3.89,84.8,,database,34.5,72.8,84.8,10.4,70,67.9,54.0,1134,80.1,0.1995,58.4,high,0.51,0.5,short,8.0,low,5.0,TID (three times daily),40
CHEMBL4240977,CC(C)(C)c1ccc2c(c1)CCCN2S(=O)(=O)c1ccc(N2CCCC2=O)cc1,MDM2,sensitive,scout1,152.0,0.0,0.757,2.32,100.0,,database,27.0,67.8,100.0,8.1,70,85.3,54.0,1135,91.4,0.0861,53.4,high,4.21,0.9,short,10.0,low,2.0,TID (three times daily),40
CHEMBL105765,O=C(CCCCCn1c2c(c(=O)[nH]c1=O)CSCC2)NCC(=O)N1CCN(c2ncccn2)CC1,PARP1,resistant,scout1,250.0,0.0,0.464,2.87,94.3,,database,19.9,75.0,94.3,19.9,70,79.2,54.0,1136,20.0,0.8,2.5,low,0.1,0.5,short,70.2,high,0.0,TID (three times daily),85
CHEMBL335198,NC(=O)c1cccc2[nH]c(-c3ccc(C(=O)O)cc3)nc12,PARP1,resistant,scout1,290.0,0.0,0.682,1.98,100.0,,database,17.7,71.0,100.0,17.7,70,89.1,53.7,1137,38.9,0.6111,36.1,high,0.17,0.5,short,10.0,low,1.0,TID (three times daily),40
CHEMBL551440,CNC(=O)Nc1ccc(-c2nc(N3CCOCC3)c3cnn(C4CCN(Cc5cccnc5)CC4)c3n2)cc1,PIK3CB,escape_route,scout1,141.0,0.0,0.393,2.72,87.9,,database,28.1,68.7,87.9,19.7,70,80.9,53.7,1138,73.2,0.2678,60.2,high,0.49,0.5,short,8.0,low,4.0,TID (three times daily),40
CHEMBL551440,CNC(=O)Nc1ccc(-c2nc(N3CCOCC3)c3cnn(C4CCN(Cc5cccnc5)CC4)c3n2)cc1,PIK3CB,escape_route,scout1,141.0,0.0,0.393,2.72,87.9,,database,28.1,68.7,87.9,19.7,70,80.9,53.7,1139,73.2,0.2678,60.2,high,0.49,0.5,short,8.0,low,4.0,TID (three times daily),40
CHEMBL541133,Cc1ccc([N+](=O)[O-])cc1S(=O)(=O)c1nc(-c2cnc3ccc(Cl)cn23)cs1.Cl,PIK3CB,escape_route,scout1,170.0,0.0,0.319,2.95,96.4,,database,25.4,66.4,96.4,17.8,70,78.3,53.6,1140,88.0,0.1196,100.0,high,1.81,0.5,short,10.0,low,5.0,TID (three times daily),40
CHEMBL449084,COc1ccc(C(=O)CNC(=O)CCn2c3c(c(=O)[nH]c2=O)CCCC3)cc1,PARP1,resistant,scout1,300.0,0.0,0.686,2.36,100.0,,database,17.3,70.0,100.0,17.3,70,84.9,53.0,1141,22.6,0.7743,5.3,moderate,0.1,0.5,short,73.5,high,0.0,TID (three times daily),85
CHEMBL220574,O=C(N[C@@H](CO)c1ccc(F)c(Cl)c1)c1cc(-c2[nH]ncc2-c2cccc(Cl)c2)c[nH]1,MAPK1,sensitive,scout1,150.0,0.0,0.328,3.12,96.6,,database,27.2,68.0,96.6,8.2,70,76.4,53.0,1142,92.4,0.0761,100.0,high,3.58,0.5,short,10.0,low,5.0,TID (three times daily),40
CHEMBL315788,COc1ccc(-c2nn(CC3CCCCC3)c(C(=O)O)c2Cc2cc3c(cc2Cl)OCO3)cc1,CHEK2,resistant,scout1,178.0,0.0,0.457,2.66,89.1,,database,24.7,65.8,89.1,24.7,70,81.6,53.0,1143,96.7,0.0332,100.0,high,9.91,1.1,short,9.0,low,5.0,TID (three times daily),40
CHEMBL385543,COc1ccccc1[C@H]1CC(=O)N(C)[C@H]1[C@H](O)c1ccc(S(=O)(=O)c2ccc(Cl)cc2)s1,KRAS,escape_route,scout1,190.0,0.0,0.556,3.62,100.0,,database,23.8,64.8,100.0,16.7,70,70.9,52.9,1144,89.6,0.1036,100.0,high,2.38,0.5,short,10.0,low,5.0,TID (three times daily),40
CHEMBL205415,N[C@@H](Cc1c[nH]c2ccccc12)C(=O)Nc1cncc(/C=C/c2ccncc2)c1,AKT1,escape_route,scout1,278.0,0.0,0.474,2.89,100.0,,database,18.3,72.2,100.0,12.8,70,79.0,52.9,1145,77.3,0.2269,100.0,high,1.94,0.5,short,10.0,low,4.0,TID (three times daily),40
CHEMBL146794,CC1(C)C(=O)N(c2ccc(C#N)c(C(F)(F)F)c2)C(=O)N1CCOCCOCc1ccc(O)c(C(N)=O)c1,AR,sensitive,scout1,77.0,0.0,0.352,2.98,72.0,,database,36.7,73.8,72.0,11.0,70,78.0,52.9,1146,60.0,0.3999,28.9,high,0.2,0.5,short,5.0,low,3.0,TID (three times daily),40
CHEMBL11115,COc1ccc(CC2=C(c3ccc4c(c3)OCO4)C(=O)OC2(O)c2ccc(OC)cc2)cc1,CHEK2,resistant,scout1,220.0,0.0,0.576,2.95,100.0,,database,21.7,62.4,100.0,21.7,70,78.3,52.8,1147,84.6,0.1537,88.2,high,1.58,0.5,short,10.0,low,4.0,TID (three times daily),40
CHEMBL247434,CNC(=O)c1cc(CNc2ncsc2C(=O)Nc2ccc3c(c2)OC(F)(F)C(F)(F)O3)ccn1,BRAF,escape_route,scout1,192.0,0.0,0.445,3.12,98.9,,database,23.7,64.6,98.9,16.6,70,76.4,52.8,1148,77.8,0.2222,80.5,high,1.39,0.5,short,10.0,low,4.0,TID (three times daily),40
CHEMBL1980407,NC(COc1cncc(-c2ccc3c(c2)C(=Cc2ccc[nH]2)C(=O)N3)c1)Cc1ccccc1,CDK4,sensitive,scout1,158.49,0.0,0.372,3.16,97.4,,database,26.4,67.3,97.4,7.9,70,76.0,52.7,1149,89.0,0.1099,100.0,high,4.75,0.5,short,10.0,low,4.0,TID (three times daily),40
CHEMBL383254,NCC(c1ccccc1)c1cncc(/C=C/c2ccncc2)c1,AKT1,escape_route,scout1,284.0,0.0,0.781,2.83,100.0,,database,18.0,71.6,100.0,12.6,70,79.7,52.7,1150,86.0,0.1399,98.0,high,5.98,0.7,short,10.0,low,3.0,TID (three times daily),40
CHEMBL267940,C=CCC1Oc2cccc(C=C)c2-c2ccc3c(c21)C(C)=CC(C)(C)N3,AR,sensitive,scout1,239.0,0.0,0.633,3.67,97.7,,database,20.5,76.1,97.7,6.2,70,70.3,52.7,1151,99.1,0.0094,100.0,high,30.0,3.5,moderate,9.0,low,4.0,TID (three times daily),30
CHEMBL379218,Cc1n[nH]c2ccc(-c3cncc(OC[C@@H](N)Cc4ccccc4)c3)cc12,MAPK1,sensitive,scout1,260.0,0.0,0.548,2.83,100.0,,database,19.3,74.0,100.0,5.8,70,79.7,52.6,1152,84.2,0.1584,100.0,high,3.84,0.5,short,10.0,low,4.0,TID (three times daily),40
CHEMBL379218,Cc1n[nH]c2ccc(-c3cncc(OC[C@@H](N)Cc4ccccc4)c3)cc12,MAPK1,sensitive,scout1,260.0,0.0,0.548,2.83,100.0,,database,19.3,74.0,100.0,5.8,70,79.7,52.6,1153,84.2,0.1584,100.0,high,3.84,0.5,short,10.0,low,4.0,TID (three times daily),40
CHEMBL381610,N[C@H](COc1cncc(/C=C/c2ccnc(NCc3ccccc3)c2)c1)Cc1c[nH]c2ccccc12,AKT1,escape_route,scout1,147.0,0.0,0.241,3.08,84.8,,database,27.5,68.2,84.8,19.2,70,76.9,52.5,1154,96.0,0.0403,100.0,high,30.0,3.5,moderate,9.0,low,5.0,TID (three times daily),55
CHEMBL514046,C[C@]12CC[C@@H]3c4ccc(O)cc4CC[C@H]3[C@@H]1CC[C@@]21CCC(=O)O1,KRAS,escape_route,scout1,270.0,0.0,0.722,4.37,100.0,,database,18.8,73.0,100.0,13.1,70,62.6,52.5,1155,91.8,0.0821,25.9,high,5.81,2.6,short,10.0,low,1.0,TID (three times daily),40
CHEMBL1766765,N#Cc1ccccc1-c1cnc(N)c(C(=O)Nc2ccccc2)n1,ATM,resistant,scout1,320.0,0.0,0.773,2.11,100.0,,database,16.3,68.0,100.0,16.3,70,87.7,52.2,1156,58.4,0.4158,63.8,high,0.78,0.5,short,10.0,low,2.0,TID (three times daily),40
CHEMBL205088,COc1cc(NC(=O)CCCOc2ccccc2)c(Cl)cc1NC(=O)Nc1cnc(C#N)cn1,CHEK1,resistant,scout1,228.0,0.0,0.384,2.45,97.7,,database,21.2,61.8,97.7,21.2,70,83.9,52.2,1157,81.0,0.1901,100.0,high,0.79,0.5,short,10.0,low,5.0,TID (three times daily),40
CHEMBL1204095,COc1ccc(O)c(C(=O)c2ccc(/C=C/[C@@H]3CCCNC[C@H]3NC(=O)c3ccncc3)cc2)c1F.Cl,AKT1,escape_route,scout1,160.0,0.0,0.395,3.59,87.9,,database,26.3,67.2,87.9,18.4,70,71.2,52.1,1158,88.7,0.1127,100.0,high,3.58,0.5,short,8.0,low,7.0,TID (three times daily),40
CHEMBL98350,O=c1cc(N2CCOCC2)oc2c(-c3ccccc3)cccc12,PIK3CB,escape_route,scout1,306.0,0.0,0.728,2.19,100.0,,database,17.0,69.4,100.0,11.9,70,86.8,52.1,1159,83.4,0.1663,59.0,high,2.47,0.5,short,10.0,low,2.0,TID (three times daily),40
CHEMBL247423,O=C(Nc1ccc2c(c1)OC(F)(F)O2)c1ccccc1NCc1ccnc(NCCOCCO)c1,BRAF,escape_route,scout1,165.0,0.0,0.304,2.66,86.1,,database,25.8,66.8,86.1,18.1,70,81.6,52.0,1160,77.1,0.229,71.9,high,2.73,0.5,short,8.5,low,4.0,TID (three times daily),40
CHEMBL422198,CCOC(=O)/C=C/[C@H](C[C@@H]1CCNC1=O)NC(=O)[C@@H]1CCc2ccc(NC(=O)c3cc(C)on3)c(=O)n21,MAP2K1,sensitive,scout1,162.0,0.0,0.332,4.15,76.6,,database,26.1,83.8,76.6,7.8,70,65.0,52.0,1161,20.0,0.8,5.7,moderate,0.1,0.5,short,35.9,moderate,0.0,TID (three times daily),75
CHEMBL467394,CC1(C)CC(=O)c2sc(N3CCOc4ccc(-c5cn[nH]c5)cc43)nc2C1,PIK3CB,escape_route,scout1,298.0,0.0,0.721,3.0,100.0,,database,17.4,70.2,100.0,12.1,70,77.8,52.0,1162,88.8,0.1121,86.2,high,3.0,0.5,short,10.0,low,3.0,TID (three times daily),40
CHEMBL3216005,Cl.Cl.c1cc(OCCN2CCCCC2)cc(-c2nc(N3CCOCC3)c3oc4ncccc4c3n2)c1,PIK3CA,escape_route,scout1,170.0,0.0,0.344,2.81,86.9,,database,25.4,66.4,86.9,17.8,70,79.9,51.8,1163,94.8,0.0522,100.0,high,5.32,0.6,short,8.0,low,7.0,TID (three times daily),40
CHEMBL336169,CC1=CC(C)(C)Nc2ccc3c(c21)/C(=C/c1ccco1)Oc1ccc(F)cc1-3,AR,sensitive,scout1,258.0,0.0,0.523,2.94,95.5,,database,19.4,74.2,95.5,5.8,70,78.4,51.8,1164,98.9,0.011,100.0,high,30.0,3.5,moderate,9.0,low,4.0,TID (three times daily),55
CHEMBL207582,COc1cc(NC(=O)CCCc2ccccc2)c(Cl)cc1NC(=O)Nc1cnc(C#N)cn1,CHEK1,resistant,scout1,243.0,0.0,0.446,2.41,98.9,,database,20.3,60.6,98.9,20.3,70,84.3,51.8,1165,84.4,0.1562,100.0,high,1.14,0.5,short,10.0,low,5.0,TID (three times daily),40
CHEMBL206732,N[C@H](CNc1cncc(Oc2cccc3cnccc23)c1)Cc1c[nH]c2ccccc12,AKT1,escape_route,scout1,210.0,0.0,0.356,2.97,97.1,,database,22.4,63.2,97.1,15.7,70,78.1,51.7,1166,91.6,0.0836,100.0,high,14.64,1.7,short,10.0,low,4.0,TID (three times daily),40
CHEMBL454646,CC1CNCC(C(=O)Nc2ncc(SCc3ncc(C(C)(C)C)o3)s2)C1,CDK4,sensitive,scout1,270.0,0.0,0.749,3.75,100.0,,database,18.8,73.0,100.0,5.6,70,69.4,51.7,1167,84.7,0.1529,30.4,high,3.64,1.4,short,10.0,low,1.0,TID (three times daily),40
CHEMBL212754,CN1C(=O)C[C@H](c2ccccc2)[C@@H]1[C@H](O)c1ccc(-c2cccnc2)s1,KRAS,escape_route,scout1,300.0,0.0,0.765,3.51,100.0,,database,17.3,70.0,100.0,12.1,70,72.1,51.6,1168,88.2,0.1178,82.6,high,3.23,0.5,short,10.0,low,3.0,TID (three times daily),40
CHEMBL364812,CN1C(=O)C[C@H](c2ccccc2)[C@@H]1[C@@H](O)C#Cc1ccccc1Cl,KRAS,escape_route,scout1,300.0,0.0,0.854,3.54,100.0,,database,17.3,70.0,100.0,12.1,70,71.8,51.6,1169,82.1,0.1787,33.1,high,2.1,0.7,short,10.0,low,1.0,TID (three times daily),40
CHEMBL4866319,Cc1c(Cn2cccn2)c(-c2cc(Cl)nc(N)n2)nn1C,EZH2,resistant,scout1,325.0,0.0,0.744,2.85,100.0,,database,16.1,67.5,100.0,16.1,70,79.4,51.6,1170,40.8,0.5918,18.4,moderate,0.39,0.5,short,10.0,low,1.0,TID (three times daily),50
CHEMBL424850,COc1cc2c(Nc3ncc(CC(=O)NCCC(C)C)s3)ncnc2cc1OCCCN1CCOCC1,AURKA,resistant,scout1,158.0,0.0,0.321,2.74,76.4,,database,26.4,67.4,76.4,26.4,70,80.7,51.6,1171,78.8,0.2122,41.0,high,1.41,0.5,short,6.5,low,3.0,TID (three times daily),40
CHEMBL1213120,CC(C)n1nc(C#Cc2cccc(O)c2)c2c(N)ncnc21,PIK3CB,escape_route,scout1,316.0,0.0,0.671,2.91,100.0,,database,16.5,68.4,100.0,11.6,70,78.8,51.2,1172,47.9,0.5213,26.8,high,0.55,0.5,short,10.0,low,1.0,TID (three times daily),40
CHEMBL205410,N#Cc1cccc(C[C@H](N)COc2cncc(/C=C/c3ccncc3)c2)c1,AKT1,escape_route,scout1,320.0,0.0,0.701,2.99,100.0,,database,16.3,68.0,100.0,11.4,70,77.9,51.0,1173,77.1,0.2289,76.1,high,2.18,0.5,short,10.0,low,3.0,TID (three times daily),40
CHEMBL4864843,Cn1cc(Cc2ccc(F)cc2)c(-c2cc(Cl)nc(N)n2)n1,EZH2,resistant,scout1,342.0,0.0,0.754,2.57,100.0,,database,15.4,65.8,100.0,15.4,70,82.6,51.0,1174,70.4,0.2962,49.7,high,1.74,0.5,short,10.0,low,2.0,TID (three times daily),40
CHEMBL205871,N[C@H](COc1cncc(/C=C/c2ccncc2)c1)Cc1cccc2ccccc12,AKT1,escape_route,scout1,324.0,0.0,0.502,2.86,100.0,,database,16.2,67.6,100.0,11.3,70,79.3,50.9,1175,93.4,0.0662,100.0,high,12.28,1.4,short,10.0,low,4.0,TID (three times daily),40
CHEMBL208652,O=C1NC(=O)/C(=C/c2ccc(-c3ccccc3O)o2)S1,PIK3CA,escape_route,scout1,330.0,0.0,0.83,2.44,100.0,,database,15.9,67.0,100.0,11.1,70,84.0,50.9,1176,68.2,0.3181,49.3,high,0.79,0.5,short,10.0,low,1.0,TID (three times daily),40
CHEMBL188755,CN1C(=O)C[C@H](c2ccccc2)[C@@H]1[C@@H](O)C#Cc1ccccc1F,KRAS,escape_route,scout1,320.0,0.0,0.863,3.53,100.0,,database,16.3,68.0,100.0,11.4,70,71.9,50.7,1177,74.7,0.2534,23.2,high,1.31,0.6,short,10.0,low,1.0,TID (three times daily),40
CHEMBL215897,Cc1cc(-c2ccccc2)c([C@@H](O)[C@H]2[C@@H](c3ccccc3)CC(=O)N2C)s1,KRAS,escape_route,scout1,320.0,0.0,0.711,3.49,100.0,,database,16.3,68.0,100.0,11.4,70,72.3,50.7,1178,95.1,0.0491,100.0,high,10.07,1.2,short,10.0,low,4.0,TID (three times daily),40
CHEMBL68215,Oc1ccc(-c2[nH]c(-c3ccccc3)nc2-c2ccncc2)cc1,BRAF,escape_route,scout1,339.0,0.0,0.585,2.06,100.0,,database,15.5,66.1,100.0,10.9,70,88.2,50.7,1179,91.0,0.0904,100.0,high,4.86,0.6,short,10.0,low,3.0,TID (three times daily),40
CHEMBL270553,COC[C@H]1OC(=O)/C(=C/N2CCC(c3ccccc3)CC2)C2=C(O)C(=O)C3=C([C@H](OC(C)=O)C[C@]4(C)[C@@H](O)CC[C@@H]34)[C@]21C,PIK3CA,escape_route,scout1,172.0,0.0,0.384,4.83,87.7,,database,25.2,66.2,87.7,17.7,70,57.4,50.7,1180,83.9,0.1611,27.7,high,0.84,0.5,short,8.0,low,2.0,TID (three times daily),40
CHEMBL247619,CNC(=O)Nc1ccc(CNc2c(C(=O)Nc3ccc4c(c3)OC(F)(F)C(F)(F)O4)cnn2C)cn1,BRAF,escape_route,scout1,191.0,0.0,0.375,3.1,87.5,,database,23.7,64.7,87.5,16.6,70,76.7,50.6,1181,68.1,0.3192,59.7,high,0.69,0.5,short,8.0,low,4.0,TID (three times daily),40
CHEMBL4867202,COc1cccc(Cc2cn(C)nc2-c2cc(Cl)nc(N)n2)c1,EZH2,resistant,scout1,351.0,0.0,0.744,2.57,100.0,,database,15.0,64.9,100.0,15.0,70,82.6,50.6,1182,65.6,0.3438,41.1,high,1.25,0.5,short,10.0,low,1.0,TID (three times daily),40
CHEMBL467395,Cc1nc(-c2ccc3c(c2)N(c2nc4c(s2)C(=O)NC(C)(C)C4)CCO3)c[nH]1,PIK3CB,escape_route,scout1,325.0,0.0,0.695,3.32,100.0,,database,16.1,67.5,100.0,11.3,70,74.2,50.6,1183,78.5,0.2153,50.2,high,1.1,0.5,short,10.0,low,2.0,TID (three times daily),40
CHEMBL247619,CNC(=O)Nc1ccc(CNc2c(C(=O)Nc3ccc4c(c3)OC(F)(F)C(F)(F)O4)cnn2C)cn1,BRAF,escape_route,scout1,191.0,0.0,0.375,3.1,87.5,,database,23.7,64.7,87.5,16.6,70,76.7,50.6,1184,68.1,0.3192,59.7,high,0.69,0.5,short,8.0,low,4.0,TID (three times daily),40
CHEMBL259551,Nc1n[nH]c2nnc(-c3c(-c4ccccc4)nn4ccccc34)cc12,MAPK1,sensitive,scout1,310.0,0.0,0.519,2.72,100.0,,database,16.8,69.0,100.0,5.0,70,80.9,50.6,1185,62.7,0.3725,100.0,high,0.97,0.5,short,10.0,low,3.0,TID (three times daily),40
CHEMBL203329,N[C@H](CCc1cnc(Cl)c(/C=C/c2ccncc2)c1)Cc1c[nH]c2ccccc12,AKT1,escape_route,scout1,198.0,0.0,0.413,3.08,88.3,,database,23.2,64.2,88.3,16.2,70,76.9,50.4,1186,95.3,0.0466,100.0,high,17.29,2.0,short,9.0,low,5.0,TID (three times daily),40
CHEMBL504616,Cn1cc(-c2ccc3c(c2)N(c2nc4c(s2)C(=O)CC(C)(C)C4)CCO3)cn1,PIK3CB,escape_route,scout1,336.0,0.0,0.651,2.92,100.0,,database,15.6,66.4,100.0,10.9,70,78.7,50.4,1187,90.6,0.0938,82.0,high,3.88,0.5,short,10.0,low,3.0,TID (three times daily),40
CHEMBL538554,COC(=O)c1c(C)[nH]c2c(OC(=O)N3CCN(C)CC3)cc3c(c12)[C@H](CBr)CN3C(=O)/C=C/c1ccc(OC)cn1.Cl,MAP2K1,sensitive,scout1,150.0,0.0,0.235,3.8,84.7,,database,27.2,68.0,84.7,8.2,70,68.9,50.3,1188,88.7,0.1126,90.9,high,1.19,0.5,short,8.0,low,8.0,TID (three times daily),40
CHEMBL212862,CN1C(=O)C[C@H](c2ccccc2)[C@@H]1[C@H](O)c1ccc(Sc2ccccc2)s1,KRAS,escape_route,scout1,330.0,0.0,0.665,3.61,100.0,,database,15.9,67.0,100.0,11.1,70,71.0,50.2,1189,95.9,0.0415,100.0,high,11.84,1.4,short,10.0,low,4.0,TID (three times daily),40
CHEMBL393525,Cc1ccc([N+](=O)[O-])cc1S(=O)(=O)N(C)/N=C/c1cnc2ccc(Br)cn12,PIK3CB,escape_route,scout1,340.0,0.0,0.336,2.89,100.0,,database,15.5,66.0,100.0,10.8,70,79.0,50.2,1190,65.2,0.3484,55.0,high,0.38,0.5,short,10.0,low,3.0,TID (three times daily),40
CHEMBL209159,O=C1NC(=O)/C(=C/c2ccc(-c3cc(F)cc(F)c3O)s2)S1,PIK3CA,escape_route,scout1,340.0,0.0,0.819,2.83,100.0,,database,15.5,66.0,100.0,10.8,70,79.7,50.2,1191,84.0,0.1596,82.6,high,2.11,0.5,short,10.0,low,3.0,TID (three times daily),40
CHEMBL384575,CO[C@H](C(=O)N1Cc2[nH]nc(NC(=O)c3ccc(N4CCN(C)CC4)cc3)c2C1)c1ccccc1,AURKA,resistant,scout1,354.0,0.0,0.571,3.02,100.0,,database,14.9,64.6,100.0,14.9,70,77.6,50.2,1192,65.9,0.3414,29.3,high,0.42,0.5,short,10.0,low,1.0,TID (three times daily),40
CHEMBL393525,Cc1ccc([N+](=O)[O-])cc1S(=O)(=O)N(C)/N=C/c1cnc2ccc(Br)cn12,PIK3CB,escape_route,scout1,340.0,0.0,0.336,2.89,100.0,,database,15.5,66.0,100.0,10.8,70,79.0,50.2,1193,65.2,0.3484,55.0,high,0.38,0.5,short,10.0,low,3.0,TID (three times daily),40
CHEMBL286684,Oc1cc(C(F)(F)F)c2cc3c(cc2n1)NCCC3,AR,sensitive,scout1,317.0,0.0,0.77,2.81,100.0,,database,16.5,68.3,100.0,4.9,70,79.9,50.2,1194,82.0,0.1805,35.4,high,4.74,1.5,short,10.0,low,1.0,TID (three times daily),40
CHEMBL155396,CCCCCC[S+]([O-])CC(=O)C(F)(F)F,FOLH1,other,scout1,309.03,0.0,0.51,3.92,100.0,,database,16.8,69.1,100.0,5.0,70,67.6,50.0,1195,69.9,0.3007,3.3,low,1.2,4.1,moderate,83.3,high,0.0,TID (three times daily),100
CHEMBL373448,O=C(NCCc1cccnc1)c1cc(-c2[nH]ncc2-c2cccc(Cl)c2)c[nH]1,MAPK1,sensitive,scout1,330.0,0.0,0.462,2.52,100.0,,database,15.9,67.0,100.0,4.8,70,83.1,49.9,1196,85.3,0.1467,100.0,high,1.87,0.5,short,10.0,low,4.0,TID (three times daily),40
CHEMBL215743,COc1cccc(-c2ccc([C@@H](O)[C@H]3[C@@H](c4ccccc4)CC(=O)N3C)s2)c1,KRAS,escape_route,scout1,340.0,0.0,0.696,3.41,100.0,,database,15.5,66.0,100.0,10.8,70,73.2,49.9,1197,93.2,0.068,100.0,high,6.18,0.7,short,10.0,low,4.0,TID (three times daily),40
CHEMBL1766801,CS(=O)(=O)c1ccc(-c2cnc(N)c(-c3nc4ccccc4[nH]3)n2)cc1,ATM,resistant,scout1,380.0,0.0,0.577,2.31,100.0,,database,13.9,62.0,100.0,13.9,70,85.4,49.5,1198,53.7,0.4627,72.0,high,0.53,0.5,short,10.0,low,3.0,TID (three times daily),40
CHEMBL1213084,Cc1ccccc1-n1c(Cn2nc(-c3cc(O)cc(F)c3)c3c(N)ncnc32)nc2cccc(C)c2c1=O,PIK3CB,escape_route,scout1,220.0,0.0,0.365,2.86,87.3,,database,21.7,62.4,87.3,15.2,70,79.3,49.3,1199,82.8,0.172,100.0,high,1.85,0.5,short,8.0,low,6.0,TID (three times daily),40
CHEMBL381808,N[C@@H](COc1cncc(/C=C/c2ccncc2)c1)Cc1c[nH]c2ccccc12,AKT1,escape_route,scout1,360.0,0.0,0.514,2.95,100.0,,database,14.6,64.0,100.0,10.2,70,78.3,49.3,1200,86.4,0.1358,100.0,high,4.6,0.5,short,10.0,low,4.0,TID (three times daily),40
CHEMBL1083150,CNc1ccc(Nc2nccc(-c3sc(C)nc3C)n2)cc1,CDK4,sensitive,scout1,348.0,0.0,0.762,2.29,100.0,,database,15.1,65.2,100.0,4.5,70,85.7,49.3,1201,86.8,0.132,100.0,high,11.85,1.4,short,10.0,low,3.0,TID (three times daily),40
CHEMBL206198,N[C@H](COc1cc(/C=C/c2ccncc2)cnc1Cl)Cc1c[nH]c2ccccc12,AKT1,escape_route,scout1,273.0,0.0,0.436,3.05,98.7,,database,18.6,58.2,98.7,13.0,70,77.2,49.2,1202,92.0,0.08,100.0,high,8.39,1.0,short,10.0,low,4.0,TID (three times daily),40
CHEMBL219988,O=C(NC(CO)c1ccccc1F)c1cc(-c2[nH]ncc2-c2cccc(Cl)c2)c[nH]1,MAPK1,sensitive,scout1,240.0,0.0,0.371,3.08,97.4,,database,20.5,60.8,97.4,6.1,70,76.9,49.1,1203,87.0,0.1296,100.0,high,1.96,0.5,short,10.0,low,4.0,TID (three times daily),40
CHEMBL5219159,Cn1cc(Cc2cccc(Cl)c2)c(-c2cc(Cl)nc(N)n2)n1,EZH2,resistant,scout1,389.0,0.0,0.746,2.62,100.0,,database,13.5,61.1,100.0,13.5,70,82.0,49.0,1204,78.7,0.2125,70.9,high,2.8,0.5,short,10.0,low,2.0,TID (three times daily),40
CHEMBL205994,N[C@H](CNc1cncc(Nc2cccc3cnccc23)c1)Cc1c[nH]c2ccccc12,AKT1,escape_route,scout1,270.0,0.0,0.309,2.98,96.2,,database,18.8,58.4,96.2,13.1,70,78.0,48.8,1205,91.0,0.0902,100.0,high,26.19,3.0,moderate,10.0,low,4.0,TID (three times daily),55
CHEMBL439514,CC(C)NC(=O)N1Cc2n[nH]c(NC(=O)c3ccc4c(c3)OCO4)c2C1,AURKA,resistant,scout1,390.0,0.0,0.776,2.8,100.0,,database,13.5,61.0,100.0,13.5,70,80.0,48.8,1206,38.8,0.6117,11.6,moderate,0.14,0.5,short,41.9,moderate,0.0,TID (three times daily),65
CHEMBL512648,CC1(C)CC(=O)c2sc(N3CCOc4ccc(-c5cccnc5)cc43)nc2C1,PIK3CB,escape_route,scout1,376.0,0.0,0.622,2.76,100.0,,database,14.0,62.4,100.0,9.8,70,80.4,48.8,1207,94.6,0.0539,100.0,high,8.0,0.9,short,10.0,low,4.0,TID (three times daily),40
CHEMBL4874288,Cn1cc(Cc2cccc(F)c2)c(-c2cc(Cl)nc(N)n2)n1,EZH2,resistant,scout1,392.0,0.0,0.754,2.63,100.0,,database,13.4,60.8,100.0,13.4,70,81.9,48.8,1208,70.4,0.2962,49.7,high,1.74,0.5,short,10.0,low,2.0,TID (three times daily),40
CHEMBL2143829,COc1cc2ncnc(-n3nc(-c4ccccn4)nc3N)c2cc1OC,ATM,resistant,scout1,400.0,0.0,0.594,2.51,100.0,,database,13.1,60.0,100.0,13.1,70,83.2,48.6,1209,37.5,0.6252,36.9,high,0.26,0.5,short,10.0,low,1.0,TID (three times daily),40
CHEMBL110681,CN(CC(=O)c1ccc2ccccc2c1)C(=O)CCn1c2c(c(=O)[nH]c1=O)CCCC2,PARP1,resistant,scout1,400.0,0.0,0.621,2.52,100.0,,database,13.1,60.0,100.0,13.1,70,83.1,48.6,1210,57.3,0.4267,23.6,high,0.31,0.5,short,10.0,low,1.0,TID (three times daily),40
CHEMBL496567,CC(C)(C)c1cnc(CSc2cnc(N[C@H]3CC[C@H](N)CC3)s2)o1,CDK4,sensitive,scout1,355.0,0.0,0.764,3.01,100.0,,database,14.8,64.5,100.0,4.5,70,77.7,48.6,1211,89.1,0.109,40.1,high,12.34,3.6,moderate,10.0,low,1.0,TID (three times daily),55
CHEMBL361081,CN1C(=O)C[C@H](c2ccccc2)[C@@H]1[C@@H](O)C#Cc1cccc(N)c1,KRAS,escape_route,scout1,370.0,0.0,0.657,3.61,100.0,,database,14.2,63.0,100.0,10.0,70,71.0,48.6,1212,55.9,0.4405,15.8,moderate,0.86,0.6,short,21.0,moderate,0.0,TID (three times daily),65
CHEMBL115620,CC(C)[C@H](NC(=O)OCc1ccccc1)C(=O)N[C@@H](C)C(=O)N[C@@H](CC(=O)O)C(=O)c1ncc(-c2ccccc2)o1,CD274,immune,scout1,240.0,0.0,0.227,3.48,74.5,,database,20.5,76.0,74.5,6.1,70,72.4,48.1,1213,45.7,0.5432,38.3,high,0.1,0.5,short,5.0,low,4.0,TID (three times daily),40
CHEMBL371270,COc1ccc2c(c1)Oc1ncnc(Nc3cnc(NC(=O)c4cccc(F)c4)nc3)c1NC2,AURKA,resistant,scout1,320.0,0.0,0.404,2.87,98.1,,database,16.3,54.4,98.1,16.3,70,79.2,48.0,1214,79.8,0.202,100.0,high,3.31,0.5,short,10.0,low,5.0,TID (three times daily),40
CHEMBL390623,Oc1ccccc1-c1nc(N2CCOCC2)c2oc3ncccc3c2n1,PIK3CA,escape_route,scout1,400.0,0.0,0.596,2.62,100.0,,database,13.1,60.0,100.0,9.2,70,82.0,47.9,1215,69.3,0.3072,66.9,high,0.7,0.5,short,10.0,low,2.0,TID (three times daily),40
CHEMBL454645,CC1CCC(C(=O)Nc2ncc(SCc3ncc(C(C)(C)C)o3)s2)CN1,CDK4,sensitive,scout1,370.0,0.0,0.745,3.72,100.0,,database,14.2,63.0,100.0,4.3,70,69.8,47.7,1216,86.1,0.1387,33.5,high,4.15,1.4,short,10.0,low,1.0,TID (three times daily),40
CHEMBL199765,COc1ccc2c(c1)Oc1ncnc(Nc3cnc(NC(=O)c4ccc(F)cc4)nc3)c1NC2,AURKA,resistant,scout1,330.0,0.0,0.404,2.83,98.1,,database,15.9,53.6,98.1,15.9,70,79.7,47.7,1217,79.8,0.202,100.0,high,3.31,0.5,short,10.0,low,5.0,TID (three times daily),40
CHEMBL188290,CN1C(=O)C[C@H](c2ccccc2)[C@@H]1[C@@H](O)c1cccs1,KRAS,escape_route,scout1,400.0,0.0,0.943,3.38,100.0,,database,13.1,60.0,100.0,9.2,70,73.6,47.5,1218,76.9,0.2309,24.5,high,1.63,0.8,short,10.0,low,1.0,TID (three times daily),40
CHEMBL215584,CN1C(=O)C[C@H](c2ccccc2)[C@@H]1[C@H](O)c1ccc(-c2ccccc2C(F)(F)F)s1,KRAS,escape_route,scout1,280.0,0.0,0.594,3.58,91.9,,database,18.2,57.6,91.9,12.8,70,71.3,47.2,1219,97.4,0.0256,100.0,high,19.38,2.2,short,9.0,low,5.0,TID (three times daily),40
CHEMBL1973013,Cc1cnc(Nc2nc(NC(C)C)ncc2Br)s1,CDK4,sensitive,scout1,398.11,0.0,0.898,2.69,100.0,,database,13.2,60.2,100.0,4.0,70,81.2,47.2,1220,82.8,0.1722,38.0,high,7.94,2.4,short,10.0,low,1.0,TID (three times daily),40
CHEMBL5219933,COC(=O)c1cccc(Cc2cn(C)nc2-c2cc(Cl)nc(N)n2)c1,EZH2,resistant,scout1,436.0,0.0,0.569,2.61,100.0,,database,11.9,56.4,100.0,11.9,70,82.1,47.1,1221,56.7,0.4332,36.0,high,0.69,0.5,short,10.0,low,1.0,TID (three times daily),40
CHEMBL188252,CN1C(=O)C[C@H](c2ccccc2)[C@@H]1[C@@H](O)c1cccc(-c2ccccc2)c1,KRAS,escape_route,scout1,420.0,0.0,0.752,3.13,100.0,,database,12.4,58.0,100.0,8.7,70,76.3,46.9,1222,93.3,0.0674,100.0,high,7.16,0.8,short,10.0,low,4.0,TID (three times daily),40
CHEMBL367294,CCC(C(=O)N[C@@H](CC(=O)O)C(=O)CN(C)[C@@H](Cc1ccccc1)C(N)=O)n1cccc(NC(=O)c2ccc3ccccc3c2)c1=O,CD274,immune,scout1,255.0,0.0,0.153,3.83,73.1,,database,19.6,74.5,73.1,5.9,70,68.6,46.9,1223,44.4,0.5559,52.8,high,0.1,0.5,short,5.0,low,7.0,TID (three times daily),40
CHEMBL204555,Cc1ccc(C(=O)Nc2[nH]nc3c2CN(C(=O)c2cccc4cccnc24)C3)cc1,AURKA,resistant,scout1,440.0,0.0,0.552,2.6,100.0,,database,11.8,56.0,100.0,11.8,70,82.2,46.9,1224,79.7,0.2026,100.0,high,1.15,0.5,short,10.0,low,4.0,TID (three times daily),40
CHEMBL498200,Nc1nccc(-c2cc3c([nH]2)C(CCC(F)(F)F)CNC3=O)n1,CDK4,sensitive,scout1,395.0,0.0,0.806,3.67,100.0,,database,13.3,60.5,100.0,4.0,70,70.3,46.7,1225,49.5,0.5053,15.2,moderate,0.53,0.5,short,24.1,moderate,0.0,TID (three times daily),65
CHEMBL105925,O=C(CCn1c2c(c(=O)[nH]c1=O)CCCC2)NCC(=O)c1ccccc1,PARP1,resistant,scout1,450.0,0.0,0.749,2.33,100.0,,database,11.4,55.0,100.0,11.4,70,85.2,46.7,1226,23.8,0.7615,5.6,moderate,0.1,0.5,short,72.1,high,0.0,TID (three times daily),85
CHEMBL112370,CC(C)[C@H](NC(=O)OCc1ccccc1)C(=O)N[C@@H](C)C(=O)N[C@@H](CC(=O)O)C(=O)c1ncc(-c2c(Cl)cccc2Cl)o1,CD274,immune,scout1,160.0,0.0,0.201,3.67,69.0,,database,26.3,67.2,69.0,7.9,70,70.3,46.7,1227,73.3,0.267,94.5,high,0.27,0.5,short,5.0,low,12.0,TID (three times daily),40
CHEMBL272265,N#CCc1ccc(-n2cnc3cnc4ccc(C#Cc5cccnc5)cc4c32)cc1,PIK3CB,escape_route,scout1,432.0,0.0,0.422,2.73,100.0,,database,12.0,56.8,100.0,8.4,70,80.8,46.6,1228,91.0,0.0905,100.0,high,3.98,0.5,short,10.0,low,4.0,TID (three times daily),40
CHEMBL272265,N#CCc1ccc(-n2cnc3cnc4ccc(C#Cc5cccnc5)cc4c32)cc1,PIK3CB,escape_route,scout1,432.0,0.0,0.422,2.73,100.0,,database,12.0,56.8,100.0,8.4,70,80.8,46.6,1229,91.0,0.0905,100.0,high,3.98,0.5,short,10.0,low,4.0,TID (three times daily),40
CHEMBL3641916,C[C@@H](O)Cn1c2cnccc2c2cnc(Nc3ccc(N4CCC(N(C)C)CC4)cn3)nc21,CDK6,sensitive,scout1,314.0,0.0,0.467,3.34,99.3,,database,16.6,54.9,99.3,5.0,70,74.0,46.5,1230,70.8,0.2915,47.4,high,1.15,0.5,short,10.0,low,2.0,TID (three times daily),40
CHEMBL512834,Cc1ccc(-c2ccc3c(c2)N(c2nc4c(s2)C(=O)CC(C)(C)C4)CCO3)cn1,PIK3CB,escape_route,scout1,308.0,0.0,0.587,2.82,91.7,,database,16.9,55.4,91.7,11.8,70,79.8,46.5,1231,95.9,0.0415,100.0,high,10.63,1.2,short,9.0,low,5.0,TID (three times daily),40
CHEMBL1082152,Cn1cc(C2=C(c3cccc(NCC(O)CO)c3)C(=O)NC2=O)c2cc(F)ccc21,CDK4,sensitive,scout1,410.0,0.0,0.464,3.08,100.0,,database,12.8,59.0,100.0,3.8,70,76.9,46.5,1232,39.8,0.6023,19.9,moderate,0.27,0.5,short,10.0,low,1.0,TID (three times daily),50
CHEMBL188447,CN1C(=O)C[C@H](c2ccccc2)[C@@H]1[C@@H](O)C#Cc1ccccc1,KRAS,escape_route,scout1,430.0,0.0,0.866,3.42,100.0,,database,12.1,57.0,100.0,8.5,70,73.1,46.3,1233,71.8,0.2822,21.1,high,1.15,0.6,short,10.0,low,1.0,TID (three times daily),40
CHEMBL89223,Nc1nc(=O)n([C@@H]2C=C[C@H](CO)S2)cc1F,MAP2K1,sensitive,scout1,400.0,0.0,0.721,4.49,100.0,,database,13.1,60.0,100.0,3.9,70,61.2,46.1,1234,20.0,0.8,2.6,low,0.11,0.5,short,86.8,high,0.0,TID (three times daily),85
CHEMBL382590,COc1cc2ncnc(Nc3ccc(NC(=O)c4ccccc4)cc3)c2cc1OC,AURKA,resistant,scout1,393.0,0.0,0.49,1.94,99.8,,database,13.4,48.6,99.8,13.4,70,89.6,46.1,1235,90.3,0.0967,100.0,high,6.36,0.7,short,10.0,low,4.0,TID (three times daily),40
CHEMBL188676,CN1C(=O)C[C@H](c2ccccc2)[C@@H]1[C@@H](O)c1ccc(Cl)c(Cl)c1,KRAS,escape_route,scout1,440.0,0.0,0.908,3.28,100.0,,database,11.8,56.0,100.0,8.2,70,74.7,46.0,1236,91.1,0.089,61.7,high,5.14,1.0,short,10.0,low,2.0,TID (three times daily),40
CHEMBL272197,CCN(/C=C1/C(=O)O[C@H](COC)[C@@]2(C)C1=C(O)C(=O)C1=C2[C@H](OC(C)=O)C[C@]2(C)[C@@H](O)CC[C@@H]12)CC,PIK3CA,escape_route,scout1,382.0,0.0,0.416,4.96,93.3,,database,13.8,61.8,93.3,9.7,70,56.0,46.0,1237,56.1,0.4394,5.6,moderate,0.2,0.5,short,57.8,high,0.0,TID (three times daily),85
CHEMBL377175,O=C1NC(=O)/C(=C/c2ccc(-c3cc(F)ccc3O)o2)S1,PIK3CA,escape_route,scout1,455.0,0.0,0.833,2.52,100.0,,database,11.3,54.5,100.0,7.9,70,83.1,45.9,1238,71.3,0.2871,54.3,high,0.89,0.5,short,10.0,low,2.0,TID (three times daily),40
CHEMBL449049,CC1(C)Cc2nc(N3CCOCC3)sc2C(=O)N1,PIK3CB,escape_route,scout1,450.0,0.0,0.826,2.77,100.0,,database,11.4,55.0,100.0,8.0,70,80.3,45.9,1239,39.0,0.6099,2.7,low,0.24,1.0,short,86.5,high,0.0,TID (three times daily),85
CHEMBL373797,CN(Cc1ccccc1)C(=O)c1cc(-c2[nH]ncc2-c2cccc(Cl)c2)c[nH]1,MAPK1,sensitive,scout1,440.0,0.0,0.503,2.42,100.0,,database,11.8,56.0,100.0,3.5,70,84.2,45.8,1240,94.3,0.0569,100.0,high,7.1,0.8,short,10.0,low,4.0,TID (three times daily),40
CHEMBL219683,O=C(NCC1CCCO1)c1cc(-c2[nH]ncc2-c2cccc(Cl)c2)c[nH]1,MAPK1,sensitive,scout1,430.0,0.0,0.641,3.02,100.0,,database,12.1,57.0,100.0,3.6,70,77.6,45.8,1241,80.3,0.1967,67.6,high,1.34,0.5,short,10.0,low,3.0,TID (three times daily),40
CHEMBL3210158,CCCCN(CC)CC/N=c1/c(N2CCN(C(=O)OCC)CC2)c(O)c1=O,MCL1,apoptosis,scout1,433.42,0.0,0.686,2.92,100.0,,database,12.0,56.7,100.0,3.6,70,78.7,45.7,1242,31.4,0.6859,2.2,low,0.1,0.5,short,89.1,high,0.0,TID (three times daily),85
CHEMBL5220308,Nc1nc(Cl)cc(-c2nn(C(F)(F)F)cc2Cc2ccccc2)n1,EZH2,resistant,scout1,469.0,0.0,0.73,2.87,100.0,,database,10.9,53.1,100.0,10.9,70,79.2,45.6,1243,82.9,0.1712,86.3,high,3.64,0.5,short,10.0,low,3.0,TID (three times daily),40
CHEMBL3641908,CN(C)C1CCN(c2ccc(Nc3ncc4c5ccncc5n([C@@H]5CCNC5)c4n3)nc2)CC1,CDK6,sensitive,scout1,340.0,0.0,0.473,3.43,99.5,,database,15.5,52.8,99.5,4.6,70,73.0,45.6,1244,76.1,0.2394,50.5,high,3.18,0.7,short,10.0,low,2.0,TID (three times daily),40
CHEMBL378800,CCC(C)C(C(=O)Nc1cc(OC)c(NC(=O)Nc2cnc(C#N)cn2)cc1Cl)c1ccccc1,CHEK1,resistant,scout1,328.0,0.0,0.385,3.32,87.7,,database,16.0,53.8,87.7,16.0,70,74.2,45.4,1245,91.6,0.084,100.0,high,2.39,0.5,short,9.0,low,6.0,TID (three times daily),40
CHEMBL386312,CN1C(=O)C[C@H](c2ccccc2)[C@@H]1[C@H](O)c1ccc(-c2ccc(C(=O)O)cc2)s1,KRAS,escape_route,scout1,380.0,0.0,0.666,3.42,100.0,,database,13.9,49.6,100.0,9.7,70,73.1,45.2,1246,87.8,0.1217,100.0,high,2.43,0.5,short,10.0,low,4.0,TID (three times daily),40
CHEMBL458328,CCCCCC#CCC#CCC#CCC#CCCCC(=O)O,MCL1,apoptosis,scout1,441.49,0.0,0.594,3.47,100.0,,database,11.7,55.9,100.0,3.5,70,72.6,45.1,1247,90.4,0.0964,18.3,moderate,5.36,3.4,moderate,10.0,low,1.0,TID (three times daily),65
CHEMBL296468,CC(C)(C)c1cnc(CSc2cnc(NC(=O)C3CCNCC3)s2)o1,CDK4,sensitive,scout1,458.0,0.0,0.771,2.89,100.0,,database,11.2,54.2,100.0,3.4,70,79.0,44.9,1248,81.6,0.1843,26.7,high,2.9,1.3,short,10.0,low,1.0,TID (three times daily),40
CHEMBL380946,CCCCNC(=O)N1Cc2n[nH]c(NC(=O)[C@@H](C)c3ccc4ccccc4c3)c2C1,MAPK1,sensitive,scout1,380.0,0.0,0.539,3.21,100.0,,database,13.9,49.6,100.0,4.2,70,75.4,44.5,1249,85.4,0.1463,81.4,high,1.78,0.5,short,10.0,low,3.0,TID (three times daily),40
CHEMBL172071,CCS(=O)(=O)NCCOc1nc(C2CC2)nc(NS(=O)(=O)c2ccc(C(C)C)cn2)c1Oc1ccccc1OC,CHEK2,resistant,scout1,269.15,0.0,0.264,3.01,70.3,,database,18.8,58.5,70.3,18.8,70,77.7,44.5,1250,69.8,0.3022,56.1,high,1.07,0.5,short,5.0,low,7.0,TID (three times daily),40
CHEMBL212131,CN1C(=O)C[C@H](c2ccccc2)[C@@H]1[C@H](O)c1ccc(-c2ccc(O)cc2)s1,KRAS,escape_route,scout1,480.0,0.0,0.715,3.45,100.0,,database,10.5,52.0,100.0,7.4,70,72.8,44.4,1251,89.9,0.1014,100.0,high,3.63,0.5,short,10.0,low,4.0,TID (three times daily),40
CHEMBL189767,CN1C(=O)C[C@H](c2ccccc2)[C@@H]1[C@@H](O)C#Cc1ccc(F)cc1,KRAS,escape_route,scout1,480.0,0.0,0.863,3.46,100.0,,database,10.5,52.0,100.0,7.4,70,72.7,44.4,1252,74.7,0.2534,23.2,high,1.31,0.6,short,10.0,low,1.0,TID (three times daily),40
CHEMBL380159,CN1C(=O)C[C@H](c2cccc(F)c2)[C@@H]1[C@H](O)c1ccc(-c2ccc(F)cc2)s1,KRAS,escape_route,scout1,480.0,0.0,0.688,3.5,100.0,,database,10.5,52.0,100.0,7.4,70,72.2,44.4,1253,95.2,0.0482,100.0,high,9.8,1.1,short,10.0,low,4.0,TID (three times daily),40
CHEMBL478425,CC1(C)CC(=O)c2sc(N3CCOCC3Cc3c[nH]c4ncccc34)nc2C1,PIK3CB,escape_route,scout1,481.0,0.0,0.732,3.46,100.0,,database,10.5,51.9,100.0,7.3,70,72.7,44.4,1254,83.5,0.1646,45.3,high,1.73,0.5,short,10.0,low,2.0,TID (three times daily),40
CHEMBL377104,Cc1ccc(O)c(-c2ccc(/C=C3\SC(=O)NC3=O)o2)c1,PIK3CA,escape_route,scout1,500.0,0.0,0.832,2.5,100.0,,database,9.9,50.0,100.0,7.0,70,83.3,44.2,1255,73.8,0.2617,54.0,high,1.04,0.5,short,10.0,low,2.0,TID (three times daily),40
CHEMBL58905,COc1ccc(Nc2nc(Nc3ccc(C(=O)O)cc3)ncc2Br)cc1,CHEK1,resistant,scout1,450.0,0.0,0.548,2.02,100.0,,database,11.4,44.0,100.0,11.4,70,88.7,44.1,1256,87.3,0.1266,100.0,high,8.12,0.9,short,10.0,low,4.0,TID (three times daily),40
CHEMBL347556,CC1(C)C(=O)N(c2ccc(C#N)c(C(F)(F)F)c2)C(=O)N1CCOCCN1CCN(CCOCc2ccc(O)c(C(N)=O)c2)CC1,AR,sensitive,scout1,346.0,0.0,0.247,3.16,74.9,,database,15.2,65.4,74.9,4.6,70,76.0,43.9,1257,55.7,0.4435,17.7,moderate,0.12,0.5,short,5.0,low,2.0,TID (three times daily),50
CHEMBL204012,Cn1cc(C[C@H](N)COc2cncc(/C=C/c3ccncc3)c2)c2ccccc21,AKT1,escape_route,scout1,500.0,0.0,0.521,3.04,100.0,,database,9.9,50.0,100.0,7.0,70,77.3,43.9,1258,88.6,0.1141,100.0,high,5.96,0.7,short,10.0,low,4.0,TID (three times daily),40
CHEMBL88019,O=C(O)c1cc(Cn2nc(-c3ccccc3)c(Cc3cc4c(cc3Cl)OCO4)c2C(=O)O)on1,CHEK2,resistant,scout1,440.0,0.0,0.401,2.8,98.0,,database,11.8,44.8,98.0,11.8,70,80.0,43.6,1259,74.5,0.2545,100.0,high,0.52,0.5,short,10.0,low,5.0,TID (three times daily),40
CHEMBL217748,C[C@H](C(=O)N1Cc2[nH]nc(NC(=O)c3ccc(N4CCN(C)CC4)cc3)c2C1)c1ccccc1,AURKA,resistant,scout1,452.0,0.0,0.614,2.96,100.0,,database,11.4,43.8,100.0,11.4,70,78.2,43.5,1260,75.0,0.2504,39.0,high,0.76,0.5,short,10.0,low,2.0,TID (three times daily),40
CHEMBL1202525,COc1ccc(O)c(C(=O)c2ccc(CO[C@@H]3CCCNCC3NC(=O)c3ccncc3)cc2)c1F.Cl.Cl,AKT1,escape_route,scout1,355.0,0.0,0.353,3.5,87.1,,database,14.8,51.6,87.1,10.4,70,72.2,43.4,1261,85.2,0.1484,86.3,high,2.15,0.5,short,8.0,low,6.0,TID (three times daily),40
CHEMBL191003,Nc1nc(Nc2ccc(S(N)(=O)=O)cc2)nn1C(=O)c1c(F)cccc1F,CDK4,sensitive,scout1,470.0,0.0,0.603,2.45,92.1,,database,10.8,53.0,92.1,3.2,70,83.9,43.1,1262,20.0,0.8,20.7,high,0.27,0.5,short,7.0,low,1.0,TID (three times daily),40
CHEMBL469202,Cc1ccc(-c2ccc3c(c2)N(c2nc4c(s2)C(=O)NC(C)(C)C4)CCO3)cn1,PIK3CB,escape_route,scout1,452.0,0.0,0.694,2.92,100.0,,database,11.4,43.8,100.0,8.0,70,78.7,43.0,1263,89.0,0.1101,84.7,high,2.95,0.5,short,10.0,low,3.0,TID (three times daily),40
CHEMBL439512,COc1cc2c(cc1OC)Oc1ncnc(Nc3cnc(NC(=O)c4ccccc4)nc3)c1NC2,AURKA,resistant,scout1,470.0,0.0,0.379,2.83,97.6,,database,10.8,42.4,97.6,10.8,70,79.7,42.5,1264,76.0,0.2396,100.0,high,2.37,0.5,short,10.0,low,5.0,TID (three times daily),40
CHEMBL113012,CC(C)[C@H](NC(=O)OCc1ccccc1)C(=O)N[C@@H](C)C(=O)N[C@@H](CC(=O)O)C(=O)c1ncc(-c2ccccc2Cl)o1,CD274,immune,scout1,260.0,0.0,0.214,3.56,69.3,,database,19.3,59.2,69.3,5.8,70,71.6,42.4,1265,60.3,0.3969,60.2,high,0.15,0.5,short,5.0,low,7.0,TID (three times daily),40
CHEMBL274383,COc1ccc(C2(O)OC(=O)C(c3ccc4c(c3)OCO4)=C2Cc2ccccc2)cc1,CHEK2,resistant,scout1,500.0,0.0,0.638,2.9,100.0,,database,9.9,40.0,100.0,9.9,70,78.9,41.9,1266,85.5,0.1446,93.0,high,1.94,0.5,short,10.0,low,4.0,TID (three times daily),40
CHEMBL172549,CCC(C(=O)NC(CC(=O)O)C(=O)Cn1ccc(=O)cc1)n1cccc(NC(=O)c2ccc3ccccc3c2)c1=O,CD274,immune,scout1,395.0,0.0,0.256,3.62,75.1,,database,13.3,60.5,75.1,4.0,70,70.9,41.8,1267,46.0,0.5397,52.3,high,0.1,0.5,short,5.0,low,6.0,TID (three times daily),40
CHEMBL173528,CCC(C(=O)NC(CC(=O)O)C(=O)CN1CCNCC1)n1cccc(NC(=O)c2ccc3ccccc3c2)c1=O,CD274,immune,scout1,410.0,0.0,0.283,3.45,75.7,,database,12.8,59.0,75.7,3.8,70,72.8,41.4,1268,30.1,0.6988,14.6,moderate,0.1,0.5,short,9.4,low,1.0,TID (three times daily),50
CHEMBL223471,COc1ccc(CNC(=O)c2cc(-c3[nH]ncc3-c3cccc(Cl)c3)c[nH]2)cc1,MAPK1,sensitive,scout1,490.0,0.0,0.435,2.37,98.7,,database,10.2,40.8,98.7,3.1,70,84.8,41.2,1269,90.9,0.0909,100.0,high,3.45,0.5,short,10.0,low,4.0,TID (three times daily),40
CHEMBL335996,COc1ccccc1/C=C1\Oc2ccc(F)cc2-c2ccc3c(c21)C(C)=CC(C)(C)N3,AR,sensitive,scout1,439.0,0.0,0.491,2.78,89.8,,database,11.8,44.9,89.8,3.5,70,80.2,40.8,1270,99.3,0.0069,100.0,high,30.0,3.5,moderate,9.0,low,5.0,TID (three times daily),30
CHEMBL171950,CCCS(=O)(=O)NCCOc1nc(C2CC2)nc(NS(=O)(=O)c2ccc(C(C)C)cn2)c1Oc1ccccc1OC,CHEK2,resistant,scout1,363.08,0.0,0.241,3.03,69.8,,database,14.5,51.0,69.8,14.5,70,77.4,40.6,1271,76.4,0.2356,70.7,high,1.53,0.5,short,5.0,low,9.0,TID (three times daily),40
CHEMBL270638,Cc1nc2cnc3ccc(C#Cc4cccnc4)cc3c2n1-c1ccc(C(C)C#N)cc1,PIK3CB,escape_route,scout1,446.0,0.0,0.368,3.32,87.4,,database,11.6,44.3,87.4,8.1,70,74.2,40.5,1272,95.5,0.0448,100.0,high,8.87,1.0,short,9.0,low,5.0,TID (three times daily),40
CHEMBL270638,Cc1nc2cnc3ccc(C#Cc4cccnc4)cc3c2n1-c1ccc(C(C)C#N)cc1,PIK3CB,escape_route,scout1,446.0,0.0,0.368,3.32,87.4,,database,11.6,44.3,87.4,8.1,70,74.2,40.5,1273,95.5,0.0448,100.0,high,8.87,1.0,short,9.0,low,5.0,TID (three times daily),40
CHEMBL502835,COC(=O)c1ccc2c(c1)NC(=O)/C2=C(\Nc1ccc(N(C)C(=O)CN2CCN(C)CC2)cc1)c1ccccc1,ATR,resistant,scout1,470.0,0.0,0.35,2.61,87.0,,database,10.8,42.4,87.0,10.8,70,82.1,40.5,1274,82.6,0.1738,67.3,high,2.01,0.5,short,8.0,low,5.0,TID (three times daily),40
CHEMBL348495,CC1(C)C(=O)N(c2ccc(C#N)c(C(F)(F)F)c2)C(=O)N1CCOCCOCCOCc1ccc(O)c(C(N)=O)c1,AR,sensitive,scout1,332.0,0.0,0.271,3.07,70.4,,database,15.8,53.4,70.4,4.7,70,77.0,40.2,1275,59.1,0.4088,26.8,high,0.16,0.5,short,5.0,low,3.0,TID (three times daily),40
CHEMBL247619,CNC(=O)Nc1ccc(CNc2c(C(=O)Nc3ccc4c(c3)OC(F)(F)C(F)(F)O4)cnn2C)cn1,MAPK1,sensitive,scout1,448.0,0.0,0.375,3.1,87.5,,database,11.5,44.2,87.5,3.5,70,76.7,39.8,1276,68.1,0.3192,59.7,high,0.69,0.5,short,8.0,low,4.0,TID (three times daily),40
CHEMBL247619,CNC(=O)Nc1ccc(CNc2c(C(=O)Nc3ccc4c(c3)OC(F)(F)C(F)(F)O4)cnn2C)cn1,MAPK1,sensitive,scout1,448.0,0.0,0.375,3.1,87.5,,database,11.5,44.2,87.5,3.5,70,76.7,39.8,1277,68.1,0.3192,59.7,high,0.69,0.5,short,8.0,low,4.0,TID (three times daily),40
CHEMBL1366030,COc1ccccc1Nc1nc(-c2sc(NC(=O)c3ccc([N+](=O)[O-])cc3)nc2C)cs1,MCL1,apoptosis,scout1,449.41,0.0,0.272,2.35,85.4,,database,11.5,44.0,85.4,3.4,70,85.0,39.8,1278,92.7,0.0734,100.0,high,6.34,0.7,short,9.0,low,5.0,TID (three times daily),40
CHEMBL202502,COc1cc2c(Nc3ncc(CC(=O)Nc4cccc(F)c4)o3)ncnc2cc1OCCCN1CCOCC1,AURKA,resistant,scout1,472.0,0.0,0.274,2.81,75.5,,database,10.8,42.2,75.5,10.8,70,79.9,38.0,1279,77.7,0.223,93.5,high,1.2,0.5,short,6.5,low,8.0,TID (three times daily),40
CHEMBL4554744,C=CC(=O)Nc1cccc(C(=O)N2CCC(NC(=O)c3n[nH]cc3NC(=O)c3c(Cl)cccc3Cl)CC2)c1.O=C(O)C(F)(F)F,ATR,resistant,scout1,500.0,0.0,0.226,3.05,69.5,,database,9.9,40.0,69.5,9.9,70,77.2,35.7,1280,82.4,0.176,100.0,high,0.47,0.5,short,5.0,low,13.0,TID (three times daily),40
