rank,chembl_id,name,smiles,target_gene,population_target,activity_type,activity_nM,qed,sa_score,pains_pass,hepatotox_risk,admet_score,est_emax_s,est_emax_r,score_efficacy,score_selectivity,score_safety,score_resistance,score_novelty,score_synthesizability,score_overall,novelty,target_in_trials
1,CHEMBL3889770,CHEMBL3889770,CN(C)CCCOc1ccc(-c2ccc3ncc4c(c3c2)n([C@H]2C[C@@H](O)C2)c(=O)n4C)cn1,ATM,resistant,IC50,0.24,0.439,2.82,True,low,100.0,0.00231,0.011549,92.4,100.0,100.0,100.0,100,79.8,96.7,TARGET_KNOWN,True
2,CHEMBL3923182,CHEMBL3923182,CO[C@H]1CC[C@H](n2c(=O)n(C)c3cnc4ccc(-c5ccc(OCCCN(C)C)nc5)cc4c32)C1,ATM,resistant,IC50,0.152,0.359,3.55,True,medium,97.2,0.002409,0.012045,96.4,88.0,97.2,100.0,100,71.7,93.9,TARGET_KNOWN,True
3,CHEMBL3936943,CHEMBL3936943,CO[C@H]1C[C@@H](n2c(=O)n(C)c3cnc4ccc(-c5ccc(OCCCN6CCCC6)nc5)cc4c32)C1,ATM,resistant,IC50,0.176,0.348,2.85,True,medium,97.0,0.002377,0.011886,95.1,88.0,97.0,100.0,100,79.4,93.9,TARGET_KNOWN,True
4,CHEMBL3936734,CHEMBL3936734,CO[C@H]1C[C@@H](n2c(=O)n(C)c3cnc4ccc(-c5ccc(OCCCN(C)C)nc5)cc4c32)C1,ATM,resistant,IC50,0.249,0.373,2.86,True,medium,97.5,0.002302,0.01151,92.1,88.0,97.5,100.0,100,79.3,93.1,TARGET_KNOWN,True
5,CHEMBL3947316,CHEMBL3947316,Cn1c(=O)n([C@H]2CCCOC2)c2c3cc(-c4ccc(OCCCN5CCCC5)nc4)ccc3ncc21,ATM,resistant,IC50,0.238,0.365,3.25,True,medium,97.3,0.002312,0.011559,92.5,88.0,97.3,100.0,100,75.0,92.9,TARGET_KNOWN,True
6,CHEMBL3927821,CHEMBL3927821,CN(C)CCCOc1ccc(-c2ccc3ncc4c(c3c2)n(C2CCOCC2)c(=O)n4C)c(F)n1,ATM,resistant,IC50,0.301,0.297,2.96,True,medium,95.9,0.002261,0.011304,90.4,88.0,95.9,100.0,100,78.2,92.2,TARGET_KNOWN,True
7,CHEMBL3890490,CHEMBL3890490,CN(C)CCCOc1ccc(-c2ccc3ncc4c(c3c2)n([C@H]2CCCOC2)c(=O)n4C)cn1,ATM,resistant,IC50,0.329,0.391,3.27,True,medium,97.8,0.002241,0.011207,89.7,88.0,97.8,100.0,100,74.8,92.2,TARGET_KNOWN,True
8,CHEMBL382667,CHEMBL382667,COc1cc2c(Nc3cnc(NC(=O)c4ccc(F)c(Cl)c4)nc3)ncnc2cc1OCCCN1CCOCC1,AURKA,resistant,IC50,0.15,0.268,2.69,True,medium,85.4,0.002412,0.01206,96.5,88.0,85.4,100.0,100,81.2,92.1,TARGET_KNOWN,True
9,CHEMBL4112870,CHEMBL4112870,CO[C@@H]1CC[C@@H](n2c(=O)n(C)c3cnc4ccc(-c5ccc(OCCCN(C)C)nc5)cc4c32)C1,ATM,resistant,IC50,0.315,0.359,3.55,True,medium,97.2,0.002251,0.011254,90.0,88.0,97.2,100.0,100,71.7,92.0,TARGET_KNOWN,True
10,CHEMBL3898165,CHEMBL3898165,Cn1c(=O)n([C@H]2C[C@@H](O)C2)c2c3cc(-c4ccc(OCCCN5CCCC5)nc4)ccc3ncc21,ATM,resistant,IC50,0.447,0.414,2.8,True,medium,98.3,0.002175,0.010874,87.0,88.0,98.3,100.0,100,80.0,91.7,TARGET_KNOWN,True
11,CHEMBL3935033,CHEMBL3935033,CN(C)CCCOc1ccc(-c2ccc3ncc4c(c3c2)n([C@H]2CCCOC2)c(=O)n4C)c(F)n1,ATM,resistant,IC50,0.365,0.297,3.42,True,medium,95.9,0.002219,0.011094,88.8,88.0,95.9,100.0,100,73.1,91.5,TARGET_KNOWN,True
12,CHEMBL3924247,CHEMBL3924247,CN(C)CCCOc1ccc(-c2ccc3ncc4c(c3c2)n(C2COC2)c(=O)n4C)cn1,ATM,resistant,IC50,1.46,0.417,2.84,True,low,100.0,0.001918,0.009589,76.7,100.0,100.0,95.9,100,79.6,91.4,TARGET_KNOWN,True
13,CHEMBL3960662,CHEMBL3960662,CN(C)CCCOc1ccc(-c2ccc3ncc4c(c3c2)n(C2CCOCC2)c(=O)n4C)cn1,ATM,resistant,IC50,0.575,0.391,2.8,True,medium,97.8,0.00212,0.010601,84.8,87.9,97.8,100.0,100,80.0,91.0,TARGET_KNOWN,True
14,CHEMBL5220685,CHEMBL5220685,COC(=O)[C@H]1COCCN1CCOc1ccccc1Cc1cn(C(F)F)nc1-c1cc(Cl)nc(N)n1,EZH2,resistant,IC50,1.0,0.334,3.64,True,low,91.7,0.002,0.01,80.0,100.0,91.7,100.0,100,70.7,90.9,TARGET_KNOWN,True
15,CHEMBL4109764,CHEMBL4109764,CN(C)CCCOc1ccc(-c2ccc3ncc4c(c3c2)n([C@@H]2CCCOC2)c(=O)n4C)c(F)n1,ATM,resistant,IC50,0.552,0.297,3.42,True,medium,95.9,0.002129,0.010645,85.2,88.0,95.9,100.0,100,73.1,90.4,TARGET_KNOWN,True
16,CHEMBL338923,CHEMBL338923,COc1ccc(-c2nc3c(C(N)=O)cccc3[nH]2)cc1O,PARP1,resistant,Ki,2.0,0.684,2.15,True,low,100.0,0.001849,0.009247,74.0,100.0,100.0,92.5,100,87.2,90.4,TARGET_KNOWN,True
17,CHEMBL3986918,CHEMBL3986918,CN(C)CCCOc1ccc(-c2cc3c(cc2F)ncc2c3n(C3CCOCC3)c(=O)n2C)cn1,ATM,resistant,IC50,0.782,0.376,2.92,True,medium,97.5,0.002053,0.010267,82.1,87.9,97.5,100.0,100,78.7,90.1,TARGET_KNOWN,True
18,CHEMBL5218878,CHEMBL5218878,Nc1nc(Cl)cc(-c2nn(C(F)F)cc2Cc2ccccc2OCCN2CCNC(=O)C2)n1,EZH2,resistant,IC50,2.1,0.479,3.13,True,low,100.0,0.001839,0.009194,73.6,100.0,100.0,91.9,100,76.3,89.7,TARGET_KNOWN,True
19,CHEMBL3958682,CHEMBL3958682,CO[C@H]1C[C@@H](n2c(=O)n(C)c3cnc4ccc(-c5ccc(OCCCN(C)C)nc5F)cc4c32)C1,ATM,resistant,IC50,0.765,0.283,3.02,True,medium,95.7,0.002058,0.010291,82.3,87.9,95.7,100.0,100,77.6,89.7,TARGET_KNOWN,True
20,CHEMBL3898563,CHEMBL3898563,CO[C@H]1C[C@@H](n2c(=O)[nH]c3cnc4ccc(-c5ccc(OCCCN(C)C)nc5)cc4c32)C1,ATM,resistant,IC50,1.03,0.415,2.83,True,medium,98.3,0.001994,0.009968,79.7,87.9,98.3,99.7,100,79.7,89.5,TARGET_KNOWN,True
21,CHEMBL3895211,CHEMBL3895211,CO[C@H]1C[C@@H](n2c(=O)n(C)c3cnc4cc(F)c(-c5ccc(OCCCN6CCCC6)nc5)cc4c32)C1,ATM,resistant,IC50,0.418,0.333,2.97,True,medium,86.7,0.002189,0.010947,87.6,88.0,86.7,100.0,100,78.1,89.5,TARGET_KNOWN,True
22,CHEMBL4111966,CHEMBL4111966,CN(C)CCCOc1ccc(-c2ccc3ncc4c(c3c2)n([C@@H]2CCCOC2)c(=O)n4C)cn1,ATM,resistant,IC50,0.935,0.391,3.27,True,medium,97.8,0.002015,0.010073,80.6,87.9,97.8,100.0,100,74.8,89.5,TARGET_KNOWN,True
23,CHEMBL3984179,CHEMBL3984179,Cn1c(=O)n([C@H]2C[C@@H](O)C2)c2c3cc(-c4ccc(OCCCN5CCC5)nc4)ccc3ncc21,ATM,resistant,IC50,1.05,0.428,2.8,True,medium,98.6,0.001989,0.009947,79.6,87.9,98.6,99.5,100,80.0,89.5,TARGET_KNOWN,True
24,CHEMBL201297,CHEMBL201297,COCCOc1cc2ncnc(Nc3ncc(CC(=O)Nc4cccc(F)c4)s3)c2cc1OC,AURKA,resistant,IC50,1.0,0.324,2.54,True,medium,96.5,0.002,0.01,80.0,87.9,96.5,100.0,100,82.9,89.4,TARGET_KNOWN,True
25,CHEMBL3961688,CHEMBL3961688,CN(C)CCCOc1ccc(-c2ccc3ncc4c(c3c2)n(C2(C)CCOCC2)c(=O)n4C)cn1,ATM,resistant,IC50,0.96,0.379,3.1,True,medium,97.6,0.002009,0.010044,80.4,87.9,97.6,100.0,100,76.7,89.4,TARGET_KNOWN,True
26,CHEMBL4110596,CHEMBL4110596,CN(C)CCCOc1ccc(-c2cc3c(cc2F)ncc2c3n([C@@H]3CCCOC3)c(=O)n2C)cn1,ATM,resistant,IC50,1.0,0.376,3.39,True,medium,97.5,0.002,0.01,80.0,87.9,97.5,100.0,100,73.4,89.2,TARGET_KNOWN,True
27,CHEMBL3950905,CHEMBL3950905,CO[C@H]1C[C@@H](n2c(=O)n(C)c3cnc4cc(F)c(-c5ccc(OCCCN(C)C)nc5)cc4c32)C1,ATM,resistant,IC50,1.05,0.358,2.99,True,medium,97.2,0.001989,0.009947,79.6,87.9,97.2,99.5,100,77.9,89.1,TARGET_KNOWN,True
28,CHEMBL3963290,CHEMBL3963290,Cn1c(=O)n(C2CCOCC2)c2c3cc(-c4ccc(OCCCN5CCCC5)nc4)ccc3ncc21,ATM,resistant,IC50,1.12,0.365,2.79,True,medium,97.3,0.001975,0.009877,79.0,87.9,97.3,98.8,100,80.1,89.0,TARGET_KNOWN,True
29,CHEMBL131891,CHEMBL131891,NC(=O)c1cccc2[nH]c(-c3ccc(Cl)cc3)nc12,PARP1,resistant,Ki,3.0,0.752,1.94,True,low,100.0,0.001761,0.008807,70.5,100.0,100.0,88.1,100,89.6,88.8,TARGET_KNOWN,True
30,CHEMBL3890119,CHEMBL3890119,Cn1c(=O)n([C@H]2CCCOC2)c2c3cc(-c4ccc(OCCCN5CCCC5)nc4)c(F)cc3ncc21,ATM,resistant,IC50,0.563,0.349,3.37,True,medium,87.0,0.002125,0.010624,85.0,88.0,87.0,100.0,100,73.7,88.6,TARGET_KNOWN,True
31,CHEMBL3912673,CHEMBL3912673,CN(C)CCCOc1ccc(-c2cc3c(cc2F)ncc2c3n([C@H]3CCCOC3)c(=O)n2C)cn1,ATM,resistant,IC50,1.14,0.376,3.39,True,medium,97.5,0.001972,0.009858,78.9,87.9,97.5,98.6,100,73.4,88.6,TARGET_KNOWN,True
32,CHEMBL195373,CHEMBL195373,N#Cc1cnc(NC(=O)Nc2cc(Cl)ccc2OC2CCOC2)cn1,CHEK1,resistant,IC50,3.0,0.868,3.04,True,low,100.0,0.001761,0.008807,70.5,100.0,100.0,88.1,100,77.3,88.2,TARGET_KNOWN,True
33,CHEMBL4114060,CHEMBL4114060,Cn1c(=O)n([C@@H]2CCCOC2)c2c3cc(-c4ccc(OCCCN5CCCC5)nc4)c(F)cc3ncc21,ATM,resistant,IC50,0.69,0.349,3.37,True,medium,87.0,0.002081,0.010403,83.2,87.9,87.0,100.0,100,73.7,88.0,TARGET_KNOWN,True
34,CHEMBL5218615,CHEMBL5218615,Nc1nc(Cl)cc(-c2nn(C(F)F)cc2Cc2ccccc2OCCN2CCS(=O)(=O)CC2)n1,EZH2,resistant,IC50,2.4,0.458,3.19,True,low,94.2,0.00181,0.009049,72.4,100.0,94.2,90.5,100,75.7,87.9,TARGET_KNOWN,True
35,CHEMBL558486,CHEMBL558486,CCNC(=O)Nc1ccc(-c2nc(N3CCOCC3)c3cnn(C4CCN(C(=O)OC)CC4)c3n2)cc1,MTOR,escape_route,IC50,0.32,0.539,2.7,True,low,95.8,0.004495,0.006742,74.9,100.0,95.8,80.9,100,81.1,87.8,TARGET_KNOWN,True
36,CHEMBL5219579,CHEMBL5219579,Nc1nc(Cl)cc(-c2nn(C(F)F)cc2Cc2ccccc2OCCN2CCO[C@@H](CO)C2)n1,EZH2,resistant,IC50,3.3,0.437,3.57,True,low,100.0,0.001741,0.008704,69.6,100.0,100.0,87.0,100,71.4,87.5,TARGET_KNOWN,True
37,CHEMBL5218552,CHEMBL5218552,COC(=O)[C@@H]1COCCN1CCOc1ccccc1Cc1cn(C(F)F)nc1-c1cc(Cl)nc(N)n1,EZH2,resistant,IC50,2.2,0.334,3.64,True,low,91.7,0.001829,0.009144,73.2,100.0,91.7,91.4,100,70.7,87.5,TARGET_KNOWN,True
38,CHEMBL5219830,CHEMBL5219830,Nc1nc(Cl)cc(-c2nn(C(F)F)cc2Cc2ccccc2OCCN2CCOC[C@H]2CO)n1,EZH2,resistant,IC50,3.33,0.437,3.64,True,low,100.0,0.001739,0.008694,69.6,100.0,100.0,86.9,100,70.7,87.4,TARGET_KNOWN,True
39,CHEMBL563985,CHEMBL563985,CNC(=O)Nc1ccc(-c2nc(N3CCOCC3)c3cnn(C4CCN(C(=O)OC)CC4)c3n2)cc1,MTOR,escape_route,IC50,0.46,0.567,2.7,True,low,100.0,0.004337,0.006506,72.3,100.0,100.0,78.1,100,81.1,87.4,TARGET_KNOWN,True
40,CHEMBL3957991,CHEMBL3957991,CN(C)CCCOc1ccc(-c2cc3c(cc2F)ncc2c3n(C3COC3)c(=O)n2C)cn1,ATM,resistant,IC50,3.8,0.402,2.96,True,low,100.0,0.00171,0.008551,68.4,100.0,100.0,85.5,100,78.2,87.3,TARGET_KNOWN,True
41,CHEMBL202567,CHEMBL202567,COc1cc2c(Nc3ncc(C(=O)Nc4ccc(F)cc4)s3)ncnc2cc1OCCCN1CCOCC1,AURKA,resistant,IC50,1.0,0.285,2.61,True,medium,85.7,0.002,0.01,80.0,87.9,85.7,100.0,100,82.1,87.2,TARGET_KNOWN,True
42,CHEMBL426811,CHEMBL426811,N#Cc1cnc(NC(=O)Nc2cc(Cl)ccc2OC2CCOCC2)cn1,CHEK1,resistant,IC50,5.0,0.851,2.58,True,low,100.0,0.001651,0.008253,66.0,100.0,100.0,82.5,100,82.4,86.3,TARGET_KNOWN,True
43,CHEMBL3951966,CHEMBL3951966,CN(C)CCCOc1ccc(-c2cc3c(cc2F)ncc2c3n(C3(C)CCOCC3)c(=O)n2C)cn1,ATM,resistant,IC50,2.03,0.363,3.22,True,medium,97.3,0.001846,0.009231,73.8,87.8,97.3,92.3,100,75.3,86.2,TARGET_KNOWN,True
44,CHEMBL5220647,CHEMBL5220647,Nc1nc(Cl)cc(-c2nn(C(F)F)cc2Cc2ccccc2OCCN2CCOC[C@@H]2CO)n1,EZH2,resistant,IC50,4.6,0.437,3.64,True,low,100.0,0.001669,0.008343,66.7,100.0,100.0,83.4,100,70.7,86.1,TARGET_KNOWN,True
45,CHEMBL155514,CHEMBL155514,CCCCCC[Se](=O)CC(=O)C(F)(F)F,FOLH1,other,IC50,0.1778,0.533,3.91,True,low,100.0,0.005938,0.005938,79.2,100.0,100.0,59.4,100,67.7,86.0,TARGET_KNOWN,True
46,CHEMBL313153,CHEMBL313153,O=C(O)c1c(Cc2cc3c(cc2Cl)OCO3)c(-c2cccs2)nn1CC1CCCCC1,CHEK2,resistant,IC50,1.7,0.5,2.82,True,medium,90.0,0.001885,0.009424,75.4,87.9,90.0,94.2,100,79.8,85.7,TARGET_KNOWN,True
47,CHEMBL561907,CHEMBL561907,COC(=O)N1CCC(n2ncc3c(N4CCOCC4)nc(-c4ccc(NC(=O)NCCF)cc4)nc32)CC1,MTOR,escape_route,IC50,0.61,0.502,2.83,True,low,95.0,0.004215,0.006322,70.2,99.9,95.0,75.9,100,79.7,85.4,TARGET_KNOWN,True
48,CHEMBL5219443,CHEMBL5219443,Nc1nc(Cl)cc(-c2nn(C(F)F)cc2Cc2ccccc2OCCN2CCO[C@H](CO)C2)n1,EZH2,resistant,IC50,5.5,0.437,3.57,True,low,100.0,0.00163,0.008149,65.2,100.0,100.0,81.5,100,71.4,85.4,TARGET_KNOWN,True
49,CHEMBL385872,CHEMBL385872,CN1CCN(c2ccc(C(=O)Nc3n[nH]c4c3CN(C(=O)[C@H](O)c3ccccc3)C4)cc2)CC1,AURKA,resistant,IC50,6.0,0.538,2.99,True,low,100.0,0.001611,0.008055,64.4,100.0,100.0,80.5,100,77.9,85.3,TARGET_KNOWN,True
50,CHEMBL207994,CHEMBL207994,COc1cc(OC)c(NC(=O)Nc2cnc(C#N)cn2)cc1Cl,CHEK1,resistant,IC50,7.0,0.89,2.37,True,low,100.0,0.001577,0.007887,63.1,100.0,100.0,78.9,100,84.8,85.0,TARGET_KNOWN,True
51,CHEMBL202930,CHEMBL202930,COc1cc(-c2ccc3c(c2)NC(=O)/C3=C\c2ccc[nH]2)ccc1O,CHEK1,resistant,IC50,7.0,0.637,2.5,True,low,100.0,0.001577,0.007887,63.1,100.0,100.0,78.9,100,83.3,84.9,,
52,CHEMBL192161,CHEMBL192161,CC1(COc2ccc(Cl)cc2NC(=O)Nc2cnc(C#N)cn2)COC1,CHEK1,resistant,IC50,7.0,0.833,2.74,True,low,100.0,0.001577,0.007887,63.1,100.0,100.0,78.9,100,80.7,84.8,,
53,CHEMBL3898577,CHEMBL3898577,CO[C@H]1C[C@@H](n2c(=O)n(C)c3cnc4cc(F)c(-c5ccc(OCCCN(C)C)nc5F)cc4c32)C1,ATM,resistant,IC50,2.62,0.272,3.14,True,medium,95.4,0.001791,0.008954,71.6,87.8,95.4,89.5,100,76.2,84.8,,
54,CHEMBL3907190,CHEMBL3907190,CN(C)CCCOc1ccc(-c2ccc3ncc4[nH]c(=O)n(C5CCOCC5)c4c3c2)cn1,ATM,resistant,IC50,3.22,0.436,2.77,True,medium,98.7,0.001746,0.00873,69.8,87.7,98.7,87.3,100,80.3,84.7,,
55,CHEMBL133855,CHEMBL133855,CCOC(=O)c1ccc(-c2nc3c(C(N)=O)cccc3[nH]2)cc1,PARP1,resistant,Ki,8.1,0.723,2.0,True,low,100.0,0.001546,0.007729,61.8,100.0,100.0,77.3,100,88.9,84.6,,
56,CHEMBL423573,CHEMBL423573,O=C1NCCc2c(-c3ccccc3Cl)[nH]c3cccc1c23,PARP1,resistant,Ki,8.0,0.705,2.36,True,low,100.0,0.001548,0.007742,61.9,100.0,100.0,77.4,100,84.9,84.4,,
57,CHEMBL344741,CHEMBL344741,O=C1NCCc2c(-c3ccc[nH]3)[nH]c3cccc1c23,PARP1,resistant,Ki,8.0,0.611,2.83,True,low,100.0,0.001548,0.007742,61.9,100.0,100.0,77.4,100,79.7,84.2,,
58,CHEMBL5218698,CHEMBL5218698,Nc1nc(Cl)cc(-c2nn(C(F)F)cc2Cc2ccccc2OCCN2CCOCC2)n1,EZH2,resistant,IC50,3.9,0.511,2.97,True,medium,100.0,0.001704,0.008522,68.2,87.7,100.0,85.2,100,78.1,84.1,,
59,CHEMBL425904,CHEMBL425904,CC(CN(C)C)Oc1ccc(Cl)cc1NC(=O)Nc1cnc(C#N)cn1,CHEK1,resistant,IC50,8.0,0.805,3.03,True,low,100.0,0.001548,0.007742,61.9,100.0,100.0,77.4,100,77.4,84.1,,
60,CHEMBL323488,CHEMBL323488,O=C(CCn1c2c(c(=O)[nH]c1=O)CSCC2)NCC(=O)c1ccc2ccccc2c1,PARP1,resistant,IC50,8.5,0.59,2.66,True,low,100.0,0.001535,0.007676,61.4,100.0,100.0,76.8,100,81.6,84.0,,
61,CHEMBL5220895,CHEMBL5220895,Cn1cc(Cc2ccccc2OCCN2CC3CC(C2)O3)c(-c2cc(Cl)nc(N)n2)n1,EZH2,resistant,IC50,6.7,0.564,4.44,True,low,100.0,0.001587,0.007935,63.5,100.0,100.0,79.3,100,61.8,84.0,,
62,CHEMBL372543,CHEMBL372543,O/N=C1/CCc2cc(-c3[nH]c(-c4ccccc4)nc3-c3ccncc3)ccc21,BRAF,escape_route,Kd,1.3,0.399,2.53,True,low,100.0,0.003886,0.005829,64.8,99.9,100.0,69.9,100,83.0,84.0,,
63,CHEMBL87070,CHEMBL87070,O=C(O)c1c(Cc2cc3c(cc2Cl)OCO3)c(-c2ccccc2)nn1CC1CCCCC1,CHEK2,resistant,IC50,2.6,0.511,2.61,True,medium,90.2,0.001793,0.008963,71.7,87.8,90.2,89.6,100,82.1,84.0,,
64,CHEMBL5220347,CHEMBL5220347,Cn1cc(Cc2ccccc2OCCN2CC3(COC3)C2)c(-c2cc(Cl)nc(N)n2)n1,EZH2,resistant,IC50,7.8,0.564,3.47,True,low,100.0,0.001554,0.00777,62.2,100.0,100.0,77.7,100,72.6,83.9,,
65,CHEMBL383264,CHEMBL383264,N[C@H](COc1cncc(-c2ccc3cnccc3c2)c1)Cc1c[nH]c2ccccc12,AKT1,escape_route,IC50,1.3,0.437,2.88,True,low,100.0,0.003886,0.005829,64.8,99.9,100.0,69.9,100,79.1,83.8,,
66,CHEMBL5218702,CHEMBL5218702,CC1(O)CCN(CCOc2ccccc2Cc2cn(C(F)F)nc2-c2cc(Cl)nc(N)n2)CC1,EZH2,resistant,IC50,4.0,0.461,3.18,True,medium,99.2,0.001699,0.008495,68.0,87.6,99.2,85.0,100,75.8,83.7,,
67,CHEMBL551442,CHEMBL551442,CNC(=O)Nc1ccc(-c2nc(N3CCOCC3)c3cnn(C4CCNCC4)c3n2)cc1,MTOR,escape_route,IC50,1.4,0.574,2.67,True,low,100.0,0.003854,0.005781,64.2,99.9,100.0,69.4,100,81.4,83.7,,
68,CHEMBL562439,CHEMBL562439,CNC(=O)Nc1ccc(-c2nc(N3CCOCC3)c3cnn(C4CCN(C(=O)N(C)C)CC4)c3n2)cc1,MTOR,escape_route,IC50,1.1,0.556,2.78,True,low,96.1,0.003959,0.005938,66.0,99.9,96.1,71.3,100,80.2,83.7,,
69,CHEMBL205449,CHEMBL205449,COc1cc(CN2CCCCC2)ccc1NC(=O)Nc1cnc(C#N)cn1,CHEK1,resistant,IC50,10.0,0.843,2.33,True,low,100.0,0.0015,0.0075,60.0,100.0,100.0,75.0,100,85.2,83.5,,
70,CHEMBL385266,CHEMBL385266,CN1CCN(c2ccc(C(=O)Nc3n[nH]c4c3CN(C(=O)[C@H](F)c3ccccc3)C4)cc2)CC1,AURKA,resistant,IC50,9.0,0.609,3.1,True,low,100.0,0.001523,0.007614,60.9,100.0,100.0,76.1,100,76.7,83.5,,
71,CHEMBL193117,CHEMBL193117,CN1CCC(Oc2ccc(Cl)cc2NC(=O)Nc2cnc(C#N)cn2)CC1,CHEK1,resistant,IC50,10.0,0.836,2.56,True,low,100.0,0.0015,0.0075,60.0,100.0,100.0,75.0,100,82.7,83.4,,
72,CHEMBL477989,SB590885,CN(C)CCOc1ccc(-c2nc(-c3ccncc3)c(-c3ccc4c(c3)CC/C4=N\O)[nH]2)cc1,BRAF,escape_route,Kd,0.3,0.308,2.72,True,medium,96.2,0.004523,0.006784,75.4,80.0,96.2,81.4,100,80.9,83.1,,
73,CHEMBL192928,CHEMBL192928,CC(C)(C)c1ccc(C(=O)Nc2[nH]nc3c2CN(C(=O)Cc2ccsc2)C3)cc1,AURKA,resistant,IC50,5.0,0.682,2.81,True,medium,100.0,0.001651,0.008253,66.0,87.6,100.0,82.5,100,79.9,83.1,,
74,CHEMBL313044,CHEMBL313044,O=C(O)c1c(Cc2cc3c(cc2Cl)OCO3)c(-c2ccsc2)nn1CC1CCCCC1,CHEK2,resistant,IC50,3.2,0.5,2.86,True,medium,90.0,0.001747,0.008737,69.9,87.7,90.0,87.4,100,79.3,83.0,,
75,CHEMBL314454,CHEMBL314454,O=C(O)c1c(Cc2cc3c(cc2Cl)OCO3)c(-c2ccccn2)nn1CC1CCCCC1,CHEK2,resistant,IC50,3.4,0.552,2.78,True,medium,91.0,0.001734,0.008671,69.4,87.7,91.0,86.7,100,80.2,83.0,,
76,CHEMBL384304,CHEMBL384304,COc1ccc(F)c(F)c1C(=O)c1cnc(NC2CCN(S(C)(=O)=O)CC2)nc1N,ATR,resistant,Kd,11.0,0.644,2.66,True,low,100.0,0.001479,0.007397,59.2,100.0,100.0,74.0,100,81.6,82.9,,
77,CHEMBL384304,CHEMBL384304,COc1ccc(F)c(F)c1C(=O)c1cnc(NC2CCN(S(C)(=O)=O)CC2)nc1N,ATR,resistant,Kd,11.0,0.644,2.66,True,low,100.0,0.001479,0.007397,59.2,100.0,100.0,74.0,100,81.6,82.9,,
78,CHEMBL538378,CHEMBL538378,COC(=O)N1CCC(n2ncc3c(N4CCOCC4)nc(-c4ccc(NC(=O)Nc5cccnc5)cc4)nc32)CC1,MTOR,escape_route,IC50,0.2,0.375,2.78,True,medium,87.5,0.004699,0.007048,78.3,80.0,87.5,84.6,100,80.2,82.7,,
79,CHEMBL381724,CHEMBL381724,COc1cc2c(Nc3cnc(NC(=O)c4ccccc4)nc3)ncnc2cc1OCCCN1CCOCC1,AURKA,resistant,IC50,3.0,0.303,2.55,True,medium,86.1,0.001761,0.008807,70.5,87.7,86.1,88.1,100,82.8,82.6,,
80,CHEMBL558288,CHEMBL558288,CNC(=O)Nc1ccc(-c2nc(N3CCOCC3)c3cnn(C4CCN(C(=O)NC)CC4)c3n2)cc1,MTOR,escape_route,IC50,2.0,0.507,2.75,True,low,100.0,0.003699,0.005548,61.6,99.8,100.0,66.6,100,80.6,82.5,,
81,CHEMBL108919,CHEMBL108919,O=C(CCn1c2c(c(=O)[nH]c1=O)CSCC2)NCC(=O)c1ccc(N2CCCC2)cc1,PARP1,resistant,IC50,12.0,0.627,2.7,True,low,100.0,0.00146,0.007302,58.4,100.0,100.0,73.0,100,81.1,82.5,,
82,CHEMBL107764,CHEMBL107764,O=C(CCn1c2c(c(=O)[nH]c1=O)CSCC2)NCC(=O)c1ccc(-c2cccnc2)cc1,PARP1,resistant,IC50,12.0,0.531,2.71,True,low,100.0,0.00146,0.007302,58.4,100.0,100.0,73.0,100,81.0,82.5,,
83,CHEMBL207778,CHEMBL207778,COc1cc(CN2CCCC2)ccc1NC(=O)Nc1cnc(C#N)cn1,CHEK1,resistant,IC50,13.0,0.857,2.32,True,low,100.0,0.001443,0.007215,57.7,100.0,100.0,72.2,100,85.3,82.4,,
84,CHEMBL5220723,CHEMBL5220723,Cn1cc(Cc2ccccc2OCCN2CCOCC2)c(-c2cc(Cl)nc(N)n2)n1,EZH2,resistant,IC50,12.3,0.578,2.74,True,low,100.0,0.001455,0.007275,58.2,100.0,100.0,72.8,100,80.7,82.4,,
85,CHEMBL315280,CHEMBL315280,O=C(O)COc1ccccc1Cn1nc(-c2ccccc2)c(Cc2cc3c(cc2Cl)OCO3)c1C(=O)O,CHEK2,resistant,IC50,3.3,0.325,2.65,True,medium,86.5,0.001741,0.008704,69.6,87.7,86.5,87.0,100,81.7,82.3,,
86,CHEMBL562365,CHEMBL562365,CNC(=O)Nc1ccc(-c2nc(N3CCOCC3)c3cnn(C4CCN(C(C)=O)CC4)c3n2)cc1,MTOR,escape_route,IC50,2.1,0.591,2.66,True,low,100.0,0.003678,0.005517,61.3,99.8,100.0,66.2,100,81.6,82.3,,
87,CHEMBL314973,CHEMBL314973,O=C(O)COC1CCCCC1Cn1nc(-c2ccccc2)c(Cc2cc3c(cc2Cl)OCO3)c1C(=O)O,CHEK2,resistant,IC50,3.2,0.405,3.61,True,medium,88.1,0.001747,0.008737,69.9,87.7,88.1,87.4,100,71.0,82.2,,
88,CHEMBL222102,KU-55933,O=c1cc(-c2cccc3c2Sc2ccccc2S3)oc(N2CCOCC2)c1,ATM,resistant,IC50,13.0,0.488,2.93,True,low,100.0,0.001443,0.007215,57.7,100.0,100.0,72.2,100,78.6,82.1,,
89,CHEMBL402548,CHEMBL402548,CO[C@@H](C(=O)N1Cc2[nH]nc(NC(=O)c3ccc(N4CCN(C)CC4)cc3)c2C1)c1ccccc1,AURKA,resistant,IC50,13.0,0.571,3.02,True,low,100.0,0.001443,0.007215,57.7,100.0,100.0,72.2,100,77.6,82.0,,
90,CHEMBL541643,CHEMBL541643,Cl.Oc1cccc(-c2nc(N3CCOCC3)c3sccc3n2)c1,PIK3CA,escape_route,IC50,2.5,0.769,2.44,True,low,100.0,0.003602,0.005403,60.0,99.8,100.0,64.8,100,84.0,81.9,,
91,CHEMBL541643,CHEMBL541643,Cl.Oc1cccc(-c2nc(N3CCOCC3)c3sccc3n2)c1,PIK3CA,escape_route,IC50,2.5,0.769,2.44,True,low,100.0,0.003602,0.005403,60.0,99.8,100.0,64.8,100,84.0,81.9,,
92,CHEMBL207995,CHEMBL207995,COc1cc(C=O)c(Cl)cc1NC(=O)Nc1cnc(C#N)cn1,CHEK1,resistant,IC50,14.0,0.831,2.58,True,low,100.0,0.001427,0.007135,57.1,100.0,100.0,71.4,100,82.4,81.9,,
93,CHEMBL69063,CHEMBL69063,COC(=O)c1cc2c([nH]1)C(=O)C=C1C2C(C)CN1C(=O)c1cc2cc(OC)c(OC)c(OC)c2[nH]1,MAP2K1,sensitive,IC50,0.0045,0.539,4.09,True,medium,100.0,0.0125,0.001875,95.8,88.0,100.0,18.8,100,65.7,81.8,,
94,CHEMBL558955,CHEMBL558955,COC(=O)N1CCC(n2ncc3c(N4CCOCC4)nc(-c4ccc(NC(=O)Nc5ccc(CO)cc5)cc4)nc32)CC1,MTOR,escape_route,IC50,0.08,0.306,2.78,True,medium,71.1,0.005,0.0075,83.3,80.0,71.1,90.0,100,80.2,81.7,,
95,CHEMBL35670,CHEMBL35670,COC(=O)c1c(C)[nH]c2c1[C@@]13C[C@@H]1CN(C(=O)c1cc4cc(OC)c(OC)c(OC)c4[nH]1)C3=CC2=O,MAP2K1,sensitive,IC50,0.045,0.526,4.4,True,medium,100.0,0.0125,0.001875,95.8,88.0,100.0,18.8,100,62.2,81.7,,
96,CHEMBL321638,CHEMBL321638,COc1ccc(-c2ccc(C(=O)CNC(=O)CCn3c4c(c(=O)[nH]c3=O)CSCC4)cc2)cc1,PARP1,resistant,IC50,15.0,0.48,2.62,True,low,100.0,0.001412,0.00706,56.5,100.0,100.0,70.6,100,82.0,81.6,,
97,CHEMBL322133,CHEMBL322133,O=C(CCn1c2c(c(=O)[nH]c1=O)CSCC2)NCC(=O)c1ccc(Br)cc1,PARP1,resistant,IC50,15.0,0.647,2.69,True,low,100.0,0.001412,0.00706,56.5,100.0,100.0,70.6,100,81.2,81.6,,
98,CHEMBL321703,CHEMBL321703,O=C(CCn1c2c(c(=O)[nH]c1=O)CSCC2)NCC(=O)c1ccc(-c2ccncc2)cc1,PARP1,resistant,IC50,15.0,0.531,2.72,True,low,100.0,0.001412,0.00706,56.5,100.0,100.0,70.6,100,80.9,81.6,,
99,CHEMBL201197,CHEMBL201197,COc1cc2c(Nc3ncc(CC(=O)Nc4cccc(F)c4F)s3)ncnc2cc1OCCCN1CCC[C@H]1CO,AURKA,resistant,IC50,2.0,0.206,3.32,True,medium,74.1,0.001849,0.009247,74.0,87.8,74.1,92.5,100,74.2,81.5,,
100,CHEMBL445813,CHEMBL445813,O=C(NC1CCNCC1)c1n[nH]cc1NC(=O)c1c(Cl)cccc1Cl,ATR,resistant,Kd,16.0,0.653,2.73,True,low,100.0,0.001398,0.00699,55.9,100.0,100.0,69.9,100,80.8,81.3,,
101,CHEMBL557963,CHEMBL557963,COC(=O)N1CCC(n2ncc3c(N4CCOCC4)nc(-c4ccc(NC(=O)Nc5ccncc5)cc4)nc32)CC1,MTOR,escape_route,IC50,0.3,0.375,2.79,True,medium,87.5,0.004523,0.006784,75.4,80.0,87.5,81.4,100,80.1,81.3,,
102,CHEMBL445813,CHEMBL445813,O=C(NC1CCNCC1)c1n[nH]cc1NC(=O)c1c(Cl)cccc1Cl,ATR,resistant,Kd,16.0,0.653,2.73,True,low,100.0,0.001398,0.00699,55.9,100.0,100.0,69.9,100,80.8,81.3,,
103,CHEMBL86505,CHEMBL86505,COc1ccc(Cn2nc(-c3ccccc3)c(Cc3cc4c(cc3Cl)OCO4)c2C(=O)O)c(OCC(=O)O)c1,CHEK2,resistant,IC50,4.0,0.287,2.73,True,medium,85.7,0.001699,0.008495,68.0,87.6,85.7,85.0,100,80.8,81.2,,
104,CHEMBL538346,CHEMBL538346,Cl.Oc1cccc(-c2nc(N3CCOCC3)c3oc4ncccc4c3n2)c1,PIK3CB,escape_route,IC50,3.0,0.567,2.67,True,low,100.0,0.003523,0.005284,58.7,99.7,100.0,63.4,100,81.4,81.1,,
105,CHEMBL538346,CHEMBL538346,Cl.Oc1cccc(-c2nc(N3CCOCC3)c3oc4ncccc4c3n2)c1,PIK3CB,escape_route,IC50,3.0,0.567,2.67,True,low,100.0,0.003523,0.005284,58.7,99.7,100.0,63.4,100,81.4,81.1,,
106,CHEMBL5219922,CHEMBL5219922,Cn1cc(Cc2ccccc2OCCN2CCNC(=O)C2)c(-c2cc(Cl)nc(N)n2)n1,EZH2,resistant,IC50,16.9,0.534,2.91,True,low,100.0,0.001386,0.00693,55.4,100.0,100.0,69.3,100,78.8,81.0,,
107,CHEMBL199299,CHEMBL199299,COc1cc(-c2ccc3c(c2)NC(=O)/C3=C\c2ncc[nH]2)ccc1O,CHEK1,resistant,IC50,18.0,0.642,2.6,True,low,100.0,0.001372,0.006862,54.9,100.0,100.0,68.6,100,82.2,80.9,,
108,CHEMBL87801,CHEMBL87801,O=C(O)COc1ccccc1Cn1nc(-c2cccs2)c(Cc2cc3c(cc2Cl)OCO3)c1C(=O)O,CHEK2,resistant,IC50,4.6,0.319,2.82,True,medium,86.4,0.001669,0.008343,66.7,87.6,86.4,83.4,100,79.8,80.7,,
109,CHEMBL551440,CHEMBL551440,CNC(=O)Nc1ccc(-c2nc(N3CCOCC3)c3cnn(C4CCN(Cc5cccnc5)CC4)c3n2)cc1,MTOR,escape_route,IC50,0.38,0.393,2.72,True,medium,87.9,0.00442,0.00663,73.7,80.0,87.9,79.6,100,80.9,80.7,,
110,CHEMBL551440,CHEMBL551440,CNC(=O)Nc1ccc(-c2nc(N3CCOCC3)c3cnn(C4CCN(Cc5cccnc5)CC4)c3n2)cc1,MTOR,escape_route,IC50,0.38,0.393,2.72,True,medium,87.9,0.00442,0.00663,73.7,80.0,87.9,79.6,100,80.9,80.7,,
111,CHEMBL562999,CHEMBL562999,COC(=O)N1CCC(n2ncc3c(N4CCOCC4)nc(-c4ccc(NC(=O)NC5CC5)cc4)nc32)CC1,MTOR,escape_route,IC50,0.45,0.526,2.72,True,medium,90.5,0.004347,0.00652,72.4,80.0,90.5,78.2,100,80.9,80.6,,
112,CHEMBL538346,CHEMBL538346,Cl.Oc1cccc(-c2nc(N3CCOCC3)c3oc4ncccc4c3n2)c1,PIK3CA,escape_route,IC50,3.6,0.567,2.67,True,low,100.0,0.003444,0.005166,57.4,99.6,100.0,62.0,100,81.4,80.5,,
113,CHEMBL538346,CHEMBL538346,Cl.Oc1cccc(-c2nc(N3CCOCC3)c3oc4ncccc4c3n2)c1,PIK3CA,escape_route,IC50,3.6,0.567,2.67,True,low,100.0,0.003444,0.005166,57.4,99.6,100.0,62.0,100,81.4,80.5,,
114,CHEMBL108341,CHEMBL108341,O=C(CCn1c2c(c(=O)[nH]c1=O)CSCC2)NCC(=O)c1ccc(-c2ccccc2)cc1,PARP1,resistant,IC50,20.0,0.54,2.57,True,low,100.0,0.001349,0.006747,54.0,100.0,100.0,67.5,100,82.6,80.4,,
115,CHEMBL108702,CHEMBL108702,Nc1cccc(-c2ccc(C(=O)CNC(=O)CCn3c4c(c(=O)[nH]c3=O)CSCC4)cc2)c1,PARP1,resistant,IC50,20.0,0.362,2.72,True,low,100.0,0.001349,0.006747,54.0,100.0,100.0,67.5,100,80.9,80.4,,
116,CHEMBL314357,CHEMBL314357,O=C(O)c1c(Cc2cc3c(cc2Cl)OCO3)c(-c2cccnc2)nn1CC1CCCCC1,CHEK2,resistant,IC50,6.3,0.552,2.76,True,medium,91.0,0.0016,0.008002,64.0,87.4,91.0,80.0,100,80.4,80.3,,
117,CHEMBL107601,CHEMBL107601,O=C(CCn1c2c(c(=O)[nH]c1=O)CSCC2)NCC(=O)N1CCN(c2ncccn2)CC1,PARP1,resistant,IC50,20.0,0.56,2.84,True,low,100.0,0.001349,0.006747,54.0,100.0,100.0,67.5,100,79.6,80.3,,
118,CHEMBL348326,CHEMBL348326,COC(=O)c1c(C)[nH]c2c1[C@@]13C[C@@H]1CN(C(=O)/C=C/c1ccc(OC)nn1)C3=CC2=O,MAP2K1,sensitive,IC50,0.5,0.592,4.51,True,low,100.0,0.010753,0.001613,82.4,100.0,100.0,16.1,100,61.0,80.2,,
119,CHEMBL108239,CHEMBL108239,O=C(CCn1c2c(c(=O)[nH]c1=O)CSCC2)NCC(=O)N1CCN(c2cccnn2)CC1,PARP1,resistant,IC50,20.0,0.56,2.92,True,low,100.0,0.001349,0.006747,54.0,100.0,100.0,67.5,100,78.7,80.2,,
120,CHEMBL5219530,CHEMBL5219530,COC(=O)c1ccccc1Cc1cn(C)nc1-c1cc(Cl)nc(N)n1,EZH2,resistant,IC50,21.0,0.569,2.65,True,low,100.0,0.001339,0.006694,53.6,100.0,100.0,66.9,100,81.7,80.2,,
121,CHEMBL201655,CHEMBL201655,CCCCc1cnc(Nc2ncnc3cc(OCCCN4CCOCC4)c(OC)cc23)s1,AURKA,resistant,IC50,6.0,0.427,2.59,True,medium,88.5,0.001611,0.008055,64.4,87.5,88.5,80.5,100,82.3,80.1,,
122,CHEMBL206812,CHEMBL206812,CN(C)CCOc1cc(N2CCCC2)c(NC(=O)Nc2cnc(C#N)cn2)cc1Cl,CHEK1,resistant,IC50,10.0,0.696,2.65,True,medium,100.0,0.0015,0.0075,60.0,87.1,100.0,75.0,100,81.7,80.1,,
123,CHEMBL561708,CHEMBL561708,COC(=O)Nc1ccc(-c2nc(N3CCOCC3)c3cnn(C4CCN(C(=O)OC)CC4)c3n2)cc1,MTOR,escape_route,IC50,4.3,0.582,2.68,True,low,100.0,0.003367,0.00505,56.1,99.6,100.0,60.6,100,81.3,79.9,,
124,CHEMBL550972,CHEMBL550972,CNC(=O)Nc1ccc(-c2nc(N3CCOCC3)c3cnn(C4CCN(Cc5ccccc5)CC4)c3n2)cc1,MTOR,escape_route,IC50,0.52,0.393,2.61,True,medium,87.9,0.004284,0.006426,71.4,80.0,87.9,77.1,100,82.1,79.7,,
125,CHEMBL200783,CHEMBL200783,O/N=C/c1ccc(-c2[nH]c(-c3ccccc3)nc2-c2ccncc2)cc1,BRAF,escape_route,Kd,5.0,0.323,2.29,True,low,100.0,0.003301,0.004952,55.0,99.5,100.0,59.4,100,85.7,79.6,,
126,CHEMBL432211,CHEMBL432211,O=C(CCn1c2c(c(=O)[nH]c1=O)CCCC2)NCC(=O)c1ccc2ccccc2c1,PARP1,resistant,IC50,25.0,0.612,2.42,True,low,100.0,0.001301,0.006505,52.0,100.0,100.0,65.1,100,84.2,79.6,,
127,CHEMBL433356,CHEMBL433356,COc1ccc(C(=O)CNC(=O)CCn2c3c(c(=O)[nH]c2=O)CSCC3)cc1,PARP1,resistant,IC50,25.0,0.66,2.62,True,low,100.0,0.001301,0.006505,52.0,100.0,100.0,65.1,100,82.0,79.5,,
128,CHEMBL108623,CHEMBL108623,O=C(CCn1c2c(c(=O)[nH]c1=O)CSCC2)NCC(=O)N1CCN(c2cc(C(F)(F)F)ccn2)CC1,PARP1,resistant,IC50,20.0,0.566,2.97,True,low,96.3,0.001349,0.006747,54.0,100.0,96.3,67.5,100,78.1,79.5,,
129,CHEMBL202635,CHEMBL202635,COc1cc(CN2CCCCC2)c(Cl)cc1NC(=O)Nc1cnc(C#N)cn1,CHEK1,resistant,IC50,12.0,0.794,2.48,True,medium,100.0,0.00146,0.007302,58.4,86.9,100.0,73.0,100,83.6,79.4,,
130,CHEMBL5220632,CHEMBL5220632,Nc1nc(Cl)cc(-c2nn(C(F)F)cc2Cc2ccccc2OCC(=O)N2CCOCC2)n1,EZH2,resistant,IC50,24.2,0.52,2.98,True,low,100.0,0.001308,0.00654,52.3,100.0,100.0,65.4,100,78.0,79.4,,
131,CHEMBL2140173,CHEMBL2140173,C[C@@H]1CN(CC(=O)Nc2ccc3c(c2)Cc2cccc(-c4cc(=O)cc(N5CCOCC5)o4)c2S3)C[C@H](C)O1,ATM,resistant,IC50,6.0,0.397,3.84,True,medium,87.9,0.001611,0.008055,64.4,87.5,87.9,80.5,100,68.4,79.3,,
132,CHEMBL108137,CHEMBL108137,O=C(CCn1c2c(c(=O)[nH]c1=O)CSCC2)NCC(=O)c1ccc(-c2cncnc2)cc1,PARP1,resistant,IC50,25.0,0.516,2.84,True,low,100.0,0.001301,0.006505,52.0,100.0,100.0,65.1,100,79.6,79.3,,
133,CHEMBL108840,CHEMBL108840,O=C(CCn1c2c(c(=O)[nH]c1=O)CSCC2)NCC(=O)c1ccc(-c2cccnn2)cc1,PARP1,resistant,IC50,25.0,0.516,2.85,True,low,100.0,0.001301,0.006505,52.0,100.0,100.0,65.1,100,79.4,79.3,,
134,CHEMBL200258,CHEMBL200258,Nc1nccc(-c2[nH]c(-c3ccccc3)nc2-c2ccc(Cl)c(O)c2)n1,BRAF,escape_route,Kd,5.7,0.507,2.4,True,low,100.0,0.003244,0.004866,54.1,99.4,100.0,58.4,100,84.4,79.1,,
135,CHEMBL1879463,CHEMBL1879463,Cn1c(=O)n(-c2ccc(C(C)(C)C#N)cc2)c2c3cc(-c4cnc5ccccc5c4)ccc3ncc21,ATM,resistant,IC50,7.0,0.324,2.71,True,medium,86.5,0.001577,0.007887,63.1,87.4,86.5,78.9,100,81.0,79.0,,
136,CHEMBL4878379,CHEMBL4878379,COC(=O)c1c(Cc2ccccc2)c(-c2cc(Cl)nc(N)n2)nn1C,EZH2,resistant,IC50,28.0,0.569,2.6,True,low,100.0,0.001276,0.006382,51.1,100.0,100.0,63.8,100,82.2,79.0,,
137,CHEMBL381250,CHEMBL381250,Oc1cc(-c2[nH]c(-c3cccnc3)nc2-c2ccncc2)ccc1Cl,BRAF,escape_route,IC50,6.0,0.569,2.39,True,low,100.0,0.003222,0.004833,53.7,99.4,100.0,58.0,100,84.6,78.9,,
138,CHEMBL3765783,CHEMBL3765783,C[C@@H]1CN(CC(=O)Nc2ccc3c(c2)Sc2cccc(-c4cc(=O)cc(N5CCOCC5)o4)c2S3)C[C@H](C)O1,ATM,resistant,IC50,6.3,0.367,3.89,True,medium,87.3,0.0016,0.008002,64.0,87.4,87.3,80.0,100,67.9,78.9,,
139,CHEMBL3142900,CHEMBL3142900,O=C[C@H](CC(=O)O)NC(=O)C1CCCN2C(=O)CC[C@H](NC(=O)c3ccccc3F)C(=O)N12,CD274,immune,IC50,1.0,0.467,3.65,True,low,89.3,0.005,0.005,66.7,99.9,89.3,50.0,100,70.6,78.9,,
140,CHEMBL131737,CHEMBL131737,COc1ccc(-c2nc3c(C(N)=O)cccc3n2C)cc1,PARP1,resistant,Ki,32.0,0.801,1.99,True,low,100.0,0.001247,0.006237,49.9,100.0,100.0,62.4,100,89.0,78.8,,
141,CHEMBL388978,STAUROSPORINE,CN[C@@H]1C[C@H]2O[C@@](C)([C@@H]1OC)n1c3ccccc3c3c4c(c5c6ccccc6n2c5c31)C(=O)NC4,CHEK1,resistant,IC50,9.5,0.406,4.95,True,medium,98.1,0.001511,0.007556,60.4,87.2,98.1,75.6,100,56.1,78.7,,
142,CHEMBL388978,STAUROSPORINE,CN[C@@H]1C[C@H]2O[C@@](C)([C@@H]1OC)n1c3ccccc3c3c4c(c5c6ccccc6n2c5c31)C(=O)NC4,CHEK1,resistant,IC50,9.5,0.406,4.95,True,medium,98.1,0.001511,0.007556,60.4,87.2,98.1,75.6,100,56.1,78.7,,
143,CHEMBL388978,STAUROSPORINE,CN[C@@H]1C[C@H]2O[C@@](C)([C@@H]1OC)n1c3ccccc3c3c4c(c5c6ccccc6n2c5c31)C(=O)NC4,CHEK1,resistant,IC50,9.5,0.406,4.95,True,medium,98.1,0.001511,0.007556,60.4,87.2,98.1,75.6,100,56.1,78.7,,
144,CHEMBL388978,STAUROSPORINE,CN[C@@H]1C[C@H]2O[C@@](C)([C@@H]1OC)n1c3ccccc3c3c4c(c5c6ccccc6n2c5c31)C(=O)NC4,CHEK1,resistant,IC50,9.5,0.406,4.95,True,medium,98.1,0.001511,0.007556,60.4,87.2,98.1,75.6,100,56.1,78.7,,
145,CHEMBL107935,CHEMBL107935,O=C(CCn1c2c(c(=O)[nH]c1=O)CSCC2)NCC(=O)c1ccc(Oc2ccccc2)cc1,PARP1,resistant,IC50,30.0,0.495,2.61,True,low,100.0,0.001261,0.006307,50.5,100.0,100.0,63.1,100,82.1,78.7,,
146,CHEMBL326660,CHEMBL326660,O=C(CCn1c2c(c(=O)[nH]c1=O)CSCC2)NCC(=O)N1CCN(c2ccccc2)CC1,PARP1,resistant,IC50,30.0,0.641,2.64,True,low,100.0,0.001261,0.006307,50.5,100.0,100.0,63.1,100,81.8,78.7,,
147,CHEMBL388978,STAUROSPORINE,CN[C@@H]1C[C@H]2O[C@@](C)([C@@H]1OC)n1c3ccccc3c3c4c(c5c6ccccc6n2c5c31)C(=O)NC4,CHEK1,resistant,IC50,9.5,0.406,4.95,True,medium,98.1,0.001511,0.007556,60.4,87.2,98.1,75.6,100,56.1,78.7,,
148,CHEMBL388978,STAUROSPORINE,CN[C@@H]1C[C@H]2O[C@@](C)([C@@H]1OC)n1c3ccccc3c3c4c(c5c6ccccc6n2c5c31)C(=O)NC4,CHEK1,resistant,IC50,9.5,0.406,4.95,True,medium,98.1,0.001511,0.007556,60.4,87.2,98.1,75.6,100,56.1,78.7,,
149,CHEMBL108968,CHEMBL108968,O=C(CCn1c2c(c(=O)[nH]c1=O)CSCC2)NCC(=O)c1ccc(OC(=O)c2ccccc2)cc1,PARP1,resistant,IC50,30.0,0.279,2.65,True,low,100.0,0.001261,0.006307,50.5,100.0,100.0,63.1,100,81.7,78.7,,
150,CHEMBL200889,CHEMBL200889,CC(C)(CN)c1nc(-c2ccc(Cl)c(O)c2)c(-c2ccncc2)[nH]1,BRAF,escape_route,IC50,6.0,0.674,2.72,True,low,100.0,0.003222,0.004833,53.7,99.4,100.0,58.0,100,80.9,78.7,,
151,CHEMBL388978,STAUROSPORINE,CN[C@@H]1C[C@H]2O[C@@](C)([C@@H]1OC)n1c3ccccc3c3c4c(c5c6ccccc6n2c5c31)C(=O)NC4,CHEK1,resistant,IC50,9.5,0.406,4.95,True,medium,98.1,0.001511,0.007556,60.4,87.2,98.1,75.6,100,56.1,78.7,,
152,CHEMBL110115,CHEMBL110115,O=C(CCn1c2c(c(=O)[nH]c1=O)CSCC2)NCC(=O)c1ccc(OC(F)F)cc1,PARP1,resistant,IC50,30.0,0.601,2.79,True,low,100.0,0.001261,0.006307,50.5,100.0,100.0,63.1,100,80.1,78.6,,
153,CHEMBL312979,CHEMBL312979,O=C(O)c1c(Cc2cc3c(cc2Cl)OCO3)c(-c2ccco2)nn1CC1CCCCC1,CHEK2,resistant,IC50,9.8,0.55,2.84,True,medium,91.0,0.001504,0.007522,60.2,87.1,91.0,75.2,100,79.6,78.3,,
154,CHEMBL304624,CHEMBL304624,Oc1cccc(-c2nc(-c3ccccc3)[nH]c2-c2ccncc2)c1,BRAF,escape_route,Kd,8.0,0.585,2.11,True,low,100.0,0.003097,0.004645,51.6,99.2,100.0,55.7,100,87.7,78.0,,
155,CHEMBL208728,CHEMBL208728,N#Cc1cnc(NC(=O)Nc2cc(Cl)c(OCC3CCCO3)cc2N2CCCC2)cn1,CHEK1,resistant,IC50,15.0,0.699,3.14,True,medium,100.0,0.001412,0.00706,56.5,86.7,100.0,70.6,100,76.2,78.0,,
156,CHEMBL430707,CHEMBL430707,O=C(CCn1c2c(c(=O)[nH]c1=O)CSCC2)NCC(=O)N1CCN(c2ccccn2)CC1,PARP1,resistant,IC50,35.0,0.603,2.77,True,low,100.0,0.001228,0.00614,49.1,100.0,100.0,61.4,100,80.3,78.0,,
157,CHEMBL200320,CHEMBL200320,NCc1ccc(-c2nc(-c3ccc(Cl)c(O)c3)c(-c3ccncc3)[nH]2)cc1,BRAF,escape_route,IC50,8.0,0.484,2.38,True,low,100.0,0.003097,0.004645,51.6,99.2,100.0,55.7,100,84.7,77.9,,
158,CHEMBL373013,CHEMBL373013,COc1cc2c(Nc3ncc(CC(=O)Nc4cccc(F)c4)s3)ncnc2cc1OCCCNCCO,AURKA,resistant,IC50,5.0,0.193,2.69,True,medium,73.9,0.001651,0.008253,66.0,87.6,73.9,82.5,100,81.2,77.9,,
159,CHEMBL314206,CHEMBL314206,COc1ccc(Cn2nc(-c3cccs3)c(Cc3cc4c(cc3Cl)OCO4)c2C(=O)O)c(OCC(=O)O)c1,CHEK2,resistant,IC50,8.6,0.283,2.89,True,medium,85.7,0.001533,0.007664,61.3,87.2,85.7,76.6,100,79.0,77.8,,
160,CHEMBL112207,CHEMBL112207,CC(C)[C@H](CC(=O)NCCc1cn(C)c2ccccc12)C(=O)NC(CC(=O)O)C(=O)CNS(=O)(=O)CC12CCC(CC1=O)C2(C)C,CD274,immune,IC50,0.4,0.212,5.0,True,low,74.2,0.005497,0.005497,73.3,100.0,74.2,55.0,100,55.6,77.8,,
161,CHEMBL393525,CHEMBL393525,Cc1ccc([N+](=O)[O-])cc1S(=O)(=O)N(C)/N=C/c1cnc2ccc(Br)cn12,PIK3CA,escape_route,IC50,7.8,0.336,2.89,True,low,100.0,0.003108,0.004662,51.8,99.2,100.0,55.9,100,79.0,77.7,,
162,CHEMBL393525,CHEMBL393525,Cc1ccc([N+](=O)[O-])cc1S(=O)(=O)N(C)/N=C/c1cnc2ccc(Br)cn12,PIK3CA,escape_route,IC50,7.8,0.336,2.89,True,low,100.0,0.003108,0.004662,51.8,99.2,100.0,55.9,100,79.0,77.7,,
163,CHEMBL191816,CHEMBL191816,CC(C)(C)c1ccc(C(=O)Nc2n[nH]c3c2CN(C(=O)c2ccco2)C3)cc1,AURKA,resistant,IC50,41.0,0.727,2.48,True,low,100.0,0.001194,0.005968,47.7,100.0,100.0,59.7,100,83.6,77.5,,
164,CHEMBL110178,CHEMBL110178,O=C(CCn1c2c(c(=O)[nH]c1=O)CSCC2)NCC(=O)N1CCN(c2ccncc2)CC1,PARP1,resistant,IC50,40.0,0.603,2.8,True,low,100.0,0.001199,0.005995,48.0,100.0,100.0,60.0,100,80.0,77.4,,
165,CHEMBL155513,CHEMBL155513,CCCCCC[Se](=O)(=O)CC(=O)C(F)(F)F,FOLH1,other,IC50,3.388,0.536,3.67,True,low,100.0,0.004338,0.004338,57.8,99.7,100.0,43.4,100,70.3,77.3,,
166,CHEMBL388978,STAUROSPORINE,CN[C@@H]1C[C@H]2O[C@@](C)([C@@H]1OC)n1c3ccccc3c3c4c(c5c6ccccc6n2c5c31)C(=O)NC4,PARP2,resistant,Kd,13.0,0.406,4.95,True,medium,98.1,0.001443,0.007215,57.7,86.9,98.1,72.2,100,56.1,77.3,,
167,CHEMBL388978,STAUROSPORINE,CN[C@@H]1C[C@H]2O[C@@](C)([C@@H]1OC)n1c3ccccc3c3c4c(c5c6ccccc6n2c5c31)C(=O)NC4,PARP2,resistant,Kd,13.0,0.406,4.95,True,medium,98.1,0.001443,0.007215,57.7,86.9,98.1,72.2,100,56.1,77.3,,
168,CHEMBL388978,STAUROSPORINE,CN[C@@H]1C[C@H]2O[C@@](C)([C@@H]1OC)n1c3ccccc3c3c4c(c5c6ccccc6n2c5c31)C(=O)NC4,PARP2,resistant,Kd,13.0,0.406,4.95,True,medium,98.1,0.001443,0.007215,57.7,86.9,98.1,72.2,100,56.1,77.3,,
169,CHEMBL388978,STAUROSPORINE,CN[C@@H]1C[C@H]2O[C@@](C)([C@@H]1OC)n1c3ccccc3c3c4c(c5c6ccccc6n2c5c31)C(=O)NC4,PARP2,resistant,Kd,13.0,0.406,4.95,True,medium,98.1,0.001443,0.007215,57.7,86.9,98.1,72.2,100,56.1,77.3,,
170,CHEMBL388978,STAUROSPORINE,CN[C@@H]1C[C@H]2O[C@@](C)([C@@H]1OC)n1c3ccccc3c3c4c(c5c6ccccc6n2c5c31)C(=O)NC4,PARP2,resistant,Kd,13.0,0.406,4.95,True,medium,98.1,0.001443,0.007215,57.7,86.9,98.1,72.2,100,56.1,77.3,,
171,CHEMBL388978,STAUROSPORINE,CN[C@@H]1C[C@H]2O[C@@](C)([C@@H]1OC)n1c3ccccc3c3c4c(c5c6ccccc6n2c5c31)C(=O)NC4,PARP2,resistant,Kd,13.0,0.406,4.95,True,medium,98.1,0.001443,0.007215,57.7,86.9,98.1,72.2,100,56.1,77.3,,
172,CHEMBL388978,STAUROSPORINE,CN[C@@H]1C[C@H]2O[C@@](C)([C@@H]1OC)n1c3ccccc3c3c4c(c5c6ccccc6n2c5c31)C(=O)NC4,PARP2,resistant,Kd,13.0,0.406,4.95,True,medium,98.1,0.001443,0.007215,57.7,86.9,98.1,72.2,100,56.1,77.3,,
173,CHEMBL315622,CHEMBL315622,O=C(O)c1c(Cc2cc3c(cc2Cl)OCO3)c(-c2ccccc2)nn1Cc1cccc(Cl)c1,CHEK2,resistant,IC50,11.0,0.37,2.51,True,medium,87.4,0.001479,0.007397,59.2,87.0,87.4,74.0,100,83.2,77.2,,
174,CHEMBL205951,CHEMBL205951,COc1cc(C=O)ccc1NC(=O)Nc1cnc(C#N)cn1,CHEK1,resistant,IC50,45.0,0.831,2.41,True,low,100.0,0.001173,0.005867,46.9,100.0,100.0,58.7,100,84.3,77.1,,
175,CHEMBL200412,CHEMBL200412,O/N=C/c1ccc(-c2[nH]c(-c3ccccc3)nc2-c2ccncc2)cc1Cl,BRAF,escape_route,Kd,6.0,0.29,2.44,True,low,90.8,0.003222,0.004833,53.7,99.4,90.8,58.0,100,84.0,77.0,,
176,CHEMBL25802,CHEMBL25802,Oc1cc(C(F)(F)F)c2cc3c(cc2n1)NC[C@H]1CCCC[C@H]31,AR,sensitive,EC50,2.0,0.741,3.66,True,low,100.0,0.009247,0.001387,70.9,100.0,100.0,13.9,100,70.4,76.9,,
177,CHEMBL388978,STAUROSPORINE,CN[C@@H]1C[C@H]2O[C@@](C)([C@@H]1OC)n1c3ccccc3c3c4c(c5c6ccccc6n2c5c31)C(=O)NC4,AKT1,escape_route,IC50,1.5,0.406,4.95,True,medium,98.1,0.003824,0.005736,63.7,79.9,98.1,68.8,100,56.1,76.8,,
178,CHEMBL388978,STAUROSPORINE,CN[C@@H]1C[C@H]2O[C@@](C)([C@@H]1OC)n1c3ccccc3c3c4c(c5c6ccccc6n2c5c31)C(=O)NC4,AKT1,escape_route,IC50,1.5,0.406,4.95,True,medium,98.1,0.003824,0.005736,63.7,79.9,98.1,68.8,100,56.1,76.8,,
179,CHEMBL388978,STAUROSPORINE,CN[C@@H]1C[C@H]2O[C@@](C)([C@@H]1OC)n1c3ccccc3c3c4c(c5c6ccccc6n2c5c31)C(=O)NC4,AKT1,escape_route,IC50,1.5,0.406,4.95,True,medium,98.1,0.003824,0.005736,63.7,79.9,98.1,68.8,100,56.1,76.8,,
180,CHEMBL424696,CHEMBL424696,c1ccc(Nc2ncc(-c3ccnc(OC4CCCCC4)n3)s2)nc1,CDK4,sensitive,IC50,2.5,0.73,2.62,True,low,100.0,0.009005,0.001351,69.0,100.0,100.0,13.5,100,82.0,76.8,,
181,CHEMBL388978,STAUROSPORINE,CN[C@@H]1C[C@H]2O[C@@](C)([C@@H]1OC)n1c3ccccc3c3c4c(c5c6ccccc6n2c5c31)C(=O)NC4,AKT1,escape_route,IC50,1.5,0.406,4.95,True,medium,98.1,0.003824,0.005736,63.7,79.9,98.1,68.8,100,56.1,76.8,,
182,CHEMBL388978,STAUROSPORINE,CN[C@@H]1C[C@H]2O[C@@](C)([C@@H]1OC)n1c3ccccc3c3c4c(c5c6ccccc6n2c5c31)C(=O)NC4,AKT1,escape_route,IC50,1.5,0.406,4.95,True,medium,98.1,0.003824,0.005736,63.7,79.9,98.1,68.8,100,56.1,76.8,,
183,CHEMBL388978,STAUROSPORINE,CN[C@@H]1C[C@H]2O[C@@](C)([C@@H]1OC)n1c3ccccc3c3c4c(c5c6ccccc6n2c5c31)C(=O)NC4,AKT1,escape_route,IC50,1.5,0.406,4.95,True,medium,98.1,0.003824,0.005736,63.7,79.9,98.1,68.8,100,56.1,76.8,,
184,CHEMBL203624,CHEMBL203624,N[C@H](CNc1cncc(/C=C/c2ccncc2)c1)Cc1c[nH]c2ccccc12,AKT1,escape_route,IC50,9.7,0.458,3.01,True,low,100.0,0.003013,0.00452,50.2,99.0,100.0,54.2,100,77.7,76.8,,
185,CHEMBL388978,STAUROSPORINE,CN[C@@H]1C[C@H]2O[C@@](C)([C@@H]1OC)n1c3ccccc3c3c4c(c5c6ccccc6n2c5c31)C(=O)NC4,AKT1,escape_route,IC50,1.5,0.406,4.95,True,medium,98.1,0.003824,0.005736,63.7,79.9,98.1,68.8,100,56.1,76.8,,
186,CHEMBL111839,CHEMBL111839,CC(=O)N[C@@H](Cc1ccc(O)cc1)C(=O)N[C@H](C(=O)N[C@@H](C)C(=O)NC(C=O)CC(=O)O)C(C)C,CD274,immune,IC50,0.76,0.194,3.54,True,low,73.9,0.005149,0.005149,68.7,99.9,73.9,51.5,100,71.8,76.7,,
187,CHEMBL419020,CHEMBL419020,O=C(CCn1c2c(c(=O)[nH]c1=O)CSCC2)NCC(=O)N1CCN(c2ncccc2C(F)(F)F)CC1,PARP1,resistant,IC50,40.0,0.566,2.96,True,low,96.3,0.001199,0.005995,48.0,100.0,96.3,60.0,100,78.2,76.6,,
188,CHEMBL589258,CHEMBL589258,CCn1nnc2c(N3CCOCC3)nc(-c3ccc(NC(=O)Nc4ccc(C(=O)N5CCN(C)CC5)cc4)cc3)nc21,PIK3CB,escape_route,IC50,7.0,0.359,2.67,True,low,92.2,0.003155,0.004732,52.6,99.3,92.2,56.8,100,81.4,76.6,,
189,CHEMBL1086923,CHEMBL1086923,CS(=O)(=O)N1CCN(Cc2cc3nc(-c4cccc(O)c4)nc(N4CCOCC4)c3s2)CC1,PIK3CB,escape_route,IC50,11.0,0.581,2.69,True,low,100.0,0.002959,0.004438,49.3,98.9,100.0,53.3,100,81.2,76.6,,
190,CHEMBL153080,CHEMBL153080,CCCCCCNCC(=O)C(F)(F)F,FOLH1,other,IC50,5.495,0.654,2.31,True,low,100.0,0.004075,0.004075,54.3,99.5,100.0,40.7,100,85.4,76.5,,
191,CHEMBL206460,CHEMBL206460,COc1cc(NC(=O)Cc2ccc(S(C)(=O)=O)cc2)c(Cl)cc1NC(=O)Nc1cnc(C#N)cn1,CHEK1,resistant,IC50,7.0,0.432,2.55,True,medium,73.6,0.001577,0.007887,63.1,87.4,73.6,78.9,100,82.8,76.5,,
192,CHEMBL383970,CHEMBL383970,CN1C(=O)C[C@H](c2ccccc2F)[C@@H]1[C@H](O)c1ccc(-c2ccccc2)s1,KRAS,escape_route,IC50,10.0,0.717,3.44,True,low,100.0,0.003,0.0045,50.0,99.0,100.0,54.0,100,72.9,76.5,,
193,CHEMBL200172,CHEMBL200172,CC(C)(C)c1nc(-c2ccc(Cl)c(O)c2)c(-c2ccncc2)[nH]1,BRAF,escape_route,IC50,12.0,0.711,2.49,True,low,100.0,0.002921,0.004381,48.7,98.8,100.0,52.6,100,83.4,76.4,,
194,CHEMBL373011,CHEMBL373011,Oc1cc(-c2nc(-c3ccccc3)[nH]c2-c2ccncc2)ccc1Cl,BRAF,escape_route,IC50,10.0,0.537,2.22,True,low,95.7,0.003,0.0045,50.0,99.0,95.7,54.0,100,86.4,76.3,,
195,CHEMBL388978,STAUROSPORINE,CN[C@@H]1C[C@H]2O[C@@](C)([C@@H]1OC)n1c3ccccc3c3c4c(c5c6ccccc6n2c5c31)C(=O)NC4,AURKA,resistant,Kd,16.0,0.406,4.95,True,medium,98.1,0.001398,0.00699,55.9,86.6,98.1,69.9,100,56.1,76.3,,
196,CHEMBL388978,STAUROSPORINE,CN[C@@H]1C[C@H]2O[C@@](C)([C@@H]1OC)n1c3ccccc3c3c4c(c5c6ccccc6n2c5c31)C(=O)NC4,AURKA,resistant,Kd,16.0,0.406,4.95,True,medium,98.1,0.001398,0.00699,55.9,86.6,98.1,69.9,100,56.1,76.3,,
197,CHEMBL388978,STAUROSPORINE,CN[C@@H]1C[C@H]2O[C@@](C)([C@@H]1OC)n1c3ccccc3c3c4c(c5c6ccccc6n2c5c31)C(=O)NC4,AURKA,resistant,Kd,16.0,0.406,4.95,True,medium,98.1,0.001398,0.00699,55.9,86.6,98.1,69.9,100,56.1,76.3,,
198,CHEMBL388978,STAUROSPORINE,CN[C@@H]1C[C@H]2O[C@@](C)([C@@H]1OC)n1c3ccccc3c3c4c(c5c6ccccc6n2c5c31)C(=O)NC4,AURKA,resistant,Kd,16.0,0.406,4.95,True,medium,98.1,0.001398,0.00699,55.9,86.6,98.1,69.9,100,56.1,76.3,,
199,CHEMBL388978,STAUROSPORINE,CN[C@@H]1C[C@H]2O[C@@](C)([C@@H]1OC)n1c3ccccc3c3c4c(c5c6ccccc6n2c5c31)C(=O)NC4,AURKA,resistant,Kd,16.0,0.406,4.95,True,medium,98.1,0.001398,0.00699,55.9,86.6,98.1,69.9,100,56.1,76.3,,
200,CHEMBL388978,STAUROSPORINE,CN[C@@H]1C[C@H]2O[C@@](C)([C@@H]1OC)n1c3ccccc3c3c4c(c5c6ccccc6n2c5c31)C(=O)NC4,AURKA,resistant,Kd,16.0,0.406,4.95,True,medium,98.1,0.001398,0.00699,55.9,86.6,98.1,69.9,100,56.1,76.3,,
201,CHEMBL388978,STAUROSPORINE,CN[C@@H]1C[C@H]2O[C@@](C)([C@@H]1OC)n1c3ccccc3c3c4c(c5c6ccccc6n2c5c31)C(=O)NC4,AURKA,resistant,Kd,16.0,0.406,4.95,True,medium,98.1,0.001398,0.00699,55.9,86.6,98.1,69.9,100,56.1,76.3,,
202,CHEMBL1084926,CHEMBL1084926,CC(C)(O)c1cc2nc(-c3cnc(N)nc3)nc(N3CCOCC3)c2s1,PIK3CB,escape_route,IC50,12.0,0.716,2.91,True,low,100.0,0.002921,0.004381,48.7,98.8,100.0,52.6,100,78.8,76.1,,
203,CHEMBL371952,CHEMBL371952,Oc1cc(-c2[nH]c(-c3ccco3)nc2-c2ccncc2)ccc1Cl,BRAF,escape_route,IC50,13.0,0.565,2.48,True,low,100.0,0.002886,0.004329,48.1,98.7,100.0,51.9,100,83.6,76.1,,
204,CHEMBL3698644,CHEMBL3698644,c1cc2c3cnc(Nc4cnc(N5CCNCC5)nc4)nc3n(C3CCCC3)c2cn1,CDK6,sensitive,IC50,1.1,0.525,2.85,True,medium,100.0,0.009897,0.001484,75.9,87.9,100.0,14.8,100,79.4,75.9,,
205,CHEMBL427787,CHEMBL427787,C[C@@H](C(=O)N1Cc2[nH]nc(NC(=O)c3ccc(N4CCN(C)CC4)cc3)c2C1)c1ccccc1,AURKA,resistant,IC50,24.0,0.614,2.96,True,medium,100.0,0.00131,0.006549,52.4,85.9,100.0,65.5,100,78.2,75.9,,
206,CHEMBL206139,CHEMBL206139,COc1cc([N+](=O)[O-])c(Cl)cc1NC(=O)Nc1cnc(C#N)cn1,CHEK1,resistant,IC50,42.0,0.638,2.52,True,low,92.8,0.001188,0.005942,47.5,100.0,92.8,59.4,100,83.1,75.9,,
207,CHEMBL206663,CHEMBL206663,CN(C)CCOCCOc1cc(N2CCCC2)c(NC(=O)Nc2cnc(C#N)cn2)cc1Cl,CHEK1,resistant,IC50,25.0,0.505,2.76,True,medium,100.0,0.001301,0.006505,52.0,85.8,100.0,65.1,100,80.4,75.8,,
208,CHEMBL428496,WORTMANNIN,COC[C@H]1OC(=O)c2coc3c2[C@@]1(C)C1=C(C3=O)[C@@H]2CCC(=O)[C@@]2(C)C[C@H]1OC(C)=O,PIK3CB,escape_route,IC50,10.0,0.676,4.66,True,low,100.0,0.003,0.0045,50.0,99.0,100.0,54.0,100,59.3,75.8,,
209,CHEMBL428496,WORTMANNIN,COC[C@H]1OC(=O)c2coc3c2[C@@]1(C)C1=C(C3=O)[C@@H]2CCC(=O)[C@@]2(C)C[C@H]1OC(C)=O,PIK3CB,escape_route,IC50,10.0,0.676,4.66,True,low,100.0,0.003,0.0045,50.0,99.0,100.0,54.0,100,59.3,75.8,,
210,CHEMBL428496,WORTMANNIN,COC[C@H]1OC(=O)c2coc3c2[C@@]1(C)C1=C(C3=O)[C@@H]2CCC(=O)[C@@]2(C)C[C@H]1OC(C)=O,PIK3CB,escape_route,IC50,10.0,0.676,4.66,True,low,100.0,0.003,0.0045,50.0,99.0,100.0,54.0,100,59.3,75.8,,
211,CHEMBL315936,CHEMBL315936,O=C(O)c1c(Cc2cc3c(cc2Cl)OCO3)c(-c2ccccc2)nn1CC1CCCC(C(=O)O)C1,CHEK2,resistant,IC50,14.8,0.467,3.47,True,medium,89.3,0.001415,0.007074,56.6,86.7,89.3,70.7,100,72.6,75.8,,
212,CHEMBL111606,CHEMBL111606,O=C(CCn1c2c(c(=O)[nH]c1=O)CSCC2)NCC(=O)c1ccc(Cl)cc1,PARP1,resistant,IC50,60.0,0.704,2.64,True,low,100.0,0.001111,0.005555,44.4,100.0,100.0,55.5,100,81.8,75.8,,
213,CHEMBL370353,CHEMBL370353,Oc1cc(-c2[nH]c(-c3ccccc3)nc2-c2ccncn2)ccc1Cl,BRAF,escape_route,Kd,14.0,0.569,2.41,True,low,100.0,0.002854,0.004281,47.6,98.6,100.0,51.4,100,84.3,75.8,,
214,CHEMBL431493,CHEMBL431493,Oc1cc(C(F)(F)F)c2cc3c(cc2n1)NC[C@@H]1CCCC[C@H]31,AR,sensitive,EC50,3.0,0.741,3.66,True,low,100.0,0.008807,0.001321,67.5,100.0,100.0,13.2,100,70.4,75.8,,
215,CHEMBL159124,CHEMBL159124,COC(=O)c1c(C)[nH]c2c1[C@@]13C[C@@H]1CN(C(=O)/C=C/c1cnc(OC)nc1)C3=CC2=O,MAP2K1,sensitive,IC50,2.5,0.592,4.48,True,low,100.0,0.009005,0.001351,69.0,100.0,100.0,13.5,100,61.3,75.8,,
216,CHEMBL4246320,CHEMBL4246320,Cc1ccc2c(c1)CCCN2S(=O)(=O)c1ccc(N2CCCC2=O)cc1,MDM2,sensitive,EC50,4.0,0.833,2.17,True,low,100.0,0.008495,0.001274,65.1,100.0,100.0,12.7,100,87.0,75.8,,
217,CHEMBL440542,CHEMBL440542,CCCCCCSCC(=O)C(F)(F)F,FOLH1,other,IC50,6.918,0.621,2.43,True,low,100.0,0.00395,0.00395,52.7,99.3,100.0,39.5,100,84.1,75.8,,
218,CHEMBL4238053,CHEMBL4238053,COc1ccc2c(c1)N(C)CCN2S(=O)(=O)c1ccc(N2CCCC2=O)cc1,MDM2,sensitive,EC50,4.0,0.787,2.38,True,low,100.0,0.008495,0.001274,65.1,100.0,100.0,12.7,100,84.7,75.7,,
219,CHEMBL298445,CHEMBL298445,Cc1nc(N)sc1-c1ccnc(Nc2cccc([N+](=O)[O-])c2)n1,CDK4,sensitive,Ki,4.0,0.557,2.42,True,low,100.0,0.008495,0.001274,65.1,100.0,100.0,12.7,100,84.2,75.7,,
220,CHEMBL3237704,CHEMBL3237704,CC1(C)CCC(n2c3cnccc3c3cnc(Nc4ccc(N5CCNCC5)cn4)nc32)CC1,CDK6,sensitive,IC50,1.1,0.462,3.0,True,medium,99.2,0.009897,0.001484,75.9,87.9,99.2,14.8,100,77.8,75.7,,
221,CHEMBL1086924,CHEMBL1086924,CS(=O)(=O)N1CCN(Cc2cc3nc(-c4cccnc4)nc(N4CCOCC4)c3s2)CC1,PIK3CB,escape_route,IC50,14.0,0.552,2.68,True,low,100.0,0.002854,0.004281,47.6,98.6,100.0,51.4,100,81.3,75.7,,
222,CHEMBL320579,CHEMBL320579,O=C(Cn1c2c(c(=O)[nH]c1=O)CSCC2)NCCC(=O)N1CCN(c2ncccn2)CC1,PARP1,resistant,IC50,60.0,0.56,2.84,True,low,100.0,0.001111,0.005555,44.4,100.0,100.0,55.5,100,79.6,75.6,,
223,CHEMBL5221008,CHEMBL5221008,Cn1cc(Cc2ccccc2Cl)c(-c2cc(Cl)nc(N)n2)n1,EZH2,resistant,IC50,64.0,0.746,2.63,True,low,100.0,0.001097,0.005485,43.9,100.0,100.0,54.9,100,81.9,75.5,,
224,CHEMBL383541,CHEMBL383541,N[C@H](COc1cncc(/C=C/c2ccncc2)c1)Cc1c[nH]c2ccccc12,AKT1,escape_route,IC50,14.0,0.514,2.95,True,low,100.0,0.002854,0.004281,47.6,98.6,100.0,51.4,100,78.3,75.5,,
225,CHEMBL717,CHEMBL717,CC(=O)O[C@]1(C(C)=O)CC[C@H]2[C@@H]3C[C@H](C)C4=CC(=O)CC[C@]4(C)[C@H]3CC[C@@]21C,AR,sensitive,Ki,2.9,0.648,4.4,True,low,100.0,0.008844,0.001327,67.8,100.0,100.0,13.3,100,62.2,75.4,,
226,CHEMBL5220075,CHEMBL5220075,COc1ccccc1Cc1cn(C)nc1-c1cc(Cl)nc(N)n1,EZH2,resistant,IC50,67.0,0.744,2.59,True,low,100.0,0.001087,0.005435,43.5,100.0,100.0,54.4,100,82.3,75.3,,
227,CHEMBL363857,CHEMBL363857,CN1CCN(c2ccc(C(=O)Nc3[nH]nc4c3CN(C(=O)Cc3ccsc3)C4)cc2)CC1,AURKA,resistant,IC50,65.0,0.624,2.82,True,low,100.0,0.001094,0.005468,43.7,100.0,100.0,54.7,100,79.8,75.3,,
228,CHEMBL541643,CHEMBL541643,Cl.Oc1cccc(-c2nc(N3CCOCC3)c3sccc3n2)c1,PIK3CB,escape_route,IC50,16.0,0.769,2.44,True,low,100.0,0.002796,0.004194,46.6,98.4,100.0,50.3,100,84.0,75.3,,
229,CHEMBL541643,CHEMBL541643,Cl.Oc1cccc(-c2nc(N3CCOCC3)c3sccc3n2)c1,PIK3CB,escape_route,IC50,16.0,0.769,2.44,True,low,100.0,0.002796,0.004194,46.6,98.4,100.0,50.3,100,84.0,75.3,,
230,CHEMBL204318,CHEMBL204318,CCCCC(=O)Nc1ncc(Nc2ncnc3cc(OCCCN4CCOCC4)c(OC)cc23)cn1,AURKA,resistant,IC50,17.0,0.361,2.63,True,medium,87.2,0.001385,0.006924,55.4,86.5,87.2,69.2,100,81.9,75.2,,
231,CHEMBL107616,CHEMBL107616,O=C(CCn1c2c(c(=O)[nH]c1=O)CSCC2)NCC(=O)c1cccc(-c2ccccc2)c1,PARP1,resistant,IC50,70.0,0.54,2.61,True,low,100.0,0.001077,0.005387,43.1,100.0,100.0,53.9,100,82.1,75.1,,
232,CHEMBL208537,CHEMBL208537,COc1cc(CN2CCN(C)CC2)ccc1NC(=O)Nc1cnc(C#N)cn1,CHEK1,resistant,IC50,73.0,0.812,2.39,True,low,100.0,0.001068,0.005342,42.7,100.0,100.0,53.4,100,84.6,75.1,,
233,CHEMBL390728,CHEMBL390728,CCC1CCNc2cc3[nH]c(=O)cc(C(F)(F)F)c3cc21,AR,sensitive,EC50,4.0,0.839,3.34,True,low,100.0,0.008495,0.001274,65.1,100.0,100.0,12.7,100,74.0,75.1,,
234,CHEMBL158368,CHEMBL158368,COC(=O)c1c(C)[nH]c2c1[C@@]13C[C@@H]1CN(C(=O)/C=C/c1ccc(OC)nc1)C3=CC2=O,MAP2K1,sensitive,IC50,3.3,0.603,4.33,True,low,100.0,0.008704,0.001306,66.7,100.0,100.0,13.1,100,63.0,75.1,,
235,CHEMBL205543,CHEMBL205543,CN1CCN(c2cc(OC3CCOC3)c(NC(=O)Nc3cnc(C#N)cn3)cc2Cl)CC1,CHEK1,resistant,IC50,66.0,0.703,3.27,True,low,100.0,0.00109,0.005451,43.6,100.0,100.0,54.5,100,74.8,75.0,,
236,CHEMBL200637,CHEMBL200637,C/C(=N\O)c1ccc(-c2[nH]c(-c3ccccc3)nc2-c2ccncc2)cc1,BRAF,escape_route,Kd,11.0,0.307,2.27,True,low,91.1,0.002959,0.004438,49.3,98.9,91.1,53.3,100,85.9,75.0,,
237,CHEMBL322957,CHEMBL322957,O=C(CCn1c2c(c(=O)[nH]c1=O)CSCC2)NCC(=O)c1cccc(Br)c1,PARP1,resistant,IC50,70.0,0.647,2.74,True,low,100.0,0.001077,0.005387,43.1,100.0,100.0,53.9,100,80.7,75.0,,
238,CHEMBL1085160,CHEMBL1085160,CS(=O)(=O)N1CCN(Cc2cc3nc(-c4cccc(CO)c4)nc(N4CCOCC4)c3s2)CC1,PIK3CB,escape_route,IC50,14.0,0.543,2.7,True,low,95.9,0.002854,0.004281,47.6,98.6,95.9,51.4,100,81.1,74.9,,
239,CHEMBL543394,CHEMBL543394,Cl.Oc1nc2ccc(N3CCC(N4CCCC4)CC3)nc2c2ccccc12,PARP1,resistant,IC50,75.0,0.677,2.51,True,low,100.0,0.001062,0.005312,42.5,100.0,100.0,53.1,100,83.2,74.9,,
240,CHEMBL4848035,CHEMBL4848035,Cc1c(Cc2cccs2)c(-c2cc(Cl)nc(N)n2)nn1C,EZH2,resistant,IC50,74.0,0.753,2.81,True,low,100.0,0.001065,0.005327,42.6,100.0,100.0,53.3,100,79.9,74.8,,
241,CHEMBL421605,CHEMBL421605,O=C(CCn1c2c(c(=O)[nH]c1=O)CCCC2)NCC(=O)c1ccc(Br)cc1,PARP1,resistant,IC50,80.0,0.674,2.43,True,low,100.0,0.001048,0.005242,41.9,100.0,100.0,52.4,100,84.1,74.6,,
242,CHEMBL1083152,CHEMBL1083152,CNc1nc(C)c(-c2ccnc(Nc3cc(OC)c(OC)c(OC)c3)n2)s1,CDK4,sensitive,Ki,6.0,0.634,2.48,True,low,100.0,0.008055,0.001208,61.8,100.0,100.0,12.1,100,83.6,74.5,,
243,CHEMBL146858,CHEMBL146858,CC1(C)NC(=O)N(c2ccc(C#N)c(C(F)(F)F)c2)C1=O,AR,sensitive,IC50,6.0,0.809,2.57,True,low,100.0,0.008055,0.001208,61.8,100.0,100.0,12.1,100,82.6,74.5,,
244,CHEMBL445813,CHEMBL445813,O=C(NC1CCNCC1)c1n[nH]cc1NC(=O)c1c(Cl)cccc1Cl,CDK4,sensitive,Kd,5.8,0.653,2.73,True,low,100.0,0.008091,0.001214,62.0,100.0,100.0,12.1,100,80.8,74.5,,
245,CHEMBL445813,CHEMBL445813,O=C(NC1CCNCC1)c1n[nH]cc1NC(=O)c1c(Cl)cccc1Cl,CDK4,sensitive,Kd,5.8,0.653,2.73,True,low,100.0,0.008091,0.001214,62.0,100.0,100.0,12.1,100,80.8,74.5,,
246,CHEMBL205950,CHEMBL205950,CN(C)CCOc1cc(OCC2(C)COC2)c(NC(=O)Nc2cnc(C#N)cn2)cc1Cl,CHEK1,resistant,IC50,32.0,0.585,2.97,True,medium,100.0,0.001247,0.006237,49.9,85.2,100.0,62.4,100,78.1,74.5,,
247,CHEMBL540695,CHEMBL540695,O=C(Nc1ccncc1)Nc1ccc(-c2nc(N3CCOCC3)c3cnn(C4CCN(C(=O)c5cccnc5)CC4)c3n2)cc1,MTOR,escape_route,IC50,0.83,0.291,2.86,True,medium,70.8,0.004081,0.006121,68.0,79.9,70.8,73.5,100,79.3,74.5,,
248,CHEMBL108316,CHEMBL108316,O=C(CCn1c2c(c(=O)[nH]c1=O)CSCC2)NCC(=O)N1CCN(c2ncncn2)CC1,PARP1,resistant,IC50,50.0,0.518,3.0,True,low,90.4,0.001151,0.005753,46.0,100.0,90.4,57.5,100,77.8,74.4,,
249,CHEMBL5221093,CHEMBL5221093,Cn1cc(Cc2ccccc2Oc2ccccc2)c(-c2cc(Cl)nc(N)n2)n1,EZH2,resistant,IC50,87.1,0.507,2.54,True,low,100.0,0.00103,0.00515,41.2,100.0,100.0,51.5,100,82.9,74.2,,
250,CHEMBL427196,CHEMBL427196,OCc1ccc(-c2[nH]c(-c3ccccc3)nc2-c2ccncc2)cc1O,BRAF,escape_route,Kd,22.0,0.523,2.32,True,low,100.0,0.002658,0.003986,44.3,97.8,100.0,47.8,100,85.3,74.2,,
251,CHEMBL107260,CHEMBL107260,O=C(CCn1c2c(c(=O)[nH]c1=O)CCCC2)NCC(=O)N1CCN(c2ncccn2)CC1,PARP1,resistant,IC50,90.0,0.591,2.62,True,low,100.0,0.001023,0.005114,40.9,100.0,100.0,51.1,100,82.0,74.0,,
252,CHEMBL564099,CHEMBL564099,CNC(=O)Nc1ccc(-c2nc(N3CCOCC3)c3cnn(C4CCN(C)CC4)c3n2)cc1,MTOR,escape_route,IC50,22.0,0.629,2.62,True,low,100.0,0.002658,0.003986,44.3,97.8,100.0,47.8,100,82.0,74.0,,
253,CHEMBL205744,CHEMBL205744,N#Cc1cnc(NC(=O)Nc2cc(Cl)c(OCc3cccnc3)cc2N2CCCC2)cn1,CHEK1,resistant,IC50,38.0,0.578,2.63,True,medium,100.0,0.00121,0.006051,48.4,84.7,100.0,60.5,100,81.9,73.9,,
254,CHEMBL114791,CHEMBL114791,O=C[C@H](CC(=O)O)NC(=O)[C@@H]1Cc2cccc3c2N1C(=O)[C@@H](NC(=O)c1cccc2ccccc12)CC3,CD274,immune,IC50,10.0,0.426,3.62,True,low,100.0,0.00375,0.00375,50.0,99.0,100.0,37.5,100,70.9,73.9,,
255,CHEMBL205699,CHEMBL205699,CN1CCN(c2cc(OCc3cccnc3)c(NC(=O)Nc3cnc(C#N)cn3)cc2Cl)CC1,CHEK1,resistant,IC50,38.0,0.553,2.69,True,medium,100.0,0.00121,0.006051,48.4,84.7,100.0,60.5,100,81.2,73.8,,
256,CHEMBL381172,CHEMBL381172,COc1cc(CN2CCOCC2)ccc1NC(=O)Nc1cnc(C#N)cn1,CHEK1,resistant,IC50,96.0,0.828,2.39,True,low,100.0,0.001009,0.005044,40.4,99.4,100.0,50.4,100,84.6,73.8,,
257,CHEMBL359106,CHEMBL359106,NC1=N/C(=C2\CCNC(=O)c3[nH]c(Br)cc32)C(=O)N1,MAPK1,sensitive,IC50,6.0,0.506,3.74,True,low,100.0,0.008055,0.001208,61.8,100.0,100.0,12.1,100,69.6,73.8,,
258,CHEMBL27769,CHEMBL27769,C[C@]12CCC(=O)C[C@@H]1CC[C@@H]1[C@@H]2CC[C@]2(C)[C@@H](O)CC[C@@H]12,AR,sensitive,EC50,6.0,0.733,3.99,True,low,100.0,0.008055,0.001208,61.8,100.0,100.0,12.1,100,66.8,73.7,,
259,CHEMBL200164,CHEMBL200164,O/N=C1/CCCc2cc(-c3[nH]c(-c4ccccc4)nc3-c3ccncc3)ccc21,BRAF,escape_route,Kd,17.0,0.373,2.53,True,low,92.5,0.00277,0.004154,46.2,98.3,92.5,49.8,100,83.0,73.6,,
260,CHEMBL4243509,CHEMBL4243509,COc1ccc2c(c1)CCCN2S(=O)(=O)c1ccc(N2CCCC2=O)cc1,MDM2,sensitive,EC50,9.0,0.81,2.17,True,low,100.0,0.007614,0.001142,58.4,100.0,100.0,11.4,100,87.0,73.6,,
261,CHEMBL1084715,CHEMBL1084715,CCNc1nc(C)c(-c2ccnc(Nc3ccc(CNC(C)=O)cc3)n2)s1,CDK4,sensitive,Ki,9.0,0.577,2.39,True,low,100.0,0.007614,0.001142,58.4,100.0,100.0,11.4,100,84.6,73.5,,
262,CHEMBL281865,CHEMBL281865,COc1cccc(Cn2nc(-c3ccccc3)c(Cc3ccc4c(c3)OCO4)c2C(=O)O)c1,CHEK2,resistant,IC50,40.0,0.45,2.38,True,medium,99.0,0.001199,0.005995,48.0,84.5,99.0,60.0,100,84.7,73.5,,
263,CHEMBL3702128,CHEMBL3702128,O=C1CNCCN1Cc1ccc(Nc2ncc3c4ccncc4n(C4CCCC4)c3n2)nc1,CDK6,sensitive,IC50,2.7,0.49,2.92,True,medium,99.8,0.008922,0.001338,68.4,87.8,99.8,13.4,100,78.7,73.4,,
264,CHEMBL541906,CHEMBL541906,Cl.Oc1ccc(-c2nc(N3CCOCC3)c3oc4ncccc4c3n2)cc1,PIK3CA,escape_route,IC50,26.0,0.567,2.62,True,low,100.0,0.002585,0.003878,43.1,97.4,100.0,46.5,100,82.0,73.4,,
265,CHEMBL205491,CHEMBL205491,COc1cc(NC(=O)c2cccs2)c(Cl)cc1NC(=O)Nc1cnc(C#N)cn1,CHEK1,resistant,IC50,42.0,0.563,2.51,True,medium,100.0,0.001188,0.005942,47.5,84.3,100.0,59.4,100,83.2,73.4,,
266,CHEMBL1274,CHEMBL1274,CC1(C)NC(=O)N(c2ccc([N+](=O)[O-])c(C(F)(F)F)c2)C1=O,AR,sensitive,IC50,9.0,0.515,2.57,True,low,100.0,0.007614,0.001142,58.4,100.0,100.0,11.4,100,82.6,73.4,,
267,CHEMBL363160,PHA-680632,CCc1cccc(CC)c1NC(=O)N1Cc2[nH]nc(NC(=O)c3ccc(N4CCN(C)CC4)cc3)c2C1,AURKA,resistant,IC50,27.0,0.473,2.67,True,medium,89.5,0.001284,0.006422,51.4,85.6,89.5,64.2,100,81.4,73.4,,
268,CHEMBL201654,CHEMBL201654,COc1cc2c(Nc3ncc(C)s3)ncnc2cc1OCCCN1CCOCC1,AURKA,resistant,IC50,43.0,0.562,2.51,True,medium,100.0,0.001183,0.005916,47.3,84.2,100.0,59.2,100,83.2,73.3,,
269,CHEMBL1085178,CHEMBL1085178,Cc1nc(N)ncc1-c1nc(N2CCOCC2)c2sc(C(C)(C)O)cc2n1,PIK3CB,escape_route,IC50,25.0,0.704,2.98,True,low,100.0,0.002602,0.003903,43.4,97.5,100.0,46.8,100,78.0,73.3,,
270,CHEMBL2113261,CHEMBL2113261,CC[C@H]1c2cc3c(C(F)(F)F)cc(O)nc3cc2NC[C@H]1C,AR,sensitive,EC50,7.0,0.814,3.94,True,low,100.0,0.007887,0.001183,60.5,100.0,100.0,11.8,100,67.3,73.3,,
271,CHEMBL418198,CHEMBL418198,CCC1c2cc3c(C(F)(F)F)cc(O)nc3cc2NC[C@@H]1C,AR,sensitive,EC50,7.0,0.814,3.94,True,low,100.0,0.007887,0.001183,60.5,100.0,100.0,11.8,100,67.3,73.3,,
272,CHEMBL387385,CHEMBL387385,O=C(N[C@H](CO)c1ccc(F)c(Cl)c1)c1cc(-c2n[nH]cc2-c2cccc(Cl)c2)c[nH]1,MAPK1,sensitive,Ki,2.0,0.328,3.31,True,medium,96.6,0.009247,0.001387,70.9,87.8,96.6,13.9,100,74.3,73.3,,
273,CHEMBL200942,CHEMBL200942,O/N=C/c1ccc(-c2[nH]c(-c3ccccc3)nc2-c2ccncc2)cc1O,BRAF,escape_route,Kd,27.0,0.288,2.51,True,low,100.0,0.002569,0.003853,42.8,97.3,100.0,46.2,100,83.2,73.3,,
274,CHEMBL381187,CHEMBL381187,N[C@@H](COc1cncc(-c2ccc3cnccc3c2)c1)Cc1c[nH]c2ccccc12,AKT1,escape_route,IC50,26.0,0.437,2.88,True,low,100.0,0.002585,0.003878,43.1,97.4,100.0,46.5,100,79.1,73.2,,
275,CHEMBL3698724,CHEMBL3698724,O=S1(=O)CCN(c2ccc(Nc3ncc4c5ccncc5n(C5CCCC5)c4n3)nn2)CC1,CDK6,sensitive,IC50,9.2,0.486,3.01,True,low,100.0,0.007591,0.001139,58.2,100.0,100.0,11.4,100,77.7,73.1,,
276,CHEMBL410643,CHEMBL410643,COC[C@H]1OC(=O)/C(=C/N(C)CCCN(C)C)C2=C(O)C(=O)C3=C([C@H](OC(C)=O)C[C@]4(C)[C@@H](O)CC[C@@H]34)[C@]21C,PIK3CB,escape_route,IC50,13.0,0.345,4.98,True,low,91.9,0.002886,0.004329,48.1,98.7,91.9,51.9,100,55.8,73.1,,
277,CHEMBL4868801,CHEMBL4868801,Cc1c(Cc2cccc(Cl)c2)c(-c2cc(Cl)nc(N)n2)nn1C,EZH2,resistant,IC50,107.0,0.734,2.58,True,low,100.0,0.000985,0.004927,39.4,98.2,100.0,49.3,100,82.4,72.9,,
278,CHEMBL1083151,CHEMBL1083151,COc1cc(Nc2nccc(-c3sc(C)nc3C)n2)cc(OC)c1OC,CDK4,sensitive,Ki,11.0,0.701,2.37,True,low,100.0,0.007397,0.001109,56.7,100.0,100.0,11.1,100,84.8,72.9,,
279,CHEMBL410733,CHEMBL410733,Nc1cccnc1N1CCN(C(=O)CNC(=O)CCn2c3c(c(=O)[nH]c2=O)CSCC3)CC1,PARP1,resistant,IC50,70.0,0.492,2.91,True,low,89.8,0.001077,0.005387,43.1,100.0,89.8,53.9,100,78.8,72.9,,
280,CHEMBL115090,CHEMBL115090,CCC(C(=O)N[C@@H](CC(=O)O)C(=O)CNCCc1ccccc1)n1cccc(NC(=O)c2ccc3ccccc3c2)c1=O,CD274,immune,Ki,0.37,0.166,3.38,True,medium,68.3,0.00554,0.00554,73.9,80.0,68.3,55.4,100,73.6,72.8,,
281,CHEMBL4240212,CHEMBL4240212,O=C1CCCN1c1ccc(S(=O)(=O)N2CCCc3ccccc32)cc1,MDM2,sensitive,EC50,12.0,0.85,2.08,True,low,100.0,0.007302,0.001095,56.0,100.0,100.0,10.9,100,88.0,72.8,,
282,CHEMBL315752,CHEMBL315752,CCC(CC)Cn1nc(-c2ccccc2)c(Cc2cc3c(cc2Cl)OCO3)c1C(=O)O,CHEK2,resistant,IC50,31.0,0.489,2.71,True,medium,89.8,0.001254,0.006272,50.2,85.3,89.8,62.7,100,81.0,72.8,,
283,CHEMBL361708,HYMENIALDISINE,NC1=NC(=O)/C(=C2\CCNC(=O)c3[nH]c(Br)cc32)N1,MAPK1,sensitive,IC50,9.0,0.506,3.63,True,low,100.0,0.007614,0.001142,58.4,100.0,100.0,11.4,100,70.8,72.8,,
284,CHEMBL371958,CHEMBL371958,CC(=O)Nc1cccc(-c2cncc(Nc3ccc4c(c3)OCO4)n2)c1,BRAF,escape_route,IC50,32.0,0.75,2.24,True,low,100.0,0.002495,0.003742,41.6,96.8,100.0,44.9,100,86.2,72.7,,
285,CHEMBL199620,CHEMBL199620,COc1cc(-c2ccc3c(c2)NC(=O)/C3=C\c2[nH]c(C)c(CCO)c2C)ccc1O,CHEK1,resistant,IC50,47.0,0.483,2.66,True,medium,99.7,0.001164,0.00582,46.6,83.9,99.7,58.2,100,81.6,72.7,,
286,CHEMBL27812,CHEMBL27812,Oc1cc(C(F)(F)F)c2cc3c(cc2n1)NC[C@@H]1CCC[C@H]31,AR,sensitive,EC50,9.0,0.764,3.71,True,low,100.0,0.007614,0.001142,58.4,100.0,100.0,11.4,100,69.9,72.7,,
287,CHEMBL103,CHEMBL103,CC(=O)[C@H]1CC[C@H]2[C@@H]3CCC4=CC(=O)CC[C@]4(C)[C@H]3CC[C@]12C,AR,sensitive,Ki,8.5,0.701,3.95,True,low,100.0,0.007676,0.001151,58.8,100.0,100.0,11.5,100,67.2,72.7,,
288,CHEMBL383670,CHEMBL383670,COc1cc(CN(C)CCN(C)C)ccc1NC(=O)Nc1cnc(C#N)cn1,CHEK1,resistant,IC50,112.0,0.718,2.52,True,low,100.0,0.000975,0.004877,39.0,97.7,100.0,48.8,100,83.1,72.6,,
289,CHEMBL5219193,CHEMBL5219193,Nc1nc(Cl)cc(-c2nn3ccccc3c2Cc2ccccc2)n1,EZH2,resistant,IC50,112.0,0.58,2.54,True,low,100.0,0.000975,0.004877,39.0,97.7,100.0,48.8,100,82.9,72.6,,
290,CHEMBL101995,CHEMBL101995,COC(=O)c1c(C)[nH]c2c1[C@@]13C[C@@H]1CN(C(=O)/C=C/c1ccc(OC)cc1)C3=CC2=O,MAP2K1,sensitive,IC50,2.9,0.609,4.12,True,medium,100.0,0.008844,0.001327,67.8,87.7,100.0,13.3,100,65.3,72.5,,
291,CHEMBL304500,CHEMBL304500,COC(=O)c1c2c(n(C)c1C)C(=O)C=C1N(C(=O)c3cc4cc(OC)c(OC)c(OC)c4[nH]3)C[C@H]3C[C@]123,MAP2K1,sensitive,IC50,1.4,0.53,4.48,True,medium,90.6,0.009635,0.001445,73.9,87.9,90.6,14.5,100,61.3,72.5,,
292,CHEMBL200118,CHEMBL200118,Oc1cc(-c2[nH]cnc2-c2ccncc2)ccc1Cl,BRAF,escape_route,IC50,33.0,0.75,2.44,True,low,100.0,0.002481,0.003722,41.4,96.7,100.0,44.7,100,84.0,72.5,,
293,CHEMBL379484,CHEMBL379484,CN1C(=O)C[C@H](c2ccccc2)[C@@H]1[C@H](O)c1ccc(-c2ccc(C#N)cc2)s1,KRAS,escape_route,IC50,30.0,0.723,3.51,True,low,100.0,0.002523,0.003784,42.0,97.0,100.0,45.4,100,72.1,72.3,,
294,CHEMBL436344,CHEMBL436344,CC1c2cc3c(C(F)(F)F)cc(O)nc3cc2NC[C@@H]1C,AR,sensitive,EC50,10.0,0.768,3.88,True,low,100.0,0.0075,0.001125,57.5,100.0,100.0,11.2,100,68.0,72.3,,
295,CHEMBL561103,CHEMBL561103,COC(=O)Nc1ccc(-c2nc(N3CCOCC3)c3cnn(C4CCN(Cc5cccnc5)CC4)c3n2)cc1,MTOR,escape_route,IC50,4.6,0.4,2.7,True,medium,88.0,0.003337,0.005006,55.6,79.6,88.0,60.1,100,81.1,72.3,,
296,CHEMBL381527,CHEMBL381527,COc1cccc(CCC(=O)Nc2cc(OC)c(NC(=O)Nc3cnc(C#N)cn3)cc2Cl)c1,CHEK1,resistant,IC50,51.0,0.438,2.48,True,medium,98.8,0.001146,0.005731,45.8,83.5,98.8,57.3,100,83.6,72.2,,
297,CHEMBL214803,CHEMBL214803,CN1C(=O)C[C@H](c2ccccc2F)[C@@H]1[C@H](O)c1ccc(-c2cccnc2)s1,KRAS,escape_route,IC50,30.0,0.742,3.61,True,low,100.0,0.002523,0.003784,42.0,97.0,100.0,45.4,100,71.0,72.2,,
298,CHEMBL1766804,CHEMBL1766804,CS(=O)(=O)c1ccc(-c2cnc(N)c(-c3cc4ccccc4[nH]3)n2)cc1,ATM,resistant,IC50,120.0,0.581,2.36,True,low,100.0,0.00096,0.004802,38.4,96.8,100.0,48.0,100,84.9,72.2,,
299,CHEMBL161770,CHEMBL161770,COC(=O)c1c(C)[nH]c2c1[C@@]13C[C@@H]1CN(C(=O)/C=C/c1ccc(OC)cn1)C3=CC2=O,MAP2K1,sensitive,IC50,9.7,0.603,4.38,True,low,100.0,0.007533,0.00113,57.8,100.0,100.0,11.3,100,62.4,72.1,,
300,CHEMBL388978,STAUROSPORINE,CN[C@@H]1C[C@H]2O[C@@](C)([C@@H]1OC)n1c3ccccc3c3c4c(c5c6ccccc6n2c5c31)C(=O)NC4,MAPK1,sensitive,IC50,2.5,0.406,4.95,True,medium,98.1,0.009005,0.001351,69.0,87.8,98.1,13.5,100,56.1,72.1,,
301,CHEMBL373252,CHEMBL373252,COc1cc(-c2ccc3c(c2)NC(=O)/C3=C\c2[nH]c(C)cc2C)ccc1O,CHEK1,resistant,IC50,120.0,0.602,2.53,True,low,100.0,0.00096,0.004802,38.4,96.8,100.0,48.0,100,83.0,72.1,,
302,CHEMBL388978,STAUROSPORINE,CN[C@@H]1C[C@H]2O[C@@](C)([C@@H]1OC)n1c3ccccc3c3c4c(c5c6ccccc6n2c5c31)C(=O)NC4,MAPK1,sensitive,IC50,2.5,0.406,4.95,True,medium,98.1,0.009005,0.001351,69.0,87.8,98.1,13.5,100,56.1,72.1,,
303,CHEMBL388978,STAUROSPORINE,CN[C@@H]1C[C@H]2O[C@@](C)([C@@H]1OC)n1c3ccccc3c3c4c(c5c6ccccc6n2c5c31)C(=O)NC4,MAPK1,sensitive,IC50,2.5,0.406,4.95,True,medium,98.1,0.009005,0.001351,69.0,87.8,98.1,13.5,100,56.1,72.1,,
304,CHEMBL388978,STAUROSPORINE,CN[C@@H]1C[C@H]2O[C@@](C)([C@@H]1OC)n1c3ccccc3c3c4c(c5c6ccccc6n2c5c31)C(=O)NC4,MAPK1,sensitive,IC50,2.5,0.406,4.95,True,medium,98.1,0.009005,0.001351,69.0,87.8,98.1,13.5,100,56.1,72.1,,
305,CHEMBL115952,CHEMBL115952,CC(C)[C@H](NC(=O)OCc1ccccc1)C(=O)N[C@@H](C)C(=O)NC(CC(=O)O)C(=O)COc1cc2ccccc2cc1C(N)=O,CD274,immune,IC50,1.7,0.169,3.54,True,low,63.4,0.004712,0.004712,62.8,99.8,63.4,47.1,100,71.8,72.1,,
306,CHEMBL388978,STAUROSPORINE,CN[C@@H]1C[C@H]2O[C@@](C)([C@@H]1OC)n1c3ccccc3c3c4c(c5c6ccccc6n2c5c31)C(=O)NC4,MAPK1,sensitive,IC50,2.5,0.406,4.95,True,medium,98.1,0.009005,0.001351,69.0,87.8,98.1,13.5,100,56.1,72.1,,
307,CHEMBL388978,STAUROSPORINE,CN[C@@H]1C[C@H]2O[C@@](C)([C@@H]1OC)n1c3ccccc3c3c4c(c5c6ccccc6n2c5c31)C(=O)NC4,MAPK1,sensitive,IC50,2.5,0.406,4.95,True,medium,98.1,0.009005,0.001351,69.0,87.8,98.1,13.5,100,56.1,72.1,,
308,CHEMBL388978,STAUROSPORINE,CN[C@@H]1C[C@H]2O[C@@](C)([C@@H]1OC)n1c3ccccc3c3c4c(c5c6ccccc6n2c5c31)C(=O)NC4,MAPK1,sensitive,IC50,2.5,0.406,4.95,True,medium,98.1,0.009005,0.001351,69.0,87.8,98.1,13.5,100,56.1,72.1,,
309,CHEMBL1202518,CHEMBL1202518,COc1ccc(O)c(C(=O)c2ccc(C(=O)N[C@@H]3CCCNCC3NC(=O)c3ccncc3)cc2)c1F.Cl.Cl,AKT1,escape_route,IC50,4.0,0.316,3.47,True,medium,86.3,0.003398,0.005097,56.6,79.7,86.3,61.2,100,72.6,72.0,,
310,CHEMBL26474,CHEMBL26474,COc1cccc(Cn2nc(-c3ccccc3)c(Cc3cc4c(cc3Cl)OCO4)c2C(=O)O)c1,CHEK2,resistant,IC50,34.0,0.391,2.51,True,medium,87.8,0.001234,0.006171,49.4,85.0,87.8,61.7,100,83.2,72.0,,
311,CHEMBL550286,CHEMBL550286,Oc1cccc(-c2nc(N3CCOCC3)c3cnn(C4CCN(Cc5cccnc5)CC4)c3n2)c1,MTOR,escape_route,IC50,9.6,0.474,2.66,True,medium,99.5,0.003018,0.004527,50.3,79.2,99.5,54.3,100,81.6,72.0,,
312,CHEMBL384304,CHEMBL384304,COc1ccc(F)c(F)c1C(=O)c1cnc(NC2CCN(S(C)(=O)=O)CC2)nc1N,CDK4,sensitive,Kd,15.0,0.644,2.66,True,low,100.0,0.00706,0.001059,54.1,100.0,100.0,10.6,100,81.6,71.9,,
313,CHEMBL384304,CHEMBL384304,COc1ccc(F)c(F)c1C(=O)c1cnc(NC2CCN(S(C)(=O)=O)CC2)nc1N,CDK4,sensitive,Kd,15.0,0.644,2.66,True,low,100.0,0.00706,0.001059,54.1,100.0,100.0,10.6,100,81.6,71.9,,
314,CHEMBL244378,CHEMBL244378,O=C(O)c1ccccc1Nc1ccnc(Nc2ccc3cn[nH]c3c2)n1,CDK4,sensitive,Ki,15.85,0.437,2.34,True,low,100.0,0.007,0.00105,53.7,100.0,100.0,10.5,100,85.1,71.9,,
315,CHEMBL4864668,CHEMBL4864668,Cc1c(Cc2cccc(F)c2)c(-c2cc(Cl)nc(N)n2)nn1C,EZH2,resistant,IC50,126.0,0.748,2.59,True,low,100.0,0.00095,0.004749,38.0,96.1,100.0,47.5,100,82.3,71.7,,
316,CHEMBL4248974,CHEMBL4248974,CN1CCN(S(=O)(=O)c2ccc(N3CCCC3=O)cc2)c2ccccc21,MDM2,sensitive,EC50,18.0,0.832,2.26,True,low,100.0,0.006862,0.001029,52.6,100.0,100.0,10.3,100,86.0,71.6,,
317,CHEMBL3702096,CHEMBL3702096,OCCN1CCN(c2ccc(Nc3ncc4c5ccncc5n(C5CCCC5)c4n3)nc2)CC1,CDK6,sensitive,IC50,4.9,0.454,2.79,True,medium,99.1,0.008275,0.001241,63.4,87.6,99.1,12.4,100,80.1,71.6,,
318,CHEMBL202837,CHEMBL202837,COc1cc(NC(=O)Cc2ccsc2)c(Cl)cc1NC(=O)Nc1cnc(C#N)cn1,CHEK1,resistant,IC50,58.0,0.531,2.61,True,medium,100.0,0.001118,0.005591,44.7,82.9,100.0,55.9,100,82.1,71.6,,
319,CHEMBL426476,CHEMBL426476,CN(C)CCCNC(=O)c1nc(-c2ccc(Cl)c(O)c2)c(-c2ccncc2)[nH]1,BRAF,escape_route,IC50,40.0,0.53,2.57,True,low,100.0,0.002398,0.003597,40.0,96.0,100.0,43.2,100,82.6,71.6,,
320,CHEMBL189963,CHEMBL189963,CC(=O)c1c(C)c2cnc(Nc3ccc(N4CCNCC4)cn3)nc2n(C2CCCC2)c1=O,CDK6,sensitive,IC50,16.0,0.575,2.87,True,low,100.0,0.00699,0.001048,53.6,100.0,100.0,10.5,100,79.2,71.6,,
321,CHEMBL3702050,CHEMBL3702050,COCCN1CCN(c2ccc(Nc3ncc4c5ccncc5n(C5CCCC5)c4n3)nc2)CC1,CDK6,sensitive,IC50,4.9,0.432,2.78,True,medium,98.6,0.008275,0.001241,63.4,87.6,98.6,12.4,100,80.2,71.5,,
322,CHEMBL424953,CHEMBL424953,CCC(C(=O)NC(CC(=O)O)C(=O)CN1CCCC1)n1cccc(NC(=O)c2ccc3ccccc3c2)c1=O,CD274,immune,Ki,7.3,0.345,3.32,True,low,81.9,0.003921,0.003921,52.3,99.3,81.9,39.2,100,74.2,71.5,,
323,CHEMBL283449,CHEMBL283449,CC1CCNc2cc3nc(O)cc(C(F)(F)F)c3cc21,AR,sensitive,EC50,15.0,0.77,3.46,True,low,100.0,0.00706,0.001059,54.1,100.0,100.0,10.6,100,72.7,71.5,,
324,CHEMBL592445,CHEMBL592445,CN(C)C1CCN(C(=O)c2ccc(NC(=O)Nc3ccc(-c4nc(N5CCOCC5)nc(N5CCOCC5)n4)cc3)cc2)CC1,PIK3CB,escape_route,IC50,6.0,0.409,2.74,True,medium,88.2,0.003222,0.004833,53.7,79.5,88.2,58.0,100,80.7,71.4,,
325,CHEMBL4857305,CHEMBL4857305,Cn1cc(Cc2ccccc2F)c(-c2cc(Cl)nc(N)n2)n1,EZH2,resistant,IC50,132.0,0.754,2.64,True,low,100.0,0.00094,0.004699,37.6,95.5,100.0,47.0,100,81.8,71.3,,
326,CHEMBL122187,CHEMBL122187,COc1ccc(NS(=O)(=O)c2c(F)c(F)c(F)c(F)c2F)cc1NC(=O)[C@H](CO)NC(C)=O,MAP2K1,sensitive,IC50,18.0,0.249,3.01,True,low,100.0,0.006862,0.001029,52.6,100.0,100.0,10.3,100,77.7,71.2,,
327,CHEMBL281945,CHEMBL281945,C[C@H]1CNc2cc3nc(O)cc(C(F)(F)F)c3cc2C1CCC(F)(F)F,AR,sensitive,EC50,13.0,0.684,4.08,True,low,98.7,0.007215,0.001082,55.3,100.0,98.7,10.8,100,65.8,71.2,,
328,CHEMBL3216643,CHEMBL3216643,COc1ccc(O)c(C(=O)c2ccc(C(=O)O[C@@H]3CCCNCC3NC(=O)c3ccncc3)cc2)c1F.Cl.Cl,AKT1,escape_route,IC50,5.0,0.285,3.51,True,medium,85.7,0.003301,0.004952,55.0,79.6,85.7,59.4,100,72.1,71.1,,
329,CHEMBL586702,CHEMBL586702,FC(F)c1nc2ccccc2n1-c1nc(N2CCOCC2)nc(N2CCOCC2)n1,PIK3CB,escape_route,IC50,44.0,0.636,2.64,True,low,100.0,0.002357,0.003535,39.3,95.6,100.0,42.4,100,81.8,71.1,,
330,CHEMBL3702047,CHEMBL3702047,CCN1CCN(c2ccc(Nc3ncc4c5ccncc5n(C5CCCC5)c4n3)nc2)CC1,CDK6,sensitive,IC50,6.4,0.492,2.74,True,medium,99.8,0.007985,0.001198,61.2,87.4,99.8,12.0,100,80.7,71.0,,
331,CHEMBL521851,CHEMBL521851,CS(=O)(=O)N1CCN(Cc2cc3nc(-c4cccc5[nH]ncc45)nc(N4CCOCC4)c3s2)CC1,PIK3CB,escape_route,IC50,33.0,0.433,2.87,True,low,93.7,0.002481,0.003722,41.4,96.7,93.7,44.7,100,79.2,71.0,,
332,CHEMBL190252,CHEMBL190252,CN1CCN(c2ccc(C(=O)Nc3n[nH]c4c3CN(C(=O)Cc3ccccc3)C4)cc2)CC1,AURKA,resistant,IC50,140.0,0.632,2.41,True,low,100.0,0.000927,0.004635,37.1,94.6,100.0,46.4,100,84.3,70.9,,
333,CHEMBL3698674,CHEMBL3698674,c1ccc2c(c1)c1cnc(Nc3ccc(N4CCNCC4)cn3)nc1n2C1CCCCCC1,CDK6,sensitive,IC50,3.1,0.433,2.65,True,medium,88.7,0.008772,0.001316,67.3,87.7,88.7,13.2,100,81.7,70.9,,
334,CHEMBL210516,CHEMBL210516,COc1cc(NC(=O)CCc2ccccc2)c(Cl)cc1NC(=O)Nc1cnc(C#N)cn1,CHEK1,resistant,IC50,68.0,0.494,2.38,True,medium,99.9,0.001084,0.005419,43.4,82.0,99.9,54.2,100,84.7,70.9,,
335,CHEMBL366456,CHEMBL366456,CCCCNCC(=O)[C@H](CC(=O)O)NC(=O)C(CC)n1cccc(NC(=O)c2ccc3ccccc3c2)c1=O,CD274,immune,Ki,0.76,0.232,3.37,True,medium,69.6,0.005149,0.005149,68.7,79.9,69.6,51.5,100,73.7,70.9,,
336,CHEMBL3971812,CHEMBL3971812,OC1CCC(n2c3cnccc3c3cnc(Nc4ccc(N5CCNCC5)cn4)nc32)CC1,CDK6,sensitive,IC50,5.9,0.441,2.93,True,medium,98.8,0.008073,0.001211,61.9,87.5,98.8,12.1,100,78.6,70.9,,
337,CHEMBL561844,CHEMBL561844,CC(=O)Nc1ccc(-c2nc(N3CCOCC3)c3cnn(C4CCN(Cc5cccnc5)CC4)c3n2)cc1,MTOR,escape_route,IC50,7.0,0.419,2.65,True,medium,88.4,0.003155,0.004732,52.6,79.4,88.4,56.8,100,81.7,70.9,,
338,CHEMBL3698642,CHEMBL3698642,c1cc2c3cnc(Nc4ccc(N5CCNCC5)nn4)nc3n(C3CCCC3)c2cn1,CDK6,sensitive,IC50,6.6,0.525,2.85,True,medium,100.0,0.007951,0.001193,61.0,87.4,100.0,11.9,100,79.4,70.9,,
339,CHEMBL280865,CHEMBL280865,CCCC1CCNc2cc3nc(O)cc(C(F)(F)F)c3cc21,AR,sensitive,EC50,19.0,0.848,3.46,True,low,100.0,0.006803,0.00102,52.2,100.0,100.0,10.2,100,72.7,70.8,,
340,CHEMBL1083192,CHEMBL1083192,CS(=O)(=O)N1CCN(Cc2cc3nc(-c4cnc(N)nc4)nc(N4CCOCC4)c3s2)CC1,PIK3CB,escape_route,IC50,38.0,0.544,2.86,True,low,95.9,0.00242,0.00363,40.3,96.2,95.9,43.6,100,79.3,70.8,,
341,CHEMBL27297,CHEMBL27297,CCC1CCNc2cc3c(cc21)c(C(F)(F)F)cc(=O)n3C,AR,sensitive,IC50,20.0,0.867,3.41,True,low,100.0,0.006747,0.001012,51.7,100.0,100.0,10.1,100,73.2,70.7,,
342,CHEMBL3702158,CHEMBL3702158,C1=C(c2ccc(Nc3ncc4c5ccncc5n(C5CCCC5)c4n3)nc2)CCNC1,CDK6,sensitive,IC50,7.0,0.51,2.99,True,medium,100.0,0.007887,0.001183,60.5,87.4,100.0,11.8,100,77.9,70.7,,
343,CHEMBL215803,CHEMBL215803,C[C@@H]1C[C@H]2CN1CCn1nc3c(cccc3c1O)-c1nc3c(cccc3nc1O)O2,CDK6,sensitive,IC50,12.0,0.466,5.87,True,low,99.9,0.007302,0.001095,56.0,100.0,99.9,10.9,100,45.9,70.7,,
344,CHEMBL4849033,CHEMBL4849033,Cn1cc(Cc2cccs2)c(-c2cc(Cl)nc(N)n2)n1,EZH2,resistant,IC50,141.0,0.755,2.83,True,low,100.0,0.000925,0.004627,37.0,94.5,100.0,46.3,100,79.7,70.7,,
345,CHEMBL428690,CHEMBL428690,CN1CC[C@H](c2c(O)cc(O)c3c(=O)cc(-c4ccccc4Cl)oc23)[C@H](O)C1,CDK4,sensitive,Kd,6.4,0.61,3.41,True,medium,100.0,0.007985,0.001198,61.2,87.4,100.0,12.0,100,73.2,70.7,,
346,CHEMBL428690,CHEMBL428690,CN1CC[C@H](c2c(O)cc(O)c3c(=O)cc(-c4ccccc4Cl)oc23)[C@H](O)C1,CDK4,sensitive,Kd,6.4,0.61,3.41,True,medium,100.0,0.007985,0.001198,61.2,87.4,100.0,12.0,100,73.2,70.7,,
347,CHEMBL381447,CHEMBL381447,CC(C)(CNS(C)(=O)=O)c1nc(-c2ccc(Cl)c(O)c2)c(-c2ccncc2)[nH]1,BRAF,escape_route,IC50,14.0,0.566,2.83,True,medium,100.0,0.002854,0.004281,47.6,78.9,100.0,51.4,100,79.7,70.7,,
348,CHEMBL428690,CHEMBL428690,CN1CC[C@H](c2c(O)cc(O)c3c(=O)cc(-c4ccccc4Cl)oc23)[C@H](O)C1,CDK4,sensitive,Kd,6.4,0.61,3.41,True,medium,100.0,0.007985,0.001198,61.2,87.4,100.0,12.0,100,73.2,70.7,,
349,CHEMBL3698659,CHEMBL3698659,c1cc2c3cnc(Nc4ccc(N5CCNCC5)cn4)nc3n(C3CC4CCC3C4)c2cn1,CDK6,sensitive,IC50,5.1,0.498,4.55,True,medium,100.0,0.008231,0.001235,63.1,87.6,100.0,12.3,100,60.6,70.7,,
350,CHEMBL332838,CHEMBL332838,COc1ccc(NS(=O)(=O)c2c(F)c(F)c(F)c(F)c2F)cc1NC(=O)CNC(C)=O,MAP2K1,sensitive,IC50,26.0,0.329,2.48,True,low,100.0,0.006463,0.000969,49.5,100.0,100.0,9.7,100,83.6,70.5,,
351,CHEMBL3641995,CHEMBL3641995,C[C@H](O)CNC1CCN(c2ccc(Nc3ncc4c5ccncc5n(C5CCCC5)c4n3)nn2)CC1,CDK6,sensitive,IC50,5.7,0.36,3.41,True,medium,97.2,0.00811,0.001217,62.2,87.5,97.2,12.2,100,73.2,70.5,,
352,CHEMBL153015,CHEMBL153015,CCCCCCCC(F)(F)C(=O)C(F)(F)F,FOLH1,other,IC50,32.36,0.488,2.63,True,low,100.0,0.003112,0.003112,41.5,96.8,100.0,31.1,100,81.9,70.4,,
353,CHEMBL200431,CHEMBL200431,N/C(=N\O)c1ccc(-c2[nH]c(-c3ccccc3)nc2-c2ccncc2)cc1,BRAF,escape_route,Kd,53.0,0.224,2.27,True,low,99.5,0.002276,0.003414,37.9,94.7,99.5,41.0,100,85.9,70.4,,
354,CHEMBL428496,WORTMANNIN,COC[C@H]1OC(=O)c2coc3c2[C@@]1(C)C1=C(C3=O)[C@@H]2CCC(=O)[C@@]2(C)C[C@H]1OC(C)=O,MTOR,escape_route,IC50,40.0,0.676,4.66,True,low,100.0,0.002398,0.003597,40.0,96.0,100.0,43.2,100,59.3,70.4,,
355,CHEMBL428496,WORTMANNIN,COC[C@H]1OC(=O)c2coc3c2[C@@]1(C)C1=C(C3=O)[C@@H]2CCC(=O)[C@@]2(C)C[C@H]1OC(C)=O,MTOR,escape_route,IC50,40.0,0.676,4.66,True,low,100.0,0.002398,0.003597,40.0,96.0,100.0,43.2,100,59.3,70.4,,
356,CHEMBL428496,WORTMANNIN,COC[C@H]1OC(=O)c2coc3c2[C@@]1(C)C1=C(C3=O)[C@@H]2CCC(=O)[C@@]2(C)C[C@H]1OC(C)=O,MTOR,escape_route,IC50,40.0,0.676,4.66,True,low,100.0,0.002398,0.003597,40.0,96.0,100.0,43.2,100,59.3,70.4,,
357,CHEMBL3702123,CHEMBL3702123,O=C(c1ccc(Nc2ncc3c4ccncc4n(C4CCCC4)c3n2)nc1)N1CCNCC1,CDK6,sensitive,IC50,8.0,0.5,2.79,True,medium,100.0,0.007742,0.001161,59.4,87.3,100.0,11.6,100,80.1,70.4,,
358,CHEMBL366534,CHEMBL366534,CCCCCCNCC(=O)[C@H](CC(=O)O)NC(=O)C(CC)n1cccc(NC(=O)c2ccc3ccccc3c2)c1=O,CD274,immune,Ki,0.85,0.194,3.41,True,medium,68.9,0.005088,0.005088,67.8,79.9,68.9,50.9,100,73.2,70.4,,
359,CHEMBL118433,CHEMBL118433,COc1ccc(NS(=O)(=O)c2c(F)c(F)c(F)c(F)c2F)cc1N,MAP2K1,sensitive,IC50,27.0,0.376,2.44,True,low,100.0,0.006422,0.000963,49.2,100.0,100.0,9.6,100,84.0,70.4,,
360,CHEMBL212049,CHEMBL212049,Cc1cnc(OC2CCCCC2)nc1-c1cnc(Nc2ccccn2)s1,CDK4,sensitive,IC50,26.0,0.701,2.73,True,low,100.0,0.006463,0.000969,49.5,100.0,100.0,9.7,100,80.8,70.4,,
361,CHEMBL210540,CHEMBL210540,Cc1cc(-c2cnc(Nc3cnc(CN4CCN(C)CC4)cn3)s2)nc(OC2CCCCC2)n1,CDK6,sensitive,IC50,7.8,0.54,2.95,True,medium,100.0,0.00777,0.001165,59.6,87.3,100.0,11.6,100,78.3,70.4,,
362,CHEMBL220054,CHEMBL220054,O=C(NC(CO)c1ccc(F)c(Cl)c1)c1cc(-c2[nH]ncc2-c2cccc(Cl)c2)c[nH]1,MAPK1,sensitive,Ki,6.0,0.328,3.12,True,medium,96.6,0.008055,0.001208,61.8,87.5,96.6,12.1,100,76.4,70.3,,
363,CHEMBL206143,CHEMBL206143,COc1ccc(CCC(=O)Nc2cc(OC)c(NC(=O)Nc3cnc(C#N)cn3)cc2Cl)cc1,CHEK1,resistant,IC50,72.0,0.438,2.44,True,medium,98.8,0.001071,0.005357,42.9,81.7,98.8,53.6,100,84.0,70.3,,
364,CHEMBL243298,CHEMBL243298,O=C(O)c1ccccc1Nc1ccnc(Nc2cccc(F)c2)n1,CDK4,sensitive,Ki,31.62,0.662,2.04,True,low,100.0,0.00625,0.000938,47.9,100.0,100.0,9.4,100,88.4,70.2,,
365,CHEMBL282204,CHEMBL282204,CC1c2cc3c(C(F)(F)F)cc(O)nc3cc2NC[C@H]1C,AR,sensitive,EC50,22.0,0.768,3.88,True,low,100.0,0.006644,0.000997,50.9,100.0,100.0,10.0,100,68.0,70.2,,
366,CHEMBL312854,CHEMBL312854,O=C(O)c1cc2c(c(Cn3nc(-c4ccccc4)c(Cc4cc5c(cc4Cl)OCO5)c3C(=O)O)c1)OCOC2,CHEK2,resistant,IC50,44.0,0.333,2.98,True,medium,86.7,0.001178,0.005891,47.1,84.1,86.7,58.9,100,78.0,70.2,,
367,CHEMBL432406,CHEMBL432406,O=C(Cn1c2c(c(=O)[nH]c1=O)CSCC2)NCC(=O)N1CCN(c2ncccn2)CC1,PARP1,resistant,IC50,150.0,0.573,2.85,True,low,100.0,0.000912,0.00456,36.5,93.5,100.0,45.6,100,79.4,70.1,,
368,CHEMBL569181,CHEMBL569181,COc1cccc(Nc2ncc(C)c(-c3c[nH]c(C(=O)N[C@H](CO)c4cccc(Cl)c4)c3)n2)c1OC,MAPK1,sensitive,Ki,3.0,0.26,3.18,True,medium,85.2,0.008807,0.001321,67.5,87.7,85.2,13.2,100,75.8,70.0,,
369,CHEMBL402272,CHEMBL402272,Nc1nccc(-c2cc3c([nH]2)CCNC3=O)n1,CDK4,sensitive,IC50,29.0,0.656,2.81,True,low,100.0,0.006344,0.000952,48.6,100.0,100.0,9.5,100,79.9,70.0,,
370,CHEMBL3698731,CHEMBL3698731,NCC1CCN(c2ccc(Nc3ncc4c5ccncc5n(C5CCCC5)c4n3)nn2)CC1,CDK6,sensitive,IC50,8.8,0.479,2.89,True,medium,99.6,0.007639,0.001146,58.6,87.2,99.6,11.5,100,79.0,70.0,,
371,CHEMBL282813,CHEMBL282813,CC(C)CC1CCNc2cc3nc(O)cc(C(F)(F)F)c3cc21,AR,sensitive,EC50,25.0,0.825,3.49,True,low,100.0,0.006505,0.000976,49.9,100.0,100.0,9.8,100,72.3,70.0,,
372,CHEMBL172196,CHEMBL172196,CCC(C(=O)NC(CC(=O)O)C(=O)CN1CCSCC1)n1cccc(NC(=O)c2ccc3ccccc3c2)c1=O,CD274,immune,Ki,11.25,0.323,3.5,True,low,81.5,0.003686,0.003686,49.1,98.9,81.5,36.9,100,72.2,69.9,,
373,CHEMBL427170,CHEMBL427170,CN1CCN(c2ccc(C(=O)Nc3n[nH]c4c3CN(C(=O)c3ccco3)C4)cc2)CC1,AURKA,resistant,IC50,160.0,0.671,2.53,True,low,100.0,0.000898,0.00449,35.9,92.4,100.0,44.9,100,83.0,69.8,,
374,CHEMBL200847,CHEMBL200847,COC(=O)CCc1c(C)[nH]c(/C=C2\C(=O)Nc3cc(-c4ccc(O)c(OC)c4)ccc32)c1C,CHEK1,resistant,IC50,75.0,0.379,2.67,True,medium,97.6,0.001062,0.005312,42.5,81.4,97.6,53.1,100,81.4,69.7,,
375,CHEMBL225519,CHEMBL225519,O=C1NCCc2[nH]c(-c3ccncc3)cc21,CDK4,sensitive,IC50,34.0,0.751,2.54,True,low,100.0,0.006171,0.000926,47.3,100.0,100.0,9.3,100,82.9,69.7,,
376,CHEMBL258721,CHEMBL258721,CC(C)c1nn(-c2c(Cl)cccc2Cl)c2nc(Cc3ccc(OCCO)cc3)[nH]c(=O)c12,CDK4,sensitive,IC50,9.0,0.412,2.69,True,medium,98.2,0.007614,0.001142,58.4,87.2,98.2,11.4,100,81.2,69.7,,
377,CHEMBL204087,CHEMBL204087,CC(C)C(=O)N1Cc2n[nH]c(NC(=O)c3ccc4c(c3)OCO4)c2C1,AURKA,resistant,IC50,160.0,0.888,2.8,True,low,100.0,0.000898,0.00449,35.9,92.4,100.0,44.9,100,80.0,69.6,,
378,CHEMBL1083810,CHEMBL1083810,CS(=O)(=O)N1CCN(Cc2cc3nc(-c4ccc(N)nc4)nc(N4CCOCC4)c3s2)CC1,PIK3CB,escape_route,IC50,60.0,0.565,2.79,True,low,100.0,0.002222,0.003333,37.0,94.0,100.0,40.0,100,80.1,69.6,,
379,CHEMBL524266,CHEMBL524266,Nc1nccc(-c2cc3c([nH]2)[C@@H](CCF)CNC3=O)n1,CDK4,sensitive,IC50,28.0,0.785,3.72,True,low,100.0,0.006382,0.000957,48.9,100.0,100.0,9.6,100,69.8,69.6,,
380,CHEMBL371029,CHEMBL371029,CO[C@H]1C[C@@H]2CC[C@@H](C)[C@@](O)(O2)C(=O)C(=O)N2CCCC[C@H]2C(=O)N[C@H](CCc2ccccc2)C(=O)NCC(=O)N(C)CC(=O)O[C@H]1C,MTOR,escape_route,IC50,9.6,0.301,5.91,True,low,71.5,0.003018,0.004527,50.3,99.0,71.5,54.3,100,45.4,69.6,,
381,CHEMBL1995813,CHEMBL1995813,NC1CCCCC1Nc1nccc(-c2c[nH]c3ncccc23)n1,CDK4,sensitive,Ki,31.62,0.692,3.25,True,low,100.0,0.00625,0.000938,47.9,100.0,100.0,9.4,100,75.0,69.5,,
382,CHEMBL411950,CHEMBL411950,COC[C@H]1OC(=O)/C(=C/N2CCOCC2)C2=C(O)C(=O)C3=C([C@H](OC(C)=O)C[C@]4(C)[C@@H](O)CC[C@@H]34)[C@]21C,PIK3CA,escape_route,IC50,37.0,0.418,4.91,True,low,93.4,0.002432,0.003648,40.5,96.3,93.4,43.8,100,56.6,69.3,,
383,CHEMBL368313,CHEMBL368313,CCC(C(=O)N[C@@H](CC(=O)O)C(=O)CNCCCc1ccccc1)n1cccc(NC(=O)c2ccc3ccccc3c2)c1=O,CD274,immune,Ki,1.15,0.152,3.41,True,medium,68.0,0.004924,0.004924,65.7,79.9,68.0,49.2,100,73.2,69.3,,
384,CHEMBL272265,CHEMBL272265,N#CCc1ccc(-n2cnc3cnc4ccc(C#Cc5cccnc5)cc4c32)cc1,PIK3CA,escape_route,IC50,64.0,0.422,2.73,True,low,100.0,0.002194,0.003291,36.6,93.6,100.0,39.5,100,80.8,69.3,,
385,CHEMBL272265,CHEMBL272265,N#CCc1ccc(-n2cnc3cnc4ccc(C#Cc5cccnc5)cc4c32)cc1,PIK3CA,escape_route,IC50,64.0,0.422,2.73,True,low,100.0,0.002194,0.003291,36.6,93.6,100.0,39.5,100,80.8,69.3,,
386,CHEMBL213311,CHEMBL213311,CN1C(=O)C[C@H](c2ccccc2F)[C@@H]1[C@H](O)c1ccc(-c2ccc(F)cc2)s1,KRAS,escape_route,IC50,60.0,0.688,3.5,True,low,100.0,0.002222,0.003333,37.0,94.0,100.0,40.0,100,72.2,69.2,,
387,CHEMBL176584,CHEMBL176584,CCCCCCN(C)CC(=O)[C@H](CC(=O)O)NC(=O)C(CC)n1cccc(NC(=O)c2ccc3ccccc3c2)c1=O,CD274,immune,Ki,1.79,0.217,3.47,True,medium,74.3,0.004684,0.004684,62.5,79.9,74.3,46.8,100,72.6,69.2,,
388,CHEMBL200226,CHEMBL200226,OCc1ccc(-c2[nH]c(-c3ccccc3)nc2-c2ccncc2)cc1,BRAF,escape_route,Kd,71.0,0.587,2.07,True,low,100.0,0.002149,0.003223,35.8,92.9,100.0,38.7,100,88.1,69.2,,
389,CHEMBL3545110,CHEMBL3545110,CN(C)C(=O)c1cc2cnc(Nc3ccc(N4CCNCC4)cn3)nc2n1C1CCCC1,CDK6,sensitive,IC50,39.0,0.638,2.82,True,low,100.0,0.006022,0.000903,46.2,100.0,100.0,9.0,100,79.8,69.2,,
390,CHEMBL421992,CHEMBL421992,CCCCCCOCC(=O)C(F)(F)F,FOLH1,other,IC50,47.86,0.606,2.3,True,low,100.0,0.0029,0.0029,38.7,95.2,100.0,29.0,100,85.6,69.0,,
391,CHEMBL155621,CHEMBL155621,CCCCCCS(=O)(=O)CC(=O)C(F)(F)F,FOLH1,other,IC50,46.77,0.659,2.53,True,low,100.0,0.002913,0.002913,38.8,95.3,100.0,29.1,100,83.0,69.0,,
392,CHEMBL203384,CHEMBL203384,N[C@H](CNc1cnc(Cl)c(/C=C/c2ccncc2)c1)Cc1c[nH]c2ccccc12,AKT1,escape_route,IC50,19.0,0.388,3.12,True,medium,97.8,0.002721,0.004082,45.4,78.5,97.8,49.0,100,76.4,69.0,,
393,CHEMBL120186,CHEMBL120186,COc1ccc(NS(=O)(=O)c2c(F)c(F)c(F)c(F)c2F)cc1NC(=O)[C@H](C)NC(C)=O,MAP2K1,sensitive,IC50,43.0,0.32,2.94,True,low,100.0,0.005916,0.000887,45.4,100.0,100.0,8.9,100,78.4,68.9,,
394,CHEMBL534951,CHEMBL534951,Cl.O=C(O)COc1cccc(-c2nc(N3CCOCC3)c3oc4ncccc4c3n2)c1,PIK3CA,escape_route,IC50,24.0,0.498,2.68,True,medium,100.0,0.00262,0.00393,43.7,78.1,100.0,47.2,100,81.3,68.8,,
395,CHEMBL3698726,CHEMBL3698726,c1cc2c3cnc(Nc4ccc(NC5CCNCC5)nn4)nc3n(C3CCCC3)c2cn1,CDK6,sensitive,IC50,12.4,0.44,2.95,True,medium,98.8,0.007266,0.00109,55.7,86.9,98.8,10.9,100,78.3,68.8,,
396,CHEMBL202838,CHEMBL202838,COc1cc(NC(=O)CCCc2cccs2)c(Cl)cc1NC(=O)Nc1cnc(C#N)cn1,CHEK1,resistant,IC50,91.0,0.438,2.6,True,medium,98.8,0.00102,0.005102,40.8,80.0,98.8,51.0,100,82.2,68.8,,
397,CHEMBL490428,CHEMBL490428,Cc1ccc(Nc2ccc3c(c2)N(c2nc4c(s2)C(=O)NC(C)(C)C4)CCO3)nn1,PIK3CB,escape_route,IC50,23.0,0.666,3.05,True,medium,100.0,0.002638,0.003957,44.0,78.2,100.0,47.5,100,77.2,68.7,,
398,CHEMBL394503,CHEMBL394503,CNC(=O)Nc1cc(CNc2ccccc2C(=O)Nc2ccc3c(c2)OC(F)(F)O3)ccn1,BRAF,escape_route,IC50,24.0,0.447,2.55,True,medium,98.9,0.00262,0.00393,43.7,78.1,98.9,47.2,100,82.8,68.6,,
399,CHEMBL176512,CHEMBL176512,CCCCN(CC)CC(=O)[C@H](CC(=O)O)NC(=O)C(CC)n1cccc(NC(=O)c2ccc3ccccc3c2)c1=O,CD274,immune,Ki,2.3,0.256,3.46,True,medium,75.1,0.004548,0.004548,60.6,79.8,75.1,45.5,100,72.7,68.6,,
400,CHEMBL369589,CHEMBL369589,CCC(C(=O)NC(CC(=O)O)C(=O)CN1CCC(C(N)=O)CC1)n1cccc(NC(=O)c2ccc3ccccc3c2)c1=O,CD274,immune,Ki,11.6,0.247,3.47,True,low,74.9,0.003669,0.003669,48.9,98.8,74.9,36.7,100,72.6,68.5,,
401,CHEMBL214282,CHEMBL214282,CN1C(=O)C[C@H](c2ccccc2)[C@@H]1[C@H](O)c1ccc(S(=O)(=O)N2CCOCC2)s1,KRAS,escape_route,IC50,70.0,0.773,3.63,True,low,100.0,0.002155,0.003232,35.9,93.0,100.0,38.8,100,70.8,68.4,,
402,CHEMBL334603,CHEMBL334603,NC(=O)c1cccc2[nH]c(-c3ccccc3C(F)(F)F)nc12,PARP1,resistant,Ki,190.0,0.762,2.2,True,low,100.0,0.000861,0.004303,34.4,89.1,100.0,43.0,100,86.7,68.4,,
403,CHEMBL379914,CHEMBL379914,N[C@H](COc1cnc(Cl)c(/C=C/c2ccncc2)c1)Cc1c[nH]c2ccccc12,AKT1,escape_route,IC50,23.0,0.436,3.07,True,medium,98.7,0.002638,0.003957,44.0,78.2,98.7,47.5,100,77.0,68.4,,
404,CHEMBL4244338,CHEMBL4244338,CN1CCN(S(=O)(=O)c2ccc(N3CCCC3)cc2)c2ccccc21,MDM2,sensitive,EC50,65.0,0.847,2.14,True,low,100.0,0.005468,0.00082,41.9,100.0,100.0,8.2,100,87.3,68.2,,
405,CHEMBL3698656,CHEMBL3698656,c1cc2c3cnc(Nc4ccc(N5CCNCC5)cn4)nc3n(C3CCOCC3)c2cn1,CDK6,sensitive,IC50,57.0,0.511,2.91,True,low,100.0,0.00561,0.000842,43.0,100.0,100.0,8.4,100,78.8,68.1,,
406,CHEMBL200863,CHEMBL200863,CC(C)(CNC(=O)Nc1ccc(Cl)cc1)c1nc(-c2ccc(Cl)c(O)c2)c(-c2ccncc2)[nH]1,BRAF,escape_route,IC50,13.0,0.253,2.66,True,medium,85.1,0.002886,0.004329,48.1,79.0,85.1,51.9,100,81.6,68.1,,
407,CHEMBL3642038,CHEMBL3642038,CN(C)C1CN(c2ccc(Nc3ncc4c5ccncc5n(C5CCCC5)c4n3)nn2)CCC1O,CDK6,sensitive,IC50,13.3,0.452,3.77,True,medium,99.0,0.00719,0.001079,55.1,86.8,99.0,10.8,100,69.2,68.1,,
408,CHEMBL4854762,CHEMBL4854762,Cc1c(Cc2ccccc2)c(-c2cc(Cl)nc(N)n2)nn1C,EZH2,resistant,IC50,195.0,0.755,2.47,True,low,100.0,0.000855,0.004275,34.2,88.6,100.0,42.8,100,83.7,68.0,,
409,CHEMBL375544,CHEMBL375544,O=C(NC(CO)c1ccc(Cl)cc1)c1cc(-c2[nH]ncc2-c2cccc(Cl)c2)c[nH]1,MAPK1,sensitive,Ki,14.0,0.345,3.0,True,medium,96.9,0.007135,0.00107,54.7,86.8,96.9,10.7,100,77.8,68.0,,
410,CHEMBL121130,CHEMBL121130,COc1ccc(NS(=O)(=O)c2c(F)c(F)c(F)c(F)c2F)cc1NC(=O)[C@@H](NC(C)=O)[C@@H](C)O,MAP2K1,sensitive,IC50,27.0,0.244,3.29,True,low,89.9,0.006422,0.000963,49.2,100.0,89.9,9.6,100,74.6,67.9,,
411,CHEMBL3702070,CHEMBL3702070,CCC(CC)n1c2cnccc2c2cnc(Nc3ccc(N4CCC(N(C)C)CC4)nn3)nc21,CDK6,sensitive,IC50,16.0,0.435,3.03,True,medium,98.7,0.00699,0.001048,53.6,86.6,98.7,10.5,100,77.4,67.9,,
412,CHEMBL381421,CHEMBL381421,Oc1cc(-c2[nH]c(-c3ccccc3)nc2-c2ccnnc2)ccc1Cl,BRAF,escape_route,Kd,87.0,0.569,2.47,True,low,100.0,0.00206,0.003091,34.3,91.3,100.0,37.1,100,83.7,67.9,,
413,CHEMBL173677,CHEMBL173677,CCCCN(C)CC(=O)[C@H](CC(=O)O)NC(=O)C(CC)n1cccc(NC(=O)c2ccc3ccccc3c2)c1=O,CD274,immune,Ki,3.1,0.28,3.43,True,medium,75.6,0.004386,0.004386,58.5,79.8,75.6,43.9,100,73.0,67.8,,
414,CHEMBL322268,CHEMBL322268,O=C(CCn1c2c(c(=O)[nH]c1=O)CCCC2)NCC(=O)N1CCN(c2ccccc2)CC1,PARP1,resistant,IC50,200.0,0.672,2.42,True,low,100.0,0.000849,0.004247,34.0,88.0,100.0,42.5,100,84.2,67.8,,
415,CHEMBL115336,CHEMBL115336,CC(C)[C@H](NC(=O)c1ccccc1)C(=O)N(CC(=O)NC(CC(=O)O)C(=O)c1nc2ccccc2o1)C1Cc2ccccc2C1,CD274,immune,IC50,2.0,0.206,3.56,True,medium,69.1,0.004624,0.004624,61.7,79.8,69.1,46.2,100,71.6,67.8,,
416,CHEMBL3641990,CHEMBL3641990,CNC1CCN(c2ccc(Nc3ncc4c5ccncc5n(C5CCC5)c4n3)nn2)CC1,CDK6,sensitive,IC50,19.0,0.498,2.89,True,medium,100.0,0.006803,0.00102,52.2,86.3,100.0,10.2,100,79.0,67.7,,
417,CHEMBL3702141,CHEMBL3702141,c1cc2c3cnc(Nc4ccc(N5CCNCC5)cn4)cc3n(C3CCSC3)c2cn1,CDK6,sensitive,IC50,17.0,0.509,3.48,True,medium,100.0,0.006924,0.001039,53.1,86.5,100.0,10.4,100,72.4,67.7,,
418,CHEMBL260876,THIOUREA,NC(N)=S,ATM,resistant,IC50,200.0,0.371,2.58,True,low,100.0,0.000849,0.004247,34.0,88.0,100.0,42.5,100,82.4,67.7,,
419,CHEMBL220897,CHEMBL220897,O=C(NC(CO)c1cc(Cl)cc(Cl)c1)c1cc(-c2[nH]ncc2-c2cccc(Cl)c2)c[nH]1,MAPK1,sensitive,Ki,7.0,0.297,3.17,True,medium,85.9,0.007887,0.001183,60.5,87.4,85.9,11.8,100,75.9,67.7,,
420,CHEMBL2113248,CHEMBL2113248,CC(C)C[C@H]1c2cc3c(C(F)(F)F)cc(O)nc3cc2NC[C@@H]1C,AR,sensitive,EC50,56.0,0.796,3.94,True,low,100.0,0.00563,0.000844,43.2,100.0,100.0,8.4,100,67.3,67.6,,
421,CHEMBL3216006,CHEMBL3216006,Cl.Cl.c1cc(OCCN2CCOCC2)cc(-c2nc(N3CCOCC3)c3oc4ncccc4c3n2)c1,PIK3CA,escape_route,IC50,16.0,0.366,2.85,True,medium,87.3,0.002796,0.004194,46.6,78.7,87.3,50.3,100,79.4,67.6,,
422,CHEMBL115252,CHEMBL115252,O=C[C@H](CC(=O)O)NS(=O)(=O)c1ccccc1OCCc1cccc2ccccc12,CD274,immune,IC50,62.0,0.482,2.78,True,low,100.0,0.00276,0.00276,36.8,93.8,100.0,27.6,100,80.2,67.6,,
423,CHEMBL141247,CHEMBL141247,O=C(Nc1ccccn1)Nc1cccc2c1[C@H]1CCCN1C2=O,CDK6,sensitive,IC50,71.0,0.895,2.72,True,low,100.0,0.005372,0.000806,41.2,100.0,100.0,8.1,100,80.9,67.6,,
424,CHEMBL3698670,CHEMBL3698670,c1cnc2c(c1)c1cnc(Nc3ccc(N4CCNCC4)cn3)nc1n2C1CCCC1,CDK6,sensitive,IC50,21.0,0.527,2.77,True,medium,100.0,0.006694,0.001004,51.3,86.2,100.0,10.0,100,80.3,67.5,,
425,CHEMBL203007,CHEMBL203007,COc1cc2c(Nc3cnc(NC(=O)c4ccc(C)c(Br)c4)nc3)ncnc2cc1OCCCN1CCOCC1,AURKA,resistant,IC50,70.0,0.247,2.72,True,medium,84.9,0.001077,0.005387,43.1,81.8,84.9,53.9,100,80.9,67.5,,
426,CHEMBL4240141,CHEMBL4240141,CN1CCN(S(=O)(=O)c2ccc(N3CCC=N3)cc2)c2ccccc21,MDM2,sensitive,EC50,74.0,0.848,2.7,True,low,100.0,0.005327,0.000799,40.8,100.0,100.0,8.0,100,81.1,67.5,,
427,CHEMBL281028,CHEMBL281028,CC1(C)CCNc2cc3nc(O)cc(C(F)(F)F)c3cc21,AR,sensitive,EC50,68.0,0.771,3.06,True,low,100.0,0.005419,0.000813,41.5,100.0,100.0,8.1,100,77.1,67.5,,
428,CHEMBL248051,CHEMBL248051,NC(=O)c1cc(CNc2ccccc2C(=O)Nc2ccc3c(c2)OC(F)(F)O3)ccn1,BRAF,escape_route,IC50,34.0,0.557,2.47,True,medium,100.0,0.002469,0.003703,41.1,77.3,100.0,44.4,100,83.7,67.5,,
429,CHEMBL428690,CHEMBL428690,CN1CC[C@H](c2c(O)cc(O)c3c(=O)cc(-c4ccccc4Cl)oc23)[C@H](O)C1,ATR,resistant,Kd,110.0,0.61,3.41,True,medium,100.0,0.000979,0.004897,39.2,78.3,100.0,49.0,100,73.2,67.3,,
430,CHEMBL428690,CHEMBL428690,CN1CC[C@H](c2c(O)cc(O)c3c(=O)cc(-c4ccccc4Cl)oc23)[C@H](O)C1,ATR,resistant,Kd,110.0,0.61,3.41,True,medium,100.0,0.000979,0.004897,39.2,78.3,100.0,49.0,100,73.2,67.3,,
431,CHEMBL428690,CHEMBL428690,CN1CC[C@H](c2c(O)cc(O)c3c(=O)cc(-c4ccccc4Cl)oc23)[C@H](O)C1,ATR,resistant,Kd,110.0,0.61,3.41,True,medium,100.0,0.000979,0.004897,39.2,78.3,100.0,49.0,100,73.2,67.3,,
432,CHEMBL282866,CHEMBL282866,CCC1(CC)CCNc2cc3nc(O)cc(C(F)(F)F)c3cc21,AR,sensitive,IC50,73.0,0.831,3.26,True,low,100.0,0.005342,0.000801,41.0,100.0,100.0,8.0,100,74.9,67.2,,
433,CHEMBL220320,CHEMBL220320,O=C(NCc1ccccc1)c1cc(-c2n[nH]cc2-c2cccc(Cl)c2)c[nH]1,MAPK1,sensitive,Ki,86.0,0.474,2.52,True,low,100.0,0.005164,0.000775,39.6,100.0,100.0,7.7,100,83.1,67.2,,
434,CHEMBL2436173,CHEMBL2436173,CC(=O)c1ccc2c(c1)c1c3c(ccc1n2CC[C@H]1CCCN1C)C(=O)CC3,MDM2,sensitive,EC50,80.0,0.626,3.09,True,low,100.0,0.005242,0.000786,40.2,100.0,100.0,7.9,100,76.8,67.1,,
435,CHEMBL445340,CHEMBL445340,CC(C)C1CNC(=O)c2cc(-c3ccnc(N)n3)[nH]c21,CDK4,sensitive,IC50,73.0,0.771,3.58,True,low,100.0,0.005342,0.000801,41.0,100.0,100.0,8.0,100,71.3,67.1,,
436,CHEMBL526092,CHEMBL526092,CCC1CNC(=O)c2cc(-c3ccnc(N)n3)[nH]c21,CDK4,sensitive,IC50,73.0,0.755,3.54,True,low,100.0,0.005342,0.000801,41.0,100.0,100.0,8.0,100,71.8,67.1,,
437,CHEMBL260313,CHEMBL260313,COC[C@H]1OC(=O)/C(=C/N2CCC(=O)CC2)C2=C(O)C(=O)C3=C([C@H](OC(C)=O)C[C@]4(C)[C@@H](O)CC[C@@H]34)[C@]21C,PIK3CA,escape_route,IC50,60.0,0.41,5.01,True,low,93.2,0.002222,0.003333,37.0,94.0,93.2,40.0,100,55.4,67.0,,
438,CHEMBL3702209,CHEMBL3702209,CN(C)C1CCN(c2ccc(Nc3ncc4c5ccccc5n(C5CCCC5)c4n3)nc2)CC1,CDK6,sensitive,IC50,12.0,0.437,2.7,True,medium,88.7,0.007302,0.001095,56.0,86.9,88.7,10.9,100,81.1,67.0,,
439,CHEMBL211819,CHEMBL211819,O=C1NC(=O)/C(=C/c2ccc(-c3cc(O)ccc3O)o2)S1,PIK3CA,escape_route,IC50,100.0,0.582,2.6,True,low,100.0,0.002,0.003,33.3,90.0,100.0,36.0,100,82.2,67.0,,
440,CHEMBL537877,CHEMBL537877,COc1cccc(-c2nc(N3CCOCC3)c3oc4ncccc4c3n2)c1.Cl,PIK3CA,escape_route,IC50,100.0,0.52,2.58,True,low,100.0,0.002,0.003,33.3,90.0,100.0,36.0,100,82.4,67.0,,
441,CHEMBL3702217,CHEMBL3702217,CC[C@@H](C)n1c2cnccc2c2cnc(Nc3ccc(N4CCN[C@@H](C)C4)nn3)nc21,CDK6,sensitive,IC50,21.0,0.511,3.71,True,medium,100.0,0.006694,0.001004,51.3,86.2,100.0,10.0,100,69.9,66.9,,
442,CHEMBL202026,CHEMBL202026,CCN(C(=O)Cc1cnc(Nc2ncnc3cc(OCCCN4CCOCC4)c(OC)cc23)s1)c1ccccc1,AURKA,resistant,IC50,55.0,0.25,2.79,True,medium,75.0,0.00113,0.005649,45.2,83.2,75.0,56.5,100,80.1,66.8,,
443,CHEMBL192575,CHEMBL192575,CC(C)(C)c1ccc(C(=O)Nc2n[nH]c3c2CN(C(=O)Cc2ccccc2)C3)cc1,AURKA,resistant,IC50,130.0,0.691,2.34,True,medium,100.0,0.000943,0.004715,37.7,76.6,100.0,47.1,100,85.1,66.8,,
444,CHEMBL332551,CHEMBL332551,Nc1nc(C2=C3C(=Nc4ccccc43)C(=O)NCC2)c(O)[nH]1,MAPK1,sensitive,IC50,89.0,0.632,3.33,True,low,100.0,0.005127,0.000769,39.3,100.0,100.0,7.7,100,74.1,66.7,,
445,CHEMBL332551,CHEMBL332551,Nc1nc(C2=C3C(=Nc4ccccc43)C(=O)NCC2)c(O)[nH]1,MAPK1,sensitive,IC50,89.0,0.632,3.33,True,low,100.0,0.005127,0.000769,39.3,100.0,100.0,7.7,100,74.1,66.7,,
446,CHEMBL3702247,CHEMBL3702247,CN(C)C1CCN(c2ccc(Nc3ncc4c5ccncc5n(C5CCC5)c4n3)nn2)CC1,CDK6,sensitive,IC50,27.0,0.499,2.9,True,medium,100.0,0.006422,0.000963,49.2,85.6,100.0,9.6,100,78.9,66.6,,
447,CHEMBL212781,CHEMBL212781,CN1C(=O)C[C@H](c2ccccc2)[C@@H]1[C@H](O)c1ccc(-c2ccccc2)s1,KRAS,escape_route,IC50,100.0,0.743,3.34,True,low,100.0,0.002,0.003,33.3,90.0,100.0,36.0,100,74.0,66.6,,
448,CHEMBL79280,CHEMBL79280,COc1ccc(NS(=O)(=O)c2c(F)c(F)c(F)c(F)c2F)cc1F,MAP2K1,sensitive,IC50,101.0,0.51,2.35,True,low,100.0,0.004989,0.000748,38.2,98.9,100.0,7.5,100,85.0,66.6,,
449,CHEMBL369634,CHEMBL369634,CCC(C(=O)N[C@@H](CC(=O)O)C(=O)CNCc1ccccc1)n1cccc(NC(=O)c2ccc3ccccc3c2)c1=O,CD274,immune,Ki,3.05,0.193,3.34,True,medium,68.9,0.004395,0.004395,58.6,79.8,68.9,43.9,100,74.0,66.6,,
450,CHEMBL364872,CHEMBL364872,CN1C(=O)C[C@H](c2ccccc2)[C@@H]1[C@@H](O)c1ccc(-c2ccccc2)s1,KRAS,escape_route,IC50,100.0,0.743,3.34,True,low,100.0,0.002,0.003,33.3,90.0,100.0,36.0,100,74.0,66.6,,
451,CHEMBL3698696,CHEMBL3698696,O=S1(=O)CCC(Nc2ccc(Nc3ncc4c5ccncc5n(C5CCCC5)c4n3)nc2)C1,CDK6,sensitive,IC50,24.0,0.459,3.36,True,medium,99.2,0.006549,0.000982,50.2,85.9,99.2,9.8,100,73.8,66.5,,
452,CHEMBL315638,CHEMBL315638,O=C(O)c1cccc(Cn2nc(-c3cccs3)c(Cc3cc4c(cc3Cl)OCO4)c2C(=O)O)c1,CHEK2,resistant,IC50,89.0,0.369,2.74,True,medium,87.4,0.001025,0.005127,41.0,80.2,87.4,51.3,100,80.7,66.5,,
453,CHEMBL219790,CHEMBL219790,O=C(NC(CO)c1ccc(F)c(F)c1)c1cc(-c2[nH]ncc2-c2cccc(Cl)c2)c[nH]1,MAPK1,sensitive,Ki,22.0,0.355,3.12,True,medium,97.1,0.006644,0.000997,50.9,86.1,97.1,10.0,100,76.4,66.5,,
454,CHEMBL410071,CHEMBL410071,COC[C@H]1OC(=O)/C(=C/N2CCC(C(=O)O)CC2)C2=C(O)C(=O)C3=C([C@H](OC(C)=O)C[C@]4(C)[C@@H](O)CC[C@@H]34)[C@]21C,PIK3CA,escape_route,IC50,33.0,0.334,4.92,True,low,76.7,0.002481,0.003722,41.4,96.7,76.7,44.7,100,56.4,66.4,,
455,CHEMBL377304,CHEMBL377304,CN(C)CCOCCN(C)CCOc1cc(N2CCCC2)c(NC(=O)Nc2cnc(C#N)cn2)cc1Cl,CHEK1,resistant,IC50,64.0,0.376,2.93,True,medium,77.5,0.001097,0.005485,43.9,82.4,77.5,54.9,100,78.6,66.4,,
456,CHEMBL2426395,CHEMBL2426395,COc1ccc(NC(=S)NC(=O)c2cn(-c3ccccc3)nc2-c2ccc(OC)cc2)cc1,CDK6,sensitive,IC50,29.0,0.409,2.09,True,medium,98.2,0.006344,0.000952,48.6,85.4,98.2,9.5,100,87.9,66.4,,
457,CHEMBL360089,LEINAMYCIN,C/C1=C\[C@@H](O)C(=O)/C=C/C=C\c2csc(n2)[C@@H](C)NC(=O)C[C@@]2(CC1)[S+]([O-])SC(=O)[C@]2(C)O,MAP2K1,sensitive,IC50,11.0,0.275,7.08,True,low,80.1,0.007397,0.001109,56.7,100.0,80.1,11.1,100,32.4,66.3,,
458,CHEMBL219849,CHEMBL219849,O=C(NC(CO)c1cccc(F)c1)c1cc(-c2[nH]ncc2-c2cccc(Cl)c2)c[nH]1,MAPK1,sensitive,Ki,24.0,0.371,3.05,True,medium,97.4,0.006549,0.000982,50.2,85.9,97.4,9.8,100,77.2,66.3,,
459,CHEMBL191402,CHEMBL191402,CCc1cccc(CC)c1NC(=O)N1Cc2[nH]nc(NC(=O)c3ccc(C(C)(C)C)cc3)c2C1,AURKA,resistant,IC50,100.0,0.462,2.6,True,medium,89.2,0.001,0.005,40.0,79.2,89.2,50.0,100,82.2,66.3,,
460,CHEMBL3702160,CHEMBL3702160,CN(C)[C@H]1CN(c2ccc(Nc3ncc4c5ccncc5n(C5CCCC5)c4n3)nn2)CC[C@@H]1O,CDK6,sensitive,IC50,24.0,0.452,3.77,True,medium,99.0,0.006549,0.000982,50.2,85.9,99.0,9.8,100,69.2,66.3,,
461,CHEMBL367714,CHEMBL367714,CCC(C(=O)N[C@@H](CC(=O)O)C(=O)CN(C)CCc1ccccc1)n1cccc(NC(=O)c2ccc3ccccc3c2)c1=O,CD274,immune,Ki,4.8,0.201,3.44,True,medium,74.0,0.004148,0.004148,55.3,79.6,74.0,41.5,100,72.9,66.2,,
462,CHEMBL215309,CHEMBL215309,COc1ccccc1[C@H]1CC(=O)N(C)[C@H]1[C@H](O)c1ccc(S(=O)(=O)c2ccccc2)s1,KRAS,escape_route,IC50,40.0,0.611,3.58,True,medium,100.0,0.002398,0.003597,40.0,76.8,100.0,43.2,100,71.3,66.2,,
463,CHEMBL3355072,CHEMBL3355072,C[C@@H]1Cn2ncc(-c3ccc(S(C)(=O)=O)cc3)c2CN1c1ccnc2[nH]ccc12,ATM,resistant,IC50,130.0,0.564,3.48,True,medium,100.0,0.000943,0.004715,37.7,76.6,100.0,47.1,100,72.4,66.2,,
464,CHEMBL2113247,CHEMBL2113247,C[C@@H]1CNc2cc3nc(O)cc(C(F)(F)F)c3cc2[C@@H]1CCC(F)(F)F,AR,sensitive,EC50,82.0,0.684,4.08,True,low,98.7,0.005215,0.000782,40.0,100.0,98.7,7.8,100,65.8,66.2,,
465,CHEMBL497995,CHEMBL497995,Nc1nccc(-c2cc3c([nH]2)C(C2CCC2)CNC3=O)n1,CDK4,sensitive,IC50,96.0,0.781,3.51,True,low,100.0,0.005044,0.000757,38.7,99.4,100.0,7.6,100,72.1,66.2,,
466,CHEMBL451570,CHEMBL451570,Nc1nccc(-c2cc3c([nH]2)[C@H](CCF)CNC3=O)n1,CDK4,sensitive,IC50,96.0,0.785,3.72,True,low,100.0,0.005044,0.000757,38.7,99.4,100.0,7.6,100,69.8,66.1,,
467,CHEMBL2426391,CHEMBL2426391,COc1ccc(NC(=S)NC(=O)c2cn(-c3ccccc3)nc2-c2ccc(F)cc2)cc1,CDK6,sensitive,IC50,33.0,0.431,2.08,True,medium,98.6,0.006204,0.000931,47.6,85.1,98.6,9.3,100,88.0,66.1,,
468,CHEMBL3702114,CHEMBL3702114,c1cc2c3cnc(Nc4ccc(CN5CCNCC5)cn4)nc3n(C3CCCC3)c2cn1,CDK6,sensitive,IC50,33.0,0.502,2.78,True,medium,100.0,0.006204,0.000931,47.6,85.1,100.0,9.3,100,80.2,66.0,,
469,CHEMBL3698700,CHEMBL3698700,c1cc2c3cnc(Nc4ccc(NC5CCNCC5)cn4)nc3n(C3CCCC3)c2cn1,CDK6,sensitive,IC50,31.0,0.434,2.87,True,medium,98.7,0.006272,0.000941,48.1,85.3,98.7,9.4,100,79.2,65.9,,
470,CHEMBL311315,CHEMBL311315,CC(=O)N[C@@H](Cc1ccccc1)C(=O)N[C@H](C(=O)N[C@@H](C)C(=O)N[C@H](C=O)CC(=O)O)C(C)C,CD274,immune,Ki,42.0,0.24,3.42,True,low,84.8,0.002971,0.002971,39.6,95.8,84.8,29.7,100,73.1,65.9,,
471,CHEMBL4522598,CHEMBL4522598,CN(C)C/C=C/C(=O)Nc1cccc(S(=O)(=O)N2CCC(NC(=O)c3n[nH]cc3NC(=O)c3c(Cl)cccc3Cl)CC2)c1.O=C(O)C(F)(F)F,ATR,resistant,IC50,50.0,0.188,3.31,True,medium,68.8,0.001151,0.005753,46.0,83.6,68.8,57.5,100,74.3,65.8,,
472,CHEMBL267231,CHEMBL267231,C=CCC1Oc2cccc(OC(F)F)c2-c2ccc3c(c21)C(C)=CC(C)(C)N3,AR,sensitive,Ki,96.3,0.606,3.57,True,low,97.1,0.005041,0.000756,38.6,99.4,97.1,7.6,100,71.4,65.6,,
473,CHEMBL1922219,CHEMBL1922219,CC[C@H](Nc1nc(NCc2cccnc2)c2ncn(C(C)C)c2n1)[C@@H](C)O,CDK4,sensitive,IC50,107.0,0.561,3.43,True,low,100.0,0.004927,0.000739,37.8,98.2,100.0,7.4,100,73.0,65.6,,
474,CHEMBL381075,CHEMBL381075,Nc1cc(/C=C/c2cncc(OC[C@@H](N)Cc3c[nH]c4ccccc34)c2)ccn1,AKT1,escape_route,IC50,121.0,0.45,3.1,True,low,100.0,0.001917,0.002876,32.0,87.9,100.0,34.5,100,76.7,65.6,,
475,CHEMBL332551,CHEMBL332551,Nc1nc(C2=C3C(=Nc4ccccc43)C(=O)NCC2)c(O)[nH]1,CHEK1,resistant,IC50,237.0,0.632,3.33,True,low,100.0,0.000813,0.004063,32.5,83.9,100.0,40.6,100,74.1,65.5,,
476,CHEMBL332551,CHEMBL332551,Nc1nc(C2=C3C(=Nc4ccccc43)C(=O)NCC2)c(O)[nH]1,CHEK1,resistant,IC50,237.0,0.632,3.33,True,low,100.0,0.000813,0.004063,32.5,83.9,100.0,40.6,100,74.1,65.5,,
477,CHEMBL435744,CHEMBL435744,OCc1ccc(-c2[nH]c(-c3ccccc3)nc2-c2ccncc2)cc1Cl,BRAF,escape_route,Kd,132.0,0.54,2.26,True,low,100.0,0.001879,0.002819,31.3,86.8,100.0,33.8,100,86.0,65.5,,
478,CHEMBL383928,CHEMBL383928,CN1C(=O)C[C@H](c2ccccc2)[C@@H]1[C@H](O)c1ccc(-c2ccccc2F)s1,KRAS,escape_route,IC50,120.0,0.717,3.44,True,low,100.0,0.001921,0.002881,32.0,88.0,100.0,34.6,100,72.9,65.4,,
479,CHEMBL571722,CHEMBL571722,Cc1cnc(Nc2cccc3c2OCCO3)nc1-c1c[nH]c(C(=O)N[C@H](CO)c2cccc(Cl)c2)c1,MAPK1,sensitive,Ki,15.0,0.293,3.31,True,medium,85.9,0.00706,0.001059,54.1,86.7,85.9,10.6,100,74.3,65.4,,
480,CHEMBL367715,CHEMBL367715,CCC(C(=O)N[C@@H](CC(=O)O)C(=O)CN[C@H](Cc1ccccc1)C(N)=O)n1cccc(NC(=O)c2ccc3ccccc3c2)c1=O,CD274,immune,Ki,25.0,0.133,3.71,True,low,72.7,0.003253,0.003253,43.4,97.5,72.7,32.5,100,69.9,65.3,,
481,CHEMBL220112,CHEMBL220112,O=C(N[C@H](CO)c1ccccc1)c1cc(-c2[nH]ncc2-c2cccc(Cl)c2)c[nH]1,MAPK1,sensitive,Ki,35.0,0.386,2.95,True,medium,97.7,0.00614,0.000921,47.1,84.9,97.7,9.2,100,78.3,65.2,,
482,CHEMBL3642007,CHEMBL3642007,O[C@@H]1CCCN(C2CCN(c3ccc(Nc4ncc5c6ccncc6n(C6CCCC6)c5n4)nn3)CC2)C1,CDK6,sensitive,IC50,18.0,0.408,3.45,True,medium,88.2,0.006862,0.001029,52.6,86.4,88.2,10.3,100,72.8,65.2,,
483,CHEMBL222249,CHEMBL222249,O=C(NCc1ccc(F)c(F)c1)c1cc(-c2[nH]ncc2-c2cccc(Cl)c2)c[nH]1,MAPK1,sensitive,Ki,40.0,0.434,2.5,True,medium,98.7,0.005995,0.000899,46.0,84.5,98.7,9.0,100,83.3,65.2,,
484,CHEMBL2181114,CHEMBL2181114,C=C1C(=O)OCC1(C(=O)OCC)C(=O)OCC,ATM,resistant,IC50,250.0,0.303,3.13,True,low,100.0,0.000801,0.004005,32.0,82.5,100.0,40.0,100,76.3,65.1,,
485,CHEMBL2426383,CHEMBL2426383,COc1ccc(NC(=S)NC(=O)c2cn(-c3ccccc3)nc2-c2ccc(C)cc2)cc1,CDK6,sensitive,IC50,43.0,0.427,2.07,True,medium,98.5,0.005916,0.000887,45.4,84.2,98.5,8.9,100,88.1,65.1,,
486,CHEMBL202721,CHEMBL202721,COc1cc2c(Nc3ccc(NC(=O)c4ccccc4)cc3)ncnc2cc1OCCCN1CCOCC1,AURKA,resistant,IC50,110.0,0.294,2.31,True,medium,85.9,0.000979,0.004897,39.2,78.3,85.9,49.0,100,85.4,65.1,,
487,CHEMBL373628,CHEMBL373628,C[C@@H](NC(=O)c1cc(-c2[nH]ncc2-c2cccc(Cl)c2)c[nH]1)c1ccccc1,MAPK1,sensitive,Ki,100.0,0.437,2.82,True,low,93.7,0.005,0.00075,38.3,99.0,93.7,7.5,100,79.8,65.1,,
488,CHEMBL205754,CHEMBL205754,COc1cc(NC(=O)c2ccco2)c(Cl)cc1NC(=O)Nc1cnc(C#N)cn1,CHEK1,resistant,IC50,111.0,0.581,2.51,True,medium,86.6,0.000977,0.004887,39.1,78.2,86.6,48.9,100,83.2,65.1,,
489,CHEMBL153177,CHEMBL153177,CCCCCC[Se]CC(=O)C(F)(F)F,FOLH1,other,IC50,100.0,0.515,3.23,True,low,100.0,0.0025,0.0025,33.3,90.0,100.0,25.0,100,75.2,65.0,,
490,CHEMBL410637,CHEMBL410637,COC[C@H]1OC(=O)/C(=C/N2CCN(C)CC2)C2=C(O)C(=O)C3=C([C@H](OC(C)=O)C[C@]4(C)[C@@H](O)CC[C@@H]34)[C@]21C,PIK3CA,escape_route,IC50,90.0,0.408,4.9,True,low,93.2,0.002046,0.003069,34.1,91.0,93.2,36.8,100,56.7,65.0,,
491,CHEMBL247618,CHEMBL247618,CNC(=O)c1cc(CNc2ccsc2C(=O)Nc2ccc3c(c2)OC(F)(F)O3)ccn1,BRAF,escape_route,IC50,61.0,0.534,2.73,True,medium,100.0,0.002215,0.003322,36.9,75.1,100.0,39.9,100,80.8,64.9,,
492,CHEMBL315175,CHEMBL315175,O=C(O)c1c(Cc2cc3c(cc2Cl)OCO3)c(-c2ccccc2)nn1C1CCCCC1,CHEK2,resistant,IC50,131.0,0.551,2.61,True,medium,91.0,0.000941,0.004707,37.7,76.5,91.0,47.1,100,82.1,64.8,,
493,CHEMBL428496,WORTMANNIN,COC[C@H]1OC(=O)c2coc3c2[C@@]1(C)C1=C(C3=O)[C@@H]2CCC(=O)[C@@]2(C)C[C@H]1OC(C)=O,PIK3CA,escape_route,Ki,120.0,0.676,4.66,True,low,100.0,0.001921,0.002881,32.0,88.0,100.0,34.6,100,59.3,64.8,,
494,CHEMBL452602,CHEMBL452602,C[C@@H]1CNC[C@H](C(=O)Nc2ncc(SCc3ncc(C(C)(C)C)o3)s2)C1,CDK4,sensitive,IC50,120.0,0.749,3.75,True,low,100.0,0.004802,0.00072,36.8,96.8,100.0,7.2,100,69.4,64.8,,
495,CHEMBL428496,WORTMANNIN,COC[C@H]1OC(=O)c2coc3c2[C@@]1(C)C1=C(C3=O)[C@@H]2CCC(=O)[C@@]2(C)C[C@H]1OC(C)=O,PIK3CA,escape_route,Ki,120.0,0.676,4.66,True,low,100.0,0.001921,0.002881,32.0,88.0,100.0,34.6,100,59.3,64.8,,
496,CHEMBL428496,WORTMANNIN,COC[C@H]1OC(=O)c2coc3c2[C@@]1(C)C1=C(C3=O)[C@@H]2CCC(=O)[C@@]2(C)C[C@H]1OC(C)=O,PIK3CA,escape_route,Ki,120.0,0.676,4.66,True,low,100.0,0.001921,0.002881,32.0,88.0,100.0,34.6,100,59.3,64.8,,
497,CHEMBL2426399,CHEMBL2426399,COc1ccc(NC(=S)NC(=O)c2cn(-c3ccccc3)nc2-c2ccccc2)cc1,CDK6,sensitive,IC50,50.0,0.452,2.02,True,medium,99.0,0.005753,0.000863,44.1,83.6,99.0,8.6,100,88.7,64.7,,
498,CHEMBL285957,CHEMBL285957,CN(C)CCN1C(=O)c2cccc3c2c(cc2occc23)C1=O,MAP2K1,sensitive,IC50,140.0,0.698,2.39,True,low,100.0,0.004635,0.000695,35.5,94.6,100.0,7.0,100,84.6,64.6,,
499,CHEMBL204217,CHEMBL204217,CCc1ccc(C(=O)Nc2ncc(Nc3ncnc4cc(OCCCN5CCOCC5)c(OC)cc34)cn2)cc1,AURKA,resistant,IC50,85.0,0.267,2.63,True,medium,75.3,0.001035,0.005176,41.4,80.5,75.3,51.8,100,81.9,64.5,,
500,CHEMBL381328,CHEMBL381328,N[C@H](COc1cncc(/C=C/c2ccncc2)c1)Cc1ccc2ccccc2c1,AKT1,escape_route,IC50,146.0,0.502,2.86,True,low,100.0,0.001836,0.002753,30.6,85.4,100.0,33.0,100,79.3,64.5,,
501,CHEMBL206183,CHEMBL206183,N[C@H](COc1cncc(/C=C/c2ccncc2)c1)Cc1csc2ccccc12,AKT1,escape_route,IC50,142.0,0.494,3.05,True,low,100.0,0.001848,0.002772,30.8,85.8,100.0,33.3,100,77.2,64.5,,
502,CHEMBL535,CHEMBL535,CCN(CC)CCNC(=O)c1c(C)[nH]c(/C=C2\C(=O)Nc3ccc(F)cc32)c1C,ATR,resistant,Kd,270.0,0.626,2.65,True,low,100.0,0.000784,0.003922,31.4,80.3,100.0,39.2,100,81.7,64.5,,
503,CHEMBL215578,CHEMBL215578,CN1C(=O)C[C@H](c2ccccc2F)[C@@H]1[C@H](O)c1ccc(S(=O)(=O)c2ccccc2)s1,KRAS,escape_route,IC50,60.0,0.649,3.61,True,medium,100.0,0.002222,0.003333,37.0,75.2,100.0,40.0,100,71.0,64.5,,
504,CHEMBL213667,CHEMBL213667,CN1C(=O)C[C@H](c2ccccc2)[C@@H]1[C@H](O)c1ccc(-c2ccc(F)cc2)s1,KRAS,escape_route,IC50,140.0,0.717,3.39,True,low,100.0,0.001854,0.002781,30.9,86.0,100.0,33.4,100,73.4,64.4,,
505,CHEMBL177538,CHEMBL177538,CCCS(=O)(=O)NCCCOc1nc(C2CC2)nc(NS(=O)(=O)c2ccc(C(C)C)cn2)c1Oc1ccccc1OC,CHEK2,resistant,Kd,69.18,0.218,3.04,True,medium,69.4,0.00108,0.0054,43.2,81.9,69.4,54.0,100,77.3,64.3,,
506,CHEMBL174581,CHEMBL174581,CCC(C(=O)N[C@@H](CC(=O)O)C(=O)CN(C)CCCC(N)=O)n1cccc(NC(=O)c2ccc3ccccc3c2)c1=O,CD274,immune,Ki,37.0,0.211,3.54,True,low,74.2,0.00304,0.00304,40.5,96.3,74.2,30.4,100,71.8,64.2,,
507,CHEMBL303615,CHEMBL303615,COC(=O)c1c(C)[nH]c2c1[C@@]13C[C@@H]1Cn1c(O)c4nc5c(OC)c(OC)c(OC)cc5c-4c(c13)C2=O,MAP2K1,sensitive,IC50,36.0,0.419,4.75,True,medium,98.4,0.006109,0.000916,46.8,84.8,98.4,9.2,100,58.3,64.2,,
508,CHEMBL270039,CHEMBL270039,COC[C@H]1OC(=O)/C(=C/N2CCCCC2)C2=C(O)C(=O)C3=C([C@H](OC(C)=O)C[C@]4(C)[C@@H](O)CC[C@@H]34)[C@]21C,PIK3CA,escape_route,IC50,104.0,0.43,4.87,True,low,93.6,0.001983,0.002974,33.0,89.6,93.6,35.7,100,57.0,64.2,,
509,CHEMBL3702136,CHEMBL3702136,FC(F)(F)c1cccc(-n2c3cnccc3c3cnc(Nc4ccc(N5CCNCC5)cn4)cc32)c1,CDK6,sensitive,IC50,26.0,0.364,2.83,True,medium,87.3,0.006463,0.000969,49.5,85.7,87.3,9.7,100,79.7,64.2,,
510,CHEMBL1336,CHEMBL1336,CNC(=O)c1cc(Oc2ccc(NC(=O)Nc3ccc(Cl)c(C(F)(F)F)c3)cc2)ccn1,BRAF,escape_route,IC50,46.0,0.461,2.27,True,medium,89.2,0.002337,0.003506,39.0,76.3,89.2,42.1,100,85.9,64.2,,
511,CHEMBL806,CHEMBL806,CC(C)C(=O)Nc1ccc([N+](=O)[O-])c(C(F)(F)F)c1,AR,sensitive,IC50,154.0,0.68,2.07,True,low,100.0,0.004531,0.00068,34.7,93.1,100.0,6.8,100,88.1,64.1,,
512,CHEMBL105765,CHEMBL105765,O=C(CCCCCn1c2c(c(=O)[nH]c1=O)CSCC2)NCC(=O)N1CCN(c2ncccn2)CC1,PARP1,resistant,IC50,250.0,0.464,2.87,True,low,94.3,0.000801,0.004005,32.0,82.5,94.3,40.0,100,79.2,64.1,,
513,CHEMBL335198,CHEMBL335198,NC(=O)c1cccc2[nH]c(-c3ccc(C(=O)O)cc3)nc12,PARP1,resistant,Ki,290.0,0.682,1.98,True,low,100.0,0.000769,0.003844,30.8,78.1,100.0,38.4,100,89.1,64.0,,
514,CHEMBL388480,CHEMBL388480,c1ccc(-c2nc(N3CCOCC3)c3oc4ncccc4c3n2)cc1,PIK3CA,escape_route,IC50,160.0,0.561,2.42,True,low,100.0,0.001796,0.002694,29.9,84.0,100.0,32.3,100,84.2,64.0,,
515,CHEMBL3702222,CHEMBL3702222,CC[C@@H](C)n1c2cnccc2c2cnc(Nc3ccc(N4CC[C@@H](O)C4)cn3)nc21,CDK6,sensitive,IC50,50.0,0.525,3.57,True,medium,100.0,0.005753,0.000863,44.1,83.6,100.0,8.6,100,71.4,64.0,,
516,CHEMBL27372,CHEMBL27372,CCC1CCN(C=O)c2cc3nc(O)cc(C(F)(F)F)c3cc21,AR,sensitive,EC50,137.0,0.855,3.68,True,low,100.0,0.004658,0.000699,35.7,94.9,100.0,7.0,100,70.2,64.0,,
517,CHEMBL247250,CHEMBL247250,CNC(=O)Nc1ccc(CNc2ncsc2C(=O)Nc2ccc3c(c2)OC(F)(F)O3)cn1,BRAF,escape_route,IC50,69.0,0.442,2.88,True,medium,98.8,0.002161,0.003242,36.0,74.5,98.8,38.9,100,79.1,64.0,,
518,CHEMBL4243377,CHEMBL4243377,CCCN(c1ccccc1)S(=O)(=O)c1ccc(N2CCCC2=O)cc1,MDM2,sensitive,EC50,158.0,0.795,2.06,True,low,100.0,0.004503,0.000676,34.5,92.6,100.0,6.8,100,88.2,63.9,,
519,CHEMBL384399,CHEMBL384399,CN1C(=O)C[C@H](c2ccccc2)[C@@H]1[C@H](O)c1ccc(-c2ccccn2)s1,KRAS,escape_route,IC50,150.0,0.765,3.5,True,low,100.0,0.001824,0.002736,30.4,85.0,100.0,32.8,100,72.2,63.9,,
520,CHEMBL512092,CHEMBL512092,CC1(C)Cc2nc(N3CCOc4ccc(-c5cn[nH]c5)cc43)sc2C(=O)N1,PIK3CB,escape_route,IC50,156.0,0.713,3.11,True,low,100.0,0.001807,0.00271,30.1,84.4,100.0,32.5,100,76.6,63.8,,
521,CHEMBL4542127,CHEMBL4542127,COc1cccc(Cl)c1C(=O)Nc1c[nH]nc1C(=O)NC1CCN(S(=O)(=O)c2cccc(NC(=O)/C=C/CN(C)C)c2)CC1.O=C(O)C(F)(F)F,ATR,resistant,IC50,50.0,0.18,3.33,True,medium,58.6,0.001151,0.005753,46.0,83.6,58.6,57.5,100,74.1,63.8,,
522,CHEMBL172900,CHEMBL172900,CCOC(=O)C1CCN(CC(=O)C(CC(=O)O)NC(=O)C(CC)n2cccc(NC(=O)c3ccc4ccccc4c3)c2=O)CC1,CD274,immune,Ki,8.0,0.244,3.51,True,medium,69.9,0.003871,0.003871,51.6,79.4,69.9,38.7,100,72.1,63.7,,
523,CHEMBL221109,CHEMBL221109,O=C(NCc1ccncc1)c1cc(-c2[nH]ncc2-c2cccc(Cl)c2)c[nH]1,MAPK1,sensitive,Ki,160.0,0.49,2.49,True,low,100.0,0.00449,0.000673,34.4,92.4,100.0,6.7,100,83.4,63.6,,
524,CHEMBL562165,CHEMBL562165,CCOC(=O)Nc1ccc(-c2nc(N3CCOCC3)c3cnn(C4CCN(Cc5ccccc5)CC4)c3n2)cc1,MTOR,escape_route,IC50,46.0,0.359,2.61,True,medium,87.2,0.002337,0.003506,39.0,76.3,87.2,42.1,100,82.1,63.6,,
525,CHEMBL203275,CHEMBL203275,N[C@H](COc1cncc(/C=C/c2ccnc(NC3CC3)c2)c1)Cc1c[nH]c2ccccc12,AKT1,escape_route,IC50,69.0,0.363,3.15,True,medium,97.3,0.002161,0.003242,36.0,74.5,97.3,38.9,100,76.1,63.5,,
526,CHEMBL255592,CHEMBL255592,Cn1c(=O)n(-c2ccc(C(C)(C)C#N)cc2)c2c3cc(C#Cc4cccnc4)ccc3ncc21,PIK3CA,escape_route,IC50,72.0,0.377,2.89,True,medium,97.5,0.002143,0.003214,35.7,74.2,97.5,38.6,100,79.0,63.5,,
527,CHEMBL388978,STAUROSPORINE,CN[C@@H]1C[C@H]2O[C@@](C)([C@@H]1OC)n1c3ccccc3c3c4c(c5c6ccccc6n2c5c31)C(=O)NC4,ATR,resistant,Kd,160.0,0.406,4.95,True,medium,98.1,0.000898,0.00449,35.9,73.9,98.1,44.9,100,56.1,63.4,,
528,CHEMBL388978,STAUROSPORINE,CN[C@@H]1C[C@H]2O[C@@](C)([C@@H]1OC)n1c3ccccc3c3c4c(c5c6ccccc6n2c5c31)C(=O)NC4,ATR,resistant,Kd,160.0,0.406,4.95,True,medium,98.1,0.000898,0.00449,35.9,73.9,98.1,44.9,100,56.1,63.4,,
529,CHEMBL388978,STAUROSPORINE,CN[C@@H]1C[C@H]2O[C@@](C)([C@@H]1OC)n1c3ccccc3c3c4c(c5c6ccccc6n2c5c31)C(=O)NC4,ATR,resistant,Kd,160.0,0.406,4.95,True,medium,98.1,0.000898,0.00449,35.9,73.9,98.1,44.9,100,56.1,63.4,,
530,CHEMBL388978,STAUROSPORINE,CN[C@@H]1C[C@H]2O[C@@](C)([C@@H]1OC)n1c3ccccc3c3c4c(c5c6ccccc6n2c5c31)C(=O)NC4,ATR,resistant,Kd,160.0,0.406,4.95,True,medium,98.1,0.000898,0.00449,35.9,73.9,98.1,44.9,100,56.1,63.4,,
531,CHEMBL388978,STAUROSPORINE,CN[C@@H]1C[C@H]2O[C@@](C)([C@@H]1OC)n1c3ccccc3c3c4c(c5c6ccccc6n2c5c31)C(=O)NC4,ATR,resistant,Kd,160.0,0.406,4.95,True,medium,98.1,0.000898,0.00449,35.9,73.9,98.1,44.9,100,56.1,63.4,,
532,CHEMBL388978,STAUROSPORINE,CN[C@@H]1C[C@H]2O[C@@](C)([C@@H]1OC)n1c3ccccc3c3c4c(c5c6ccccc6n2c5c31)C(=O)NC4,ATR,resistant,Kd,160.0,0.406,4.95,True,medium,98.1,0.000898,0.00449,35.9,73.9,98.1,44.9,100,56.1,63.4,,
533,CHEMBL388978,STAUROSPORINE,CN[C@@H]1C[C@H]2O[C@@](C)([C@@H]1OC)n1c3ccccc3c3c4c(c5c6ccccc6n2c5c31)C(=O)NC4,ATR,resistant,Kd,160.0,0.406,4.95,True,medium,98.1,0.000898,0.00449,35.9,73.9,98.1,44.9,100,56.1,63.4,,
534,CHEMBL449084,CHEMBL449084,COc1ccc(C(=O)CNC(=O)CCn2c3c(c(=O)[nH]c2=O)CCCC3)cc1,PARP1,resistant,IC50,300.0,0.686,2.36,True,low,100.0,0.000761,0.003807,30.5,77.0,100.0,38.1,100,84.9,63.3,,
535,CHEMBL27945,CHEMBL27945,CCC1CCN(C)c2cc3nc(O)cc(C(F)(F)F)c3cc21,AR,sensitive,EC50,158.0,0.853,3.4,True,low,100.0,0.004503,0.000676,34.5,92.6,100.0,6.8,100,73.3,63.2,,
536,CHEMBL3698663,CHEMBL3698663,C[C@H](C1CCCCC1)n1c2cnccc2c2cnc(Nc3ccc(N4CCNCC4)cn3)nc21,CDK6,sensitive,IC50,61.0,0.451,3.39,True,medium,99.0,0.005537,0.000831,42.5,82.6,99.0,8.3,100,73.4,63.1,,
537,CHEMBL220272,CHEMBL220272,O=C(NOCc1ccccc1)c1cc(-c2[nH]ncc2-c2cccc(Cl)c2)c[nH]1,MAPK1,sensitive,Ki,170.0,0.42,2.55,True,low,100.0,0.004424,0.000664,33.9,91.3,100.0,6.6,100,82.8,63.1,,
538,CHEMBL381703,CHEMBL381703,N[C@H](CNc1cnc(Cl)c(/C=C/c2ccncc2)c1)CC1CNc2ccccc21,AKT1,escape_route,IC50,79.0,0.499,3.67,True,medium,100.0,0.002102,0.003154,35.0,73.7,100.0,37.8,100,70.3,63.1,,
539,CHEMBL2426387,CHEMBL2426387,COc1ccc(NC(=S)NC(=O)c2cn(-c3ccccc3)nc2-c2ccc(Cl)cc2)cc1,CDK6,sensitive,IC50,42.0,0.392,2.08,True,medium,87.8,0.005942,0.000891,45.6,84.3,87.8,8.9,100,88.0,63.0,,
540,CHEMBL202787,CHEMBL202787,CNc1cc(/C=C/c2cncc(OC[C@@H](N)Cc3c[nH]c4ccccc34)c2)ccn1,AKT1,escape_route,IC50,176.0,0.415,3.12,True,low,100.0,0.001754,0.002632,29.2,82.4,100.0,31.6,100,76.4,62.9,,
541,CHEMBL26719,CHEMBL26719,O=C(O)C[C@H](NC(=O)C(c1ccccc1)n1cccc(NC(=O)c2cccc3ccccc23)c1=O)C(=O)COc1ccccc1,CD274,immune,IC50,10.0,0.191,3.35,True,medium,68.8,0.00375,0.00375,50.0,79.2,68.8,37.5,100,73.9,62.9,,
542,CHEMBL374677,CHEMBL374677,O=C(NC(CO)c1ccc(F)cc1)c1cc(-c2[nH]ncc2-c2cccc(Cl)c2)c[nH]1,MAPK1,sensitive,Ki,63.0,0.371,3.01,True,medium,97.4,0.005502,0.000825,42.2,82.5,97.4,8.2,100,77.7,62.9,,
543,CHEMBL378528,CHEMBL378528,O=C1NC(=O)/C(=C/c2ccc(-c3ccccn3)o2)S1,PIK3CA,escape_route,IC50,185.0,0.851,2.46,True,low,100.0,0.001733,0.002599,28.9,81.5,100.0,31.2,100,83.8,62.9,,
544,CHEMBL4580787,CHEMBL4580787,CN(C)C/C=C/C(=O)Nc1cccc(S(=O)(=O)N2CCC(NC(=O)c3n[nH]cc3NC(=O)c3c(Cl)cc(Cl)cc3Cl)CC2)c1,ATR,resistant,IC50,88.0,0.233,3.16,True,medium,69.7,0.001028,0.005139,41.1,80.3,69.7,51.4,100,76.0,62.8,,
545,CHEMBL1766765,CHEMBL1766765,N#Cc1ccccc1-c1cnc(N)c(C(=O)Nc2ccccc2)n1,ATM,resistant,IC50,320.0,0.773,2.11,True,low,100.0,0.000747,0.003737,29.9,74.8,100.0,37.4,100,87.7,62.7,,
546,CHEMBL247793,CHEMBL247793,CCNC(=O)Nc1cc(CNc2ccccc2C(=O)Nc2ccc3c(c2)OC(F)(F)O3)ccn1,BRAF,escape_route,IC50,90.0,0.408,2.55,True,medium,98.2,0.002046,0.003069,34.1,72.8,98.2,36.8,100,82.8,62.7,,
547,CHEMBL171846,CHEMBL171846,CCC(C(=O)NC(CC(=O)O)C(=O)CN1CCN(C)CC1)n1cccc(NC(=O)c2ccc3ccccc3c2)c1=O,CD274,immune,Ki,62.5,0.323,3.4,True,low,76.5,0.002755,0.002755,36.7,93.8,76.5,27.6,100,73.3,62.6,,
548,CHEMBL211173,CHEMBL211173,O=C1NC(=O)/C(=C/c2ccc(-c3ccc(O)cc3O)o2)S1,PIK3CA,escape_route,IC50,190.0,0.738,2.6,True,low,100.0,0.001721,0.002582,28.7,81.0,100.0,31.0,100,82.2,62.6,,
549,CHEMBL271544,CHEMBL271544,COC[C@H]1OC(=O)/C(=C/N2CCN(C3CCCCC3)CC2)C2=C(O)C(=O)C3=C([C@H](OC(C)=O)C[C@]4(C)[C@@H](O)CC[C@@H]34)[C@]21C,PIK3CA,escape_route,IC50,43.0,0.36,4.92,True,medium,87.2,0.002367,0.00355,39.4,76.6,87.2,42.6,100,56.4,62.6,,
550,CHEMBL379218,CHEMBL379218,Cc1n[nH]c2ccc(-c3cncc(OC[C@@H](N)Cc4ccccc4)c3)cc12,CDK4,sensitive,Kd,180.0,0.548,2.83,True,low,100.0,0.004362,0.000654,33.4,90.2,100.0,6.5,100,79.7,62.5,,
551,CHEMBL379218,CHEMBL379218,Cc1n[nH]c2ccc(-c3cncc(OC[C@@H](N)Cc4ccccc4)c3)cc12,CDK4,sensitive,Kd,180.0,0.548,2.83,True,low,100.0,0.004362,0.000654,33.4,90.2,100.0,6.5,100,79.7,62.5,,
552,CHEMBL201263,CHEMBL201263,COc1cc2c(Nc3ncc(CNC(=O)c4cccc(F)c4)s3)ncnc2cc1OCCCN1CCC(CO)CC1,AURKA,resistant,IC50,111.0,0.21,2.76,True,medium,74.2,0.000977,0.004887,39.1,78.2,74.2,48.9,100,80.4,62.5,,
553,CHEMBL207496,CHEMBL207496,N[C@H](COc1cncc2nc(-c3ccncc3)ccc12)Cc1c[nH]c2ccccc12,AKT1,escape_route,IC50,190.0,0.451,2.98,True,low,100.0,0.001721,0.002582,28.7,81.0,100.0,31.0,100,78.0,62.4,,
554,CHEMBL542770,CHEMBL542770,COC(=O)c1c(C)[nH]c2c1C1CCN(C(=O)/C=C/c3ccc(OC)cc3)C1=CC2C(=O)ON1CCN(C)CC1.Cl,MAP2K1,sensitive,IC50,37.0,0.417,4.25,True,medium,88.3,0.006079,0.000912,46.6,84.7,88.3,9.1,100,63.9,62.4,,
555,CHEMBL270638,CHEMBL270638,Cc1nc2cnc3ccc(C#Cc4cccnc4)cc3c2n1-c1ccc(C(C)C#N)cc1,PIK3CA,escape_route,IC50,56.0,0.368,3.32,True,medium,87.4,0.002252,0.003378,37.5,75.5,87.4,40.5,100,74.2,62.4,,
556,CHEMBL270638,CHEMBL270638,Cc1nc2cnc3ccc(C#Cc4cccnc4)cc3c2n1-c1ccc(C(C)C#N)cc1,PIK3CA,escape_route,IC50,56.0,0.368,3.32,True,medium,87.4,0.002252,0.003378,37.5,75.5,87.4,40.5,100,74.2,62.4,,
557,CHEMBL11115,CHEMBL11115,COc1ccc(CC2=C(c3ccc4c(c3)OCO4)C(=O)OC2(O)c2ccc(OC)cc2)cc1,CHEK2,resistant,IC50,220.0,0.576,2.95,True,medium,100.0,0.000829,0.004144,33.2,68.6,100.0,41.4,100,78.3,62.2,,
558,CHEMBL80694,CHEMBL80694,CC(=O)N[C@@H](Cc1ccc(O)cc1)C(=O)N[C@H](C(=O)N(C)[C@@H](C)C(=O)N[C@H](C=O)CC(=O)O)C(C)C,CD274,immune,Ki,59.0,0.224,3.73,True,low,74.5,0.002786,0.002786,37.1,94.1,74.5,27.9,100,69.7,62.2,,
559,CHEMBL428690,CHEMBL428690,CN1CC[C@H](c2c(O)cc(O)c3c(=O)cc(-c4ccccc4Cl)oc23)[C@H](O)C1,CDK6,sensitive,IC50,80.0,0.61,3.41,True,medium,100.0,0.005242,0.000786,40.2,81.0,100.0,7.9,100,73.2,62.1,,
560,CHEMBL428690,CHEMBL428690,CN1CC[C@H](c2c(O)cc(O)c3c(=O)cc(-c4ccccc4Cl)oc23)[C@H](O)C1,CDK6,sensitive,IC50,80.0,0.61,3.41,True,medium,100.0,0.005242,0.000786,40.2,81.0,100.0,7.9,100,73.2,62.1,,
561,CHEMBL190983,CHEMBL190983,CN1C(=O)C[C@H](c2ccc(N)cc2)[C@@H]1[C@@H](O)c1ccc(-c2ccccc2)s1,KRAS,escape_route,IC50,190.0,0.673,3.47,True,low,100.0,0.001721,0.002582,28.7,81.0,100.0,31.0,100,72.6,62.1,,
562,CHEMBL247435,CHEMBL247435,CNC(=O)c1cc(CNc2c(C(=O)Nc3ccc4c(c3)OC(F)(F)O4)cnn2C)ccn1,BRAF,escape_route,IC50,199.0,0.534,2.82,True,low,100.0,0.001701,0.002552,28.4,80.1,100.0,30.6,100,79.8,62.1,,
563,CHEMBL428690,CHEMBL428690,CN1CC[C@H](c2c(O)cc(O)c3c(=O)cc(-c4ccccc4Cl)oc23)[C@H](O)C1,CDK6,sensitive,IC50,80.0,0.61,3.41,True,medium,100.0,0.005242,0.000786,40.2,81.0,100.0,7.9,100,73.2,62.1,,
564,CHEMBL4866319,CHEMBL4866319,Cc1c(Cn2cccn2)c(-c2cc(Cl)nc(N)n2)nn1C,EZH2,resistant,IC50,325.0,0.744,2.85,True,low,100.0,0.000744,0.00372,29.8,74.2,100.0,37.2,100,79.4,62.0,,
565,CHEMBL315788,CHEMBL315788,COc1ccc(-c2nn(CC3CCCCC3)c(C(=O)O)c2Cc2cc3c(cc2Cl)OCO3)cc1,CHEK2,resistant,IC50,178.0,0.457,2.66,True,medium,89.1,0.000875,0.004374,35.0,72.3,89.1,43.7,100,81.6,62.0,,
566,CHEMBL222465,CHEMBL222465,O=C(NC(CO)c1ccc(C(F)(F)F)cc1)c1cc(-c2[nH]ncc2-c2cccc(Cl)c2)c[nH]1,MAPK1,sensitive,Ki,44.0,0.309,3.13,True,medium,86.2,0.005891,0.000884,45.2,84.1,86.2,8.8,100,76.3,62.0,,
567,CHEMBL220110,CHEMBL220110,O=C(c1cc(-c2[nH]ncc2-c2cccc(Cl)c2)c[nH]1)N1CCCC1,MAPK1,sensitive,Ki,200.0,0.758,2.45,True,low,100.0,0.004247,0.000637,32.6,88.0,100.0,6.4,100,83.9,61.9,,
568,CHEMBL377152,CHEMBL377152,COC(=O)c1ccc(-c2ccc(/C=C3\SC(=O)NC3=O)o2)c(O)c1,PIK3CA,escape_route,IC50,210.0,0.651,2.53,True,low,100.0,0.001678,0.002517,28.0,79.0,100.0,30.2,100,83.0,61.8,,
569,CHEMBL151601,CHEMBL151601,CC1(C)C(=O)N(c2ccc(C#N)c(C(F)(F)F)c2)C(=O)N1CC#CCOCc1ccc(O)c(C(N)=O)c1,AR,sensitive,IC50,49.0,0.345,3.17,True,medium,86.9,0.005775,0.000866,44.3,83.7,86.9,8.7,100,75.9,61.7,,
570,CHEMBL271184,CHEMBL271184,COC[C@H]1OC(=O)/C(=C/N2CCN(c3ccccc3)CC2)C2=C(O)C(=O)C3=C([C@H](OC(C)=O)C[C@]4(C)[C@@H](O)CC[C@@H]34)[C@]21C,PIK3CA,escape_route,IC50,56.0,0.389,4.78,True,medium,87.8,0.002252,0.003378,37.5,75.5,87.8,40.5,100,58.0,61.7,,
571,CHEMBL205088,CHEMBL205088,COc1cc(NC(=O)CCCOc2ccccc2)c(Cl)cc1NC(=O)Nc1cnc(C#N)cn1,CHEK1,resistant,IC50,228.0,0.384,2.45,True,medium,97.7,0.000821,0.004105,32.8,67.9,97.7,41.1,100,83.9,61.7,,
572,CHEMBL4864843,CHEMBL4864843,Cn1cc(Cc2ccc(F)cc2)c(-c2cc(Cl)nc(N)n2)n1,EZH2,resistant,IC50,342.0,0.754,2.57,True,low,100.0,0.000733,0.003665,29.3,72.4,100.0,36.6,100,82.6,61.5,,
573,CHEMBL207582,CHEMBL207582,COc1cc(NC(=O)CCCc2ccccc2)c(Cl)cc1NC(=O)Nc1cnc(C#N)cn1,CHEK1,resistant,IC50,243.0,0.446,2.41,True,medium,98.9,0.000807,0.004036,32.3,66.6,98.9,40.4,100,84.3,61.4,,
574,CHEMBL27684,CHEMBL27684,O=C1c2cccc3c2c(cc2ccoc23)C(=O)N1CCNCCCNCCN1C(=O)c2cccc3c2c(cc2ccoc23)C1=O,MAP2K1,sensitive,IC50,44.0,0.167,3.19,True,medium,83.3,0.005891,0.000884,45.2,84.1,83.3,8.8,100,75.7,61.4,,
575,CHEMBL273832,CHEMBL273832,COC[C@H]1OC(=O)c2coc3c2[C@@]1(C)C1=C(C3=O)[C@@H]2CC[C@H](O)[C@@]2(C)C[C@H]1OC(C)=O,MTOR,escape_route,IC50,193.0,0.727,4.75,True,low,100.0,0.001714,0.002572,28.6,80.7,100.0,30.9,100,58.3,61.3,,
576,CHEMBL378999,CHEMBL378999,N#Cc1ccc(O)c(-c2ccc(/C=C3\SC(=O)NC3=O)o2)c1,PIK3CA,escape_route,IC50,220.0,0.826,2.65,True,low,100.0,0.001658,0.002486,27.6,78.0,100.0,29.8,100,81.7,61.3,,
577,CHEMBL4867202,CHEMBL4867202,COc1cccc(Cc2cn(C)nc2-c2cc(Cl)nc(N)n2)c1,EZH2,resistant,IC50,351.0,0.744,2.57,True,low,100.0,0.000727,0.003637,29.1,71.4,100.0,36.4,100,82.6,61.2,,
578,CHEMBL1084546,CHEMBL1084546,CN(c1ncccc1CNc1nc(Nc2ccc3c(c2)CC(=O)N3)ncc1C(F)(F)F)S(C)(=O)=O,CDK4,sensitive,Ki,63.1,0.445,2.91,True,medium,88.9,0.0055,0.000825,42.2,82.4,88.9,8.2,100,78.8,61.2,,
579,CHEMBL215923,CHEMBL215923,COc1ccccc1[C@H]1CC(=O)N(C)[C@H]1[C@H](O)c1ccc(-c2ccc(F)cc2)s1,KRAS,escape_route,IC50,120.0,0.667,3.47,True,medium,100.0,0.001921,0.002881,32.0,70.4,100.0,34.6,100,72.6,61.0,,
580,CHEMBL172921,CHEMBL172921,CCCC(=O)NCC(=O)C(CC(=O)O)NC(=O)C(CC)n1cccc(NC(=O)c2ccc3ccccc3c2)c1=O,CD274,immune,Ki,81.0,0.255,3.38,True,low,75.1,0.002614,0.002614,34.9,91.9,75.1,26.1,100,73.6,61.0,,
581,CHEMBL360217,CHEMBL360217,CN1C(=O)C[C@H](c2ccc(O)cc2)[C@@H]1[C@@H](O)c1ccc(-c2ccccc2)s1,KRAS,escape_route,IC50,220.0,0.715,3.45,True,low,100.0,0.001658,0.002486,27.6,78.0,100.0,29.8,100,72.8,60.9,,
582,CHEMBL247798,CHEMBL247798,CCNC(=O)Nc1ccc(CNc2ncsc2C(=O)Nc2ccc3c(c2)OC(F)(F)O3)cn1,BRAF,escape_route,IC50,122.0,0.408,2.86,True,medium,98.2,0.001914,0.00287,31.9,70.2,98.2,34.4,100,79.3,60.9,,
583,CHEMBL3215760,CHEMBL3215760,Cl.Cl.c1cc(OCCN2CCSCC2)cc(-c2nc(N3CCOCC3)c3oc4ncccc4c3n2)c1,PIK3CA,escape_route,IC50,79.0,0.344,2.98,True,medium,86.9,0.002102,0.003154,35.0,73.7,86.9,37.8,100,78.0,60.9,,
584,CHEMBL405230,CHEMBL405230,COC[C@H]1OC(=O)/C(=C/N2CCC(N3CCCCC3)CC2)C2=C(O)C(=O)C3=C([C@H](OC(C)=O)C[C@]4(C)[C@@H](O)CC[C@@H]34)[C@]21C,PIK3CA,escape_route,IC50,63.0,0.36,4.94,True,medium,87.2,0.002201,0.003301,36.7,75.0,87.2,39.6,100,56.2,60.9,,
585,CHEMBL3698685,CHEMBL3698685,O=C(c1cnc(Nc2ncc3c4ccncc4n(C4CCCC4)c3n2)s1)N1CCNCC1,CDK6,sensitive,IC50,112.0,0.494,2.93,True,medium,99.9,0.004877,0.000732,37.4,78.1,99.9,7.3,100,78.6,60.8,,
586,CHEMBL384575,CHEMBL384575,CO[C@H](C(=O)N1Cc2[nH]nc(NC(=O)c3ccc(N4CCN(C)CC4)cc3)c2C1)c1ccccc1,AURKA,resistant,IC50,354.0,0.571,3.02,True,low,100.0,0.000725,0.003627,29.0,71.1,100.0,36.3,100,77.6,60.8,,
587,CHEMBL27413,CHEMBL27413,CCC1CCN(C)c2cc3c(cc21)c(C(F)(F)F)cc(=O)n3C,AR,sensitive,IC50,216.0,0.795,3.28,True,low,100.0,0.004164,0.000625,31.9,86.2,100.0,6.2,100,74.7,60.8,,
588,CHEMBL496332,CHEMBL496332,COCC(O)Cn1cc(-c2ccc3c(c2)N(c2nc4c(s2)C(=O)NC(C)(C)C4)CCO3)cn1,PIK3CB,escape_route,IC50,222.0,0.572,3.6,True,low,100.0,0.001654,0.00248,27.6,77.8,100.0,29.8,100,71.1,60.7,,
589,CHEMBL220343,CHEMBL220343,O=C(NCc1cccnc1)c1cc(-c2[nH]ncc2-c2cccc(Cl)c2)c[nH]1,MAPK1,sensitive,Ki,230.0,0.49,2.48,True,low,100.0,0.004096,0.000614,31.4,84.7,100.0,6.1,100,83.6,60.7,,
590,CHEMBL173116,CHEMBL173116,CCC(C(=O)N[C@@H](CC(=O)O)C(=O)CN[C@@H](Cc1ccccc1)C(N)=O)n1cccc(NC(=O)c2ccc3ccccc3c2)c1=O,CD274,immune,Ki,78.0,0.133,3.71,True,low,72.7,0.002635,0.002635,35.1,92.2,72.7,26.4,100,69.9,60.6,,
591,CHEMBL3216649,CHEMBL3216649,Cl.Cl.Nc1cccc(-c2nc(N3CCOCC3)c3oc4ncccc4c3n2)c1,PIK3CA,escape_route,IC50,140.0,0.495,2.77,True,medium,99.9,0.001854,0.002781,30.9,68.8,99.9,33.4,100,80.3,60.5,,
592,CHEMBL424850,CHEMBL424850,COc1cc2c(Nc3ncc(CC(=O)NCCC(C)C)s3)ncnc2cc1OCCCN1CCOCC1,AURKA,resistant,IC50,158.0,0.321,2.74,True,medium,76.4,0.000901,0.004503,36.0,74.1,76.4,45.0,100,80.7,60.4,,
593,CHEMBL132363,CHEMBL132363,CC1=CC(C)(C)Nc2ccc3c(c21)/C(=C/c1ncccc1C)Oc1ccc(F)cc1-3,AR,sensitive,IC50,203.0,0.496,3.07,True,low,94.9,0.004231,0.000635,32.4,87.7,94.9,6.3,100,77.0,60.4,,
594,CHEMBL1966204,CHEMBL1966204,O=C(Nc1n[nH]c2ccc(-c3cn(Cc4ccccc4)nn3)cc12)c1ccc(F)cc1,CDK4,sensitive,Ki,125.89,0.451,2.28,True,medium,99.0,0.00475,0.000713,36.4,76.9,99.0,7.1,100,85.8,60.3,,
595,CHEMBL31400,CHEMBL31400,O=C1c2cccc3cccc(c23)C(=O)N1CCNCCCNCCN1C(=O)c2cccc3cccc(c23)C1=O,MAP2K1,sensitive,IC50,70.0,0.246,2.45,True,medium,84.9,0.005387,0.000808,41.3,81.8,84.9,8.1,100,83.9,60.2,,
596,CHEMBL1766801,CHEMBL1766801,CS(=O)(=O)c1ccc(-c2cnc(N)c(-c3nc4ccccc4[nH]3)n2)cc1,ATM,resistant,IC50,380.0,0.577,2.31,True,low,100.0,0.00071,0.003551,28.4,68.2,100.0,35.5,100,85.4,60.2,,
597,CHEMBL90884,CHEMBL90884,CC(C)[C@H](NC(=O)CCc1ccccc1)C(=O)N[C@@H](C)C(=O)N[C@@H](CC(=O)O)C(=O)CCCc1ccccc1,CD274,immune,Ki,100.0,0.259,3.22,True,low,75.2,0.0025,0.0025,33.3,90.0,75.2,25.0,100,75.3,60.1,,
598,CHEMBL395700,CHEMBL395700,O=C(Nc1ccc2c(c1)OC(F)(F)O2)c1ccccc1NCc1ccnc(NCCCO)c1,BRAF,escape_route,IC50,142.0,0.36,2.56,True,medium,97.2,0.001848,0.002772,30.8,68.6,97.2,33.3,100,82.7,60.0,,
599,CHEMBL388978,STAUROSPORINE,CN[C@@H]1C[C@H]2O[C@@](C)([C@@H]1OC)n1c3ccccc3c3c4c(c5c6ccccc6n2c5c31)C(=O)NC4,CDK4,sensitive,Kd,100.0,0.406,4.95,True,medium,98.1,0.005,0.00075,38.3,79.2,98.1,7.5,100,56.1,59.9,,
600,CHEMBL388978,STAUROSPORINE,CN[C@@H]1C[C@H]2O[C@@](C)([C@@H]1OC)n1c3ccccc3c3c4c(c5c6ccccc6n2c5c31)C(=O)NC4,CDK4,sensitive,Kd,100.0,0.406,4.95,True,medium,98.1,0.005,0.00075,38.3,79.2,98.1,7.5,100,56.1,59.9,,
601,CHEMBL388978,STAUROSPORINE,CN[C@@H]1C[C@H]2O[C@@](C)([C@@H]1OC)n1c3ccccc3c3c4c(c5c6ccccc6n2c5c31)C(=O)NC4,CDK4,sensitive,Kd,100.0,0.406,4.95,True,medium,98.1,0.005,0.00075,38.3,79.2,98.1,7.5,100,56.1,59.9,,
602,CHEMBL388978,STAUROSPORINE,CN[C@@H]1C[C@H]2O[C@@](C)([C@@H]1OC)n1c3ccccc3c3c4c(c5c6ccccc6n2c5c31)C(=O)NC4,CDK4,sensitive,Kd,100.0,0.406,4.95,True,medium,98.1,0.005,0.00075,38.3,79.2,98.1,7.5,100,56.1,59.9,,
603,CHEMBL388978,STAUROSPORINE,CN[C@@H]1C[C@H]2O[C@@](C)([C@@H]1OC)n1c3ccccc3c3c4c(c5c6ccccc6n2c5c31)C(=O)NC4,CDK4,sensitive,Kd,100.0,0.406,4.95,True,medium,98.1,0.005,0.00075,38.3,79.2,98.1,7.5,100,56.1,59.9,,
604,CHEMBL388978,STAUROSPORINE,CN[C@@H]1C[C@H]2O[C@@](C)([C@@H]1OC)n1c3ccccc3c3c4c(c5c6ccccc6n2c5c31)C(=O)NC4,CDK4,sensitive,Kd,100.0,0.406,4.95,True,medium,98.1,0.005,0.00075,38.3,79.2,98.1,7.5,100,56.1,59.9,,
605,CHEMBL388978,STAUROSPORINE,CN[C@@H]1C[C@H]2O[C@@](C)([C@@H]1OC)n1c3ccccc3c3c4c(c5c6ccccc6n2c5c31)C(=O)NC4,CDK4,sensitive,Kd,100.0,0.406,4.95,True,medium,98.1,0.005,0.00075,38.3,79.2,98.1,7.5,100,56.1,59.9,,
606,CHEMBL5219159,CHEMBL5219159,Cn1cc(Cc2cccc(Cl)c2)c(-c2cc(Cl)nc(N)n2)n1,EZH2,resistant,IC50,389.0,0.746,2.62,True,low,100.0,0.000705,0.003525,28.2,67.2,100.0,35.2,100,82.0,59.7,,
607,CHEMBL215525,CHEMBL215525,CN(C)c1cccc(-c2ccc([C@@H](O)[C@H]3[C@@H](c4ccccc4)CC(=O)N3C)s2)c1,KRAS,escape_route,IC50,150.0,0.677,3.55,True,medium,100.0,0.001824,0.002736,30.4,68.0,100.0,32.8,100,71.7,59.6,,
608,CHEMBL406237,CHEMBL406237,COC[C@H]1OC(=O)/C(=C/N2CCN(Cc3ccccc3)CC2)C2=C(O)C(=O)C3=C([C@H](OC(C)=O)C[C@]4(C)[C@@H](O)CC[C@@H]34)[C@]21C,PIK3CA,escape_route,IC50,87.0,0.369,4.76,True,medium,87.4,0.00206,0.003091,34.3,73.0,87.4,37.1,100,58.2,59.5,,
609,CHEMBL4874288,CHEMBL4874288,Cn1cc(Cc2cccc(F)c2)c(-c2cc(Cl)nc(N)n2)n1,EZH2,resistant,IC50,392.0,0.754,2.63,True,low,100.0,0.000703,0.003517,28.1,66.9,100.0,35.2,100,81.9,59.5,,
610,CHEMBL439514,CHEMBL439514,CC(C)NC(=O)N1Cc2n[nH]c(NC(=O)c3ccc4c(c3)OCO4)c2C1,AURKA,resistant,IC50,390.0,0.776,2.8,True,low,100.0,0.000704,0.003522,28.2,67.1,100.0,35.2,100,80.0,59.5,,
611,CHEMBL247424,CHEMBL247424,O=C(Nc1ccc2c(c1)OC(F)(F)O2)c1ccccc1NCc1ccnc(NCCCn2ccnc2)c1,BRAF,escape_route,IC50,101.0,0.261,2.74,True,medium,85.2,0.001996,0.002994,33.3,71.9,85.2,35.9,100,80.7,59.4,,
612,CHEMBL247591,CHEMBL247591,COCCCNc1cc(CNc2ccccc2C(=O)Nc2ccc3c(c2)OC(F)(F)O3)ccn1,BRAF,escape_route,IC50,156.0,0.369,2.56,True,medium,97.4,0.001807,0.00271,30.1,67.5,97.4,32.5,100,82.7,59.4,,
613,CHEMBL247797,CHEMBL247797,CNC(=O)Nc1ccc(CNc2c(C(=O)Nc3ccc(SC(F)(F)F)cc3)cnn2C)cn1,BRAF,escape_route,IC50,154.0,0.381,2.71,True,medium,97.6,0.001812,0.002719,30.2,67.7,97.6,32.6,100,81.0,59.4,,
614,CHEMBL4240977,CHEMBL4240977,CC(C)(C)c1ccc2c(c1)CCCN2S(=O)(=O)c1ccc(N2CCCC2=O)cc1,MDM2,sensitive,EC50,152.0,0.757,2.32,True,medium,100.0,0.004545,0.000682,34.8,74.6,100.0,6.8,100,85.3,59.4,,
615,CHEMBL247792,CHEMBL247792,O=C(Nc1ccc2c(c1)OC(F)(F)O2)c1ccccc1NCc1ccnc(NCCc2cnc[nH]2)c1,BRAF,escape_route,IC50,146.0,0.269,2.75,True,medium,95.4,0.001836,0.002753,30.6,68.3,95.4,33.0,100,80.6,59.3,,
616,CHEMBL297089,CHEMBL297089,CCOC(=O)/C=C/[C@H](CCC(N)=O)NC(=O)[C@H](Cc1ccccc1)n1cccc(NC(=O)OCc2ccccc2)c1=O,MAP2K1,sensitive,EC50,33.0,0.197,3.49,True,medium,68.9,0.006204,0.000931,47.6,85.1,68.9,9.3,100,72.3,59.3,,
617,CHEMBL110681,CHEMBL110681,CN(CC(=O)c1ccc2ccccc2c1)C(=O)CCn1c2c(c(=O)[nH]c1=O)CCCC2,PARP1,resistant,IC50,400.0,0.621,2.52,True,low,100.0,0.000699,0.003495,28.0,66.0,100.0,34.9,100,83.1,59.3,,
618,CHEMBL379218,CHEMBL379218,Cc1n[nH]c2ccc(-c3cncc(OC[C@@H](N)Cc4ccccc4)c3)cc12,MAPK1,sensitive,Ki,260.0,0.548,2.83,True,low,100.0,0.003963,0.000594,30.4,81.4,100.0,5.9,100,79.7,59.3,,
619,CHEMBL174395,CHEMBL174395,CCC(C(=O)NC(CC(=O)O)C(=O)CNC(C)=O)n1cccc(NC(=O)c2ccc3ccccc3c2)c1=O,CD274,immune,Ki,117.0,0.3,3.34,True,low,76.0,0.002415,0.002415,32.2,88.3,76.0,24.2,100,74.0,59.3,,
620,CHEMBL2143829,CHEMBL2143829,COc1cc2ncnc(-n3nc(-c4ccccn4)nc3N)c2cc1OC,ATM,resistant,IC50,400.0,0.594,2.51,True,low,100.0,0.000699,0.003495,28.0,66.0,100.0,34.9,100,83.2,59.3,,
621,CHEMBL379218,CHEMBL379218,Cc1n[nH]c2ccc(-c3cncc(OC[C@@H](N)Cc4ccccc4)c3)cc12,MAPK1,sensitive,Ki,260.0,0.548,2.83,True,low,100.0,0.003963,0.000594,30.4,81.4,100.0,5.9,100,79.7,59.3,,
622,CHEMBL267940,CHEMBL267940,C=CCC1Oc2cccc(C=C)c2-c2ccc3c(c21)C(C)=CC(C)(C)N3,AR,sensitive,Ki,239.0,0.633,3.67,True,low,97.7,0.004054,0.000608,31.1,83.7,97.7,6.1,100,70.3,59.2,,
623,CHEMBL384404,CHEMBL384404,CN1C(=O)C[C@H](c2ccccc2)[C@@H]1[C@H](O)c1ccc(S(=O)(=O)c2ccccc2)s1,KRAS,escape_route,IC50,160.0,0.675,3.51,True,medium,100.0,0.001796,0.002694,29.9,67.2,100.0,32.3,100,72.1,59.2,,
624,CHEMBL205415,CHEMBL205415,N[C@@H](Cc1c[nH]c2ccccc12)C(=O)Nc1cncc(/C=C/c2ccncc2)c1,AKT1,escape_route,IC50,278.0,0.474,2.89,True,low,100.0,0.001556,0.002334,25.9,72.2,100.0,28.0,100,79.0,59.0,,
625,CHEMBL383254,CHEMBL383254,NCC(c1ccccc1)c1cncc(/C=C/c2ccncc2)c1,AKT1,escape_route,IC50,284.0,0.781,2.83,True,low,100.0,0.001547,0.00232,25.8,71.6,100.0,27.8,100,79.7,58.8,,
626,CHEMBL382914,CHEMBL382914,CCNc1cc(/C=C/c2cncc(OC[C@@H](N)Cc3c[nH]c4ccccc34)c2)ccn1,AKT1,escape_route,IC50,163.0,0.376,3.13,True,medium,97.5,0.001788,0.002682,29.8,67.0,97.5,32.2,100,76.3,58.8,,
627,CHEMBL366506,CHEMBL366506,CCCCCC(=O)NCC(=O)C(CC(=O)O)NC(=O)C(CC)n1cccc(NC(=O)c2ccc3ccccc3c2)c1=O,CD274,immune,Ki,34.3,0.201,3.4,True,medium,69.0,0.003081,0.003081,41.1,77.3,69.0,30.8,100,73.3,58.7,,
628,CHEMBL77475,CHEMBL77475,CC(=O)N(C)[C@@H](Cc1ccc(O)cc1)C(=O)N[C@H](C(=O)N[C@@H](C)C(=O)N[C@H](C=O)CC(=O)O)C(C)C,CD274,immune,Ki,120.0,0.224,3.74,True,low,74.5,0.002401,0.002401,32.0,88.0,74.5,24.0,100,69.6,58.6,,
629,CHEMBL336169,CHEMBL336169,CC1=CC(C)(C)Nc2ccc3c(c21)/C(=C/c1ccco1)Oc1ccc(F)cc1-3,AR,sensitive,IC50,258.0,0.523,2.94,True,low,95.5,0.003971,0.000596,30.4,81.6,95.5,6.0,100,78.4,58.5,,
630,CHEMBL514046,CHEMBL514046,C[C@]12CC[C@@H]3c4ccc(O)cc4CC[C@H]3[C@@H]1CC[C@@]21CCC(=O)O1,KRAS,escape_route,IC50,270.0,0.722,4.37,True,low,100.0,0.001569,0.002353,26.1,73.0,100.0,28.2,100,62.6,58.5,,
631,CHEMBL541133,CHEMBL541133,Cc1ccc([N+](=O)[O-])cc1S(=O)(=O)c1nc(-c2cnc3ccc(Cl)cn23)cs1.Cl,PIK3CB,escape_route,IC50,170.0,0.319,2.95,True,medium,96.4,0.00177,0.002654,29.5,66.4,96.4,31.8,100,78.3,58.4,,
632,CHEMBL454646,CHEMBL454646,CC1CNCC(C(=O)Nc2ncc(SCc3ncc(C(C)(C)C)o3)s2)C1,CDK4,sensitive,IC50,270.0,0.749,3.75,True,low,100.0,0.003922,0.000588,30.1,80.3,100.0,5.9,100,69.4,58.4,,
633,CHEMBL220574,CHEMBL220574,O=C(N[C@@H](CO)c1ccc(F)c(Cl)c1)c1cc(-c2[nH]ncc2-c2cccc(Cl)c2)c[nH]1,MAPK1,sensitive,Ki,150.0,0.328,3.12,True,medium,96.6,0.00456,0.000684,35.0,74.8,96.6,6.8,100,76.4,58.4,,
634,CHEMBL98350,CHEMBL98350,O=c1cc(N2CCOCC2)oc2c(-c3ccccc3)cccc12,PIK3CB,escape_route,IC50,306.0,0.728,2.19,True,low,100.0,0.001514,0.002271,25.2,69.4,100.0,27.3,100,86.8,58.3,,
635,CHEMBL541110,CHEMBL541110,COC(=O)c1c(C)[nH]c2c(OC(=O)N3CCN(C)CC3)cc3c(c12)[C@H](CBr)CN3C(=O)/C=C/c1ccc(OC)nn1.Cl,MAP2K1,sensitive,IC50,90.0,0.238,3.89,True,medium,84.8,0.005114,0.000767,39.2,80.1,84.8,7.7,100,67.9,58.3,,
636,CHEMBL467394,CHEMBL467394,CC1(C)CC(=O)c2sc(N3CCOc4ccc(-c5cn[nH]c5)cc43)nc2C1,PIK3CB,escape_route,IC50,298.0,0.721,3.0,True,low,100.0,0.001526,0.002289,25.4,70.2,100.0,27.5,100,77.8,58.2,,
637,CHEMBL1980407,CHEMBL1980407,NC(COc1cncc(-c2ccc3c(c2)C(=Cc2ccc[nH]2)C(=O)N3)c1)Cc1ccccc1,CDK4,sensitive,Ki,158.49,0.372,3.16,True,medium,97.4,0.0045,0.000675,34.5,74.1,97.4,6.8,100,76.0,58.2,,
638,CHEMBL371270,CHEMBL371270,COc1ccc2c(c1)Oc1ncnc(Nc3cnc(NC(=O)c4cccc(F)c4)nc3)c1NC2,AURKA,resistant,IC50,320.0,0.404,2.87,True,medium,98.1,0.000747,0.003737,29.9,59.8,98.1,37.4,100,79.2,58.1,,
639,CHEMBL551440,CHEMBL551440,CNC(=O)Nc1ccc(-c2nc(N3CCOCC3)c3cnn(C4CCN(Cc5cccnc5)CC4)c3n2)cc1,PIK3CB,escape_route,IC50,141.0,0.393,2.72,True,medium,87.9,0.001851,0.002776,30.8,68.7,87.9,33.3,100,80.9,58.1,,
640,CHEMBL551440,CHEMBL551440,CNC(=O)Nc1ccc(-c2nc(N3CCOCC3)c3cnn(C4CCN(Cc5cccnc5)CC4)c3n2)cc1,PIK3CB,escape_route,IC50,141.0,0.393,2.72,True,medium,87.9,0.001851,0.002776,30.8,68.7,87.9,33.3,100,80.9,58.1,,
641,CHEMBL247434,CHEMBL247434,CNC(=O)c1cc(CNc2ncsc2C(=O)Nc2ccc3c(c2)OC(F)(F)C(F)(F)O3)ccn1,BRAF,escape_route,IC50,192.0,0.445,3.12,True,medium,98.9,0.001717,0.002575,28.6,64.6,98.9,30.9,100,76.4,58.0,,
642,CHEMBL385543,CHEMBL385543,COc1ccccc1[C@H]1CC(=O)N(C)[C@H]1[C@H](O)c1ccc(S(=O)(=O)c2ccc(Cl)cc2)s1,KRAS,escape_route,IC50,190.0,0.556,3.62,True,medium,100.0,0.001721,0.002582,28.7,64.8,100.0,31.0,100,70.9,58.0,,
643,CHEMBL422198,CHEMBL422198,CCOC(=O)/C=C/[C@H](C[C@@H]1CCNC1=O)NC(=O)[C@@H]1CCc2ccc(NC(=O)c3cc(C)on3)c(=O)n21,MAP2K1,sensitive,EC50,162.0,0.332,4.15,True,low,76.6,0.004476,0.000671,34.3,92.2,76.6,6.7,100,65.0,57.9,,
644,CHEMBL5219933,CHEMBL5219933,COC(=O)c1cccc(Cc2cn(C)nc2-c2cc(Cl)nc(N)n2)c1,EZH2,resistant,IC50,436.0,0.569,2.61,True,low,100.0,0.00068,0.003401,27.2,62.0,100.0,34.0,100,82.1,57.9,,
645,CHEMBL212754,CHEMBL212754,CN1C(=O)C[C@H](c2ccccc2)[C@@H]1[C@H](O)c1ccc(-c2cccnc2)s1,KRAS,escape_route,IC50,300.0,0.765,3.51,True,low,100.0,0.001523,0.002284,25.4,70.0,100.0,27.4,100,72.1,57.8,,
646,CHEMBL199765,CHEMBL199765,COc1ccc2c(c1)Oc1ncnc(Nc3cnc(NC(=O)c4ccc(F)cc4)nc3)c1NC2,AURKA,resistant,IC50,330.0,0.404,2.83,True,medium,98.1,0.000741,0.003704,29.6,59.0,98.1,37.0,100,79.7,57.8,,
647,CHEMBL364812,CHEMBL364812,CN1C(=O)C[C@H](c2ccccc2)[C@@H]1[C@@H](O)C#Cc1ccccc1Cl,KRAS,escape_route,IC50,300.0,0.854,3.54,True,low,100.0,0.001523,0.002284,25.4,70.0,100.0,27.4,100,71.8,57.8,,
648,CHEMBL172040,CHEMBL172040,CCC(C(=O)N[C@@H](CC(=O)O)C(=O)CN(C)Cc1ccccc1)n1cccc(NC(=O)c2ccc3ccccc3c2)c1=O,CD274,immune,Ki,58.0,0.218,3.39,True,medium,74.4,0.002796,0.002796,37.3,75.4,74.4,28.0,100,73.4,57.8,,
649,CHEMBL204555,CHEMBL204555,Cc1ccc(C(=O)Nc2[nH]nc3c2CN(C(=O)c2cccc4cccnc24)C3)cc1,AURKA,resistant,IC50,440.0,0.552,2.6,True,low,100.0,0.000678,0.003391,27.1,61.6,100.0,33.9,100,82.2,57.7,,
650,CHEMBL324470,CHEMBL324470,CCCCC(C(=O)N[C@@H](CC(=O)O)C(=O)COc1ccccc1)n1cncc(NC(=O)c2cccc3ccccc23)c1=O,CD274,immune,IC50,46.0,0.201,3.41,True,medium,69.0,0.002922,0.002922,39.0,76.3,69.0,29.2,100,73.2,57.6,,
651,CHEMBL1213120,CHEMBL1213120,CC(C)n1nc(C#Cc2cccc(O)c2)c2c(N)ncnc21,PIK3CB,escape_route,IC50,316.0,0.671,2.91,True,low,100.0,0.0015,0.00225,25.0,68.4,100.0,27.0,100,78.8,57.6,,
652,CHEMBL259551,CHEMBL259551,Nc1n[nH]c2nnc(-c3c(-c4ccccc4)nn4ccccc34)cc12,MAPK1,sensitive,Ki,310.0,0.519,2.72,True,low,100.0,0.003772,0.000566,28.9,75.9,100.0,5.7,100,80.9,57.5,,
653,CHEMBL105925,CHEMBL105925,O=C(CCn1c2c(c(=O)[nH]c1=O)CCCC2)NCC(=O)c1ccccc1,PARP1,resistant,IC50,450.0,0.749,2.33,True,low,100.0,0.000673,0.003367,26.9,60.5,100.0,33.7,100,85.2,57.5,,
654,CHEMBL208652,CHEMBL208652,O=C1NC(=O)/C(=C/c2ccc(-c3ccccc3O)o2)S1,PIK3CA,escape_route,IC50,330.0,0.83,2.44,True,low,100.0,0.001481,0.002222,24.7,67.0,100.0,26.7,100,84.0,57.4,,
655,CHEMBL205410,CHEMBL205410,N#Cc1cccc(C[C@H](N)COc2cncc(/C=C/c3ccncc3)c2)c1,AKT1,escape_route,IC50,320.0,0.701,2.99,True,low,100.0,0.001495,0.002242,24.9,68.0,100.0,26.9,100,77.9,57.4,,
656,CHEMBL205871,CHEMBL205871,N[C@H](COc1cncc(/C=C/c2ccncc2)c1)Cc1cccc2ccccc12,AKT1,escape_route,IC50,324.0,0.502,2.86,True,low,100.0,0.001489,0.002234,24.8,67.6,100.0,26.8,100,79.3,57.3,,
657,CHEMBL68215,CHEMBL68215,Oc1ccc(-c2[nH]c(-c3ccccc3)nc2-c2ccncc2)cc1,BRAF,escape_route,IC50,339.0,0.585,2.06,True,low,100.0,0.00147,0.002205,24.5,66.1,100.0,26.5,100,88.2,57.3,,
658,CHEMBL286684,CHEMBL286684,Oc1cc(C(F)(F)F)c2cc3c(cc2n1)NCCC3,AR,sensitive,EC50,317.0,0.77,2.81,True,low,100.0,0.003747,0.000562,28.7,75.1,100.0,5.6,100,79.9,57.2,,
659,CHEMBL188755,CHEMBL188755,CN1C(=O)C[C@H](c2ccccc2)[C@@H]1[C@@H](O)C#Cc1ccccc1F,KRAS,escape_route,IC50,320.0,0.863,3.53,True,low,100.0,0.001495,0.002242,24.9,68.0,100.0,26.9,100,71.9,57.1,,
660,CHEMBL215897,CHEMBL215897,Cc1cc(-c2ccccc2)c([C@@H](O)[C@H]2[C@@H](c3ccccc3)CC(=O)N2C)s1,KRAS,escape_route,IC50,320.0,0.711,3.49,True,low,100.0,0.001495,0.002242,24.9,68.0,100.0,26.9,100,72.3,57.1,,
661,CHEMBL206732,CHEMBL206732,N[C@H](CNc1cncc(Oc2cccc3cnccc23)c1)Cc1c[nH]c2ccccc12,AKT1,escape_route,IC50,210.0,0.356,2.97,True,medium,97.1,0.001678,0.002517,28.0,63.2,97.1,30.2,100,78.1,57.0,,
662,CHEMBL381610,CHEMBL381610,N[C@H](COc1cncc(/C=C/c2ccnc(NCc3ccccc3)c2)c1)Cc1c[nH]c2ccccc12,AKT1,escape_route,IC50,147.0,0.241,3.08,True,medium,84.8,0.001833,0.002749,30.5,68.2,84.8,33.0,100,76.9,57.0,,
663,CHEMBL467395,CHEMBL467395,Cc1nc(-c2ccc3c(c2)N(c2nc4c(s2)C(=O)NC(C)(C)C4)CCO3)c[nH]1,PIK3CB,escape_route,IC50,325.0,0.695,3.32,True,low,100.0,0.001488,0.002232,24.8,67.5,100.0,26.8,100,74.2,57.0,,
664,CHEMBL504616,CHEMBL504616,Cn1cc(-c2ccc3c(c2)N(c2nc4c(s2)C(=O)CC(C)(C)C4)CCO3)cn1,PIK3CB,escape_route,IC50,336.0,0.651,2.92,True,low,100.0,0.001474,0.00221,24.6,66.4,100.0,26.5,100,78.7,56.9,,
665,CHEMBL146794,CHEMBL146794,CC1(C)C(=O)N(c2ccc(C#N)c(C(F)(F)F)c2)C(=O)N1CCOCCOCc1ccc(O)c(C(N)=O)c1,AR,sensitive,IC50,77.0,0.352,2.98,True,medium,72.0,0.005284,0.000793,40.5,81.2,72.0,7.9,100,78.0,56.9,,
666,CHEMBL373448,CHEMBL373448,O=C(NCCc1cccnc1)c1cc(-c2[nH]ncc2-c2cccc(Cl)c2)c[nH]1,MAPK1,sensitive,Ki,330.0,0.462,2.52,True,low,100.0,0.003704,0.000556,28.4,73.7,100.0,5.6,100,83.1,56.9,,
667,CHEMBL209159,CHEMBL209159,O=C1NC(=O)/C(=C/c2ccc(-c3cc(F)cc(F)c3O)s2)S1,PIK3CA,escape_route,IC50,340.0,0.819,2.83,True,low,100.0,0.001469,0.002203,24.5,66.0,100.0,26.4,100,79.7,56.8,,
668,CHEMBL1204095,CHEMBL1204095,COc1ccc(O)c(C(=O)c2ccc(/C=C/[C@@H]3CCCNC[C@H]3NC(=O)c3ccncc3)cc2)c1F.Cl,AKT1,escape_route,IC50,160.0,0.395,3.59,True,medium,87.9,0.001796,0.002694,29.9,67.2,87.9,32.3,100,71.2,56.8,,
669,CHEMBL393525,CHEMBL393525,Cc1ccc([N+](=O)[O-])cc1S(=O)(=O)N(C)/N=C/c1cnc2ccc(Br)cn12,PIK3CB,escape_route,IC50,340.0,0.336,2.89,True,low,100.0,0.001469,0.002203,24.5,66.0,100.0,26.4,100,79.0,56.8,,
670,CHEMBL393525,CHEMBL393525,Cc1ccc([N+](=O)[O-])cc1S(=O)(=O)N(C)/N=C/c1cnc2ccc(Br)cn12,PIK3CB,escape_route,IC50,340.0,0.336,2.89,True,low,100.0,0.001469,0.002203,24.5,66.0,100.0,26.4,100,79.0,56.8,,
671,CHEMBL212862,CHEMBL212862,CN1C(=O)C[C@H](c2ccccc2)[C@@H]1[C@H](O)c1ccc(Sc2ccccc2)s1,KRAS,escape_route,IC50,330.0,0.665,3.61,True,low,100.0,0.001481,0.002222,24.7,67.0,100.0,26.7,100,71.0,56.7,,
672,CHEMBL247423,CHEMBL247423,O=C(Nc1ccc2c(c1)OC(F)(F)O2)c1ccccc1NCc1ccnc(NCCOCCO)c1,BRAF,escape_route,IC50,165.0,0.304,2.66,True,medium,86.1,0.001783,0.002674,29.7,66.8,86.1,32.1,100,81.6,56.7,,
673,CHEMBL3216005,CHEMBL3216005,Cl.Cl.c1cc(OCCN2CCCCC2)cc(-c2nc(N3CCOCC3)c3oc4ncccc4c3n2)c1,PIK3CA,escape_route,IC50,170.0,0.344,2.81,True,medium,86.9,0.00177,0.002654,29.5,66.4,86.9,31.8,100,79.9,56.6,,
674,CHEMBL382590,ANILINOQUINAZOLINE1,COc1cc2ncnc(Nc3ccc(NC(=O)c4ccccc4)cc3)c2cc1OC,AURKA,resistant,IC50,393.0,0.49,1.94,True,medium,99.8,0.000703,0.003514,28.1,53.4,99.8,35.1,100,89.6,56.5,,
675,CHEMBL215743,CHEMBL215743,COc1cccc(-c2ccc([C@@H](O)[C@H]3[C@@H](c4ccccc4)CC(=O)N3C)s2)c1,KRAS,escape_route,IC50,340.0,0.696,3.41,True,low,100.0,0.001469,0.002203,24.5,66.0,100.0,26.4,100,73.2,56.5,,
676,CHEMBL5220308,CHEMBL5220308,Nc1nc(Cl)cc(-c2nn(C(F)(F)F)cc2Cc2ccccc2)n1,EZH2,resistant,IC50,469.0,0.73,2.87,True,low,100.0,0.000664,0.003322,26.6,58.4,100.0,33.2,100,79.2,56.5,,
677,CHEMBL1083150,CHEMBL1083150,CNc1ccc(Nc2nccc(-c3sc(C)nc3C)n2)cc1,CDK4,sensitive,Ki,348.0,0.762,2.29,True,low,100.0,0.003646,0.000547,28.0,71.7,100.0,5.5,100,85.7,56.4,,
678,CHEMBL381808,CHEMBL381808,N[C@@H](COc1cncc(/C=C/c2ccncc2)c1)Cc1c[nH]c2ccccc12,AKT1,escape_route,IC50,360.0,0.514,2.95,True,low,100.0,0.001444,0.002166,24.1,64.0,100.0,26.0,100,78.3,56.0,,
679,CHEMBL155396,CHEMBL155396,CCCCCC[S+]([O-])CC(=O)C(F)(F)F,FOLH1,other,IC50,309.03,0.51,3.92,True,low,100.0,0.001887,0.001887,25.2,69.1,100.0,18.9,100,67.6,56.0,,
680,CHEMBL496567,CHEMBL496567,CC(C)(C)c1cnc(CSc2cnc(N[C@H]3CC[C@H](N)CC3)s2)o1,CDK4,sensitive,IC50,355.0,0.764,3.01,True,low,100.0,0.003624,0.000544,27.8,71.0,100.0,5.4,100,77.7,55.8,,
681,CHEMBL203329,CHEMBL203329,N[C@H](CCc1cnc(Cl)c(/C=C/c2ccncc2)c1)Cc1c[nH]c2ccccc12,AKT1,escape_route,IC50,198.0,0.413,3.08,True,medium,88.3,0.001703,0.002555,28.4,64.2,88.3,30.7,100,76.9,55.7,,
682,CHEMBL247619,CHEMBL247619,CNC(=O)Nc1ccc(CNc2c(C(=O)Nc3ccc4c(c3)OC(F)(F)C(F)(F)O4)cnn2C)cn1,BRAF,escape_route,IC50,191.0,0.375,3.1,True,medium,87.5,0.001719,0.002578,28.6,64.7,87.5,30.9,100,76.7,55.7,,
683,CHEMBL247619,CHEMBL247619,CNC(=O)Nc1ccc(CNc2c(C(=O)Nc3ccc4c(c3)OC(F)(F)C(F)(F)O4)cnn2C)cn1,BRAF,escape_route,IC50,191.0,0.375,3.1,True,medium,87.5,0.001719,0.002578,28.6,64.7,87.5,30.9,100,76.7,55.7,,
684,CHEMBL270553,CHEMBL270553,COC[C@H]1OC(=O)/C(=C/N2CCC(c3ccccc3)CC2)C2=C(O)C(=O)C3=C([C@H](OC(C)=O)C[C@]4(C)[C@@H](O)CC[C@@H]34)[C@]21C,PIK3CA,escape_route,IC50,172.0,0.384,4.83,True,medium,87.7,0.001764,0.002647,29.4,66.2,87.7,31.8,100,57.4,55.6,,
685,CHEMBL512648,CHEMBL512648,CC1(C)CC(=O)c2sc(N3CCOc4ccc(-c5cccnc5)cc43)nc2C1,PIK3CB,escape_route,IC50,376.0,0.622,2.76,True,low,100.0,0.001425,0.002137,23.7,62.4,100.0,25.6,100,80.4,55.6,,
686,CHEMBL538554,CHEMBL538554,COC(=O)c1c(C)[nH]c2c(OC(=O)N3CCN(C)CC3)cc3c(c12)[C@H](CBr)CN3C(=O)/C=C/c1ccc(OC)cn1.Cl,MAP2K1,sensitive,IC50,150.0,0.235,3.8,True,medium,84.7,0.00456,0.000684,35.0,74.8,84.7,6.8,100,68.9,55.6,,
687,CHEMBL378800,CHEMBL378800,CCC(C)C(C(=O)Nc1cc(OC)c(NC(=O)Nc2cnc(C#N)cn2)cc1Cl)c1ccccc1,CHEK1,resistant,IC50,328.0,0.385,3.32,True,medium,87.7,0.000742,0.00371,29.7,59.1,87.7,37.1,100,74.2,55.5,,
688,CHEMBL219988,CHEMBL219988,O=C(NC(CO)c1ccccc1F)c1cc(-c2[nH]ncc2-c2cccc(Cl)c2)c[nH]1,MAPK1,sensitive,Ki,240.0,0.371,3.08,True,medium,97.4,0.004049,0.000607,31.0,66.9,97.4,6.1,100,76.9,55.3,,
689,CHEMBL361081,CHEMBL361081,CN1C(=O)C[C@H](c2ccccc2)[C@@H]1[C@@H](O)C#Cc1cccc(N)c1,KRAS,escape_route,IC50,370.0,0.657,3.61,True,low,100.0,0.001432,0.002148,23.9,63.0,100.0,25.8,100,71.0,55.3,,
690,CHEMBL206198,CHEMBL206198,N[C@H](COc1cc(/C=C/c2ccncc2)cnc1Cl)Cc1c[nH]c2ccccc12,AKT1,escape_route,IC50,273.0,0.436,3.05,True,medium,98.7,0.001564,0.002346,26.1,58.2,98.7,28.2,100,77.2,55.2,,
691,CHEMBL454645,CHEMBL454645,CC1CCC(C(=O)Nc2ncc(SCc3ncc(C(C)(C)C)o3)s2)CN1,CDK4,sensitive,IC50,370.0,0.745,3.72,True,low,100.0,0.003579,0.000537,27.4,69.3,100.0,5.4,100,69.8,54.9,,
692,CHEMBL390623,CHEMBL390623,Oc1ccccc1-c1nc(N2CCOCC2)c2oc3ncccc3c2n1,PIK3CA,escape_route,IC50,400.0,0.596,2.62,True,low,100.0,0.001398,0.002097,23.3,60.0,100.0,25.2,100,82.0,54.9,,
693,CHEMBL1213084,CHEMBL1213084,Cc1ccccc1-n1c(Cn2nc(-c3cc(O)cc(F)c3)c3c(N)ncnc32)nc2cccc(C)c2c1=O,PIK3CB,escape_route,IC50,220.0,0.365,2.86,True,medium,87.3,0.001658,0.002486,27.6,62.4,87.3,29.8,100,79.3,54.8,,
694,CHEMBL205994,CHEMBL205994,N[C@H](CNc1cncc(Nc2cccc3cnccc23)c1)Cc1c[nH]c2ccccc12,AKT1,escape_route,IC50,270.0,0.309,2.98,True,medium,96.2,0.001569,0.002353,26.1,58.4,96.2,28.2,100,78.0,54.8,,
695,CHEMBL58905,CHEMBL58905,COc1ccc(Nc2nc(Nc3ccc(C(=O)O)cc3)ncc2Br)cc1,CHEK1,resistant,IC50,450.0,0.548,2.02,True,medium,100.0,0.000673,0.003367,26.9,48.4,100.0,33.7,100,88.7,54.7,,
696,CHEMBL1973013,CHEMBL1973013,Cc1cnc(Nc2nc(NC(C)C)ncc2Br)s1,CDK4,sensitive,Ki,398.11,0.898,2.69,True,low,100.0,0.0035,0.000525,26.8,66.2,100.0,5.2,100,81.2,54.5,,
697,CHEMBL188290,CHEMBL188290,CN1C(=O)C[C@H](c2ccccc2)[C@@H]1[C@@H](O)c1cccs1,KRAS,escape_route,IC50,400.0,0.943,3.38,True,low,100.0,0.001398,0.002097,23.3,60.0,100.0,25.2,100,73.6,54.4,,
698,CHEMBL172071,CHEMBL172071,CCS(=O)(=O)NCCOc1nc(C2CC2)nc(NS(=O)(=O)c2ccc(C(C)C)cn2)c1Oc1ccccc1OC,CHEK2,resistant,Kd,269.15,0.264,3.01,True,medium,70.3,0.000785,0.003925,31.4,64.3,70.3,39.2,100,77.7,54.3,,
699,CHEMBL88019,CHEMBL88019,O=C(O)c1cc(Cn2nc(-c3ccccc3)c(Cc3cc4c(cc3Cl)OCO4)c2C(=O)O)on1,CHEK2,resistant,IC50,440.0,0.401,2.8,True,medium,98.0,0.000678,0.003391,27.1,49.3,98.0,33.9,100,80.0,54.1,,
700,CHEMBL217748,CHEMBL217748,C[C@H](C(=O)N1Cc2[nH]nc(NC(=O)c3ccc(N4CCN(C)CC4)cc3)c2C1)c1ccccc1,AURKA,resistant,IC50,452.0,0.614,2.96,True,medium,100.0,0.000672,0.003362,26.9,48.2,100.0,33.6,100,78.2,54.1,,
701,CHEMBL498200,CHEMBL498200,Nc1nccc(-c2cc3c([nH]2)C(CCC(F)(F)F)CNC3=O)n1,CDK4,sensitive,IC50,395.0,0.806,3.67,True,low,100.0,0.003509,0.000526,26.9,66.6,100.0,5.3,100,70.3,54.0,,
702,CHEMBL188252,CHEMBL188252,CN1C(=O)C[C@H](c2ccccc2)[C@@H]1[C@@H](O)c1cccc(-c2ccccc2)c1,KRAS,escape_route,IC50,420.0,0.752,3.13,True,low,100.0,0.001377,0.002065,22.9,58.0,100.0,24.8,100,76.3,53.9,,
703,CHEMBL1082152,CHEMBL1082152,Cn1cc(C2=C(c3cccc(NCC(O)CO)c3)C(=O)NC2=O)c2cc(F)ccc21,CDK4,sensitive,Kd,410.0,0.464,3.08,True,low,100.0,0.003468,0.00052,26.6,64.9,100.0,5.2,100,76.9,53.8,,
704,CHEMBL272265,CHEMBL272265,N#CCc1ccc(-n2cnc3cnc4ccc(C#Cc5cccnc5)cc4c32)cc1,PIK3CB,escape_route,IC50,432.0,0.422,2.73,True,low,100.0,0.001365,0.002047,22.7,56.8,100.0,24.6,100,80.8,53.7,,
705,CHEMBL272265,CHEMBL272265,N#CCc1ccc(-n2cnc3cnc4ccc(C#Cc5cccnc5)cc4c32)cc1,PIK3CB,escape_route,IC50,432.0,0.422,2.73,True,low,100.0,0.001365,0.002047,22.7,56.8,100.0,24.6,100,80.8,53.7,,
706,CHEMBL115620,CHEMBL115620,CC(C)[C@H](NC(=O)OCc1ccccc1)C(=O)N[C@@H](C)C(=O)N[C@@H](CC(=O)O)C(=O)c1ncc(-c2ccccc2)o1,CD274,immune,Ki,240.0,0.227,3.48,True,low,74.5,0.002025,0.002025,27.0,76.0,74.5,20.2,100,72.4,53.7,,
707,CHEMBL3210158,CHEMBL3210158,CCCCN(CC)CC/N=c1/c(N2CCN(C(=O)OCC)CC2)c(O)c1=O,MCL1,apoptosis,IC50,433.42,0.686,2.92,True,low,100.0,0.001022,0.002385,22.7,56.7,100.0,23.8,100,78.7,53.5,,
708,CHEMBL188447,CHEMBL188447,CN1C(=O)C[C@H](c2ccccc2)[C@@H]1[C@@H](O)C#Cc1ccccc1,KRAS,escape_route,IC50,430.0,0.866,3.42,True,low,100.0,0.001367,0.00205,22.8,57.0,100.0,24.6,100,73.1,53.4,,
709,CHEMBL89223,CHEMBL89223,Nc1nc(=O)n([C@@H]2C=C[C@H](CO)S2)cc1F,MAP2K1,sensitive,IC50,400.0,0.721,4.49,True,low,100.0,0.003495,0.000524,26.8,66.0,100.0,5.2,100,61.2,53.4,,
710,CHEMBL215584,CHEMBL215584,CN1C(=O)C[C@H](c2ccccc2)[C@@H]1[C@H](O)c1ccc(-c2ccccc2C(F)(F)F)s1,KRAS,escape_route,IC50,280.0,0.594,3.58,True,medium,91.9,0.001553,0.002329,25.9,57.6,91.9,27.9,100,71.3,53.3,,
711,CHEMBL219683,CHEMBL219683,O=C(NCC1CCCO1)c1cc(-c2[nH]ncc2-c2cccc(Cl)c2)c[nH]1,MAPK1,sensitive,Ki,430.0,0.641,3.02,True,low,100.0,0.003416,0.000512,26.2,62.7,100.0,5.1,100,77.6,53.2,,
712,CHEMBL373797,CHEMBL373797,CN(Cc1ccccc1)C(=O)c1cc(-c2[nH]ncc2-c2cccc(Cl)c2)c[nH]1,MAPK1,sensitive,Ki,440.0,0.503,2.42,True,low,100.0,0.003391,0.000509,26.0,61.6,100.0,5.1,100,84.2,53.2,,
713,CHEMBL188676,CHEMBL188676,CN1C(=O)C[C@H](c2ccccc2)[C@@H]1[C@@H](O)c1ccc(Cl)c(Cl)c1,KRAS,escape_route,IC50,440.0,0.908,3.28,True,low,100.0,0.001357,0.002035,22.6,56.0,100.0,24.4,100,74.7,53.2,,
714,CHEMBL377175,CHEMBL377175,O=C1NC(=O)/C(=C/c2ccc(-c3cc(F)ccc3O)o2)S1,PIK3CA,escape_route,IC50,455.0,0.833,2.52,True,low,100.0,0.001342,0.002013,22.4,54.5,100.0,24.2,100,83.1,53.1,,
715,CHEMBL449049,CHEMBL449049,CC1(C)Cc2nc(N3CCOCC3)sc2C(=O)N1,PIK3CB,escape_route,IC50,450.0,0.826,2.77,True,low,100.0,0.001347,0.00202,22.4,55.0,100.0,24.2,100,80.3,53.1,,
716,CHEMBL3641916,CHEMBL3641916,C[C@@H](O)Cn1c2cnccc2c2cnc(Nc3ccc(N4CCC(N(C)C)CC4)cn3)nc21,CDK6,sensitive,IC50,314.0,0.467,3.34,True,medium,99.3,0.003758,0.000564,28.8,60.4,99.3,5.6,100,74.0,53.1,,
717,CHEMBL439512,CHEMBL439512,COc1cc2c(cc1OC)Oc1ncnc(Nc3cnc(NC(=O)c4ccccc4)nc3)c1NC2,AURKA,resistant,IC50,470.0,0.379,2.83,True,medium,97.6,0.000664,0.00332,26.6,46.6,97.6,33.2,100,79.7,53.1,,
718,CHEMBL458328,CHEMBL458328,CCCCCC#CCC#CCC#CCC#CCCCC(=O)O,MCL1,apoptosis,IC50,441.49,0.594,3.47,True,low,100.0,0.001016,0.002371,22.6,55.9,100.0,23.7,100,72.6,52.9,,
719,CHEMBL272197,CHEMBL272197,CCN(/C=C1/C(=O)O[C@H](COC)[C@@]2(C)C1=C(O)C(=O)C1=C2[C@H](OC(C)=O)C[C@]2(C)[C@@H](O)CC[C@@H]12)CC,PIK3CA,escape_route,IC50,382.0,0.416,4.96,True,low,93.3,0.001418,0.002127,23.6,61.8,93.3,25.5,100,56.0,52.8,,
720,CHEMBL512834,CHEMBL512834,Cc1ccc(-c2ccc3c(c2)N(c2nc4c(s2)C(=O)CC(C)(C)C4)CCO3)cn1,PIK3CB,escape_route,IC50,308.0,0.587,2.82,True,medium,91.7,0.001511,0.002267,25.2,55.4,91.7,27.2,100,79.8,52.8,,
721,CHEMBL274383,PD-155080,COc1ccc(C2(O)OC(=O)C(c3ccc4c(c3)OCO4)=C2Cc2ccccc2)cc1,CHEK2,resistant,IC50,500.0,0.638,2.9,True,medium,100.0,0.000651,0.003253,26.0,44.0,100.0,32.5,100,78.9,52.6,,
722,CHEMBL367294,CHEMBL367294,CCC(C(=O)N[C@@H](CC(=O)O)C(=O)CN(C)[C@@H](Cc1ccccc1)C(N)=O)n1cccc(NC(=O)c2ccc3ccccc3c2)c1=O,CD274,immune,Ki,255.0,0.153,3.83,True,low,73.1,0.001992,0.001992,26.6,74.5,73.1,19.9,100,68.6,52.6,,
723,CHEMBL296468,CHEMBL296468,CC(C)(C)c1cnc(CSc2cnc(NC(=O)C3CCNCC3)s2)o1,CDK4,sensitive,IC50,458.0,0.771,2.89,True,low,100.0,0.003348,0.000502,25.7,59.6,100.0,5.0,100,79.0,52.3,,
724,CHEMBL3641908,CHEMBL3641908,CN(C)C1CCN(c2ccc(Nc3ncc4c5ccncc5n([C@@H]5CCNC5)c4n3)nc2)CC1,CDK6,sensitive,IC50,340.0,0.473,3.43,True,medium,99.5,0.003671,0.000551,28.1,58.1,99.5,5.5,100,73.0,52.3,,
725,CHEMBL386312,CHEMBL386312,CN1C(=O)C[C@H](c2ccccc2)[C@@H]1[C@H](O)c1ccc(-c2ccc(C(=O)O)cc2)s1,KRAS,escape_route,IC50,380.0,0.666,3.42,True,medium,100.0,0.00142,0.00213,23.7,49.6,100.0,25.6,100,73.1,52.0,,
726,CHEMBL380159,CHEMBL380159,CN1C(=O)C[C@H](c2cccc(F)c2)[C@@H]1[C@H](O)c1ccc(-c2ccc(F)cc2)s1,KRAS,escape_route,IC50,480.0,0.688,3.5,True,low,100.0,0.001319,0.001978,22.0,52.0,100.0,23.7,100,72.2,51.8,,
727,CHEMBL212131,CHEMBL212131,CN1C(=O)C[C@H](c2ccccc2)[C@@H]1[C@H](O)c1ccc(-c2ccc(O)cc2)s1,KRAS,escape_route,IC50,480.0,0.715,3.45,True,low,100.0,0.001319,0.001978,22.0,52.0,100.0,23.7,100,72.8,51.8,,
728,CHEMBL189767,CHEMBL189767,CN1C(=O)C[C@H](c2ccccc2)[C@@H]1[C@@H](O)C#Cc1ccc(F)cc1,KRAS,escape_route,IC50,480.0,0.863,3.46,True,low,100.0,0.001319,0.001978,22.0,52.0,100.0,23.7,100,72.7,51.8,,
729,CHEMBL478425,CHEMBL478425,CC1(C)CC(=O)c2sc(N3CCOCC3Cc3c[nH]c4ncccc34)nc2C1,PIK3CB,escape_route,IC50,481.0,0.732,3.46,True,low,100.0,0.001318,0.001977,22.0,51.9,100.0,23.7,100,72.7,51.8,,
730,CHEMBL377104,CHEMBL377104,Cc1ccc(O)c(-c2ccc(/C=C3\SC(=O)NC3=O)o2)c1,PIK3CA,escape_route,IC50,500.0,0.832,2.5,True,low,100.0,0.001301,0.001952,21.7,50.0,100.0,23.4,100,83.3,51.7,,
731,CHEMBL112370,CHEMBL112370,CC(C)[C@H](NC(=O)OCc1ccccc1)C(=O)N[C@@H](C)C(=O)N[C@@H](CC(=O)O)C(=O)c1ncc(-c2c(Cl)cccc2Cl)o1,CD274,immune,Ki,160.0,0.201,3.67,True,medium,69.0,0.002245,0.002245,29.9,67.2,69.0,22.4,100,70.3,51.5,,
732,CHEMBL380946,CHEMBL380946,CCCCNC(=O)N1Cc2n[nH]c(NC(=O)[C@@H](C)c3ccc4ccccc4c3)c2C1,MAPK1,sensitive,IC50,380.0,0.539,3.21,True,medium,100.0,0.003551,0.000533,27.2,54.6,100.0,5.3,100,75.4,51.4,,
733,CHEMBL204012,CHEMBL204012,Cn1cc(C[C@H](N)COc2cncc(/C=C/c3ccncc3)c2)c2ccccc21,AKT1,escape_route,IC50,500.0,0.521,3.04,True,low,100.0,0.001301,0.001952,21.7,50.0,100.0,23.4,100,77.3,51.4,,
734,CHEMBL502835,CHEMBL502835,COC(=O)c1ccc2c(c1)NC(=O)/C2=C(\Nc1ccc(N(C)C(=O)CN2CCN(C)CC2)cc1)c1ccccc1,ATR,resistant,Kd,470.0,0.35,2.61,True,medium,87.0,0.000664,0.00332,26.6,46.6,87.0,33.2,100,82.1,51.1,,
735,CHEMBL347556,CHEMBL347556,CC1(C)C(=O)N(c2ccc(C#N)c(C(F)(F)F)c2)C(=O)N1CCOCCN1CCN(CCOCc2ccc(O)c(C(N)=O)c2)CC1,AR,sensitive,IC50,346.0,0.247,3.16,True,low,74.9,0.003652,0.000548,28.0,71.9,74.9,5.5,100,76.0,51.0,,
736,CHEMBL171950,CHEMBL171950,CCCS(=O)(=O)NCCOc1nc(C2CC2)nc(NS(=O)(=O)c2ccc(C(C)C)cn2)c1Oc1ccccc1OC,CHEK2,resistant,Kd,363.08,0.241,3.03,True,medium,69.8,0.00072,0.0036,28.8,56.0,69.8,36.0,100,77.4,50.9,,
737,CHEMBL191003,JNJ-7706621,Nc1nc(Nc2ccc(S(N)(=O)=O)cc2)nn1C(=O)c1c(F)cccc1F,CDK4,sensitive,Kd,470.0,0.603,2.45,True,low,92.1,0.00332,0.000498,25.5,58.3,92.1,5.0,100,83.9,50.6,,
738,CHEMBL469202,CHEMBL469202,Cc1ccc(-c2ccc3c(c2)N(c2nc4c(s2)C(=O)NC(C)(C)C4)CCO3)cn1,PIK3CB,escape_route,IC50,452.0,0.694,2.92,True,medium,100.0,0.001345,0.002017,22.4,43.8,100.0,24.2,100,78.7,50.2,,
739,CHEMBL1202525,CHEMBL1202525,COc1ccc(O)c(C(=O)c2ccc(CO[C@@H]3CCCNCC3NC(=O)c3ccncc3)cc2)c1F.Cl.Cl,AKT1,escape_route,IC50,355.0,0.353,3.5,True,medium,87.1,0.00145,0.002175,24.2,51.6,87.1,26.1,100,72.2,50.1,,
740,CHEMBL202502,CHEMBL202502,COc1cc2c(Nc3ncc(CC(=O)Nc4cccc(F)c4)o3)ncnc2cc1OCCCN1CCOCC1,AURKA,resistant,IC50,472.0,0.274,2.81,True,medium,75.5,0.000663,0.003315,26.5,46.5,75.5,33.1,100,79.9,48.6,,
741,CHEMBL223471,CHEMBL223471,COc1ccc(CNC(=O)c2cc(-c3[nH]ncc3-c3cccc(Cl)c3)c[nH]2)cc1,MAPK1,sensitive,Ki,490.0,0.435,2.37,True,medium,98.7,0.003275,0.000491,25.1,44.9,98.7,4.9,100,84.8,48.5,,
742,CHEMBL172549,CHEMBL172549,CCC(C(=O)NC(CC(=O)O)C(=O)Cn1ccc(=O)cc1)n1cccc(NC(=O)c2ccc3ccccc3c2)c1=O,CD274,immune,Ki,395.0,0.256,3.62,True,low,75.1,0.001754,0.001754,23.4,60.5,75.1,17.5,100,70.9,48.3,,
743,CHEMBL173528,CHEMBL173528,CCC(C(=O)NC(CC(=O)O)C(=O)CN1CCNCC1)n1cccc(NC(=O)c2ccc3ccccc3c2)c1=O,CD274,immune,Ki,410.0,0.283,3.45,True,low,75.7,0.001734,0.001734,23.1,59.0,75.7,17.3,100,72.8,48.1,,
744,CHEMBL113012,CHEMBL113012,CC(C)[C@H](NC(=O)OCc1ccccc1)C(=O)N[C@@H](C)C(=O)N[C@@H](CC(=O)O)C(=O)c1ncc(-c2ccccc2Cl)o1,CD274,immune,Ki,260.0,0.214,3.56,True,medium,69.3,0.001981,0.001981,26.4,59.2,69.3,19.8,100,71.6,48.1,,
745,CHEMBL335996,CHEMBL335996,COc1ccccc1/C=C1\Oc2ccc(F)cc2-c2ccc3c(c21)C(C)=CC(C)(C)N3,AR,sensitive,Ki,439.0,0.491,2.78,True,medium,89.8,0.003394,0.000509,26.0,49.4,89.8,5.1,100,80.2,47.9,,
746,CHEMBL270638,CHEMBL270638,Cc1nc2cnc3ccc(C#Cc4cccnc4)cc3c2n1-c1ccc(C(C)C#N)cc1,PIK3CB,escape_route,IC50,446.0,0.368,3.32,True,medium,87.4,0.001351,0.002026,22.5,44.3,87.4,24.3,100,74.2,47.7,,
747,CHEMBL270638,CHEMBL270638,Cc1nc2cnc3ccc(C#Cc4cccnc4)cc3c2n1-c1ccc(C(C)C#N)cc1,PIK3CB,escape_route,IC50,446.0,0.368,3.32,True,medium,87.4,0.001351,0.002026,22.5,44.3,87.4,24.3,100,74.2,47.7,,
748,CHEMBL1366030,CHEMBL1366030,COc1ccccc1Nc1nc(-c2sc(NC(=O)c3ccc([N+](=O)[O-])cc3)nc2C)cs1,MCL1,apoptosis,IC50,449.41,0.272,2.35,True,medium,85.4,0.001011,0.002358,22.5,44.0,85.4,23.6,100,85.0,47.6,,
749,CHEMBL247619,CHEMBL247619,CNC(=O)Nc1ccc(CNc2c(C(=O)Nc3ccc4c(c3)OC(F)(F)C(F)(F)O4)cnn2C)cn1,MAPK1,sensitive,IC50,448.0,0.375,3.1,True,medium,87.5,0.003372,0.000506,25.9,48.6,87.5,5.1,100,76.7,47.0,,
750,CHEMBL247619,CHEMBL247619,CNC(=O)Nc1ccc(CNc2c(C(=O)Nc3ccc4c(c3)OC(F)(F)C(F)(F)O4)cnn2C)cn1,MAPK1,sensitive,IC50,448.0,0.375,3.1,True,medium,87.5,0.003372,0.000506,25.9,48.6,87.5,5.1,100,76.7,47.0,,
751,CHEMBL348495,CHEMBL348495,CC1(C)C(=O)N(c2ccc(C#N)c(C(F)(F)F)c2)C(=O)N1CCOCCOCCOCc1ccc(O)c(C(N)=O)c1,AR,sensitive,IC50,332.0,0.271,3.07,True,medium,70.4,0.003697,0.000555,28.3,58.8,70.4,5.5,100,77.0,47.0,,
752,CHEMBL4554744,CHEMBL4554744,C=CC(=O)Nc1cccc(C(=O)N2CCC(NC(=O)c3n[nH]cc3NC(=O)c3c(Cl)cccc3Cl)CC2)c1.O=C(O)C(F)(F)F,ATR,resistant,IC50,500.0,0.226,3.05,True,medium,69.5,0.000651,0.003253,26.0,44.0,69.5,32.5,100,77.2,46.4,,
