chembl_id,name,smiles,target_gene,population_target,source,activity_nM,mw,logp,qed,sa_score,admet_score,est_emax_s,est_emax_r,generation_method,score_efficacy,score_selectivity,score_safety,score_resistance,score_novelty,score_synthesizability,score_overall,rank
CHEMBL3889770,CHEMBL3889770,CN(C)CCCOc1ccc(-c2ccc3ncc4c(c3c2)n([C@H]2C[C@@H](O)C2)c(=O)n4C)cn1,ATM,resistant,scout1,0.24,0.0,0.0,0.439,2.82,100.0,0.00231,0.011549,database_search,92.4,100.0,100.0,100.0,80,79.8,95.7,1
CHEMBL3923182,CHEMBL3923182,CO[C@H]1CC[C@H](n2c(=O)n(C)c3cnc4ccc(-c5ccc(OCCCN(C)C)nc5)cc4c32)C1,ATM,resistant,scout1,0.152,0.0,0.0,0.359,3.55,97.2,0.002409,0.012045,database_search,96.4,80.0,97.2,100.0,80,71.7,90.9,2
CHEMBL3936943,CHEMBL3936943,CO[C@H]1C[C@@H](n2c(=O)n(C)c3cnc4ccc(-c5ccc(OCCCN6CCCC6)nc5)cc4c32)C1,ATM,resistant,scout1,0.176,0.0,0.0,0.348,2.85,97.0,0.002377,0.011886,database_search,95.1,80.0,97.0,100.0,80,79.4,90.9,3
CHEMBL3924247,CHEMBL3924247,CN(C)CCCOc1ccc(-c2ccc3ncc4c(c3c2)n(C2COC2)c(=O)n4C)cn1,ATM,resistant,scout1,1.46,0.0,0.0,0.417,2.84,100.0,0.001918,0.009589,database_search,76.7,99.9,100.0,95.9,80,79.6,90.3,4
CHEMBL3936734,CHEMBL3936734,CO[C@H]1C[C@@H](n2c(=O)n(C)c3cnc4ccc(-c5ccc(OCCCN(C)C)nc5)cc4c32)C1,ATM,resistant,scout1,0.249,0.0,0.0,0.373,2.86,97.5,0.002302,0.01151,database_search,92.1,80.0,97.5,100.0,80,79.3,90.1,5
CHEMBL3947316,CHEMBL3947316,Cn1c(=O)n([C@H]2CCCOC2)c2c3cc(-c4ccc(OCCCN5CCCC5)nc4)ccc3ncc21,ATM,resistant,scout1,0.238,0.0,0.0,0.365,3.25,97.3,0.002312,0.011559,database_search,92.5,80.0,97.3,100.0,80,75.0,89.9,6
CHEMBL5220685,CHEMBL5220685,COC(=O)[C@H]1COCCN1CCOc1ccccc1Cc1cn(C(F)F)nc1-c1cc(Cl)nc(N)n1,EZH2,resistant,scout1,1.0,0.0,0.0,0.334,3.64,91.7,0.002,0.01,database_search,80.0,99.9,91.7,100.0,80,70.7,89.8,7
CHEMBL338923,CHEMBL338923,COc1ccc(-c2nc3c(C(N)=O)cccc3[nH]2)cc1O,PARP1,resistant,scout1,2.0,0.0,0.0,0.684,2.15,100.0,0.001849,0.009247,database_search,74.0,99.8,100.0,92.5,80,87.2,89.4,8
CHEMBL3927821,CHEMBL3927821,CN(C)CCCOc1ccc(-c2ccc3ncc4c(c3c2)n(C2CCOCC2)c(=O)n4C)c(F)n1,ATM,resistant,scout1,0.301,0.0,0.0,0.297,2.96,95.9,0.002261,0.011304,database_search,90.4,80.0,95.9,100.0,80,78.2,89.2,9
CHEMBL3890490,CHEMBL3890490,CN(C)CCCOc1ccc(-c2ccc3ncc4c(c3c2)n([C@H]2CCCOC2)c(=O)n4C)cn1,ATM,resistant,scout1,0.329,0.0,0.0,0.391,3.27,97.8,0.002241,0.011207,database_search,89.7,80.0,97.8,100.0,80,74.8,89.2,10
CHEMBL382667,CHEMBL382667,COc1cc2c(Nc3cnc(NC(=O)c4ccc(F)c(Cl)c4)nc3)ncnc2cc1OCCCN1CCOCC1,AURKA,resistant,scout1,0.15,0.0,0.0,0.268,2.69,85.4,0.002412,0.01206,database_search,96.5,80.0,85.4,100.0,80,81.2,89.1,11
CHEMBL4112870,CHEMBL4112870,CO[C@@H]1CC[C@@H](n2c(=O)n(C)c3cnc4ccc(-c5ccc(OCCCN(C)C)nc5)cc4c32)C1,ATM,resistant,scout1,0.315,0.0,0.0,0.359,3.55,97.2,0.002251,0.011254,database_search,90.0,80.0,97.2,100.0,80,71.7,89.0,12
CHEMBL3898165,CHEMBL3898165,Cn1c(=O)n([C@H]2C[C@@H](O)C2)c2c3cc(-c4ccc(OCCCN5CCCC5)nc4)ccc3ncc21,ATM,resistant,scout1,0.447,0.0,0.0,0.414,2.8,98.3,0.002175,0.010874,database_search,87.0,80.0,98.3,100.0,80,80.0,88.7,13
CHEMBL5218878,CHEMBL5218878,Nc1nc(Cl)cc(-c2nn(C(F)F)cc2Cc2ccccc2OCCN2CCNC(=O)C2)n1,EZH2,resistant,scout1,2.1,0.0,0.0,0.479,3.13,100.0,0.001839,0.009194,database_search,73.6,99.8,100.0,91.9,80,76.3,88.6,14
CHEMBL3935033,CHEMBL3935033,CN(C)CCCOc1ccc(-c2ccc3ncc4c(c3c2)n([C@H]2CCCOC2)c(=O)n4C)c(F)n1,ATM,resistant,scout1,0.365,0.0,0.0,0.297,3.42,95.9,0.002219,0.011094,database_search,88.8,80.0,95.9,100.0,80,73.1,88.5,15
CHEMBL3960662,CHEMBL3960662,CN(C)CCCOc1ccc(-c2ccc3ncc4c(c3c2)n(C2CCOCC2)c(=O)n4C)cn1,ATM,resistant,scout1,0.575,0.0,0.0,0.391,2.8,97.8,0.00212,0.010601,database_search,84.8,80.0,97.8,100.0,80,80.0,88.0,16
CHEMBL131891,CHEMBL131891,NC(=O)c1cccc2[nH]c(-c3ccc(Cl)cc3)nc12,PARP1,resistant,scout1,3.0,0.0,0.0,0.752,1.94,100.0,0.001761,0.008807,database_search,70.5,99.7,100.0,88.1,80,89.6,87.7,17
CHEMBL4109764,CHEMBL4109764,CN(C)CCCOc1ccc(-c2ccc3ncc4c(c3c2)n([C@@H]2CCCOC2)c(=O)n4C)c(F)n1,ATM,resistant,scout1,0.552,0.0,0.0,0.297,3.42,95.9,0.002129,0.010645,database_search,85.2,80.0,95.9,100.0,80,73.1,87.4,18
CHEMBL195373,CHEMBL195373,N#Cc1cnc(NC(=O)Nc2cc(Cl)ccc2OC2CCOC2)cn1,CHEK1,resistant,scout1,3.0,0.0,0.0,0.868,3.04,100.0,0.001761,0.008807,database_search,70.5,99.7,100.0,88.1,80,77.3,87.1,19
CHEMBL3986918,CHEMBL3986918,CN(C)CCCOc1ccc(-c2cc3c(cc2F)ncc2c3n(C3CCOCC3)c(=O)n2C)cn1,ATM,resistant,scout1,0.782,0.0,0.0,0.376,2.92,97.5,0.002053,0.010267,database_search,82.1,79.9,97.5,100.0,80,78.7,87.1,20
CHEMBL5218615,CHEMBL5218615,Nc1nc(Cl)cc(-c2nn(C(F)F)cc2Cc2ccccc2OCCN2CCS(=O)(=O)CC2)n1,EZH2,resistant,scout1,2.4,0.0,0.0,0.458,3.19,94.2,0.00181,0.009049,database_search,72.4,99.8,94.2,90.5,80,75.7,86.9,21
CHEMBL558486,CHEMBL558486,CCNC(=O)Nc1ccc(-c2nc(N3CCOCC3)c3cnn(C4CCN(C(=O)OC)CC4)c3n2)cc1,MTOR,escape_route,scout1,0.32,0.0,0.0,0.539,2.7,95.8,0.004495,0.006742,database_search,74.9,100.0,95.8,80.9,80,81.1,86.8,22
CHEMBL3958682,CHEMBL3958682,CO[C@H]1C[C@@H](n2c(=O)n(C)c3cnc4ccc(-c5ccc(OCCCN(C)C)nc5F)cc4c32)C1,ATM,resistant,scout1,0.765,0.0,0.0,0.283,3.02,95.7,0.002058,0.010291,database_search,82.3,79.9,95.7,100.0,80,77.6,86.7,23
CHEMBL3895211,CHEMBL3895211,CO[C@H]1C[C@@H](n2c(=O)n(C)c3cnc4cc(F)c(-c5ccc(OCCCN6CCCC6)nc5)cc4c32)C1,ATM,resistant,scout1,0.418,0.0,0.0,0.333,2.97,86.7,0.002189,0.010947,database_search,87.6,80.0,86.7,100.0,80,78.1,86.5,24
CHEMBL4111966,CHEMBL4111966,CN(C)CCCOc1ccc(-c2ccc3ncc4c(c3c2)n([C@@H]2CCCOC2)c(=O)n4C)cn1,ATM,resistant,scout1,0.935,0.0,0.0,0.391,3.27,97.8,0.002015,0.010073,database_search,80.6,79.9,97.8,100.0,80,74.8,86.5,25
CHEMBL3898563,CHEMBL3898563,CO[C@H]1C[C@@H](n2c(=O)[nH]c3cnc4ccc(-c5ccc(OCCCN(C)C)nc5)cc4c32)C1,ATM,resistant,scout1,1.03,0.0,0.0,0.415,2.83,98.3,0.001994,0.009968,database_search,79.7,79.9,98.3,99.7,80,79.7,86.5,26
CHEMBL3984179,CHEMBL3984179,Cn1c(=O)n([C@H]2C[C@@H](O)C2)c2c3cc(-c4ccc(OCCCN5CCC5)nc4)ccc3ncc21,ATM,resistant,scout1,1.05,0.0,0.0,0.428,2.8,98.6,0.001989,0.009947,database_search,79.6,79.9,98.6,99.5,80,80.0,86.5,27
CHEMBL5218552,CHEMBL5218552,COC(=O)[C@@H]1COCCN1CCOc1ccccc1Cc1cn(C(F)F)nc1-c1cc(Cl)nc(N)n1,EZH2,resistant,scout1,2.2,0.0,0.0,0.334,3.64,91.7,0.001829,0.009144,database_search,73.2,99.8,91.7,91.4,80,70.7,86.5,28
CHEMBL3961688,CHEMBL3961688,CN(C)CCCOc1ccc(-c2ccc3ncc4c(c3c2)n(C2(C)CCOCC2)c(=O)n4C)cn1,ATM,resistant,scout1,0.96,0.0,0.0,0.379,3.1,97.6,0.002009,0.010044,database_search,80.4,79.9,97.6,100.0,80,76.7,86.4,29
CHEMBL201297,CHEMBL201297,COCCOc1cc2ncnc(Nc3ncc(CC(=O)Nc4cccc(F)c4)s3)c2cc1OC,AURKA,resistant,scout1,1.0,0.0,0.0,0.324,2.54,96.5,0.002,0.01,database_search,80.0,79.9,96.5,100.0,80,82.9,86.4,30
CHEMBL5219579,CHEMBL5219579,Nc1nc(Cl)cc(-c2nn(C(F)F)cc2Cc2ccccc2OCCN2CCO[C@@H](CO)C2)n1,EZH2,resistant,scout1,3.3,0.0,0.0,0.437,3.57,100.0,0.001741,0.008704,database_search,69.6,99.7,100.0,87.0,80,71.4,86.4,31
CHEMBL5219830,CHEMBL5219830,Nc1nc(Cl)cc(-c2nn(C(F)F)cc2Cc2ccccc2OCCN2CCOC[C@H]2CO)n1,EZH2,resistant,scout1,3.33,0.0,0.0,0.437,3.64,100.0,0.001739,0.008694,database_search,69.6,99.7,100.0,86.9,80,70.7,86.4,32
CHEMBL563985,CHEMBL563985,CNC(=O)Nc1ccc(-c2nc(N3CCOCC3)c3cnn(C4CCN(C(=O)OC)CC4)c3n2)cc1,MTOR,escape_route,scout1,0.46,0.0,0.0,0.567,2.7,100.0,0.004337,0.006506,database_search,72.3,100.0,100.0,78.1,80,81.1,86.4,33
CHEMBL3957991,CHEMBL3957991,CN(C)CCCOc1ccc(-c2cc3c(cc2F)ncc2c3n(C3COC3)c(=O)n2C)cn1,ATM,resistant,scout1,3.8,0.0,0.0,0.402,2.96,100.0,0.00171,0.008551,database_search,68.4,99.6,100.0,85.5,80,78.2,86.2,34
CHEMBL4110596,CHEMBL4110596,CN(C)CCCOc1ccc(-c2cc3c(cc2F)ncc2c3n([C@@H]3CCCOC3)c(=O)n2C)cn1,ATM,resistant,scout1,1.0,0.0,0.0,0.376,3.39,97.5,0.002,0.01,database_search,80.0,79.9,97.5,100.0,80,73.4,86.2,35
CHEMBL3950905,CHEMBL3950905,CO[C@H]1C[C@@H](n2c(=O)n(C)c3cnc4cc(F)c(-c5ccc(OCCCN(C)C)nc5)cc4c32)C1,ATM,resistant,scout1,1.05,0.0,0.0,0.358,2.99,97.2,0.001989,0.009947,database_search,79.6,79.9,97.2,99.5,80,77.9,86.1,36
CHEMBL3963290,CHEMBL3963290,Cn1c(=O)n(C2CCOCC2)c2c3cc(-c4ccc(OCCCN5CCCC5)nc4)ccc3ncc21,ATM,resistant,scout1,1.12,0.0,0.0,0.365,2.79,97.3,0.001975,0.009877,database_search,79.0,79.9,97.3,98.8,80,80.1,86.0,37
CHEMBL3912673,CHEMBL3912673,CN(C)CCCOc1ccc(-c2cc3c(cc2F)ncc2c3n([C@H]3CCCOC3)c(=O)n2C)cn1,ATM,resistant,scout1,1.14,0.0,0.0,0.376,3.39,97.5,0.001972,0.009858,database_search,78.9,79.9,97.5,98.6,80,73.4,85.6,38
CHEMBL3890119,CHEMBL3890119,Cn1c(=O)n([C@H]2CCCOC2)c2c3cc(-c4ccc(OCCCN5CCCC5)nc4)c(F)cc3ncc21,ATM,resistant,scout1,0.563,0.0,0.0,0.349,3.37,87.0,0.002125,0.010624,database_search,85.0,80.0,87.0,100.0,80,73.7,85.6,39
CHEMBL426811,CHEMBL426811,N#Cc1cnc(NC(=O)Nc2cc(Cl)ccc2OC2CCOCC2)cn1,CHEK1,resistant,scout1,5.0,0.0,0.0,0.851,2.58,100.0,0.001651,0.008253,database_search,66.0,99.5,100.0,82.5,80,82.4,85.2,40
CHEMBL155514,CHEMBL155514,CCCCCC[Se](=O)CC(=O)C(F)(F)F,FOLH1,other,scout1,0.1778,0.0,0.0,0.533,3.91,100.0,0.005938,0.005938,database_search,79.2,100.0,100.0,59.4,80,67.7,85.0,41
CHEMBL5220647,CHEMBL5220647,Nc1nc(Cl)cc(-c2nn(C(F)F)cc2Cc2ccccc2OCCN2CCOC[C@@H]2CO)n1,EZH2,resistant,scout1,4.6,0.0,0.0,0.437,3.64,100.0,0.001669,0.008343,database_search,66.7,99.5,100.0,83.4,80,70.7,85.0,42
CHEMBL4114060,CHEMBL4114060,Cn1c(=O)n([C@@H]2CCCOC2)c2c3cc(-c4ccc(OCCCN5CCCC5)nc4)c(F)cc3ncc21,ATM,resistant,scout1,0.69,0.0,0.0,0.349,3.37,87.0,0.002081,0.010403,database_search,83.2,79.9,87.0,100.0,80,73.7,85.0,43
CHEMBL561907,CHEMBL561907,COC(=O)N1CCC(n2ncc3c(N4CCOCC4)nc(-c4ccc(NC(=O)NCCF)cc4)nc32)CC1,MTOR,escape_route,scout1,0.61,0.0,0.0,0.502,2.83,95.0,0.004215,0.006322,database_search,70.2,99.9,95.0,75.9,80,79.7,84.4,44
CHEMBL202567,CHEMBL202567,COc1cc2c(Nc3ncc(C(=O)Nc4ccc(F)cc4)s3)ncnc2cc1OCCCN1CCOCC1,AURKA,resistant,scout1,1.0,0.0,0.0,0.285,2.61,85.7,0.002,0.01,database_search,80.0,79.9,85.7,100.0,80,82.1,84.2,45
CHEMBL5219443,CHEMBL5219443,Nc1nc(Cl)cc(-c2nn(C(F)F)cc2Cc2ccccc2OCCN2CCO[C@H](CO)C2)n1,EZH2,resistant,scout1,5.5,0.0,0.0,0.437,3.57,100.0,0.00163,0.008149,database_search,65.2,99.5,100.0,81.5,80,71.4,84.2,46
CHEMBL385872,CHEMBL385872,CN1CCN(c2ccc(C(=O)Nc3n[nH]c4c3CN(C(=O)[C@H](O)c3ccccc3)C4)cc2)CC1,AURKA,resistant,scout1,6.0,0.0,0.0,0.538,2.99,100.0,0.001611,0.008055,database_search,64.4,99.4,100.0,80.5,80,77.9,84.2,47
CHEMBL202930,CHEMBL202930,COc1cc(-c2ccc3c(c2)NC(=O)/C3=C\c2ccc[nH]2)ccc1O,CHEK1,resistant,scout1,7.0,0.0,0.0,0.637,2.5,100.0,0.001577,0.007887,database_search,63.1,99.3,100.0,78.9,80,83.3,83.8,48
CHEMBL207994,CHEMBL207994,COc1cc(OC)c(NC(=O)Nc2cnc(C#N)cn2)cc1Cl,CHEK1,resistant,scout1,7.0,0.0,0.0,0.89,2.37,100.0,0.001577,0.007887,database_search,63.1,99.3,100.0,78.9,80,84.8,83.8,49
CHEMBL192161,CHEMBL192161,CC1(COc2ccc(Cl)cc2NC(=O)Nc2cnc(C#N)cn2)COC1,CHEK1,resistant,scout1,7.0,0.0,0.0,0.833,2.74,100.0,0.001577,0.007887,database_search,63.1,99.3,100.0,78.9,80,80.7,83.6,50
CHEMBL133855,CHEMBL133855,CCOC(=O)c1ccc(-c2nc3c(C(N)=O)cccc3[nH]2)cc1,PARP1,resistant,scout1,8.1,0.0,0.0,0.723,2.0,100.0,0.001546,0.007729,database_search,61.8,99.2,100.0,77.3,80,88.9,83.4,51
CHEMBL423573,CHEMBL423573,O=C1NCCc2c(-c3ccccc3Cl)[nH]c3cccc1c23,PARP1,resistant,scout1,8.0,0.0,0.0,0.705,2.36,100.0,0.001548,0.007742,database_search,61.9,99.2,100.0,77.4,80,84.9,83.2,52
CHEMBL3951966,CHEMBL3951966,CN(C)CCCOc1ccc(-c2cc3c(cc2F)ncc2c3n(C3(C)CCOCC3)c(=O)n2C)cn1,ATM,resistant,scout1,2.03,0.0,0.0,0.363,3.22,97.3,0.001846,0.009231,database_search,73.8,79.8,97.3,92.3,80,75.3,83.2,53
CHEMBL344741,CHEMBL344741,O=C1NCCc2c(-c3ccc[nH]3)[nH]c3cccc1c23,PARP1,resistant,scout1,8.0,0.0,0.0,0.611,2.83,100.0,0.001548,0.007742,database_search,61.9,99.2,100.0,77.4,80,79.7,83.0,54
CHEMBL372543,CHEMBL372543,O/N=C1/CCc2cc(-c3[nH]c(-c4ccccc4)nc3-c3ccncc3)ccc21,BRAF,escape_route,scout1,1.3,0.0,0.0,0.399,2.53,100.0,0.003886,0.005829,database_search,64.8,99.9,100.0,69.9,80,83.0,83.0,55
CHEMBL425904,CHEMBL425904,CC(CN(C)C)Oc1ccc(Cl)cc1NC(=O)Nc1cnc(C#N)cn1,CHEK1,resistant,scout1,8.0,0.0,0.0,0.805,3.03,100.0,0.001548,0.007742,database_search,61.9,99.2,100.0,77.4,80,77.4,82.9,56
CHEMBL5220895,CHEMBL5220895,Cn1cc(Cc2ccccc2OCCN2CC3CC(C2)O3)c(-c2cc(Cl)nc(N)n2)n1,EZH2,resistant,scout1,6.7,0.0,0.0,0.564,4.44,100.0,0.001587,0.007935,database_search,63.5,99.3,100.0,79.3,80,61.8,82.9,57
CHEMBL383264,CHEMBL383264,N[C@H](COc1cncc(-c2ccc3cnccc3c2)c1)Cc1c[nH]c2ccccc12,AKT1,escape_route,scout1,1.3,0.0,0.0,0.437,2.88,100.0,0.003886,0.005829,database_search,64.8,99.9,100.0,69.9,80,79.1,82.8,58
CHEMBL323488,CHEMBL323488,O=C(CCn1c2c(c(=O)[nH]c1=O)CSCC2)NCC(=O)c1ccc2ccccc2c1,PARP1,resistant,scout1,8.5,0.0,0.0,0.59,2.66,100.0,0.001535,0.007676,database_search,61.4,99.2,100.0,76.8,80,81.6,82.8,59
CHEMBL562439,CHEMBL562439,CNC(=O)Nc1ccc(-c2nc(N3CCOCC3)c3cnn(C4CCN(C(=O)N(C)C)CC4)c3n2)cc1,MTOR,escape_route,scout1,1.1,0.0,0.0,0.556,2.78,96.1,0.003959,0.005938,database_search,66.0,99.9,96.1,71.3,80,80.2,82.7,60
CHEMBL313153,CHEMBL313153,O=C(O)c1c(Cc2cc3c(cc2Cl)OCO3)c(-c2cccs2)nn1CC1CCCCC1,CHEK2,resistant,scout1,1.7,0.0,0.0,0.5,2.82,90.0,0.001885,0.009424,database_search,75.4,79.9,90.0,94.2,80,79.8,82.7,61
CHEMBL551442,CHEMBL551442,CNC(=O)Nc1ccc(-c2nc(N3CCOCC3)c3cnn(C4CCNCC4)c3n2)cc1,MTOR,escape_route,scout1,1.4,0.0,0.0,0.574,2.67,100.0,0.003854,0.005781,database_search,64.2,99.9,100.0,69.4,80,81.4,82.7,62
CHEMBL5220347,CHEMBL5220347,Cn1cc(Cc2ccccc2OCCN2CC3(COC3)C2)c(-c2cc(Cl)nc(N)n2)n1,EZH2,resistant,scout1,7.8,0.0,0.0,0.564,3.47,100.0,0.001554,0.00777,database_search,62.2,99.2,100.0,77.7,80,72.6,82.7,63
CHEMBL205449,CHEMBL205449,COc1cc(CN2CCCCC2)ccc1NC(=O)Nc1cnc(C#N)cn1,CHEK1,resistant,scout1,10.0,0.0,0.0,0.843,2.33,100.0,0.0015,0.0075,database_search,60.0,99.0,100.0,75.0,80,85.2,82.3,64
CHEMBL385266,CHEMBL385266,CN1CCN(c2ccc(C(=O)Nc3n[nH]c4c3CN(C(=O)[C@H](F)c3ccccc3)C4)cc2)CC1,AURKA,resistant,scout1,9.0,0.0,0.0,0.609,3.1,100.0,0.001523,0.007614,database_search,60.9,99.1,100.0,76.1,80,76.7,82.3,65
CHEMBL193117,CHEMBL193117,CN1CCC(Oc2ccc(Cl)cc2NC(=O)Nc2cnc(C#N)cn2)CC1,CHEK1,resistant,scout1,10.0,0.0,0.0,0.836,2.56,100.0,0.0015,0.0075,database_search,60.0,99.0,100.0,75.0,80,82.7,82.1,66
CHEMBL477989,SB590885,CN(C)CCOc1ccc(-c2nc(-c3ccncc3)c(-c3ccc4c(c3)CC/C4=N\O)[nH]2)cc1,BRAF,escape_route,scout1,0.3,0.0,0.0,0.308,2.72,96.2,0.004523,0.006784,database_search,75.4,80.0,96.2,81.4,80,80.9,82.1,67
CHEMBL3898577,CHEMBL3898577,CO[C@H]1C[C@@H](n2c(=O)n(C)c3cnc4cc(F)c(-c5ccc(OCCCN(C)C)nc5F)cc4c32)C1,ATM,resistant,scout1,2.62,0.0,0.0,0.272,3.14,95.4,0.001791,0.008954,database_search,71.6,79.8,95.4,89.5,80,76.2,81.8,68
CHEMBL384304,CHEMBL384304,COc1ccc(F)c(F)c1C(=O)c1cnc(NC2CCN(S(C)(=O)=O)CC2)nc1N,ATR,resistant,scout1,11.0,0.0,0.0,0.644,2.66,100.0,0.001479,0.007397,database_search,59.2,98.9,100.0,74.0,80,81.6,81.7,69
CHEMBL384304,CHEMBL384304,COc1ccc(F)c(F)c1C(=O)c1cnc(NC2CCN(S(C)(=O)=O)CC2)nc1N,ATR,resistant,scout1,11.0,0.0,0.0,0.644,2.66,100.0,0.001479,0.007397,database_search,59.2,98.9,100.0,74.0,80,81.6,81.7,70
CHEMBL538378,CHEMBL538378,COC(=O)N1CCC(n2ncc3c(N4CCOCC4)nc(-c4ccc(NC(=O)Nc5cccnc5)cc4)nc32)CC1,MTOR,escape_route,scout1,0.2,0.0,0.0,0.375,2.78,87.5,0.004699,0.007048,database_search,78.3,80.0,87.5,84.6,80,80.2,81.7,71
CHEMBL3907190,CHEMBL3907190,CN(C)CCCOc1ccc(-c2ccc3ncc4[nH]c(=O)n(C5CCOCC5)c4c3c2)cn1,ATM,resistant,scout1,3.22,0.0,0.0,0.436,2.77,98.7,0.001746,0.00873,database_search,69.8,79.7,98.7,87.3,80,80.3,81.7,72
CHEMBL558288,CHEMBL558288,CNC(=O)Nc1ccc(-c2nc(N3CCOCC3)c3cnn(C4CCN(C(=O)NC)CC4)c3n2)cc1,MTOR,escape_route,scout1,2.0,0.0,0.0,0.507,2.75,100.0,0.003699,0.005548,database_search,61.6,99.8,100.0,66.6,80,80.6,81.5,73
CHEMBL562365,CHEMBL562365,CNC(=O)Nc1ccc(-c2nc(N3CCOCC3)c3cnn(C4CCN(C(C)=O)CC4)c3n2)cc1,MTOR,escape_route,scout1,2.1,0.0,0.0,0.591,2.66,100.0,0.003678,0.005517,database_search,61.3,99.8,100.0,66.2,80,81.6,81.3,74
CHEMBL107764,CHEMBL107764,O=C(CCn1c2c(c(=O)[nH]c1=O)CSCC2)NCC(=O)c1ccc(-c2cccnc2)cc1,PARP1,resistant,scout1,12.0,0.0,0.0,0.531,2.71,100.0,0.00146,0.007302,database_search,58.4,98.8,100.0,73.0,80,81.0,81.2,75
CHEMBL108919,CHEMBL108919,O=C(CCn1c2c(c(=O)[nH]c1=O)CSCC2)NCC(=O)c1ccc(N2CCCC2)cc1,PARP1,resistant,scout1,12.0,0.0,0.0,0.627,2.7,100.0,0.00146,0.007302,database_search,58.4,98.8,100.0,73.0,80,81.1,81.2,76
CHEMBL5220723,CHEMBL5220723,Cn1cc(Cc2ccccc2OCCN2CCOCC2)c(-c2cc(Cl)nc(N)n2)n1,EZH2,resistant,scout1,12.3,0.0,0.0,0.578,2.74,100.0,0.001455,0.007275,database_search,58.2,98.8,100.0,72.8,80,80.7,81.1,77
CHEMBL5218698,CHEMBL5218698,Nc1nc(Cl)cc(-c2nn(C(F)F)cc2Cc2ccccc2OCCN2CCOCC2)n1,EZH2,resistant,scout1,3.9,0.0,0.0,0.511,2.97,100.0,0.001704,0.008522,database_search,68.2,79.7,100.0,85.2,80,78.1,81.1,78
CHEMBL87070,CHEMBL87070,O=C(O)c1c(Cc2cc3c(cc2Cl)OCO3)c(-c2ccccc2)nn1CC1CCCCC1,CHEK2,resistant,scout1,2.6,0.0,0.0,0.511,2.61,90.2,0.001793,0.008963,database_search,71.7,79.8,90.2,89.6,80,82.1,81.1,79
CHEMBL207778,CHEMBL207778,COc1cc(CN2CCCC2)ccc1NC(=O)Nc1cnc(C#N)cn1,CHEK1,resistant,scout1,13.0,0.0,0.0,0.857,2.32,100.0,0.001443,0.007215,database_search,57.7,98.7,100.0,72.2,80,85.3,81.1,80
CHEMBL541643,CHEMBL541643,Cl.Oc1cccc(-c2nc(N3CCOCC3)c3sccc3n2)c1,PIK3CA,escape_route,scout1,2.5,0.0,0.0,0.769,2.44,100.0,0.003602,0.005403,database_search,60.0,99.8,100.0,64.8,80,84.0,80.9,81
CHEMBL541643,CHEMBL541643,Cl.Oc1cccc(-c2nc(N3CCOCC3)c3sccc3n2)c1,PIK3CA,escape_route,scout1,2.5,0.0,0.0,0.769,2.44,100.0,0.003602,0.005403,database_search,60.0,99.8,100.0,64.8,80,84.0,80.9,82
CHEMBL5218702,CHEMBL5218702,CC1(O)CCN(CCOc2ccccc2Cc2cn(C(F)F)nc2-c2cc(Cl)nc(N)n2)CC1,EZH2,resistant,scout1,4.0,0.0,0.0,0.461,3.18,99.2,0.001699,0.008495,database_search,68.0,79.7,99.2,85.0,80,75.8,80.7,83
CHEMBL558955,CHEMBL558955,COC(=O)N1CCC(n2ncc3c(N4CCOCC4)nc(-c4ccc(NC(=O)Nc5ccc(CO)cc5)cc4)nc32)CC1,MTOR,escape_route,scout1,0.08,0.0,0.0,0.306,2.78,71.1,0.005,0.0075,database_search,83.3,80.0,71.1,90.0,80,80.2,80.7,84
CHEMBL222102,KU-55933,O=c1cc(-c2cccc3c2Sc2ccccc2S3)oc(N2CCOCC2)c1,ATM,resistant,scout1,13.0,0.0,0.0,0.488,2.93,100.0,0.001443,0.007215,database_search,57.7,98.7,100.0,72.2,80,78.6,80.7,85
CHEMBL402548,CHEMBL402548,CO[C@@H](C(=O)N1Cc2[nH]nc(NC(=O)c3ccc(N4CCN(C)CC4)cc3)c2C1)c1ccccc1,AURKA,resistant,scout1,13.0,0.0,0.0,0.571,3.02,100.0,0.001443,0.007215,database_search,57.7,98.7,100.0,72.2,80,77.6,80.7,86
CHEMBL207995,CHEMBL207995,COc1cc(C=O)c(Cl)cc1NC(=O)Nc1cnc(C#N)cn1,CHEK1,resistant,scout1,14.0,0.0,0.0,0.831,2.58,100.0,0.001427,0.007135,database_search,57.1,98.6,100.0,71.4,80,82.4,80.6,87
CHEMBL321638,CHEMBL321638,COc1ccc(-c2ccc(C(=O)CNC(=O)CCn3c4c(c(=O)[nH]c3=O)CSCC4)cc2)cc1,PARP1,resistant,scout1,15.0,0.0,0.0,0.48,2.62,100.0,0.001412,0.00706,database_search,56.5,98.5,100.0,70.6,80,82.0,80.3,88
CHEMBL557963,CHEMBL557963,COC(=O)N1CCC(n2ncc3c(N4CCOCC4)nc(-c4ccc(NC(=O)Nc5ccncc5)cc4)nc32)CC1,MTOR,escape_route,scout1,0.3,0.0,0.0,0.375,2.79,87.5,0.004523,0.006784,database_search,75.4,80.0,87.5,81.4,80,80.1,80.3,89
CHEMBL322133,CHEMBL322133,O=C(CCn1c2c(c(=O)[nH]c1=O)CSCC2)NCC(=O)c1ccc(Br)cc1,PARP1,resistant,scout1,15.0,0.0,0.0,0.647,2.69,100.0,0.001412,0.00706,database_search,56.5,98.5,100.0,70.6,80,81.2,80.2,90
CHEMBL321703,CHEMBL321703,O=C(CCn1c2c(c(=O)[nH]c1=O)CSCC2)NCC(=O)c1ccc(-c2ccncc2)cc1,PARP1,resistant,scout1,15.0,0.0,0.0,0.531,2.72,100.0,0.001412,0.00706,database_search,56.5,98.5,100.0,70.6,80,80.9,80.2,91
CHEMBL538346,CHEMBL538346,Cl.Oc1cccc(-c2nc(N3CCOCC3)c3oc4ncccc4c3n2)c1,PIK3CB,escape_route,scout1,3.0,0.0,0.0,0.567,2.67,100.0,0.003523,0.005284,database_search,58.7,99.7,100.0,63.4,80,81.4,80.1,92
CHEMBL192928,CHEMBL192928,CC(C)(C)c1ccc(C(=O)Nc2[nH]nc3c2CN(C(=O)Cc2ccsc2)C3)cc1,AURKA,resistant,scout1,5.0,0.0,0.0,0.682,2.81,100.0,0.001651,0.008253,database_search,66.0,79.6,100.0,82.5,80,79.9,80.1,93
CHEMBL538346,CHEMBL538346,Cl.Oc1cccc(-c2nc(N3CCOCC3)c3oc4ncccc4c3n2)c1,PIK3CB,escape_route,scout1,3.0,0.0,0.0,0.567,2.67,100.0,0.003523,0.005284,database_search,58.7,99.7,100.0,63.4,80,81.4,80.1,94
CHEMBL314454,CHEMBL314454,O=C(O)c1c(Cc2cc3c(cc2Cl)OCO3)c(-c2ccccn2)nn1CC1CCCCC1,CHEK2,resistant,scout1,3.4,0.0,0.0,0.552,2.78,91.0,0.001734,0.008671,database_search,69.4,79.7,91.0,86.7,80,80.2,80.0,95
CHEMBL313044,CHEMBL313044,O=C(O)c1c(Cc2cc3c(cc2Cl)OCO3)c(-c2ccsc2)nn1CC1CCCCC1,CHEK2,resistant,scout1,3.2,0.0,0.0,0.5,2.86,90.0,0.001747,0.008737,database_search,69.9,79.7,90.0,87.4,80,79.3,80.0,96
CHEMBL445813,CHEMBL445813,O=C(NC1CCNCC1)c1n[nH]cc1NC(=O)c1c(Cl)cccc1Cl,ATR,resistant,scout1,16.0,0.0,0.0,0.653,2.73,100.0,0.001398,0.00699,database_search,55.9,98.4,100.0,69.9,80,80.8,79.9,97
CHEMBL445813,CHEMBL445813,O=C(NC1CCNCC1)c1n[nH]cc1NC(=O)c1c(Cl)cccc1Cl,ATR,resistant,scout1,16.0,0.0,0.0,0.653,2.73,100.0,0.001398,0.00699,database_search,55.9,98.4,100.0,69.9,80,80.8,79.9,98
CHEMBL551440,CHEMBL551440,CNC(=O)Nc1ccc(-c2nc(N3CCOCC3)c3cnn(C4CCN(Cc5cccnc5)CC4)c3n2)cc1,MTOR,escape_route,scout1,0.38,0.0,0.0,0.393,2.72,87.9,0.00442,0.00663,database_search,73.7,80.0,87.9,79.6,80,80.9,79.7,99
CHEMBL551440,CHEMBL551440,CNC(=O)Nc1ccc(-c2nc(N3CCOCC3)c3cnn(C4CCN(Cc5cccnc5)CC4)c3n2)cc1,MTOR,escape_route,scout1,0.38,0.0,0.0,0.393,2.72,87.9,0.00442,0.00663,database_search,73.7,80.0,87.9,79.6,80,80.9,79.7,100
CHEMBL381724,CHEMBL381724,COc1cc2c(Nc3cnc(NC(=O)c4ccccc4)nc3)ncnc2cc1OCCCN1CCOCC1,AURKA,resistant,scout1,3.0,0.0,0.0,0.303,2.55,86.1,0.001761,0.008807,database_search,70.5,79.8,86.1,88.1,80,82.8,79.6,101
CHEMBL562999,CHEMBL562999,COC(=O)N1CCC(n2ncc3c(N4CCOCC4)nc(-c4ccc(NC(=O)NC5CC5)cc4)nc32)CC1,MTOR,escape_route,scout1,0.45,0.0,0.0,0.526,2.72,90.5,0.004347,0.00652,database_search,72.4,80.0,90.5,78.2,80,80.9,79.6,102
CHEMBL5219922,CHEMBL5219922,Cn1cc(Cc2ccccc2OCCN2CCNC(=O)C2)c(-c2cc(Cl)nc(N)n2)n1,EZH2,resistant,scout1,16.9,0.0,0.0,0.534,2.91,100.0,0.001386,0.00693,database_search,55.4,98.3,100.0,69.3,80,78.8,79.5,103
CHEMBL538346,CHEMBL538346,Cl.Oc1cccc(-c2nc(N3CCOCC3)c3oc4ncccc4c3n2)c1,PIK3CA,escape_route,scout1,3.6,0.0,0.0,0.567,2.67,100.0,0.003444,0.005166,database_search,57.4,99.6,100.0,62.0,80,81.4,79.5,104
CHEMBL538346,CHEMBL538346,Cl.Oc1cccc(-c2nc(N3CCOCC3)c3oc4ncccc4c3n2)c1,PIK3CA,escape_route,scout1,3.6,0.0,0.0,0.567,2.67,100.0,0.003444,0.005166,database_search,57.4,99.6,100.0,62.0,80,81.4,79.5,105
CHEMBL199299,CHEMBL199299,COc1cc(-c2ccc3c(c2)NC(=O)/C3=C\c2ncc[nH]2)ccc1O,CHEK1,resistant,scout1,18.0,0.0,0.0,0.642,2.6,100.0,0.001372,0.006862,database_search,54.9,98.2,100.0,68.6,80,82.2,79.4,106
CHEMBL315280,CHEMBL315280,O=C(O)COc1ccccc1Cn1nc(-c2ccccc2)c(Cc2cc3c(cc2Cl)OCO3)c1C(=O)O,CHEK2,resistant,scout1,3.3,0.0,0.0,0.325,2.65,86.5,0.001741,0.008704,database_search,69.6,79.7,86.5,87.0,80,81.7,79.3,107
CHEMBL314973,CHEMBL314973,O=C(O)COC1CCCCC1Cn1nc(-c2ccccc2)c(Cc2cc3c(cc2Cl)OCO3)c1C(=O)O,CHEK2,resistant,scout1,3.2,0.0,0.0,0.405,3.61,88.1,0.001747,0.008737,database_search,69.9,79.7,88.1,87.4,80,71.0,79.2,108
CHEMBL348326,CHEMBL348326,COC(=O)c1c(C)[nH]c2c1[C@@]13C[C@@H]1CN(C(=O)/C=C/c1ccc(OC)nn1)C3=CC2=O,MAP2K1,sensitive,scout1,0.5,0.0,0.0,0.592,4.51,100.0,0.010753,0.001613,database_search,82.4,100.0,100.0,16.1,80,61.0,79.2,109
CHEMBL561708,CHEMBL561708,COC(=O)Nc1ccc(-c2nc(N3CCOCC3)c3cnn(C4CCN(C(=O)OC)CC4)c3n2)cc1,MTOR,escape_route,scout1,4.3,0.0,0.0,0.582,2.68,100.0,0.003367,0.00505,database_search,56.1,99.6,100.0,60.6,80,81.3,78.9,110
CHEMBL108341,CHEMBL108341,O=C(CCn1c2c(c(=O)[nH]c1=O)CSCC2)NCC(=O)c1ccc(-c2ccccc2)cc1,PARP1,resistant,scout1,20.0,0.0,0.0,0.54,2.57,100.0,0.001349,0.006747,database_search,54.0,98.0,100.0,67.5,80,82.6,78.9,111
CHEMBL108702,CHEMBL108702,Nc1cccc(-c2ccc(C(=O)CNC(=O)CCn3c4c(c(=O)[nH]c3=O)CSCC4)cc2)c1,PARP1,resistant,scout1,20.0,0.0,0.0,0.362,2.72,100.0,0.001349,0.006747,database_search,54.0,98.0,100.0,67.5,80,80.9,78.9,112
CHEMBL107601,CHEMBL107601,O=C(CCn1c2c(c(=O)[nH]c1=O)CSCC2)NCC(=O)N1CCN(c2ncccn2)CC1,PARP1,resistant,scout1,20.0,0.0,0.0,0.56,2.84,100.0,0.001349,0.006747,database_search,54.0,98.0,100.0,67.5,80,79.6,78.8,113
CHEMBL69063,CHEMBL69063,COC(=O)c1cc2c([nH]1)C(=O)C=C1C2C(C)CN1C(=O)c1cc2cc(OC)c(OC)c(OC)c2[nH]1,MAP2K1,sensitive,scout1,0.0045,0.0,0.0,0.539,4.09,100.0,0.0125,0.001875,database_search,95.8,80.0,100.0,18.8,80,65.7,78.8,114
CHEMBL550972,CHEMBL550972,CNC(=O)Nc1ccc(-c2nc(N3CCOCC3)c3cnn(C4CCN(Cc5ccccc5)CC4)c3n2)cc1,MTOR,escape_route,scout1,0.52,0.0,0.0,0.393,2.61,87.9,0.004284,0.006426,database_search,71.4,80.0,87.9,77.1,80,82.1,78.7,115
CHEMBL35670,CHEMBL35670,COC(=O)c1c(C)[nH]c2c1[C@@]13C[C@@H]1CN(C(=O)c1cc4cc(OC)c(OC)c(OC)c4[nH]1)C3=CC2=O,MAP2K1,sensitive,scout1,0.045,0.0,0.0,0.526,4.4,100.0,0.0125,0.001875,database_search,95.8,80.0,100.0,18.8,80,62.2,78.7,116
CHEMBL5219530,CHEMBL5219530,COC(=O)c1ccccc1Cc1cn(C)nc1-c1cc(Cl)nc(N)n1,EZH2,resistant,scout1,21.0,0.0,0.0,0.569,2.65,100.0,0.001339,0.006694,database_search,53.6,97.9,100.0,66.9,80,81.7,78.7,117
CHEMBL108239,CHEMBL108239,O=C(CCn1c2c(c(=O)[nH]c1=O)CSCC2)NCC(=O)N1CCN(c2cccnn2)CC1,PARP1,resistant,scout1,20.0,0.0,0.0,0.56,2.92,100.0,0.001349,0.006747,database_search,54.0,98.0,100.0,67.5,80,78.7,78.7,118
CHEMBL201197,CHEMBL201197,COc1cc2c(Nc3ncc(CC(=O)Nc4cccc(F)c4F)s3)ncnc2cc1OCCCN1CCC[C@H]1CO,AURKA,resistant,scout1,2.0,0.0,0.0,0.206,3.32,74.1,0.001849,0.009247,database_search,74.0,79.8,74.1,92.5,80,74.2,78.6,119
CHEMBL200783,CHEMBL200783,O/N=C/c1ccc(-c2[nH]c(-c3ccccc3)nc2-c2ccncc2)cc1,BRAF,escape_route,scout1,5.0,0.0,0.0,0.323,2.29,100.0,0.003301,0.004952,database_search,55.0,99.5,100.0,59.4,80,85.7,78.6,120
,,N#Cc1cnc(NC(=O)Nc2cc(F)ccc2OC2CCOC2)cn1,CHEK1,resistant,scout2,,343.3,2.3,0.881,3.1,100.0,0.0013810000000000003,0.0069050000000000005,r_group,55.2,90.0,100.0,69.0,100,76.7,78.3,121
,,Cc1ccc(OC2CCOC2)c(NC(=O)Nc2cnc(C#N)cn2)c1,CHEK1,resistant,scout2,,339.4,2.47,0.885,3.1,100.0,0.0013850000000000002,0.006925000000000001,r_group,55.4,90.0,100.0,69.2,100,76.7,78.3,122
CHEMBL86505,CHEMBL86505,COc1ccc(Cn2nc(-c3ccccc3)c(Cc3cc4c(cc3Cl)OCO4)c2C(=O)O)c(OCC(=O)O)c1,CHEK2,resistant,scout1,4.0,0.0,0.0,0.287,2.73,85.7,0.001699,0.008495,database_search,68.0,79.7,85.7,85.0,80,80.8,78.2,123
,,Cc1ccc(OC2CCOCC2)c(NC(=O)Nc2cnc(C#N)cn2)c1,CHEK1,resistant,scout2,,353.4,2.86,0.875,3.2,100.0,0.0013750000000000001,0.006875,r_group,55.0,90.0,100.0,68.8,100,75.6,78.1,124
CHEMBL200258,CHEMBL200258,Nc1nccc(-c2[nH]c(-c3ccccc3)nc2-c2ccc(Cl)c(O)c2)n1,BRAF,escape_route,scout1,5.7,0.0,0.0,0.507,2.4,100.0,0.003244,0.004866,database_search,54.1,99.4,100.0,58.4,80,84.4,78.1,125
CHEMBL432211,CHEMBL432211,O=C(CCn1c2c(c(=O)[nH]c1=O)CCCC2)NCC(=O)c1ccc2ccccc2c1,PARP1,resistant,scout1,25.0,0.0,0.0,0.612,2.42,100.0,0.001301,0.006505,database_search,52.0,97.5,100.0,65.1,80,84.2,78.0,126
CHEMBL108623,CHEMBL108623,O=C(CCn1c2c(c(=O)[nH]c1=O)CSCC2)NCC(=O)N1CCN(c2cc(C(F)(F)F)ccn2)CC1,PARP1,resistant,scout1,20.0,0.0,0.0,0.566,2.97,96.3,0.001349,0.006747,database_search,54.0,98.0,96.3,67.5,80,78.1,78.0,127
,,N#Cc1cnc(NC(=O)Nc2cc(F)ccc2OC2CCOCC2)cn1,CHEK1,resistant,scout2,,357.3,2.69,0.871,3.2,100.0,0.001371,0.006855,r_group,54.8,90.0,100.0,68.5,100,75.6,78.0,128
CHEMBL3142900,CHEMBL3142900,O=C[C@H](CC(=O)O)NC(=O)C1CCCN2C(=O)CC[C@H](NC(=O)c3ccccc3F)C(=O)N12,CD274,immune,scout1,1.0,0.0,0.0,0.467,3.65,89.3,0.005,0.005,database_search,66.7,99.9,89.3,50.0,80,70.6,77.9,129
CHEMBL381250,CHEMBL381250,Oc1cc(-c2[nH]c(-c3cccnc3)nc2-c2ccncc2)ccc1Cl,BRAF,escape_route,scout1,6.0,0.0,0.0,0.569,2.39,100.0,0.003222,0.004833,database_search,53.7,99.4,100.0,58.0,80,84.6,77.9,130
CHEMBL433356,CHEMBL433356,COc1ccc(C(=O)CNC(=O)CCn2c3c(c(=O)[nH]c2=O)CSCC3)cc1,PARP1,resistant,scout1,25.0,0.0,0.0,0.66,2.62,100.0,0.001301,0.006505,database_search,52.0,97.5,100.0,65.1,80,82.0,77.8,131
CHEMBL5220632,CHEMBL5220632,Nc1nc(Cl)cc(-c2nn(C(F)F)cc2Cc2ccccc2OCC(=O)N2CCOCC2)n1,EZH2,resistant,scout1,24.2,0.0,0.0,0.52,2.98,100.0,0.001308,0.00654,database_search,52.3,97.6,100.0,65.4,80,78.0,77.8,132
,,N#Cc1ccc(OC2CCOC2)c(NC(=O)Nc2cnc(C#N)cn2)c1,CHEK1,resistant,scout2,,350.3,2.03,0.861,3.2,100.0,0.0013610000000000002,0.006805,r_group,54.4,90.0,100.0,68.0,100,75.6,77.8,133
,,CCc1ccc(OC2CCOC2)c(NC(=O)Nc2cnc(C#N)cn2)c1,CHEK1,resistant,scout2,,353.4,2.72,0.855,3.2,100.0,0.001355,0.006775,r_group,54.2,90.0,100.0,67.8,100,75.6,77.7,134
CHEMBL87801,CHEMBL87801,O=C(O)COc1ccccc1Cn1nc(-c2cccs2)c(Cc2cc3c(cc2Cl)OCO3)c1C(=O)O,CHEK2,resistant,scout1,4.6,0.0,0.0,0.319,2.82,86.4,0.001669,0.008343,database_search,66.7,79.6,86.4,83.4,80,79.8,77.7,135
CHEMBL108137,CHEMBL108137,O=C(CCn1c2c(c(=O)[nH]c1=O)CSCC2)NCC(=O)c1ccc(-c2cncnc2)cc1,PARP1,resistant,scout1,25.0,0.0,0.0,0.516,2.84,100.0,0.001301,0.006505,database_search,52.0,97.5,100.0,65.1,80,79.6,77.7,136
CHEMBL200889,CHEMBL200889,CC(C)(CN)c1nc(-c2ccc(Cl)c(O)c2)c(-c2ccncc2)[nH]1,BRAF,escape_route,scout1,6.0,0.0,0.0,0.674,2.72,100.0,0.003222,0.004833,database_search,53.7,99.4,100.0,58.0,80,80.9,77.7,137
CHEMBL108840,CHEMBL108840,O=C(CCn1c2c(c(=O)[nH]c1=O)CSCC2)NCC(=O)c1ccc(-c2cccnn2)cc1,PARP1,resistant,scout1,25.0,0.0,0.0,0.516,2.85,100.0,0.001301,0.006505,database_search,52.0,97.5,100.0,65.1,80,79.4,77.7,138
,,COc1ccc(OC2CCOC2)c(NC(=O)Nc2cnc(C#N)cn2)c1,CHEK1,resistant,scout2,,355.4,2.17,0.843,3.2,100.0,0.001343,0.006715,r_group,53.7,90.0,100.0,67.2,100,75.6,77.5,139
,,CC1(COc2ccoc2)COC1.Cl.N#Cc1cnc(NC(N)=O)cn1,CHEK1,resistant,scout2,,367.8,1.96,0.842,3.1,100.0,0.0013420000000000003,0.006710000000000001,bioisostere,53.7,90.0,100.0,67.1,100,76.7,77.5,140
,,N#Cc1ccc(OC2CCOCC2)c(NC(=O)Nc2cnc(C#N)cn2)c1,CHEK1,resistant,scout2,,364.4,2.42,0.851,3.4,100.0,0.001351,0.006755,r_group,54.0,90.0,100.0,67.5,100,73.3,77.5,141
,,N#Cc1cnc(NC(=O)Nc2cc(C3CC3)ccc2OC2CCOC2)cn1,CHEK1,resistant,scout2,,365.4,3.04,0.843,3.4,100.0,0.001343,0.006715,r_group,53.7,90.0,100.0,67.2,100,73.3,77.4,142
,,CC1(COc2ccsc2)COC1.Cl.N#Cc1cnc(NC(N)=O)cn1,CHEK1,resistant,scout2,,383.9,2.42,0.835,3.1,100.0,0.0013350000000000002,0.006675,bioisostere,53.4,90.0,100.0,66.8,100,76.7,77.4,143
,,CC(C)c1ccc(OC2CCOC2)c(NC(=O)Nc2cnc(C#N)cn2)c1,CHEK1,resistant,scout2,,367.4,3.28,0.839,3.4,100.0,0.001339,0.0066949999999999996,r_group,53.6,90.0,100.0,67.0,100,73.3,77.3,144
CHEMBL314357,CHEMBL314357,O=C(O)c1c(Cc2cc3c(cc2Cl)OCO3)c(-c2cccnc2)nn1CC1CCCCC1,CHEK2,resistant,scout1,6.3,0.0,0.0,0.552,2.76,91.0,0.0016,0.008002,database_search,64.0,79.5,91.0,80.0,80,80.4,77.3,145
,,CCc1ccc(OC2CCOCC2)c(NC(=O)Nc2cnc(C#N)cn2)c1,CHEK1,resistant,scout2,,367.4,3.11,0.84,3.4,100.0,0.00134,0.006699999999999999,r_group,53.6,90.0,100.0,67.0,100,73.3,77.3,146
CHEMBL4878379,CHEMBL4878379,COC(=O)c1c(Cc2ccccc2)c(-c2cc(Cl)nc(N)n2)nn1C,EZH2,resistant,scout1,28.0,0.0,0.0,0.569,2.6,100.0,0.001276,0.006382,database_search,51.1,97.2,100.0,63.8,80,82.2,77.3,147
,,COc1ccc(OC2CCOCC2)c(NC(=O)Nc2cnc(C#N)cn2)c1,CHEK1,resistant,scout2,,369.4,2.56,0.831,3.4,100.0,0.0013310000000000002,0.006655,r_group,53.2,90.0,100.0,66.5,100,73.3,77.1,148
CHEMBL201655,CHEMBL201655,CCCCc1cnc(Nc2ncnc3cc(OCCCN4CCOCC4)c(OC)cc23)s1,AURKA,resistant,scout1,6.0,0.0,0.0,0.427,2.59,88.5,0.001611,0.008055,database_search,64.4,79.5,88.5,80.5,80,82.3,77.1,149
CHEMBL206812,CHEMBL206812,CN(C)CCOc1cc(N2CCCC2)c(NC(=O)Nc2cnc(C#N)cn2)cc1Cl,CHEK1,resistant,scout1,10.0,0.0,0.0,0.696,2.65,100.0,0.0015,0.0075,database_search,60.0,79.2,100.0,75.0,80,81.7,77.1,150
,,CC1(COc2ccncc2)COC1.Cl.N#Cc1cnc(NC(N)=O)cn1,CHEK1,resistant,scout2,,378.8,1.76,0.826,3.2,100.0,0.0013260000000000001,0.0066300000000000005,bioisostere,53.0,90.0,100.0,66.3,100,75.6,77.1,151
,,N#Cc1cnc(NC(=O)Nc2cc(C(F)(F)F)ccc2OC2CCOC2)cn1,CHEK1,resistant,scout2,,393.3,3.18,0.826,3.5,100.0,0.0013260000000000001,0.0066300000000000005,r_group,53.0,90.0,100.0,66.3,100,72.2,77.0,152
CHEMBL131737,CHEMBL131737,COc1ccc(-c2nc3c(C(N)=O)cccc3n2C)cc1,PARP1,resistant,scout1,32.0,0.0,0.0,0.801,1.99,100.0,0.001247,0.006237,database_search,49.9,96.8,100.0,62.4,80,89.0,77.0,153
CHEMBL107935,CHEMBL107935,O=C(CCn1c2c(c(=O)[nH]c1=O)CSCC2)NCC(=O)c1ccc(Oc2ccccc2)cc1,PARP1,resistant,scout1,30.0,0.0,0.0,0.495,2.61,100.0,0.001261,0.006307,database_search,50.5,97.0,100.0,63.1,80,82.1,77.0,154
CHEMBL304624,CHEMBL304624,Oc1cccc(-c2nc(-c3ccccc3)[nH]c2-c2ccncc2)c1,BRAF,escape_route,scout1,8.0,0.0,0.0,0.585,2.11,100.0,0.003097,0.004645,database_search,51.6,99.2,100.0,55.7,80,87.7,77.0,155
CHEMBL110115,CHEMBL110115,O=C(CCn1c2c(c(=O)[nH]c1=O)CSCC2)NCC(=O)c1ccc(OC(F)F)cc1,PARP1,resistant,scout1,30.0,0.0,0.0,0.601,2.79,100.0,0.001261,0.006307,database_search,50.5,97.0,100.0,63.1,80,80.1,76.9,156
CHEMBL200320,CHEMBL200320,NCc1ccc(-c2nc(-c3ccc(Cl)c(O)c3)c(-c3ccncc3)[nH]2)cc1,BRAF,escape_route,scout1,8.0,0.0,0.0,0.484,2.38,100.0,0.003097,0.004645,database_search,51.6,99.2,100.0,55.7,80,84.7,76.9,157
CHEMBL108968,CHEMBL108968,O=C(CCn1c2c(c(=O)[nH]c1=O)CSCC2)NCC(=O)c1ccc(OC(=O)c2ccccc2)cc1,PARP1,resistant,scout1,30.0,0.0,0.0,0.279,2.65,100.0,0.001261,0.006307,database_search,50.5,97.0,100.0,63.1,80,81.7,76.9,158
CHEMBL326660,CHEMBL326660,O=C(CCn1c2c(c(=O)[nH]c1=O)CSCC2)NCC(=O)N1CCN(c2ccccc2)CC1,PARP1,resistant,scout1,30.0,0.0,0.0,0.641,2.64,100.0,0.001261,0.006307,database_search,50.5,97.0,100.0,63.1,80,81.8,76.9,159
,,N#Cc1cnc(NC(=O)Nc2cc(C3CC3)ccc2OC2CCOCC2)cn1,CHEK1,resistant,scout2,,379.4,3.43,0.824,3.5,100.0,0.0013239999999999999,0.006619999999999999,r_group,53.0,90.0,100.0,66.2,100,72.2,76.9,160
,,CC(C)c1ccc(OC2CCOCC2)c(NC(=O)Nc2cnc(C#N)cn2)c1,CHEK1,resistant,scout2,,381.4,3.67,0.818,3.5,100.0,0.0013180000000000002,0.00659,r_group,52.7,90.0,100.0,65.9,100,72.2,76.8,161
CHEMBL112207,CHEMBL112207,CC(C)[C@H](CC(=O)NCCc1cn(C)c2ccccc12)C(=O)NC(CC(=O)O)C(=O)CNS(=O)(=O)CC12CCC(CC1=O)C2(C)C,CD274,immune,scout1,0.4,0.0,0.0,0.212,5.0,74.2,0.005497,0.005497,database_search,73.3,100.0,74.2,55.0,80,55.6,76.8,162
CHEMBL393525,CHEMBL393525,Cc1ccc([N+](=O)[O-])cc1S(=O)(=O)N(C)/N=C/c1cnc2ccc(Br)cn12,PIK3CA,escape_route,scout1,7.8,0.0,0.0,0.336,2.89,100.0,0.003108,0.004662,database_search,51.8,99.2,100.0,55.9,80,79.0,76.7,163
CHEMBL393525,CHEMBL393525,Cc1ccc([N+](=O)[O-])cc1S(=O)(=O)N(C)/N=C/c1cnc2ccc(Br)cn12,PIK3CA,escape_route,scout1,7.8,0.0,0.0,0.336,2.89,100.0,0.003108,0.004662,database_search,51.8,99.2,100.0,55.9,80,79.0,76.7,164
,,CN(C)C(=O)c1cccc2[nH]c(-c3ccc(Cl)cc3)nc12,PARP1,resistant,scout2,,299.8,3.59,0.786,2.6,100.0,0.001286,0.00643,r_group,51.4,90.0,100.0,64.3,100,82.2,76.7,165
CHEMBL202635,CHEMBL202635,COc1cc(CN2CCCCC2)c(Cl)cc1NC(=O)Nc1cnc(C#N)cn1,CHEK1,resistant,scout1,12.0,0.0,0.0,0.794,2.48,100.0,0.00146,0.007302,database_search,58.4,79.0,100.0,73.0,80,83.6,76.4,166
,,N#Cc1cnc(NC(=S)Nc2cc(Cl)ccc2OC2CCOC2)cn1,CHEK1,resistant,scout2,,375.8,2.98,0.788,3.1,100.0,0.001288,0.00644,bioisostere,51.5,90.0,100.0,64.4,100,76.7,76.4,167
CHEMBL2140173,CHEMBL2140173,C[C@@H]1CN(CC(=O)Nc2ccc3c(c2)Cc2cccc(-c4cc(=O)cc(N5CCOCC5)o4)c2S3)C[C@H](C)O1,ATM,resistant,scout1,6.0,0.0,0.0,0.397,3.84,87.9,0.001611,0.008055,database_search,64.4,79.5,87.9,80.5,80,68.4,76.3,168
,,Cl.NC(=O)c1cccc2[nH]c(-c3ccsc3)nc12,PARP1,resistant,scout2,,279.8,2.81,0.757,2.2,100.0,0.0012570000000000003,0.006285000000000001,bioisostere,50.3,90.0,100.0,62.9,100,86.7,76.3,169
CHEMBL155513,CHEMBL155513,CCCCCC[Se](=O)(=O)CC(=O)C(F)(F)F,FOLH1,other,scout1,3.388,0.0,0.0,0.536,3.67,100.0,0.004338,0.004338,database_search,57.8,99.7,100.0,43.4,80,70.3,76.3,170
,,CN(C)c1ccsc1.NC(=O)c1cccc2[nH]cnc12,PARP1,resistant,scout2,,288.4,2.48,0.76,2.5,100.0,0.00126,0.0063,bioisostere,50.4,90.0,100.0,63.0,100,83.3,76.2,171
,,N#Cc1cnc(NC(=O)Nc2cc(O)ccc2OC2CCOC2)cn1,CHEK1,resistant,scout2,,341.3,1.87,0.774,3.1,100.0,0.0012740000000000002,0.006370000000000001,r_group,51.0,90.0,100.0,63.7,100,76.7,76.2,172
,,CNC(=O)c1cccc2[nH]c(-c3ccc(Cl)cc3)nc12,PARP1,resistant,scout2,,285.7,3.24,0.759,2.5,100.0,0.001259,0.006294999999999999,r_group,50.4,90.0,100.0,62.9,100,83.3,76.2,173
,,O=C(O)c1cccc2[nH]c(-c3ccc(Cl)cc3)nc12,PARP1,resistant,scout2,,272.7,3.58,0.749,2.4,100.0,0.0012490000000000001,0.0062450000000000006,r_group,50.0,90.0,100.0,62.5,100,84.4,76.1,174
,,Cl.NC(=O)c1cccc2[nH]c(-c3ccncc3)nc12,PARP1,resistant,scout2,,274.7,2.15,0.751,2.4,100.0,0.001251,0.006254999999999999,bioisostere,50.0,90.0,100.0,62.5,100,84.4,76.1,175
,,Cl.NC(=O)c1cccc2[nH]c(-c3ccoc3)nc12,PARP1,resistant,scout2,,263.7,2.34,0.744,2.2,100.0,0.001244,0.00622,bioisostere,49.8,90.0,100.0,62.2,100,86.7,76.1,176
CHEMBL430707,CHEMBL430707,O=C(CCn1c2c(c(=O)[nH]c1=O)CSCC2)NCC(=O)N1CCN(c2ccccn2)CC1,PARP1,resistant,scout1,35.0,0.0,0.0,0.603,2.77,100.0,0.001228,0.00614,database_search,49.1,96.5,100.0,61.4,80,80.3,76.1,177
,,CCOC.CNc1ccc(Cl)cc1NC(=O)Nc1cnc(C#N)cn1,CHEK1,resistant,scout2,,362.8,3.34,0.769,3.1,100.0,0.0012690000000000002,0.006345000000000001,bioisostere,50.8,90.0,100.0,63.5,100,76.7,76.1,178
CHEMBL1879463,CHEMBL1879463,Cn1c(=O)n(-c2ccc(C(C)(C)C#N)cc2)c2c3cc(-c4cnc5ccccc5c4)ccc3ncc21,ATM,resistant,scout1,7.0,0.0,0.0,0.324,2.71,86.5,0.001577,0.007887,database_search,63.1,79.4,86.5,78.9,80,81.0,76.0,179
,,CN(C)c1ccoc1.NC(=O)c1cccc2[nH]cnc12,PARP1,resistant,scout2,,272.3,2.01,0.747,2.5,100.0,0.0012469999999999998,0.006234999999999999,bioisostere,49.9,90.0,100.0,62.3,100,83.3,76.0,180
,,N#Cc1cnc(NC(=O)Nc2cc(O)ccc2OC2CCOCC2)cn1,CHEK1,resistant,scout2,,355.4,2.26,0.767,3.2,100.0,0.001267,0.0063349999999999995,r_group,50.7,90.0,100.0,63.3,100,75.6,76.0,181
,,N#Cc1cnc(NC(=S)Nc2cc(Cl)ccc2OC2CCOCC2)cn1,CHEK1,resistant,scout2,,389.9,3.37,0.769,3.2,100.0,0.0012690000000000002,0.006345000000000001,bioisostere,50.8,90.0,100.0,63.5,100,75.6,76.0,182
,,COc1ccsc1.NC(=O)c1cccc2[nH]cnc12.O,PARP1,resistant,scout2,,293.3,1.59,0.748,2.5,100.0,0.001248,0.00624,bioisostere,49.9,90.0,100.0,62.4,100,83.3,76.0,183
CHEMBL200412,CHEMBL200412,O/N=C/c1ccc(-c2[nH]c(-c3ccccc3)nc2-c2ccncc2)cc1Cl,BRAF,escape_route,scout1,6.0,0.0,0.0,0.29,2.44,90.8,0.003222,0.004833,database_search,53.7,99.4,90.8,58.0,80,84.0,76.0,184
,,CN(C)c1ccncc1.NC(=O)c1cccc2[nH]cnc12,PARP1,resistant,scout2,,283.3,1.81,0.75,2.6,100.0,0.0012500000000000002,0.00625,bioisostere,50.0,90.0,100.0,62.5,100,82.2,76.0,185
,,NS(=O)(=O)C(=O)c1cccc2[nH]c(-c3ccc(Cl)cc3)nc12,PARP1,resistant,scout2,,335.8,2.31,0.749,2.8,100.0,0.0012490000000000001,0.0062450000000000006,r_group,50.0,90.0,100.0,62.5,100,80.0,75.9,186
CHEMBL3765783,CHEMBL3765783,C[C@@H]1CN(CC(=O)Nc2ccc3c(c2)Sc2cccc(-c4cc(=O)cc(N5CCOCC5)o4)c2S3)C[C@H](C)O1,ATM,resistant,scout1,6.3,0.0,0.0,0.367,3.89,87.3,0.0016,0.008002,database_search,64.0,79.5,87.3,80.0,80,67.9,75.9,187
CHEMBL424696,CHEMBL424696,c1ccc(Nc2ncc(-c3ccnc(OC4CCCCC4)n3)s2)nc1,CDK4,sensitive,scout1,2.5,0.0,0.0,0.73,2.62,100.0,0.009005,0.001351,database_search,69.0,99.8,100.0,13.5,80,82.0,75.8,188
,,CC1COC1.CNc1ccc(Cl)cc1NC(=O)Nc1cnc(C#N)cn1,CHEK1,resistant,scout2,,374.8,3.34,0.759,3.2,100.0,0.001259,0.006294999999999999,bioisostere,50.4,90.0,100.0,62.9,100,75.6,75.8,189
CHEMBL388978,STAUROSPORINE,CN[C@@H]1C[C@H]2O[C@@](C)([C@@H]1OC)n1c3ccccc3c3c4c(c5c6ccccc6n2c5c31)C(=O)NC4,AKT1,escape_route,scout1,1.5,0.0,0.0,0.406,4.95,98.1,0.003824,0.005736,database_search,63.7,79.9,98.1,68.8,80,56.1,75.8,190
CHEMBL388978,STAUROSPORINE,CN[C@@H]1C[C@H]2O[C@@](C)([C@@H]1OC)n1c3ccccc3c3c4c(c5c6ccccc6n2c5c31)C(=O)NC4,AKT1,escape_route,scout1,1.5,0.0,0.0,0.406,4.95,98.1,0.003824,0.005736,database_search,63.7,79.9,98.1,68.8,80,56.1,75.8,191
CHEMBL388978,STAUROSPORINE,CN[C@@H]1C[C@H]2O[C@@](C)([C@@H]1OC)n1c3ccccc3c3c4c(c5c6ccccc6n2c5c31)C(=O)NC4,AKT1,escape_route,scout1,1.5,0.0,0.0,0.406,4.95,98.1,0.003824,0.005736,database_search,63.7,79.9,98.1,68.8,80,56.1,75.8,192
CHEMBL388978,STAUROSPORINE,CN[C@@H]1C[C@H]2O[C@@](C)([C@@H]1OC)n1c3ccccc3c3c4c(c5c6ccccc6n2c5c31)C(=O)NC4,AKT1,escape_route,scout1,1.5,0.0,0.0,0.406,4.95,98.1,0.003824,0.005736,database_search,63.7,79.9,98.1,68.8,80,56.1,75.8,193
CHEMBL388978,STAUROSPORINE,CN[C@@H]1C[C@H]2O[C@@](C)([C@@H]1OC)n1c3ccccc3c3c4c(c5c6ccccc6n2c5c31)C(=O)NC4,AKT1,escape_route,scout1,1.5,0.0,0.0,0.406,4.95,98.1,0.003824,0.005736,database_search,63.7,79.9,98.1,68.8,80,56.1,75.8,194
CHEMBL388978,STAUROSPORINE,CN[C@@H]1C[C@H]2O[C@@](C)([C@@H]1OC)n1c3ccccc3c3c4c(c5c6ccccc6n2c5c31)C(=O)NC4,AKT1,escape_route,scout1,1.5,0.0,0.0,0.406,4.95,98.1,0.003824,0.005736,database_search,63.7,79.9,98.1,68.8,80,56.1,75.8,195
CHEMBL25802,CHEMBL25802,Oc1cc(C(F)(F)F)c2cc3c(cc2n1)NC[C@H]1CCCC[C@H]31,AR,sensitive,scout1,2.0,0.0,0.0,0.741,3.66,100.0,0.009247,0.001387,database_search,70.9,99.8,100.0,13.9,80,70.4,75.8,196
CHEMBL203624,CHEMBL203624,N[C@H](CNc1cncc(/C=C/c2ccncc2)c1)Cc1c[nH]c2ccccc12,AKT1,escape_route,scout1,9.7,0.0,0.0,0.458,3.01,100.0,0.003013,0.00452,database_search,50.2,99.0,100.0,54.2,80,77.7,75.8,197
CHEMBL388978,STAUROSPORINE,CN[C@@H]1C[C@H]2O[C@@](C)([C@@H]1OC)n1c3ccccc3c3c4c(c5c6ccccc6n2c5c31)C(=O)NC4,AKT1,escape_route,scout1,1.5,0.0,0.0,0.406,4.95,98.1,0.003824,0.005736,database_search,63.7,79.9,98.1,68.8,80,56.1,75.8,198
,,CC1(CSc2ccc(Cl)cc2NC(=O)Nc2cnc(C#N)cn2)COC1,CHEK1,resistant,scout2,,389.9,3.77,0.755,3.2,100.0,0.001255,0.006274999999999999,bioisostere,50.2,90.0,100.0,62.7,100,75.6,75.8,199
CHEMBL388978,STAUROSPORINE,CN[C@@H]1C[C@H]2O[C@@](C)([C@@H]1OC)n1c3ccccc3c3c4c(c5c6ccccc6n2c5c31)C(=O)NC4,CHEK1,resistant,scout1,9.5,0.0,0.0,0.406,4.95,98.1,0.001511,0.007556,database_search,60.4,79.2,98.1,75.6,80,56.1,75.7,200
,,Cl.N#Cc1cnc(NC(=O)Nc2ccoc2)cn1.OC1CCOC1,CHEK1,resistant,scout2,,353.8,1.77,0.749,3.0,100.0,0.0012490000000000001,0.0062450000000000006,bioisostere,50.0,90.0,100.0,62.5,100,77.8,75.7,201
CHEMBL388978,STAUROSPORINE,CN[C@@H]1C[C@H]2O[C@@](C)([C@@H]1OC)n1c3ccccc3c3c4c(c5c6ccccc6n2c5c31)C(=O)NC4,CHEK1,resistant,scout1,9.5,0.0,0.0,0.406,4.95,98.1,0.001511,0.007556,database_search,60.4,79.2,98.1,75.6,80,56.1,75.7,202
CHEMBL388978,STAUROSPORINE,CN[C@@H]1C[C@H]2O[C@@](C)([C@@H]1OC)n1c3ccccc3c3c4c(c5c6ccccc6n2c5c31)C(=O)NC4,CHEK1,resistant,scout1,9.5,0.0,0.0,0.406,4.95,98.1,0.001511,0.007556,database_search,60.4,79.2,98.1,75.6,80,56.1,75.7,203
CHEMBL388978,STAUROSPORINE,CN[C@@H]1C[C@H]2O[C@@](C)([C@@H]1OC)n1c3ccccc3c3c4c(c5c6ccccc6n2c5c31)C(=O)NC4,CHEK1,resistant,scout1,9.5,0.0,0.0,0.406,4.95,98.1,0.001511,0.007556,database_search,60.4,79.2,98.1,75.6,80,56.1,75.7,204
CHEMBL388978,STAUROSPORINE,CN[C@@H]1C[C@H]2O[C@@](C)([C@@H]1OC)n1c3ccccc3c3c4c(c5c6ccccc6n2c5c31)C(=O)NC4,CHEK1,resistant,scout1,9.5,0.0,0.0,0.406,4.95,98.1,0.001511,0.007556,database_search,60.4,79.2,98.1,75.6,80,56.1,75.7,205
CHEMBL388978,STAUROSPORINE,CN[C@@H]1C[C@H]2O[C@@](C)([C@@H]1OC)n1c3ccccc3c3c4c(c5c6ccccc6n2c5c31)C(=O)NC4,CHEK1,resistant,scout1,9.5,0.0,0.0,0.406,4.95,98.1,0.001511,0.007556,database_search,60.4,79.2,98.1,75.6,80,56.1,75.7,206
CHEMBL388978,STAUROSPORINE,CN[C@@H]1C[C@H]2O[C@@](C)([C@@H]1OC)n1c3ccccc3c3c4c(c5c6ccccc6n2c5c31)C(=O)NC4,CHEK1,resistant,scout1,9.5,0.0,0.0,0.406,4.95,98.1,0.001511,0.007556,database_search,60.4,79.2,98.1,75.6,80,56.1,75.7,207
,,COC(=O)c1cccc2[nH]c(-c3ccc(Cl)cc3)nc12,PARP1,resistant,scout2,,286.7,3.67,0.731,2.5,100.0,0.001231,0.006155,r_group,49.2,90.0,100.0,61.5,100,83.3,75.7,208
,,Cl.N#Cc1cnc(NC(=O)Nc2ccsc2)cn1.OC1CCOC1,CHEK1,resistant,scout2,,369.8,2.24,0.746,3.0,100.0,0.0012460000000000001,0.00623,bioisostere,49.8,90.0,100.0,62.3,100,77.8,75.7,209
,,CC1(COc2cc[nH]c2)COC1.Cl.N#Cc1cnc(NC(N)=O)cn1,CHEK1,resistant,scout2,,366.8,1.69,0.752,3.1,100.0,0.001252,0.00626,bioisostere,50.1,90.0,100.0,62.6,100,76.7,75.7,210
CHEMBL111839,CHEMBL111839,CC(=O)N[C@@H](Cc1ccc(O)cc1)C(=O)N[C@H](C(=O)N[C@@H](C)C(=O)NC(C=O)CC(=O)O)C(C)C,CD274,immune,scout1,0.76,0.0,0.0,0.194,3.54,73.9,0.005149,0.005149,database_search,68.7,99.9,73.9,51.5,80,71.8,75.7,211
CHEMBL589258,CHEMBL589258,CCn1nnc2c(N3CCOCC3)nc(-c3ccc(NC(=O)Nc4ccc(C(=O)N5CCN(C)CC5)cc4)cc3)nc21,PIK3CB,escape_route,scout1,7.0,0.0,0.0,0.359,2.67,92.2,0.003155,0.004732,database_search,52.6,99.3,92.2,56.8,80,81.4,75.6,212
CHEMBL1086923,CHEMBL1086923,CS(=O)(=O)N1CCN(Cc2cc3nc(-c4cccc(O)c4)nc(N4CCOCC4)c3s2)CC1,PIK3CB,escape_route,scout1,11.0,0.0,0.0,0.581,2.69,100.0,0.002959,0.004438,database_search,49.3,98.9,100.0,53.3,80,81.2,75.6,213
,,COc1ccoc1.NC(=O)c1cccc2[nH]cnc12.O,PARP1,resistant,scout2,,277.3,1.13,0.727,2.5,100.0,0.001227,0.006135,bioisostere,49.1,90.0,100.0,61.3,100,83.3,75.6,214
,,CN(Cl)c1ccc(-c2nc3c(C(N)=O)cccc3[nH]2)cc1,PARP1,resistant,scout2,,300.7,2.92,0.73,2.6,100.0,0.0012300000000000002,0.00615,r_group,49.2,90.0,100.0,61.5,100,82.2,75.6,215
,,O=C(c1cccc2[nH]c(-c3ccc(Cl)cc3)nc12)C1CC1,PARP1,resistant,scout2,,296.8,4.48,0.725,2.6,100.0,0.0012250000000000002,0.006125,r_group,49.0,90.0,100.0,61.3,100,82.2,75.5,216
,,Cl.N#Cc1cnc(NC(=O)Nc2ccoc2)cn1.OC1CCOCC1,CHEK1,resistant,scout2,,367.8,2.16,0.74,3.1,100.0,0.00124,0.0062,bioisostere,49.6,90.0,100.0,62.0,100,76.7,75.5,217
,,Cl.O=C1NCCc2c(-c3ccncc3)[nH]c3cccc1c23,PARP1,resistant,scout2,,299.8,2.94,0.726,2.6,100.0,0.001226,0.00613,bioisostere,49.0,90.0,100.0,61.3,100,82.2,75.5,218
CHEMBL383970,CHEMBL383970,CN1C(=O)C[C@H](c2ccccc2F)[C@@H]1[C@H](O)c1ccc(-c2ccccc2)s1,KRAS,escape_route,scout1,10.0,0.0,0.0,0.717,3.44,100.0,0.003,0.0045,database_search,50.0,99.0,100.0,54.0,80,72.9,75.5,219
,,COc1ccncc1.NC(=O)c1cccc2[nH]cnc12.O,PARP1,resistant,scout2,,288.3,0.93,0.727,2.6,100.0,0.001227,0.006135,bioisostere,49.1,90.0,100.0,61.3,100,82.2,75.5,220
,,CN(F)c1ccc(-c2nc3c(C(N)=O)cccc3[nH]2)cc1,PARP1,resistant,scout2,,284.3,2.65,0.726,2.6,100.0,0.001226,0.00613,r_group,49.0,90.0,100.0,61.3,100,82.2,75.5,221
CHEMBL153080,CHEMBL153080,CCCCCCNCC(=O)C(F)(F)F,FOLH1,other,scout1,5.495,0.0,0.0,0.654,2.31,100.0,0.004075,0.004075,database_search,54.3,99.5,100.0,40.7,80,85.4,75.5,222
,,Cl.O=C1NCCc2c(-c3ccoc3)[nH]c3cccc1c23,PARP1,resistant,scout2,,288.7,3.14,0.723,2.5,100.0,0.0012230000000000001,0.006115,bioisostere,48.9,90.0,100.0,61.1,100,83.3,75.5,223
,,O=C(F)c1cccc2[nH]c(-c3ccc(Cl)cc3)nc12,PARP1,resistant,scout2,,274.7,3.99,0.718,2.4,100.0,0.0012180000000000001,0.00609,r_group,48.7,90.0,100.0,60.9,100,84.4,75.5,224
,,CCC(=O)c1cccc2[nH]c(-c3ccc(Cl)cc3)nc12,PARP1,resistant,scout2,,284.7,4.48,0.721,2.5,100.0,0.001221,0.006105,r_group,48.8,90.0,100.0,61.1,100,83.3,75.5,225
CHEMBL191816,CHEMBL191816,CC(C)(C)c1ccc(C(=O)Nc2n[nH]c3c2CN(C(=O)c2ccco2)C3)cc1,AURKA,resistant,scout1,41.0,0.0,0.0,0.727,2.48,100.0,0.001194,0.005968,database_search,47.7,95.9,100.0,59.7,80,83.6,75.4,226
CHEMBL200172,CHEMBL200172,CC(C)(C)c1nc(-c2ccc(Cl)c(O)c2)c(-c2ccncc2)[nH]1,BRAF,escape_route,scout1,12.0,0.0,0.0,0.711,2.49,100.0,0.002921,0.004381,database_search,48.7,98.8,100.0,52.6,80,83.4,75.4,227
CHEMBL110178,CHEMBL110178,O=C(CCn1c2c(c(=O)[nH]c1=O)CSCC2)NCC(=O)N1CCN(c2ccncc2)CC1,PARP1,resistant,scout1,40.0,0.0,0.0,0.603,2.8,100.0,0.001199,0.005995,database_search,48.0,96.0,100.0,60.0,80,80.0,75.4,228
,,CC(=O)c1cccc2[nH]c(-c3ccc(Cl)cc3)nc12,PARP1,resistant,scout2,,270.7,4.09,0.713,2.4,100.0,0.0012130000000000003,0.006065000000000001,r_group,48.5,90.0,100.0,60.7,100,84.4,75.4,229
,,Cl.N#Cc1cnc(NC(=O)Nc2ccncc2)cn1.OC1CCOC1,CHEK1,resistant,scout2,,364.8,1.58,0.736,3.1,100.0,0.0012360000000000001,0.00618,bioisostere,49.4,90.0,100.0,61.8,100,76.7,75.4,230
,,Cl.N#Cc1cnc(NC(=O)Nc2ccsc2)cn1.OC1CCOCC1,CHEK1,resistant,scout2,,383.9,2.63,0.733,3.1,100.0,0.0012330000000000002,0.006165,bioisostere,49.3,90.0,100.0,61.7,100,76.7,75.4,231
,,CON(C)c1ccc(-c2nc3c(C(N)=O)cccc3[nH]2)cc1,PARP1,resistant,scout2,,296.3,2.33,0.724,2.8,100.0,0.0012240000000000003,0.0061200000000000004,r_group,49.0,90.0,100.0,61.2,100,80.0,75.4,232
,,NC(=S)c1cccc2[nH]c(-c3ccc(Cl)cc3)nc12,PARP1,resistant,scout2,,287.8,3.52,0.709,2.4,100.0,0.0012090000000000002,0.006045000000000001,bioisostere,48.4,90.0,100.0,60.5,100,84.4,75.3,233
CHEMBL312979,CHEMBL312979,O=C(O)c1c(Cc2cc3c(cc2Cl)OCO3)c(-c2ccco2)nn1CC1CCCCC1,CHEK2,resistant,scout1,9.8,0.0,0.0,0.55,2.84,91.0,0.001504,0.007522,database_search,60.2,79.2,91.0,75.2,80,79.6,75.3,234
,,CN(C)N(C)c1ccc(-c2nc3c(C(N)=O)cccc3[nH]2)cc1,PARP1,resistant,scout2,,309.4,2.24,0.725,2.9,100.0,0.0012250000000000002,0.006125,r_group,49.0,90.0,100.0,61.3,100,78.9,75.3,235
CHEMBL373011,CHEMBL373011,Oc1cc(-c2nc(-c3ccccc3)[nH]c2-c2ccncc2)ccc1Cl,BRAF,escape_route,scout1,10.0,0.0,0.0,0.537,2.22,95.7,0.003,0.0045,database_search,50.0,99.0,95.7,54.0,80,86.4,75.3,236
,,CNCC(C)Oc1ccc(Cl)cc1NC(=O)Nc1cnc(C#N)cn1,CHEK1,resistant,scout2,,360.8,2.63,0.73,3.1,100.0,0.0012300000000000002,0.00615,bioisostere,49.2,90.0,100.0,61.5,100,76.7,75.3,237
,,CCOCC.CNc1ccc(Cl)cc1NC(=O)Nc1cnc(C#N)cn1,CHEK1,resistant,scout2,,376.8,3.73,0.732,3.2,100.0,0.001232,0.00616,bioisostere,49.3,90.0,100.0,61.6,100,75.6,75.3,238
,,CC(C)C(=O)c1cccc2[nH]c(-c3ccc(Cl)cc3)nc12,PARP1,resistant,scout2,,298.8,4.72,0.711,2.6,100.0,0.001211,0.006055,r_group,48.4,90.0,100.0,60.5,100,82.2,75.2,239
,,Cl.N#Cc1cnc(NC(=O)Nc2ccncc2)cn1.OC1CCOCC1,CHEK1,resistant,scout2,,378.8,1.97,0.727,3.2,100.0,0.001227,0.006135,bioisostere,49.1,90.0,100.0,61.3,100,75.6,75.2,240
,,Cl.O=C1NCCc2c(-c3ccsc3)[nH]c3cccc1c23,PARP1,resistant,scout2,,304.8,3.6,0.709,2.5,100.0,0.0012090000000000002,0.006045000000000001,bioisostere,48.4,90.0,100.0,60.5,100,83.3,75.2,241
,,N#Cc1cnc(NC(=O)Nc2cc(N)ccc2OC2CCOC2)cn1,CHEK1,resistant,scout2,,340.3,1.74,0.721,3.1,100.0,0.001221,0.006105,r_group,48.8,90.0,100.0,61.1,100,76.7,75.1,242
CHEMBL371952,CHEMBL371952,Oc1cc(-c2[nH]c(-c3ccco3)nc2-c2ccncc2)ccc1Cl,BRAF,escape_route,scout1,13.0,0.0,0.0,0.565,2.48,100.0,0.002886,0.004329,database_search,48.1,98.7,100.0,51.9,80,83.6,75.1,243
CHEMBL1084926,CHEMBL1084926,CC(C)(O)c1cc2nc(-c3cnc(N)nc3)nc(N3CCOCC3)c2s1,PIK3CB,escape_route,scout1,12.0,0.0,0.0,0.716,2.91,100.0,0.002921,0.004381,database_search,48.7,98.8,100.0,52.6,80,78.8,75.1,244
CHEMBL205951,CHEMBL205951,COc1cc(C=O)ccc1NC(=O)Nc1cnc(C#N)cn1,CHEK1,resistant,scout1,45.0,0.0,0.0,0.831,2.41,100.0,0.001173,0.005867,database_search,46.9,95.5,100.0,58.7,80,84.3,75.0,245
CHEMBL208728,CHEMBL208728,N#Cc1cnc(NC(=O)Nc2cc(Cl)c(OCC3CCCO3)cc2N2CCCC2)cn1,CHEK1,resistant,scout1,15.0,0.0,0.0,0.699,3.14,100.0,0.001412,0.00706,database_search,56.5,78.8,100.0,70.6,80,76.2,75.0,246
,,N#Cc1cnc(NC(=O)Nc2cc(N)ccc2OC2CCOCC2)cn1,CHEK1,resistant,scout2,,354.4,2.13,0.716,3.2,100.0,0.001216,0.00608,r_group,48.6,90.0,100.0,60.8,100,75.6,75.0,247
,,NC(=O)c1cccc2[nH]c(-c3ccc(OCl)c(O)c3)nc12,PARP1,resistant,scout2,,303.7,2.57,0.692,2.6,100.0,0.0011920000000000001,0.00596,r_group,47.7,90.0,100.0,59.6,100,82.2,74.9,248
,,COc1ccoc1.O.O=C1Nc2ccccc2/C1=C/c1ccc[nH]1,CHEK1,resistant,scout2,,326.4,2.97,0.708,3.0,100.0,0.001208,0.00604,bioisostere,48.3,90.0,100.0,60.4,100,77.8,74.9,249
CHEMBL373013,CHEMBL373013,COc1cc2c(Nc3ncc(CC(=O)Nc4cccc(F)c4)s3)ncnc2cc1OCCCNCCO,AURKA,resistant,scout1,5.0,0.0,0.0,0.193,2.69,73.9,0.001651,0.008253,database_search,66.0,79.6,73.9,82.5,80,81.2,74.9,250
,,O=C(c1cccc2[nH]c(-c3ccc(Cl)cc3)nc12)C(F)(F)F,PARP1,resistant,scout2,,324.7,4.63,0.699,2.8,100.0,0.001199,0.0059949999999999995,r_group,48.0,90.0,100.0,59.9,100,80.0,74.9,251
CHEMBL440542,CHEMBL440542,CCCCCCSCC(=O)C(F)(F)F,FOLH1,other,scout1,6.918,0.0,0.0,0.621,2.43,100.0,0.00395,0.00395,database_search,52.7,99.3,100.0,39.5,80,84.1,74.8,252
CHEMBL314206,CHEMBL314206,COc1ccc(Cn2nc(-c3cccs3)c(Cc3cc4c(cc3Cl)OCO4)c2C(=O)O)c(OCC(=O)O)c1,CHEK2,resistant,scout1,8.6,0.0,0.0,0.283,2.89,85.7,0.001533,0.007664,database_search,61.3,79.3,85.7,76.6,80,79.0,74.8,253
CHEMBL428496,WORTMANNIN,COC[C@H]1OC(=O)c2coc3c2[C@@]1(C)C1=C(C3=O)[C@@H]2CCC(=O)[C@@]2(C)C[C@H]1OC(C)=O,PIK3CB,escape_route,scout1,10.0,0.0,0.0,0.676,4.66,100.0,0.003,0.0045,database_search,50.0,99.0,100.0,54.0,80,59.3,74.8,254
CHEMBL428496,WORTMANNIN,COC[C@H]1OC(=O)c2coc3c2[C@@]1(C)C1=C(C3=O)[C@@H]2CCC(=O)[C@@]2(C)C[C@H]1OC(C)=O,PIK3CB,escape_route,scout1,10.0,0.0,0.0,0.676,4.66,100.0,0.003,0.0045,database_search,50.0,99.0,100.0,54.0,80,59.3,74.8,255
CHEMBL370353,CHEMBL370353,Oc1cc(-c2[nH]c(-c3ccccc3)nc2-c2ccncn2)ccc1Cl,BRAF,escape_route,scout1,14.0,0.0,0.0,0.569,2.41,100.0,0.002854,0.004281,database_search,47.6,98.6,100.0,51.4,80,84.3,74.8,256
,,NC(=O)c1cccc2[nH]c(-c3ccc(OF)c(O)c3)nc12,PARP1,resistant,scout2,,287.2,2.3,0.688,2.6,100.0,0.001188,0.00594,r_group,47.5,90.0,100.0,59.4,100,82.2,74.8,257
,,COc1ccncc1.O.O=C1Nc2ccccc2/C1=C/c1ccc[nH]1,CHEK1,resistant,scout2,,337.4,2.77,0.703,3.1,100.0,0.001203,0.0060149999999999995,bioisostere,48.1,90.0,100.0,60.1,100,76.7,74.8,258
CHEMBL428496,WORTMANNIN,COC[C@H]1OC(=O)c2coc3c2[C@@]1(C)C1=C(C3=O)[C@@H]2CCC(=O)[C@@]2(C)C[C@H]1OC(C)=O,PIK3CB,escape_route,scout1,10.0,0.0,0.0,0.676,4.66,100.0,0.003,0.0045,database_search,50.0,99.0,100.0,54.0,80,59.3,74.8,259
,,COc1ccsc1.O.O=C1Nc2ccccc2/C1=C/c1ccc[nH]1,CHEK1,resistant,scout2,,342.4,3.44,0.699,3.0,100.0,0.001199,0.0059949999999999995,bioisostere,48.0,90.0,100.0,59.9,100,77.8,74.8,260
,,CCOc1ccc(-c2nc3c(C(N)=O)cccc3[nH]2)cc1O,PARP1,resistant,scout2,,297.3,2.43,0.688,2.8,100.0,0.001188,0.00594,r_group,47.5,90.0,100.0,59.4,100,80.0,74.7,261
,,O=C1OCCc2c(-c3ccccc3Cl)[nH]c3cccc1c23,PARP1,resistant,scout2,,297.7,4.2,0.684,2.6,100.0,0.0011840000000000002,0.005920000000000001,bioisostere,47.4,90.0,100.0,59.2,100,82.2,74.7,262
CHEMBL159124,CHEMBL159124,COC(=O)c1c(C)[nH]c2c1[C@@]13C[C@@H]1CN(C(=O)/C=C/c1cnc(OC)nc1)C3=CC2=O,MAP2K1,sensitive,scout1,2.5,0.0,0.0,0.592,4.48,100.0,0.009005,0.001351,database_search,69.0,99.8,100.0,13.5,80,61.3,74.7,263
CHEMBL1086924,CHEMBL1086924,CS(=O)(=O)N1CCN(Cc2cc3nc(-c4cccnc4)nc(N4CCOCC4)c3s2)CC1,PIK3CB,escape_route,scout1,14.0,0.0,0.0,0.552,2.68,100.0,0.002854,0.004281,database_search,47.6,98.6,100.0,51.4,80,81.3,74.7,264
CHEMBL431493,CHEMBL431493,Oc1cc(C(F)(F)F)c2cc3c(cc2n1)NC[C@@H]1CCCC[C@H]31,AR,sensitive,scout1,3.0,0.0,0.0,0.741,3.66,100.0,0.008807,0.001321,database_search,67.5,99.7,100.0,13.2,80,70.4,74.7,265
CHEMBL4246320,CHEMBL4246320,Cc1ccc2c(c1)CCCN2S(=O)(=O)c1ccc(N2CCCC2=O)cc1,MDM2,sensitive,scout1,4.0,0.0,0.0,0.833,2.17,100.0,0.008495,0.001274,database_search,65.1,99.6,100.0,12.7,80,87.0,74.7,266
CHEMBL419020,CHEMBL419020,O=C(CCn1c2c(c(=O)[nH]c1=O)CSCC2)NCC(=O)N1CCN(c2ncccc2C(F)(F)F)CC1,PARP1,resistant,scout1,40.0,0.0,0.0,0.566,2.96,96.3,0.001199,0.005995,database_search,48.0,96.0,96.3,60.0,80,78.2,74.6,267
,,NC(=O)c1cccc2[nH]c(-c3ccc(OC4CC4)c(O)c3)nc12,PARP1,resistant,scout2,,309.3,2.58,0.689,2.9,100.0,0.0011890000000000002,0.005945000000000001,r_group,47.6,90.0,100.0,59.5,100,78.9,74.6,268
,,CC(C)Oc1ccc(-c2nc3c(C(N)=O)cccc3[nH]2)cc1O,PARP1,resistant,scout2,,311.3,2.82,0.689,2.9,100.0,0.0011890000000000002,0.005945000000000001,r_group,47.6,90.0,100.0,59.5,100,78.9,74.6,269
,,CN(C(N)=O)c1ccc(-c2nc3c(C(N)=O)cccc3[nH]2)cc1,PARP1,resistant,scout2,,309.3,1.84,0.685,2.9,100.0,0.0011850000000000003,0.005925000000000001,r_group,47.4,90.0,100.0,59.2,100,78.9,74.6,270
,,CN(C(=O)O)c1ccc(-c2nc3c(C(N)=O)cccc3[nH]2)cc1,PARP1,resistant,scout2,,310.3,2.44,0.689,2.9,100.0,0.0011890000000000002,0.005945000000000001,r_group,47.6,90.0,100.0,59.5,100,78.9,74.6,271
CHEMBL4238053,CHEMBL4238053,COc1ccc2c(c1)N(C)CCN2S(=O)(=O)c1ccc(N2CCCC2=O)cc1,MDM2,sensitive,scout1,4.0,0.0,0.0,0.787,2.38,100.0,0.008495,0.001274,database_search,65.1,99.6,100.0,12.7,80,84.7,74.6,272
CHEMBL298445,CHEMBL298445,Cc1nc(N)sc1-c1ccnc(Nc2cccc([N+](=O)[O-])c2)n1,CDK4,sensitive,scout1,4.0,0.0,0.0,0.557,2.42,100.0,0.008495,0.001274,database_search,65.1,99.6,100.0,12.7,80,84.2,74.6,273
CHEMBL383541,CHEMBL383541,N[C@H](COc1cncc(/C=C/c2ccncc2)c1)Cc1c[nH]c2ccccc12,AKT1,escape_route,scout1,14.0,0.0,0.0,0.514,2.95,100.0,0.002854,0.004281,database_search,47.6,98.6,100.0,51.4,80,78.3,74.5,274
,,Cl.NC(=O)c1cccc2[nH]c(-c3cc[nH]c3)nc12,PARP1,resistant,scout2,,262.7,2.08,0.66,2.2,100.0,0.0011600000000000002,0.0058000000000000005,bioisostere,46.4,90.0,100.0,58.0,100,86.7,74.5,275
,,NC(=O)c1cccc2[nH]c(-c3ccc(OC(F)(F)F)c(O)c3)nc12,PARP1,resistant,scout2,,337.3,2.93,0.684,3.0,100.0,0.0011840000000000002,0.005920000000000001,r_group,47.4,90.0,100.0,59.2,100,77.8,74.5,276
,,CNCCC(C)Oc1ccc(Cl)cc1NC(=O)Nc1cnc(C#N)cn1,CHEK1,resistant,scout2,,374.8,3.02,0.686,3.2,100.0,0.001186,0.0059299999999999995,bioisostere,47.4,90.0,100.0,59.3,100,75.6,74.4,277
,,CNCC(C)COc1ccc(Cl)cc1NC(=O)Nc1cnc(C#N)cn1,CHEK1,resistant,scout2,,374.8,2.88,0.687,3.2,100.0,0.0011870000000000001,0.005935,bioisostere,47.5,90.0,100.0,59.4,100,75.6,74.4,278
CHEMBL717,CHEMBL717,CC(=O)O[C@]1(C(C)=O)CC[C@H]2[C@@H]3C[C@H](C)C4=CC(=O)CC[C@]4(C)[C@H]3CC[C@@]21C,AR,sensitive,scout1,2.9,0.0,0.0,0.648,4.4,100.0,0.008844,0.001327,database_search,67.8,99.7,100.0,13.3,80,62.2,74.4,279
CHEMBL541643,CHEMBL541643,Cl.Oc1cccc(-c2nc(N3CCOCC3)c3sccc3n2)c1,PIK3CB,escape_route,scout1,16.0,0.0,0.0,0.769,2.44,100.0,0.002796,0.004194,database_search,46.6,98.4,100.0,50.3,80,84.0,74.3,280
CHEMBL541643,CHEMBL541643,Cl.Oc1cccc(-c2nc(N3CCOCC3)c3sccc3n2)c1,PIK3CB,escape_route,scout1,16.0,0.0,0.0,0.769,2.44,100.0,0.002796,0.004194,database_search,46.6,98.4,100.0,50.3,80,84.0,74.3,281
CHEMBL388978,STAUROSPORINE,CN[C@@H]1C[C@H]2O[C@@](C)([C@@H]1OC)n1c3ccccc3c3c4c(c5c6ccccc6n2c5c31)C(=O)NC4,PARP2,resistant,scout1,13.0,0.0,0.0,0.406,4.95,98.1,0.001443,0.007215,database_search,57.7,79.0,98.1,72.2,80,56.1,74.3,282
,,CN(C)c1cc[nH]c1.NC(=O)c1cccc2[nH]cnc12,PARP1,resistant,scout2,,271.3,1.74,0.663,2.5,100.0,0.001163,0.005815,bioisostere,46.5,90.0,100.0,58.1,100,83.3,74.3,283
CHEMBL388978,STAUROSPORINE,CN[C@@H]1C[C@H]2O[C@@](C)([C@@H]1OC)n1c3ccccc3c3c4c(c5c6ccccc6n2c5c31)C(=O)NC4,PARP2,resistant,scout1,13.0,0.0,0.0,0.406,4.95,98.1,0.001443,0.007215,database_search,57.7,79.0,98.1,72.2,80,56.1,74.3,284
CHEMBL388978,STAUROSPORINE,CN[C@@H]1C[C@H]2O[C@@](C)([C@@H]1OC)n1c3ccccc3c3c4c(c5c6ccccc6n2c5c31)C(=O)NC4,PARP2,resistant,scout1,13.0,0.0,0.0,0.406,4.95,98.1,0.001443,0.007215,database_search,57.7,79.0,98.1,72.2,80,56.1,74.3,285
CHEMBL388978,STAUROSPORINE,CN[C@@H]1C[C@H]2O[C@@](C)([C@@H]1OC)n1c3ccccc3c3c4c(c5c6ccccc6n2c5c31)C(=O)NC4,PARP2,resistant,scout1,13.0,0.0,0.0,0.406,4.95,98.1,0.001443,0.007215,database_search,57.7,79.0,98.1,72.2,80,56.1,74.3,286
CHEMBL388978,STAUROSPORINE,CN[C@@H]1C[C@H]2O[C@@](C)([C@@H]1OC)n1c3ccccc3c3c4c(c5c6ccccc6n2c5c31)C(=O)NC4,PARP2,resistant,scout1,13.0,0.0,0.0,0.406,4.95,98.1,0.001443,0.007215,database_search,57.7,79.0,98.1,72.2,80,56.1,74.3,287
CHEMBL388978,STAUROSPORINE,CN[C@@H]1C[C@H]2O[C@@](C)([C@@H]1OC)n1c3ccccc3c3c4c(c5c6ccccc6n2c5c31)C(=O)NC4,PARP2,resistant,scout1,13.0,0.0,0.0,0.406,4.95,98.1,0.001443,0.007215,database_search,57.7,79.0,98.1,72.2,80,56.1,74.3,288
CHEMBL388978,STAUROSPORINE,CN[C@@H]1C[C@H]2O[C@@](C)([C@@H]1OC)n1c3ccccc3c3c4c(c5c6ccccc6n2c5c31)C(=O)NC4,PARP2,resistant,scout1,13.0,0.0,0.0,0.406,4.95,98.1,0.001443,0.007215,database_search,57.7,79.0,98.1,72.2,80,56.1,74.3,289
CHEMBL315622,CHEMBL315622,O=C(O)c1c(Cc2cc3c(cc2Cl)OCO3)c(-c2ccccc2)nn1Cc1cccc(Cl)c1,CHEK2,resistant,scout1,11.0,0.0,0.0,0.37,2.51,87.4,0.001479,0.007397,database_search,59.2,79.1,87.4,74.0,80,83.2,74.3,290
,,O=C1OCCc2c(-c3ccc[nH]3)[nH]c3cccc1c23,PARP1,resistant,scout2,,252.3,2.88,0.654,2.4,100.0,0.001154,0.00577,bioisostere,46.2,90.0,100.0,57.7,100,84.4,74.2,291
,,S=C1NCCc2c(-c3ccccc3Cl)[nH]c3cccc1c23,PARP1,resistant,scout2,,312.8,4.31,0.655,2.6,100.0,0.0011550000000000002,0.005775000000000001,bioisostere,46.2,90.0,100.0,57.8,100,82.2,74.1,292
,,COc1ccc(-c2nc3c(C(N)=O)cccc3[nH]2)cc1S,PARP1,resistant,scout2,,299.4,2.63,0.65,2.6,100.0,0.00115,0.00575,bioisostere,46.0,90.0,100.0,57.5,100,82.2,74.0,293
,,CSc1ccc(-c2nc3c(C(N)=O)cccc3[nH]2)cc1O,PARP1,resistant,scout2,,299.4,2.76,0.648,2.6,100.0,0.0011480000000000004,0.005740000000000001,bioisostere,45.9,90.0,100.0,57.4,100,82.2,74.0,294
,,COc1ccc(-c2nc3c(C(N)=S)cccc3[nH]2)cc1O,PARP1,resistant,scout2,,299.4,2.58,0.647,2.6,100.0,0.0011470000000000002,0.0057350000000000005,bioisostere,45.9,90.0,100.0,57.4,100,82.2,74.0,295
CHEMBL158368,CHEMBL158368,COC(=O)c1c(C)[nH]c2c1[C@@]13C[C@@H]1CN(C(=O)/C=C/c1ccc(OC)nc1)C3=CC2=O,MAP2K1,sensitive,scout1,3.3,0.0,0.0,0.603,4.33,100.0,0.008704,0.001306,database_search,66.7,99.7,100.0,13.1,80,63.0,74.0,296
CHEMBL390728,CHEMBL390728,CCC1CCNc2cc3[nH]c(=O)cc(C(F)(F)F)c3cc21,AR,sensitive,scout1,4.0,0.0,0.0,0.839,3.34,100.0,0.008495,0.001274,database_search,65.1,99.6,100.0,12.7,80,74.0,74.0,297
CHEMBL200637,CHEMBL200637,C/C(=N\O)c1ccc(-c2[nH]c(-c3ccccc3)nc2-c2ccncc2)cc1,BRAF,escape_route,scout1,11.0,0.0,0.0,0.307,2.27,91.1,0.002959,0.004438,database_search,49.3,98.9,91.1,53.3,80,85.9,74.0,298
,,N#Cc1cnc(NC(=O)Nc2cc(C(=O)O)ccc2OC2CCOC2)cn1,CHEK1,resistant,scout2,,369.3,1.86,0.723,3.4,94.5,0.0012230000000000001,0.006115,r_group,48.9,90.0,94.5,61.1,100,73.3,73.9,299
,,COc1cc[nH]c1.NC(=O)c1cccc2[nH]cnc12.O,PARP1,resistant,scout2,,276.3,0.86,0.642,2.5,100.0,0.001142,0.00571,bioisostere,45.7,90.0,100.0,57.1,100,83.3,73.9,300
CHEMBL1085160,CHEMBL1085160,CS(=O)(=O)N1CCN(Cc2cc3nc(-c4cccc(CO)c4)nc(N4CCOCC4)c3s2)CC1,PIK3CB,escape_route,scout1,14.0,0.0,0.0,0.543,2.7,95.9,0.002854,0.004281,database_search,47.6,98.6,95.9,51.4,80,81.1,73.9,301
,,CN(O)c1ccc(-c2nc3c(C(N)=O)cccc3[nH]2)cc1,PARP1,resistant,scout2,,282.3,2.15,0.641,2.6,100.0,0.001141,0.005705,r_group,45.6,90.0,100.0,57.0,100,82.2,73.9,302
,,Cl.O=C1NCCc2c(-c3cc[nH]c3)[nH]c3cccc1c23,PARP1,resistant,scout2,,287.8,2.87,0.633,2.5,100.0,0.0011330000000000001,0.005665,bioisostere,45.3,90.0,100.0,56.6,100,83.3,73.8,303
,,CNN(C)c1ccc(-c2nc3c(C(N)=O)cccc3[nH]2)cc1,PARP1,resistant,scout2,,295.3,1.9,0.642,2.8,100.0,0.001142,0.00571,r_group,45.7,90.0,100.0,57.1,100,80.0,73.8,304
,,N#Cc1cnc(NC(=O)Nc2cc(C(N)=O)ccc2OC2CCOC2)cn1,CHEK1,resistant,scout2,,368.4,1.26,0.718,3.4,94.4,0.0012180000000000001,0.00609,r_group,48.7,90.0,94.4,60.9,100,73.3,73.8,305
,,CNCCCOc1ccc(Cl)cc1NC(=O)Nc1cnc(C#N)cn1,CHEK1,resistant,scout2,,360.8,2.63,0.654,3.1,100.0,0.001154,0.00577,bioisostere,46.2,90.0,100.0,57.7,100,76.7,73.8,306
,,CN(c1ccc(-c2nc3c(C(N)=O)cccc3[nH]2)cc1)S(N)(=O)=O,PARP1,resistant,scout2,,345.4,0.97,0.649,3.0,100.0,0.001149,0.005745,r_group,46.0,90.0,100.0,57.5,100,77.8,73.8,307
CHEMBL206139,CHEMBL206139,COc1cc([N+](=O)[O-])c(Cl)cc1NC(=O)Nc1cnc(C#N)cn1,CHEK1,resistant,scout1,42.0,0.0,0.0,0.638,2.52,92.8,0.001188,0.005942,database_search,47.5,95.8,92.8,59.4,80,83.1,73.8,308
,,Cl.N#Cc1cnc(NC(=O)Nc2cc[nH]c2)cn1.OC1CCOC1,CHEK1,resistant,scout2,,352.8,1.51,0.646,3.0,100.0,0.001146,0.00573,bioisostere,45.8,90.0,100.0,57.3,100,77.8,73.7,309
,,N#COc1ccc(-c2nc3c(C(N)=O)cccc3[nH]2)cc1O,PARP1,resistant,scout2,,294.3,1.89,0.636,2.8,100.0,0.0011360000000000003,0.005680000000000001,r_group,45.4,90.0,100.0,56.8,100,80.0,73.7,310
,,N#Cc1cnc(NC(=O)Nc2cc(C(=O)O)ccc2OC2CCOCC2)cn1,CHEK1,resistant,scout2,,383.4,2.25,0.712,3.5,94.2,0.0012120000000000002,0.00606,r_group,48.5,90.0,94.2,60.6,100,72.2,73.6,311
,,Cl.N#Cc1cnc(NC(=O)Nc2cc[nH]c2)cn1.OC1CCOCC1,CHEK1,resistant,scout2,,366.8,1.9,0.64,3.1,100.0,0.0011400000000000002,0.005700000000000001,bioisostere,45.6,90.0,100.0,57.0,100,76.7,73.6,312
,,CN(C)Oc1ccc(-c2nc3c(C(N)=O)cccc3[nH]2)cc1O,PARP1,resistant,scout2,,312.3,1.89,0.638,2.9,100.0,0.001138,0.00569,r_group,45.5,90.0,100.0,56.9,100,78.9,73.6,313
,,COc1ccsc1.CS(=O)(=O)N1CCC(Nc2ncc(C=O)c(N)n2)CC1.F.F,ATR,resistant,scout2,,453.5,1.77,0.656,3.6,100.0,0.0011560000000000001,0.00578,bioisostere,46.2,90.0,100.0,57.8,100,71.1,73.6,314
,,COc1cc(-c2ccoc2)ccc1O.NC(=O)/C=C\c1ccc[nH]1,CHEK1,resistant,scout2,,326.4,3.17,0.641,3.0,100.0,0.001141,0.005705,bioisostere,45.6,90.0,100.0,57.0,100,77.8,73.6,315
CHEMBL206460,CHEMBL206460,COc1cc(NC(=O)Cc2ccc(S(C)(=O)=O)cc2)c(Cl)cc1NC(=O)Nc1cnc(C#N)cn1,CHEK1,resistant,scout1,7.0,0.0,0.0,0.432,2.55,73.6,0.001577,0.007887,database_search,63.1,79.4,73.6,78.9,80,82.8,73.5,316
,,COc1cc(-c2ccsc2)ccc1O.NC(=O)/C=C\c1ccc[nH]1,CHEK1,resistant,scout2,,342.4,3.64,0.632,3.0,100.0,0.0011320000000000002,0.005660000000000001,bioisostere,45.3,90.0,100.0,56.6,100,77.8,73.5,317
,,N#Cc1cnc(NC(=O)Nc2cc(C(N)=O)ccc2OC2CCOCC2)cn1,CHEK1,resistant,scout2,,382.4,1.65,0.71,3.5,94.2,0.0012100000000000001,0.00605,r_group,48.4,90.0,94.2,60.5,100,72.2,73.5,318
,,COc1cc(-c2ccncc2)ccc1O.NC(=O)/C=C\c1ccc[nH]1,CHEK1,resistant,scout2,,337.4,2.98,0.637,3.1,100.0,0.001137,0.005685,bioisostere,45.5,90.0,100.0,56.9,100,76.7,73.5,319
CHEMBL540695,CHEMBL540695,O=C(Nc1ccncc1)Nc1ccc(-c2nc(N3CCOCC3)c3cnn(C4CCN(C(=O)c5cccnc5)CC4)c3n2)cc1,MTOR,escape_route,scout1,0.83,0.0,0.0,0.291,2.86,70.8,0.004081,0.006121,database_search,68.0,79.9,70.8,73.5,80,79.3,73.5,320
CHEMBL388978,STAUROSPORINE,CN[C@@H]1C[C@H]2O[C@@](C)([C@@H]1OC)n1c3ccccc3c3c4c(c5c6ccccc6n2c5c31)C(=O)NC4,AURKA,resistant,scout1,16.0,0.0,0.0,0.406,4.95,98.1,0.001398,0.00699,database_search,55.9,78.7,98.1,69.9,80,56.1,73.4,321
,,COc1cc[nH]c1.O.O=C1Nc2ccccc2/C1=C/c1ccc[nH]1,CHEK1,resistant,scout2,,325.4,2.71,0.631,3.0,100.0,0.001131,0.005655,bioisostere,45.2,90.0,100.0,56.5,100,77.8,73.4,322
CHEMBL388978,STAUROSPORINE,CN[C@@H]1C[C@H]2O[C@@](C)([C@@H]1OC)n1c3ccccc3c3c4c(c5c6ccccc6n2c5c31)C(=O)NC4,AURKA,resistant,scout1,16.0,0.0,0.0,0.406,4.95,98.1,0.001398,0.00699,database_search,55.9,78.7,98.1,69.9,80,56.1,73.4,323
CHEMBL388978,STAUROSPORINE,CN[C@@H]1C[C@H]2O[C@@](C)([C@@H]1OC)n1c3ccccc3c3c4c(c5c6ccccc6n2c5c31)C(=O)NC4,AURKA,resistant,scout1,16.0,0.0,0.0,0.406,4.95,98.1,0.001398,0.00699,database_search,55.9,78.7,98.1,69.9,80,56.1,73.4,324
CHEMBL388978,STAUROSPORINE,CN[C@@H]1C[C@H]2O[C@@](C)([C@@H]1OC)n1c3ccccc3c3c4c(c5c6ccccc6n2c5c31)C(=O)NC4,AURKA,resistant,scout1,16.0,0.0,0.0,0.406,4.95,98.1,0.001398,0.00699,database_search,55.9,78.7,98.1,69.9,80,56.1,73.4,325
CHEMBL1083152,CHEMBL1083152,CNc1nc(C)c(-c2ccnc(Nc3cc(OC)c(OC)c(OC)c3)n2)s1,CDK4,sensitive,scout1,6.0,0.0,0.0,0.634,2.48,100.0,0.008055,0.001208,database_search,61.8,99.4,100.0,12.1,80,83.6,73.4,326
CHEMBL388978,STAUROSPORINE,CN[C@@H]1C[C@H]2O[C@@](C)([C@@H]1OC)n1c3ccccc3c3c4c(c5c6ccccc6n2c5c31)C(=O)NC4,AURKA,resistant,scout1,16.0,0.0,0.0,0.406,4.95,98.1,0.001398,0.00699,database_search,55.9,78.7,98.1,69.9,80,56.1,73.4,327
CHEMBL388978,STAUROSPORINE,CN[C@@H]1C[C@H]2O[C@@](C)([C@@H]1OC)n1c3ccccc3c3c4c(c5c6ccccc6n2c5c31)C(=O)NC4,AURKA,resistant,scout1,16.0,0.0,0.0,0.406,4.95,98.1,0.001398,0.00699,database_search,55.9,78.7,98.1,69.9,80,56.1,73.4,328
CHEMBL388978,STAUROSPORINE,CN[C@@H]1C[C@H]2O[C@@](C)([C@@H]1OC)n1c3ccccc3c3c4c(c5c6ccccc6n2c5c31)C(=O)NC4,AURKA,resistant,scout1,16.0,0.0,0.0,0.406,4.95,98.1,0.001398,0.00699,database_search,55.9,78.7,98.1,69.9,80,56.1,73.4,329
,,COc1ccc(C)c(F)c1C(=O)c1cnc(NC2CCN(S(C)(=O)=O)CC2)nc1N,ATR,resistant,scout2,,437.5,1.58,0.652,3.8,100.0,0.001152,0.00576,bioisostere,46.1,90.0,100.0,57.6,100,68.9,73.4,330
CHEMBL146858,CHEMBL146858,CC1(C)NC(=O)N(c2ccc(C#N)c(C(F)(F)F)c2)C1=O,AR,sensitive,scout1,6.0,0.0,0.0,0.809,2.57,100.0,0.008055,0.001208,database_search,61.8,99.4,100.0,12.1,80,82.6,73.3,331
CHEMBL445813,CHEMBL445813,O=C(NC1CCNCC1)c1n[nH]cc1NC(=O)c1c(Cl)cccc1Cl,CDK4,sensitive,scout1,5.8,0.0,0.0,0.653,2.73,100.0,0.008091,0.001214,database_search,62.0,99.4,100.0,12.1,80,80.8,73.3,332
CHEMBL445813,CHEMBL445813,O=C(NC1CCNCC1)c1n[nH]cc1NC(=O)c1c(Cl)cccc1Cl,CDK4,sensitive,scout1,5.8,0.0,0.0,0.653,2.73,100.0,0.008091,0.001214,database_search,62.0,99.4,100.0,12.1,80,80.8,73.3,333
CHEMBL111606,CHEMBL111606,O=C(CCn1c2c(c(=O)[nH]c1=O)CSCC2)NCC(=O)c1ccc(Cl)cc1,PARP1,resistant,scout1,60.0,0.0,0.0,0.704,2.64,100.0,0.001111,0.005555,database_search,44.4,94.0,100.0,55.5,80,81.8,73.3,334
CHEMBL427196,CHEMBL427196,OCc1ccc(-c2[nH]c(-c3ccccc3)nc2-c2ccncc2)cc1O,BRAF,escape_route,scout1,22.0,0.0,0.0,0.523,2.32,100.0,0.002658,0.003986,database_search,44.3,97.8,100.0,47.8,80,85.3,73.2,335
CHEMBL320579,CHEMBL320579,O=C(Cn1c2c(c(=O)[nH]c1=O)CSCC2)NCCC(=O)N1CCN(c2ncccn2)CC1,PARP1,resistant,scout1,60.0,0.0,0.0,0.56,2.84,100.0,0.001111,0.005555,database_search,44.4,94.0,100.0,55.5,80,79.6,73.1,336
,,S=C1NCCc2c(-c3ccc[nH]3)[nH]c3cccc1c23,PARP1,resistant,scout2,,267.4,2.98,0.593,2.4,100.0,0.001093,0.005465,bioisostere,43.7,90.0,100.0,54.6,100,84.4,73.0,337
,,COc1ccc(F)c(Cl)c1C(=O)c1cnc(NC2CCN(S(C)(=O)=O)CC2)nc1N,ATR,resistant,scout2,,457.9,1.93,0.63,3.8,100.0,0.00113,0.00565,bioisostere,45.2,90.0,100.0,56.5,100,68.9,73.0,338
,,COc1ccc(Cl)c(F)c1C(=O)c1cnc(NC2CCN(S(C)(=O)=O)CC2)nc1N,ATR,resistant,scout2,,457.9,1.93,0.63,3.8,100.0,0.00113,0.00565,bioisostere,45.2,90.0,100.0,56.5,100,68.9,73.0,339
CHEMBL564099,CHEMBL564099,CNC(=O)Nc1ccc(-c2nc(N3CCOCC3)c3cnn(C4CCN(C)CC4)c3n2)cc1,MTOR,escape_route,scout1,22.0,0.0,0.0,0.629,2.62,100.0,0.002658,0.003986,database_search,44.3,97.8,100.0,47.8,80,82.0,73.0,340
CHEMBL427787,CHEMBL427787,C[C@@H](C(=O)N1Cc2[nH]nc(NC(=O)c3ccc(N4CCN(C)CC4)cc3)c2C1)c1ccccc1,AURKA,resistant,scout1,24.0,0.0,0.0,0.614,2.96,100.0,0.00131,0.006549,database_search,52.4,78.1,100.0,65.5,80,78.2,73.0,341
CHEMBL5221008,CHEMBL5221008,Cn1cc(Cc2ccccc2Cl)c(-c2cc(Cl)nc(N)n2)n1,EZH2,resistant,scout1,64.0,0.0,0.0,0.746,2.63,100.0,0.001097,0.005485,database_search,43.9,93.6,100.0,54.9,80,81.9,72.9,342
CHEMBL206663,CHEMBL206663,CN(C)CCOCCOc1cc(N2CCCC2)c(NC(=O)Nc2cnc(C#N)cn2)cc1Cl,CHEK1,resistant,scout1,25.0,0.0,0.0,0.505,2.76,100.0,0.001301,0.006505,database_search,52.0,78.0,100.0,65.1,80,80.4,72.9,343
CHEMBL3698644,CHEMBL3698644,c1cc2c3cnc(Nc4cnc(N5CCNCC5)nc4)nc3n(C3CCCC3)c2cn1,CDK6,sensitive,scout1,1.1,0.0,0.0,0.525,2.85,100.0,0.009897,0.001484,database_search,75.9,79.9,100.0,14.8,80,79.4,72.9,344
CHEMBL114791,CHEMBL114791,O=C[C@H](CC(=O)O)NC(=O)[C@@H]1Cc2cccc3c2N1C(=O)[C@@H](NC(=O)c1cccc2ccccc12)CC3,CD274,immune,scout1,10.0,0.0,0.0,0.426,3.62,100.0,0.00375,0.00375,database_search,50.0,99.0,100.0,37.5,80,70.9,72.9,345
CHEMBL315936,CHEMBL315936,O=C(O)c1c(Cc2cc3c(cc2Cl)OCO3)c(-c2ccccc2)nn1CC1CCCC(C(=O)O)C1,CHEK2,resistant,scout1,14.8,0.0,0.0,0.467,3.47,89.3,0.001415,0.007074,database_search,56.6,78.8,89.3,70.7,80,72.6,72.8,346
CHEMBL359106,CHEMBL359106,NC1=N/C(=C2\CCNC(=O)c3[nH]c(Br)cc32)C(=O)N1,MAPK1,sensitive,scout1,6.0,0.0,0.0,0.506,3.74,100.0,0.008055,0.001208,database_search,61.8,99.4,100.0,12.1,80,69.6,72.7,347
CHEMBL3237704,CHEMBL3237704,CC1(C)CCC(n2c3cnccc3c3cnc(Nc4ccc(N5CCNCC5)cn4)nc32)CC1,CDK6,sensitive,scout1,1.1,0.0,0.0,0.462,3.0,99.2,0.009897,0.001484,database_search,75.9,79.9,99.2,14.8,80,77.8,72.7,348
CHEMBL363857,CHEMBL363857,CN1CCN(c2ccc(C(=O)Nc3[nH]nc4c3CN(C(=O)Cc3ccsc3)C4)cc2)CC1,AURKA,resistant,scout1,65.0,0.0,0.0,0.624,2.82,100.0,0.001094,0.005468,database_search,43.7,93.5,100.0,54.7,80,79.8,72.7,349
CHEMBL200164,CHEMBL200164,O/N=C1/CCCc2cc(-c3[nH]c(-c4ccccc4)nc3-c3ccncc3)ccc21,BRAF,escape_route,scout1,17.0,0.0,0.0,0.373,2.53,92.5,0.00277,0.004154,database_search,46.2,98.3,92.5,49.8,80,83.0,72.6,350
,,N#CC(=O)c1cccc2[nH]c(-c3ccc(Cl)cc3)nc12,PARP1,resistant,scout2,,281.7,3.59,0.576,2.5,100.0,0.0010760000000000001,0.00538,r_group,43.0,90.0,100.0,53.8,100,83.3,72.6,351
CHEMBL5220075,CHEMBL5220075,COc1ccccc1Cc1cn(C)nc1-c1cc(Cl)nc(N)n1,EZH2,resistant,scout1,67.0,0.0,0.0,0.744,2.59,100.0,0.001087,0.005435,database_search,43.5,93.3,100.0,54.4,80,82.3,72.6,352
,,O=C(O)C(=O)c1cccc2[nH]c(-c3ccc(Cl)cc3)nc12,PARP1,resistant,scout2,,300.7,3.15,0.575,2.6,100.0,0.001075,0.005375,r_group,43.0,90.0,100.0,53.8,100,82.2,72.6,353
,,NC(=O)C(=O)c1cccc2[nH]c(-c3ccc(Cl)cc3)nc12,PARP1,resistant,scout2,,299.7,2.55,0.575,2.6,100.0,0.001075,0.005375,r_group,43.0,90.0,100.0,53.8,100,82.2,72.6,354
CHEMBL27769,CHEMBL27769,C[C@]12CCC(=O)C[C@@H]1CC[C@@H]1[C@@H]2CC[C@]2(C)[C@@H](O)CC[C@@H]12,AR,sensitive,scout1,6.0,0.0,0.0,0.733,3.99,100.0,0.008055,0.001208,database_search,61.8,99.4,100.0,12.1,80,66.8,72.5,355
CHEMBL107616,CHEMBL107616,O=C(CCn1c2c(c(=O)[nH]c1=O)CSCC2)NCC(=O)c1cccc(-c2ccccc2)c1,PARP1,resistant,scout1,70.0,0.0,0.0,0.54,2.61,100.0,0.001077,0.005387,database_search,43.1,93.0,100.0,53.9,80,82.1,72.4,356
,,CN(C#N)c1ccc(-c2nc3c(C(N)=O)cccc3[nH]2)cc1,PARP1,resistant,scout2,,291.3,2.25,0.571,2.8,100.0,0.001071,0.0053549999999999995,r_group,42.8,90.0,100.0,53.5,100,80.0,72.4,357
,,CCS(=O)(=O)N1CCC(Nc2ncc(C(=O)c3c(OC)ccc(F)c3F)c(N)n2)CC1,ATR,resistant,scout2,,455.5,1.8,0.605,3.9,100.0,0.001105,0.005525,r_group,44.2,90.0,100.0,55.2,100,67.8,72.4,358
,,CCOc1ccc(F)c(F)c1C(=O)c1cnc(NC2CCN(S(C)(=O)=O)CC2)nc1N,ATR,resistant,scout2,,455.5,1.8,0.605,3.9,100.0,0.001105,0.005525,r_group,44.2,90.0,100.0,55.2,100,67.8,72.4,359
,,COc1ccoc1.CS(=O)(=O)N1CCC(Nc2ncc(C=O)c(N)n2)CC1.F.F,ATR,resistant,scout2,,437.5,1.3,0.662,3.6,93.2,0.001162,0.00581,bioisostere,46.5,90.0,93.2,58.1,100,71.1,72.4,360
CHEMBL541906,CHEMBL541906,Cl.Oc1ccc(-c2nc(N3CCOCC3)c3oc4ncccc4c3n2)cc1,PIK3CA,escape_route,scout1,26.0,0.0,0.0,0.567,2.62,100.0,0.002585,0.003878,database_search,43.1,97.4,100.0,46.5,80,82.0,72.4,361
,,N#Cc1cnc(NC(=O)Nc2cc(S(N)(=O)=O)ccc2OC2CCOC2)cn1,CHEK1,resistant,scout2,,404.4,0.81,0.657,3.5,93.1,0.001157,0.005785,r_group,46.3,90.0,93.1,57.9,100,72.2,72.3,362
CHEMBL200942,CHEMBL200942,O/N=C/c1ccc(-c2[nH]c(-c3ccccc3)nc2-c2ccncc2)cc1O,BRAF,escape_route,scout1,27.0,0.0,0.0,0.288,2.51,100.0,0.002569,0.003853,database_search,42.8,97.3,100.0,46.2,80,83.2,72.3,363
CHEMBL4243509,CHEMBL4243509,COc1ccc2c(c1)CCCN2S(=O)(=O)c1ccc(N2CCCC2=O)cc1,MDM2,sensitive,scout1,9.0,0.0,0.0,0.81,2.17,100.0,0.007614,0.001142,database_search,58.4,99.1,100.0,11.4,80,87.0,72.3,364
CHEMBL1085178,CHEMBL1085178,Cc1nc(N)ncc1-c1nc(N2CCOCC2)c2sc(C(C)(C)O)cc2n1,PIK3CB,escape_route,scout1,25.0,0.0,0.0,0.704,2.98,100.0,0.002602,0.003903,database_search,43.4,97.5,100.0,46.8,80,78.0,72.3,365
CHEMBL205543,CHEMBL205543,CN1CCN(c2cc(OC3CCOC3)c(NC(=O)Nc3cnc(C#N)cn3)cc2Cl)CC1,CHEK1,resistant,scout1,66.0,0.0,0.0,0.703,3.27,100.0,0.00109,0.005451,database_search,43.6,93.4,100.0,54.5,80,74.8,72.3,366
CHEMBL322957,CHEMBL322957,O=C(CCn1c2c(c(=O)[nH]c1=O)CSCC2)NCC(=O)c1cccc(Br)c1,PARP1,resistant,scout1,70.0,0.0,0.0,0.647,2.74,100.0,0.001077,0.005387,database_search,43.1,93.0,100.0,53.9,80,80.7,72.3,367
CHEMBL204318,CHEMBL204318,CCCCC(=O)Nc1ncc(Nc2ncnc3cc(OCCCN4CCOCC4)c(OC)cc23)cn1,AURKA,resistant,scout1,17.0,0.0,0.0,0.361,2.63,87.2,0.001385,0.006924,database_search,55.4,78.6,87.2,69.2,80,81.9,72.2,368
CHEMBL208537,CHEMBL208537,COc1cc(CN2CCN(C)CC2)ccc1NC(=O)Nc1cnc(C#N)cn1,CHEK1,resistant,scout1,73.0,0.0,0.0,0.812,2.39,100.0,0.001068,0.005342,database_search,42.7,92.7,100.0,53.4,80,84.6,72.2,369
CHEMBL108316,CHEMBL108316,O=C(CCn1c2c(c(=O)[nH]c1=O)CSCC2)NCC(=O)N1CCN(c2ncncn2)CC1,PARP1,resistant,scout1,50.0,0.0,0.0,0.518,3.0,90.4,0.001151,0.005753,database_search,46.0,95.0,90.4,57.5,80,77.8,72.2,370
CHEMBL1084715,CHEMBL1084715,CCNc1nc(C)c(-c2ccnc(Nc3ccc(CNC(C)=O)cc3)n2)s1,CDK4,sensitive,scout1,9.0,0.0,0.0,0.577,2.39,100.0,0.007614,0.001142,database_search,58.4,99.1,100.0,11.4,80,84.6,72.2,371
CHEMBL381187,CHEMBL381187,N[C@@H](COc1cncc(-c2ccc3cnccc3c2)c1)Cc1c[nH]c2ccccc12,AKT1,escape_route,scout1,26.0,0.0,0.0,0.437,2.88,100.0,0.002585,0.003878,database_search,43.1,97.4,100.0,46.5,80,79.1,72.2,372
,,CS(=O)(=O)N1CCC(Nc2ncc(C(=O)c3c(OC4CC4)ccc(F)c3F)c(N)n2)CC1,ATR,resistant,scout2,,467.5,1.95,0.592,4.0,100.0,0.001092,0.0054600000000000004,r_group,43.7,90.0,100.0,54.6,100,66.7,72.1,373
CHEMBL1274,CHEMBL1274,CC1(C)NC(=O)N(c2ccc([N+](=O)[O-])c(C(F)(F)F)c2)C1=O,AR,sensitive,scout1,9.0,0.0,0.0,0.515,2.57,100.0,0.007614,0.001142,database_search,58.4,99.1,100.0,11.4,80,82.6,72.1,374
CHEMBL2113261,CHEMBL2113261,CC[C@H]1c2cc3c(C(F)(F)F)cc(O)nc3cc2NC[C@H]1C,AR,sensitive,scout1,7.0,0.0,0.0,0.814,3.94,100.0,0.007887,0.001183,database_search,60.5,99.3,100.0,11.8,80,67.3,72.1,375
,,N#Cc1cnc(NC(=O)Nc2cc(S(N)(=O)=O)ccc2OC2CCOCC2)cn1,CHEK1,resistant,scout2,,418.4,1.2,0.65,3.6,93.0,0.00115,0.00575,r_group,46.0,90.0,93.0,57.5,100,71.1,72.1,376
,,COc1ccc(F)c(F)c1C(=O)c1cnc(NC2CCN(S(=O)(=O)C3CC3)CC2)nc1N,ATR,resistant,scout2,,467.5,1.95,0.592,4.0,100.0,0.001092,0.0054600000000000004,r_group,43.7,90.0,100.0,54.6,100,66.7,72.1,377
,,COc1ccc(F)c(F)c1C(=O)c1cnc(NC2CCN(S(=O)(=O)OC)CC2)nc1N,ATR,resistant,scout2,,457.5,1.34,0.59,3.9,100.0,0.0010899999999999998,0.005449999999999999,r_group,43.6,90.0,100.0,54.5,100,67.8,72.1,378
CHEMBL410643,CHEMBL410643,COC[C@H]1OC(=O)/C(=C/N(C)CCCN(C)C)C2=C(O)C(=O)C3=C([C@H](OC(C)=O)C[C@]4(C)[C@@H](O)CC[C@@H]34)[C@]21C,PIK3CB,escape_route,scout1,13.0,0.0,0.0,0.345,4.98,91.9,0.002886,0.004329,database_search,48.1,98.7,91.9,51.9,80,55.8,72.1,379
,,CC(C)Oc1ccc(F)c(F)c1C(=O)c1cnc(NC2CCN(S(C)(=O)=O)CC2)nc1N,ATR,resistant,scout2,,469.5,2.19,0.591,4.0,100.0,0.001091,0.005455,r_group,43.6,90.0,100.0,54.5,100,66.7,72.1,380
,,CNc1ccc(-c2nc3c(C(N)=O)cccc3[nH]2)cc1O,PARP1,resistant,scout2,,282.3,2.08,0.552,2.6,100.0,0.001052,0.00526,bioisostere,42.1,90.0,100.0,52.6,100,82.2,72.1,381
,,COc1ccc(F)c(F)c1C(=O)c1cnc(NC2CCN(S(=O)(=O)C(C)C)CC2)nc1N,ATR,resistant,scout2,,469.5,2.19,0.591,4.0,100.0,0.001091,0.005455,r_group,43.6,90.0,100.0,54.5,100,66.7,72.1,382
CHEMBL418198,CHEMBL418198,CCC1c2cc3c(C(F)(F)F)cc(O)nc3cc2NC[C@@H]1C,AR,sensitive,scout1,7.0,0.0,0.0,0.814,3.94,100.0,0.007887,0.001183,database_search,60.5,99.3,100.0,11.8,80,67.3,72.1,383
CHEMBL543394,CHEMBL543394,Cl.Oc1nc2ccc(N3CCC(N4CCCC4)CC3)nc2c2ccccc12,PARP1,resistant,scout1,75.0,0.0,0.0,0.677,2.51,100.0,0.001062,0.005312,database_search,42.5,92.5,100.0,53.1,80,83.2,72.0,384
CHEMBL4848035,CHEMBL4848035,Cc1c(Cc2cccs2)c(-c2cc(Cl)nc(N)n2)nn1C,EZH2,resistant,scout1,74.0,0.0,0.0,0.753,2.81,100.0,0.001065,0.005327,database_search,42.6,92.6,100.0,53.3,80,79.9,71.9,385
,,NOc1ccc(-c2nc3c(C(N)=O)cccc3[nH]2)cc1O,PARP1,resistant,scout2,,284.3,1.29,0.539,2.6,100.0,0.0010390000000000002,0.005195000000000001,r_group,41.6,90.0,100.0,52.0,100,82.2,71.9,386
,,CNOc1ccc(-c2nc3c(C(N)=O)cccc3[nH]2)cc1O,PARP1,resistant,scout2,,298.3,1.55,0.546,2.8,100.0,0.001046,0.00523,r_group,41.8,90.0,100.0,52.3,100,80.0,71.9,387
,,COc1cc(-c2cc[nH]c2)ccc1O.NC(=O)/C=C\c1ccc[nH]1,CHEK1,resistant,scout2,,325.4,2.91,0.554,3.0,100.0,0.001054,0.00527,bioisostere,42.2,90.0,100.0,52.7,100,77.8,71.9,388
,,N#Cc1cnc(NC(=O)Nc2cc(C(F)(F)F)ccc2OC2CCOCC2)cn1,CHEK1,resistant,scout2,,407.4,3.57,0.802,3.6,100.0,0.0013020000000000002,0.00651,r_group,52.1,72.0,100.0,65.1,100,71.1,71.9,389
,,COc1ccc(F)c(F)c1C(=O)c1cnc(NC2CCN(S(=O)(=O)N(C)C)CC2)nc1N,ATR,resistant,scout2,,470.5,1.26,0.579,4.0,100.0,0.0010789999999999999,0.005395,r_group,43.2,90.0,100.0,53.9,100,66.7,71.9,390
,,COc1ccncc1.CS(=O)(=O)N1CCC(Nc2ncc(C=O)c(N)n2)CC1.F.F,ATR,resistant,scout2,,448.5,1.1,0.643,3.8,92.9,0.0011430000000000001,0.0057150000000000005,bioisostere,45.7,90.0,92.9,57.1,100,68.9,71.8,391
CHEMBL3698724,CHEMBL3698724,O=S1(=O)CCN(c2ccc(Nc3ncc4c5ccncc5n(C5CCCC5)c4n3)nn2)CC1,CDK6,sensitive,scout1,9.2,0.0,0.0,0.486,3.01,100.0,0.007591,0.001139,database_search,58.2,99.1,100.0,11.4,80,77.7,71.8,392
CHEMBL115090,CHEMBL115090,CCC(C(=O)N[C@@H](CC(=O)O)C(=O)CNCCc1ccccc1)n1cccc(NC(=O)c2ccc3ccccc3c2)c1=O,CD274,immune,scout1,0.37,0.0,0.0,0.166,3.38,68.3,0.00554,0.00554,database_search,73.9,80.0,68.3,55.4,80,73.6,71.8,393
CHEMBL371958,CHEMBL371958,CC(=O)Nc1cccc(-c2cncc(Nc3ccc4c(c3)OCO4)n2)c1,BRAF,escape_route,scout1,32.0,0.0,0.0,0.75,2.24,100.0,0.002495,0.003742,database_search,41.6,96.8,100.0,44.9,80,86.2,71.7,394
CHEMBL421605,CHEMBL421605,O=C(CCn1c2c(c(=O)[nH]c1=O)CCCC2)NCC(=O)c1ccc(Br)cc1,PARP1,resistant,scout1,80.0,0.0,0.0,0.674,2.43,100.0,0.001048,0.005242,database_search,41.9,92.0,100.0,52.4,80,84.1,71.6,395
CHEMBL1083151,CHEMBL1083151,COc1cc(Nc2nccc(-c3sc(C)nc3C)n2)cc(OC)c1OC,CDK4,sensitive,scout1,11.0,0.0,0.0,0.701,2.37,100.0,0.007397,0.001109,database_search,56.7,98.9,100.0,11.1,80,84.8,71.6,396
CHEMBL205950,CHEMBL205950,CN(C)CCOc1cc(OCC2(C)COC2)c(NC(=O)Nc2cnc(C#N)cn2)cc1Cl,CHEK1,resistant,scout1,32.0,0.0,0.0,0.585,2.97,100.0,0.001247,0.006237,database_search,49.9,77.4,100.0,62.4,80,78.1,71.6,397
CHEMBL361708,HYMENIALDISINE,NC1=NC(=O)/C(=C2\CCNC(=O)c3[nH]c(Br)cc32)N1,MAPK1,sensitive,scout1,9.0,0.0,0.0,0.506,3.63,100.0,0.007614,0.001142,database_search,58.4,99.1,100.0,11.4,80,70.8,71.5,398
CHEMBL4240212,CHEMBL4240212,O=C1CCCN1c1ccc(S(=O)(=O)N2CCCc3ccccc32)cc1,MDM2,sensitive,scout1,12.0,0.0,0.0,0.85,2.08,100.0,0.007302,0.001095,database_search,56.0,98.8,100.0,10.9,80,88.0,71.5,399
CHEMBL27812,CHEMBL27812,Oc1cc(C(F)(F)F)c2cc3c(cc2n1)NC[C@@H]1CCC[C@H]31,AR,sensitive,scout1,9.0,0.0,0.0,0.764,3.71,100.0,0.007614,0.001142,database_search,58.4,99.1,100.0,11.4,80,69.9,71.5,400
CHEMBL103,CHEMBL103,CC(=O)[C@H]1CC[C@H]2[C@@H]3CCC4=CC(=O)CC[C@]4(C)[C@H]3CC[C@]12C,AR,sensitive,scout1,8.5,0.0,0.0,0.701,3.95,100.0,0.007676,0.001151,database_search,58.8,99.2,100.0,11.5,80,67.2,71.5,401
CHEMBL200118,CHEMBL200118,Oc1cc(-c2[nH]cnc2-c2ccncc2)ccc1Cl,BRAF,escape_route,scout1,33.0,0.0,0.0,0.75,2.44,100.0,0.002481,0.003722,database_search,41.4,96.7,100.0,44.7,80,84.0,71.5,402
CHEMBL561103,CHEMBL561103,COC(=O)Nc1ccc(-c2nc(N3CCOCC3)c3cnn(C4CCN(Cc5cccnc5)CC4)c3n2)cc1,MTOR,escape_route,scout1,4.6,0.0,0.0,0.4,2.7,88.0,0.003337,0.005006,database_search,55.6,79.6,88.0,60.1,80,81.1,71.3,403
CHEMBL379484,CHEMBL379484,CN1C(=O)C[C@H](c2ccccc2)[C@@H]1[C@H](O)c1ccc(-c2ccc(C#N)cc2)s1,KRAS,escape_route,scout1,30.0,0.0,0.0,0.723,3.51,100.0,0.002523,0.003784,database_search,42.0,97.0,100.0,45.4,80,72.1,71.3,404
CHEMBL214803,CHEMBL214803,CN1C(=O)C[C@H](c2ccccc2F)[C@@H]1[C@H](O)c1ccc(-c2cccnc2)s1,KRAS,escape_route,scout1,30.0,0.0,0.0,0.742,3.61,100.0,0.002523,0.003784,database_search,42.0,97.0,100.0,45.4,80,71.0,71.2,405
CHEMBL115952,CHEMBL115952,CC(C)[C@H](NC(=O)OCc1ccccc1)C(=O)N[C@@H](C)C(=O)NC(CC(=O)O)C(=O)COc1cc2ccccc2cc1C(N)=O,CD274,immune,scout1,1.7,0.0,0.0,0.169,3.54,63.4,0.004712,0.004712,database_search,62.8,99.8,63.4,47.1,80,71.8,71.1,406
CHEMBL436344,CHEMBL436344,CC1c2cc3c(C(F)(F)F)cc(O)nc3cc2NC[C@@H]1C,AR,sensitive,scout1,10.0,0.0,0.0,0.768,3.88,100.0,0.0075,0.001125,database_search,57.5,99.0,100.0,11.2,80,68.0,71.1,407
CHEMBL5221093,CHEMBL5221093,Cn1cc(Cc2ccccc2Oc2ccccc2)c(-c2cc(Cl)nc(N)n2)n1,EZH2,resistant,scout1,87.1,0.0,0.0,0.507,2.54,100.0,0.00103,0.00515,database_search,41.2,91.3,100.0,51.5,80,82.9,71.1,408
,,CN(N)c1ccc(-c2nc3c(C(N)=O)cccc3[nH]2)cc1,PARP1,resistant,scout2,,281.3,1.64,0.501,2.6,100.0,0.001001,0.005005,r_group,40.0,90.0,100.0,50.0,100,82.2,71.1,409
,,COOc1ccc(-c2nc3c(C(N)=O)cccc3[nH]2)cc1O,PARP1,resistant,scout2,,299.3,1.97,0.504,2.8,100.0,0.0010040000000000001,0.00502,r_group,40.2,90.0,100.0,50.2,100,80.0,71.1,410
CHEMBL1202518,CHEMBL1202518,COc1ccc(O)c(C(=O)c2ccc(C(=O)N[C@@H]3CCCNCC3NC(=O)c3ccncc3)cc2)c1F.Cl.Cl,AKT1,escape_route,scout1,4.0,0.0,0.0,0.316,3.47,86.3,0.003398,0.005097,database_search,56.6,79.7,86.3,61.2,80,72.6,71.0,411
CHEMBL550286,CHEMBL550286,Oc1cccc(-c2nc(N3CCOCC3)c3cnn(C4CCN(Cc5cccnc5)CC4)c3n2)c1,MTOR,escape_route,scout1,9.6,0.0,0.0,0.474,2.66,99.5,0.003018,0.004527,database_search,50.3,79.2,99.5,54.3,80,81.6,71.0,412
,,CNc1cccc(-c2nc(N3CCOCC3)c3sccc3n2)c1.Cl,PIK3CA,escape_route,scout2,,362.9,3.66,0.77,3.0,100.0,0.0025400000000000006,0.00381,r_group,42.3,90.0,100.0,45.7,100,77.8,70.9,413
,,CC(C)(CN)c1nc(-c2ccoc2)c(-c2ccncc2)[nH]1.Cl.O,BRAF,escape_route,scout2,,336.8,2.57,0.762,2.9,100.0,0.002524,0.0037860000000000003,bioisostere,42.1,90.0,100.0,45.4,100,78.9,70.9,414
CHEMBL205744,CHEMBL205744,N#Cc1cnc(NC(=O)Nc2cc(Cl)c(OCc3cccnc3)cc2N2CCCC2)cn1,CHEK1,resistant,scout1,38.0,0.0,0.0,0.578,2.63,100.0,0.00121,0.006051,database_search,48.4,77.0,100.0,60.5,80,81.9,70.9,415
CHEMBL205699,CHEMBL205699,CN1CCN(c2cc(OCc3cccnc3)c(NC(=O)Nc3cnc(C#N)cn3)cc2Cl)CC1,CHEK1,resistant,scout1,38.0,0.0,0.0,0.553,2.69,100.0,0.00121,0.006051,database_search,48.4,77.0,100.0,60.5,80,81.2,70.9,416
CHEMBL161770,CHEMBL161770,COC(=O)c1c(C)[nH]c2c1[C@@]13C[C@@H]1CN(C(=O)/C=C/c1ccc(OC)cn1)C3=CC2=O,MAP2K1,sensitive,scout1,9.7,0.0,0.0,0.603,4.38,100.0,0.007533,0.00113,database_search,57.8,99.0,100.0,11.3,80,62.4,70.9,417
,,CNS(=O)(=O)N1CCC(Nc2ncc(C(=O)c3c(OC)ccc(F)c3F)c(N)n2)CC1,ATR,resistant,scout2,,456.5,0.92,0.523,3.9,100.0,0.0010230000000000003,0.005115000000000001,r_group,40.9,90.0,100.0,51.2,100,67.8,70.8,418
,,CC(C)(CN)c1nc(-c2ccsc2)c(-c2ccncc2)[nH]1.Cl.O,BRAF,escape_route,scout2,,352.9,3.03,0.754,2.9,100.0,0.0025080000000000002,0.003762,bioisostere,41.8,90.0,100.0,45.1,100,78.9,70.8,419
,,NC(=O)Oc1ccc(-c2nc3c(C(N)=O)cccc3[nH]2)cc1O,PARP1,resistant,scout2,,312.3,1.49,0.579,2.9,91.6,0.0010789999999999999,0.005395,r_group,43.2,90.0,91.6,53.9,100,78.9,70.8,420
CHEMBL107260,CHEMBL107260,O=C(CCn1c2c(c(=O)[nH]c1=O)CCCC2)NCC(=O)N1CCN(c2ncccn2)CC1,PARP1,resistant,scout1,90.0,0.0,0.0,0.591,2.62,100.0,0.001023,0.005114,database_search,40.9,91.0,100.0,51.1,80,82.0,70.8,421
,,CC(C)(CN)c1nc(-c2ccncc2)c(-c2ccncc2)[nH]1.Cl.O,BRAF,escape_route,scout2,,347.9,2.37,0.754,3.0,100.0,0.0025080000000000002,0.003762,bioisostere,41.8,90.0,100.0,45.1,100,77.8,70.7,422
,,Cl.NC(=O)c1cccc(-c2nc(N3CCOCC3)c3sccc3n2)c1,PIK3CA,escape_route,scout2,,376.9,2.72,0.76,3.1,100.0,0.00252,0.00378,r_group,42.0,90.0,100.0,45.4,100,76.7,70.7,423
,,CN1C(=O)C[C@@H](c2ccoc2)[C@@H]1[C@H](O)c1ccc(-c2cccnc2)s1.F,KRAS,escape_route,scout2,,374.4,3.6,0.758,3.2,100.0,0.0025160000000000004,0.003774,bioisostere,41.9,90.0,100.0,45.3,100,75.6,70.7,424
,,COc1cc[nH]c1.CS(=O)(=O)N1CCC(Nc2ncc(C=O)c(N)n2)CC1.F.F,ATR,resistant,scout2,,436.5,1.04,0.59,3.6,91.8,0.0010899999999999998,0.005449999999999999,bioisostere,43.6,90.0,91.8,54.5,100,71.1,70.7,425
CHEMBL281865,CHEMBL281865,COc1cccc(Cn2nc(-c3ccccc3)c(Cc3ccc4c(c3)OCO4)c2C(=O)O)c1,CHEK2,resistant,scout1,40.0,0.0,0.0,0.45,2.38,99.0,0.001199,0.005995,database_search,48.0,76.8,99.0,60.0,80,84.7,70.6,426
,,Cl.O=C(O)c1cccc(-c2nc(N3CCOCC3)c3sccc3n2)c1,PIK3CA,escape_route,scout2,,377.9,3.31,0.754,3.1,100.0,0.0025080000000000002,0.003762,r_group,41.8,90.0,100.0,45.1,100,76.7,70.6,427
CHEMBL426476,CHEMBL426476,CN(C)CCCNC(=O)c1nc(-c2ccc(Cl)c(O)c2)c(-c2ccncc2)[nH]1,BRAF,escape_route,scout1,40.0,0.0,0.0,0.53,2.57,100.0,0.002398,0.003597,database_search,40.0,96.0,100.0,43.2,80,82.6,70.6,428
,,Cl.Oc1cccc(-c2nc(N3CCSCC3)c3sccc3n2)c1,PIK3CA,escape_route,scout2,,365.9,4.04,0.742,2.9,100.0,0.002484,0.003726,bioisostere,41.4,90.0,100.0,44.7,100,78.9,70.6,429
CHEMBL205491,CHEMBL205491,COc1cc(NC(=O)c2cccs2)c(Cl)cc1NC(=O)Nc1cnc(C#N)cn1,CHEK1,resistant,scout1,42.0,0.0,0.0,0.563,2.51,100.0,0.001188,0.005942,database_search,47.5,76.6,100.0,59.4,80,83.2,70.5,430
CHEMBL384304,CHEMBL384304,COc1ccc(F)c(F)c1C(=O)c1cnc(NC2CCN(S(C)(=O)=O)CC2)nc1N,CDK4,sensitive,scout1,15.0,0.0,0.0,0.644,2.66,100.0,0.00706,0.001059,database_search,54.1,98.5,100.0,10.6,80,81.6,70.5,431
,,CN1C(=O)C[C@H](c2ccccc2F)[C@@H]1[C@H](O)c1ccc(-c2ccoc2)s1,KRAS,escape_route,scout2,,371.4,4.2,0.748,3.2,100.0,0.002496,0.003744,bioisostere,41.6,90.0,100.0,44.9,100,75.6,70.5,432
,,CN1C(=O)C[C@@H](c2ccoc2)[C@@H]1[C@H](O)c1ccc(-c2ccccc2)s1.F,KRAS,escape_route,scout2,,373.4,4.21,0.745,3.2,100.0,0.0024900000000000005,0.003735,bioisostere,41.5,90.0,100.0,44.8,100,75.6,70.5,433
CHEMBL381172,CHEMBL381172,COc1cc(CN2CCOCC2)ccc1NC(=O)Nc1cnc(C#N)cn1,CHEK1,resistant,scout1,96.0,0.0,0.0,0.828,2.39,100.0,0.001009,0.005044,database_search,40.4,90.4,100.0,50.4,80,84.6,70.5,434
,,Cl.Oc1ccoc1.c1nc(N2CCOCC2)c2sccc2n1,PIK3CA,escape_route,scout2,,341.8,2.93,0.733,2.8,100.0,0.0024660000000000003,0.003699,bioisostere,41.1,90.0,100.0,44.4,100,80.0,70.5,435
CHEMBL384304,CHEMBL384304,COc1ccc(F)c(F)c1C(=O)c1cnc(NC2CCN(S(C)(=O)=O)CC2)nc1N,CDK4,sensitive,scout1,15.0,0.0,0.0,0.644,2.66,100.0,0.00706,0.001059,database_search,54.1,98.5,100.0,10.6,80,81.6,70.5,436
CHEMBL244378,CHEMBL244378,O=C(O)c1ccccc1Nc1ccnc(Nc2ccc3cn[nH]c3c2)n1,CDK4,sensitive,scout1,15.85,0.0,0.0,0.437,2.34,100.0,0.007,0.00105,database_search,53.7,98.4,100.0,10.5,80,85.1,70.5,437
CHEMBL363160,PHA-680632,CCc1cccc(CC)c1NC(=O)N1Cc2[nH]nc(NC(=O)c3ccc(N4CCN(C)CC4)cc3)c2C1,AURKA,resistant,scout1,27.0,0.0,0.0,0.473,2.67,89.5,0.001284,0.006422,database_search,51.4,77.8,89.5,64.2,80,81.4,70.5,438
CHEMBL424953,CHEMBL424953,CCC(C(=O)NC(CC(=O)O)C(=O)CN1CCCC1)n1cccc(NC(=O)c2ccc3ccccc3c2)c1=O,CD274,immune,scout1,7.3,0.0,0.0,0.345,3.32,81.9,0.003921,0.003921,database_search,52.3,99.3,81.9,39.2,80,74.2,70.5,439
,,CNCCN(C)c1nc(-c2cccc(O)c2)nc2ccsc12.Cl,PIK3CA,escape_route,scout2,,350.9,3.14,0.74,2.9,100.0,0.00248,0.0037199999999999998,bioisostere,41.3,90.0,100.0,44.6,100,78.9,70.5,440
,,CN1C(=O)C[C@@H](c2ccoc2)[C@@H]1[C@H](O)c1ccc(-c2ccc(C#N)cc2)s1,KRAS,escape_route,scout2,,378.5,3.93,0.746,3.4,100.0,0.0024920000000000003,0.003738,bioisostere,41.5,90.0,100.0,44.9,100,73.3,70.4,441
CHEMBL201654,CHEMBL201654,COc1cc2c(Nc3ncc(C)s3)ncnc2cc1OCCCN1CCOCC1,AURKA,resistant,scout1,43.0,0.0,0.0,0.562,2.51,100.0,0.001183,0.005916,database_search,47.3,76.6,100.0,59.2,80,83.2,70.4,442
CHEMBL3702128,CHEMBL3702128,O=C1CNCCN1Cc1ccc(Nc2ncc3c4ccncc4n(C4CCCC4)c3n2)nc1,CDK6,sensitive,scout1,2.7,0.0,0.0,0.49,2.92,99.8,0.008922,0.001338,database_search,68.4,79.8,99.8,13.4,80,78.7,70.4,443
,,CN1C(=O)C[C@@H](c2ccncc2)[C@@H]1[C@H](O)c1ccc(-c2cccnc2)s1.F,KRAS,escape_route,scout2,,385.5,3.41,0.747,3.4,100.0,0.0024939999999999997,0.0037409999999999995,bioisostere,41.6,90.0,100.0,44.9,100,73.3,70.4,444
CHEMBL592445,CHEMBL592445,CN(C)C1CCN(C(=O)c2ccc(NC(=O)Nc3ccc(-c4nc(N5CCOCC5)nc(N5CCOCC5)n4)cc3)cc2)CC1,PIK3CB,escape_route,scout1,6.0,0.0,0.0,0.409,2.74,88.2,0.003222,0.004833,database_search,53.7,79.5,88.2,58.0,80,80.7,70.4,445
,,CN1C(=O)C[C@@H](c2cc[nH]c2)[C@@H]1[C@H](O)c1ccc(-c2cccnc2)s1.F,KRAS,escape_route,scout2,,373.5,3.34,0.737,3.2,100.0,0.0024740000000000005,0.003711,bioisostere,41.2,90.0,100.0,44.5,100,75.6,70.3,446
,,Cl.Oc1ccncc1.c1nc(N2CCOCC2)c2sccc2n1,PIK3CA,escape_route,scout2,,352.8,2.74,0.726,2.9,100.0,0.002452,0.003678,bioisostere,40.9,90.0,100.0,44.1,100,78.9,70.3,447
,,Cc1ccccc1[C@H]1CC(=O)N(C)[C@H]1[C@H](O)c1ccc(-c2cccnc2)s1,KRAS,escape_route,scout2,,378.5,4.17,0.741,3.4,100.0,0.0024820000000000003,0.003723,bioisostere,41.4,90.0,100.0,44.7,100,73.3,70.3,448
,,CN1C(=O)C[C@H](c2ccccc2F)[C@@H]1[C@H](O)c1ccc(-c2ccncc2)s1,KRAS,escape_route,scout2,,382.5,4.0,0.742,3.4,100.0,0.002484,0.003726,bioisostere,41.4,90.0,100.0,44.7,100,73.3,70.3,449
CHEMBL387385,CHEMBL387385,O=C(N[C@H](CO)c1ccc(F)c(Cl)c1)c1cc(-c2n[nH]cc2-c2cccc(Cl)c2)c[nH]1,MAPK1,sensitive,scout1,2.0,0.0,0.0,0.328,3.31,96.6,0.009247,0.001387,database_search,70.9,79.8,96.6,13.9,80,74.3,70.3,450
,,CN1C(=O)C[C@@H](c2ccsc2)[C@@H]1[C@H](O)c1ccc(-c2cccnc2)s1.F,KRAS,escape_route,scout2,,390.5,4.07,0.731,3.2,100.0,0.002462,0.0036929999999999997,bioisostere,41.0,90.0,100.0,44.3,100,75.6,70.2,451
,,Cl.Oc1cc[nH]c1.c1nc(N2CCOCC2)c2sccc2n1,PIK3CA,escape_route,scout2,,340.8,2.67,0.712,2.8,100.0,0.0024240000000000004,0.003636,bioisostere,40.4,90.0,100.0,43.6,100,80.0,70.2,452
CHEMBL410733,CHEMBL410733,Nc1cccnc1N1CCN(C(=O)CNC(=O)CCn2c3c(c(=O)[nH]c2=O)CSCC3)CC1,PARP1,resistant,scout1,70.0,0.0,0.0,0.492,2.91,89.8,0.001077,0.005387,database_search,43.1,93.0,89.8,53.9,80,78.8,70.2,453
,,Cl.Nc1cccc(-c2nc(N3CCOCC3)c3sccc3n2)c1,PIK3CA,escape_route,scout2,,348.9,3.2,0.72,2.9,100.0,0.0024400000000000003,0.00366,r_group,40.7,90.0,100.0,43.9,100,78.9,70.2,454
,,C#N.CN1C(=O)C[C@H](c2ccccc2)[C@@H]1[C@H](O)c1ccc(-c2ccoc2)s1,KRAS,escape_route,scout2,,380.5,4.2,0.736,3.4,100.0,0.0024720000000000002,0.0037079999999999995,bioisostere,41.2,90.0,100.0,44.5,100,73.3,70.2,455
,,CN1C(=O)C[C@@H](c2ccncc2)[C@@H]1[C@H](O)c1ccc(-c2ccc(C#N)cc2)s1,KRAS,escape_route,scout2,,389.5,3.73,0.738,3.5,100.0,0.0024760000000000003,0.003714,bioisostere,41.3,90.0,100.0,44.6,100,72.2,70.2,456
,,CN1C(=O)C[C@H](c2ccccc2F)[C@@H]1[C@H](O)c1ccc(-c2cc[nH]c2)s1,KRAS,escape_route,scout2,,370.4,3.93,0.731,3.2,100.0,0.002462,0.0036929999999999997,bioisostere,41.0,90.0,100.0,44.3,100,75.6,70.2,457
,,CN1C(=O)C[C@@H](c2cc[nH]c2)[C@@H]1[C@H](O)c1ccc(-c2ccccc2)s1.F,KRAS,escape_route,scout2,,372.5,3.94,0.729,3.2,100.0,0.002458,0.003687,bioisostere,41.0,90.0,100.0,44.2,100,75.6,70.2,458
CHEMBL4248974,CHEMBL4248974,CN1CCN(S(=O)(=O)c2ccc(N3CCCC3=O)cc2)c2ccccc21,MDM2,sensitive,scout1,18.0,0.0,0.0,0.832,2.26,100.0,0.006862,0.001029,database_search,52.6,98.2,100.0,10.3,80,86.0,70.2,459
,,CN1C(=O)C[C@@H](c2ccncc2)[C@@H]1[C@H](O)c1ccc(-c2ccccc2)s1.F,KRAS,escape_route,scout2,,384.5,4.01,0.739,3.4,100.0,0.0024779999999999997,0.0037169999999999994,bioisostere,41.3,90.0,100.0,44.6,100,73.3,70.2,460
CHEMBL189963,CHEMBL189963,CC(=O)c1c(C)c2cnc(Nc3ccc(N4CCNCC4)cn3)nc2n(C2CCCC2)c1=O,CDK6,sensitive,scout1,16.0,0.0,0.0,0.575,2.87,100.0,0.00699,0.001048,database_search,53.6,98.4,100.0,10.5,80,79.2,70.2,461
,,CN1C(=O)C[C@@H](c2cc[nH]c2)[C@@H]1[C@H](O)c1ccc(-c2ccc(C#N)cc2)s1,KRAS,escape_route,scout2,,377.5,3.66,0.728,3.4,100.0,0.002456,0.0036839999999999998,bioisostere,40.9,90.0,100.0,44.2,100,73.3,70.1,462
CHEMBL586702,CHEMBL586702,FC(F)c1nc2ccccc2n1-c1nc(N2CCOCC2)nc(N2CCOCC2)n1,PIK3CB,escape_route,scout1,44.0,0.0,0.0,0.636,2.64,100.0,0.002357,0.003535,database_search,39.3,95.6,100.0,42.4,80,81.8,70.1,463
CHEMBL283449,CHEMBL283449,CC1CCNc2cc3nc(O)cc(C(F)(F)F)c3cc21,AR,sensitive,scout1,15.0,0.0,0.0,0.77,3.46,100.0,0.00706,0.001059,database_search,54.1,98.5,100.0,10.6,80,72.7,70.1,464
CHEMBL3216643,CHEMBL3216643,COc1ccc(O)c(C(=O)c2ccc(C(=O)O[C@@H]3CCCNCC3NC(=O)c3ccncc3)cc2)c1F.Cl.Cl,AKT1,escape_route,scout1,5.0,0.0,0.0,0.285,3.51,85.7,0.003301,0.004952,database_search,55.0,79.6,85.7,59.4,80,72.1,70.1,465
,,C#N.CN1C(=O)C[C@H](c2ccccc2)[C@@H]1[C@H](O)c1ccc(-c2ccncc2)s1,KRAS,escape_route,scout2,,391.5,4.0,0.729,3.5,100.0,0.002458,0.003687,bioisostere,41.0,90.0,100.0,44.2,100,72.2,70.0,466
,,C#N.CN1C(=O)C[C@H](c2ccccc2)[C@@H]1[C@H](O)c1ccc(-c2cc[nH]c2)s1,KRAS,escape_route,scout2,,379.5,3.93,0.721,3.4,100.0,0.002442,0.003663,bioisostere,40.7,90.0,100.0,44.0,100,73.3,70.0,467
,,COc1cc(-c2ccoc2)ccc1O.NC(=O)/C=C\c1c[nH]c2ncccc12,CHEK1,resistant,scout2,,377.4,3.72,0.469,3.5,100.0,0.0009690000000000001,0.004845,bioisostere,38.8,90.0,100.0,48.5,100,72.2,70.0,468
,,COc1cccc(-c2nc(N3CCOCC3)c3sccc3n2)c1.Cl,PIK3CA,escape_route,scout2,,363.9,3.63,0.711,3.0,100.0,0.002422,0.0036329999999999995,r_group,40.4,90.0,100.0,43.6,100,77.8,70.0,469
CHEMBL521851,CHEMBL521851,CS(=O)(=O)N1CCN(Cc2cc3nc(-c4cccc5[nH]ncc45)nc(N4CCOCC4)c3s2)CC1,PIK3CB,escape_route,scout1,33.0,0.0,0.0,0.433,2.87,93.7,0.002481,0.003722,database_search,41.4,96.7,93.7,44.7,80,79.2,70.0,470
,,Cc1cccc(-c2nc(N3CCOCC3)c3sccc3n2)c1.Cl,PIK3CA,escape_route,scout2,,347.9,3.93,0.704,2.9,100.0,0.0024080000000000004,0.0036119999999999998,r_group,40.1,90.0,100.0,43.3,100,78.9,70.0,471
,,Cl.Fc1cccc(-c2nc(N3CCOCC3)c3sccc3n2)c1,PIK3CA,escape_route,scout2,,351.8,3.76,0.704,2.9,100.0,0.0024080000000000004,0.0036119999999999998,r_group,40.1,90.0,100.0,43.3,100,78.9,70.0,472
,,CN.CN1[CH][C@@H](c2ccccc2F)CC1=O.c1cncc(-c2cccs2)c1,KRAS,escape_route,scout2,,384.5,4.32,0.716,3.4,100.0,0.002432,0.003648,bioisostere,40.5,90.0,100.0,43.8,100,73.3,69.9,473
CHEMBL561844,CHEMBL561844,CC(=O)Nc1ccc(-c2nc(N3CCOCC3)c3cnn(C4CCN(Cc5cccnc5)CC4)c3n2)cc1,MTOR,escape_route,scout1,7.0,0.0,0.0,0.419,2.65,88.4,0.003155,0.004732,database_search,52.6,79.4,88.4,56.8,80,81.7,69.9,474
,,CN1C(=O)C[C@H](c2ccccc2F)[C@@H]1[C@H](O)c1ccc(-c2ccsc2)s1,KRAS,escape_route,scout2,,387.5,4.66,0.707,3.2,100.0,0.002414,0.0036209999999999997,bioisostere,40.2,90.0,100.0,43.5,100,75.6,69.9,475
,,Cl.NS(=O)(=O)c1cccc(-c2nc(N3CCOCC3)c3sccc3n2)c1,PIK3CA,escape_route,scout2,,412.9,2.26,0.708,3.2,100.0,0.002416,0.003624,r_group,40.3,90.0,100.0,43.5,100,75.6,69.9,476
CHEMBL315752,CHEMBL315752,CCC(CC)Cn1nc(-c2ccccc2)c(Cc2cc3c(cc2Cl)OCO3)c1C(=O)O,CHEK2,resistant,scout1,31.0,0.0,0.0,0.489,2.71,89.8,0.001254,0.006272,database_search,50.2,77.5,89.8,62.7,80,81.0,69.9,477
CHEMBL366456,CHEMBL366456,CCCCNCC(=O)[C@H](CC(=O)O)NC(=O)C(CC)n1cccc(NC(=O)c2ccc3ccccc3c2)c1=O,CD274,immune,scout1,0.76,0.0,0.0,0.232,3.37,69.6,0.005149,0.005149,database_search,68.7,79.9,69.6,51.5,80,73.7,69.9,478
CHEMBL281945,CHEMBL281945,C[C@H]1CNc2cc3nc(O)cc(C(F)(F)F)c3cc2C1CCC(F)(F)F,AR,sensitive,scout1,13.0,0.0,0.0,0.684,4.08,98.7,0.007215,0.001082,database_search,55.3,98.7,98.7,10.8,80,65.8,69.9,479
,,CN1CCNC(=O)C1.CNc1ccccc1Cc1cn(C(F)F)nc1-c1cc(Cl)nc(N)n1,EZH2,resistant,scout2,,478.9,2.65,0.483,4.1,100.0,0.0009830000000000001,0.004915,bioisostere,39.3,90.0,100.0,49.1,100,65.6,69.9,480
,,CC(F)n1cc(Cc2ccccc2OCCN2CCNC(=O)C2)c(-c2cc(Cl)nc(N)n2)n1,EZH2,resistant,scout2,,473.9,2.47,0.483,4.1,100.0,0.0009830000000000001,0.004915,bioisostere,39.3,90.0,100.0,49.1,100,65.6,69.9,481
,,CCc1cccc(-c2nc(N3CCOCC3)c3sccc3n2)c1.Cl,PIK3CA,escape_route,scout2,,361.9,4.18,0.701,3.0,100.0,0.0024020000000000005,0.0036030000000000003,r_group,40.0,90.0,100.0,43.2,100,77.8,69.9,482
,,Cl.Sc1cccc(-c2nc(N3CCOCC3)c3sccc3n2)c1,PIK3CA,escape_route,scout2,,365.9,3.91,0.699,2.9,100.0,0.002398,0.0035969999999999995,bioisostere,40.0,90.0,100.0,43.2,100,78.9,69.9,483
,,O=C1CN(CCOc2ccccc2Cc2cn(C(F)F)nc2-c2cc(Cl)nc(O)n2)CCN1,EZH2,resistant,scout2,,478.9,2.5,0.479,4.1,100.0,0.000979,0.004895,r_group,39.2,90.0,100.0,48.9,100,65.6,69.9,484
,,N#Cc1nc(Cl)cc(-c2nn(C(F)F)cc2Cc2ccccc2OCCN2CCNC(=O)C2)n1,EZH2,resistant,scout2,,487.9,2.66,0.486,4.2,100.0,0.0009860000000000001,0.00493,r_group,39.4,90.0,100.0,49.3,100,64.4,69.9,485
,,Cl.N#Cc1cccc(-c2nc(N3CCOCC3)c3sccc3n2)c1,PIK3CA,escape_route,scout2,,358.9,3.49,0.701,3.0,100.0,0.0024020000000000005,0.0036030000000000003,r_group,40.0,90.0,100.0,43.2,100,77.8,69.9,486
CHEMBL1083192,CHEMBL1083192,CS(=O)(=O)N1CCN(Cc2cc3nc(-c4cnc(N)nc4)nc(N4CCOCC4)c3s2)CC1,PIK3CB,escape_route,scout1,38.0,0.0,0.0,0.544,2.86,95.9,0.00242,0.00363,database_search,40.3,96.2,95.9,43.6,80,79.3,69.8,487
,,CN(C)c1cccc(-c2nc(N3CCOCC3)c3sccc3n2)c1.Cl,PIK3CA,escape_route,scout2,,376.9,3.68,0.697,3.1,100.0,0.0023940000000000003,0.0035910000000000004,r_group,39.9,90.0,100.0,43.1,100,76.7,69.8,488
,,NC(=O)c1cccc2[nH]c(-c3ccc(OO)c(O)c3)nc12,PARP1,resistant,scout2,,285.3,1.89,0.432,2.6,100.0,0.0009320000000000001,0.00466,r_group,37.3,90.0,100.0,46.6,100,82.2,69.8,489
CHEMBL122187,CHEMBL122187,COc1ccc(NS(=O)(=O)c2c(F)c(F)c(F)c(F)c2F)cc1NC(=O)[C@H](CO)NC(C)=O,MAP2K1,sensitive,scout1,18.0,0.0,0.0,0.249,3.01,100.0,0.006862,0.001029,database_search,52.6,98.2,100.0,10.3,80,77.7,69.8,490
,,NC(=O)c1cccc2[nH]c(-c3ccc(OS(N)(=O)=O)c(O)c3)nc12,PARP1,resistant,scout2,,348.3,0.62,0.54,3.0,90.8,0.0010400000000000001,0.005200000000000001,r_group,41.6,90.0,90.8,52.0,100,77.8,69.8,491
,,CN1C(=O)C[C@@H](c2ccsc2)[C@@H]1[C@H](O)c1ccc(-c2ccc(C#N)cc2)s1,KRAS,escape_route,scout2,,394.5,4.4,0.713,3.4,100.0,0.0024260000000000006,0.0036390000000000003,bioisostere,40.4,90.0,100.0,43.7,100,73.3,69.8,492
,,COc1cc(-c2ccncc2)ccc1O.NC(=O)/C=C\c1c[nH]c2ncccc12,CHEK1,resistant,scout2,,388.4,3.52,0.463,3.6,100.0,0.0009630000000000002,0.004815000000000001,bioisostere,38.5,90.0,100.0,48.2,100,71.1,69.8,493
,,CNC[C@H]1OC(=O)c2coc3c2[C@@]1(C)C1=C(C3=O)[C@@H]2CCC(=O)[C@@]2(C)C[C@H]1OC(C)=O,PIK3CB,escape_route,scout2,,427.5,2.11,0.73,3.9,100.0,0.0024600000000000004,0.0036899999999999997,bioisostere,41.0,90.0,100.0,44.3,100,67.8,69.8,494
,,CN1C(=O)C[C@@H](c2ccsc2)[C@@H]1[C@H](O)c1ccc(-c2ccccc2)s1.F,KRAS,escape_route,scout2,,389.5,4.68,0.704,3.2,100.0,0.0024080000000000004,0.0036119999999999998,bioisostere,40.1,90.0,100.0,43.3,100,75.6,69.8,495
CHEMBL199620,CHEMBL199620,COc1cc(-c2ccc3c(c2)NC(=O)/C3=C\c2[nH]c(C)c(CCO)c2C)ccc1O,CHEK1,resistant,scout1,47.0,0.0,0.0,0.483,2.66,99.7,0.001164,0.00582,database_search,46.6,76.2,99.7,58.2,80,81.6,69.8,496
CHEMBL4868801,CHEMBL4868801,Cc1c(Cc2cccc(Cl)c2)c(-c2cc(Cl)nc(N)n2)nn1C,EZH2,resistant,scout1,107.0,0.0,0.0,0.734,2.58,100.0,0.000985,0.004927,database_search,39.4,89.3,100.0,49.3,80,82.4,69.7,497
,,CON1C(=O)C[C@H](c2ccccc2F)[C@@H]1[C@H](O)c1ccc(-c2cccnc2)s1,KRAS,escape_route,scout2,,398.5,3.93,0.707,3.5,100.0,0.002414,0.0036209999999999997,r_group,40.2,90.0,100.0,43.5,100,72.2,69.7,498
CHEMBL381447,CHEMBL381447,CC(C)(CNS(C)(=O)=O)c1nc(-c2ccc(Cl)c(O)c2)c(-c2ccncc2)[nH]1,BRAF,escape_route,scout1,14.0,0.0,0.0,0.566,2.83,100.0,0.002854,0.004281,database_search,47.6,78.9,100.0,51.4,80,79.7,69.7,499
,,CN1C(=O)C[C@H](c2ccccc2Cl)[C@@H]1[C@H](O)c1ccc(-c2cccnc2)s1,KRAS,escape_route,scout2,,398.9,4.51,0.703,3.4,100.0,0.002406,0.0036089999999999994,bioisostere,40.1,90.0,100.0,43.3,100,73.3,69.7,500
,,COc1cc(-c2ccsc2)ccc1O.NC(=O)/C=C\c1c[nH]c2ncccc12,CHEK1,resistant,scout2,,393.5,4.19,0.453,3.5,100.0,0.0009530000000000001,0.004765,bioisostere,38.1,90.0,100.0,47.6,100,72.2,69.7,501
,,CC(N)=O.COC[C@H]1OC(=O)c2coc3c2[C@@]1(C)C1=C(C3=O)[C@@H]2CCC(=O)[C@@]2(C)C[CH]1,PIK3CB,escape_route,scout2,,428.5,2.3,0.716,3.9,100.0,0.002432,0.003648,bioisostere,40.5,90.0,100.0,43.8,100,67.8,69.6,502
,,Nc1nc(Cl)cc(-c2nn(C(F)F)cc2Cc2ccoc2)n1.O=C1CN(CCO)CCN1,EZH2,resistant,scout2,,469.9,1.57,0.463,4.0,100.0,0.0009630000000000002,0.004815000000000001,bioisostere,38.5,90.0,100.0,48.2,100,66.7,69.6,503
,,CC(C)(CN)c1nc(-c2cc[nH]c2)c(-c2ccncc2)[nH]1.Cl.O,BRAF,escape_route,scout2,,335.8,2.3,0.679,2.9,100.0,0.0023580000000000003,0.0035369999999999998,bioisostere,39.3,90.0,100.0,42.4,100,78.9,69.6,504
,,COc1ccc(F)c(F)c1C(=O)c1cnc(NC2CCN(S(N)(=O)=O)CC2)nc1N,ATR,resistant,scout2,,442.4,0.66,0.551,3.8,91.0,0.0010510000000000003,0.005255000000000001,r_group,42.0,90.0,91.0,52.6,100,68.9,69.6,505
,,CNC(=O)c1coc2c1[C](C)C1=C(C2=O)[C@@H]2CCC(=O)[C@@]2(C)C[C@H]1OC(C)=O.COC,PIK3CB,escape_route,scout2,,430.5,2.66,0.718,3.9,100.0,0.0024360000000000002,0.0036539999999999997,bioisostere,40.6,90.0,100.0,43.8,100,67.8,69.6,506
,,Cl.Clc1cccc(-c2nc(N3CCOCC3)c3sccc3n2)c1,PIK3CA,escape_route,scout2,,368.3,4.27,0.677,2.9,100.0,0.002354,0.0035310000000000003,r_group,39.2,90.0,100.0,42.4,100,78.9,69.6,507
,,COC[CH][C@]1(C)C2=C(C(=O)c3occ(C(N)=O)c31)[C@@H]1CCC(=O)[C@@]1(C)C[C@H]2OC(C)=O,PIK3CB,escape_route,scout2,,428.5,2.3,0.713,3.9,100.0,0.0024260000000000006,0.0036390000000000003,bioisostere,40.4,90.0,100.0,43.7,100,67.8,69.6,508
,,NC(=O)c1cccc2[nH]c(-c3ccc(OC(=O)O)c(O)c3)nc12,PARP1,resistant,scout2,,313.3,2.09,0.431,2.9,100.0,0.0009310000000000001,0.004655,r_group,37.2,90.0,100.0,46.6,100,78.9,69.6,509
,,C#N.CN1C(=O)C[C@H](c2ccccc2)[C@@H]1[C@H](O)c1ccc(-c2ccsc2)s1,KRAS,escape_route,scout2,,396.5,4.66,0.697,3.4,100.0,0.0023940000000000003,0.0035910000000000004,bioisostere,39.9,90.0,100.0,43.1,100,73.3,69.6,510
,,CCN1C(=O)C[C@H](c2ccccc2F)[C@@H]1[C@H](O)c1ccc(-c2cccnc2)s1,KRAS,escape_route,scout2,,396.5,4.39,0.696,3.5,100.0,0.002392,0.003588,r_group,39.9,90.0,100.0,43.1,100,72.2,69.5,511
,,CNN1C(=O)C[C@H](c2ccccc2F)[C@@H]1[C@H](O)c1ccc(-c2cccnc2)s1,KRAS,escape_route,scout2,,397.5,3.5,0.692,3.5,100.0,0.0023840000000000003,0.0035759999999999998,r_group,39.7,90.0,100.0,42.9,100,72.2,69.5,512
,,Nc1nc(Cl)cc(-c2nn(C(F)F)cc2Cc2ccsc2)n1.O=C1CN(CCO)CCN1,EZH2,resistant,scout2,,485.9,2.03,0.456,4.0,100.0,0.0009559999999999999,0.0047799999999999995,bioisostere,38.2,90.0,100.0,47.8,100,66.7,69.5,513
,,CS(=O)(=O)N1CCC(Nc2ncc(C(=O)c3c(OC(F)(F)F)ccc(F)c3F)c(N)n2)CC1,ATR,resistant,scout2,,495.4,2.3,0.462,4.1,100.0,0.0009620000000000001,0.00481,r_group,38.5,90.0,100.0,48.1,100,65.6,69.5,514
CHEMBL304500,CHEMBL304500,COC(=O)c1c2c(n(C)c1C)C(=O)C=C1N(C(=O)c3cc4cc(OC)c(OC)c(OC)c4[nH]3)C[C@H]3C[C@]123,MAP2K1,sensitive,scout1,1.4,0.0,0.0,0.53,4.48,90.6,0.009635,0.001445,database_search,73.9,79.9,90.6,14.5,80,61.3,69.5,515
,,COc1ccc(F)c(F)c1C(=O)c1cnc(NC2CCN(S(=O)(=O)C(F)(F)F)CC2)nc1N,ATR,resistant,scout2,,495.4,2.3,0.462,4.1,100.0,0.0009620000000000001,0.00481,r_group,38.5,90.0,100.0,48.1,100,65.6,69.5,516
CHEMBL101995,CHEMBL101995,COC(=O)c1c(C)[nH]c2c1[C@@]13C[C@@H]1CN(C(=O)/C=C/c1ccc(OC)cc1)C3=CC2=O,MAP2K1,sensitive,scout1,2.9,0.0,0.0,0.609,4.12,100.0,0.008844,0.001327,database_search,67.8,79.8,100.0,13.3,80,65.3,69.5,517
,,Cl.c1cc(-c2nc(N3CCOCC3)c3sccc3n2)cc(C2CC2)c1,PIK3CA,escape_route,scout2,,373.9,4.49,0.677,3.1,100.0,0.002354,0.0035310000000000003,r_group,39.2,90.0,100.0,42.4,100,76.7,69.5,518
,,CON1C(=O)C[C@H](c2ccccc2F)[C@@H]1[C@H](O)c1ccc(-c2ccccc2)s1,KRAS,escape_route,scout2,,397.5,4.53,0.688,3.5,100.0,0.002376,0.003564,r_group,39.6,90.0,100.0,42.8,100,72.2,69.4,519
CHEMBL366534,CHEMBL366534,CCCCCCNCC(=O)[C@H](CC(=O)O)NC(=O)C(CC)n1cccc(NC(=O)c2ccc3ccccc3c2)c1=O,CD274,immune,scout1,0.85,0.0,0.0,0.194,3.41,68.9,0.005088,0.005088,database_search,67.8,79.9,68.9,50.9,80,73.2,69.4,520
CHEMBL153015,CHEMBL153015,CCCCCCCC(F)(F)C(=O)C(F)(F)F,FOLH1,other,scout1,32.36,0.0,0.0,0.488,2.63,100.0,0.003112,0.003112,database_search,41.5,96.8,100.0,31.1,80,81.9,69.4,521
,,CN(C)Oc1ccc(F)c(F)c1C(=O)c1cnc(NC2CCN(S(C)(=O)=O)CC2)nc1N,ATR,resistant,scout2,,470.5,1.26,0.453,4.0,100.0,0.0009530000000000001,0.004765,r_group,38.1,90.0,100.0,47.6,100,66.7,69.4,522
,,COc1nc(Cl)cc(-c2nn(C(F)F)cc2Cc2ccccc2OCCN2CCNC(=O)C2)n1,EZH2,resistant,scout2,,492.9,2.8,0.459,4.2,100.0,0.0009590000000000002,0.004795000000000001,r_group,38.4,90.0,100.0,48.0,100,64.4,69.4,523
CHEMBL5219193,CHEMBL5219193,Nc1nc(Cl)cc(-c2nn3ccccc3c2Cc2ccccc2)n1,EZH2,resistant,scout1,112.0,0.0,0.0,0.58,2.54,100.0,0.000975,0.004877,database_search,39.0,88.8,100.0,48.8,80,82.9,69.4,524
CHEMBL428496,WORTMANNIN,COC[C@H]1OC(=O)c2coc3c2[C@@]1(C)C1=C(C3=O)[C@@H]2CCC(=O)[C@@]2(C)C[C@H]1OC(C)=O,MTOR,escape_route,scout1,40.0,0.0,0.0,0.676,4.66,100.0,0.002398,0.003597,database_search,40.0,96.0,100.0,43.2,80,59.3,69.4,525
CHEMBL200431,CHEMBL200431,N/C(=N\O)c1ccc(-c2[nH]c(-c3ccccc3)nc2-c2ccncc2)cc1,BRAF,escape_route,scout1,53.0,0.0,0.0,0.224,2.27,99.5,0.002276,0.003414,database_search,37.9,94.7,99.5,41.0,80,85.9,69.4,526
CHEMBL383670,CHEMBL383670,COc1cc(CN(C)CCN(C)C)ccc1NC(=O)Nc1cnc(C#N)cn1,CHEK1,resistant,scout1,112.0,0.0,0.0,0.718,2.52,100.0,0.000975,0.004877,database_search,39.0,88.8,100.0,48.8,80,83.1,69.4,527
CHEMBL215803,CHEMBL215803,C[C@@H]1C[C@H]2CN1CCn1nc3c(cccc3c1O)-c1nc3c(cccc3nc1O)O2,CDK6,sensitive,scout1,12.0,0.0,0.0,0.466,5.87,99.9,0.007302,0.001095,database_search,56.0,98.8,99.9,10.9,80,45.9,69.4,528
,,O=C1C[C@H](c2ccccc2F)[C@H]([C@H](O)c2ccc(-c3cccnc3)s2)N1F,KRAS,escape_route,scout2,,386.4,4.25,0.682,3.4,100.0,0.0023639999999999998,0.0035459999999999997,r_group,39.4,90.0,100.0,42.6,100,73.3,69.4,529
CHEMBL428496,WORTMANNIN,COC[C@H]1OC(=O)c2coc3c2[C@@]1(C)C1=C(C3=O)[C@@H]2CCC(=O)[C@@]2(C)C[C@H]1OC(C)=O,MTOR,escape_route,scout1,40.0,0.0,0.0,0.676,4.66,100.0,0.002398,0.003597,database_search,40.0,96.0,100.0,43.2,80,59.3,69.4,530
,,CN[C@@H](COC)[C@]1(C)C2=C(C(=O)c3occc31)[C@@H]1CCC(=O)[C@@]1(C)C[C@H]2OC(C)=O.O,PIK3CB,escape_route,scout2,,433.5,1.76,0.701,3.9,100.0,0.0024020000000000005,0.0036030000000000003,bioisostere,40.0,90.0,100.0,43.2,100,67.8,69.4,531
CHEMBL428496,WORTMANNIN,COC[C@H]1OC(=O)c2coc3c2[C@@]1(C)C1=C(C3=O)[C@@H]2CCC(=O)[C@@]2(C)C[C@H]1OC(C)=O,MTOR,escape_route,scout1,40.0,0.0,0.0,0.676,4.66,100.0,0.002398,0.003597,database_search,40.0,96.0,100.0,43.2,80,59.3,69.4,532
CHEMBL280865,CHEMBL280865,CCCC1CCNc2cc3nc(O)cc(C(F)(F)F)c3cc21,AR,sensitive,scout1,19.0,0.0,0.0,0.848,3.46,100.0,0.006803,0.00102,database_search,52.2,98.1,100.0,10.2,80,72.7,69.3,533
,,Nc1nc(Cl)cc(-c2nn(C(F)F)cc2Cc2ccncc2)n1.O=C1CN(CCO)CCN1,EZH2,resistant,scout2,,480.9,1.37,0.45,4.1,100.0,0.00095,0.00475,bioisostere,38.0,90.0,100.0,47.5,100,65.6,69.3,534
CHEMBL381527,CHEMBL381527,COc1cccc(CCC(=O)Nc2cc(OC)c(NC(=O)Nc3cnc(C#N)cn3)cc2Cl)c1,CHEK1,resistant,scout1,51.0,0.0,0.0,0.438,2.48,98.8,0.001146,0.005731,database_search,45.8,75.9,98.8,57.3,80,83.6,69.3,535
,,N#CN1C(=O)C[C@H](c2ccccc2F)[C@@H]1[C@H](O)c1ccc(-c2cccnc2)s1,KRAS,escape_route,scout2,,393.4,3.85,0.683,3.5,100.0,0.002366,0.003549,r_group,39.4,90.0,100.0,42.6,100,72.2,69.3,536
,,CNN1C(=O)C[C@H](c2ccccc2F)[C@@H]1[C@H](O)c1ccc(-c2ccccc2)s1,KRAS,escape_route,scout2,,396.5,4.11,0.683,3.5,100.0,0.002366,0.003549,r_group,39.4,90.0,100.0,42.6,100,72.2,69.3,537
,,CN1CCO[C@@H](CO)C1.CNc1ccccc1Cc1cn(C(F)F)nc1-c1cc(Cl)nc(N)n1,EZH2,resistant,scout2,,496.0,2.91,0.447,4.2,100.0,0.0009470000000000001,0.0047350000000000005,bioisostere,37.9,90.0,100.0,47.4,100,64.4,69.2,538
CHEMBL27297,CHEMBL27297,CCC1CCNc2cc3c(cc21)c(C(F)(F)F)cc(=O)n3C,AR,sensitive,scout1,20.0,0.0,0.0,0.867,3.41,100.0,0.006747,0.001012,database_search,51.7,98.0,100.0,10.1,80,73.2,69.2,539
,,CC(C)c1cccc(-c2nc(N3CCOCC3)c3sccc3n2)c1.Cl,PIK3CA,escape_route,scout2,,375.9,4.74,0.662,3.1,100.0,0.002324,0.003486,r_group,38.7,90.0,100.0,41.8,100,76.7,69.2,540
,,O=C1C[C@H](c2ccccc2F)[C@H]([C@H](O)c2ccc(-c3cccnc3)s2)N1O,KRAS,escape_route,scout2,,384.4,3.76,0.672,3.4,100.0,0.0023440000000000006,0.003516,r_group,39.1,90.0,100.0,42.2,100,73.3,69.2,541
,,CN1CCS(=O)(=O)CC1.CNc1ccccc1Cc1cn(C(F)F)nc1-c1cc(Cl)nc(N)n1,EZH2,resistant,scout2,,514.0,2.95,0.5,4.2,95.0,0.001,0.005,bioisostere,40.0,90.0,95.0,50.0,100,64.4,69.2,542
CHEMBL388978,STAUROSPORINE,CN[C@@H]1C[C@H]2O[C@@](C)([C@@H]1OC)n1c3ccccc3c3c4c(c5c6ccccc6n2c5c31)C(=O)NC4,MAPK1,sensitive,scout1,2.5,0.0,0.0,0.406,4.95,98.1,0.009005,0.001351,database_search,69.0,79.8,98.1,13.5,80,56.1,69.1,543
CHEMBL26474,CHEMBL26474,COc1cccc(Cn2nc(-c3ccccc3)c(Cc3cc4c(cc3Cl)OCO4)c2C(=O)O)c1,CHEK2,resistant,scout1,34.0,0.0,0.0,0.391,2.51,87.8,0.001234,0.006171,database_search,49.4,77.3,87.8,61.7,80,83.2,69.1,544
CHEMBL388978,STAUROSPORINE,CN[C@@H]1C[C@H]2O[C@@](C)([C@@H]1OC)n1c3ccccc3c3c4c(c5c6ccccc6n2c5c31)C(=O)NC4,MAPK1,sensitive,scout1,2.5,0.0,0.0,0.406,4.95,98.1,0.009005,0.001351,database_search,69.0,79.8,98.1,13.5,80,56.1,69.1,545
,,N#CN1C(=O)C[C@H](c2ccccc2F)[C@@H]1[C@H](O)c1ccc(-c2ccccc2)s1,KRAS,escape_route,scout2,,392.5,4.45,0.667,3.5,100.0,0.002334,0.0035009999999999998,r_group,38.9,90.0,100.0,42.0,100,72.2,69.1,546
,,CNc1nc(Cl)cc(-c2nn(C(F)F)cc2Cc2ccccc2OCCN2CCNC(=O)C2)n1,EZH2,resistant,scout2,,491.9,2.83,0.444,4.2,100.0,0.0009440000000000001,0.00472,r_group,37.8,90.0,100.0,47.2,100,64.4,69.1,547
CHEMBL388978,STAUROSPORINE,CN[C@@H]1C[C@H]2O[C@@](C)([C@@H]1OC)n1c3ccccc3c3c4c(c5c6ccccc6n2c5c31)C(=O)NC4,MAPK1,sensitive,scout1,2.5,0.0,0.0,0.406,4.95,98.1,0.009005,0.001351,database_search,69.0,79.8,98.1,13.5,80,56.1,69.1,548
CHEMBL388978,STAUROSPORINE,CN[C@@H]1C[C@H]2O[C@@](C)([C@@H]1OC)n1c3ccccc3c3c4c(c5c6ccccc6n2c5c31)C(=O)NC4,MAPK1,sensitive,scout1,2.5,0.0,0.0,0.406,4.95,98.1,0.009005,0.001351,database_search,69.0,79.8,98.1,13.5,80,56.1,69.1,549
CHEMBL388978,STAUROSPORINE,CN[C@@H]1C[C@H]2O[C@@](C)([C@@H]1OC)n1c3ccccc3c3c4c(c5c6ccccc6n2c5c31)C(=O)NC4,MAPK1,sensitive,scout1,2.5,0.0,0.0,0.406,4.95,98.1,0.009005,0.001351,database_search,69.0,79.8,98.1,13.5,80,56.1,69.1,550
CHEMBL388978,STAUROSPORINE,CN[C@@H]1C[C@H]2O[C@@](C)([C@@H]1OC)n1c3ccccc3c3c4c(c5c6ccccc6n2c5c31)C(=O)NC4,MAPK1,sensitive,scout1,2.5,0.0,0.0,0.406,4.95,98.1,0.009005,0.001351,database_search,69.0,79.8,98.1,13.5,80,56.1,69.1,551
CHEMBL388978,STAUROSPORINE,CN[C@@H]1C[C@H]2O[C@@](C)([C@@H]1OC)n1c3ccccc3c3c4c(c5c6ccccc6n2c5c31)C(=O)NC4,MAPK1,sensitive,scout1,2.5,0.0,0.0,0.406,4.95,98.1,0.009005,0.001351,database_search,69.0,79.8,98.1,13.5,80,56.1,69.1,552
CHEMBL1766804,CHEMBL1766804,CS(=O)(=O)c1ccc(-c2cnc(N)c(-c3cc4ccccc4[nH]3)n2)cc1,ATM,resistant,scout1,120.0,0.0,0.0,0.581,2.36,100.0,0.00096,0.004802,database_search,38.4,88.0,100.0,48.0,80,84.9,69.0,553
,,O=C1C[C@H](c2ccccc2F)[C@H]([C@H](O)c2ccc(-c3ccccc3)s2)N1O,KRAS,escape_route,scout2,,383.4,4.36,0.658,3.4,100.0,0.002316,0.003474,r_group,38.6,90.0,100.0,41.7,100,73.3,69.0,554
,,CCC1CCNc2cc3[nH]c(=O)cc(C(C)(F)F)c3cc21,AR,sensitive,scout2,,292.3,3.95,0.88,2.6,100.0,0.0069,0.001035,bioisostere,52.9,90.0,100.0,10.3,100,82.2,69.0,555
,,CC(=O)O[C@@H]1C[C@]2(C)C(=O)CC[C@H]2C2=C1[C@@]1(C)[CH]OC(=O)c3coc(c31)C2=O.CNC,PIK3CB,escape_route,scout2,,428.5,2.52,0.679,3.9,100.0,0.0023580000000000003,0.0035369999999999998,bioisostere,39.3,90.0,100.0,42.4,100,67.8,69.0,556
,,N#Cc1ccc(-c2ccc([C@@H](O)[C@H]3[C@@H](c4ccccc4)CC(=O)N3F)s2)cc1,KRAS,escape_route,scout2,,392.5,4.59,0.661,3.5,100.0,0.0023220000000000003,0.003483,r_group,38.7,90.0,100.0,41.8,100,72.2,69.0,557
,,N#Cc1ccc(-c2ccc([C@@H](O)[C@H]3[C@@H](c4ccccc4)CC(=O)N3C#N)s2)cc1,KRAS,escape_route,scout2,,399.5,4.19,0.667,3.6,100.0,0.002334,0.0035009999999999998,r_group,38.9,90.0,100.0,42.0,100,71.1,69.0,558
,,CCN1C(=O)C[C@H](c2ccccc2F)[C@@H]1[C@H](O)c1ccc(-c2ccccc2)s1,KRAS,escape_route,scout2,,395.5,4.99,0.661,3.5,100.0,0.0023220000000000003,0.003483,r_group,38.7,90.0,100.0,41.8,100,72.2,69.0,559
,,Nc1nc(Cl)cc(-c2nn(C(F)F)cc2Cc2ccoc2)n1.OCCN1CCO[C@@H](CO)C1,EZH2,resistant,scout2,,486.9,1.83,0.427,4.1,100.0,0.0009270000000000001,0.004635,bioisostere,37.1,90.0,100.0,46.4,100,65.6,68.9,560
CHEMBL373252,CHEMBL373252,COc1cc(-c2ccc3c(c2)NC(=O)/C3=C\c2[nH]c(C)cc2C)ccc1O,CHEK1,resistant,scout1,120.0,0.0,0.0,0.602,2.53,100.0,0.00096,0.004802,database_search,38.4,88.0,100.0,48.0,80,83.0,68.9,561
CHEMBL172196,CHEMBL172196,CCC(C(=O)NC(CC(=O)O)C(=O)CN1CCSCC1)n1cccc(NC(=O)c2ccc3ccccc3c2)c1=O,CD274,immune,scout1,11.25,0.0,0.0,0.323,3.5,81.5,0.003686,0.003686,database_search,49.1,98.9,81.5,36.9,80,72.2,68.9,562
,,O=C1C[C@H](c2ccccc2F)[C@H]([C@H](O)c2ccc(-c3ccccc3)s2)N1F,KRAS,escape_route,scout2,,385.4,4.86,0.652,3.4,100.0,0.002304,0.0034560000000000003,r_group,38.4,90.0,100.0,41.5,100,73.3,68.9,563
,,Cc1ccc2c(c1)CCCN2S(=O)(=O)c1ccoc1.O=C1CCCN1,MDM2,sensitive,scout2,,362.5,2.63,0.891,3.1,100.0,0.006955,0.00104325,bioisostere,53.3,90.0,100.0,10.4,100,76.7,68.9,564
,,N#Cc1ccc(-c2ccc([C@@H](O)[C@H]3[C@@H](c4ccccc4)CC(=O)N3O)s2)cc1,KRAS,escape_route,scout2,,390.5,4.09,0.657,3.5,100.0,0.002314,0.003471,r_group,38.6,90.0,100.0,41.7,100,72.2,68.9,565
,,O=C1CCCN1c1ccc(S(=O)(=O)N2CCCc3cc(O)ccc32)cc1,MDM2,sensitive,scout2,,372.4,2.66,0.898,3.2,100.0,0.0069900000000000006,0.0010485,r_group,53.6,90.0,100.0,10.5,100,75.6,68.9,566
CHEMBL202837,CHEMBL202837,COc1cc(NC(=O)Cc2ccsc2)c(Cl)cc1NC(=O)Nc1cnc(C#N)cn1,CHEK1,resistant,scout1,58.0,0.0,0.0,0.531,2.61,100.0,0.001118,0.005591,database_search,44.7,75.4,100.0,55.9,80,82.1,68.8,567
,,COc1cc(-c2cc[nH]c2)ccc1O.NC(=O)/C=C\c1c[nH]c2ncccc12,CHEK1,resistant,scout2,,376.4,3.46,0.408,3.5,100.0,0.000908,0.00454,bioisostere,36.3,90.0,100.0,45.4,100,72.2,68.8,568
,,CCCNS(=O)(=O)c1ccc(N2CCCC2=O)cc1.Cc1ccoc1,MDM2,sensitive,scout2,,364.5,3.09,0.884,3.1,100.0,0.00692,0.0010379999999999999,bioisostere,53.1,90.0,100.0,10.4,100,76.7,68.8,569
,,CN1CCN(S(=O)(=O)c2ccoc2)c2ccccc21.O=C1CCCN1,MDM2,sensitive,scout2,,363.4,1.82,0.88,3.1,100.0,0.0069,0.001035,bioisostere,52.9,90.0,100.0,10.3,100,76.7,68.8,570
,,COc1ccc2c(c1)CCCN2S(=O)(=O)c1ccoc1.O=C1CCCN1,MDM2,sensitive,scout2,,378.5,2.33,0.885,3.2,100.0,0.006925000000000001,0.00103875,bioisostere,53.1,90.0,100.0,10.4,100,75.6,68.8,571
CHEMBL332838,CHEMBL332838,COc1ccc(NS(=O)(=O)c2c(F)c(F)c(F)c(F)c2F)cc1NC(=O)CNC(C)=O,MAP2K1,sensitive,scout1,26.0,0.0,0.0,0.329,2.48,100.0,0.006463,0.000969,database_search,49.5,97.4,100.0,9.7,80,83.6,68.8,572
,,Nc1nc(Cl)cc(-c2nn(C(F)F)cc2Cc2ccsc2)n1.O=S1(=O)CCN(CCO)CC1,EZH2,resistant,scout2,,521.0,2.33,0.474,4.1,94.5,0.000974,0.00487,bioisostere,39.0,90.0,94.5,48.7,100,65.6,68.7,573
CHEMBL118433,CHEMBL118433,COc1ccc(NS(=O)(=O)c2c(F)c(F)c(F)c(F)c2F)cc1N,MAP2K1,sensitive,scout1,27.0,0.0,0.0,0.376,2.44,100.0,0.006422,0.000963,database_search,49.2,97.3,100.0,9.6,80,84.0,68.7,574
,,CN1C(=S)C[C@H](c2ccccc2F)[C@@H]1[C@H](O)c1ccc(-c2cccnc2)s1,KRAS,escape_route,scout2,,398.5,4.8,0.641,3.4,100.0,0.002282,0.003423,bioisostere,38.0,90.0,100.0,41.1,100,73.3,68.7,575
CHEMBL212049,CHEMBL212049,Cc1cnc(OC2CCCCC2)nc1-c1cnc(Nc2ccccn2)s1,CDK4,sensitive,scout1,26.0,0.0,0.0,0.701,2.73,100.0,0.006463,0.000969,database_search,49.5,97.4,100.0,9.7,80,80.8,68.7,576
,,Cc1ccc2c(c1)CCCN2S(=O)(=O)c1ccsc1.O=C1CCCN1,MDM2,sensitive,scout2,,378.5,3.09,0.873,3.1,100.0,0.0068650000000000004,0.00102975,bioisostere,52.6,90.0,100.0,10.3,100,76.7,68.7,577
,,Cc1ccc2c(c1)CCCN2S(=O)(=O)c1ccncc1.O=C1CCCN1,MDM2,sensitive,scout2,,373.5,2.43,0.877,3.2,100.0,0.0068850000000000005,0.00103275,bioisostere,52.8,90.0,100.0,10.3,100,75.6,68.7,578
,,COc1ccc2c(c1)CCCN2S(=O)(=O)c1ccsc1.O=C1CCCN1,MDM2,sensitive,scout2,,394.5,2.79,0.869,3.2,100.0,0.006845,0.00102675,bioisostere,52.5,90.0,100.0,10.3,100,75.6,68.6,579
,,CCCNS(=O)(=O)c1ccc(N2CCCC2=O)cc1.Cc1ccncc1,MDM2,sensitive,scout2,,375.5,2.89,0.871,3.2,100.0,0.006855,0.0010282499999999999,bioisostere,52.6,90.0,100.0,10.3,100,75.6,68.6,580
CHEMBL282204,CHEMBL282204,CC1c2cc3c(C(F)(F)F)cc(O)nc3cc2NC[C@H]1C,AR,sensitive,scout1,22.0,0.0,0.0,0.768,3.88,100.0,0.006644,0.000997,database_search,50.9,97.8,100.0,10.0,80,68.0,68.6,581
,,CN1CCN(S(=O)(=O)c2ccsc2)c2ccccc21.O=C1CCCN1,MDM2,sensitive,scout2,,379.5,2.29,0.869,3.1,100.0,0.006845,0.00102675,bioisostere,52.5,90.0,100.0,10.3,100,76.7,68.6,582
,,Nc1nc(Cl)cc(-c2nn(C(F)F)cc2Cc2ccncc2)n1.OCCN1CCO[C@@H](CO)C1,EZH2,resistant,scout2,,497.9,1.63,0.416,4.2,100.0,0.000916,0.00458,bioisostere,36.6,90.0,100.0,45.8,100,64.4,68.6,583
CHEMBL1083810,CHEMBL1083810,CS(=O)(=O)N1CCN(Cc2cc3nc(-c4ccc(N)nc4)nc(N4CCOCC4)c3s2)CC1,PIK3CB,escape_route,scout1,60.0,0.0,0.0,0.565,2.79,100.0,0.002222,0.003333,database_search,37.0,94.0,100.0,40.0,80,80.1,68.6,584
CHEMBL371029,CHEMBL371029,CO[C@H]1C[C@@H]2CC[C@@H](C)[C@@](O)(O2)C(=O)C(=O)N2CCCC[C@H]2C(=O)N[C@H](CCc2ccccc2)C(=O)NCC(=O)N(C)CC(=O)O[C@H]1C,MTOR,escape_route,scout1,9.6,0.0,0.0,0.301,5.91,71.5,0.003018,0.004527,database_search,50.3,99.0,71.5,54.3,80,45.4,68.6,585
,,CNc1ccc2c(c1)CCCN2S(=O)(=O)c1ccc(N2CCCC2=O)cc1,MDM2,sensitive,scout2,,385.5,3.0,0.878,3.4,100.0,0.00689,0.0010335,r_group,52.8,90.0,100.0,10.3,100,73.3,68.6,586
,,CNOc1ccc(F)c(F)c1C(=O)c1cnc(NC2CCN(S(C)(=O)=O)CC2)nc1N,ATR,resistant,scout2,,456.5,0.92,0.41,3.9,100.0,0.0009099999999999999,0.004549999999999999,r_group,36.4,90.0,100.0,45.5,100,67.8,68.6,587
CHEMBL3702096,CHEMBL3702096,OCCN1CCN(c2ccc(Nc3ncc4c5ccncc5n(C5CCCC5)c4n3)nc2)CC1,CDK6,sensitive,scout1,4.9,0.0,0.0,0.454,2.79,99.1,0.008275,0.001241,database_search,63.4,79.6,99.1,12.4,80,80.1,68.6,588
,,Cc1ccc2c(c1)CCCN2S(=O)(=O)c1cc[nH]c1.O=C1CCCN1,MDM2,sensitive,scout2,,361.5,2.36,0.861,3.1,100.0,0.006805,0.00102075,bioisostere,52.2,90.0,100.0,10.2,100,76.7,68.5,589
CHEMBL3702050,CHEMBL3702050,COCCN1CCN(c2ccc(Nc3ncc4c5ccncc5n(C5CCCC5)c4n3)nc2)CC1,CDK6,sensitive,scout1,4.9,0.0,0.0,0.432,2.78,98.6,0.008275,0.001241,database_search,63.4,79.6,98.6,12.4,80,80.2,68.5,590
,,CCCNS(=O)(=O)c1ccc(N2CCCC2=O)cc1.Cc1ccsc1,MDM2,sensitive,scout2,,380.5,3.56,0.862,3.1,100.0,0.006810000000000001,0.0010215,bioisostere,52.2,90.0,100.0,10.2,100,76.7,68.5,591
CHEMBL4864668,CHEMBL4864668,Cc1c(Cc2cccc(F)c2)c(-c2cc(Cl)nc(N)n2)nn1C,EZH2,resistant,scout1,126.0,0.0,0.0,0.748,2.59,100.0,0.00095,0.004749,database_search,38.0,87.4,100.0,47.5,80,82.3,68.5,592
,,CCCNS(=O)(=O)c1ccc(N2CCCC2=O)cc1.Cc1cc[nH]c1,MDM2,sensitive,scout2,,363.5,2.82,0.857,3.1,100.0,0.006785,0.00101775,bioisostere,52.0,90.0,100.0,10.2,100,76.7,68.5,593
,,COc1ccc2c(c1)CCCN2S(=O)(=O)c1ccncc1.O=C1CCCN1,MDM2,sensitive,scout2,,389.5,2.13,0.869,3.4,100.0,0.006845,0.00102675,bioisostere,52.5,90.0,100.0,10.3,100,73.3,68.5,594
,,CC(C)(CN)c1nc(-c2ccc(Cl)c(S)c2)c(-c2ccncc2)[nH]1,BRAF,escape_route,scout2,,358.9,4.32,0.608,3.0,100.0,0.0022160000000000005,0.003324,bioisostere,36.9,90.0,100.0,39.9,100,77.8,68.5,595
,,CN1CCN(S(=O)(=O)c2ccncc2)c2ccccc21.O=C1CCCN1,MDM2,sensitive,scout2,,374.5,1.62,0.864,3.2,100.0,0.00682,0.0010229999999999998,bioisostere,52.3,90.0,100.0,10.2,100,75.6,68.5,596
,,CN1CCN(S(=O)(=O)c2cc[nH]c2)c2ccccc21.O=C1CCCN1,MDM2,sensitive,scout2,,362.5,1.56,0.849,3.1,100.0,0.006745,0.00101175,bioisostere,51.7,90.0,100.0,10.1,100,76.7,68.4,597
CHEMBL243298,CHEMBL243298,O=C(O)c1ccccc1Nc1ccnc(Nc2cccc(F)c2)n1,CDK4,sensitive,scout1,31.62,0.0,0.0,0.662,2.04,100.0,0.00625,0.000938,database_search,47.9,96.8,100.0,9.4,80,88.4,68.4,598
,,CCC1CCNc2cc3[nH]c(=O)cc(C#N)c3cc21,AR,sensitive,scout2,,253.3,2.71,0.821,2.4,100.0,0.006605,0.0009907499999999999,bioisostere,50.6,90.0,100.0,9.9,100,84.4,68.4,599
,,Nc1nc(Cl)cc(-c2nn(C(F)F)cc2Cc2cc[nH]c2)n1.O=C1CN(CCO)CCN1,EZH2,resistant,scout2,,468.9,1.3,0.4,4.0,100.0,0.0009000000000000002,0.0045000000000000005,bioisostere,36.0,90.0,100.0,45.0,100,66.7,68.4,600
CHEMBL282813,CHEMBL282813,CC(C)CC1CCNc2cc3nc(O)cc(C(F)(F)F)c3cc21,AR,sensitive,scout1,25.0,0.0,0.0,0.825,3.49,100.0,0.006505,0.000976,database_search,49.9,97.5,100.0,9.8,80,72.3,68.4,601
,,COc1ccc2c(c1)CCCN2S(=O)(=O)c1cc[nH]c1.O=C1CCCN1,MDM2,sensitive,scout2,,377.5,2.06,0.856,3.2,100.0,0.00678,0.001017,bioisostere,52.0,90.0,100.0,10.2,100,75.6,68.4,602
,,O=C1CCCN1c1ccoc1.O=[SH](=O)N1CCCc2ccccc21,MDM2,sensitive,scout2,,348.4,2.37,0.846,3.0,100.0,0.006730000000000001,0.0010095,bioisostere,51.6,90.0,100.0,10.1,100,77.8,68.4,603
CHEMBL368313,CHEMBL368313,CCC(C(=O)N[C@@H](CC(=O)O)C(=O)CNCCCc1ccccc1)n1cccc(NC(=O)c2ccc3ccccc3c2)c1=O,CD274,immune,scout1,1.15,0.0,0.0,0.152,3.41,68.0,0.004924,0.004924,database_search,65.7,79.9,68.0,49.2,80,73.2,68.3,604
CHEMBL272265,CHEMBL272265,N#CCc1ccc(-n2cnc3cnc4ccc(C#Cc5cccnc5)cc4c32)cc1,PIK3CA,escape_route,scout1,64.0,0.0,0.0,0.422,2.73,100.0,0.002194,0.003291,database_search,36.6,93.6,100.0,39.5,80,80.8,68.3,605
,,COc1ccc2c(c1)N(C)CCN2S(=O)(=O)c1ccoc1.O=C1CCCN1,MDM2,sensitive,scout2,,393.5,1.83,0.855,3.4,100.0,0.006775,0.00101625,bioisostere,51.9,90.0,100.0,10.2,100,73.3,68.3,606
CHEMBL272265,CHEMBL272265,N#CCc1ccc(-n2cnc3cnc4ccc(C#Cc5cccnc5)cc4c32)cc1,PIK3CA,escape_route,scout1,64.0,0.0,0.0,0.422,2.73,100.0,0.002194,0.003291,database_search,36.6,93.6,100.0,39.5,80,80.8,68.3,607
CHEMBL402272,CHEMBL402272,Nc1nccc(-c2cc3c([nH]2)CCNC3=O)n1,CDK4,sensitive,scout1,29.0,0.0,0.0,0.656,2.81,100.0,0.006344,0.000952,database_search,48.6,97.1,100.0,9.5,80,79.9,68.3,608
CHEMBL411950,CHEMBL411950,COC[C@H]1OC(=O)/C(=C/N2CCOCC2)C2=C(O)C(=O)C3=C([C@H](OC(C)=O)C[C@]4(C)[C@@H](O)CC[C@@H]34)[C@]21C,PIK3CA,escape_route,scout1,37.0,0.0,0.0,0.418,4.91,93.4,0.002432,0.003648,database_search,40.5,96.3,93.4,43.8,80,56.6,68.3,609
,,CC(F)n1cc(Cc2ccccc2OCCN2CCS(=O)(=O)CC2)c(-c2cc(Cl)nc(N)n2)n1,EZH2,resistant,scout2,,509.0,2.76,0.462,4.2,94.2,0.0009620000000000001,0.00481,bioisostere,38.5,90.0,94.2,48.1,100,64.4,68.3,610
,,NS(=O)(=O)N1C(=O)C[C@H](c2ccccc2F)[C@@H]1[C@H](O)c1ccc(-c2cccnc2)s1,KRAS,escape_route,scout2,,447.5,2.57,0.624,3.8,100.0,0.0022480000000000004,0.0033720000000000004,r_group,37.5,90.0,100.0,40.5,100,68.9,68.3,611
,,CCC1CCNc2cc3[nH]c(=O)cc(C(F)(F)Cl)c3cc21,AR,sensitive,scout2,,312.7,4.13,0.819,2.6,100.0,0.006595,0.00098925,bioisostere,50.6,90.0,100.0,9.9,100,82.2,68.3,612
CHEMBL200226,CHEMBL200226,OCc1ccc(-c2[nH]c(-c3ccccc3)nc2-c2ccncc2)cc1,BRAF,escape_route,scout1,71.0,0.0,0.0,0.587,2.07,100.0,0.002149,0.003223,database_search,35.8,92.9,100.0,38.7,80,88.1,68.2,613
,,O=C1CCCN1c1ccsc1.O=[SH](=O)N1CCCc2ccccc21,MDM2,sensitive,scout2,,364.5,2.84,0.834,3.0,100.0,0.006670000000000001,0.0010005,bioisostere,51.1,90.0,100.0,10.0,100,77.8,68.2,614
,,O=C1CN(CCOc2ccccc2Cc2cn(C(F)F)nc2-c2cc(Cl)nc(F)n2)CCN1,EZH2,resistant,scout2,,480.9,2.93,0.394,4.1,100.0,0.000894,0.00447,r_group,35.8,90.0,100.0,44.7,100,65.6,68.2,615
,,Nc1ccc2c(c1)CCCN2S(=O)(=O)c1ccc(N2CCCC2=O)cc1,MDM2,sensitive,scout2,,371.5,2.54,0.841,3.2,100.0,0.006705,0.00100575,r_group,51.4,90.0,100.0,10.1,100,75.6,68.2,616
,,NC(=O)c1ccc2c(c1)CCCN2S(=O)(=O)c1ccc(N2CCCC2=O)cc1,MDM2,sensitive,scout2,,399.5,2.05,0.85,3.5,100.0,0.006750000000000001,0.0010125000000000002,r_group,51.8,90.0,100.0,10.1,100,72.2,68.2,617
,,O=C(O)c1ccc2c(c1)CCCN2S(=O)(=O)c1ccc(N2CCCC2=O)cc1,MDM2,sensitive,scout2,,400.5,2.65,0.851,3.5,100.0,0.006755,0.0010132499999999998,r_group,51.8,90.0,100.0,10.1,100,72.2,68.2,618
,,C#N.CC1(C)NC(=O)N(c2ccsc2)C1=O.FC(F)F,AR,sensitive,scout2,,307.3,2.9,0.811,2.5,100.0,0.006555,0.00098325,bioisostere,50.3,90.0,100.0,9.8,100,83.3,68.2,619
CHEMBL176584,CHEMBL176584,CCCCCCN(C)CC(=O)[C@H](CC(=O)O)NC(=O)C(CC)n1cccc(NC(=O)c2ccc3ccccc3c2)c1=O,CD274,immune,scout1,1.79,0.0,0.0,0.217,3.47,74.3,0.004684,0.004684,database_search,62.5,79.9,74.3,46.8,80,72.6,68.2,620
CHEMBL213311,CHEMBL213311,CN1C(=O)C[C@H](c2ccccc2F)[C@@H]1[C@H](O)c1ccc(-c2ccc(F)cc2)s1,KRAS,escape_route,scout1,60.0,0.0,0.0,0.688,3.5,100.0,0.002222,0.003333,database_search,37.0,94.0,100.0,40.0,80,72.2,68.2,621
,,O=C1CCCN1c1ccncc1.O=[SH](=O)N1CCCc2ccccc21,MDM2,sensitive,scout2,,359.5,2.17,0.835,3.1,100.0,0.006675,0.00100125,bioisostere,51.2,90.0,100.0,10.0,100,76.7,68.2,622
,,N#Cc1ccc(-c2ccc([C@@H](O)[C@H]3[C@@H](c4ccccc4)CC(=O)N3S(N)(=O)=O)s2)cc1,KRAS,escape_route,scout2,,453.5,2.91,0.615,3.9,100.0,0.00223,0.003345,r_group,37.2,90.0,100.0,40.1,100,67.8,68.1,623
CHEMBL4857305,CHEMBL4857305,Cn1cc(Cc2ccccc2F)c(-c2cc(Cl)nc(N)n2)n1,EZH2,resistant,scout1,132.0,0.0,0.0,0.754,2.64,100.0,0.00094,0.004699,database_search,37.6,86.8,100.0,47.0,80,81.8,68.1,624
,,CCCNS(=O)(=O)c1ccc(N2CCCC2=O)cc1.COc1ccoc1,MDM2,sensitive,scout2,,380.5,2.79,0.832,3.2,100.0,0.006659999999999999,0.0009989999999999999,bioisostere,51.1,90.0,100.0,10.0,100,75.6,68.1,625
,,C#N.CC1(C)NC(=O)N(c2ccoc2)C1=O.FC(F)F,AR,sensitive,scout2,,291.2,2.43,0.805,2.5,100.0,0.006525000000000001,0.0009787500000000002,bioisostere,50.0,90.0,100.0,9.8,100,83.3,68.1,626
,,C#N.CC1(C)NC(=O)N(c2ccncc2)C1=O.FC(F)F,AR,sensitive,scout2,,302.3,2.23,0.806,2.6,100.0,0.00653,0.0009795,bioisostere,50.1,90.0,100.0,9.8,100,82.2,68.1,627
,,O=C1CCCN1c1ccc(S(=O)(=O)N2CCCc3cc(F)ccc32)cc1,MDM2,sensitive,scout2,,374.4,3.09,0.83,3.2,100.0,0.0066500000000000005,0.0009975000000000001,r_group,51.0,90.0,100.0,10.0,100,75.6,68.1,628
,,COc1ccc2c(c1)N(C)CCN2S(=O)(=O)c1ccsc1.O=C1CCCN1,MDM2,sensitive,scout2,,409.5,2.3,0.842,3.4,100.0,0.006710000000000001,0.0010065,bioisostere,51.4,90.0,100.0,10.1,100,73.3,68.1,629
,,O=C1CCCN1c1cc[nH]c1.O=[SH](=O)N1CCCc2ccccc21,MDM2,sensitive,scout2,,347.4,2.11,0.817,3.0,100.0,0.006585,0.00098775,bioisostere,50.5,90.0,100.0,9.9,100,77.8,68.0,630
CHEMBL155621,CHEMBL155621,CCCCCCS(=O)(=O)CC(=O)C(F)(F)F,FOLH1,other,scout1,46.77,0.0,0.0,0.659,2.53,100.0,0.002913,0.002913,database_search,38.8,95.3,100.0,29.1,80,83.0,68.0,631
CHEMBL210516,CHEMBL210516,COc1cc(NC(=O)CCc2ccccc2)c(Cl)cc1NC(=O)Nc1cnc(C#N)cn1,CHEK1,resistant,scout1,68.0,0.0,0.0,0.494,2.38,99.9,0.001084,0.005419,database_search,43.4,74.6,99.9,54.2,80,84.7,68.0,632
,,Cl.Nc1nccc(-c2[nH]c(-c3ccccc3)nc2-c2ccoc2)n1.O,BRAF,escape_route,scout2,,357.8,2.97,0.583,3.1,100.0,0.002166,0.0032489999999999997,bioisostere,36.1,90.0,100.0,39.0,100,76.7,68.0,633
CHEMBL203384,CHEMBL203384,N[C@H](CNc1cnc(Cl)c(/C=C/c2ccncc2)c1)Cc1c[nH]c2ccccc12,AKT1,escape_route,scout1,19.0,0.0,0.0,0.388,3.12,97.8,0.002721,0.004082,database_search,45.4,78.5,97.8,49.0,80,76.4,68.0,634
CHEMBL421992,CHEMBL421992,CCCCCCOCC(=O)C(F)(F)F,FOLH1,other,scout1,47.86,0.0,0.0,0.606,2.3,100.0,0.0029,0.0029,database_search,38.7,95.2,100.0,29.0,80,85.6,68.0,635
CHEMBL3702047,CHEMBL3702047,CCN1CCN(c2ccc(Nc3ncc4c5ccncc5n(C5CCCC5)c4n3)nc2)CC1,CDK6,sensitive,scout1,6.4,0.0,0.0,0.492,2.74,99.8,0.007985,0.001198,database_search,61.2,79.5,99.8,12.0,80,80.7,68.0,636
CHEMBL3971812,CHEMBL3971812,OC1CCC(n2c3cnccc3c3cnc(Nc4ccc(N5CCNCC5)cn4)nc32)CC1,CDK6,sensitive,scout1,5.9,0.0,0.0,0.441,2.93,98.8,0.008073,0.001211,database_search,61.9,79.5,98.8,12.1,80,78.6,68.0,637
,,COc1ccccc1[C@H]1CC(=O)N(C)[C@H]1[C@H](O)c1ccc(S(=O)(=O)c2cc[nH]c2)s1,KRAS,escape_route,scout2,,446.6,2.97,0.606,3.8,100.0,0.002212,0.0033179999999999993,bioisostere,36.9,90.0,100.0,39.8,100,68.9,68.0,638
,,COc1ccc2c(c1)N(C)CCN2S(=O)(=O)c1ccncc1.O=C1CCCN1,MDM2,sensitive,scout2,,404.5,1.63,0.836,3.5,100.0,0.006679999999999999,0.0010019999999999999,bioisostere,51.2,90.0,100.0,10.0,100,72.2,68.0,639
,,NC(=O)c1cc(C(F)(F)F)c2cc3c(cc2n1)NC[C@H]1CCCC[C@H]31,AR,sensitive,scout2,,349.4,4.05,0.816,3.1,100.0,0.006579999999999999,0.0009869999999999998,r_group,50.4,90.0,100.0,9.9,100,76.7,67.9,640
CHEMBL524266,CHEMBL524266,Nc1nccc(-c2cc3c([nH]2)[C@@H](CCF)CNC3=O)n1,CDK4,sensitive,scout1,28.0,0.0,0.0,0.785,3.72,100.0,0.006382,0.000957,database_search,48.9,97.2,100.0,9.6,80,69.8,67.9,641
,,NC(=O)c1cc(C(F)(F)F)c2cc3c(cc2n1)NC[C@@H]1CCCC[C@H]31,AR,sensitive,scout2,,349.4,4.05,0.816,3.1,100.0,0.006579999999999999,0.0009869999999999998,r_group,50.4,90.0,100.0,9.9,100,76.7,67.9,642
CHEMBL3698674,CHEMBL3698674,c1ccc2c(c1)c1cnc(Nc3ccc(N4CCNCC4)cn3)nc1n2C1CCCCCC1,CDK6,sensitive,scout1,3.1,0.0,0.0,0.433,2.65,88.7,0.008772,0.001316,database_search,67.3,79.8,88.7,13.2,80,81.7,67.9,643
,,CCCNS(=O)(=O)c1ccc(N2CCCC2=O)cc1.COc1ccsc1,MDM2,sensitive,scout2,,396.5,3.26,0.813,3.2,100.0,0.006565,0.00098475,bioisostere,50.3,90.0,100.0,9.8,100,75.6,67.9,644
,,CNCCN(c1ccoc1)S(=O)(=O)c1ccc(N2CCCC2=O)cc1,MDM2,sensitive,scout2,,363.4,1.82,0.811,3.1,100.0,0.006555,0.00098325,bioisostere,50.3,90.0,100.0,9.8,100,76.7,67.9,645
CHEMBL3698642,CHEMBL3698642,c1cc2c3cnc(Nc4ccc(N5CCNCC5)nn4)nc3n(C3CCCC3)c2cn1,CDK6,sensitive,scout1,6.6,0.0,0.0,0.525,2.85,100.0,0.007951,0.001193,database_search,61.0,79.5,100.0,11.9,80,79.4,67.9,646
,,CN(C)c1nc(Cl)cc(-c2nn(C(F)F)cc2Cc2ccccc2OCCN2CCNC(=O)C2)n1,EZH2,resistant,scout2,,506.0,2.86,0.447,4.4,93.9,0.0009470000000000001,0.0047350000000000005,r_group,37.9,90.0,93.9,47.4,100,62.2,67.9,647
,,COc1ccc2c(c1)N(C)CCN2S(=O)(=O)c1cc[nH]c1.O=C1CCCN1,MDM2,sensitive,scout2,,392.5,1.56,0.827,3.4,100.0,0.006635,0.00099525,bioisostere,50.9,90.0,100.0,10.0,100,73.3,67.9,648
CHEMBL225519,CHEMBL225519,O=C1NCCc2[nH]c(-c3ccncc3)cc21,CDK4,sensitive,scout1,34.0,0.0,0.0,0.751,2.54,100.0,0.006171,0.000926,database_search,47.3,96.6,100.0,9.3,80,82.9,67.9,649
,,Cl.Nc1nccc(-c2[nH]c(-c3ccccc3)nc2-c2ccncc2)n1.O,BRAF,escape_route,scout2,,368.8,2.78,0.575,3.2,100.0,0.00215,0.0032249999999999996,bioisostere,35.8,90.0,100.0,38.7,100,75.6,67.8,650
,,CCCNS(=O)(=O)c1ccc(N2CCCC2=O)cc1.COc1cc[nH]c1,MDM2,sensitive,scout2,,379.5,2.53,0.807,3.2,100.0,0.006535,0.00098025,bioisostere,50.1,90.0,100.0,9.8,100,75.6,67.8,651
CHEMBL190252,CHEMBL190252,CN1CCN(c2ccc(C(=O)Nc3n[nH]c4c3CN(C(=O)Cc3ccccc3)C4)cc2)CC1,AURKA,resistant,scout1,140.0,0.0,0.0,0.632,2.41,100.0,0.000927,0.004635,database_search,37.1,86.0,100.0,46.4,80,84.3,67.8,652
,,CC(F)(F)c1cc(O)nc2cc3c(cc12)[C@H]1CCCC[C@H]1CN3,AR,sensitive,scout2,,318.4,4.75,0.797,2.9,100.0,0.006485000000000001,0.0009727500000000001,bioisostere,49.7,90.0,100.0,9.7,100,78.9,67.8,653
,,COc1cc(C(F)(F)F)c2cc3c(cc2n1)NC[C@H]1CCCC[C@H]31,AR,sensitive,scout2,,336.4,4.96,0.799,3.0,100.0,0.006495,0.00097425,r_group,49.8,90.0,100.0,9.7,100,77.8,67.8,654
,,N#Cc1ccc2c(c1)CCCN2S(=O)(=O)c1ccc(N2CCCC2=O)cc1,MDM2,sensitive,scout2,,381.5,2.83,0.819,3.4,100.0,0.006595,0.00098925,r_group,50.6,90.0,100.0,9.9,100,73.3,67.8,655
CHEMBL534951,CHEMBL534951,Cl.O=C(O)COc1cccc(-c2nc(N3CCOCC3)c3oc4ncccc4c3n2)c1,PIK3CA,escape_route,scout1,24.0,0.0,0.0,0.498,2.68,100.0,0.00262,0.00393,database_search,43.7,78.1,100.0,47.2,80,81.3,67.8,656
,,COc1cc(C(F)(F)F)c2cc3c(cc2n1)NC[C@@H]1CCCC[C@H]31,AR,sensitive,scout2,,336.4,4.96,0.799,3.0,100.0,0.006495,0.00097425,r_group,49.8,90.0,100.0,9.7,100,77.8,67.8,657
,,CC(F)(F)c1cc(O)nc2cc3c(cc12)[C@H]1CCCC[C@@H]1CN3,AR,sensitive,scout2,,318.4,4.75,0.797,2.9,100.0,0.006485000000000001,0.0009727500000000001,bioisostere,49.7,90.0,100.0,9.7,100,78.9,67.8,658
,,CCCNS(=O)(=O)c1ccc(N2CCCC2=O)cc1.COc1ccncc1,MDM2,sensitive,scout2,,391.5,2.59,0.818,3.4,100.0,0.00659,0.0009885,bioisostere,50.5,90.0,100.0,9.9,100,73.3,67.8,659
,,CNCCN(c1ccsc1)S(=O)(=O)c1ccc(N2CCCC2=O)cc1,MDM2,sensitive,scout2,,379.5,2.29,0.801,3.1,100.0,0.006505000000000001,0.0009757500000000002,bioisostere,49.9,90.0,100.0,9.8,100,76.7,67.8,660
,,C#N.CC1(C)NC(=O)N(c2cc[nH]c2)C1=O.FC(F)F,AR,sensitive,scout2,,290.2,2.17,0.777,2.5,100.0,0.006385000000000001,0.00095775,bioisostere,49.0,90.0,100.0,9.6,100,83.3,67.8,661
,,NC(=O)Oc1ccc2c(c1)CCCN2S(=O)(=O)c1ccc(N2CCCC2=O)cc1,MDM2,sensitive,scout2,,415.5,2.41,0.825,3.6,100.0,0.006625,0.0009937499999999998,r_group,50.8,90.0,100.0,9.9,100,71.1,67.8,662
,,Cl.Nc1nccc(-c2[nH]c(-c3ccccc3)nc2-c2ccsc2)n1.O,BRAF,escape_route,scout2,,373.9,3.44,0.572,3.1,100.0,0.002144,0.003216,bioisostere,35.7,90.0,100.0,38.6,100,76.7,67.8,663
CHEMBL490428,CHEMBL490428,Cc1ccc(Nc2ccc3c(c2)N(c2nc4c(s2)C(=O)NC(C)(C)C4)CCO3)nn1,PIK3CB,escape_route,scout1,23.0,0.0,0.0,0.666,3.05,100.0,0.002638,0.003957,database_search,44.0,78.2,100.0,47.5,80,77.2,67.7,664
CHEMBL3702158,CHEMBL3702158,C1=C(c2ccc(Nc3ncc4c5ccncc5n(C5CCCC5)c4n3)nc2)CCNC1,CDK6,sensitive,scout1,7.0,0.0,0.0,0.51,2.99,100.0,0.007887,0.001183,database_search,60.5,79.4,100.0,11.8,80,77.9,67.7,665
,,CC1(C)NC(=O)N(c2ccc(C#N)c(C#N)c2)C1=O,AR,sensitive,scout2,,254.2,1.26,0.763,2.4,100.0,0.006314999999999999,0.0009472499999999998,bioisostere,48.4,90.0,100.0,9.5,100,84.4,67.7,666
CHEMBL3698659,CHEMBL3698659,c1cc2c3cnc(Nc4ccc(N5CCNCC5)cn4)nc3n(C3CC4CCC3C4)c2cn1,CDK6,sensitive,scout1,5.1,0.0,0.0,0.498,4.55,100.0,0.008231,0.001235,database_search,63.1,79.6,100.0,12.3,80,60.6,67.7,667
CHEMBL428690,CHEMBL428690,CN1CC[C@H](c2c(O)cc(O)c3c(=O)cc(-c4ccccc4Cl)oc23)[C@H](O)C1,CDK4,sensitive,scout1,6.4,0.0,0.0,0.61,3.41,100.0,0.007985,0.001198,database_search,61.2,79.5,100.0,12.0,80,73.2,67.7,668
,,N#Cc1cc(O)nc2cc3c(cc12)[C@H]1CCCC[C@H]1CN3,AR,sensitive,scout2,,279.3,3.51,0.774,2.6,100.0,0.006370000000000001,0.0009555000000000001,bioisostere,48.8,90.0,100.0,9.6,100,82.2,67.7,669
,,NOc1ccc2c(c1)CCCN2S(=O)(=O)c1ccc(N2CCCC2=O)cc1,MDM2,sensitive,scout2,,387.5,2.21,0.812,3.4,100.0,0.006560000000000001,0.000984,r_group,50.3,90.0,100.0,9.8,100,73.3,67.7,670
CHEMBL1995813,CHEMBL1995813,NC1CCCCC1Nc1nccc(-c2c[nH]c3ncccc23)n1,CDK4,sensitive,scout1,31.62,0.0,0.0,0.692,3.25,100.0,0.00625,0.000938,database_search,47.9,96.8,100.0,9.4,80,75.0,67.7,671
CHEMBL428690,CHEMBL428690,CN1CC[C@H](c2c(O)cc(O)c3c(=O)cc(-c4ccccc4Cl)oc23)[C@H](O)C1,CDK4,sensitive,scout1,6.4,0.0,0.0,0.61,3.41,100.0,0.007985,0.001198,database_search,61.2,79.5,100.0,12.0,80,73.2,67.7,672
,,Nc1nc(Cl)cc(-c2nn(C(F)Cl)cc2Cc2ccccc2OCCN2CCNC(=O)C2)n1,EZH2,resistant,scout2,,494.4,2.64,0.366,4.1,100.0,0.000866,0.00433,bioisostere,34.6,90.0,100.0,43.3,100,65.6,67.7,673
CHEMBL428690,CHEMBL428690,CN1CC[C@H](c2c(O)cc(O)c3c(=O)cc(-c4ccccc4Cl)oc23)[C@H](O)C1,CDK4,sensitive,scout1,6.4,0.0,0.0,0.61,3.41,100.0,0.007985,0.001198,database_search,61.2,79.5,100.0,12.0,80,73.2,67.7,674
,,CCc1ccc2c(c1)CCCN2S(=O)(=O)c1ccc(N2CCCC2=O)cc1,MDM2,sensitive,scout2,,384.5,3.52,0.81,3.4,100.0,0.00655,0.0009825,r_group,50.2,90.0,100.0,9.8,100,73.3,67.7,675
,,O=C1CCCN1c1ccc(S(=O)(=O)N2CCCc3cc(Cl)ccc32)cc1,MDM2,sensitive,scout2,,390.9,3.61,0.804,3.2,100.0,0.006520000000000001,0.0009780000000000001,r_group,50.0,90.0,100.0,9.8,100,75.6,67.7,676
,,Nc1nc(Cl)cc(-c2nn(C(F)F)cc2Cc2cc[nH]c2)n1.OCCN1CCO[C@@H](CO)C1,EZH2,resistant,scout2,,485.9,1.56,0.37,4.1,100.0,0.00087,0.00435,bioisostere,34.8,90.0,100.0,43.5,100,65.6,67.7,677
,,N#Cc1cc(O)nc2cc3c(cc12)[C@H]1CCCC[C@@H]1CN3,AR,sensitive,scout2,,279.3,3.51,0.774,2.6,100.0,0.006370000000000001,0.0009555000000000001,bioisostere,48.8,90.0,100.0,9.6,100,82.2,67.7,678
CHEMBL176512,CHEMBL176512,CCCCN(CC)CC(=O)[C@H](CC(=O)O)NC(=O)C(CC)n1cccc(NC(=O)c2ccc3ccccc3c2)c1=O,CD274,immune,scout1,2.3,0.0,0.0,0.256,3.46,75.1,0.004548,0.004548,database_search,60.6,79.8,75.1,45.5,80,72.7,67.6,679
,,O=C1CCCN1c1ccc(S(=O)(=O)N2CCCc3cc(OF)ccc32)cc1,MDM2,sensitive,scout2,,390.4,3.22,0.804,3.4,100.0,0.006520000000000001,0.0009780000000000001,r_group,50.0,90.0,100.0,9.8,100,73.3,67.6,680
,,COOc1ccc(F)c(F)c1C(=O)c1cnc(NC2CCN(S(C)(=O)=O)CC2)nc1N,ATR,resistant,scout2,,457.5,1.34,0.358,3.9,100.0,0.0008580000000000001,0.00429,r_group,34.3,90.0,100.0,42.9,100,67.8,67.6,681
,,O=C(O)c1cc(C(F)(F)F)c2cc3c(cc2n1)NC[C@H]1CCCC[C@H]31,AR,sensitive,scout2,,350.3,4.65,0.786,3.1,100.0,0.00643,0.0009645,r_group,49.3,90.0,100.0,9.6,100,76.7,67.6,682
,,CNCCN(c1ccncc1)S(=O)(=O)c1ccc(N2CCCC2=O)cc1,MDM2,sensitive,scout2,,374.5,1.62,0.796,3.2,100.0,0.0064800000000000005,0.000972,bioisostere,49.7,90.0,100.0,9.7,100,75.6,67.6,683
CHEMBL394503,CHEMBL394503,CNC(=O)Nc1cc(CNc2ccccc2C(=O)Nc2ccc3c(c2)OC(F)(F)O3)ccn1,BRAF,escape_route,scout1,24.0,0.0,0.0,0.447,2.55,98.9,0.00262,0.00393,database_search,43.7,78.1,98.9,47.2,80,82.8,67.6,684
,,O=C(O)c1cc(C(F)(F)F)c2cc3c(cc2n1)NC[C@@H]1CCCC[C@H]31,AR,sensitive,scout2,,350.3,4.65,0.786,3.1,100.0,0.00643,0.0009645,r_group,49.3,90.0,100.0,9.6,100,76.7,67.6,685
,,CNc1cccc(-c2nc(N3CCOCC3)c3oc4ncccc4c3n2)c1.Cl,PIK3CA,escape_route,scout2,,397.9,3.74,0.564,3.5,100.0,0.002128,0.003192,r_group,35.5,90.0,100.0,38.3,100,72.2,67.5,686
,,CN.Clc1cc2c(cc1Cc1cn(CC3CCCCC3)nc1-c1cccs1)OCO2.O,CHEK2,resistant,scout2,,464.0,4.92,0.581,3.9,100.0,0.0010810000000000001,0.005405,bioisostere,43.2,72.0,100.0,54.0,100,67.8,67.5,687
,,CN(C)c1cc(C(F)(F)F)c2cc3c(cc2n1)NC[C@H]1CCCC[C@H]31,AR,sensitive,scout2,,349.4,5.02,0.784,3.1,100.0,0.00642,0.000963,r_group,49.2,90.0,100.0,9.6,100,76.7,67.5,688
,,CN(C)c1cc(C(F)(F)F)c2cc3c(cc2n1)NC[C@@H]1CCCC[C@H]31,AR,sensitive,scout2,,349.4,5.02,0.784,3.1,100.0,0.00642,0.000963,r_group,49.2,90.0,100.0,9.6,100,76.7,67.5,689
,,CNN1CCN(S(=O)(=O)c2ccc(N3CCCC3=O)cc2)c2ccc(OC)cc21,MDM2,sensitive,scout2,,416.5,1.97,0.803,3.6,100.0,0.006515,0.00097725,r_group,49.9,90.0,100.0,9.8,100,71.1,67.5,690
,,CN.Clc1cc2c(cc1Cc1cn(CC3CCCCC3)nc1-c1ccsc1)OCO2.O,CHEK2,resistant,scout2,,464.0,4.92,0.581,3.9,100.0,0.0010810000000000001,0.005405,bioisostere,43.2,72.0,100.0,54.0,100,67.8,67.5,691
,,NS(=O)(=O)c1cc(C(F)(F)F)c2cc3c(cc2n1)NC[C@H]1CCCC[C@H]31,AR,sensitive,scout2,,385.4,3.6,0.785,3.2,100.0,0.006425000000000001,0.0009637500000000001,r_group,49.3,90.0,100.0,9.6,100,75.6,67.5,692
,,O=C1CCCN1c1ccc(S(=O)(=O)NCCCc2ccoc2)cc1,MDM2,sensitive,scout2,,348.4,2.32,0.779,3.0,100.0,0.006395,0.0009592499999999999,bioisostere,49.0,90.0,100.0,9.6,100,77.8,67.5,693
CHEMBL369589,CHEMBL369589,CCC(C(=O)NC(CC(=O)O)C(=O)CN1CCC(C(N)=O)CC1)n1cccc(NC(=O)c2ccc3ccccc3c2)c1=O,CD274,immune,scout1,11.6,0.0,0.0,0.247,3.47,74.9,0.003669,0.003669,database_search,48.9,98.8,74.9,36.7,80,72.6,67.5,694
CHEMBL3641995,CHEMBL3641995,C[C@H](O)CNC1CCN(c2ccc(Nc3ncc4c5ccncc5n(C5CCCC5)c4n3)nn2)CC1,CDK6,sensitive,scout1,5.7,0.0,0.0,0.36,3.41,97.2,0.00811,0.001217,database_search,62.2,79.5,97.2,12.2,80,73.2,67.5,695
CHEMBL4849033,CHEMBL4849033,Cn1cc(Cc2cccs2)c(-c2cc(Cl)nc(N)n2)n1,EZH2,resistant,scout1,141.0,0.0,0.0,0.755,2.83,100.0,0.000925,0.004627,database_search,37.0,85.9,100.0,46.3,80,79.7,67.5,696
,,NS(=O)(=O)c1cc(C(F)(F)F)c2cc3c(cc2n1)NC[C@@H]1CCCC[C@H]31,AR,sensitive,scout2,,385.4,3.6,0.785,3.2,100.0,0.006425000000000001,0.0009637500000000001,r_group,49.3,90.0,100.0,9.6,100,75.6,67.5,697
,,CNCCN(c1cc[nH]c1)S(=O)(=O)c1ccc(N2CCCC2=O)cc1,MDM2,sensitive,scout2,,362.5,1.56,0.783,3.1,100.0,0.006415,0.0009622499999999999,bioisostere,49.2,90.0,100.0,9.6,100,76.7,67.5,698
CHEMBL214282,CHEMBL214282,CN1C(=O)C[C@H](c2ccccc2)[C@@H]1[C@H](O)c1ccc(S(=O)(=O)N2CCOCC2)s1,KRAS,escape_route,scout1,70.0,0.0,0.0,0.773,3.63,100.0,0.002155,0.003232,database_search,35.9,93.0,100.0,38.8,80,70.8,67.4,699
CHEMBL210540,CHEMBL210540,Cc1cc(-c2cnc(Nc3cnc(CN4CCN(C)CC4)cn3)s2)nc(OC2CCCCC2)n1,CDK6,sensitive,scout1,7.8,0.0,0.0,0.54,2.95,100.0,0.00777,0.001165,database_search,59.6,79.4,100.0,11.6,80,78.3,67.4,700
CHEMBL3702123,CHEMBL3702123,O=C(c1ccc(Nc2ncc3c4ccncc4n(C4CCCC4)c3n2)nc1)N1CCNCC1,CDK6,sensitive,scout1,8.0,0.0,0.0,0.5,2.79,100.0,0.007742,0.001161,database_search,59.4,79.4,100.0,11.6,80,80.1,67.4,701
,,O=C1CCCN1c1ccc(S(=O)(=O)NCCCc2ccsc2)cc1,MDM2,sensitive,scout2,,364.5,2.79,0.768,3.0,100.0,0.00634,0.000951,bioisostere,48.6,90.0,100.0,9.5,100,77.8,67.4,702
,,O=C1CCCN1c1ccc(S(=O)(=O)N2CCCc3cc(C4CC4)ccc32)cc1,MDM2,sensitive,scout2,,396.5,3.83,0.789,3.5,100.0,0.006445000000000001,0.0009667500000000002,r_group,49.4,90.0,100.0,9.7,100,72.2,67.4,703
CHEMBL206143,CHEMBL206143,COc1ccc(CCC(=O)Nc2cc(OC)c(NC(=O)Nc3cnc(C#N)cn3)cc2Cl)cc1,CHEK1,resistant,scout1,72.0,0.0,0.0,0.438,2.44,98.8,0.001071,0.005357,database_search,42.9,74.2,98.8,53.6,80,84.0,67.4,704
,,Nc1nc(Cl)cc(-c2nn(C(F)F)cc2Cc2ccsc2)n1.OCCN1CCO[C@@H](CO)C1,EZH2,resistant,scout2,,503.0,2.29,0.421,4.1,93.4,0.0009210000000000002,0.004605000000000001,bioisostere,36.8,90.0,93.4,46.1,100,65.6,67.4,705
,,CCCCCCNCC(=O)C(C)(F)F,FOLH1,other,scout2,,207.3,2.38,0.619,1.8,100.0,0.0027975,0.0027975,bioisostere,37.3,90.0,100.0,28.0,100,91.1,67.4,706
,,CNc1cc(C(F)(F)F)c2cc3c(cc2n1)NC[C@@H]1CCCC[C@H]31,AR,sensitive,scout2,,335.4,4.99,0.77,3.0,100.0,0.006350000000000001,0.0009525,r_group,48.7,90.0,100.0,9.5,100,77.8,67.4,707
CHEMBL379914,CHEMBL379914,N[C@H](COc1cnc(Cl)c(/C=C/c2ccncc2)c1)Cc1c[nH]c2ccccc12,AKT1,escape_route,scout1,23.0,0.0,0.0,0.436,3.07,98.7,0.002638,0.003957,database_search,44.0,78.2,98.7,47.5,80,77.0,67.4,708
,,CNc1cc(C(F)(F)F)c2cc3c(cc2n1)NC[C@H]1CCCC[C@H]31,AR,sensitive,scout2,,335.4,4.99,0.77,3.0,100.0,0.006350000000000001,0.0009525,r_group,48.7,90.0,100.0,9.5,100,77.8,67.4,709
CHEMBL220054,CHEMBL220054,O=C(NC(CO)c1ccc(F)c(Cl)c1)c1cc(-c2[nH]ncc2-c2cccc(Cl)c2)c[nH]1,MAPK1,sensitive,scout1,6.0,0.0,0.0,0.328,3.12,96.6,0.008055,0.001208,database_search,61.8,79.5,96.6,12.1,80,76.4,67.4,710
,,Cl.NC(=O)c1cccc(-c2nc(N3CCOCC3)c3oc4ncccc4c3n2)c1,PIK3CA,escape_route,scout2,,411.8,2.8,0.552,3.6,100.0,0.002104,0.003156,r_group,35.1,90.0,100.0,37.9,100,71.1,67.3,711
,,CNCCN(C)c1nc(-c2cccc(O)c2)nc2c1oc1ncccc12.Cl,PIK3CA,escape_route,scout2,,385.9,3.22,0.545,3.4,100.0,0.00209,0.0031349999999999998,bioisostere,34.8,90.0,100.0,37.6,100,73.3,67.3,712
,,Cl.Oc1ccoc1.c1cnc2oc3c(N4CCOCC4)ncnc3c2c1,PIK3CA,escape_route,scout2,,376.8,3.01,0.541,3.2,100.0,0.002082,0.0031229999999999995,bioisostere,34.7,90.0,100.0,37.5,100,75.6,67.3,713
CHEMBL312854,CHEMBL312854,O=C(O)c1cc2c(c(Cn3nc(-c4ccccc4)c(Cc4cc5c(cc4Cl)OCO5)c3C(=O)O)c1)OCOC2,CHEK2,resistant,scout1,44.0,0.0,0.0,0.333,2.98,86.7,0.001178,0.005891,database_search,47.1,76.5,86.7,58.9,80,78.0,67.3,714
,,NS(=O)(=O)c1ccc2c(c1)CCCN2S(=O)(=O)c1ccc(N2CCCC2=O)cc1,MDM2,sensitive,scout2,,435.5,1.6,0.783,3.6,100.0,0.006415,0.0009622499999999999,r_group,49.2,90.0,100.0,9.6,100,71.1,67.3,715
,,CN=Cc1ccc(-c2[nH]c(-c3ccccc3)nc2-c2ccncc2)cc1,BRAF,escape_route,scout2,,338.4,4.85,0.541,3.2,100.0,0.002082,0.0031229999999999995,r_group,34.7,90.0,100.0,37.5,100,75.6,67.3,716
,,O=C1CN(CCOc2ccccc2Cc2cn(C(F)F)nc2-c2cc(Cl)nc(C(=O)O)n2)CCN1,EZH2,resistant,scout2,,506.9,2.49,0.424,4.4,93.5,0.000924,0.00462,r_group,37.0,90.0,93.5,46.2,100,62.2,67.3,717
,,NC(=O)c1nc(Cl)cc(-c2nn(C(F)F)cc2Cc2ccccc2OCCN2CCNC(=O)C2)n1,EZH2,resistant,scout2,,505.9,1.89,0.425,4.4,93.5,0.0009250000000000001,0.004625000000000001,r_group,37.0,90.0,93.5,46.3,100,62.2,67.3,718
,,COc1ccc2c(c1)N(N)CCN2S(=O)(=O)c1ccc(N2CCCC2=O)cc1,MDM2,sensitive,scout2,,402.5,1.71,0.782,3.5,100.0,0.00641,0.0009614999999999999,r_group,49.1,90.0,100.0,9.6,100,72.2,67.3,719
,,CN1CCN(S(=O)(=O)c2ccc(N3CCCC3=O)cc2)c2ccc(ON)cc21,MDM2,sensitive,scout2,,402.5,1.71,0.782,3.5,100.0,0.00641,0.0009614999999999999,r_group,49.1,90.0,100.0,9.6,100,72.2,67.3,720
,,CNOc1ccc2c(c1)CCCN2S(=O)(=O)c1ccc(N2CCCC2=O)cc1,MDM2,sensitive,scout2,,401.5,2.47,0.779,3.5,100.0,0.006395,0.0009592499999999999,r_group,49.0,90.0,100.0,9.6,100,72.2,67.3,721
,,CNC.Nc1nc(Cl)cc(-c2nn(C(F)F)cc2Cc2ccccc2OCCN2[CH]COCC2)n1.O,EZH2,resistant,scout2,,527.0,2.45,0.427,4.5,93.5,0.0009270000000000001,0.004635,bioisostere,37.1,90.0,93.5,46.4,100,61.1,67.3,722
,,CC(C)c1ccc2c(c1)CCCN2S(=O)(=O)c1ccc(N2CCCC2=O)cc1,MDM2,sensitive,scout2,,398.5,4.08,0.78,3.5,100.0,0.0064,0.00096,r_group,49.1,90.0,100.0,9.6,100,72.2,67.3,723
,,O=C1CCCN1c1ccc(S(=O)(=O)NCCCc2ccncc2)cc1,MDM2,sensitive,scout2,,359.5,2.12,0.768,3.1,100.0,0.00634,0.000951,bioisostere,48.6,90.0,100.0,9.5,100,76.7,67.3,724
,,O=C1CCCN1c1ccc(S(=O)(=O)NCCCc2cc[nH]c2)cc1,MDM2,sensitive,scout2,,347.4,2.05,0.752,3.0,100.0,0.00626,0.000939,bioisostere,48.0,90.0,100.0,9.4,100,77.8,67.2,725
,,N#Cc1cc(C(F)(F)F)c2cc3c(cc2n1)NC[C@@H]1CCCC[C@H]31,AR,sensitive,scout2,,331.3,4.82,0.752,3.0,100.0,0.00626,0.000939,r_group,48.0,90.0,100.0,9.4,100,77.8,67.2,726
,,Nc1cc(C(F)(F)F)c2cc3c(cc2n1)NC[C@@H]1CCCC[C@H]31,AR,sensitive,scout2,,321.3,4.54,0.749,2.9,100.0,0.0062450000000000006,0.0009367500000000001,r_group,47.9,90.0,100.0,9.4,100,78.9,67.2,727
,,O=C(NC1CCOCC1)c1n[nH]cc1NC(=O)c1c(Cl)cccc1Cl,CDK4,sensitive,scout2,,383.2,2.88,0.757,3.1,100.0,0.006285000000000001,0.00094275,bioisostere,48.2,90.0,100.0,9.4,100,76.7,67.2,728
,,N#Cc1cc(C(F)(F)F)c2cc3c(cc2n1)NC[C@H]1CCCC[C@H]31,AR,sensitive,scout2,,331.3,4.82,0.752,3.0,100.0,0.00626,0.000939,r_group,48.0,90.0,100.0,9.4,100,77.8,67.2,729
,,COC[C@H]1OC(=O)c2coc3c2[C@@]1(C)C1=C(C3=O)[C@@H]2CCC(=O)[C@@]2(C)C[CH]1.CS(N)(=O)=O,PIK3CB,escape_route,scout2,,464.5,1.71,0.652,4.0,93.0,0.002304,0.0034560000000000003,bioisostere,38.4,90.0,93.0,41.5,100,66.7,67.2,730
,,CCC1CCNc2cc3[nH]c(=O)cc(C(Cl)(Cl)Cl)c3cc21,AR,sensitive,scout2,,345.7,4.66,0.738,2.6,100.0,0.00619,0.0009285,bioisostere,47.5,90.0,100.0,9.3,100,82.2,67.2,731
,,Nc1cc(C(F)(F)F)c2cc3c(cc2n1)NC[C@H]1CCCC[C@H]31,AR,sensitive,scout2,,321.3,4.54,0.749,2.9,100.0,0.0062450000000000006,0.0009367500000000001,r_group,47.9,90.0,100.0,9.4,100,78.9,67.2,732
CHEMBL3545110,CHEMBL3545110,CN(C)C(=O)c1cc2cnc(Nc3ccc(N4CCNCC4)cn3)nc2n1C1CCCC1,CDK6,sensitive,scout1,39.0,0.0,0.0,0.638,2.82,100.0,0.006022,0.000903,database_search,46.2,96.1,100.0,9.0,80,79.8,67.2,733
,,CCc1cc(C(F)(F)F)c2cc3c(cc2n1)NC[C@H]1CCCC[C@H]31,AR,sensitive,scout2,,334.4,5.52,0.743,3.0,99.9,0.006214999999999999,0.0009322499999999998,r_group,47.6,90.0,99.9,9.3,100,77.8,67.1,734
,,COC[CH][C@]1(C)C2=C(C(=O)c3occ(S(N)(=O)=O)c31)[C@@H]1CCC(=O)[C@@]1(C)C[C@H]2OC(C)=O,PIK3CB,escape_route,scout2,,464.5,1.85,0.65,4.0,93.0,0.0023,0.00345,bioisostere,38.3,90.0,93.0,41.4,100,66.7,67.1,735
,,Cl.Oc1cc[nH]c1.c1cnc2oc3c(N4CCOCC4)ncnc3c2c1,PIK3CA,escape_route,scout2,,375.8,2.75,0.527,3.2,100.0,0.0020540000000000003,0.0030810000000000004,bioisostere,34.2,90.0,100.0,37.0,100,75.6,67.1,736
CHEMBL200863,CHEMBL200863,CC(C)(CNC(=O)Nc1ccc(Cl)cc1)c1nc(-c2ccc(Cl)c(O)c2)c(-c2ccncc2)[nH]1,BRAF,escape_route,scout1,13.0,0.0,0.0,0.253,2.66,85.1,0.002886,0.004329,database_search,48.1,79.0,85.1,51.9,80,81.6,67.1,737
,,CCc1cc(C(F)(F)F)c2cc3c(cc2n1)NC[C@@H]1CCCC[C@H]31,AR,sensitive,scout2,,334.4,5.52,0.743,3.0,99.9,0.006214999999999999,0.0009322499999999998,r_group,47.6,90.0,99.9,9.3,100,77.8,67.1,738
,,NN1C(=O)C[C@H](c2ccccc2F)[C@@H]1[C@H](O)c1ccc(-c2cccnc2)s1,KRAS,escape_route,scout2,,383.4,3.24,0.535,3.4,100.0,0.0020700000000000002,0.0031050000000000006,r_group,34.5,90.0,100.0,37.3,100,73.3,67.1,739
,,Cl.Oc1ccncc1.c1cnc2oc3c(N4CCOCC4)ncnc3c2c1,PIK3CA,escape_route,scout2,,387.8,2.82,0.532,3.4,100.0,0.0020640000000000003,0.0030960000000000002,bioisostere,34.4,90.0,100.0,37.2,100,73.3,67.1,740
,,C.CN[C@@]1(C(C)=O)CC[C@H]2[C@@H]3C[C@H](C)C4=CC(=O)CC[C@]4(C)[C@H]3CC[C@@]21C.O,AR,sensitive,scout2,,391.6,4.12,0.769,3.5,100.0,0.006345000000000001,0.0009517500000000001,bioisostere,48.6,90.0,100.0,9.5,100,72.2,67.1,741
,,NN1C(=O)C[C@H](c2ccccc2F)[C@@H]1[C@H](O)c1ccc(-c2ccccc2)s1,KRAS,escape_route,scout2,,382.5,3.85,0.532,3.4,100.0,0.0020640000000000003,0.0030960000000000002,r_group,34.4,90.0,100.0,37.2,100,73.3,67.1,742
,,Cl.Nc1nccc(-c2[nH]c(-c3ccccc3)nc2-c2cc[nH]c2)n1.O,BRAF,escape_route,scout2,,356.8,2.71,0.521,3.1,100.0,0.002042,0.0030629999999999993,bioisostere,34.0,90.0,100.0,36.8,100,76.7,67.1,743
CHEMBL569181,CHEMBL569181,COc1cccc(Nc2ncc(C)c(-c3c[nH]c(C(=O)N[C@H](CO)c4cccc(Cl)c4)c3)n2)c1OC,MAPK1,sensitive,scout1,3.0,0.0,0.0,0.26,3.18,85.2,0.008807,0.001321,database_search,67.5,79.8,85.2,13.2,80,75.8,67.0,744
,,CNC(=O)[C@@H]1COCCN1CCOc1ccccc1Cc1cn(C(F)F)nc1-c1cc(Cl)nc(N)n1,EZH2,resistant,scout2,,522.0,2.39,0.412,4.5,93.2,0.000912,0.00456,bioisostere,36.5,90.0,93.2,45.6,100,61.1,67.0,745
CHEMBL3698731,CHEMBL3698731,NCC1CCN(c2ccc(Nc3ncc4c5ccncc5n(C5CCCC5)c4n3)nn2)CC1,CDK6,sensitive,scout1,8.8,0.0,0.0,0.479,2.89,99.6,0.007639,0.001146,database_search,58.6,79.3,99.6,11.5,80,79.0,67.0,746
,,Cl.Nc1cccc(-c2nc(N3CCOCC3)c3oc4ncccc4c3n2)c1,PIK3CA,escape_route,scout2,,383.8,3.28,0.531,3.4,100.0,0.0020620000000000005,0.0030930000000000003,r_group,34.4,90.0,100.0,37.1,100,73.3,67.0,747
CHEMBL432406,CHEMBL432406,O=C(Cn1c2c(c(=O)[nH]c1=O)CSCC2)NCC(=O)N1CCN(c2ncccn2)CC1,PARP1,resistant,scout1,150.0,0.0,0.0,0.573,2.85,100.0,0.000912,0.00456,database_search,36.5,85.0,100.0,45.6,80,79.4,67.0,748
,,CNC(=O)[C@H]1COCCN1CCOc1ccccc1Cc1cn(C(F)F)nc1-c1cc(Cl)nc(N)n1,EZH2,resistant,scout2,,522.0,2.39,0.412,4.5,93.2,0.000912,0.00456,bioisostere,36.5,90.0,93.2,45.6,100,61.1,67.0,749
,,Nc1nccc(-c2[nH]c(-c3ccoc3)nc2-c2ccc(Cl)c(O)c2)n1,BRAF,escape_route,scout2,,353.8,3.73,0.517,3.1,100.0,0.002034,0.0030509999999999995,bioisostere,33.9,90.0,100.0,36.6,100,76.7,67.0,750
,,NC(=O)N=Cc1ccc(-c2[nH]c(-c3ccccc3)nc2-c2ccncc2)cc1,BRAF,escape_route,scout2,,367.4,4.3,0.526,3.5,100.0,0.002052,0.003078,r_group,34.2,90.0,100.0,36.9,100,72.2,66.9,751
,,Cl.Fc1cccc(-c2nc(N3CCOCC3)c3oc4ncccc4c3n2)c1,PIK3CA,escape_route,scout2,,386.8,3.84,0.521,3.4,100.0,0.002042,0.0030629999999999993,r_group,34.0,90.0,100.0,36.8,100,73.3,66.9,752
,,C.NC(=O)[C@H]1COCCN1CCOc1ccccc1Cc1cn(C(F)F)nc1-c1cc(Cl)nc(N)n1,EZH2,resistant,scout2,,524.0,2.76,0.409,4.5,93.2,0.0009090000000000001,0.004545,bioisostere,36.4,90.0,93.2,45.5,100,61.1,66.9,753
,,Cc1cccc(-c2nc(N3CCOCC3)c3oc4ncccc4c3n2)c1.Cl,PIK3CA,escape_route,scout2,,382.9,4.0,0.522,3.4,100.0,0.0020440000000000002,0.0030659999999999997,r_group,34.1,90.0,100.0,36.8,100,73.3,66.9,754
,,C.NC(=O)[C@@H]1COCCN1CCOc1ccccc1Cc1cn(C(F)F)nc1-c1cc(Cl)nc(N)n1,EZH2,resistant,scout2,,524.0,2.76,0.409,4.5,93.2,0.0009090000000000001,0.004545,bioisostere,36.4,90.0,93.2,45.5,100,61.1,66.9,755
,,Oc1cc(C(F)(F)Cl)c2cc3c(cc2n1)NC[C@H]1CCCC[C@H]31,AR,sensitive,scout2,,338.8,4.93,0.725,2.9,100.0,0.006125,0.00091875,bioisostere,47.0,90.0,100.0,9.2,100,78.9,66.9,756
,,Oc1cc(C(F)(F)Cl)c2cc3c(cc2n1)NC[C@@H]1CCCC[C@H]31,AR,sensitive,scout2,,338.8,4.93,0.725,2.9,100.0,0.006125,0.00091875,bioisostere,47.0,90.0,100.0,9.2,100,78.9,66.9,757
CHEMBL381421,CHEMBL381421,Oc1cc(-c2[nH]c(-c3ccccc3)nc2-c2ccnnc2)ccc1Cl,BRAF,escape_route,scout1,87.0,0.0,0.0,0.569,2.47,100.0,0.00206,0.003091,database_search,34.3,91.3,100.0,37.1,80,83.7,66.9,758
,,N#Cc1ccc(-c2ccc([C@@H](O)[C@H]3[C@@H](c4ccccc4)CC(=O)N3N)s2)cc1,KRAS,escape_route,scout2,,389.5,3.58,0.527,3.5,100.0,0.0020540000000000003,0.0030810000000000004,r_group,34.2,90.0,100.0,37.0,100,72.2,66.9,759
,,Nc1nccc(-c2[nH]c(-c3ccncc3)nc2-c2ccc(Cl)c(O)c2)n1,BRAF,escape_route,scout2,,364.8,3.54,0.512,3.2,100.0,0.002024,0.003036,bioisostere,33.7,90.0,100.0,36.4,100,75.6,66.9,760
,,CCOc1ccc2c(c1)N(C)CCN2S(=O)(=O)c1ccc(N2CCCC2=O)cc1,MDM2,sensitive,scout2,,415.5,2.86,0.751,3.6,100.0,0.006254999999999999,0.0009382499999999998,r_group,48.0,90.0,100.0,9.4,100,71.1,66.8,761
,,CS(=O)(=O)N1CCC(Nc2ncc(C(=O)c3c(ON)ccc(F)c3F)c(N)n2)CC1,ATR,resistant,scout2,,442.4,0.66,0.432,3.8,88.6,0.0009320000000000001,0.00466,r_group,37.3,90.0,88.6,46.6,100,68.9,66.8,762
,,O=C(C[Se](=O)CCCCCO)C(F)(F)F,FOLH1,other,scout2,,293.1,1.7,0.574,1.9,100.0,0.0026849999999999995,0.0026849999999999995,r_group,35.8,90.0,100.0,26.8,100,90.0,66.8,763
,,NC(=O)N=C1CCc2cc(-c3[nH]c(-c4ccccc4)nc3-c3ccncc3)ccc21,BRAF,escape_route,scout2,,393.5,4.62,0.531,3.8,100.0,0.0020620000000000005,0.0030930000000000003,r_group,34.4,90.0,100.0,37.1,100,68.9,66.8,764
CHEMBL115336,CHEMBL115336,CC(C)[C@H](NC(=O)c1ccccc1)C(=O)N(CC(=O)NC(CC(=O)O)C(=O)c1nc2ccccc2o1)C1Cc2ccccc2C1,CD274,immune,scout1,2.0,0.0,0.0,0.206,3.56,69.1,0.004624,0.004624,database_search,61.7,79.8,69.1,46.2,80,71.6,66.8,765
,,CNOc1ccc2c(c1)N(C)CCN2S(=O)(=O)c1ccc(N2CCCC2=O)cc1,MDM2,sensitive,scout2,,416.5,1.97,0.751,3.6,100.0,0.006254999999999999,0.0009382499999999998,r_group,48.0,90.0,100.0,9.4,100,71.1,66.8,766
CHEMBL200847,CHEMBL200847,COC(=O)CCc1c(C)[nH]c(/C=C2\C(=O)Nc3cc(-c4ccc(O)c(OC)c4)ccc32)c1C,CHEK1,resistant,scout1,75.0,0.0,0.0,0.379,2.67,97.6,0.001062,0.005312,database_search,42.5,74.0,97.6,53.1,80,81.4,66.8,767
CHEMBL173677,CHEMBL173677,CCCCN(C)CC(=O)[C@H](CC(=O)O)NC(=O)C(CC)n1cccc(NC(=O)c2ccc3ccccc3c2)c1=O,CD274,immune,scout1,3.1,0.0,0.0,0.28,3.43,75.6,0.004386,0.004386,database_search,58.5,79.8,75.6,43.9,80,73.0,66.8,768
,,Nc1nccc(-c2[nH]c(-c3ccsc3)nc2-c2ccc(Cl)c(O)c2)n1,BRAF,escape_route,scout2,,369.8,4.2,0.502,3.1,100.0,0.002004,0.0030059999999999996,bioisostere,33.4,90.0,100.0,36.1,100,76.7,66.8,769
,,CCN1CCN(S(=O)(=O)c2ccc(N3CCCC3=O)cc2)c2ccc(OC)cc21,MDM2,sensitive,scout2,,415.5,2.86,0.751,3.6,100.0,0.006254999999999999,0.0009382499999999998,r_group,48.0,90.0,100.0,9.4,100,71.1,66.8,770
,,NCCCCC[Se](=O)CC(=O)C(F)(F)F,FOLH1,other,scout2,,292.2,1.67,0.573,1.9,100.0,0.0026825,0.0026825,r_group,35.8,90.0,100.0,26.8,100,90.0,66.8,771
CHEMBL120186,CHEMBL120186,COc1ccc(NS(=O)(=O)c2c(F)c(F)c(F)c(F)c2F)cc1NC(=O)[C@H](C)NC(C)=O,MAP2K1,sensitive,scout1,43.0,0.0,0.0,0.32,2.94,100.0,0.005916,0.000887,database_search,45.4,95.7,100.0,8.9,80,78.4,66.8,772
,,N#COc1ccc2c(c1)CCCN2S(=O)(=O)c1ccc(N2CCCC2=O)cc1,MDM2,sensitive,scout2,,397.5,2.81,0.74,3.5,100.0,0.0062,0.0009299999999999999,r_group,47.5,90.0,100.0,9.3,100,72.2,66.8,773
,,Cc1cc(C(F)(F)F)c2cc3c(cc2n1)NC[C@H]1CCCC[C@H]31,AR,sensitive,scout2,,320.4,5.26,0.716,2.9,99.3,0.00608,0.000912,r_group,46.6,90.0,99.3,9.1,100,78.9,66.7,774
CHEMBL258721,CHEMBL258721,CC(C)c1nn(-c2c(Cl)cccc2Cl)c2nc(Cc3ccc(OCCO)cc3)[nH]c(=O)c12,CDK4,sensitive,scout1,9.0,0.0,0.0,0.412,2.69,98.2,0.007614,0.001142,database_search,58.4,79.3,98.2,11.4,80,81.2,66.7,775
CHEMBL427170,CHEMBL427170,CN1CCN(c2ccc(C(=O)Nc3n[nH]c4c3CN(C(=O)c3ccco3)C4)cc2)CC1,AURKA,resistant,scout1,160.0,0.0,0.0,0.671,2.53,100.0,0.000898,0.00449,database_search,35.9,84.0,100.0,44.9,80,83.0,66.7,776
,,CCCCCCNCC(=O)C(Cl)(Cl)Cl,FOLH1,other,scout2,,260.6,3.1,0.563,1.8,100.0,0.0026574999999999997,0.0026574999999999997,bioisostere,35.4,90.0,100.0,26.6,100,91.1,66.7,777
,,NCCCCC[Se](=O)(=O)CC(=O)C(F)(F)F,FOLH1,other,scout2,,308.2,1.55,0.572,2.0,100.0,0.00268,0.00268,r_group,35.7,90.0,100.0,26.8,100,88.9,66.7,778
,,CCc1cccc(-c2nc(N3CCOCC3)c3oc4ncccc4c3n2)c1.Cl,PIK3CA,escape_route,scout2,,396.9,4.26,0.515,3.5,100.0,0.00203,0.0030450000000000004,r_group,33.8,90.0,100.0,36.5,100,72.2,66.7,779
,,O=C(C[Se](=O)(=O)CCCCCO)C(F)(F)F,FOLH1,other,scout2,,309.1,1.58,0.572,2.0,100.0,0.00268,0.00268,r_group,35.7,90.0,100.0,26.8,100,88.9,66.7,780
,,Cc1cc(C(F)(F)F)c2cc3c(cc2n1)NC[C@@H]1CCCC[C@H]31,AR,sensitive,scout2,,320.4,5.26,0.716,2.9,99.3,0.00608,0.000912,r_group,46.6,90.0,99.3,9.1,100,78.9,66.7,781
,,COc1ccc2c(c1)N(OC)CCN2S(=O)(=O)c1ccc(N2CCCC2=O)cc1,MDM2,sensitive,scout2,,417.5,2.4,0.743,3.6,100.0,0.006214999999999999,0.0009322499999999998,r_group,47.6,90.0,100.0,9.3,100,71.1,66.7,782
,,Cl.N#Cc1cccc(-c2nc(N3CCOCC3)c3oc4ncccc4c3n2)c1,PIK3CA,escape_route,scout2,,393.8,3.57,0.514,3.5,100.0,0.002028,0.003042,r_group,33.8,90.0,100.0,36.5,100,72.2,66.7,783
CHEMBL3216006,CHEMBL3216006,Cl.Cl.c1cc(OCCN2CCOCC2)cc(-c2nc(N3CCOCC3)c3oc4ncccc4c3n2)c1,PIK3CA,escape_route,scout1,16.0,0.0,0.0,0.366,2.85,87.3,0.002796,0.004194,database_search,46.6,78.7,87.3,50.3,80,79.4,66.6,784
,,O=C(OC1CCNCC1)c1n[nH]cc1NC(=O)c1c(Cl)cccc1Cl,CDK4,sensitive,scout2,,383.2,2.88,0.706,3.1,100.0,0.00603,0.0009044999999999999,bioisostere,46.2,90.0,100.0,9.0,100,76.7,66.6,785
CHEMBL115252,CHEMBL115252,O=C[C@H](CC(=O)O)NS(=O)(=O)c1ccccc1OCCc1cccc2ccccc12,CD274,immune,scout1,62.0,0.0,0.0,0.482,2.78,100.0,0.00276,0.00276,database_search,36.8,93.8,100.0,27.6,80,80.2,66.6,786
,,CC(=O)[C]1CC[C@H]2[C@@H]3C[C@H](C)C4=CC(=O)CC[C@]4(C)[C@H]3CC[C@]12C.CC(N)=O,AR,sensitive,scout2,,386.6,4.42,0.724,3.5,100.0,0.0061200000000000004,0.000918,bioisostere,46.9,90.0,100.0,9.2,100,72.2,66.6,787
,,NS(=O)(=O)Oc1ccc2c(c1)CCCN2S(=O)(=O)c1ccc(N2CCCC2=O)cc1,MDM2,sensitive,scout2,,451.5,1.54,0.735,3.8,100.0,0.006175,0.00092625,r_group,47.3,90.0,100.0,9.3,100,68.9,66.5,788
,,CNN=C1CCc2cc(-c3[nH]c(-c4ccccc4)nc3-c3ccncc3)ccc21,BRAF,escape_route,scout2,,379.5,4.68,0.506,3.6,100.0,0.002012,0.003018,r_group,33.5,90.0,100.0,36.2,100,71.1,66.5,789
,,COc1ccc(/C=C/C(=O)N2C[C@H]3C[C@@]34C2=CC(=O)c2[nH]c(C)c(C(=O)SC)c24)nn1,MAP2K1,sensitive,scout2,,436.5,2.52,0.734,3.9,100.0,0.00617,0.0009255,bioisostere,47.3,90.0,100.0,9.3,100,67.8,66.5,790
,,O=C(O)N=Cc1ccc(-c2[nH]c(-c3ccccc3)nc2-c2ccncc2)cc1,BRAF,escape_route,scout2,,368.4,4.9,0.501,3.5,100.0,0.002002,0.003003,r_group,33.4,90.0,100.0,36.0,100,72.2,66.5,791
,,COc1ccc2c(c1)N(C1CC1)CCN2S(=O)(=O)c1ccc(N2CCCC2=O)cc1,MDM2,sensitive,scout2,,427.5,3.0,0.734,3.8,100.0,0.00617,0.0009255,r_group,47.3,90.0,100.0,9.3,100,68.9,66.5,792
,,CN1CCN(S(=O)(=O)c2ccc(N3CCCC3=O)cc2)c2ccc(OC3CC3)cc21,MDM2,sensitive,scout2,,427.5,3.0,0.734,3.8,100.0,0.00617,0.0009255,r_group,47.3,90.0,100.0,9.3,100,68.9,66.5,793
CHEMBL248051,CHEMBL248051,NC(=O)c1cc(CNc2ccccc2C(=O)Nc2ccc3c(c2)OC(F)(F)O3)ccn1,BRAF,escape_route,scout1,34.0,0.0,0.0,0.557,2.47,100.0,0.002469,0.003703,database_search,41.1,77.3,100.0,44.4,80,83.7,66.5,794
,,Cl.NS(=O)(=O)c1cccc(-c2nc(N3CCOCC3)c3oc4ncccc4c3n2)c1,PIK3CA,escape_route,scout2,,447.9,2.34,0.507,3.8,100.0,0.002014,0.0030210000000000002,r_group,33.6,90.0,100.0,36.3,100,68.9,66.5,795
CHEMBL204087,CHEMBL204087,CC(C)C(=O)N1Cc2n[nH]c(NC(=O)c3ccc4c(c3)OCO4)c2C1,AURKA,resistant,scout1,160.0,0.0,0.0,0.888,2.8,100.0,0.000898,0.00449,database_search,35.9,84.0,100.0,44.9,80,80.0,66.5,796
,,COc1ncc(/C=C/C(=O)N2C[C@H]3C[C@@]34C2=CC(=O)c2[nH]c(C)c(C(=O)SC)c24)cn1,MAP2K1,sensitive,scout2,,436.5,2.52,0.734,3.9,100.0,0.00617,0.0009255,bioisostere,47.3,90.0,100.0,9.3,100,67.8,66.5,797
,,NS(=O)(=O)c1c(Cc2cc3c(cc2Cl)OCO3)c(-c2ccsc2)nn1CC1CCCCC1,CHEK2,resistant,scout2,,494.0,4.81,0.531,4.0,100.0,0.0010310000000000002,0.005155000000000001,bioisostere,41.2,72.0,100.0,51.6,100,66.7,66.4,798
,,NS(=O)(=O)c1c(Cc2cc3c(cc2Cl)OCO3)c(-c2cccs2)nn1CC1CCCCC1,CHEK2,resistant,scout2,,494.0,4.81,0.531,4.0,100.0,0.0010310000000000002,0.005155000000000001,bioisostere,41.2,72.0,100.0,51.6,100,66.7,66.4,799
,,CN=C1CCc2cc(-c3[nH]c(-c4ccccc4)nc3-c3ccncc3)ccc21,BRAF,escape_route,scout2,,364.5,5.17,0.545,3.5,95.9,0.00209,0.0031349999999999998,r_group,34.8,90.0,95.9,37.6,100,72.2,66.4,800
,,CNCCCCC[Se](=O)CC(=O)C(F)(F)F,FOLH1,other,scout2,,306.2,1.93,0.55,2.0,100.0,0.002625,0.002625,r_group,35.0,90.0,100.0,26.2,100,88.9,66.4,801
,,COc1ccc2c(c1)N(N(C)C)CCN2S(=O)(=O)c1ccc(N2CCCC2=O)cc1,MDM2,sensitive,scout2,,430.5,2.31,0.725,3.8,100.0,0.006125,0.00091875,r_group,47.0,90.0,100.0,9.2,100,68.9,66.4,802
,,CC1(C)NC(=O)N(c2ccc(C#N)c(C(F)(F)Cl)c2)C1=O,AR,sensitive,scout2,,313.7,2.68,0.674,2.6,100.0,0.00587,0.0008805,bioisostere,45.0,90.0,100.0,8.8,100,82.2,66.4,803
,,CNC(=O)c1c(C)[nH]c2c1[C@@]13C[C@@H]1CN(C(=O)/C=C/c1cnc(OC)nc1)C3=CC2=O,MAP2K1,sensitive,scout2,,419.4,1.37,0.723,3.9,100.0,0.006115,0.0009172499999999999,bioisostere,46.9,90.0,100.0,9.2,100,67.8,66.3,804
,,NC(=O)CCCCC[Se](=O)CC(=O)C(F)(F)F,FOLH1,other,scout2,,320.2,1.59,0.545,2.1,100.0,0.0026125,0.0026125,r_group,34.8,90.0,100.0,26.1,100,87.8,66.3,805
,,C.COc1ccc(/C=C/C(=O)N2C[C@H]3C[C@@]34C2=CC(=O)c2[nH]c(C)c(C(N)=O)c24)nn1,MAP2K1,sensitive,scout2,,421.5,1.75,0.723,3.9,100.0,0.006115,0.0009172499999999999,bioisostere,46.9,90.0,100.0,9.2,100,67.8,66.3,806
,,O=C(O)CCCCC[Se](=O)CC(=O)C(F)(F)F,FOLH1,other,scout2,,321.2,2.18,0.549,2.1,100.0,0.0026225,0.0026225,r_group,35.0,90.0,100.0,26.2,100,87.8,66.3,807
,,CNC(=O)c1c(C)[nH]c2c1[C@@]13C[C@@H]1CN(C(=O)/C=C/c1ccc(OC)nn1)C3=CC2=O,MAP2K1,sensitive,scout2,,419.4,1.37,0.723,3.9,100.0,0.006115,0.0009172499999999999,bioisostere,46.9,90.0,100.0,9.2,100,67.8,66.3,808
,,CNCCCCC[Se](=O)(=O)CC(=O)C(F)(F)F,FOLH1,other,scout2,,322.2,1.81,0.547,2.1,100.0,0.0026175000000000005,0.0026175000000000005,r_group,34.9,90.0,100.0,26.2,100,87.8,66.3,809
,,FC(F)(F)c1cc(C2CC2)nc2cc3c(cc12)[C@H]1CCCC[C@H]1CN3,AR,sensitive,scout2,,346.4,5.83,0.703,3.1,99.1,0.0060149999999999995,0.0009022499999999998,r_group,46.1,90.0,99.1,9.0,100,76.7,66.3,810
,,FC(F)(F)c1cc(C2CC2)nc2cc3c(cc12)[C@H]1CCCC[C@@H]1CN3,AR,sensitive,scout2,,346.4,5.83,0.703,3.1,99.1,0.0060149999999999995,0.0009022499999999998,r_group,46.1,90.0,99.1,9.0,100,76.7,66.3,811
,,C.COc1ncc(/C=C/C(=O)N2C[C@H]3C[C@@]34C2=CC(=O)c2[nH]c(C)c(C(N)=O)c24)cn1,MAP2K1,sensitive,scout2,,421.5,1.75,0.723,3.9,100.0,0.006115,0.0009172499999999999,bioisostere,46.9,90.0,100.0,9.2,100,67.8,66.3,812
,,CN(C)Oc1ccc2c(c1)CCCN2S(=O)(=O)c1ccc(N2CCCC2=O)cc1,MDM2,sensitive,scout2,,415.5,2.81,0.703,3.6,100.0,0.0060149999999999995,0.0009022499999999998,r_group,46.1,90.0,100.0,9.0,100,71.1,66.2,813
,,CNCCNS(=O)(=O)c1ccc(N2CCCC2=O)cc1.COc1ccoc1,MDM2,sensitive,scout2,,395.5,1.6,0.691,3.4,100.0,0.005954999999999999,0.0008932499999999998,bioisostere,45.7,90.0,100.0,8.9,100,73.3,66.2,814
,,N#CCCCCC[Se](=O)CC(=O)C(F)(F)F,FOLH1,other,scout2,,302.2,2.62,0.536,2.0,100.0,0.0025900000000000003,0.0025900000000000003,r_group,34.5,90.0,100.0,25.9,100,88.9,66.2,815
CHEMBL121130,CHEMBL121130,COc1ccc(NS(=O)(=O)c2c(F)c(F)c(F)c(F)c2F)cc1NC(=O)[C@@H](NC(C)=O)[C@@H](C)O,MAP2K1,sensitive,scout1,27.0,0.0,0.0,0.244,3.29,89.9,0.006422,0.000963,database_search,49.2,97.3,89.9,9.6,80,74.6,66.2,816
,,Cc1cccc(Cl)c1C(=O)Nc1c[nH]nc1C(=O)NC1CCNCC1,CDK4,sensitive,scout2,,361.8,2.11,0.67,3.1,100.0,0.00585,0.0008775,r_group,44.9,90.0,100.0,8.8,100,76.7,66.1,817
,,c1ccc(Oc2ncc(-c3ccnc(OC4CCCCC4)n3)s2)nc1,CDK4,sensitive,scout2,,354.4,4.5,0.672,3.1,100.0,0.005860000000000001,0.000879,bioisostere,44.9,90.0,100.0,8.8,100,76.7,66.1,818
,,CNCCNS(=O)(=O)c1ccc(N2CCCC2=O)cc1.COc1ccsc1,MDM2,sensitive,scout2,,411.5,2.07,0.681,3.4,100.0,0.0059050000000000005,0.00088575,bioisostere,45.3,90.0,100.0,8.9,100,73.3,66.1,819
,,CNC.COc1ncc(/C=C/C(=O)N2C[C@H]3C[C@@]34C2=CC(=O)c2[nH]c(C)cc24)cn1.O,MAP2K1,sensitive,scout2,,425.5,1.03,0.706,3.9,100.0,0.00603,0.0009044999999999999,bioisostere,46.2,90.0,100.0,9.0,100,67.8,66.1,820
,,FN=Cc1ccc(-c2[nH]c(-c3ccccc3)nc2-c2ccncc2)cc1,BRAF,escape_route,scout2,,342.4,5.11,0.524,3.2,95.5,0.0020480000000000003,0.003072,r_group,34.1,90.0,95.5,36.9,100,75.6,66.1,821
,,COC(=O)[C@H]1COCCN1CCOc1ccoc1.Cc1cn(C(F)F)nc1-c1cc(Cl)nc(N)n1,EZH2,resistant,scout2,,514.9,2.81,0.371,4.4,92.4,0.0008710000000000001,0.004355,bioisostere,34.8,90.0,92.4,43.6,100,62.2,66.1,822
,,COC(=O)[C@@H]1COCCN1CCOc1ccoc1.Cc1cn(C(F)F)nc1-c1cc(Cl)nc(N)n1,EZH2,resistant,scout2,,514.9,2.81,0.371,4.4,92.4,0.0008710000000000001,0.004355,bioisostere,34.8,90.0,92.4,43.6,100,62.2,66.1,823
,,NC(=O)CCCCC[Se](=O)(=O)CC(=O)C(F)(F)F,FOLH1,other,scout2,,336.2,1.47,0.536,2.2,100.0,0.0025900000000000003,0.0025900000000000003,r_group,34.5,90.0,100.0,25.9,100,86.7,66.1,824
,,N#CCCCCC[Se](=O)(=O)CC(=O)C(F)(F)F,FOLH1,other,scout2,,318.2,2.5,0.534,2.1,100.0,0.002585,0.002585,r_group,34.5,90.0,100.0,25.9,100,87.8,66.1,825
,,CNC.COc1ccc(/C=C/C(=O)N2C[C@H]3C[C@@]34C2=CC(=O)c2[nH]c(C)cc24)nn1.O,MAP2K1,sensitive,scout2,,425.5,1.03,0.706,3.9,100.0,0.00603,0.0009044999999999999,bioisostere,46.2,90.0,100.0,9.0,100,67.8,66.1,826
,,O=C(O)CCCCC[Se](=O)(=O)CC(=O)C(F)(F)F,FOLH1,other,scout2,,337.2,2.07,0.541,2.2,100.0,0.0026024999999999998,0.0026024999999999998,r_group,34.7,90.0,100.0,26.0,100,86.7,66.1,827
,,FN=C1CCc2cc(-c3[nH]c(-c4ccccc4)nc3-c3ccncc3)ccc21,BRAF,escape_route,scout2,,368.4,5.43,0.524,3.5,95.5,0.0020480000000000003,0.003072,r_group,34.1,90.0,95.5,36.9,100,72.2,66.0,828
CHEMBL211819,CHEMBL211819,O=C1NC(=O)/C(=C/c2ccc(-c3cc(O)ccc3O)o2)S1,PIK3CA,escape_route,scout1,100.0,0.0,0.0,0.582,2.6,100.0,0.002,0.003,database_search,33.3,90.0,100.0,36.0,80,82.2,66.0,829
,,CCNC(=O)Nc1ccoc1.COC(=O)N1CCC(n2ncc3c(N4CCOCC4)ncnc32)CC1,MTOR,escape_route,scout2,,500.6,2.49,0.553,4.5,96.1,0.002106,0.003159,bioisostere,35.1,90.0,96.1,37.9,100,61.1,66.0,830
CHEMBL537877,CHEMBL537877,COc1cccc(-c2nc(N3CCOCC3)c3oc4ncccc4c3n2)c1.Cl,PIK3CA,escape_route,scout1,100.0,0.0,0.0,0.52,2.58,100.0,0.002,0.003,database_search,33.3,90.0,100.0,36.0,80,82.4,66.0,831
,,Nc1nccc(-c2[nH]c(-c3cc[nH]c3)nc2-c2ccc(Cl)c(O)c2)n1,BRAF,escape_route,scout2,,352.8,3.47,0.45,3.1,100.0,0.0019,0.0028499999999999997,bioisostere,31.7,90.0,100.0,34.2,100,76.7,66.0,832
CHEMBL260313,CHEMBL260313,COC[C@H]1OC(=O)/C(=C/N2CCC(=O)CC2)C2=C(O)C(=O)C3=C([C@H](OC(C)=O)C[C@]4(C)[C@@H](O)CC[C@@H]34)[C@]21C,PIK3CA,escape_route,scout1,60.0,0.0,0.0,0.41,5.01,93.2,0.002222,0.003333,database_search,37.0,94.0,93.2,40.0,80,55.4,66.0,833
,,O=C(NC1CCNCC1)c1n[nH]cc1NC(=O)c1c(F)cccc1Cl,CDK4,sensitive,scout2,,365.8,1.94,0.665,3.1,100.0,0.005825,0.0008737500000000001,r_group,44.7,90.0,100.0,8.7,100,76.7,66.0,834
,,CCCCCCNCC(=O)C(F)(F)Cl,FOLH1,other,scout2,,227.7,2.56,0.51,1.8,100.0,0.002525,0.002525,bioisostere,33.7,90.0,100.0,25.2,100,91.1,65.9,835
,,Cl.Cl.O=C(Nc1c[nH]nc1C(=O)NC1CCNCC1)c1ccoc1,CDK4,sensitive,scout2,,376.2,1.58,0.647,3.0,100.0,0.0057350000000000005,0.00086025,bioisostere,44.0,90.0,100.0,8.6,100,77.8,65.9,836
CHEMBL202838,CHEMBL202838,COc1cc(NC(=O)CCCc2cccs2)c(Cl)cc1NC(=O)Nc1cnc(C#N)cn1,CHEK1,resistant,scout1,91.0,0.0,0.0,0.438,2.6,98.8,0.00102,0.005102,database_search,40.8,72.7,98.8,51.0,80,82.2,65.9,837
,,CC(C)c1cc(C(F)(F)F)c2cc3c(cc2n1)NC[C@@H]1CCCC[C@H]31,AR,sensitive,scout2,,348.4,6.08,0.676,3.1,98.5,0.005880000000000001,0.0008820000000000001,r_group,45.1,90.0,98.5,8.8,100,76.7,65.9,838
,,CNCCNS(=O)(=O)c1ccc(N2CCCC2=O)cc1.COc1ccncc1,MDM2,sensitive,scout2,,406.5,1.4,0.674,3.5,100.0,0.00587,0.0008805,bioisostere,45.0,90.0,100.0,8.8,100,72.2,65.9,839
,,CC(C)c1cc(C(F)(F)F)c2cc3c(cc2n1)NC[C@H]1CCCC[C@H]31,AR,sensitive,scout2,,348.4,6.08,0.676,3.1,98.5,0.005880000000000001,0.0008820000000000001,r_group,45.1,90.0,98.5,8.8,100,76.7,65.9,840
,,COC(=O)[C@@H]1COCCN1CCOc1ccncc1.Cc1cn(C(F)F)nc1-c1cc(Cl)nc(N)n1,EZH2,resistant,scout2,,525.9,2.61,0.363,4.5,92.3,0.000863,0.004315,bioisostere,34.5,90.0,92.3,43.1,100,61.1,65.8,841
,,COC(=O)[C@@H]1COCCN1CCOc1cc[nH]c1.Cc1cn(C(F)F)nc1-c1cc(Cl)nc(N)n1,EZH2,resistant,scout2,,513.9,2.55,0.361,4.4,92.2,0.000861,0.004305,bioisostere,34.4,90.0,92.2,43.0,100,62.2,65.8,842
,,CCCCCCC[Se](=O)(=O)CC(=O)C(F)(F)F,FOLH1,other,scout2,,321.2,3.39,0.509,2.1,100.0,0.0025225,0.0025225,r_group,33.6,90.0,100.0,25.2,100,87.8,65.8,843
,,CCNC(=O)Nc1ccsc1.COC(=O)N1CCC(n2ncc3c(N4CCOCC4)ncnc32)CC1,MTOR,escape_route,scout2,,516.6,2.96,0.542,4.5,95.8,0.0020840000000000003,0.003126,bioisostere,34.7,90.0,95.8,37.5,100,61.1,65.8,844
,,NS(=O)(=O)CCCCC[Se](=O)CC(=O)C(F)(F)F,FOLH1,other,scout2,,356.2,1.0,0.519,2.2,100.0,0.0025475000000000003,0.0025475000000000003,r_group,34.0,90.0,100.0,25.5,100,86.7,65.8,845
,,COC(=O)[C@H]1COCCN1CCOc1ccncc1.Cc1cn(C(F)F)nc1-c1cc(Cl)nc(N)n1,EZH2,resistant,scout2,,525.9,2.61,0.363,4.5,92.3,0.000863,0.004315,bioisostere,34.5,90.0,92.3,43.1,100,61.1,65.8,846
,,CCCCC.CNc1nccc(-c2cnc(Nc3ccccn3)s2)n1,CDK4,sensitive,scout2,,356.5,4.98,0.649,3.1,100.0,0.005745,0.00086175,bioisostere,44.0,90.0,100.0,8.6,100,76.7,65.8,847
,,CC1(C)NC(=O)N(c2ccc(C#N)c(C(Cl)(Cl)Cl)c2)C1=O,AR,sensitive,scout2,,346.6,3.22,0.627,2.6,100.0,0.005635,0.00084525,bioisostere,43.2,90.0,100.0,8.5,100,82.2,65.8,848
,,COCCCCC[Se](=O)CC(=O)C(F)(F)F,FOLH1,other,scout2,,307.2,2.36,0.511,2.0,100.0,0.0025275000000000002,0.0025275000000000002,r_group,33.7,90.0,100.0,25.3,100,88.9,65.8,849
,,CN(C)Oc1ccc2c(c1)N(C)CCN2S(=O)(=O)c1ccc(N2CCCC2=O)cc1,MDM2,sensitive,scout2,,430.5,2.31,0.678,3.8,100.0,0.005889999999999999,0.0008834999999999998,r_group,45.2,90.0,100.0,8.8,100,68.9,65.8,850
,,N#Cc1cccc(Cl)c1C(=O)Nc1c[nH]nc1C(=O)NC1CCNCC1,CDK4,sensitive,scout2,,372.8,1.67,0.65,3.2,100.0,0.00575,0.0008625,r_group,44.1,90.0,100.0,8.6,100,75.6,65.8,851
CHEMBL3698726,CHEMBL3698726,c1cc2c3cnc(Nc4ccc(NC5CCNCC5)nn4)nc3n(C3CCCC3)c2cn1,CDK6,sensitive,scout1,12.4,0.0,0.0,0.44,2.95,98.8,0.007266,0.00109,database_search,55.7,79.0,98.8,10.9,80,78.3,65.8,852
,,Cl.Cl.O=C(Nc1c[nH]nc1C(=O)NC1CCNCC1)c1ccsc1,CDK4,sensitive,scout2,,392.3,2.05,0.64,3.0,100.0,0.005700000000000001,0.0008550000000000002,bioisostere,43.7,90.0,100.0,8.6,100,77.8,65.8,853
,,Cc1nc(Cl)cc(-c2nn(C(F)F)cc2Cc2ccccc2OCCN2CCNC(=O)C2)n1,EZH2,resistant,scout2,,476.9,3.1,0.503,4.1,100.0,0.0010030000000000002,0.005015,r_group,40.1,72.0,100.0,50.2,100,65.6,65.8,854
,,CN(C)CCCCC[Se](=O)CC(=O)C(F)(F)F,FOLH1,other,scout2,,320.2,2.27,0.509,2.1,100.0,0.0025225,0.0025225,r_group,33.6,90.0,100.0,25.2,100,87.8,65.8,855
,,Nc1nc(Cl)cc(-c2nn(C(F)F)cc2Cc2ccoc2)n1.O=S1(=O)CCN(CCO)CC1,EZH2,resistant,scout2,,504.9,1.86,0.481,4.1,79.6,0.0009809999999999999,0.004905,bioisostere,39.2,90.0,79.6,49.0,100,65.6,65.8,856
,,CCCCCC[Se](=O)CC(=O)C(C)(F)F,FOLH1,other,scout2,,287.2,3.21,0.507,1.9,100.0,0.0025175,0.0025175,bioisostere,33.6,90.0,100.0,25.2,100,90.0,65.8,857
,,CCCCCC[Se](=O)(=O)CC(=O)C(C)(F)F,FOLH1,other,scout2,,303.2,3.09,0.511,2.0,100.0,0.0025275000000000002,0.0025275000000000002,bioisostere,33.7,90.0,100.0,25.3,100,88.9,65.8,858
,,COC(=O)[C@H]1COCCN1CCOc1cc[nH]c1.Cc1cn(C(F)F)nc1-c1cc(Cl)nc(N)n1,EZH2,resistant,scout2,,513.9,2.55,0.361,4.4,92.2,0.000861,0.004305,bioisostere,34.4,90.0,92.2,43.0,100,62.2,65.8,859
,,CCCCCCC[Se](=O)CC(=O)C(F)(F)F,FOLH1,other,scout2,,305.2,3.51,0.508,2.0,100.0,0.00252,0.00252,r_group,33.6,90.0,100.0,25.2,100,88.9,65.8,860
,,CC(C)CCCCC[Se](=O)CC(=O)C(F)(F)F,FOLH1,other,scout2,,319.2,3.76,0.504,2.1,100.0,0.00251,0.00251,r_group,33.5,90.0,100.0,25.1,100,87.8,65.7,861
,,O=C(C[Se](=O)CCCCCC1CC1)C(F)(F)F,FOLH1,other,scout2,,317.2,3.51,0.507,2.1,100.0,0.0025175,0.0025175,r_group,33.6,90.0,100.0,25.2,100,87.8,65.7,862
,,Cl.Cl.O=C(Nc1c[nH]nc1C(=O)NC1CCNCC1)c1ccncc1,CDK4,sensitive,scout2,,387.3,1.38,0.634,3.1,100.0,0.00567,0.0008504999999999999,bioisostere,43.5,90.0,100.0,8.5,100,76.7,65.7,863
CHEMBL3698656,CHEMBL3698656,c1cc2c3cnc(Nc4ccc(N5CCNCC5)cn4)nc3n(C3CCOCC3)c2cn1,CDK6,sensitive,scout1,57.0,0.0,0.0,0.511,2.91,100.0,0.00561,0.000842,database_search,43.0,94.3,100.0,8.4,80,78.8,65.7,864
,,Nc1nc(Cl)cc(-c2nn(C(F)Cl)cc2Cc2ccccc2OCCN2CCS(=O)(=O)CC2)n1,EZH2,resistant,scout2,,529.4,2.94,0.35,4.2,92.0,0.0008500000000000001,0.00425,bioisostere,34.0,90.0,92.0,42.5,100,64.4,65.7,865
,,O=C(C[Se](=O)(=O)CCCCCC1CC1)C(F)(F)F,FOLH1,other,scout2,,333.2,3.39,0.505,2.2,100.0,0.0025125,0.0025125,r_group,33.5,90.0,100.0,25.1,100,86.7,65.7,866
,,CCNC(=O)Nc1ccncc1.COC(=O)N1CCC(n2ncc3c(N4CCOCC4)ncnc32)CC1,MTOR,escape_route,scout2,,511.6,2.29,0.54,4.6,95.8,0.0020800000000000003,0.0031200000000000004,bioisostere,34.7,90.0,95.8,37.4,100,60.0,65.7,867
,,CCN(C)C.CNc1ccc(-c2ccc3ncc4c(c3c2)n([C@H]2C[C@@H](O)C2)c(=O)n4C)cn1,ATM,resistant,scout2,,448.6,3.26,0.498,4.1,100.0,0.0009980000000000002,0.0049900000000000005,bioisostere,39.9,72.0,100.0,49.9,100,65.6,65.7,868
,,COCCCCC[Se](=O)(=O)CC(=O)C(F)(F)F,FOLH1,other,scout2,,323.2,2.24,0.508,2.1,100.0,0.00252,0.00252,r_group,33.6,90.0,100.0,25.2,100,87.8,65.7,869
,,CCc1cccc(Cl)c1C(=O)Nc1c[nH]nc1C(=O)NC1CCNCC1,CDK4,sensitive,scout2,,375.9,2.36,0.644,3.2,100.0,0.005720000000000001,0.0008580000000000001,r_group,43.9,90.0,100.0,8.6,100,75.6,65.7,870
,,N#CN=C1CCc2cc(-c3[nH]c(-c4ccccc4)nc3-c3ccncc3)ccc21,BRAF,escape_route,scout2,,375.4,5.02,0.511,3.6,95.2,0.0020220000000000004,0.003033,r_group,33.7,90.0,95.2,36.4,100,71.1,65.7,871
CHEMBL369634,CHEMBL369634,CCC(C(=O)N[C@@H](CC(=O)O)C(=O)CNCc1ccccc1)n1cccc(NC(=O)c2ccc3ccccc3c2)c1=O,CD274,immune,scout1,3.05,0.0,0.0,0.193,3.34,68.9,0.004395,0.004395,database_search,58.6,79.8,68.9,43.9,80,74.0,65.6,872
,,CCN=C1CCc2cc(-c3[nH]c(-c4ccccc4)nc3-c3ccncc3)ccc21,BRAF,escape_route,scout2,,378.5,5.56,0.505,3.6,95.1,0.00201,0.003015,r_group,33.5,90.0,95.1,36.2,100,71.1,65.6,873
,,CC=O.CC[C@@H]1[C](C)CC[C@H]2[C@H]1C[C@H](C)C1=CC(=O)CC[C@@]12C.CNC(C)=O,AR,sensitive,scout2,,390.6,4.93,0.646,3.5,100.0,0.00573,0.0008594999999999999,bioisostere,43.9,90.0,100.0,8.6,100,72.2,65.6,874
,,O=C1CCCN1c1ccc(S(=O)(=O)N2CCCc3cc(OO)ccc32)cc1,MDM2,sensitive,scout2,,388.4,2.81,0.643,3.4,100.0,0.0057150000000000005,0.00085725,r_group,43.8,90.0,100.0,8.6,100,73.3,65.6,875
,,CC(=O)O[C@]1(C(C)=O)CC[C@H]2[C@@H]3C[C@@H](C)C4=CC(=O)CC[C@]4(C)[C@H]3CC[C@@]21C,AR,sensitive,scout2,,386.5,4.66,0.648,3.5,100.0,0.005740000000000001,0.0008610000000000001,r_group,44.0,90.0,100.0,8.6,100,72.2,65.6,876
CHEMBL364872,CHEMBL364872,CN1C(=O)C[C@H](c2ccccc2)[C@@H]1[C@@H](O)c1ccc(-c2ccccc2)s1,KRAS,escape_route,scout1,100.0,0.0,0.0,0.743,3.34,100.0,0.002,0.003,database_search,33.3,90.0,100.0,36.0,80,74.0,65.6,877
,,CCN=Cc1ccc(-c2[nH]c(-c3ccccc3)nc2-c2ccncc2)cc1,BRAF,escape_route,scout2,,352.4,5.24,0.499,3.4,95.0,0.001998,0.002997,r_group,33.3,90.0,95.0,36.0,100,73.3,65.6,878
,,COc1cccc(Cl)c1C(=O)Nc1c[nH]nc1C(=O)NC1CCNCC1,CDK4,sensitive,scout2,,377.8,1.81,0.635,3.2,100.0,0.005675,0.00085125,r_group,43.5,90.0,100.0,8.5,100,75.6,65.6,879
,,ClN=Cc1ccc(-c2[nH]c(-c3ccccc3)nc2-c2ccncc2)cc1,BRAF,escape_route,scout2,,358.8,5.38,0.498,3.2,95.0,0.0019960000000000004,0.002994,r_group,33.3,90.0,95.0,35.9,100,75.6,65.6,880
,,CNCCN(C)CCOc1ccccc1Cc1cn(C(F)F)nc1-c1cc(Cl)nc(N)n1.CO,EZH2,resistant,scout2,,498.0,2.7,0.346,4.2,91.9,0.0008460000000000001,0.00423,bioisostere,33.8,90.0,91.9,42.3,100,64.4,65.6,881
,,CN(C)CCCCC[Se](=O)(=O)CC(=O)C(F)(F)F,FOLH1,other,scout2,,336.2,2.15,0.503,2.2,100.0,0.0025075,0.0025075,r_group,33.4,90.0,100.0,25.1,100,86.7,65.6,882
,,CC(C)CCCCC[Se](=O)(=O)CC(=O)C(F)(F)F,FOLH1,other,scout2,,335.2,3.64,0.503,2.2,100.0,0.0025075,0.0025075,r_group,33.4,90.0,100.0,25.1,100,86.7,65.6,883
CHEMBL212781,CHEMBL212781,CN1C(=O)C[C@H](c2ccccc2)[C@@H]1[C@H](O)c1ccc(-c2ccccc2)s1,KRAS,escape_route,scout1,100.0,0.0,0.0,0.743,3.34,100.0,0.002,0.003,database_search,33.3,90.0,100.0,36.0,80,74.0,65.6,884
,,CON=C1CCc2cc(-c3[nH]c(-c4ccccc4)nc3-c3ccncc3)ccc21,BRAF,escape_route,scout2,,380.5,5.1,0.501,3.6,95.0,0.002002,0.003003,r_group,33.4,90.0,95.0,36.0,100,71.1,65.5,885
,,C.Cc1cc[nH]c1.O=CC(=O)c1ccccc1,FOLH1,other,scout2,,231.3,3.03,0.49,2.1,100.0,0.002475,0.002475,bioisostere,33.0,90.0,100.0,24.8,100,87.8,65.5,886
,,N#CN=Cc1ccc(-c2[nH]c(-c3ccccc3)nc2-c2ccncc2)cc1,BRAF,escape_route,scout2,,349.4,4.71,0.428,3.4,100.0,0.001856,0.002784,r_group,30.9,90.0,100.0,33.4,100,73.3,65.5,887
,,NS(=O)(=O)CCCCC[Se](=O)(=O)CC(=O)C(F)(F)F,FOLH1,other,scout2,,372.2,0.88,0.502,2.4,100.0,0.002505,0.002505,r_group,33.4,90.0,100.0,25.0,100,84.4,65.5,888
,,Cl.O=C(O)c1c(Cc2ccoc2)c(-c2ccccc2)nn1CC1CCCCC1.OCO,CHEK2,resistant,scout2,,448.9,4.36,0.483,3.9,99.7,0.0009830000000000001,0.004915,bioisostere,39.3,72.0,99.7,49.1,100,67.8,65.5,889
,,Nc1nc(Cl)cc(-c2nn(C(F)F)cc2Cc2ccncc2)n1.O=S1(=O)CCN(CCO)CC1,EZH2,resistant,scout2,,516.0,1.67,0.469,4.2,79.4,0.0009690000000000001,0.004845,bioisostere,38.8,90.0,79.4,48.5,100,64.4,65.5,890
CHEMBL4244338,CHEMBL4244338,CN1CCN(S(=O)(=O)c2ccc(N3CCCC3)cc2)c2ccccc21,MDM2,sensitive,scout1,65.0,0.0,0.0,0.847,2.14,100.0,0.005468,0.00082,database_search,41.9,93.5,100.0,8.2,80,87.3,65.5,891
,,O=C(NC1CCNCC1)c1n[nH]cc1NC(=O)c1c(Cl)cccc1C1CC1,CDK4,sensitive,scout2,,387.9,2.67,0.633,3.4,100.0,0.005665,0.0008497499999999999,r_group,43.4,90.0,100.0,8.5,100,73.3,65.5,892
,,CCCCCCNCC(=O)C#N,FOLH1,other,scout2,,168.2,1.25,0.46,1.5,100.0,0.0024,0.0024,bioisostere,32.0,90.0,100.0,24.0,100,94.4,65.4,893
,,CN(C)c1cccc(Cl)c1C(=O)Nc1c[nH]nc1C(=O)NC1CCNCC1,CDK4,sensitive,scout2,,390.9,1.86,0.624,3.4,100.0,0.005620000000000001,0.0008430000000000001,r_group,43.1,90.0,100.0,8.4,100,73.3,65.4,894
,,Cl.O=C(O)c1c(Cc2ccoc2)c(-c2cccs2)nn1CC1CCCCC1.OCO,CHEK2,resistant,scout2,,455.0,4.42,0.475,3.8,99.5,0.0009750000000000001,0.004875,bioisostere,39.0,72.0,99.5,48.8,100,68.9,65.4,895
CHEMBL334603,CHEMBL334603,NC(=O)c1cccc2[nH]c(-c3ccccc3C(F)(F)F)nc12,PARP1,resistant,scout1,190.0,0.0,0.0,0.762,2.2,100.0,0.000861,0.004303,database_search,34.4,81.0,100.0,43.0,80,86.7,65.4,896
,,CCN(C)C.CNc1ccc(-c2ccc3ncc4c(c3c2)n([C@H]2C[C@@H](OC)C2)c(=O)n4C)cn1,ATM,resistant,scout2,,462.6,3.91,0.485,4.2,99.7,0.000985,0.004925,bioisostere,39.4,72.0,99.7,49.2,100,64.4,65.4,897
,,ClN=C1CCc2cc(-c3[nH]c(-c4ccccc4)nc3-c3ccncc3)ccc21,BRAF,escape_route,scout2,,384.9,5.69,0.493,3.5,94.9,0.001986,0.002979,r_group,33.1,90.0,94.9,35.7,100,72.2,65.4,898
CHEMBL410071,CHEMBL410071,COC[C@H]1OC(=O)/C(=C/N2CCC(C(=O)O)CC2)C2=C(O)C(=O)C3=C([C@H](OC(C)=O)C[C@]4(C)[C@@H](O)CC[C@@H]34)[C@]21C,PIK3CA,escape_route,scout1,33.0,0.0,0.0,0.334,4.92,76.7,0.002481,0.003722,database_search,41.4,96.7,76.7,44.7,80,56.4,65.4,899
,,Cl.O=C(O)c1c(Cc2ccoc2)c(-c2ccsc2)nn1CC1CCCCC1.OCO,CHEK2,resistant,scout2,,455.0,4.42,0.475,3.8,99.5,0.0009750000000000001,0.004875,bioisostere,39.0,72.0,99.5,48.8,100,68.9,65.4,900
,,CC(C)c1cccc(Cl)c1C(=O)Nc1c[nH]nc1C(=O)NC1CCNCC1,CDK4,sensitive,scout2,,389.9,2.92,0.631,3.4,100.0,0.005655,0.00084825,r_group,43.4,90.0,100.0,8.5,100,73.3,65.4,901
,,O=C(O)N=C1CCc2cc(-c3[nH]c(-c4ccccc4)nc3-c3ccncc3)ccc21,BRAF,escape_route,scout2,,394.4,5.22,0.498,3.8,95.0,0.0019960000000000004,0.002994,r_group,33.3,90.0,95.0,35.9,100,68.9,65.3,902
,,O[C@H](COc1cncc(-c2ccc3cnccc3c2)c1)Cc1c[nH]c2ccccc12,AKT1,escape_route,scout2,,395.5,4.76,0.435,3.8,100.0,0.0018700000000000001,0.002805,r_group,31.2,90.0,100.0,33.7,100,68.9,65.3,903
,,Cl.O=C(O)c1c(Cc2ccncc2)c(-c2ccccc2)nn1CC1CCCCC1.OCO,CHEK2,resistant,scout2,,460.0,4.16,0.477,4.0,99.5,0.000977,0.004885,bioisostere,39.1,72.0,99.5,48.8,100,66.7,65.3,904
,,CN(C)N=C1CCc2cc(-c3[nH]c(-c4ccccc4)nc3-c3ccncc3)ccc21,BRAF,escape_route,scout2,,393.5,5.02,0.496,3.8,94.9,0.0019920000000000003,0.0029879999999999998,r_group,33.2,90.0,94.9,35.9,100,68.9,65.3,905
,,O/N=C1/CCc2cc(-c3[nH]c(-c4ccoc4)nc3-c3ccncc3)ccc21,BRAF,escape_route,scout2,,356.4,4.52,0.417,3.4,100.0,0.0018340000000000003,0.0027510000000000004,bioisostere,30.6,90.0,100.0,33.0,100,73.3,65.3,906
,,CN[C@@H](CO)CN(C)CCOc1ccccc1Cc1cn(C(F)F)nc1-c1cc(Cl)nc(N)n1,EZH2,resistant,scout2,,496.0,2.45,0.328,4.2,91.6,0.0008280000000000002,0.0041400000000000005,bioisostere,33.1,90.0,91.6,41.4,100,64.4,65.2,907
,,CON=Cc1ccc(-c2[nH]c(-c3ccccc3)nc2-c2ccncc2)cc1,BRAF,escape_route,scout2,,354.4,4.79,0.414,3.4,100.0,0.0018279999999999998,0.0027419999999999996,r_group,30.5,90.0,100.0,32.9,100,73.3,65.2,908
CHEMBL3642038,CHEMBL3642038,CN(C)C1CN(c2ccc(Nc3ncc4c5ccncc5n(C5CCCC5)c4n3)nn2)CCC1O,CDK6,sensitive,scout1,13.3,0.0,0.0,0.452,3.77,99.0,0.00719,0.001079,database_search,55.1,78.9,99.0,10.8,80,69.2,65.2,909
,,O=C(Nc1c[nH]nc1C(=S)NC1CCNCC1)c1c(Cl)cccc1Cl,CDK4,sensitive,scout2,,398.3,2.99,0.596,3.1,100.0,0.0054800000000000005,0.000822,bioisostere,42.0,90.0,100.0,8.2,100,76.7,65.2,910
,,O=C(NC1CCNCC1)c1n[nH]cc1NC(=S)c1c(Cl)cccc1Cl,CDK4,sensitive,scout2,,398.3,2.99,0.596,3.1,100.0,0.0054800000000000005,0.000822,bioisostere,42.0,90.0,100.0,8.2,100,76.7,65.2,911
,,CNN=Cc1ccc(-c2[nH]c(-c3ccccc3)nc2-c2ccncc2)cc1,BRAF,escape_route,scout2,,353.4,4.36,0.414,3.4,100.0,0.0018279999999999998,0.0027419999999999996,r_group,30.5,90.0,100.0,32.9,100,73.3,65.2,912
,,NN=C1CCc2cc(-c3[nH]c(-c4ccccc4)nc3-c3ccncc3)ccc21,BRAF,escape_route,scout2,,365.4,4.41,0.417,3.5,100.0,0.0018340000000000003,0.0027510000000000004,r_group,30.6,90.0,100.0,33.0,100,72.2,65.2,913
,,CNCCNS(=O)(=O)c1ccc(N2CCCC2=O)cc1.COc1cc[nH]c1,MDM2,sensitive,scout2,,394.5,1.33,0.615,3.4,100.0,0.005575,0.00083625,bioisostere,42.7,90.0,100.0,8.4,100,73.3,65.2,914
,,C(=NC1CC1)c1ccc(-c2[nH]c(-c3ccccc3)nc2-c2ccncc2)cc1,BRAF,escape_route,scout2,,364.5,5.39,0.483,3.5,94.7,0.0019660000000000003,0.002949,r_group,32.8,90.0,94.7,35.4,100,72.2,65.2,915
,,FC(F)(F)c1cc(Cl)nc2cc3c(cc12)[C@H]1CCCC[C@@H]1CN3,AR,sensitive,scout2,,340.8,5.61,0.631,2.9,97.6,0.005655,0.00084825,r_group,43.4,90.0,97.6,8.5,100,78.9,65.2,916
,,O/N=C1/CCc2cc(-c3[nH]c(-c4ccncc4)nc3-c3ccncc3)ccc21,BRAF,escape_route,scout2,,367.4,4.33,0.417,3.5,100.0,0.0018340000000000003,0.0027510000000000004,bioisostere,30.6,90.0,100.0,33.0,100,72.2,65.2,917
,,Cl.O=C(O)c1c(Cc2ccncc2)c(-c2cccs2)nn1CC1CCCCC1.OCO,CHEK2,resistant,scout2,,466.0,4.23,0.47,3.9,99.4,0.00097,0.00485,bioisostere,38.8,72.0,99.4,48.5,100,67.8,65.2,918
,,Cl.O=C(O)c1c(Cc2ccncc2)c(-c2ccsc2)nn1CC1CCCCC1.OCO,CHEK2,resistant,scout2,,466.0,4.23,0.47,3.9,99.4,0.00097,0.00485,bioisostere,38.8,72.0,99.4,48.5,100,67.8,65.2,919
CHEMBL215309,CHEMBL215309,COc1ccccc1[C@H]1CC(=O)N(C)[C@H]1[C@H](O)c1ccc(S(=O)(=O)c2ccccc2)s1,KRAS,escape_route,scout1,40.0,0.0,0.0,0.611,3.58,100.0,0.002398,0.003597,database_search,40.0,76.8,100.0,43.2,80,71.3,65.2,920
,,FC(F)(F)c1cc(Cl)nc2cc3c(cc12)[C@H]1CCCC[C@H]1CN3,AR,sensitive,scout2,,340.8,5.61,0.631,2.9,97.6,0.005655,0.00084825,r_group,43.4,90.0,97.6,8.5,100,78.9,65.2,921
,,O=C(NC1CCNCC1)c1n[nH]cc1NC(=O)c1c(Cl)cccc1C(F)(F)F,CDK4,sensitive,scout2,,415.8,2.82,0.617,3.5,100.0,0.005585,0.00083775,r_group,42.8,90.0,100.0,8.4,100,72.2,65.2,922
,,NC(=O)c1c(Cc2cc3c(cc2Cl)OCO3)c(-c2ccccc2)nn1CC1CCCCC1,CHEK2,resistant,scout2,,452.0,5.2,0.558,4.0,91.2,0.0010580000000000001,0.00529,r_group,42.3,72.0,91.2,52.9,100,66.7,65.2,923
CHEMBL2113248,CHEMBL2113248,CC(C)C[C@H]1c2cc3c(C(F)(F)F)cc(O)nc3cc2NC[C@@H]1C,AR,sensitive,scout1,56.0,0.0,0.0,0.796,3.94,100.0,0.00563,0.000844,database_search,43.2,94.4,100.0,8.4,80,67.3,65.2,924
CHEMBL367714,CHEMBL367714,CCC(C(=O)N[C@@H](CC(=O)O)C(=O)CN(C)CCc1ccccc1)n1cccc(NC(=O)c2ccc3ccccc3c2)c1=O,CD274,immune,scout1,4.8,0.0,0.0,0.201,3.44,74.0,0.004148,0.004148,database_search,55.3,79.6,74.0,41.5,80,72.9,65.2,925
,,CN(C)N=Cc1ccc(-c2[nH]c(-c3ccccc3)nc2-c2ccncc2)cc1,BRAF,escape_route,scout2,,367.5,4.7,0.411,3.5,100.0,0.001822,0.0027329999999999998,r_group,30.4,90.0,100.0,32.8,100,72.2,65.1,926
,,c1ccc(Nc2ncc(-c3ccnc(SC4CCCCC4)n3)s2)nc1,CDK4,sensitive,scout2,,369.5,5.16,0.627,3.1,97.5,0.005635,0.00084525,bioisostere,43.2,90.0,97.5,8.5,100,76.7,65.1,927
,,c1ccc(-c2nc(-c3ccncc3)c(-c3ccc4c(c3)CCC4=NC3CC3)[nH]2)cc1,BRAF,escape_route,scout2,,390.5,5.7,0.486,3.8,94.7,0.0019720000000000002,0.002958,r_group,32.9,90.0,94.7,35.5,100,68.9,65.1,928
,,O=C(O)c1c(Cc2cc3c(cc2Cl)OCO3)c(-c2ccoc2)nn1CC1CCCCC1,CHEK2,resistant,scout2,,442.9,5.39,0.55,3.9,91.0,0.0010500000000000002,0.00525,bioisostere,42.0,72.0,91.0,52.5,100,67.8,65.1,929
,,O=C(O)c1c(Cc2cc3c(cc2Cl)OCO3)c(-c2cc[nH]c2)nn1CC1CCCCC1,CHEK2,resistant,scout2,,441.9,5.13,0.553,3.9,91.1,0.001053,0.005265,bioisostere,42.1,72.0,91.1,52.6,100,67.8,65.1,930
,,C.Cc1ccsc1.O=CC(=O)c1ccccc1,FOLH1,other,scout2,,248.3,3.76,0.46,2.1,100.0,0.0024,0.0024,bioisostere,32.0,90.0,100.0,24.0,100,87.8,65.1,931
,,C.Cc1ccncc1.O=CC(=O)c1ccccc1,FOLH1,other,scout2,,243.3,3.09,0.462,2.2,100.0,0.002405,0.002405,bioisostere,32.1,90.0,100.0,24.1,100,86.7,65.1,932
CHEMBL360089,LEINAMYCIN,C/C1=C\[C@@H](O)C(=O)/C=C/C=C\c2csc(n2)[C@@H](C)NC(=O)C[C@@]2(CC1)[S+]([O-])SC(=O)[C@]2(C)O,MAP2K1,sensitive,scout1,11.0,0.0,0.0,0.275,7.08,80.1,0.007397,0.001109,database_search,56.7,98.9,80.1,11.1,80,32.4,65.0,933
,,Cc1nc(N)sc1-c1ccnc(Oc2cccc([N+](=O)[O-])c2)n1,CDK4,sensitive,scout2,,329.3,3.19,0.577,2.9,100.0,0.005385,0.00080775,bioisostere,41.3,90.0,100.0,8.1,100,78.9,65.0,934
,,ON=C1CCc2cc(-c3[nH]c(-c4ccccc4)nc3-c3ccncc3)ccc21,BRAF,escape_route,scout2,,366.4,4.93,0.399,3.5,100.0,0.0017980000000000001,0.0026969999999999997,r_group,30.0,90.0,100.0,32.4,100,72.2,65.0,935
CHEMBL4854762,CHEMBL4854762,Cc1c(Cc2ccccc2)c(-c2cc(Cl)nc(N)n2)nn1C,EZH2,resistant,scout1,195.0,0.0,0.0,0.755,2.47,100.0,0.000855,0.004275,database_search,34.2,80.5,100.0,42.8,80,83.7,65.0,936
,,NC(=O)c1c(Cc2cc3c(cc2Cl)OCO3)c(-c2cccs2)nn1CC1CCCCC1,CHEK2,resistant,scout2,,458.0,5.26,0.547,3.9,90.9,0.0010470000000000002,0.005235000000000001,bioisostere,41.9,72.0,90.9,52.4,100,67.8,65.0,937
,,NC(=O)c1c(Cc2cc3c(cc2Cl)OCO3)c(-c2ccsc2)nn1CC1CCCCC1,CHEK2,resistant,scout2,,458.0,5.26,0.547,3.9,90.9,0.0010470000000000002,0.005235000000000001,bioisostere,41.9,72.0,90.9,52.4,100,67.8,65.0,938
,,O=C(O)c1c(Cc2cc3c(cc2Cl)OCO3)c(-c2ccncc2)nn1CC1CCCCC1,CHEK2,resistant,scout2,,453.9,5.2,0.552,4.0,91.0,0.001052,0.00526,bioisostere,42.1,72.0,91.0,52.6,100,66.7,65.0,939
CHEMBL375544,CHEMBL375544,O=C(NC(CO)c1ccc(Cl)cc1)c1cc(-c2[nH]ncc2-c2cccc(Cl)c2)c[nH]1,MAPK1,sensitive,scout1,14.0,0.0,0.0,0.345,3.0,96.9,0.007135,0.00107,database_search,54.7,78.9,96.9,10.7,80,77.8,65.0,940
,,C.Cc1ccoc1.O=CC(=O)c1ccccc1,FOLH1,other,scout2,,232.3,3.29,0.453,2.1,100.0,0.0023825,0.0023825,bioisostere,31.8,90.0,100.0,23.8,100,87.8,65.0,941
,,O/N=C1/CCc2cc(-c3[nH]c(-c4ccsc4)nc3-c3ccncc3)ccc21,BRAF,escape_route,scout2,,372.5,4.99,0.393,3.4,100.0,0.0017860000000000003,0.002679,bioisostere,29.8,90.0,100.0,32.1,100,73.3,64.9,942
,,CCc1nc(Cl)cc(-c2nn(C(F)F)cc2Cc2ccccc2OCCN2CCNC(=O)C2)n1,EZH2,resistant,scout2,,490.9,3.35,0.463,4.2,99.3,0.0009630000000000002,0.004815000000000001,r_group,38.5,72.0,99.3,48.2,100,64.4,64.9,943
,,CON1C(=O)C[C@H](c2ccccc2)[C@@H]1[C@H](O)c1ccc(-c2ccc(C#N)cc2)s1,KRAS,escape_route,scout2,,404.5,4.27,0.689,3.6,100.0,0.0023780000000000003,0.0035670000000000003,r_group,39.6,72.0,100.0,42.8,100,71.1,64.9,944
,,CN(C)N1C(=O)C[C@H](c2ccccc2F)[C@@H]1[C@H](O)c1ccc(-c2cccnc2)s1,KRAS,escape_route,scout2,,411.5,3.84,0.693,3.6,100.0,0.0023860000000000005,0.003579,r_group,39.8,72.0,100.0,42.9,100,71.1,64.9,945
CHEMBL311315,CHEMBL311315,CC(=O)N[C@@H](Cc1ccccc1)C(=O)N[C@H](C(=O)N[C@@H](C)C(=O)N[C@H](C=O)CC(=O)O)C(C)C,CD274,immune,scout1,42.0,0.0,0.0,0.24,3.42,84.8,0.002971,0.002971,database_search,39.6,95.8,84.8,29.7,80,73.1,64.9,946
CHEMBL3702070,CHEMBL3702070,CCC(CC)n1c2cnccc2c2cnc(Nc3ccc(N4CCC(N(C)C)CC4)nn3)nc21,CDK6,sensitive,scout1,16.0,0.0,0.0,0.435,3.03,98.7,0.00699,0.001048,database_search,53.6,78.7,98.7,10.5,80,77.4,64.9,947
,,CN.Nc1nc(Cl)cc(-c2nn(C(F)F)cc2Cc2ccccc2OCCN2C[CH]OCC2)n1,EZH2,resistant,scout2,,495.0,3.01,0.459,4.2,99.2,0.0009590000000000002,0.004795000000000001,bioisostere,38.4,72.0,99.2,48.0,100,64.4,64.8,948
,,Oc1cc(C(Cl)(Cl)Cl)c2cc3c(cc2n1)NC[C@H]1CCCC[C@H]31,AR,sensitive,scout2,,371.7,5.47,0.604,2.9,97.1,0.005520000000000001,0.0008280000000000001,bioisostere,42.3,90.0,97.1,8.3,100,78.9,64.8,949
,,NC(=O)N1C(=O)C[C@H](c2ccccc2F)[C@@H]1[C@H](O)c1ccc(-c2cccnc2)s1,KRAS,escape_route,scout2,,411.5,3.45,0.687,3.6,100.0,0.0023740000000000002,0.003561,r_group,39.6,72.0,100.0,42.7,100,71.1,64.8,950
,,O=C(NC1CCNCC1)c1n[nH]cc1NC(=O)c1c(O)cccc1Cl,CDK4,sensitive,scout2,,363.8,1.5,0.564,3.1,100.0,0.00532,0.000798,r_group,40.8,90.0,100.0,8.0,100,76.7,64.8,951
CHEMBL322268,CHEMBL322268,O=C(CCn1c2c(c(=O)[nH]c1=O)CCCC2)NCC(=O)N1CCN(c2ccccc2)CC1,PARP1,resistant,scout1,200.0,0.0,0.0,0.672,2.42,100.0,0.000849,0.004247,database_search,34.0,80.0,100.0,42.5,80,84.2,64.8,952
CHEMBL141247,CHEMBL141247,O=C(Nc1ccccn1)Nc1cccc2c1[C@H]1CCCN1C2=O,CDK6,sensitive,scout1,71.0,0.0,0.0,0.895,2.72,100.0,0.005372,0.000806,database_search,41.2,92.9,100.0,8.1,80,80.9,64.8,953
CHEMBL281028,CHEMBL281028,CC1(C)CCNc2cc3nc(O)cc(C(F)(F)F)c3cc21,AR,sensitive,scout1,68.0,0.0,0.0,0.771,3.06,100.0,0.005419,0.000813,database_search,41.5,93.2,100.0,8.1,80,77.1,64.8,954
,,Oc1cc(C(Cl)(Cl)Cl)c2cc3c(cc2n1)NC[C@@H]1CCCC[C@H]31,AR,sensitive,scout2,,371.7,5.47,0.604,2.9,97.1,0.005520000000000001,0.0008280000000000001,bioisostere,42.3,90.0,97.1,8.3,100,78.9,64.8,955
,,Cc1nc(N)sc1-c1ccnc(Nc2ccsc2)n1.O=[N+][O-],CDK4,sensitive,scout2,,335.4,2.88,0.555,2.8,100.0,0.005275000000000001,0.0007912500000000002,bioisostere,40.4,90.0,100.0,7.9,100,80.0,64.8,956
,,NS(=O)(=O)n1c(=O)n([C@H]2CCCOC2)c2c3cc(-c4ccc(OCCCN5CCCC5)nc4)ccc3ncc21,ATM,resistant,scout2,,552.7,2.68,0.33,4.9,91.6,0.00083,0.00415,r_group,33.2,90.0,91.6,41.5,100,56.7,64.8,957
CHEMBL3702141,CHEMBL3702141,c1cc2c3cnc(Nc4ccc(N5CCNCC5)cn4)cc3n(C3CCSC3)c2cn1,CDK6,sensitive,scout1,17.0,0.0,0.0,0.509,3.48,100.0,0.006924,0.001039,database_search,53.1,78.6,100.0,10.4,80,72.4,64.8,958
,,Cl.O=C(O)c1c(Cc2ccsc2)c(-c2ccccc2)nn1CC1CCCCC1.OCO,CHEK2,resistant,scout2,,465.0,4.83,0.454,3.9,99.1,0.000954,0.00477,bioisostere,38.2,72.0,99.1,47.7,100,67.8,64.8,959
,,Nc1nc(F)c(-c2ccnc(Nc3cccc([N+](=O)[O-])c3)n2)s1,CDK4,sensitive,scout2,,332.3,2.97,0.556,2.9,100.0,0.00528,0.000792,r_group,40.5,90.0,100.0,7.9,100,78.9,64.8,960
,,CC(C)N=Cc1ccc(-c2[nH]c(-c3ccccc3)nc2-c2ccncc2)cc1,BRAF,escape_route,scout2,,366.5,5.63,0.465,3.5,94.3,0.0019300000000000003,0.002895,r_group,32.2,90.0,94.3,34.7,100,72.2,64.8,961
,,CNN1C(=O)C[C@H](c2ccccc2)[C@@H]1[C@H](O)c1ccc(-c2ccc(C#N)cc2)s1,KRAS,escape_route,scout2,,403.5,3.84,0.679,3.6,100.0,0.0023580000000000003,0.0035369999999999998,r_group,39.3,72.0,100.0,42.4,100,71.1,64.7,962
,,O=C1C[C@H](c2ccccc2F)[C@H]([C@H](O)c2ccc(-c3cccnc3)s2)N1C1CC1,KRAS,escape_route,scout2,,408.5,4.53,0.675,3.6,100.0,0.00235,0.003525,r_group,39.2,72.0,100.0,42.3,100,71.1,64.7,963
,,Cl.Cl.O=C(Nc1c[nH]nc1C(=O)NC1CCNCC1)c1cc[nH]c1,CDK4,sensitive,scout2,,375.3,1.32,0.554,3.0,100.0,0.00527,0.0007905000000000001,bioisostere,40.4,90.0,100.0,7.9,100,77.8,64.7,964
,,CN(C)N1C(=O)C[C@H](c2ccccc2F)[C@@H]1[C@H](O)c1ccc(-c2ccccc2)s1,KRAS,escape_route,scout2,,410.5,4.45,0.676,3.6,100.0,0.0023520000000000004,0.0035280000000000003,r_group,39.2,72.0,100.0,42.3,100,71.1,64.7,965
CHEMBL260876,THIOUREA,NC(N)=S,ATM,resistant,scout1,200.0,0.0,0.0,0.371,2.58,100.0,0.000849,0.004247,database_search,34.0,80.0,100.0,42.5,80,82.4,64.7,966
,,NC(=O)N1C(=O)C[C@H](c2ccccc2F)[C@@H]1[C@H](O)c1ccc(-c2ccccc2)s1,KRAS,escape_route,scout2,,410.5,4.05,0.681,3.6,100.0,0.0023620000000000004,0.003543,r_group,39.4,72.0,100.0,42.5,100,71.1,64.7,967
,,Cc1nc(N)sc1-c1ccnc(Nc2cccc([N+]([O-])=S)c2)n1,CDK4,sensitive,scout2,,344.4,3.11,0.553,2.9,100.0,0.005265,0.00078975,bioisostere,40.4,90.0,100.0,7.9,100,78.9,64.7,968
,,O/N=C1/CCc2cc(-c3[nH]c(-c4cc[nH]c4)nc3-c3ccncc3)ccc21,BRAF,escape_route,scout2,,355.4,4.26,0.379,3.4,100.0,0.0017580000000000002,0.002637,bioisostere,29.3,90.0,100.0,31.6,100,73.3,64.7,969
,,Cl.O=C(O)c1c(Cc2ccsc2)c(-c2ccsc2)nn1CC1CCCCC1.OCO,CHEK2,resistant,scout2,,471.0,4.89,0.445,3.8,98.9,0.0009450000000000001,0.004725,bioisostere,37.8,72.0,98.9,47.2,100,68.9,64.7,970
CHEMBL3641990,CHEMBL3641990,CNC1CCN(c2ccc(Nc3ncc4c5ccncc5n(C5CCC5)c4n3)nn2)CC1,CDK6,sensitive,scout1,19.0,0.0,0.0,0.498,2.89,100.0,0.006803,0.00102,database_search,52.2,78.5,100.0,10.2,80,79.0,64.7,971
,,CC(C)N=C1CCc2cc(-c3[nH]c(-c4ccccc4)nc3-c3ccncc3)ccc21,BRAF,escape_route,scout2,,392.5,5.95,0.467,3.8,94.3,0.0019340000000000004,0.0029010000000000004,r_group,32.2,90.0,94.3,34.8,100,68.9,64.7,972
CHEMBL4240141,CHEMBL4240141,CN1CCN(S(=O)(=O)c2ccc(N3CCC=N3)cc2)c2ccccc21,MDM2,sensitive,scout1,74.0,0.0,0.0,0.848,2.7,100.0,0.005327,0.000799,database_search,40.8,92.6,100.0,8.0,80,81.1,64.7,973
CHEMBL220897,CHEMBL220897,O=C(NC(CO)c1cc(Cl)cc(Cl)c1)c1cc(-c2[nH]ncc2-c2cccc(Cl)c2)c[nH]1,MAPK1,sensitive,scout1,7.0,0.0,0.0,0.297,3.17,85.9,0.007887,0.001183,database_search,60.5,79.4,85.9,11.8,80,75.9,64.7,974
,,Cl.O=C(O)c1c(Cc2ccsc2)c(-c2cccs2)nn1CC1CCCCC1.OCO,CHEK2,resistant,scout2,,471.0,4.89,0.445,3.8,98.9,0.0009450000000000001,0.004725,bioisostere,37.8,72.0,98.9,47.2,100,68.9,64.7,975
,,Nc1nc(Cl)c(-c2ccnc(Nc3cccc([N+](=O)[O-])c3)n2)s1,CDK4,sensitive,scout2,,348.8,3.49,0.546,2.9,100.0,0.00523,0.0007845,r_group,40.1,90.0,100.0,7.8,100,78.9,64.7,976
,,CCN(C)C.CNc1ccc(-c2ccc3ncc4c(c3c2)n([C@H]2CC[C@H](OC)C2)c(=O)n4C)cn1,ATM,resistant,scout2,,476.6,4.3,0.463,4.4,99.3,0.0009630000000000002,0.004815000000000001,bioisostere,38.5,72.0,99.3,48.2,100,62.2,64.7,977
,,O=C(O)N1C(=O)C[C@H](c2ccccc2F)[C@@H]1[C@H](O)c1ccc(-c2cccnc2)s1,KRAS,escape_route,scout2,,412.4,4.05,0.675,3.6,100.0,0.00235,0.003525,r_group,39.2,72.0,100.0,42.3,100,71.1,64.7,978
,,COOc1ccc2c(c1)CCCN2S(=O)(=O)c1ccc(N2CCCC2=O)cc1,MDM2,sensitive,scout2,,402.5,2.9,0.568,3.5,100.0,0.00534,0.000801,r_group,40.9,90.0,100.0,8.0,100,72.2,64.6,979
,,CNc1nc(C)c(-c2ccnc(Nc3cc(NC)c(OC)c(OC)c3)n2)s1,CDK4,sensitive,scout2,,386.5,3.75,0.565,3.4,100.0,0.005325,0.00079875,bioisostere,40.8,90.0,100.0,8.0,100,73.3,64.6,980
,,CNc1nc(C)c(-c2ccnc(Nc3cc(OC)c(NC)c(OC)c3)n2)s1,CDK4,sensitive,scout2,,386.5,3.75,0.565,3.4,100.0,0.005325,0.00079875,bioisostere,40.8,90.0,100.0,8.0,100,73.3,64.6,981
,,Nc1nc(Cl)cc(-c2nn(C(F)F)cc2Cc2cc[nH]c2)n1.O=S1(=O)CCN(CCO)CC1,EZH2,resistant,scout2,,504.0,1.6,0.43,4.1,78.6,0.0009299999999999999,0.00465,bioisostere,37.2,90.0,78.6,46.5,100,65.6,64.6,982
CHEMBL381075,CHEMBL381075,Nc1cc(/C=C/c2cncc(OC[C@@H](N)Cc3c[nH]c4ccccc34)c2)ccn1,AKT1,escape_route,scout1,121.0,0.0,0.0,0.45,3.1,100.0,0.001917,0.002876,database_search,32.0,87.9,100.0,34.5,80,76.7,64.6,983
CHEMBL428690,CHEMBL428690,CN1CC[C@H](c2c(O)cc(O)c3c(=O)cc(-c4ccccc4Cl)oc23)[C@H](O)C1,ATR,resistant,scout1,110.0,0.0,0.0,0.61,3.41,100.0,0.000979,0.004897,database_search,39.2,71.2,100.0,49.0,80,73.2,64.6,984
CHEMBL203007,CHEMBL203007,COc1cc2c(Nc3cnc(NC(=O)c4ccc(C)c(Br)c4)nc3)ncnc2cc1OCCCN1CCOCC1,AURKA,resistant,scout1,70.0,0.0,0.0,0.247,2.72,84.9,0.001077,0.005387,database_search,43.1,74.4,84.9,53.9,80,80.9,64.6,985
,,CCN1CCCC1.CNc1ccc(-c2ccc3ncc4c(c3c2)n([C@H]2CCCOC2)c(=O)n4C)cn1,ATM,resistant,scout2,,488.6,4.45,0.458,4.5,99.2,0.0009580000000000001,0.00479,bioisostere,38.3,72.0,99.2,47.9,100,61.1,64.6,986
,,CCN1C(=O)C[C@H](c2ccccc2)[C@@H]1[C@H](O)c1ccc(-c2ccc(C#N)cc2)s1,KRAS,escape_route,scout2,,402.5,4.72,0.671,3.6,100.0,0.002342,0.003513,r_group,39.0,72.0,100.0,42.2,100,71.1,64.6,987
CHEMBL428690,CHEMBL428690,CN1CC[C@H](c2c(O)cc(O)c3c(=O)cc(-c4ccccc4Cl)oc23)[C@H](O)C1,ATR,resistant,scout1,110.0,0.0,0.0,0.61,3.41,100.0,0.000979,0.004897,database_search,39.2,71.2,100.0,49.0,80,73.2,64.6,988
CHEMBL428690,CHEMBL428690,CN1CC[C@H](c2c(O)cc(O)c3c(=O)cc(-c4ccccc4Cl)oc23)[C@H](O)C1,ATR,resistant,scout1,110.0,0.0,0.0,0.61,3.41,100.0,0.000979,0.004897,database_search,39.2,71.2,100.0,49.0,80,73.2,64.6,989
,,CN(C)N1C(=O)C[C@H](c2ccccc2)[C@@H]1[C@H](O)c1ccc(-c2ccc(C#N)cc2)s1,KRAS,escape_route,scout2,,417.5,4.18,0.676,3.8,100.0,0.0023520000000000004,0.0035280000000000003,r_group,39.2,72.0,100.0,42.3,100,68.9,64.6,990
,,O=C(C[Se](=O)CCCCCF)C(F)(F)F,FOLH1,other,scout2,,295.1,2.68,0.411,1.9,100.0,0.0022775,0.0022775,r_group,30.4,90.0,100.0,22.8,100,90.0,64.5,991
,,O=C(C[Se](=O)CCCCCCl)C(F)(F)F,FOLH1,other,scout2,,311.6,2.95,0.411,1.9,100.0,0.0022775,0.0022775,r_group,30.4,90.0,100.0,22.8,100,90.0,64.5,992
,,CCc1nc(N)sc1-c1ccnc(Nc2cccc([N+](=O)[O-])c2)n1,CDK4,sensitive,scout2,,342.4,3.4,0.538,3.0,100.0,0.00519,0.0007785,r_group,39.8,90.0,100.0,7.8,100,77.8,64.5,993
,,N#Cc1ccc(-c2ccc([C@@H](O)[C@H]3[C@@H](c4ccccc4)CC(=O)N3C(N)=O)s2)cc1,KRAS,escape_route,scout2,,417.5,3.78,0.673,3.8,100.0,0.0023460000000000004,0.003519,r_group,39.1,72.0,100.0,42.2,100,68.9,64.5,994
,,CNc1cccc(Cl)c1C(=O)Nc1c[nH]nc1C(=O)NC1CCNCC1,CDK4,sensitive,scout2,,376.8,1.84,0.546,3.2,100.0,0.00523,0.0007845,r_group,40.1,90.0,100.0,7.8,100,75.6,64.5,995
,,COC(=S)c1c(C)[nH]c2c1[C@@]13C[C@@H]1CN(C(=O)/C=C/c1ccc(OC)nn1)C3=CC2=O,MAP2K1,sensitive,scout2,,436.5,2.34,0.58,3.9,100.0,0.0054,0.0008100000000000001,bioisostere,41.4,90.0,100.0,8.1,100,67.8,64.5,996
,,COC(=S)c1c(C)[nH]c2c1[C@@]13C[C@@H]1CN(C(=O)/C=C/c1cnc(OC)nc1)C3=CC2=O,MAP2K1,sensitive,scout2,,436.5,2.34,0.58,3.9,100.0,0.0054,0.0008100000000000001,bioisostere,41.4,90.0,100.0,8.1,100,67.8,64.5,997
CHEMBL435744,CHEMBL435744,OCc1ccc(-c2[nH]c(-c3ccccc3)nc2-c2ccncc2)cc1Cl,BRAF,escape_route,scout1,132.0,0.0,0.0,0.54,2.26,100.0,0.001879,0.002819,database_search,31.3,86.8,100.0,33.8,80,86.0,64.5,998
CHEMBL3698670,CHEMBL3698670,c1cnc2c(c1)c1cnc(Nc3ccc(N4CCNCC4)cn3)nc1n2C1CCCC1,CDK6,sensitive,scout1,21.0,0.0,0.0,0.527,2.77,100.0,0.006694,0.001004,database_search,51.3,78.3,100.0,10.0,80,80.3,64.5,999
,,O=C(C[Se](=O)(=O)CCCCCCl)C(F)(F)F,FOLH1,other,scout2,,327.6,2.83,0.41,2.0,100.0,0.0022749999999999997,0.0022749999999999997,r_group,30.3,90.0,100.0,22.7,100,88.9,64.5,1000
,,O=C(C[Se](=O)(=O)CCCCCF)C(F)(F)F,FOLH1,other,scout2,,311.1,2.56,0.412,2.0,100.0,0.00228,0.00228,r_group,30.4,90.0,100.0,22.8,100,88.9,64.5,1001
,,CN1C(=O)C[C@H](c2ccccc2F)[C@@H]1[C@H](O)c1ccc(S(=O)(=O)c2ccoc2)s1,KRAS,escape_route,scout2,,435.5,3.36,0.664,3.6,100.0,0.002328,0.0034920000000000003,bioisostere,38.8,72.0,100.0,41.9,100,71.1,64.5,1002
CHEMBL282866,CHEMBL282866,CCC1(CC)CCNc2cc3nc(O)cc(C(F)(F)F)c3cc21,AR,sensitive,scout1,73.0,0.0,0.0,0.831,3.26,100.0,0.005342,0.000801,database_search,41.0,92.7,100.0,8.0,80,74.9,64.4,1003
CHEMBL383928,CHEMBL383928,CN1C(=O)C[C@H](c2ccccc2)[C@@H]1[C@H](O)c1ccc(-c2ccccc2F)s1,KRAS,escape_route,scout1,120.0,0.0,0.0,0.717,3.44,100.0,0.001921,0.002881,database_search,32.0,88.0,100.0,34.6,80,72.9,64.4,1004
,,O=C1C[C@H](c2ccccc2F)[C@H]([C@H](O)c2ccc(-c3cccnc3)s2)N1Cl,KRAS,escape_route,scout2,,402.9,4.52,0.653,3.4,100.0,0.0023060000000000003,0.003459,r_group,38.4,72.0,100.0,41.5,100,73.3,64.4,1005
,,CC(C)N1C(=O)C[C@H](c2ccccc2F)[C@@H]1[C@H](O)c1ccc(-c2cccnc2)s1,KRAS,escape_route,scout2,,410.5,4.78,0.659,3.6,100.0,0.002318,0.0034770000000000005,r_group,38.6,72.0,100.0,41.7,100,71.1,64.4,1006
,,CN1C(=O)C[C@@H](c2ccoc2)[C@@H]1[C@H](O)c1ccc(S(=O)(=O)c2ccccc2)s1.F,KRAS,escape_route,scout2,,437.5,3.37,0.661,3.6,100.0,0.0023220000000000003,0.003483,bioisostere,38.7,72.0,100.0,41.8,100,71.1,64.4,1007
,,CNc1ccc(/C=C/C(=O)N2C[C@H]3C[C@@]34C2=CC(=O)c2[nH]c(C)c(C(=O)OC)c24)nn1,MAP2K1,sensitive,scout2,,419.4,1.83,0.573,3.9,100.0,0.005365,0.00080475,bioisostere,41.1,90.0,100.0,8.0,100,67.8,64.4,1008
,,CCCCCC[Se](=O)CC(=O)C#N,FOLH1,other,scout2,,248.2,2.08,0.393,1.6,100.0,0.0022325,0.0022325,bioisostere,29.8,90.0,100.0,22.3,100,93.3,64.4,1009
,,CNc1ncc(/C=C/C(=O)N2C[C@H]3C[C@@]34C2=CC(=O)c2[nH]c(C)c(C(=O)OC)c24)cn1,MAP2K1,sensitive,scout2,,419.4,1.83,0.573,3.9,100.0,0.005365,0.00080475,bioisostere,41.1,90.0,100.0,8.0,100,67.8,64.4,1010
,,COc1nc(N)sc1-c1ccnc(Nc2cccc([N+](=O)[O-])c2)n1,CDK4,sensitive,scout2,,344.4,2.84,0.534,3.0,100.0,0.00517,0.0007755,r_group,39.6,90.0,100.0,7.8,100,77.8,64.4,1011
,,CCCCCC[Se](=O)(=O)CC(=O)C#N,FOLH1,other,scout2,,264.2,1.96,0.4,1.8,100.0,0.0022500000000000003,0.0022500000000000003,bioisostere,30.0,90.0,100.0,22.5,100,91.1,64.4,1012
,,CCCCCC[Se](=O)CC(=O)C(Cl)(Cl)Cl,FOLH1,other,scout2,,340.5,3.93,0.4,1.9,100.0,0.0022500000000000003,0.0022500000000000003,bioisostere,30.0,90.0,100.0,22.5,100,90.0,64.4,1013
,,CCOc1ccc(/C=C/C(=O)N2C[C@H]3C[C@@]34C2=CC(=O)c2[nH]c(C)c(C(=O)OC)c24)nn1,MAP2K1,sensitive,scout2,,434.5,2.19,0.567,4.0,100.0,0.0053349999999999995,0.0008002499999999999,r_group,40.9,90.0,100.0,8.0,100,66.7,64.3,1014
,,CCOC(=O)c1c(C)[nH]c2c1[C@@]13C[C@@H]1CN(C(=O)/C=C/c1ccc(OC)nn1)C3=CC2=O,MAP2K1,sensitive,scout2,,434.5,2.19,0.567,4.0,100.0,0.0053349999999999995,0.0008002499999999999,r_group,40.9,90.0,100.0,8.0,100,66.7,64.3,1015
,,Nc1cccc(Cl)c1C(=O)Nc1c[nH]nc1C(=O)NC1CCNCC1,CDK4,sensitive,scout2,,362.8,1.38,0.525,3.1,100.0,0.005124999999999999,0.0007687499999999999,r_group,39.3,90.0,100.0,7.7,100,76.7,64.3,1016
,,CNC(=O)c1c(Cc2cc3c(cc2Cl)OCO3)c(-c2ccccc2)nn1CC1CCCCC1,CHEK2,resistant,scout2,,466.0,5.46,0.524,4.1,90.5,0.0010240000000000002,0.00512,r_group,41.0,72.0,90.5,51.2,100,65.6,64.3,1017
CHEMBL526092,CHEMBL526092,CCC1CNC(=O)c2cc(-c3ccnc(N)n3)[nH]c21,CDK4,sensitive,scout1,73.0,0.0,0.0,0.755,3.54,100.0,0.005342,0.000801,database_search,41.0,92.7,100.0,8.0,80,71.8,64.3,1018
CHEMBL367715,CHEMBL367715,CCC(C(=O)N[C@@H](CC(=O)O)C(=O)CN[C@H](Cc1ccccc1)C(N)=O)n1cccc(NC(=O)c2ccc3ccccc3c2)c1=O,CD274,immune,scout1,25.0,0.0,0.0,0.133,3.71,72.7,0.003253,0.003253,database_search,43.4,97.5,72.7,32.5,80,69.9,64.3,1019
,,CCc1[nH]c2c(c1C(=O)OC)[C@@]13C[C@@H]1CN(C(=O)/C=C/c1ccc(OC)nn1)C3=CC2=O,MAP2K1,sensitive,scout2,,434.5,2.06,0.566,4.0,100.0,0.00533,0.0007995,r_group,40.9,90.0,100.0,8.0,100,66.7,64.3,1020
,,CN(C)c1nc(N)sc1-c1ccnc(Nc2cccc([N+](=O)[O-])c2)n1,CDK4,sensitive,scout2,,357.4,2.9,0.528,3.1,100.0,0.0051400000000000005,0.0007710000000000001,r_group,39.4,90.0,100.0,7.7,100,76.7,64.3,1021
,,CC(C)c1nc(N)sc1-c1ccnc(Nc2cccc([N+](=O)[O-])c2)n1,CDK4,sensitive,scout2,,356.4,3.96,0.524,3.1,100.0,0.00512,0.000768,r_group,39.3,90.0,100.0,7.7,100,76.7,64.3,1022
,,CCCCCC[Se](=O)CC(=O)C(F)(F)Cl,FOLH1,other,scout2,,307.6,3.39,0.391,1.9,100.0,0.0022275,0.0022275,bioisostere,29.7,90.0,100.0,22.3,100,90.0,64.3,1023
,,O=C(O)N1C(=O)C[C@H](c2ccccc2F)[C@@H]1[C@H](O)c1ccc(-c2ccccc2)s1,KRAS,escape_route,scout2,,411.5,4.65,0.655,3.6,100.0,0.0023100000000000004,0.003465,r_group,38.5,72.0,100.0,41.6,100,71.1,64.3,1024
,,CCN1CCCC1.CNc1ccc(-c2ccc3ncc4c(c3c2)n([C@H]2C[C@@H](OC)C2)c(=O)n4C)cn1,ATM,resistant,scout2,,488.6,4.44,0.447,4.5,98.9,0.0009470000000000001,0.0047350000000000005,bioisostere,37.9,72.0,98.9,47.4,100,61.1,64.3,1025
,,Nc1nc(C2CC2)c(-c2ccnc(Nc3cccc([N+](=O)[O-])c3)n2)s1,CDK4,sensitive,scout2,,354.4,3.71,0.529,3.1,100.0,0.005144999999999999,0.0007717499999999999,r_group,39.4,90.0,100.0,7.7,100,76.7,64.3,1026
,,CCCCCC[Se](=O)(=O)CC(=O)C(Cl)(Cl)Cl,FOLH1,other,scout2,,356.5,3.81,0.396,2.0,100.0,0.0022400000000000002,0.0022400000000000002,bioisostere,29.9,90.0,100.0,22.4,100,88.9,64.3,1027
,,COOc1ccc2c(c1)N(C)CCN2S(=O)(=O)c1ccc(N2CCCC2=O)cc1,MDM2,sensitive,scout2,,417.5,2.4,0.549,3.6,100.0,0.005245,0.0007867499999999999,r_group,40.2,90.0,100.0,7.9,100,71.1,64.3,1028
,,CC(C)n1c(=O)n(C)c2cnc3ccc(-c4ccc(OCCCN(C)C)nc4)cc3c21.CN,ATM,resistant,scout2,,450.6,3.44,0.434,4.1,98.7,0.0009339999999999999,0.00467,bioisostere,37.4,72.0,98.7,46.7,100,65.6,64.2,1029
,,O=C(C[Se](=O)CCCCCC(F)(F)F)C(F)(F)F,FOLH1,other,scout2,,345.1,3.66,0.401,2.2,100.0,0.0022525,0.0022525,r_group,30.0,90.0,100.0,22.5,100,86.7,64.2,1030
CHEMBL445340,CHEMBL445340,CC(C)C1CNC(=O)c2cc(-c3ccnc(N)n3)[nH]c21,CDK4,sensitive,scout1,73.0,0.0,0.0,0.771,3.58,100.0,0.005342,0.000801,database_search,41.0,92.7,100.0,8.0,80,71.3,64.2,1031
,,CN1C(=O)C[C@@H](c2cc[nH]c2)[C@@H]1[C@H](O)c1ccc(S(=O)(=O)c2ccccc2)s1.F,KRAS,escape_route,scout2,,436.5,3.11,0.643,3.6,100.0,0.0022860000000000003,0.003429,bioisostere,38.1,72.0,100.0,41.1,100,71.1,64.2,1032
,,N#Cc1ccc(-c2ccc([C@@H](O)[C@H]3[C@@H](c4ccccc4)CC(=O)N3C(=O)O)s2)cc1,KRAS,escape_route,scout2,,418.5,4.38,0.655,3.8,100.0,0.0023100000000000004,0.003465,r_group,38.5,72.0,100.0,41.6,100,68.9,64.2,1033
,,CN1C(=O)C[C@H](c2ccccc2F)[C@@H]1[C@H](O)c1ccc(S(=O)(=O)c2ccncc2)s1,KRAS,escape_route,scout2,,446.5,3.16,0.651,3.8,100.0,0.0023020000000000002,0.0034530000000000003,bioisostere,38.4,72.0,100.0,41.4,100,68.9,64.2,1034
,,CN1C(=O)C[C@H](c2ccccc2F)[C@@H]1[C@H](O)c1ccc(S(=O)(=O)c2cc[nH]c2)s1,KRAS,escape_route,scout2,,434.5,3.1,0.646,3.6,100.0,0.002292,0.0034379999999999997,bioisostere,38.2,72.0,100.0,41.3,100,71.1,64.2,1035
,,O/N=C/c1ccc(-c2[nH]c(-c3ccoc3)nc2-c2ccncc2)cc1,BRAF,escape_route,scout2,,330.3,4.21,0.333,3.1,100.0,0.0016660000000000002,0.002499,bioisostere,27.8,90.0,100.0,30.0,100,76.7,64.2,1036
,,ON=Cc1ccoc1.c1ccc(-c2nc(-c3ccncc3)c[nH]2)cc1,BRAF,escape_route,scout2,,332.4,4.23,0.334,3.1,100.0,0.0016680000000000002,0.002502,bioisostere,27.8,90.0,100.0,30.0,100,76.7,64.2,1037
,,CCCCCC[Se](=O)(=O)CC(=O)C(F)(F)Cl,FOLH1,other,scout2,,323.6,3.27,0.391,2.0,100.0,0.0022275,0.0022275,bioisostere,29.7,90.0,100.0,22.3,100,88.9,64.2,1038
,,O=C(O)c1cccc(Cl)c1C(=O)Nc1c[nH]nc1C(=O)NC1CCNCC1,CDK4,sensitive,scout2,,391.8,1.5,0.524,3.4,100.0,0.00512,0.000768,r_group,39.3,90.0,100.0,7.7,100,73.3,64.1,1039
,,C.COc1ccc(/C=C/C(=O)N2C[C@H]3C[C@@]34C2=CC(=O)c2[nH]c(C)c(S(N)(=O)=O)c24)nn1,MAP2K1,sensitive,scout2,,457.5,1.3,0.657,4.0,93.1,0.005785,0.00086775,bioisostere,44.4,90.0,93.1,8.7,100,66.7,64.1,1040
,,COC(=O)c1c(C)[nH]c2c1[C@@]13C[C@@H]1CN(C(=O)/C=C/c1ccc(OC4CC4)nn1)C3=CC2=O,MAP2K1,sensitive,scout2,,446.5,2.33,0.554,4.1,100.0,0.00527,0.0007905000000000001,r_group,40.4,90.0,100.0,7.9,100,65.6,64.1,1041
,,COC(=O)c1c(C(C)C)[nH]c2c1[C@@]13C[C@@H]1CN(C(=O)/C=C/c1ccc(OC)nn1)C3=CC2=O,MAP2K1,sensitive,scout2,,448.5,2.62,0.552,4.1,100.0,0.00526,0.000789,r_group,40.3,90.0,100.0,7.9,100,65.6,64.1,1042
,,COC(=O)c1c(C2CC2)[nH]c2c1[C@@]13C[C@@H]1CN(C(=O)/C=C/c1ccc(OC)nn1)C3=CC2=O,MAP2K1,sensitive,scout2,,446.5,2.37,0.554,4.1,100.0,0.00527,0.0007905000000000001,r_group,40.4,90.0,100.0,7.9,100,65.6,64.1,1043
,,FC(F)(F)c1cc(C(F)(F)F)c2cc3c(cc2n1)NC[C@@H]1CCCC[C@H]31,AR,sensitive,scout2,,374.3,5.97,0.575,3.2,96.5,0.005375,0.0008062499999999999,r_group,41.2,90.0,96.5,8.1,100,75.6,64.1,1044
,,COc1ccc(/C=C/C(=O)N2C[C@H]3C[C@@]34C2=CC(=O)c2[nH]c(C)c(C(=O)OC3CC3)c24)nn1,MAP2K1,sensitive,scout2,,446.5,2.33,0.554,4.1,100.0,0.00527,0.0007905000000000001,r_group,40.4,90.0,100.0,7.9,100,65.6,64.1,1045
,,FC(F)(F)c1cc(C(F)(F)F)c2cc3c(cc2n1)NC[C@H]1CCCC[C@H]31,AR,sensitive,scout2,,374.3,5.97,0.575,3.2,96.5,0.005375,0.0008062499999999999,r_group,41.2,90.0,96.5,8.1,100,75.6,64.1,1046
,,CN1C(=O)C[C@H](c2ccccc2F)[C@@H]1[C@H](O)c1ccc(S(=O)(=O)c2ccsc2)s1,KRAS,escape_route,scout2,,451.6,3.83,0.64,3.6,100.0,0.0022800000000000003,0.0034200000000000007,bioisostere,38.0,72.0,100.0,41.0,100,71.1,64.1,1047
,,CN1C(=O)C[C@@H](c2ccsc2)[C@@H]1[C@H](O)c1ccc(S(=O)(=O)c2ccccc2)s1.F,KRAS,escape_route,scout2,,453.6,3.84,0.637,3.6,100.0,0.002274,0.003411,bioisostere,37.9,72.0,100.0,40.9,100,71.1,64.1,1048
,,CN1C(=O)C[C@@H](c2ccncc2)[C@@H]1[C@H](O)c1ccc(S(=O)(=O)c2ccccc2)s1.F,KRAS,escape_route,scout2,,448.5,3.18,0.648,3.8,100.0,0.0022960000000000007,0.0034440000000000004,bioisostere,38.3,72.0,100.0,41.3,100,68.9,64.1,1049
,,Cl.O=C(O)c1c(Cc2cc[nH]c2)c(-c2ccccc2)nn1CC1CCCCC1.OCO,CHEK2,resistant,scout2,,448.0,4.1,0.425,3.9,98.5,0.0009250000000000001,0.004625000000000001,bioisostere,37.0,72.0,98.5,46.3,100,67.8,64.1,1050
,,COC(=O)c1c(C)[nH]c2c1[C@@]13C[C@@H]1CN(C(=O)/C=C/c1ccc(OC(C)C)nn1)C3=CC2=O,MAP2K1,sensitive,scout2,,448.5,2.58,0.552,4.1,100.0,0.00526,0.000789,r_group,40.3,90.0,100.0,7.9,100,65.6,64.1,1051
,,COc1ccc(/C=C/C(=O)N2C[C@H]3C[C@@]34C2=CC(=O)c2[nH]c(C)c(C(=O)OC(C)C)c24)nn1,MAP2K1,sensitive,scout2,,448.5,2.58,0.552,4.1,100.0,0.00526,0.000789,r_group,40.3,90.0,100.0,7.9,100,65.6,64.1,1052
,,Nc1nc(C(F)(F)F)c(-c2ccnc(Nc3cccc([N+](=O)[O-])c3)n2)s1,CDK4,sensitive,scout2,,382.3,3.85,0.519,3.2,100.0,0.005095000000000001,0.0007642500000000001,r_group,39.1,90.0,100.0,7.6,100,75.6,64.1,1053
,,Cl.FC(F)(F)c1cccc(-c2nc(N3CCOCC3)c3sccc3n2)c1,PIK3CA,escape_route,scout2,,401.8,4.64,0.627,3.2,100.0,0.0022540000000000004,0.003381,r_group,37.6,72.0,100.0,40.6,100,75.6,64.1,1054
CHEMBL2436173,CHEMBL2436173,CC(=O)c1ccc2c(c1)c1c3c(ccc1n2CC[C@H]1CCCN1C)C(=O)CC3,MDM2,sensitive,scout1,80.0,0.0,0.0,0.626,3.09,100.0,0.005242,0.000786,database_search,40.2,92.0,100.0,7.9,80,76.8,64.1,1055
,,O/N=C/c1ccc(-c2[nH]c(-c3ccncc3)nc2-c2ccncc2)cc1,BRAF,escape_route,scout2,,341.4,4.01,0.333,3.2,100.0,0.0016660000000000002,0.002499,bioisostere,27.8,90.0,100.0,30.0,100,75.6,64.1,1056
,,NN=Cc1ccc(-c2[nH]c(-c3ccccc3)nc2-c2ccncc2)cc1,BRAF,escape_route,scout2,,339.4,4.1,0.334,3.2,100.0,0.0016680000000000002,0.002502,r_group,27.8,90.0,100.0,30.0,100,75.6,64.1,1057
,,CNC(=O)c1c(Cc2cc3c(cc2Cl)OCO3)c(-c2cccs2)nn1CC1CCCCC1,CHEK2,resistant,scout2,,472.0,5.52,0.513,4.0,90.3,0.0010129999999999998,0.005064999999999999,r_group,40.5,72.0,90.3,50.6,100,66.7,64.1,1058
,,COC(=O)c1c(OC)[nH]c2c1[C@@]13C[C@@H]1CN(C(=O)/C=C/c1ccc(OC)nn1)C3=CC2=O,MAP2K1,sensitive,scout2,,436.4,1.5,0.553,4.0,100.0,0.005265,0.00078975,r_group,40.4,90.0,100.0,7.9,100,66.7,64.1,1059
,,ON=Cc1ccncc1.c1ccc(-c2nc(-c3ccncc3)c[nH]2)cc1,BRAF,escape_route,scout2,,343.4,4.03,0.334,3.2,100.0,0.0016680000000000002,0.002502,bioisostere,27.8,90.0,100.0,30.0,100,75.6,64.1,1060
,,C.COc1ncc(/C=C/C(=O)N2C[C@H]3C[C@@]34C2=CC(=O)c2[nH]c(C)c(S(N)(=O)=O)c24)cn1,MAP2K1,sensitive,scout2,,457.5,1.3,0.657,4.0,93.1,0.005785,0.00086775,bioisostere,44.4,90.0,93.1,8.7,100,66.7,64.1,1061
,,N#Cc1ccc(-c2ccc([C@@H](O)[C@H]3[C@@H](c4ccccc4)CC(=O)N3C3CC3)s2)cc1,KRAS,escape_route,scout2,,414.5,4.87,0.648,3.8,100.0,0.0022960000000000007,0.0034440000000000004,r_group,38.3,72.0,100.0,41.3,100,68.9,64.1,1062
CHEMBL153177,CHEMBL153177,CCCCCC[Se]CC(=O)C(F)(F)F,FOLH1,other,scout1,100.0,0.0,0.0,0.515,3.23,100.0,0.0025,0.0025,database_search,33.3,90.0,100.0,25.0,80,75.2,64.0,1063
,,Cl.O=C(O)c1c(Cc2cc[nH]c2)c(-c2ccsc2)nn1CC1CCCCC1.OCO,CHEK2,resistant,scout2,,454.0,4.16,0.419,3.8,98.4,0.0009190000000000001,0.004595,bioisostere,36.8,72.0,98.4,46.0,100,68.9,64.0,1064
CHEMBL3702217,CHEMBL3702217,CC[C@@H](C)n1c2cnccc2c2cnc(Nc3ccc(N4CCN[C@@H](C)C4)nn3)nc21,CDK6,sensitive,scout1,21.0,0.0,0.0,0.511,3.71,100.0,0.006694,0.001004,database_search,51.3,78.3,100.0,10.0,80,69.9,64.0,1065
,,O=C(C[Se](=O)(=O)CCCCCC(F)(F)F)C(F)(F)F,FOLH1,other,scout2,,361.1,3.54,0.396,2.4,100.0,0.0022400000000000002,0.0022400000000000002,r_group,29.9,90.0,100.0,22.4,100,84.4,64.0,1066
,,N#Cc1ccc(-c2ccc([C@@H](O)[C@H]3[C@@H](c4ccccc4)CC(=O)N3Cl)s2)cc1,KRAS,escape_route,scout2,,408.9,4.86,0.627,3.5,100.0,0.0022540000000000004,0.003381,r_group,37.6,72.0,100.0,40.6,100,72.2,64.0,1067
CHEMBL192575,CHEMBL192575,CC(C)(C)c1ccc(C(=O)Nc2n[nH]c3c2CN(C(=O)Cc2ccccc2)C3)cc1,AURKA,resistant,scout1,130.0,0.0,0.0,0.691,2.34,100.0,0.000943,0.004715,database_search,37.7,69.6,100.0,47.1,80,85.1,64.0,1068
CHEMBL220320,CHEMBL220320,O=C(NCc1ccccc1)c1cc(-c2n[nH]cc2-c2cccc(Cl)c2)c[nH]1,MAPK1,sensitive,scout1,86.0,0.0,0.0,0.474,2.52,100.0,0.005164,0.000775,database_search,39.6,91.4,100.0,7.7,80,83.1,64.0,1069
,,Cc1nc(N)sc1-c1ccnc(Nc2cccc([N+](=O)S)c2)n1,CDK4,sensitive,scout2,,345.4,3.49,0.495,2.9,100.0,0.004975,0.0007462500000000001,bioisostere,38.1,90.0,100.0,7.5,100,78.9,64.0,1070
CHEMBL410637,CHEMBL410637,COC[C@H]1OC(=O)/C(=C/N2CCN(C)CC2)C2=C(O)C(=O)C3=C([C@H](OC(C)=O)C[C@]4(C)[C@@H](O)CC[C@@H]34)[C@]21C,PIK3CA,escape_route,scout1,90.0,0.0,0.0,0.408,4.9,93.2,0.002046,0.003069,database_search,34.1,91.0,93.2,36.8,80,56.7,64.0,1071
,,O/N=C/c1ccc(-c2[nH]c(-c3ccsc3)nc2-c2ccncc2)cc1,BRAF,escape_route,scout2,,346.4,4.68,0.32,3.1,100.0,0.0016400000000000002,0.00246,bioisostere,27.3,90.0,100.0,29.5,100,76.7,64.0,1072
,,Cl.O=C(O)c1c(Cc2cc[nH]c2)c(-c2cccs2)nn1CC1CCCCC1.OCO,CHEK2,resistant,scout2,,454.0,4.16,0.419,3.8,98.4,0.0009190000000000001,0.004595,bioisostere,36.8,72.0,98.4,46.0,100,68.9,64.0,1073
,,CN1C(=O)C[CH][C@@H]1[C@H](O)c1ccc(S(=O)(=O)c2ccccc2)s1.COc1ccoc1,KRAS,escape_route,scout2,,448.5,3.34,0.643,3.8,100.0,0.0022860000000000003,0.003429,bioisostere,38.1,72.0,100.0,41.1,100,68.9,64.0,1074
,,ON=Cc1ccsc1.c1ccc(-c2nc(-c3ccncc3)c[nH]2)cc1,BRAF,escape_route,scout2,,348.4,4.69,0.32,3.1,100.0,0.0016400000000000002,0.00246,bioisostere,27.3,90.0,100.0,29.5,100,76.7,64.0,1075
CHEMBL3702209,CHEMBL3702209,CN(C)C1CCN(c2ccc(Nc3ncc4c5ccccc5n(C5CCCC5)c4n3)nc2)CC1,CDK6,sensitive,scout1,12.0,0.0,0.0,0.437,2.7,88.7,0.007302,0.001095,database_search,56.0,79.0,88.7,10.9,80,81.1,64.0,1076
,,NS(=O)(=O)C(=O)c1c(Cc2cc3c(cc2Cl)OCO3)c(-c2ccccc2)nn1CC1CCCCC1,CHEK2,resistant,scout2,,516.0,4.53,0.516,4.4,90.3,0.0010160000000000002,0.00508,r_group,40.6,72.0,90.3,50.8,100,62.2,64.0,1077
,,ON=Cc1ccc(-c2[nH]c(-c3ccccc3)nc2-c2ccncc2)cc1,BRAF,escape_route,scout2,,340.4,4.61,0.323,3.2,100.0,0.001646,0.002469,r_group,27.4,90.0,100.0,29.6,100,75.6,64.0,1078
,,NS(=O)(=O)C(=O)c1c(Cc2cc3c(cc2Cl)OCO3)c(-c2cccs2)nn1CC1CCCCC1,CHEK2,resistant,scout2,,522.0,4.59,0.507,4.2,90.1,0.001007,0.005035,r_group,40.3,72.0,90.1,50.4,100,64.4,63.9,1079
,,Cc1ccc([N+]([O-])=S)cc1S(=O)(=O)N(C)/N=C/c1cnc2ccc(Br)cn12,PIK3CA,escape_route,scout2,,468.4,2.93,0.326,3.4,100.0,0.001652,0.0024779999999999997,bioisostere,27.5,90.0,100.0,29.7,100,73.3,63.9,1080
,,CCNC(=O)Nc1cc[nH]c1.COC(=O)N1CCC(n2ncc3c(N4CCOCC4)ncnc32)CC1,MTOR,escape_route,scout2,,499.6,2.22,0.496,4.5,89.9,0.0019920000000000003,0.0029879999999999998,bioisostere,33.2,90.0,89.9,35.9,100,61.1,63.9,1081
CHEMBL202026,CHEMBL202026,CCN(C(=O)Cc1cnc(Nc2ncnc3cc(OCCCN4CCOCC4)c(OC)cc23)s1)c1ccccc1,AURKA,resistant,scout1,55.0,0.0,0.0,0.25,2.79,75.0,0.00113,0.005649,database_search,45.2,75.6,75.0,56.5,80,80.1,63.9,1082
CHEMBL247618,CHEMBL247618,CNC(=O)c1cc(CNc2ccsc2C(=O)Nc2ccc3c(c2)OC(F)(F)O3)ccn1,BRAF,escape_route,scout1,61.0,0.0,0.0,0.534,2.73,100.0,0.002215,0.003322,database_search,36.9,75.1,100.0,39.9,80,80.8,63.9,1083
,,COC(=O)c1c(C)[nH]c2c1[C@@]13C[C@@H]1CN(C(=O)/C=C/c1ccc(OC(F)(F)F)nn1)C3=CC2=O,MAP2K1,sensitive,scout2,,474.4,2.69,0.535,4.2,100.0,0.005175000000000001,0.0007762500000000001,r_group,39.7,90.0,100.0,7.8,100,64.4,63.8,1084
,,COC(=O)c1c(C(F)(F)F)[nH]c2c1[C@@]13C[C@@H]1CN(C(=O)/C=C/c1ccc(OC)nn1)C3=CC2=O,MAP2K1,sensitive,scout2,,474.4,2.51,0.535,4.2,100.0,0.005175000000000001,0.0007762500000000001,r_group,39.7,90.0,100.0,7.8,100,64.4,63.8,1085
,,CC(C)n1c(=O)n(C)c2cnc3ccc(-c4ccc(OCCCN(C)C)nc4)cc3c21.CNC,ATM,resistant,scout2,,464.6,3.7,0.42,4.2,98.4,0.00092,0.0046,bioisostere,36.8,72.0,98.4,46.0,100,64.4,63.8,1086
,,COc1ccc(/C=C/C(=O)N2C[C@H]3C[C@@]34C2=CC(=O)c2[nH]c(C)c(C(=O)OC(F)(F)F)c24)nn1,MAP2K1,sensitive,scout2,,474.4,2.69,0.535,4.2,100.0,0.005175000000000001,0.0007762500000000001,r_group,39.7,90.0,100.0,7.8,100,64.4,63.8,1087
CHEMBL428496,WORTMANNIN,COC[C@H]1OC(=O)c2coc3c2[C@@]1(C)C1=C(C3=O)[C@@H]2CCC(=O)[C@@]2(C)C[C@H]1OC(C)=O,PIK3CA,escape_route,scout1,120.0,0.0,0.0,0.676,4.66,100.0,0.001921,0.002881,database_search,32.0,88.0,100.0,34.6,80,59.3,63.8,1088
,,NS(=O)(=O)N1C(=O)C[C@H](c2ccccc2F)[C@@H]1[C@H](O)c1ccc(-c2ccccc2)s1,KRAS,escape_route,scout2,,446.5,3.18,0.629,3.8,100.0,0.002258,0.003387,r_group,37.6,72.0,100.0,40.6,100,68.9,63.8,1089
CHEMBL428496,WORTMANNIN,COC[C@H]1OC(=O)c2coc3c2[C@@]1(C)C1=C(C3=O)[C@@H]2CCC(=O)[C@@]2(C)C[C@H]1OC(C)=O,PIK3CA,escape_route,scout1,120.0,0.0,0.0,0.676,4.66,100.0,0.001921,0.002881,database_search,32.0,88.0,100.0,34.6,80,59.3,63.8,1090
,,CN1C(=O)C[CH][C@@H]1[C@H](O)c1ccc(S(=O)(=O)c2ccccc2)s1.COc1ccncc1,KRAS,escape_route,scout2,,459.6,3.14,0.63,3.9,100.0,0.00226,0.00339,bioisostere,37.7,72.0,100.0,40.7,100,67.8,63.8,1091
CHEMBL428496,WORTMANNIN,COC[C@H]1OC(=O)c2coc3c2[C@@]1(C)C1=C(C3=O)[C@@H]2CCC(=O)[C@@]2(C)C[C@H]1OC(C)=O,PIK3CA,escape_route,scout1,120.0,0.0,0.0,0.676,4.66,100.0,0.001921,0.002881,database_search,32.0,88.0,100.0,34.6,80,59.3,63.8,1092
,,CN1C(=O)C[CH][C@@H]1[C@H](O)c1ccc(S(=O)(=O)c2ccccc2)s1.COc1cc[nH]c1,KRAS,escape_route,scout2,,447.6,3.07,0.626,3.8,100.0,0.002252,0.0033779999999999995,bioisostere,37.5,72.0,100.0,40.5,100,68.9,63.8,1093
,,CNc1nc(N)sc1-c1ccnc(Nc2cccc([N+](=O)[O-])c2)n1,CDK4,sensitive,scout2,,343.4,2.88,0.476,3.0,100.0,0.00488,0.0007319999999999999,r_group,37.4,90.0,100.0,7.3,100,77.8,63.7,1094
,,Fc1cc(C(F)(F)F)c2cc3c(cc2n1)NC[C@@H]1CCCC[C@H]31,AR,sensitive,scout2,,324.3,5.09,0.539,2.9,95.8,0.005195000000000001,0.0007792500000000001,r_group,39.8,90.0,95.8,7.8,100,78.9,63.7,1095
CHEMBL315638,CHEMBL315638,O=C(O)c1cccc(Cn2nc(-c3cccs3)c(Cc3cc4c(cc3Cl)OCO4)c2C(=O)O)c1,CHEK2,resistant,scout1,89.0,0.0,0.0,0.369,2.74,87.4,0.001025,0.005127,database_search,41.0,72.9,87.4,51.3,80,80.7,63.7,1096
,,Fc1cc(C(F)(F)F)c2cc3c(cc2n1)NC[C@H]1CCCC[C@H]31,AR,sensitive,scout2,,324.3,5.09,0.539,2.9,95.8,0.005195000000000001,0.0007792500000000001,r_group,39.8,90.0,95.8,7.8,100,78.9,63.7,1097
,,O/N=C/c1ccc(-c2[nH]c(-c3cc[nH]c3)nc2-c2ccncc2)cc1,BRAF,escape_route,scout2,,329.4,3.94,0.301,3.1,100.0,0.0016020000000000001,0.0024029999999999998,bioisostere,26.7,90.0,100.0,28.8,100,76.7,63.7,1098
,,COc1ccccc1[C@H]1CC(=O)N(C)[C@H]1[C@H](O)c1ccc(S(=O)(=O)c2ccoc2)s1,KRAS,escape_route,scout2,,447.5,3.23,0.623,3.8,100.0,0.002246,0.003369,bioisostere,37.4,72.0,100.0,40.4,100,68.9,63.7,1099
,,CN1C(=O)C[CH][C@@H]1[C@H](O)c1ccc(S(=O)(=O)c2ccccc2)s1.COc1ccsc1,KRAS,escape_route,scout2,,464.6,3.81,0.621,3.8,100.0,0.002242,0.0033629999999999997,bioisostere,37.4,72.0,100.0,40.4,100,68.9,63.7,1100
,,ON=Cc1cc[nH]c1.c1ccc(-c2nc(-c3ccncc3)c[nH]2)cc1,BRAF,escape_route,scout2,,331.4,3.96,0.301,3.1,100.0,0.0016020000000000001,0.0024029999999999998,bioisostere,26.7,90.0,100.0,28.8,100,76.7,63.7,1101
CHEMBL3698696,CHEMBL3698696,O=S1(=O)CCC(Nc2ccc(Nc3ncc4c5ccncc5n(C5CCCC5)c4n3)nc2)C1,CDK6,sensitive,scout1,24.0,0.0,0.0,0.459,3.36,99.2,0.006549,0.000982,database_search,50.2,78.1,99.2,9.8,80,73.8,63.6,1102
CHEMBL3702247,CHEMBL3702247,CN(C)C1CCN(c2ccc(Nc3ncc4c5ccncc5n(C5CCC5)c4n3)nn2)CC1,CDK6,sensitive,scout1,27.0,0.0,0.0,0.499,2.9,100.0,0.006422,0.000963,database_search,49.2,77.8,100.0,9.6,80,78.9,63.6,1103
CHEMBL219790,CHEMBL219790,O=C(NC(CO)c1ccc(F)c(F)c1)c1cc(-c2[nH]ncc2-c2cccc(Cl)c2)c[nH]1,MAPK1,sensitive,scout1,22.0,0.0,0.0,0.355,3.12,97.1,0.006644,0.000997,database_search,50.9,78.2,97.1,10.0,80,76.4,63.6,1104
,,CN[C@H]1C[C@@H](n2c(=O)n(C)c3cnc4ccc(-c5ccc(OCCCN(C)C)nc5)cc4c32)C1,ATM,resistant,scout2,,460.6,3.2,0.407,4.2,98.1,0.000907,0.004535,bioisostere,36.3,72.0,98.1,45.4,100,64.4,63.5,1105
CHEMBL215578,CHEMBL215578,CN1C(=O)C[C@H](c2ccccc2F)[C@@H]1[C@H](O)c1ccc(S(=O)(=O)c2ccccc2)s1,KRAS,escape_route,scout1,60.0,0.0,0.0,0.649,3.61,100.0,0.002222,0.003333,database_search,37.0,75.2,100.0,40.0,80,71.0,63.5,1106
CHEMBL377304,CHEMBL377304,CN(C)CCOCCN(C)CCOc1cc(N2CCCC2)c(NC(=O)Nc2cnc(C#N)cn2)cc1Cl,CHEK1,resistant,scout1,64.0,0.0,0.0,0.376,2.93,77.5,0.001097,0.005485,database_search,43.9,74.9,77.5,54.9,80,78.6,63.5,1107
CHEMBL2426395,CHEMBL2426395,COc1ccc(NC(=S)NC(=O)c2cn(-c3ccccc3)nc2-c2ccc(OC)cc2)cc1,CDK6,sensitive,scout1,29.0,0.0,0.0,0.409,2.09,98.2,0.006344,0.000952,database_search,48.6,77.7,98.2,9.5,80,87.9,63.5,1108
,,CNC(=O)c1cc2c([nH]1)C(=O)C=C1C2C(C)CN1C(=O)c1cc2cc(OC)c(OC)c(OC)c2[nH]1,MAP2K1,sensitive,scout2,,478.5,2.84,0.518,4.4,100.0,0.00509,0.0007635,bioisostere,39.0,90.0,100.0,7.6,100,62.2,63.5,1109
,,O/N=C/CCc1ccncc1.c1ccc(-c2nc(-c3ccncc3)c[nH]2)cc1,BRAF,escape_route,scout2,,371.4,4.61,0.305,3.5,100.0,0.00161,0.002415,bioisostere,26.8,90.0,100.0,29.0,100,72.2,63.5,1110
,,COc1ccccc1[C@H]1CC(=O)N(C)[C@H]1[C@H](O)c1ccc(S(=O)(=O)c2ccncc2)s1,KRAS,escape_route,scout2,,458.6,3.03,0.61,3.9,100.0,0.0022199999999999998,0.0033299999999999996,bioisostere,37.0,72.0,100.0,40.0,100,67.8,63.5,1111
CHEMBL191402,CHEMBL191402,CCc1cccc(CC)c1NC(=O)N1Cc2[nH]nc(NC(=O)c3ccc(C(C)(C)C)cc3)c2C1,AURKA,resistant,scout1,100.0,0.0,0.0,0.462,2.6,89.2,0.001,0.005,database_search,40.0,72.0,89.2,50.0,80,82.2,63.5,1112
CHEMBL381328,CHEMBL381328,N[C@H](COc1cncc(/C=C/c2ccncc2)c1)Cc1ccc2ccccc2c1,AKT1,escape_route,scout1,146.0,0.0,0.0,0.502,2.86,100.0,0.001836,0.002753,database_search,30.6,85.4,100.0,33.0,80,79.3,63.5,1113
,,O/N=C/CCc1ccoc1.c1ccc(-c2nc(-c3ccncc3)c[nH]2)cc1,BRAF,escape_route,scout2,,360.4,4.81,0.304,3.4,100.0,0.001608,0.002412,bioisostere,26.8,90.0,100.0,28.9,100,73.3,63.5,1114
CHEMBL206183,CHEMBL206183,N[C@H](COc1cncc(/C=C/c2ccncc2)c1)Cc1csc2ccccc12,AKT1,escape_route,scout1,142.0,0.0,0.0,0.494,3.05,100.0,0.001848,0.002772,database_search,30.8,85.8,100.0,33.3,80,77.2,63.5,1115
,,CNc1nc(C)c(-c2ccnc(Nc3ccoc3)n2)s1.CO.CO.CO,CDK4,sensitive,scout2,,383.5,2.11,0.459,3.2,100.0,0.004795000000000001,0.0007192500000000001,bioisostere,36.8,90.0,100.0,7.2,100,75.6,63.4,1116
,,F[C@H](COc1cncc(-c2ccc3cnccc3c2)c1)Cc1c[nH]c2ccccc12,AKT1,escape_route,scout2,,397.5,5.74,0.398,3.8,93.0,0.001796,0.0026939999999999998,r_group,29.9,90.0,93.0,32.3,100,68.9,63.4,1117
CHEMBL213667,CHEMBL213667,CN1C(=O)C[C@H](c2ccccc2)[C@@H]1[C@H](O)c1ccc(-c2ccc(F)cc2)s1,KRAS,escape_route,scout1,140.0,0.0,0.0,0.717,3.39,100.0,0.001854,0.002781,database_search,30.9,86.0,100.0,33.4,80,73.4,63.4,1118
CHEMBL332551,CHEMBL332551,Nc1nc(C2=C3C(=Nc4ccccc43)C(=O)NCC2)c(O)[nH]1,MAPK1,sensitive,scout1,89.0,0.0,0.0,0.632,3.33,100.0,0.005127,0.000769,database_search,39.3,91.1,100.0,7.7,80,74.1,63.4,1119
CHEMBL332551,CHEMBL332551,Nc1nc(C2=C3C(=Nc4ccccc43)C(=O)NCC2)c(O)[nH]1,MAPK1,sensitive,scout1,89.0,0.0,0.0,0.632,3.33,100.0,0.005127,0.000769,database_search,39.3,91.1,100.0,7.7,80,74.1,63.4,1120
CHEMBL219849,CHEMBL219849,O=C(NC(CO)c1cccc(F)c1)c1cc(-c2[nH]ncc2-c2cccc(Cl)c2)c[nH]1,MAPK1,sensitive,scout1,24.0,0.0,0.0,0.371,3.05,97.4,0.006549,0.000982,database_search,50.2,78.1,97.4,9.8,80,77.2,63.4,1121
,,COc1ccccc1[C@H]1CC(=O)N(C)[C@H]1[C@H](O)c1ccc(S(=O)(=O)c2ccsc2)s1,KRAS,escape_route,scout2,,463.6,3.7,0.603,3.8,100.0,0.002206,0.003309,bioisostere,36.8,72.0,100.0,39.7,100,68.9,63.4,1122
,,CCNC(=O)Nc1ccc(-c2nc(N(C)CCNC)c3cnn(C4CCN(C(=O)OC)CC4)c3n2)cc1,MTOR,escape_route,scout2,,509.6,2.69,0.423,4.6,93.5,0.0018460000000000002,0.002769,bioisostere,30.8,90.0,93.5,33.2,100,60.0,63.4,1123
CHEMBL3355072,CHEMBL3355072,C[C@@H]1Cn2ncc(-c3ccc(S(C)(=O)=O)cc3)c2CN1c1ccnc2[nH]ccc12,ATM,resistant,scout1,130.0,0.0,0.0,0.564,3.48,100.0,0.000943,0.004715,database_search,37.7,69.6,100.0,47.1,80,72.4,63.4,1124
,,CNc1cncc(-c2ccc3cnccc3c2)c1.N[CH]Cc1c[nH]c2ccccc12,AKT1,escape_route,scout2,,394.5,5.17,0.393,3.8,92.9,0.0017860000000000003,0.002679,bioisostere,29.8,90.0,92.9,32.1,100,68.9,63.3,1125
CHEMBL3702160,CHEMBL3702160,CN(C)[C@H]1CN(c2ccc(Nc3ncc4c5ccncc5n(C5CCCC5)c4n3)nn2)CC[C@@H]1O,CDK6,sensitive,scout1,24.0,0.0,0.0,0.452,3.77,99.0,0.006549,0.000982,database_search,50.2,78.1,99.0,9.8,80,69.2,63.3,1126
,,CNc1nc(C)c(-c2ccnc(Nc3ccsc3)n2)s1.CO.CO.CO,CDK4,sensitive,scout2,,399.5,2.58,0.453,3.2,100.0,0.004765,0.00071475,bioisostere,36.5,90.0,100.0,7.1,100,75.6,63.3,1127
CHEMBL79280,CHEMBL79280,COc1ccc(NS(=O)(=O)c2c(F)c(F)c(F)c(F)c2F)cc1F,MAP2K1,sensitive,scout1,101.0,0.0,0.0,0.51,2.35,100.0,0.004989,0.000748,database_search,38.2,89.9,100.0,7.5,80,85.0,63.3,1128
CHEMBL1336,CHEMBL1336,CNC(=O)c1cc(Oc2ccc(NC(=O)Nc3ccc(Cl)c(C(F)(F)F)c3)cc2)ccn1,BRAF,escape_route,scout1,46.0,0.0,0.0,0.461,2.27,89.2,0.002337,0.003506,database_search,39.0,76.3,89.2,42.1,80,85.9,63.2,1129
,,CNC(=O)c1c(C)[nH]c2c1[C@@]13C[C@@H]1CN(C(=O)c1cc4cc(OC)c(OC)c(OC)c4[nH]1)C3=CC2=O,MAP2K1,sensitive,scout2,,490.5,2.68,0.505,4.5,100.0,0.005025,0.00075375,bioisostere,38.5,90.0,100.0,7.5,100,61.1,63.2,1130
CHEMBL270039,CHEMBL270039,COC[C@H]1OC(=O)/C(=C/N2CCCCC2)C2=C(O)C(=O)C3=C([C@H](OC(C)=O)C[C@]4(C)[C@@H](O)CC[C@@H]34)[C@]21C,PIK3CA,escape_route,scout1,104.0,0.0,0.0,0.43,4.87,93.6,0.001983,0.002974,database_search,33.0,89.6,93.6,35.7,80,57.0,63.2,1131
CHEMBL174581,CHEMBL174581,CCC(C(=O)N[C@@H](CC(=O)O)C(=O)CN(C)CCCC(N)=O)n1cccc(NC(=O)c2ccc3ccccc3c2)c1=O,CD274,immune,scout1,37.0,0.0,0.0,0.211,3.54,74.2,0.00304,0.00304,database_search,40.5,96.3,74.2,30.4,80,71.8,63.2,1132
,,CN[C@H]1CC[C@H](n2c(=O)n(C)c3cnc4ccc(-c5ccc(OCCCN(C)C)nc5)cc4c32)C1,ATM,resistant,scout2,,474.6,3.59,0.393,4.4,97.9,0.0008930000000000001,0.004465,bioisostere,35.7,72.0,97.9,44.6,100,62.2,63.1,1133
CHEMBL2113247,CHEMBL2113247,C[C@@H]1CNc2cc3nc(O)cc(C(F)(F)F)c3cc2[C@@H]1CCC(F)(F)F,AR,sensitive,scout1,82.0,0.0,0.0,0.684,4.08,98.7,0.005215,0.000782,database_search,40.0,91.8,98.7,7.8,80,65.8,63.1,1134
,,C[C@H](COc1cncc(-c2ccc3cnccc3c2)c1)Cc1c[nH]c2ccccc12,AKT1,escape_route,scout2,,393.5,6.04,0.383,3.8,92.7,0.0017660000000000002,0.0026490000000000003,r_group,29.4,90.0,92.7,31.8,100,68.9,63.1,1135
,,CNc1nc(C)c(-c2ccnc(Nc3ccncc3)n2)s1.CO.CO.CO,CDK4,sensitive,scout2,,394.5,1.91,0.449,3.4,100.0,0.004745,0.00071175,bioisostere,36.4,90.0,100.0,7.1,100,73.3,63.1,1136
,,C.Nc1nc(Cl)cc(-c2nn(C(F)F)cc2Cc2ccccc2OCCN2CCOC[C@@H]2S(N)(=O)=O)n1,EZH2,resistant,scout2,,560.0,2.52,0.377,4.6,77.5,0.0008770000000000001,0.004385,bioisostere,35.1,90.0,77.5,43.9,100,60.0,63.1,1137
,,O=C(Cl)c1cccc2[nH]c(-c3ccc(Cl)cc3)nc12,PARP1,resistant,scout2,,291.1,4.26,0.717,2.4,94.3,0.0012170000000000002,0.006085,r_group,48.7,45.0,94.3,60.9,100,84.4,63.1,1138
,,NC(=O)C(=O)c1c(Cc2cc3c(cc2Cl)OCO3)c(-c2ccccc2)nn1CC1CCCCC1,CHEK2,resistant,scout2,,480.0,4.77,0.389,4.2,97.8,0.000889,0.004445,r_group,35.6,72.0,97.8,44.5,100,64.4,63.1,1139
,,C.Nc1nc(Cl)cc(-c2nn(C(F)F)cc2Cc2ccccc2OCCN2CCOC[C@H]2S(N)(=O)=O)n1,EZH2,resistant,scout2,,560.0,2.52,0.377,4.6,77.5,0.0008770000000000001,0.004385,bioisostere,35.1,90.0,77.5,43.9,100,60.0,63.1,1140
CHEMBL2426391,CHEMBL2426391,COc1ccc(NC(=S)NC(=O)c2cn(-c3ccccc3)nc2-c2ccc(F)cc2)cc1,CDK6,sensitive,scout1,33.0,0.0,0.0,0.431,2.08,98.6,0.006204,0.000931,database_search,47.6,77.4,98.6,9.3,80,88.0,63.1,1141
,,CNC.COc1cc2cc(C(=O)N3C[C@H]4C[C@@]45C3=CC(=O)c3c5cc(C)n3C)[nH]c2c(OC)c1OC.O,MAP2K1,sensitive,scout2,,510.6,2.35,0.554,4.6,96.1,0.00527,0.0007905000000000001,bioisostere,40.4,90.0,96.1,7.9,100,60.0,63.0,1142
CHEMBL247250,CHEMBL247250,CNC(=O)Nc1ccc(CNc2ncsc2C(=O)Nc2ccc3c(c2)OC(F)(F)O3)cn1,BRAF,escape_route,scout1,69.0,0.0,0.0,0.442,2.88,98.8,0.002161,0.003242,database_search,36.0,74.5,98.8,38.9,80,79.1,63.0,1143
,,CNC(=O)c1c2c(n(C)c1C)C(=O)C=C1N(C(=O)c3cc4cc(OC)c(OC)c(OC)c4[nH]3)C[C@H]3C[C@]123,MAP2K1,sensitive,scout2,,504.5,2.69,0.552,4.6,96.0,0.00526,0.000789,bioisostere,40.3,90.0,96.0,7.9,100,60.0,63.0,1144
CHEMBL388480,CHEMBL388480,c1ccc(-c2nc(N3CCOCC3)c3oc4ncccc4c3n2)cc1,PIK3CA,escape_route,scout1,160.0,0.0,0.0,0.561,2.42,100.0,0.001796,0.002694,database_search,29.9,84.0,100.0,32.3,80,84.2,63.0,1145
,,CNC(=O)Nc1ccoc1.c1cncc(CN2CCC(n3ncc4c(N5CCOCC5)ncnc43)CC2)c1,MTOR,escape_route,scout2,,519.6,2.93,0.409,4.8,93.2,0.0018180000000000002,0.0027270000000000003,bioisostere,30.3,90.0,93.2,32.7,100,57.8,63.0,1146
,,CC(C)n1c(=O)n(C)c2cnc3ccc(-c4ccc(OCCCN5CCCC5)nc4)cc3c21.CNC,ATM,resistant,scout2,,490.7,4.23,0.391,4.5,97.8,0.000891,0.004455,bioisostere,35.6,72.0,97.8,44.5,100,61.1,63.0,1147
,,NC(=O)C(=O)c1c(Cc2cc3c(cc2Cl)OCO3)c(-c2cccs2)nn1CC1CCCCC1,CHEK2,resistant,scout2,,486.0,4.83,0.382,4.1,97.6,0.000882,0.00441,r_group,35.3,72.0,97.6,44.1,100,65.6,63.0,1148
CHEMBL3702114,CHEMBL3702114,c1cc2c3cnc(Nc4ccc(CN5CCNCC5)cn4)nc3n(C3CCCC3)c2cn1,CDK6,sensitive,scout1,33.0,0.0,0.0,0.502,2.78,100.0,0.006204,0.000931,database_search,47.6,77.4,100.0,9.3,80,80.2,63.0,1149
,,Cc1nc(N)sc1-c1ccnc(Nc2ccoc2)n1.O=[N+][O-],CDK4,sensitive,scout2,,319.3,2.41,0.553,2.8,91.1,0.005265,0.00078975,bioisostere,40.4,90.0,91.1,7.9,100,80.0,63.0,1150
CHEMBL4522598,CHEMBL4522598,CN(C)C/C=C/C(=O)Nc1cccc(S(=O)(=O)N2CCC(NC(=O)c3n[nH]cc3NC(=O)c3c(Cl)cccc3Cl)CC2)c1.O=C(O)C(F)(F)F,ATR,resistant,scout1,50.0,0.0,0.0,0.188,3.31,68.8,0.001151,0.005753,database_search,46.0,76.0,68.8,57.5,80,74.3,62.9,1151
CHEMBL3698700,CHEMBL3698700,c1cc2c3cnc(Nc4ccc(NC5CCNCC5)cn4)nc3n(C3CCCC3)c2cn1,CDK6,sensitive,scout1,31.0,0.0,0.0,0.434,2.87,98.7,0.006272,0.000941,database_search,48.1,77.5,98.7,9.4,80,79.2,62.9,1152
,,Cc1nc(N)sc1-c1ccnc(Nc2ccncc2)n1.O=[N+][O-],CDK4,sensitive,scout2,,330.4,2.22,0.549,2.9,91.0,0.005245,0.0007867499999999999,bioisostere,40.2,90.0,91.0,7.9,100,78.9,62.9,1153
CHEMBL497995,CHEMBL497995,Nc1nccc(-c2cc3c([nH]2)C(C2CCC2)CNC3=O)n1,CDK4,sensitive,scout1,96.0,0.0,0.0,0.781,3.51,100.0,0.005044,0.000757,database_search,38.7,90.4,100.0,7.6,80,72.1,62.9,1154
CHEMBL384399,CHEMBL384399,CN1C(=O)C[C@H](c2ccccc2)[C@@H]1[C@H](O)c1ccc(-c2ccccn2)s1,KRAS,escape_route,scout1,150.0,0.0,0.0,0.765,3.5,100.0,0.001824,0.002736,database_search,30.4,85.0,100.0,32.8,80,72.2,62.9,1155
,,CC[C@@H](C)n1c(=O)n(C)c2cnc3ccc(-c4ccc(OCCCN(C)C)nc4)cc3c21.CNC,ATM,resistant,scout2,,478.6,4.09,0.385,4.4,97.7,0.000885,0.004425,bioisostere,35.4,72.0,97.7,44.2,100,62.2,62.9,1156
,,O=C1CN(CCOc2ccccc2Cc2cn(C(F)F)nc2-c2cc(Cl)nc(Cl)n2)CCN1,EZH2,resistant,scout2,,497.3,3.44,0.379,4.1,97.6,0.0008790000000000001,0.0043950000000000005,r_group,35.2,72.0,97.6,44.0,100,65.6,62.9,1157
,,CNC(=O)Nc1ccncc1.c1cncc(CN2CCC(n3ncc4c(N5CCOCC5)ncnc43)CC2)c1,MTOR,escape_route,scout2,,530.6,2.73,0.4,4.9,93.0,0.0018000000000000004,0.0027,bioisostere,30.0,90.0,93.0,32.4,100,56.7,62.8,1158
,,CN[C@H]1C[C@@H](n2c(=O)n(C)c3cnc4ccc(-c5ccc(OCCCN6CCCC6)nc5)cc4c32)C1,ATM,resistant,scout2,,486.6,3.74,0.383,4.5,97.7,0.0008830000000000001,0.0044150000000000005,bioisostere,35.3,72.0,97.7,44.2,100,61.1,62.8,1159
,,O=C1CCCN1c1ccc(S(=O)(=O)N2CCCc3cc(OCl)ccc32)cc1,MDM2,sensitive,scout2,,406.9,3.49,0.779,3.4,100.0,0.006395,0.0009592499999999999,r_group,49.0,72.0,100.0,9.6,100,73.3,62.8,1160
CHEMBL451570,CHEMBL451570,Nc1nccc(-c2cc3c([nH]2)[C@H](CCF)CNC3=O)n1,CDK4,sensitive,scout1,96.0,0.0,0.0,0.785,3.72,100.0,0.005044,0.000757,database_search,38.7,90.4,100.0,7.6,80,69.8,62.8,1161
CHEMBL512092,CHEMBL512092,CC1(C)Cc2nc(N3CCOc4ccc(-c5cn[nH]c5)cc43)sc2C(=O)N1,PIK3CB,escape_route,scout1,156.0,0.0,0.0,0.713,3.11,100.0,0.001807,0.00271,database_search,30.1,84.4,100.0,32.5,80,76.6,62.8,1162
,,N#Cc1nc(N)sc1-c1ccnc(Nc2cccc([N+](=O)[O-])c2)n1,CDK4,sensitive,scout2,,339.3,2.71,0.545,3.0,90.9,0.005225,0.0007837499999999999,r_group,40.1,90.0,90.9,7.8,100,77.8,62.8,1163
,,COC(=O)c1c(C)[nH]c2c1[C@@]13C[C@@H]1CN(C(=S)/C=C/c1cnc(OC)nc1)C3=CC2=O,MAP2K1,sensitive,scout2,,436.5,2.6,0.444,3.9,100.0,0.00472,0.000708,bioisostere,36.2,90.0,100.0,7.1,100,67.8,62.8,1164
,,COC(=O)c1c(C)[nH]c2c1[C@@]13C[C@@H]1CN(C(=S)/C=C/c1ccc(OC)nn1)C3=CC2=O,MAP2K1,sensitive,scout2,,436.5,2.6,0.444,3.9,100.0,0.00472,0.000708,bioisostere,36.2,90.0,100.0,7.1,100,67.8,62.8,1165
,,Cl.O=C(O)c1cccc(-c2nc(N3CCOCC3)c3oc4ncccc4c3n2)c1,PIK3CA,escape_route,scout2,,412.8,3.39,0.546,3.6,100.0,0.002092,0.003138,r_group,34.9,72.0,100.0,37.7,100,71.1,62.7,1166
CHEMBL172900,CHEMBL172900,CCOC(=O)C1CCN(CC(=O)C(CC(=O)O)NC(=O)C(CC)n2cccc(NC(=O)c3ccc4ccccc4c3)c2=O)CC1,CD274,immune,scout1,8.0,0.0,0.0,0.244,3.51,69.9,0.003871,0.003871,database_search,51.6,79.4,69.9,38.7,80,72.1,62.7,1167
,,CCOc1ccc2c(c1)CCCN2S(=O)(=O)c1ccc(N2CCCC2=O)cc1,MDM2,sensitive,scout2,,400.5,3.35,0.772,3.5,100.0,0.00636,0.000954,r_group,48.8,72.0,100.0,9.5,100,72.2,62.7,1168
,,Cl.Oc1cccc(-c2nc(N3CCSCC3)c3oc4ncccc4c3n2)c1,PIK3CA,escape_route,scout2,,400.9,4.12,0.542,3.4,100.0,0.0020840000000000003,0.003126,bioisostere,34.7,72.0,100.0,37.5,100,73.3,62.7,1169
CHEMBL332551,CHEMBL332551,Nc1nc(C2=C3C(=Nc4ccccc43)C(=O)NCC2)c(O)[nH]1,CHEK1,resistant,scout1,237.0,0.0,0.0,0.632,3.33,100.0,0.000813,0.004063,database_search,32.5,76.3,100.0,40.6,80,74.1,62.6,1170
CHEMBL332551,CHEMBL332551,Nc1nc(C2=C3C(=Nc4ccccc43)C(=O)NCC2)c(O)[nH]1,CHEK1,resistant,scout1,237.0,0.0,0.0,0.632,3.33,100.0,0.000813,0.004063,database_search,32.5,76.3,100.0,40.6,80,74.1,62.6,1171
CHEMBL562165,CHEMBL562165,CCOC(=O)Nc1ccc(-c2nc(N3CCOCC3)c3cnn(C4CCN(Cc5ccccc5)CC4)c3n2)cc1,MTOR,escape_route,scout1,46.0,0.0,0.0,0.359,2.61,87.2,0.002337,0.003506,database_search,39.0,76.3,87.2,42.1,80,82.1,62.6,1172
,,FC(F)(F)N=Cc1ccc(-c2[nH]c(-c3ccccc3)nc2-c2ccncc2)cc1,BRAF,escape_route,scout2,,392.4,5.74,0.355,3.6,92.1,0.0017100000000000001,0.002565,r_group,28.5,90.0,92.1,30.8,100,71.1,62.6,1173
,,O=C1C[C@H](c2ccccc2F)[C@H]([C@H](O)c2ccc(-c3ccccc3)s2)N1C1CC1,KRAS,escape_route,scout2,,407.5,5.13,0.637,3.6,92.7,0.002274,0.003411,r_group,37.9,72.0,92.7,40.9,100,71.1,62.6,1174
CHEMBL203275,CHEMBL203275,N[C@H](COc1cncc(/C=C/c2ccnc(NC3CC3)c2)c1)Cc1c[nH]c2ccccc12,AKT1,escape_route,scout1,69.0,0.0,0.0,0.363,3.15,97.3,0.002161,0.003242,database_search,36.0,74.5,97.3,38.9,80,76.1,62.5,1175
,,CN(C)C(=O)c1c(Cc2cc3c(cc2Cl)OCO3)c(-c2ccccc2)nn1CC1CCCCC1,CHEK2,resistant,scout2,,480.0,5.81,0.448,4.2,89.0,0.0009480000000000001,0.00474,r_group,37.9,72.0,89.0,47.4,100,64.4,62.5,1176
CHEMBL255592,CHEMBL255592,Cn1c(=O)n(-c2ccc(C(C)(C)C#N)cc2)c2c3cc(C#Cc4cccnc4)ccc3ncc21,PIK3CA,escape_route,scout1,72.0,0.0,0.0,0.377,2.89,97.5,0.002143,0.003214,database_search,35.7,74.2,97.5,38.6,80,79.0,62.5,1177
,,COOC(=O)c1c(C)[nH]c2c1[C@@]13C[C@@H]1CN(C(=O)/C=C/c1ccc(OC)nn1)C3=CC2=O,MAP2K1,sensitive,scout2,,436.4,1.73,0.427,4.0,100.0,0.004635,0.00069525,r_group,35.5,90.0,100.0,7.0,100,66.7,62.5,1178
,,CNC.COc1cc2ncnc(Nc3ncc(CC(=O)Nc4cccc(F)c4)s3)c2cc1OC,AURKA,resistant,scout2,,484.6,4.0,0.361,4.2,97.2,0.000861,0.004305,bioisostere,34.4,72.0,97.2,43.0,100,64.4,62.5,1179
CHEMBL571722,CHEMBL571722,Cc1cnc(Nc2cccc3c2OCCO3)nc1-c1c[nH]c(C(=O)N[C@H](CO)c2cccc(Cl)c2)c1,MAPK1,sensitive,scout1,15.0,0.0,0.0,0.293,3.31,85.9,0.00706,0.001059,database_search,54.1,78.8,85.9,10.6,80,74.3,62.4,1180
,,O=C1CN(CCOc2ccccc2Cc2cn(C(F)F)nc2-c2cc(Cl)nc(C3CC3)n2)CCN1,EZH2,resistant,scout2,,503.0,3.67,0.449,4.4,89.0,0.0009490000000000001,0.004745,r_group,38.0,72.0,89.0,47.4,100,62.2,62.4,1181
,,O=C1CCCN1c1ccc(S(=O)(=O)N2CCCc3cc(OC4CC4)ccc32)cc1,MDM2,sensitive,scout2,,412.5,3.5,0.754,3.6,100.0,0.00627,0.0009405,r_group,48.1,72.0,100.0,9.4,100,71.1,62.4,1182
CHEMBL1922219,CHEMBL1922219,CC[C@H](Nc1nc(NCc2cccnc2)c2ncn(C(C)C)c2n1)[C@@H](C)O,CDK4,sensitive,scout1,107.0,0.0,0.0,0.561,3.43,100.0,0.004927,0.000739,database_search,37.8,89.3,100.0,7.4,80,73.0,62.4,1183
,,CN(C)C(=O)c1c(Cc2cc3c(cc2Cl)OCO3)c(-c2cccs2)nn1CC1CCCCC1,CHEK2,resistant,scout2,,486.0,5.87,0.438,4.1,88.8,0.000938,0.00469,r_group,37.5,72.0,88.8,46.9,100,65.6,62.3,1184
,,O=C1CCCN1c1ccc(S(=O)(=O)N2CCCc3cc(C(F)(F)F)ccc32)cc1,MDM2,sensitive,scout2,,424.4,3.97,0.749,3.6,100.0,0.0062450000000000006,0.0009367500000000001,r_group,47.9,72.0,100.0,9.4,100,71.1,62.3,1185
,,CC(C)Oc1ccc2c(c1)CCCN2S(=O)(=O)c1ccc(N2CCCC2=O)cc1,MDM2,sensitive,scout2,,414.5,3.74,0.748,3.6,100.0,0.00624,0.000936,r_group,47.8,72.0,100.0,9.4,100,71.1,62.3,1186
,,CC(C)c1nc(Cl)cc(-c2nn(C(F)F)cc2Cc2ccccc2OCCN2CCNC(=O)C2)n1,EZH2,resistant,scout2,,505.0,3.91,0.445,4.4,88.9,0.0009450000000000001,0.004725,r_group,37.8,72.0,88.9,47.2,100,62.2,62.3,1187
CHEMBL220112,CHEMBL220112,O=C(N[C@H](CO)c1ccccc1)c1cc(-c2[nH]ncc2-c2cccc(Cl)c2)c[nH]1,MAPK1,sensitive,scout1,35.0,0.0,0.0,0.386,2.95,97.7,0.00614,0.000921,database_search,47.1,77.2,97.7,9.2,80,78.3,62.3,1188
CHEMBL267231,CHEMBL267231,C=CCC1Oc2cccc(OC(F)F)c2-c2ccc3c(c21)C(C)=CC(C)(C)N3,AR,sensitive,scout1,96.3,0.0,0.0,0.606,3.57,97.1,0.005041,0.000756,database_search,38.6,90.4,97.1,7.6,80,71.4,62.3,1189
CHEMBL202721,CHEMBL202721,COc1cc2c(Nc3ccc(NC(=O)c4ccccc4)cc3)ncnc2cc1OCCCN1CCOCC1,AURKA,resistant,scout1,110.0,0.0,0.0,0.294,2.31,85.9,0.000979,0.004897,database_search,39.2,71.2,85.9,49.0,80,85.4,62.3,1190
CHEMBL205754,CHEMBL205754,COc1cc(NC(=O)c2ccco2)c(Cl)cc1NC(=O)Nc1cnc(C#N)cn1,CHEK1,resistant,scout1,111.0,0.0,0.0,0.581,2.51,86.6,0.000977,0.004887,database_search,39.1,71.1,86.6,48.9,80,83.2,62.3,1191
,,O=C1C[C@H](c2ccccc2F)[C@H]([C@H](O)c2ccc(-c3ccccc3)s2)N1Cl,KRAS,escape_route,scout2,,401.9,5.13,0.616,3.4,92.3,0.0022320000000000005,0.0033480000000000003,r_group,37.2,72.0,92.3,40.2,100,73.3,62.3,1192
,,Cl.Sc1cccc(-c2nc(N3CCOCC3)c3oc4ncccc4c3n2)c1,PIK3CA,escape_route,scout2,,400.9,3.99,0.513,3.4,100.0,0.0020259999999999996,0.0030389999999999996,bioisostere,33.8,72.0,100.0,36.5,100,73.3,62.3,1193
,,CNc1cc2ncnc(Nc3ncc(CC(=O)Nc4cccc(F)c4)s3)c2cc1OC.COC,AURKA,resistant,scout2,,484.6,4.46,0.353,4.2,97.1,0.000853,0.004265,bioisostere,34.1,72.0,97.1,42.6,100,64.4,62.3,1194
,,CC(C)N1C(=O)C[C@H](c2ccccc2)[C@@H]1[C@H](O)c1ccc(-c2ccc(C#N)cc2)s1,KRAS,escape_route,scout2,,416.5,5.11,0.628,3.8,92.6,0.0022560000000000006,0.0033840000000000003,r_group,37.6,72.0,92.6,40.6,100,68.9,62.3,1195
CHEMBL3642007,CHEMBL3642007,O[C@@H]1CCCN(C2CCN(c3ccc(Nc4ncc5c6ccncc6n(C6CCCC6)c5n4)nn3)CC2)C1,CDK6,sensitive,scout1,18.0,0.0,0.0,0.408,3.45,88.2,0.006862,0.001029,database_search,52.6,78.6,88.2,10.3,80,72.8,62.2,1196
,,CC(C)N1C(=O)C[C@H](c2ccccc2F)[C@@H]1[C@H](O)c1ccc(-c2ccccc2)s1,KRAS,escape_route,scout2,,409.5,5.38,0.615,3.6,92.3,0.00223,0.003345,r_group,37.2,72.0,92.3,40.1,100,71.1,62.2,1197
CHEMBL222249,CHEMBL222249,O=C(NCc1ccc(F)c(F)c1)c1cc(-c2[nH]ncc2-c2cccc(Cl)c2)c[nH]1,MAPK1,sensitive,scout1,40.0,0.0,0.0,0.434,2.5,98.7,0.005995,0.000899,database_search,46.0,76.8,98.7,9.0,80,83.3,62.2,1198
CHEMBL2181114,CHEMBL2181114,C=C1C(=O)OCC1(C(=O)OCC)C(=O)OCC,ATM,resistant,scout1,250.0,0.0,0.0,0.303,3.13,100.0,0.000801,0.004005,database_search,32.0,75.0,100.0,40.0,80,76.3,62.2,1199
,,O=c1n(F)c2cnc3ccc(-c4ccc(OCCCN5CCCC5)nc4)cc3c2n1[C@H]1CCCOC1,ATM,resistant,scout2,,491.6,4.36,0.358,4.5,97.2,0.0008580000000000001,0.00429,r_group,34.3,72.0,97.2,42.9,100,61.1,62.2,1200
CHEMBL2426383,CHEMBL2426383,COc1ccc(NC(=S)NC(=O)c2cn(-c3ccccc3)nc2-c2ccc(C)cc2)cc1,CDK6,sensitive,scout1,43.0,0.0,0.0,0.427,2.07,98.5,0.005916,0.000887,database_search,45.4,76.6,98.5,8.9,80,88.1,62.2,1201
,,CNC(=O)Nc1cc[nH]c1.c1cncc(CN2CCC(n3ncc4c(N5CCOCC5)ncnc43)CC2)c1,MTOR,escape_route,scout2,,518.6,2.66,0.368,4.8,92.4,0.0017360000000000001,0.002604,bioisostere,28.9,90.0,92.4,31.2,100,57.8,62.2,1202
,,CS[C@H]1C[C@@H](n2c(=O)n(C)c3cnc4ccc(-c5ccc(OCCCN(C)C)nc5)cc4c32)C1,ATM,resistant,scout2,,477.6,4.35,0.352,4.2,97.0,0.000852,0.00426,bioisostere,34.1,72.0,97.0,42.6,100,64.4,62.2,1203
,,CN(C)c1cccc(-c2nc(N3CCOCC3)c3oc4ncccc4c3n2)c1.Cl,PIK3CA,escape_route,scout2,,411.9,3.76,0.508,3.6,100.0,0.002016,0.003024,r_group,33.6,72.0,100.0,36.3,100,71.1,62.1,1204
CHEMBL381703,CHEMBL381703,N[C@H](CNc1cnc(Cl)c(/C=C/c2ccncc2)c1)CC1CNc2ccccc21,AKT1,escape_route,scout1,79.0,0.0,0.0,0.499,3.67,100.0,0.002102,0.003154,database_search,35.0,73.7,100.0,37.8,80,70.3,62.1,1205
,,N#Cn1c(=O)n([C@H]2CCCOC2)c2c3cc(-c4ccc(OCCCN5CCCC5)nc4)ccc3ncc21,ATM,resistant,scout2,,498.6,3.96,0.356,4.6,97.1,0.000856,0.00428,r_group,34.2,72.0,97.1,42.8,100,60.0,62.1,1206
,,Cl.Clc1cccc(-c2nc(N3CCOCC3)c3oc4ncccc4c3n2)c1,PIK3CA,escape_route,scout2,,403.3,4.35,0.496,3.4,99.9,0.0019920000000000003,0.0029879999999999998,r_group,33.2,72.0,99.9,35.9,100,73.3,62.0,1207
CHEMBL315175,CHEMBL315175,O=C(O)c1c(Cc2cc3c(cc2Cl)OCO3)c(-c2ccccc2)nn1C1CCCCC1,CHEK2,resistant,scout1,131.0,0.0,0.0,0.551,2.61,91.0,0.000941,0.004707,database_search,37.7,69.5,91.0,47.1,80,82.1,62.0,1208
,,Cc1nc(N)sc1-c1ccnc(Nc2cc[nH]c2)n1.O=[N+][O-],CDK4,sensitive,scout2,,318.3,2.15,0.495,2.8,89.9,0.004975,0.0007462500000000001,bioisostere,38.1,90.0,89.9,7.5,100,80.0,62.0,1209
,,NC(=O)c1cccc(Cl)c1C(=O)Nc1c[nH]nc1C(=O)NC1CCNCC1,CDK4,sensitive,scout2,,390.8,0.9,0.515,3.4,90.3,0.0050750000000000005,0.0007612500000000001,r_group,38.9,90.0,90.3,7.6,100,73.3,62.0,1210
,,CC(C)Oc1ccc2c(c1)N(C)CCN2S(=O)(=O)c1ccc(N2CCCC2=O)cc1,MDM2,sensitive,scout2,,429.5,3.25,0.73,3.8,100.0,0.00615,0.0009224999999999999,r_group,47.2,72.0,100.0,9.2,100,68.9,62.0,1211
,,COC(=O)c1c(Cc2cc3c(cc2Cl)OCO3)c(-c2ccccc2)nn1CC1CCCCC1,CHEK2,resistant,scout2,,467.0,5.89,0.424,4.1,88.5,0.000924,0.00462,r_group,37.0,72.0,88.5,46.2,100,65.6,62.0,1212
,,COc1ccc2c(c1)N(C(C)C)CCN2S(=O)(=O)c1ccc(N2CCCC2=O)cc1,MDM2,sensitive,scout2,,429.5,3.25,0.73,3.8,100.0,0.00615,0.0009224999999999999,r_group,47.2,72.0,100.0,9.2,100,68.9,62.0,1213
CHEMBL202787,CHEMBL202787,CNc1cc(/C=C/c2cncc(OC[C@@H](N)Cc3c[nH]c4ccccc34)c2)ccn1,AKT1,escape_route,scout1,176.0,0.0,0.0,0.415,3.12,100.0,0.001754,0.002632,database_search,29.2,82.4,100.0,31.6,80,76.4,61.9,1214
,,Nc1nc(N)c(-c2ccnc(Nc3cccc([N+](=O)[O-])c3)n2)s1,CDK4,sensitive,scout2,,329.3,2.42,0.488,2.9,89.8,0.00494,0.000741,r_group,37.9,90.0,89.8,7.4,100,78.9,61.9,1215
CHEMBL373628,CHEMBL373628,C[C@@H](NC(=O)c1cc(-c2[nH]ncc2-c2cccc(Cl)c2)c[nH]1)c1ccccc1,MAPK1,sensitive,scout1,100.0,0.0,0.0,0.437,2.82,93.7,0.005,0.00075,database_search,38.3,90.0,93.7,7.5,80,79.8,61.9,1216
,,CN(C)CCCOc1ccc(-c2ccc3ncc4c(c3c2)n([C@H]2C[C@H](S)C2)c(=O)n4C)cn1,ATM,resistant,scout2,,463.6,3.91,0.333,4.1,96.7,0.0008330000000000001,0.004165,bioisostere,33.3,72.0,96.7,41.7,100,65.6,61.9,1217
,,Nc1nc(O)c(-c2ccnc(Nc3cccc([N+](=O)[O-])c3)n2)s1,CDK4,sensitive,scout2,,330.3,2.54,0.489,2.9,89.8,0.004945,0.0007417499999999999,r_group,37.9,90.0,89.8,7.4,100,78.9,61.9,1218
,,CN(C)CCCSc1ccc(-c2ccc3ncc4c(c3c2)n([C@H]2C[C@@H](O)C2)c(=O)n4C)cn1,ATM,resistant,scout2,,463.6,3.69,0.333,4.1,96.7,0.0008330000000000001,0.004165,bioisostere,33.3,72.0,96.7,41.7,100,65.6,61.9,1219
,,O=C1CCCN1c1ccc(S(=O)(=O)N2CCCc3cc(OC(F)(F)F)ccc32)cc1,MDM2,sensitive,scout2,,440.4,3.85,0.724,3.8,100.0,0.0061200000000000004,0.000918,r_group,46.9,72.0,100.0,9.2,100,68.9,61.9,1220
CHEMBL26719,CHEMBL26719,O=C(O)C[C@H](NC(=O)C(c1ccccc1)n1cccc(NC(=O)c2cccc3ccccc23)c1=O)C(=O)COc1ccccc1,CD274,immune,scout1,10.0,0.0,0.0,0.191,3.35,68.8,0.00375,0.00375,database_search,50.0,79.2,68.8,37.5,80,73.9,61.9,1221
CHEMBL378528,CHEMBL378528,O=C1NC(=O)/C(=C/c2ccc(-c3ccccn3)o2)S1,PIK3CA,escape_route,scout1,185.0,0.0,0.0,0.851,2.46,100.0,0.001733,0.002599,database_search,28.9,81.5,100.0,31.2,80,83.8,61.9,1222
,,O=C(F)c1c(Cc2cc3c(cc2Cl)OCO3)c(-c2ccccc2)nn1CC1CCCCC1,CHEK2,resistant,scout2,,454.9,6.21,0.415,4.0,88.3,0.000915,0.004575,r_group,36.6,72.0,88.3,45.8,100,66.7,61.8,1223
CHEMBL2426399,CHEMBL2426399,COc1ccc(NC(=S)NC(=O)c2cn(-c3ccccc3)nc2-c2ccccc2)cc1,CDK6,sensitive,scout1,50.0,0.0,0.0,0.452,2.02,99.0,0.005753,0.000863,database_search,44.1,76.0,99.0,8.6,80,88.7,61.8,1224
,,CC[C@@H](CNC)n1c(=O)n(C)c2cnc3ccc(-c4ccc(OCCCN5CCCC5)nc4)cc3c21,ATM,resistant,scout2,,488.6,3.99,0.34,4.5,96.8,0.0008400000000000001,0.004200000000000001,bioisostere,33.6,72.0,96.8,42.0,100,61.1,61.8,1225
,,COC(=O)c1c(Cc2cc3c(cc2Cl)OCO3)c(-c2cccs2)nn1CC1CCCCC1,CHEK2,resistant,scout2,,473.0,5.95,0.415,4.0,88.3,0.000915,0.004575,r_group,36.6,72.0,88.3,45.8,100,66.7,61.8,1226
,,COCCOc1cc2ncnc(Nc3ncc(CC(=O)Nc4ccoc4)s3)c2cc1OC.F,AURKA,resistant,scout2,,475.5,3.79,0.33,4.1,96.6,0.00083,0.00415,bioisostere,33.2,72.0,96.6,41.5,100,65.6,61.8,1227
,,CC(=O)c1c(Cc2cc3c(cc2Cl)OCO3)c(-c2ccccc2)nn1CC1CCCCC1,CHEK2,resistant,scout2,,451.0,6.31,0.413,4.0,88.3,0.0009130000000000002,0.0045650000000000005,r_group,36.5,72.0,88.3,45.6,100,66.7,61.8,1228
,,Cl.c1cc(-c2nc(N3CCOCC3)c3oc4ncccc4c3n2)cc(C2CC2)c1,PIK3CA,escape_route,scout2,,408.9,4.57,0.494,3.6,99.9,0.001988,0.0029820000000000003,r_group,33.1,72.0,99.9,35.8,100,71.1,61.8,1229
,,CS[C@H]1CC[C@H](n2c(=O)n(C)c3cnc4ccc(-c5ccc(OCCCN(C)C)nc5)cc4c32)C1,ATM,resistant,scout2,,491.7,4.74,0.332,4.4,96.6,0.0008320000000000002,0.0041600000000000005,bioisostere,33.3,72.0,96.6,41.6,100,62.2,61.7,1230
,,O=C(O)COC1CCCCC1Cn1nc(-c2ccoc2)c(Cc2cc3c(cc2Cl)OCO3)c1C(=O)O,CHEK2,resistant,scout2,,516.9,4.47,0.422,4.5,88.4,0.000922,0.0046099999999999995,bioisostere,36.9,72.0,88.4,46.1,100,61.1,61.7,1231
,,CN(C)CCCOc1ccc(-c2ccc3ncc4c(c3c2)n([C@H]2C[C@@H](O)C2)c(=S)n4C)cn1,ATM,resistant,scout2,,463.6,4.35,0.325,4.1,96.5,0.0008250000000000001,0.004125,bioisostere,33.0,72.0,96.5,41.2,100,65.6,61.7,1232
CHEMBL247793,CHEMBL247793,CCNC(=O)Nc1cc(CNc2ccccc2C(=O)Nc2ccc3c(c2)OC(F)(F)O3)ccn1,BRAF,escape_route,scout1,90.0,0.0,0.0,0.408,2.55,98.2,0.002046,0.003069,database_search,34.1,72.8,98.2,36.8,80,82.8,61.7,1233
,,Nc1nc(Cl)cc(-c2nn(C(F)F)cc2Cc2ccccc2OCCN2CCOC[C@H]2C(=O)OF)n1,EZH2,resistant,scout2,,526.9,3.07,0.42,4.5,88.4,0.00092,0.0046,r_group,36.8,72.0,88.4,46.0,100,61.1,61.7,1234
,,NOC(=O)[C@@H]1COCCN1CCOc1ccccc1Cc1cn(C(F)F)nc1-c1cc(Cl)nc(N)n1,EZH2,resistant,scout2,,523.9,2.06,0.316,4.5,76.3,0.0008160000000000001,0.00408,r_group,32.6,90.0,76.3,40.8,100,61.1,61.7,1235
,,NOC(=O)[C@H]1COCCN1CCOc1ccccc1Cc1cn(C(F)F)nc1-c1cc(Cl)nc(N)n1,EZH2,resistant,scout2,,523.9,2.06,0.316,4.5,76.3,0.0008160000000000001,0.00408,r_group,32.6,90.0,76.3,40.8,100,61.1,61.7,1236
,,O=C(F)c1c(Cc2cc3c(cc2Cl)OCO3)c(-c2cccs2)nn1CC1CCCCC1,CHEK2,resistant,scout2,,461.0,6.27,0.406,3.9,88.1,0.0009060000000000001,0.00453,r_group,36.2,72.0,88.1,45.3,100,67.8,61.7,1237
,,Nc1nc(Cl)cc(-c2nn(C(F)F)cc2Cc2ccccc2OCCN2CCOC[C@@H]2C(=O)OF)n1,EZH2,resistant,scout2,,526.9,3.07,0.42,4.5,88.4,0.00092,0.0046,r_group,36.8,72.0,88.4,46.0,100,61.1,61.7,1238
,,CO[C@H]1CC[C@H](n2c(=O)n(OC)c3cnc4ccc(-c5ccc(OCCCN(C)C)nc5)cc4c32)C1,ATM,resistant,scout2,,491.6,3.54,0.331,4.5,96.6,0.000831,0.004155,r_group,33.2,72.0,96.6,41.5,100,61.1,61.6,1239
,,CC(=O)c1c(Cc2cc3c(cc2Cl)OCO3)c(-c2cccs2)nn1CC1CCCCC1,CHEK2,resistant,scout2,,457.0,6.37,0.404,3.9,88.1,0.0009040000000000002,0.004520000000000001,r_group,36.2,72.0,88.1,45.2,100,67.8,61.6,1240
CHEMBL204217,CHEMBL204217,CCc1ccc(C(=O)Nc2ncc(Nc3ncnc4cc(OCCCN5CCOCC5)c(OC)cc34)cn2)cc1,AURKA,resistant,scout1,85.0,0.0,0.0,0.267,2.63,75.3,0.001035,0.005176,database_search,41.4,73.2,75.3,51.8,80,81.9,61.6,1241
CHEMBL452602,CHEMBL452602,C[C@@H]1CNC[C@H](C(=O)Nc2ncc(SCc3ncc(C(C)(C)C)o3)s2)C1,CDK4,sensitive,scout1,120.0,0.0,0.0,0.749,3.75,100.0,0.004802,0.00072,database_search,36.8,88.0,100.0,7.2,80,69.4,61.6,1242
,,CC(C)c1cccc(-c2nc(N3CCOCC3)c3oc4ncccc4c3n2)c1.Cl,PIK3CA,escape_route,scout2,,410.9,4.82,0.482,3.6,99.6,0.001964,0.0029460000000000003,r_group,32.7,72.0,99.6,35.4,100,71.1,61.6,1243
,,CC(=O)[C]1CC[C@H]2[C@@H]3C[C@H](C)C4=CC(=O)CC[C@]4(C)[C@H]3CC[C@]12C.CS(N)(=O)=O,AR,sensitive,scout2,,422.6,3.83,0.695,3.6,100.0,0.005974999999999999,0.0008962499999999999,bioisostere,45.8,72.0,100.0,9.0,100,71.1,61.6,1244
,,CN1CCN(S(=O)(=O)c2ccc(N3CCCC3=O)cc2)c2ccc(OC(F)(F)F)cc21,MDM2,sensitive,scout2,,455.5,3.36,0.707,3.9,100.0,0.0060349999999999996,0.0009052499999999999,r_group,46.3,72.0,100.0,9.1,100,67.8,61.6,1245
CHEMBL535,CHEMBL535,CCN(CC)CCNC(=O)c1c(C)[nH]c(/C=C2\C(=O)Nc3ccc(F)cc32)c1C,ATR,resistant,scout1,270.0,0.0,0.0,0.626,2.65,100.0,0.000784,0.003922,database_search,31.4,73.0,100.0,39.2,80,81.7,61.6,1246
,,CNC.COc1cc2cc(C(=O)N3CC(C)C4C3=CC(=O)c3[nH]ccc34)[nH]c2c(OC)c1OC.O,MAP2K1,sensitive,scout2,,484.6,2.49,0.52,4.4,90.4,0.0051,0.0007650000000000001,bioisostere,39.1,90.0,90.4,7.7,100,62.2,61.6,1247
CHEMBL171846,CHEMBL171846,CCC(C(=O)NC(CC(=O)O)C(=O)CN1CCN(C)CC1)n1cccc(NC(=O)c2ccc3ccccc3c2)c1=O,CD274,immune,scout1,62.5,0.0,0.0,0.323,3.4,76.5,0.002755,0.002755,database_search,36.7,93.8,76.5,27.6,80,73.3,61.6,1248
CHEMBL271544,CHEMBL271544,COC[C@H]1OC(=O)/C(=C/N2CCN(C3CCCCC3)CC2)C2=C(O)C(=O)C3=C([C@H](OC(C)=O)C[C@]4(C)[C@@H](O)CC[C@@H]34)[C@]21C,PIK3CA,escape_route,scout1,43.0,0.0,0.0,0.36,4.92,87.2,0.002367,0.00355,database_search,39.4,76.6,87.2,42.6,80,56.4,61.6,1249
,,O=C(O)COC1CCCCC1Cn1nc(-c2ccncc2)c(Cc2cc3c(cc2Cl)OCO3)c1C(=O)O,CHEK2,resistant,scout2,,528.0,4.28,0.418,4.6,88.4,0.000918,0.0045899999999999995,bioisostere,36.7,72.0,88.4,45.9,100,60.0,61.6,1250
,,COCCOc1cc2ncnc(Nc3ncc(CC(=O)Nc4ccncc4)s3)c2cc1OC.F,AURKA,resistant,scout2,,486.5,3.59,0.324,4.2,96.5,0.0008240000000000001,0.00412,bioisostere,33.0,72.0,96.5,41.2,100,64.4,61.6,1251
CHEMBL211173,CHEMBL211173,O=C1NC(=O)/C(=C/c2ccc(-c3ccc(O)cc3O)o2)S1,PIK3CA,escape_route,scout1,190.0,0.0,0.0,0.738,2.6,100.0,0.001721,0.002582,database_search,28.7,81.0,100.0,31.0,80,82.2,61.6,1252
,,CCN1CCN(Cc2ccoc2)CC1.CNc1cc(Oc2ccc(NC(N)=O)cc2)ncn1.FC(F)F,ATR,resistant,scout2,,523.6,4.4,0.417,4.6,88.3,0.0009170000000000002,0.0045850000000000005,bioisostere,36.7,72.0,88.3,45.9,100,60.0,61.5,1253
,,COCCOc1cc2ncnc(Nc3ncc(CC(=O)Nc4ccsc4)s3)c2cc1OC.F,AURKA,resistant,scout2,,491.6,4.26,0.317,4.1,96.3,0.000817,0.004085,bioisostere,32.7,72.0,96.3,40.8,100,65.6,61.5,1254
,,NS(=O)(=O)c1nc(Cl)cc(-c2nn(C(F)F)cc2Cc2ccccc2OCCN2CCNC(=O)C2)n1,EZH2,resistant,scout2,,542.0,1.44,0.306,4.5,76.1,0.0008060000000000002,0.004030000000000001,r_group,32.2,90.0,76.1,40.3,100,61.1,61.5,1255
,,C.CCNC(=O)Nc1ccc(-c2nc(N3CCOCC3)c3cnn(C4CCN(C(N)=O)CC4)c3n2)cc1,MTOR,escape_route,scout2,,509.6,2.82,0.48,4.6,79.6,0.00196,0.00294,bioisostere,32.7,90.0,79.6,35.3,100,60.0,61.5,1256
,,CCN1CCN(Cc2ccncc2)CC1.CNc1cc(Oc2ccc(NC(N)=O)cc2)ncn1.FC(F)F,ATR,resistant,scout2,,534.6,4.2,0.413,4.8,88.3,0.0009130000000000002,0.0045650000000000005,bioisostere,36.5,72.0,88.3,45.6,100,57.8,61.4,1257
CHEMBL177538,CHEMBL177538,CCCS(=O)(=O)NCCCOc1nc(C2CC2)nc(NS(=O)(=O)c2ccc(C(C)C)cn2)c1Oc1ccccc1OC,CHEK2,resistant,scout1,69.18,0.0,0.0,0.218,3.04,69.4,0.00108,0.0054,database_search,43.2,74.5,69.4,54.0,80,77.3,61.4,1258
CHEMBL285957,CHEMBL285957,CN(C)CCN1C(=O)c2cccc3c2c(cc2occc23)C1=O,MAP2K1,sensitive,scout1,140.0,0.0,0.0,0.698,2.39,100.0,0.004635,0.000695,database_search,35.5,86.0,100.0,7.0,80,84.6,61.4,1259
CHEMBL207496,CHEMBL207496,N[C@H](COc1cncc2nc(-c3ccncc3)ccc12)Cc1c[nH]c2ccccc12,AKT1,escape_route,scout1,190.0,0.0,0.0,0.451,2.98,100.0,0.001721,0.002582,database_search,28.7,81.0,100.0,31.0,80,78.0,61.4,1260
,,CCO[C@H]1CC[C@H](n2c(=O)n(C)c3cnc4ccc(-c5ccc(OCCCN(C)C)nc5)cc4c32)C1,ATM,resistant,scout2,,489.6,4.41,0.324,4.5,96.5,0.0008240000000000001,0.00412,r_group,33.0,72.0,96.5,41.2,100,61.1,61.4,1261
,,CCn1c(=O)n([C@H]2CC[C@H](OC)C2)c2c3cc(-c4ccc(OCCCN(C)C)nc4)ccc3ncc21,ATM,resistant,scout2,,489.6,4.5,0.322,4.5,96.4,0.0008220000000000002,0.004110000000000001,r_group,32.9,72.0,96.4,41.1,100,61.1,61.4,1262
,,CCN(C)CCCOc1ccc(-c2ccc3ncc4c(c3c2)n([C@H]2CC[C@H](OC)C2)c(=O)n4C)cn1,ATM,resistant,scout2,,489.6,4.41,0.324,4.5,96.5,0.0008240000000000001,0.00412,r_group,33.0,72.0,96.5,41.2,100,61.1,61.4,1263
CHEMBL270638,CHEMBL270638,Cc1nc2cnc3ccc(C#Cc4cccnc4)cc3c2n1-c1ccc(C(C)C#N)cc1,PIK3CA,escape_route,scout1,56.0,0.0,0.0,0.368,3.32,87.4,0.002252,0.003378,database_search,37.5,75.5,87.4,40.5,80,74.2,61.4,1264
CHEMBL270638,CHEMBL270638,Cc1nc2cnc3ccc(C#Cc4cccnc4)cc3c2n1-c1ccc(C(C)C#N)cc1,PIK3CA,escape_route,scout1,56.0,0.0,0.0,0.368,3.32,87.4,0.002252,0.003378,database_search,37.5,75.5,87.4,40.5,80,74.2,61.4,1265
,,CNc1nc(C)c(-c2ccnc(Nc3cc[nH]c3)n2)s1.CO.CO.CO,CDK4,sensitive,scout2,,382.5,1.85,0.402,3.2,93.0,0.00451,0.0006765,bioisostere,34.6,90.0,93.0,6.8,100,75.6,61.3,1266
,,Nc1nc(Cl)cc(-c2nn(C(F)F)cc2Cc2ccccc2OCCN2CCOC[C@H]2C(=O)OCl)n1,EZH2,resistant,scout2,,543.4,3.34,0.406,4.5,88.1,0.0009060000000000001,0.00453,r_group,36.2,72.0,88.1,45.3,100,61.1,61.3,1267
,,Nc1nc(C(=O)O)c(-c2ccnc(Nc3cccc([N+](=O)[O-])c3)n2)s1,CDK4,sensitive,scout2,,358.3,2.53,0.46,3.1,89.2,0.0048,0.0007199999999999999,r_group,36.8,90.0,89.2,7.2,100,76.7,61.3,1268
CHEMBL303615,CHEMBL303615,COC(=O)c1c(C)[nH]c2c1[C@@]13C[C@@H]1Cn1c(O)c4nc5c(OC)c(OC)c(OC)cc5c-4c(c13)C2=O,MAP2K1,sensitive,scout1,36.0,0.0,0.0,0.419,4.75,98.4,0.006109,0.000916,database_search,46.8,77.1,98.4,9.2,80,58.3,61.3,1269
,,Nc1nc(Cl)cc(-c2nn(C(F)F)cc2Cc2ccccc2OCCN2CCOC[C@@H]2C(=O)OCl)n1,EZH2,resistant,scout2,,543.4,3.34,0.406,4.5,88.1,0.0009060000000000001,0.00453,r_group,36.2,72.0,88.1,45.3,100,61.1,61.3,1270
,,NC(=O)c1nc(N)sc1-c1ccnc(Nc2cccc([N+](=O)[O-])c2)n1,CDK4,sensitive,scout2,,357.4,1.93,0.46,3.1,89.2,0.0048,0.0007199999999999999,r_group,36.8,90.0,89.2,7.2,100,76.7,61.3,1271
,,CN[C@@H]1C[C@H]2O[C@@](C)([C@@H]1OC)N(c1ccoc1)c1cc3c(c4c5ccccc5n2c14)C(=O)NC3,AKT1,escape_route,scout2,,458.5,4.02,0.483,4.2,99.7,0.0019660000000000003,0.002949,bioisostere,32.8,72.0,99.7,35.4,100,64.4,61.3,1272
,,CNC.COc1cc2cc(C(=O)N3C[C@H]4C[C@@]45C3=CC(=O)c3[nH]c(C)cc35)[nH]c2c(OC)c1OC.O,MAP2K1,sensitive,scout2,,496.6,2.34,0.506,4.5,90.1,0.00503,0.0007545,bioisostere,38.6,90.0,90.1,7.5,100,61.1,61.3,1273
,,CCn1nnc2c(N3CCOCC3)nc(-c3ccc(NC(=O)Nc4ccsc4)cc3)nc21.CN1CCN(C=O)CC1,PIK3CB,escape_route,scout2,,578.7,2.84,0.331,5.1,91.6,0.001662,0.002493,bioisostere,27.7,90.0,91.6,29.9,100,54.4,61.3,1274
,,COOc1ccc(/C=C/C(=O)N2C[C@H]3C[C@@]34C2=CC(=O)c2[nH]c(C)c(C(=O)OC)c24)nn1,MAP2K1,sensitive,scout2,,436.4,1.73,0.325,4.0,100.0,0.004125,0.00061875,r_group,31.6,90.0,100.0,6.2,100,66.7,61.2,1275
,,CNc1cc(Cl)c(Cc2c(-c3ccsc3)nn(CC3CCCCC3)c2C(=O)O)cc1O,CHEK2,resistant,scout2,,460.0,5.88,0.384,3.9,87.7,0.0008840000000000001,0.00442,bioisostere,35.4,72.0,87.7,44.2,100,67.8,61.2,1276
CHEMBL3702136,CHEMBL3702136,FC(F)(F)c1cccc(-n2c3cnccc3c3cnc(Nc4ccc(N5CCNCC5)cn4)cc32)c1,CDK6,sensitive,scout1,26.0,0.0,0.0,0.364,2.83,87.3,0.006463,0.000969,database_search,49.5,77.9,87.3,9.7,80,79.7,61.2,1277
,,Nn1c(=O)n([C@H]2CCCOC2)c2c3cc(-c4ccc(OCCCN5CCCC5)nc4)ccc3ncc21,ATM,resistant,scout2,,488.6,3.34,0.315,4.5,96.3,0.000815,0.004075,r_group,32.6,72.0,96.3,40.8,100,61.1,61.2,1278
CHEMBL335198,CHEMBL335198,NC(=O)c1cccc2[nH]c(-c3ccc(C(=O)O)cc3)nc12,PARP1,resistant,scout1,290.0,0.0,0.0,0.682,1.98,100.0,0.000769,0.003844,database_search,30.8,71.0,100.0,38.4,80,89.1,61.2,1279
,,NS(=O)(=O)c1cccc(Cl)c1C(=O)Nc1c[nH]nc1C(=O)NC1CCNCC1,CDK4,sensitive,scout2,,426.9,0.44,0.466,3.5,89.3,0.00483,0.0007245,r_group,37.0,90.0,89.3,7.2,100,72.2,61.2,1280
CHEMBL80694,CHEMBL80694,CC(=O)N[C@@H](Cc1ccc(O)cc1)C(=O)N[C@H](C(=O)N(C)[C@@H](C)C(=O)N[C@H](C=O)CC(=O)O)C(C)C,CD274,immune,scout1,59.0,0.0,0.0,0.224,3.73,74.5,0.002786,0.002786,database_search,37.1,94.1,74.5,27.9,80,69.7,61.2,1281
CHEMBL105765,CHEMBL105765,O=C(CCCCCn1c2c(c(=O)[nH]c1=O)CSCC2)NCC(=O)N1CCN(c2ncccn2)CC1,PARP1,resistant,scout1,250.0,0.0,0.0,0.464,2.87,94.3,0.000801,0.004005,database_search,32.0,75.0,94.3,40.0,80,79.2,61.2,1282
,,O=C1C[C@H](c2ccccc2F)[C@H]([C@H](O)c2ccc(-c3cccnc3)s2)N1C(F)(F)F,KRAS,escape_route,scout2,,436.4,4.89,0.468,3.8,99.4,0.001936,0.002904,r_group,32.3,72.0,99.4,34.8,100,68.9,61.2,1283
,,CNc1cc(Cl)c(Cc2c(-c3cccs3)nn(CC3CCCCC3)c2C(=O)O)cc1O,CHEK2,resistant,scout2,,460.0,5.88,0.384,3.9,87.7,0.0008840000000000001,0.00442,bioisostere,35.4,72.0,87.7,44.2,100,67.8,61.2,1284
,,COc1ccc2c(c1)N(C(F)(F)F)CCN2S(=O)(=O)c1ccc(N2CCCC2=O)cc1,MDM2,sensitive,scout2,,455.5,3.36,0.662,3.9,100.0,0.00581,0.0008715,r_group,44.5,72.0,100.0,8.7,100,67.8,61.1,1285
,,O=C(O)COC1CCCCC1Cn1nc(-c2ccsc2)c(Cc2cc3c(cc2Cl)OCO3)c1C(=O)O,CHEK2,resistant,scout2,,533.0,4.94,0.397,4.5,87.9,0.0008970000000000001,0.004485,bioisostere,35.9,72.0,87.9,44.9,100,61.1,61.1,1286
CHEMBL190983,CHEMBL190983,CN1C(=O)C[C@H](c2ccc(N)cc2)[C@@H]1[C@@H](O)c1ccc(-c2ccccc2)s1,KRAS,escape_route,scout1,190.0,0.0,0.0,0.673,3.47,100.0,0.001721,0.002582,database_search,28.7,81.0,100.0,31.0,80,72.6,61.1,1287
CHEMBL247435,CHEMBL247435,CNC(=O)c1cc(CNc2c(C(=O)Nc3ccc4c(c3)OC(F)(F)O4)cnn2C)ccn1,BRAF,escape_route,scout1,199.0,0.0,0.0,0.534,2.82,100.0,0.001701,0.002552,database_search,28.4,80.1,100.0,30.6,80,79.8,61.1,1288
CHEMBL3702222,CHEMBL3702222,CC[C@@H](C)n1c2cnccc2c2cnc(Nc3ccc(N4CC[C@@H](O)C4)cn3)nc21,CDK6,sensitive,scout1,50.0,0.0,0.0,0.525,3.57,100.0,0.005753,0.000863,database_search,44.1,76.0,100.0,8.6,80,71.4,61.1,1289
,,O=c1n(O)c2cnc3ccc(-c4ccc(OCCCN5CCCC5)nc4)cc3c2n1[C@H]1CCCOC1,ATM,resistant,scout2,,489.6,3.87,0.311,4.5,96.2,0.000811,0.004055,r_group,32.4,72.0,96.2,40.5,100,61.1,61.1,1290
,,CCN1CCN(Cc2ccsc2)CC1.CNc1cc(Oc2ccc(NC(N)=O)cc2)ncn1.FC(F)F,ATR,resistant,scout2,,539.6,4.87,0.393,4.6,87.9,0.0008930000000000001,0.004465,bioisostere,35.7,72.0,87.9,44.6,100,60.0,61.0,1291
,,CN[C@@H]1C[C@H]2O[C@@](C)([C@@H]1OC)N(c1ccncc1)c1cc3c(c4c5ccccc5n2c14)C(=O)NC3,AKT1,escape_route,scout2,,469.5,3.82,0.475,4.4,99.5,0.0019500000000000001,0.002925,bioisostere,32.5,72.0,99.5,35.1,100,62.2,61.0,1292
,,N#Cc1ccc(-c2ccc([C@@H](O)[C@H]3[C@@H](c4ccccc4)CC(=O)N3C(F)(F)F)s2)cc1,KRAS,escape_route,scout2,,442.5,5.22,0.563,3.9,91.3,0.002126,0.0031889999999999996,r_group,35.4,72.0,91.3,38.3,100,67.8,61.0,1293
CHEMBL806,CHEMBL806,CC(C)C(=O)Nc1ccc([N+](=O)[O-])c(C(F)(F)F)c1,AR,sensitive,scout1,154.0,0.0,0.0,0.68,2.07,100.0,0.004531,0.00068,database_search,34.7,84.6,100.0,6.8,80,88.1,61.0,1294
,,O=C(O)COC1CCCCC1Cn1nc(-c2cc[nH]c2)c(Cc2cc3c(cc2Cl)OCO3)c1C(=O)O,CHEK2,resistant,scout2,,516.0,4.21,0.385,4.5,87.7,0.000885,0.004425,bioisostere,35.4,72.0,87.7,44.2,100,61.1,60.9,1295
,,Cl.FC(F)(F)c1cccc(-c2nc(N3CCOCC3)c3oc4ncccc4c3n2)c1,PIK3CA,escape_route,scout2,,436.8,4.72,0.453,3.8,99.1,0.0019060000000000001,0.002859,r_group,31.8,72.0,99.1,34.3,100,68.9,60.9,1296
CHEMBL4542127,CHEMBL4542127,COc1cccc(Cl)c1C(=O)Nc1c[nH]nc1C(=O)NC1CCN(S(=O)(=O)c2cccc(NC(=O)/C=C/CN(C)C)c2)CC1.O=C(O)C(F)(F)F,ATR,resistant,scout1,50.0,0.0,0.0,0.18,3.33,58.6,0.001151,0.005753,database_search,46.0,76.0,58.6,57.5,80,74.1,60.9,1297
CHEMBL377152,CHEMBL377152,COC(=O)c1ccc(-c2ccc(/C=C3\SC(=O)NC3=O)o2)c(O)c1,PIK3CA,escape_route,scout1,210.0,0.0,0.0,0.651,2.53,100.0,0.001678,0.002517,database_search,28.0,79.0,100.0,30.2,80,83.0,60.8,1298
CHEMBL4243377,CHEMBL4243377,CCCN(c1ccccc1)S(=O)(=O)c1ccc(N2CCCC2=O)cc1,MDM2,sensitive,scout1,158.0,0.0,0.0,0.795,2.06,100.0,0.004503,0.000676,database_search,34.5,84.2,100.0,6.8,80,88.2,60.8,1299
CHEMBL27372,CHEMBL27372,CCC1CCN(C=O)c2cc3nc(O)cc(C(F)(F)F)c3cc21,AR,sensitive,scout1,137.0,0.0,0.0,0.855,3.68,100.0,0.004658,0.000699,database_search,35.7,86.3,100.0,7.0,80,70.2,60.8,1300
,,CN[C@@H]1C[C@H]2O[C@@](C)([C@@H]1OC)N(c1ccsc1)c1cc3c(c4c5ccccc5n2c14)C(=O)NC3,AKT1,escape_route,scout2,,474.6,4.49,0.458,4.2,99.2,0.0019160000000000002,0.002874,bioisostere,31.9,72.0,99.2,34.5,100,64.4,60.8,1301
CHEMBL388978,STAUROSPORINE,CN[C@@H]1C[C@H]2O[C@@](C)([C@@H]1OC)n1c3ccccc3c3c4c(c5c6ccccc6n2c5c31)C(=O)NC4,ATR,resistant,scout1,160.0,0.0,0.0,0.406,4.95,98.1,0.000898,0.00449,database_search,35.9,67.2,98.1,44.9,80,56.1,60.7,1302
,,Nc1nc(S(N)(=O)=O)c(-c2ccnc(Nc3cccc([N+](=O)[O-])c3)n2)s1,CDK4,sensitive,scout2,,393.4,1.48,0.427,3.2,88.5,0.004635,0.00069525,r_group,35.5,90.0,88.5,7.0,100,75.6,60.7,1303
CHEMBL388978,STAUROSPORINE,CN[C@@H]1C[C@H]2O[C@@](C)([C@@H]1OC)n1c3ccccc3c3c4c(c5c6ccccc6n2c5c31)C(=O)NC4,ATR,resistant,scout1,160.0,0.0,0.0,0.406,4.95,98.1,0.000898,0.00449,database_search,35.9,67.2,98.1,44.9,80,56.1,60.7,1304
CHEMBL388978,STAUROSPORINE,CN[C@@H]1C[C@H]2O[C@@](C)([C@@H]1OC)n1c3ccccc3c3c4c(c5c6ccccc6n2c5c31)C(=O)NC4,ATR,resistant,scout1,160.0,0.0,0.0,0.406,4.95,98.1,0.000898,0.00449,database_search,35.9,67.2,98.1,44.9,80,56.1,60.7,1305
CHEMBL388978,STAUROSPORINE,CN[C@@H]1C[C@H]2O[C@@](C)([C@@H]1OC)n1c3ccccc3c3c4c(c5c6ccccc6n2c5c31)C(=O)NC4,ATR,resistant,scout1,160.0,0.0,0.0,0.406,4.95,98.1,0.000898,0.00449,database_search,35.9,67.2,98.1,44.9,80,56.1,60.7,1306
CHEMBL388978,STAUROSPORINE,CN[C@@H]1C[C@H]2O[C@@](C)([C@@H]1OC)n1c3ccccc3c3c4c(c5c6ccccc6n2c5c31)C(=O)NC4,ATR,resistant,scout1,160.0,0.0,0.0,0.406,4.95,98.1,0.000898,0.00449,database_search,35.9,67.2,98.1,44.9,80,56.1,60.7,1307
CHEMBL388978,STAUROSPORINE,CN[C@@H]1C[C@H]2O[C@@](C)([C@@H]1OC)n1c3ccccc3c3c4c(c5c6ccccc6n2c5c31)C(=O)NC4,ATR,resistant,scout1,160.0,0.0,0.0,0.406,4.95,98.1,0.000898,0.00449,database_search,35.9,67.2,98.1,44.9,80,56.1,60.7,1308
CHEMBL388978,STAUROSPORINE,CN[C@@H]1C[C@H]2O[C@@](C)([C@@H]1OC)n1c3ccccc3c3c4c(c5c6ccccc6n2c5c31)C(=O)NC4,ATR,resistant,scout1,160.0,0.0,0.0,0.406,4.95,98.1,0.000898,0.00449,database_search,35.9,67.2,98.1,44.9,80,56.1,60.7,1309
CHEMBL271184,CHEMBL271184,COC[C@H]1OC(=O)/C(=C/N2CCN(c3ccccc3)CC2)C2=C(O)C(=O)C3=C([C@H](OC(C)=O)C[C@]4(C)[C@@H](O)CC[C@@H]34)[C@]21C,PIK3CA,escape_route,scout1,56.0,0.0,0.0,0.389,4.78,87.8,0.002252,0.003378,database_search,37.5,75.5,87.8,40.5,80,58.0,60.7,1310
,,CCN1CCN(Cc2ccc(NC(=O)Nc3ccoc3)cc2C(F)(F)F)CC1.CNc1cc(O)ncn1,ATR,resistant,scout2,,521.5,4.3,0.379,4.6,87.6,0.0008790000000000001,0.0043950000000000005,bioisostere,35.2,72.0,87.6,44.0,100,60.0,60.7,1311
CHEMBL449084,CHEMBL449084,COc1ccc(C(=O)CNC(=O)CCn2c3c(c(=O)[nH]c2=O)CCCC3)cc1,PARP1,resistant,scout1,300.0,0.0,0.0,0.686,2.36,100.0,0.000761,0.003807,database_search,30.5,70.0,100.0,38.1,80,84.9,60.6,1312
,,CCC(=O)c1c(Cc2cc3c(cc2Cl)OCO3)c(-c2ccccc2)nn1CC1CCCCC1,CHEK2,resistant,scout2,,465.0,6.7,0.365,4.1,87.3,0.000865,0.004325,r_group,34.6,72.0,87.3,43.2,100,65.6,60.6,1313
,,O=C(O)Oc1ccc2c(c1)CCCN2S(=O)(=O)c1ccc(N2CCCC2=O)cc1,MDM2,sensitive,scout2,,416.5,3.01,0.607,3.6,100.0,0.005535,0.0008302499999999999,r_group,42.4,72.0,100.0,8.3,100,71.1,60.5,1314
,,CCC(=O)c1c(Cc2cc3c(cc2Cl)OCO3)c(-c2cccs2)nn1CC1CCCCC1,CHEK2,resistant,scout2,,471.0,6.76,0.358,4.0,87.2,0.0008580000000000001,0.00429,r_group,34.3,72.0,87.2,42.9,100,66.7,60.5,1315
CHEMBL221109,CHEMBL221109,O=C(NCc1ccncc1)c1cc(-c2[nH]ncc2-c2cccc(Cl)c2)c[nH]1,MAPK1,sensitive,scout1,160.0,0.0,0.0,0.49,2.49,100.0,0.00449,0.000673,database_search,34.4,84.0,100.0,6.7,80,83.4,60.5,1316
,,CCN1CCN(Cc2ccc(NC(=O)Nc3ccncc3)cc2C(F)(F)F)CC1.CNc1cc(O)ncn1,ATR,resistant,scout2,,532.6,4.11,0.375,4.8,87.5,0.0008750000000000001,0.004375,bioisostere,35.0,72.0,87.5,43.8,100,57.8,60.5,1317
,,O=C(O)C(=O)c1c(Cc2cc3c(cc2Cl)OCO3)c(-c2ccccc2)nn1CC1CCCCC1,CHEK2,resistant,scout2,,480.9,5.37,0.361,4.2,87.2,0.000861,0.004305,r_group,34.4,72.0,87.2,43.0,100,64.4,60.5,1318
,,NC(=O)n1c(=O)n([C@H]2CCCOC2)c2c3cc(-c4ccc(OCCCN5CCCC5)nc4)ccc3ncc21,ATM,resistant,scout2,,516.6,3.56,0.373,4.8,87.5,0.0008730000000000001,0.004365,r_group,34.9,72.0,87.5,43.6,100,57.8,60.4,1319
,,CN[C@@H]1C[C@H]2O[C@@](C)([C@@H]1OC)N(c1cc[nH]c1)c1cc3c(c4c5ccccc5n2c14)C(=O)NC3,AKT1,escape_route,scout2,,457.5,3.76,0.436,4.2,98.7,0.0018720000000000002,0.002808,bioisostere,31.2,72.0,98.7,33.7,100,64.4,60.4,1320
,,COC(=O)[C@H]1COCCN1CCOc1ccsc1.Cc1cn(C(F)F)nc1-c1cc(Cl)nc(N)n1,EZH2,resistant,scout2,,531.0,3.28,0.362,4.4,87.2,0.0008620000000000001,0.0043100000000000005,bioisostere,34.5,72.0,87.2,43.1,100,62.2,60.4,1321
,,CNn1c(=O)n([C@H]2CCCOC2)c2c3cc(-c4ccc(OCCCN5CCCC5)nc4)ccc3ncc21,ATM,resistant,scout2,,502.6,3.8,0.367,4.6,87.3,0.0008670000000000001,0.004335,r_group,34.7,72.0,87.3,43.4,100,60.0,60.4,1322
,,CCN1CCN(Cc2cc[nH]c2)CC1.CNc1cc(Oc2ccc(NC(N)=O)cc2)ncn1.FC(F)F,ATR,resistant,scout2,,522.6,4.13,0.368,4.6,87.4,0.0008680000000000001,0.00434,bioisostere,34.7,72.0,87.4,43.4,100,60.0,60.4,1323
,,COC(=O)[C@@H]1COCCN1CCOc1ccsc1.Cc1cn(C(F)F)nc1-c1cc(Cl)nc(N)n1,EZH2,resistant,scout2,,531.0,3.28,0.362,4.4,87.2,0.0008620000000000001,0.0043100000000000005,bioisostere,34.5,72.0,87.2,43.1,100,62.2,60.4,1324
CHEMBL378999,CHEMBL378999,N#Cc1ccc(O)c(-c2ccc(/C=C3\SC(=O)NC3=O)o2)c1,PIK3CA,escape_route,scout1,220.0,0.0,0.0,0.826,2.65,100.0,0.001658,0.002486,database_search,27.6,78.0,100.0,29.8,80,81.7,60.3,1325
,,C.CCNC(=O)Nc1ccc(-c2nc(N3CCOCC3)c3cnn(C4CCN(S(N)(=O)=O)CC4)c3n2)cc1,MTOR,escape_route,scout2,,545.7,1.95,0.424,4.8,78.5,0.001848,0.0027719999999999997,bioisostere,30.8,90.0,78.5,33.3,100,57.8,60.3,1326
CHEMBL273832,CHEMBL273832,COC[C@H]1OC(=O)c2coc3c2[C@@]1(C)C1=C(C3=O)[C@@H]2CC[C@H](O)[C@@]2(C)C[C@H]1OC(C)=O,MTOR,escape_route,scout1,193.0,0.0,0.0,0.727,4.75,100.0,0.001714,0.002572,database_search,28.6,80.7,100.0,30.9,80,58.3,60.3,1327
,,O=C(O)C(=O)c1c(Cc2cc3c(cc2Cl)OCO3)c(-c2cccs2)nn1CC1CCCCC1,CHEK2,resistant,scout2,,487.0,5.43,0.353,4.1,87.1,0.000853,0.004265,r_group,34.1,72.0,87.1,42.6,100,65.6,60.3,1328
,,O=C(c1c(Cc2cc3c(cc2Cl)OCO3)c(-c2ccccc2)nn1CC1CCCCC1)C1CC1,CHEK2,resistant,scout2,,477.0,6.7,0.356,4.2,87.1,0.000856,0.00428,r_group,34.2,72.0,87.1,42.8,100,64.4,60.3,1329
,,O=C(c1c(Cc2cc3c(cc2Cl)OCO3)c(-c2cccs2)nn1CC1CCCCC1)C1CC1,CHEK2,resistant,scout2,,483.0,6.76,0.349,4.1,87.0,0.0008489999999999999,0.004245,r_group,34.0,72.0,87.0,42.4,100,65.6,60.2,1330
,,O=C(O)n1c(=O)n([C@H]2CCCOC2)c2c3cc(-c4ccc(OCCCN5CCCC5)nc4)ccc3ncc21,ATM,resistant,scout2,,517.6,4.16,0.364,4.8,87.3,0.0008640000000000001,0.00432,r_group,34.6,72.0,87.3,43.2,100,57.8,60.2,1331
,,CCN1CCN(Cc2ccc(NC(=O)Nc3ccsc3)cc2C(F)(F)F)CC1.CNc1cc(O)ncn1,ATR,resistant,scout2,,537.6,4.77,0.359,4.6,87.2,0.0008590000000000001,0.004295,bioisostere,34.4,72.0,87.2,43.0,100,60.0,60.2,1332
CHEMBL3698663,CHEMBL3698663,C[C@H](C1CCCCC1)n1c2cnccc2c2cnc(Nc3ccc(N4CCNCC4)cn3)nc21,CDK6,sensitive,scout1,61.0,0.0,0.0,0.451,3.39,99.0,0.005537,0.000831,database_search,42.5,75.1,99.0,8.3,80,73.4,60.2,1333
CHEMBL220272,CHEMBL220272,O=C(NOCc1ccccc1)c1cc(-c2[nH]ncc2-c2cccc(Cl)c2)c[nH]1,MAPK1,sensitive,scout1,170.0,0.0,0.0,0.42,2.55,100.0,0.004424,0.000664,database_search,33.9,83.0,100.0,6.6,80,82.8,60.1,1334
,,CNc1nc(C)c(-c2ccnc(Nc3cc(OC)c(OC)c(SC)c3)n2)s1,CDK4,sensitive,scout2,,403.5,4.43,0.561,3.4,100.0,0.005305,0.0007957499999999999,bioisostere,40.7,72.0,100.0,8.0,100,73.3,60.1,1335
,,O=C1CN(CCOc2ccccc2Cc2cn(C(F)F)nc2-c2cc(Cl)nc(C(F)(F)F)n2)CCN1,EZH2,resistant,scout2,,530.9,3.81,0.352,4.5,87.0,0.000852,0.00426,r_group,34.1,72.0,87.0,42.6,100,61.1,60.1,1336
CHEMBL2426387,CHEMBL2426387,COc1ccc(NC(=S)NC(=O)c2cn(-c3ccccc3)nc2-c2ccc(Cl)cc2)cc1,CDK6,sensitive,scout1,42.0,0.0,0.0,0.392,2.08,87.8,0.005942,0.000891,database_search,45.6,76.6,87.8,8.9,80,88.0,60.1,1337
CHEMBL27945,CHEMBL27945,CCC1CCN(C)c2cc3nc(O)cc(C(F)(F)F)c3cc21,AR,sensitive,scout1,158.0,0.0,0.0,0.853,3.4,100.0,0.004503,0.000676,database_search,34.5,84.2,100.0,6.8,80,73.3,60.1,1338
,,CC(C)C(=O)c1c(Cc2cc3c(cc2Cl)OCO3)c(-c2ccccc2)nn1CC1CCCCC1,CHEK2,resistant,scout2,,479.0,6.94,0.345,4.2,86.9,0.0008449999999999999,0.004225,r_group,33.8,72.0,86.9,42.2,100,64.4,60.1,1339
,,N#CC(=O)c1c(Cc2cc3c(cc2Cl)OCO3)c(-c2ccccc2)nn1CC1CCCCC1,CHEK2,resistant,scout2,,461.9,5.81,0.342,4.1,86.8,0.0008420000000000001,0.00421,r_group,33.7,72.0,86.8,42.1,100,65.6,60.1,1340
CHEMBL374677,CHEMBL374677,O=C(NC(CO)c1ccc(F)cc1)c1cc(-c2[nH]ncc2-c2cccc(Cl)c2)c[nH]1,MAPK1,sensitive,scout1,63.0,0.0,0.0,0.371,3.01,97.4,0.005502,0.000825,database_search,42.2,75.0,97.4,8.2,80,77.7,60.0,1341
,,CC(C)C(=O)c1c(Cc2cc3c(cc2Cl)OCO3)c(-c2cccs2)nn1CC1CCCCC1,CHEK2,resistant,scout2,,485.0,7.0,0.338,4.1,86.8,0.0008380000000000001,0.00419,r_group,33.5,72.0,86.8,41.9,100,65.6,60.0,1342
CHEMBL172921,CHEMBL172921,CCCC(=O)NCC(=O)C(CC(=O)O)NC(=O)C(CC)n1cccc(NC(=O)c2ccc3ccccc3c2)c1=O,CD274,immune,scout1,81.0,0.0,0.0,0.255,3.38,75.1,0.002614,0.002614,database_search,34.9,91.9,75.1,26.1,80,73.6,60.0,1343
CHEMBL1766765,CHEMBL1766765,N#Cc1ccccc1-c1cnc(N)c(C(=O)Nc2ccccc2)n1,ATM,resistant,scout1,320.0,0.0,0.0,0.773,2.11,100.0,0.000747,0.003737,database_search,29.9,68.0,100.0,37.4,80,87.7,60.0,1344
CHEMBL4580787,CHEMBL4580787,CN(C)C/C=C/C(=O)Nc1cccc(S(=O)(=O)N2CCC(NC(=O)c3n[nH]cc3NC(=O)c3c(Cl)cc(Cl)cc3Cl)CC2)c1,ATR,resistant,scout1,88.0,0.0,0.0,0.233,3.16,69.7,0.001028,0.005139,database_search,41.1,73.0,69.7,51.4,80,76.0,60.0,1345
,,CNn1c(=O)n([C@H]2C[C@@H](OC)C2)c2c3cc(-c4ccc(OCCCN5CCCC5)nc4)ccc3ncc21,ATM,resistant,scout2,,502.6,3.8,0.349,4.6,87.0,0.0008489999999999999,0.004245,r_group,34.0,72.0,87.0,42.4,100,60.0,60.0,1346
CHEMBL215923,CHEMBL215923,COc1ccccc1[C@H]1CC(=O)N(C)[C@H]1[C@H](O)c1ccc(-c2ccc(F)cc2)s1,KRAS,escape_route,scout1,120.0,0.0,0.0,0.667,3.47,100.0,0.001921,0.002881,database_search,32.0,70.4,100.0,34.6,80,72.6,60.0,1347
CHEMBL247798,CHEMBL247798,CCNC(=O)Nc1ccc(CNc2ncsc2C(=O)Nc2ccc3c(c2)OC(F)(F)O3)cn1,BRAF,escape_route,scout1,122.0,0.0,0.0,0.408,2.86,98.2,0.001914,0.00287,database_search,31.9,70.2,98.2,34.4,80,79.3,59.9,1348
CHEMBL360217,CHEMBL360217,CN1C(=O)C[C@H](c2ccc(O)cc2)[C@@H]1[C@@H](O)c1ccc(-c2ccccc2)s1,KRAS,escape_route,scout1,220.0,0.0,0.0,0.715,3.45,100.0,0.001658,0.002486,database_search,27.6,78.0,100.0,29.8,80,72.8,59.9,1349
,,N#CC(=O)c1c(Cc2cc3c(cc2Cl)OCO3)c(-c2cccs2)nn1CC1CCCCC1,CHEK2,resistant,scout2,,468.0,5.87,0.334,4.0,86.7,0.0008340000000000001,0.00417,r_group,33.4,72.0,86.7,41.7,100,66.7,59.9,1350
,,NC(=O)[C@H](COc1cncc(-c2ccc3cnccc3c2)c1)Cc1c[nH]c2ccccc12,AKT1,escape_route,scout2,,422.5,4.5,0.404,4.0,98.1,0.0018080000000000004,0.0027120000000000004,r_group,30.1,72.0,98.1,32.5,100,66.7,59.9,1351
CHEMBL3215760,CHEMBL3215760,Cl.Cl.c1cc(OCCN2CCSCC2)cc(-c2nc(N3CCOCC3)c3oc4ncccc4c3n2)c1,PIK3CA,escape_route,scout1,79.0,0.0,0.0,0.344,2.98,86.9,0.002102,0.003154,database_search,35.0,73.7,86.9,37.8,80,78.0,59.9,1352
CHEMBL405230,CHEMBL405230,COC[C@H]1OC(=O)/C(=C/N2CCC(N3CCCCC3)CC2)C2=C(O)C(=O)C3=C([C@H](OC(C)=O)C[C@]4(C)[C@@H](O)CC[C@@H]34)[C@]21C,PIK3CA,escape_route,scout1,63.0,0.0,0.0,0.36,4.94,87.2,0.002201,0.003301,database_search,36.7,75.0,87.2,39.6,80,56.2,59.9,1353
,,O=c1n(Cl)c2cnc3ccc(-c4ccc(OCCCN5CCCC5)nc4)cc3c2n1[C@H]1CCCOC1,ATM,resistant,scout2,,508.0,4.63,0.339,4.5,86.8,0.000839,0.004195,r_group,33.6,72.0,86.8,41.9,100,61.1,59.8,1354
,,CN[C@H](COc1cncc(-c2ccc3cnccc3c2)c1)Cc1c[nH]c2ccccc12,AKT1,escape_route,scout2,,408.5,4.99,0.398,3.9,98.0,0.001796,0.0026939999999999998,r_group,29.9,72.0,98.0,32.3,100,67.8,59.8,1355
,,COn1c(=O)n([C@H]2CCCOC2)c2c3cc(-c4ccc(OCCCN5CCCC5)nc4)ccc3ncc21,ATM,resistant,scout2,,503.6,3.69,0.339,4.6,86.8,0.000839,0.004195,r_group,33.6,72.0,86.8,41.9,100,60.0,59.7,1356
CHEMBL201263,CHEMBL201263,COc1cc2c(Nc3ncc(CNC(=O)c4cccc(F)c4)s3)ncnc2cc1OCCCN1CCC(CO)CC1,AURKA,resistant,scout1,111.0,0.0,0.0,0.21,2.76,74.2,0.000977,0.004887,database_search,39.1,71.1,74.2,48.9,80,80.4,59.7,1357
CHEMBL496332,CHEMBL496332,COCC(O)Cn1cc(-c2ccc3c(c2)N(c2nc4c(s2)C(=O)NC(C)(C)C4)CCO3)cn1,PIK3CB,escape_route,scout1,222.0,0.0,0.0,0.572,3.6,100.0,0.001654,0.00248,database_search,27.6,77.8,100.0,29.8,80,71.1,59.7,1358
,,Cn1c(=O)n([C@H]2CCCSC2)c2c3cc(-c4ccc(OCCCN5CCCC5)nc4)ccc3ncc21,ATM,resistant,scout2,,503.7,4.88,0.335,4.5,86.7,0.000835,0.004175,bioisostere,33.4,72.0,86.7,41.8,100,61.1,59.7,1359
CHEMBL11115,CHEMBL11115,COc1ccc(CC2=C(c3ccc4c(c3)OCO4)C(=O)OC2(O)c2ccc(OC)cc2)cc1,CHEK2,resistant,scout1,220.0,0.0,0.0,0.576,2.95,100.0,0.000829,0.004144,database_search,33.2,62.4,100.0,41.4,80,78.3,59.7,1360
,,CN[C@@H]1C[C@H]2O[C@@](OC)([C@@H]1OC)n1c3ccccc3c3c4c(c5c6ccccc6n2c5c31)C(=O)NC4,AKT1,escape_route,scout2,,482.5,3.94,0.407,4.5,98.1,0.001814,0.002721,r_group,30.2,72.0,98.1,32.7,100,61.1,59.6,1361
,,CCN1CCN(Cc2ccc(NC(=O)Nc3cc[nH]c3)cc2C(F)(F)F)CC1.CNc1cc(O)ncn1,ATR,resistant,scout2,,520.6,4.04,0.333,4.6,86.7,0.0008330000000000001,0.004165,bioisostere,33.3,72.0,86.7,41.7,100,60.0,59.6,1362
CHEMBL173116,CHEMBL173116,CCC(C(=O)N[C@@H](CC(=O)O)C(=O)CN[C@@H](Cc1ccccc1)C(N)=O)n1cccc(NC(=O)c2ccc3ccccc3c2)c1=O,CD274,immune,scout1,78.0,0.0,0.0,0.133,3.71,72.7,0.002635,0.002635,database_search,35.1,92.2,72.7,26.4,80,69.9,59.6,1363
,,COC(=O)N1CCC(n2ncc3c(N4CCOCC4)nc(-c4ccoc4)nc32)CC1.NC(=O)Nc1ccncc1,MTOR,escape_route,scout2,,549.6,2.9,0.386,5.0,77.7,0.0017720000000000001,0.0026579999999999998,bioisostere,29.5,90.0,77.7,31.9,100,55.6,59.5,1364
,,COC(=O)N1CCC(n2ncc3c(N4CCOCC4)nc(-c4ccoc4)nc32)CC1.NC(=O)Nc1cccnc1,MTOR,escape_route,scout2,,549.6,2.9,0.386,5.0,77.7,0.0017720000000000001,0.0026579999999999998,bioisostere,29.5,90.0,77.7,31.9,100,55.6,59.5,1365
,,CCN1CCOCC1.CNc1cc2ncnc(Nc3cnc(NC(=O)c4ccccc4)nc3)c2cc1OC,AURKA,resistant,scout2,,516.6,3.8,0.334,4.8,86.7,0.0008340000000000001,0.00417,bioisostere,33.4,72.0,86.7,41.7,100,57.8,59.5,1366
CHEMBL3216649,CHEMBL3216649,Cl.Cl.Nc1cccc(-c2nc(N3CCOCC3)c3oc4ncccc4c3n2)c1,PIK3CA,escape_route,scout1,140.0,0.0,0.0,0.495,2.77,99.9,0.001854,0.002781,database_search,30.9,68.8,99.9,33.4,80,80.3,59.5,1367
CHEMBL542770,CHEMBL542770,COC(=O)c1c(C)[nH]c2c1C1CCN(C(=O)/C=C/c3ccc(OC)cc3)C1=CC2C(=O)ON1CCN(C)CC1.Cl,MAP2K1,sensitive,scout1,37.0,0.0,0.0,0.417,4.25,88.3,0.006079,0.000912,database_search,46.6,77.0,88.3,9.1,80,63.9,59.5,1368
CHEMBL379218,CHEMBL379218,Cc1n[nH]c2ccc(-c3cncc(OC[C@@H](N)Cc4ccccc4)c3)cc12,CDK4,sensitive,scout1,180.0,0.0,0.0,0.548,2.83,100.0,0.004362,0.000654,database_search,33.4,82.0,100.0,6.5,80,79.7,59.5,1369
,,c1cc2c3cnc(Nc4cnc(N5CCOCC5)nc4)nc3n(C3CCCC3)c2cn1,CDK6,sensitive,scout2,,416.5,3.46,0.541,3.9,100.0,0.0052049999999999996,0.0007807499999999999,bioisostere,39.9,72.0,100.0,7.8,100,67.8,59.5,1370
,,c1cc2c3cnc(Oc4cnc(N5CCNCC5)nc4)nc3n(C3CCCC3)c2cn1,CDK6,sensitive,scout2,,416.5,3.09,0.542,3.9,100.0,0.00521,0.0007815,bioisostere,39.9,72.0,100.0,7.8,100,67.8,59.5,1371
CHEMBL379218,CHEMBL379218,Cc1n[nH]c2ccc(-c3cncc(OC[C@@H](N)Cc4ccccc4)c3)cc12,CDK4,sensitive,scout1,180.0,0.0,0.0,0.548,2.83,100.0,0.004362,0.000654,database_search,33.4,82.0,100.0,6.5,80,79.7,59.5,1372
,,NS(=O)(=O)[C@H](COc1cncc(-c2ccc3cnccc3c2)c1)Cc1c[nH]c2ccccc12,AKT1,escape_route,scout2,,458.5,4.06,0.382,4.1,97.6,0.001764,0.002646,r_group,29.4,72.0,97.6,31.8,100,65.6,59.4,1373
CHEMBL4866319,CHEMBL4866319,Cc1c(Cn2cccn2)c(-c2cc(Cl)nc(N)n2)nn1C,EZH2,resistant,scout1,325.0,0.0,0.0,0.744,2.85,100.0,0.000744,0.00372,database_search,29.8,67.5,100.0,37.2,80,79.4,59.4,1374
,,CNCCC[CH]n1c(=O)n(C)c2cnc3ccc(-c4ccc(OCCCN5CCCC5)nc4)cc3c21,ATM,resistant,scout2,,487.6,3.82,0.324,4.5,86.5,0.0008240000000000001,0.00412,bioisostere,33.0,72.0,86.5,41.2,100,61.1,59.4,1375
,,CN(C)n1c(=O)n([C@H]2CCCOC2)c2c3cc(-c4ccc(OCCCN5CCCC5)nc4)ccc3ncc21,ATM,resistant,scout2,,516.6,3.83,0.33,4.8,86.6,0.00083,0.00415,r_group,33.2,72.0,86.6,41.5,100,57.8,59.4,1376
CHEMBL315788,CHEMBL315788,COc1ccc(-c2nn(CC3CCCCC3)c(C(=O)O)c2Cc2cc3c(cc2Cl)OCO3)cc1,CHEK2,resistant,scout1,178.0,0.0,0.0,0.457,2.66,89.1,0.000875,0.004374,database_search,35.0,65.8,89.1,43.7,80,81.6,59.4,1377
,,COc1cc2cc(C(=O)N3CC(C)C4C3=CC(=O)c3[nH]c(C(=O)SC)cc34)[nH]c2c(OC)c1OC,MAP2K1,sensitive,scout2,,495.6,3.98,0.55,4.4,100.0,0.00525,0.0007875,bioisostere,40.2,72.0,100.0,7.9,100,62.2,59.4,1378
,,CCn1c(=O)n([C@H]2CCCOC2)c2c3cc(-c4ccc(OCCCN5CCCC5)nc4)ccc3ncc21,ATM,resistant,scout2,,501.6,4.65,0.327,4.6,86.5,0.000827,0.004135,r_group,33.1,72.0,86.5,41.3,100,60.0,59.4,1379
,,COC(=O)N1CCC(n2ncc3c(N4CCOCC4)nc(-c4ccncc4)nc32)CC1.NC(=O)Nc1cccnc1,MTOR,escape_route,scout2,,560.6,2.7,0.379,5.1,77.6,0.0017580000000000002,0.002637,bioisostere,29.3,90.0,77.6,31.6,100,54.4,59.3,1380
,,COC(=O)N1CCC(n2ncc3c(N4CCOCC4)nc(-c4ccncc4)nc32)CC1.NC(=O)Nc1ccncc1,MTOR,escape_route,scout2,,560.6,2.7,0.379,5.1,77.6,0.0017580000000000002,0.002637,bioisostere,29.3,90.0,77.6,31.6,100,54.4,59.3,1381
,,CS[C@H]1C[C@@H](n2c(=O)n(C)c3cnc4ccc(-c5ccc(OCCCN6CCCC6)nc5)cc4c32)C1,ATM,resistant,scout2,,503.7,4.88,0.319,4.5,86.4,0.000819,0.004095,bioisostere,32.8,72.0,86.4,40.9,100,61.1,59.3,1382
,,COn1c(=O)n([C@H]2C[C@@H](OC)C2)c2c3cc(-c4ccc(OCCCN5CCCC5)nc4)ccc3ncc21,ATM,resistant,scout2,,503.6,3.69,0.322,4.6,86.4,0.0008220000000000002,0.004110000000000001,r_group,32.9,72.0,86.4,41.1,100,60.0,59.3,1383
CHEMBL428690,CHEMBL428690,CN1CC[C@H](c2c(O)cc(O)c3c(=O)cc(-c4ccccc4Cl)oc23)[C@H](O)C1,CDK6,sensitive,scout1,80.0,0.0,0.0,0.61,3.41,100.0,0.005242,0.000786,database_search,40.2,73.6,100.0,7.9,80,73.2,59.3,1384
CHEMBL428690,CHEMBL428690,CN1CC[C@H](c2c(O)cc(O)c3c(=O)cc(-c4ccccc4Cl)oc23)[C@H](O)C1,CDK6,sensitive,scout1,80.0,0.0,0.0,0.61,3.41,100.0,0.005242,0.000786,database_search,40.2,73.6,100.0,7.9,80,73.2,59.3,1385
,,CC(=O)S[C@@]1(C(C)=O)CC[C@H]2[C@@H]3C[C@H](C)C4=CC(=O)CC[C@]4(C)[C@H]3CC[C@@]21C,AR,sensitive,scout2,,402.6,5.37,0.623,3.5,92.5,0.005615,0.00084225,bioisostere,43.0,72.0,92.5,8.4,100,72.2,59.3,1386
,,CCN[C@@H]1C[C@H]2O[C@@](C)([C@@H]1OC)n1c3ccccc3c3c4c(c5c6ccccc6n2c5c31)C(=O)NC4,AKT1,escape_route,scout2,,480.6,4.74,0.391,4.5,97.8,0.001782,0.0026729999999999996,r_group,29.7,72.0,97.8,32.1,100,61.1,59.3,1387
,,CC[C@]12O[C@H](C[C@@H](NC)[C@H]1OC)n1c3ccccc3c3c4c(c5c6ccccc6n2c5c31)CNC4=O,AKT1,escape_route,scout2,,480.6,4.74,0.391,4.5,97.8,0.001782,0.0026729999999999996,r_group,29.7,72.0,97.8,32.1,100,61.1,59.3,1388
,,CCO[C@@H]1[C@H](NC)C[C@H]2O[C@]1(C)n1c3ccccc3c3c4c(c5c6ccccc6n2c5c31)C(=O)NC4,AKT1,escape_route,scout2,,480.6,4.74,0.391,4.5,97.8,0.001782,0.0026729999999999996,r_group,29.7,72.0,97.8,32.1,100,61.1,59.3,1389
CHEMBL428690,CHEMBL428690,CN1CC[C@H](c2c(O)cc(O)c3c(=O)cc(-c4ccccc4Cl)oc23)[C@H](O)C1,CDK6,sensitive,scout1,80.0,0.0,0.0,0.61,3.41,100.0,0.005242,0.000786,database_search,40.2,73.6,100.0,7.9,80,73.2,59.3,1390
,,CC[C@@H]1C[C@@H]2[C@H](CC[C@@]3(C)[C@H]2CC[C@]3(OC(C)=O)C(C)=O)[C@@]2(C)CCC(=O)C=C12,AR,sensitive,scout2,,400.6,5.05,0.622,3.6,92.4,0.0056099999999999995,0.0008414999999999999,r_group,43.0,72.0,92.4,8.4,100,71.1,59.2,1391
,,CCC(=O)[C@@]1(OC(C)=O)CC[C@H]2[C@@H]3C[C@H](C)C4=CC(=O)CC[C@]4(C)[C@H]3CC[C@@]21C,AR,sensitive,scout2,,400.6,5.05,0.622,3.6,92.4,0.0056099999999999995,0.0008414999999999999,r_group,43.0,72.0,92.4,8.4,100,71.1,59.2,1392
,,CCC(=O)O[C@]1(C(C)=O)CC[C@H]2[C@@H]3C[C@H](C)C4=CC(=O)CC[C@]4(C)[C@H]3CC[C@@]21C,AR,sensitive,scout2,,400.6,5.05,0.622,3.6,92.4,0.0056099999999999995,0.0008414999999999999,r_group,43.0,72.0,92.4,8.4,100,71.1,59.2,1393
,,CC[C@]12CCC(=O)C=C1[C@@H](C)C[C@@H]1[C@@H]2CC[C@@]2(C)[C@H]1CC[C@]2(OC(C)=O)C(C)=O,AR,sensitive,scout2,,400.6,5.05,0.622,3.6,92.4,0.0056099999999999995,0.0008414999999999999,r_group,43.0,72.0,92.4,8.4,100,71.1,59.2,1394
CHEMBL205088,CHEMBL205088,COc1cc(NC(=O)CCCOc2ccccc2)c(Cl)cc1NC(=O)Nc1cnc(C#N)cn1,CHEK1,resistant,scout1,228.0,0.0,0.0,0.384,2.45,97.7,0.000821,0.004105,database_search,32.8,61.8,97.7,41.1,80,83.9,59.2,1395
,,CC[C@]12CC[C@H]3[C@@H](C[C@H](C)C4=CC(=O)CC[C@@]43C)[C@@H]1CC[C@]2(OC(C)=O)C(C)=O,AR,sensitive,scout2,,400.6,5.05,0.622,3.6,92.4,0.0056099999999999995,0.0008414999999999999,r_group,43.0,72.0,92.4,8.4,100,71.1,59.2,1396
,,CN(C)CCCOc1ccc(-c2ccc3ncc4c(c3c2)n([C@H]2CC[C@H](OC3CC3)C2)c(=O)n4C)cn1,ATM,resistant,scout2,,501.6,4.55,0.313,4.6,86.3,0.000813,0.004065,r_group,32.5,72.0,86.3,40.6,100,60.0,59.1,1397
CHEMBL222465,CHEMBL222465,O=C(NC(CO)c1ccc(C(F)(F)F)cc1)c1cc(-c2[nH]ncc2-c2cccc(Cl)c2)c[nH]1,MAPK1,sensitive,scout1,44.0,0.0,0.0,0.309,3.13,86.2,0.005891,0.000884,database_search,45.2,76.5,86.2,8.8,80,76.3,59.1,1398
CHEMBL90884,CHEMBL90884,CC(C)[C@H](NC(=O)CCc1ccccc1)C(=O)N[C@@H](C)C(=O)N[C@@H](CC(=O)O)C(=O)CCCc1ccccc1,CD274,immune,scout1,100.0,0.0,0.0,0.259,3.22,75.2,0.0025,0.0025,database_search,33.3,90.0,75.2,25.0,80,75.3,59.1,1399
,,C.COc1cc2cc(C(=O)N3C[C@H]4C[C@@]45C3=CC(=O)c3c5c(S(N)(=O)=O)c(C)n3C)[nH]c2c(OC)c1OC,MAP2K1,sensitive,scout2,,542.6,2.62,0.504,4.8,80.1,0.00502,0.000753,bioisostere,38.5,90.0,80.1,7.5,100,57.8,59.1,1400
,,CN[C@@H]1C[C@H]2O[C@@](C3CC3)([C@@H]1OC)n1c3ccccc3c3c4c(c5c6ccccc6n2c5c31)C(=O)NC4,AKT1,escape_route,scout2,,492.6,4.74,0.382,4.6,97.6,0.001764,0.002646,r_group,29.4,72.0,97.6,31.8,100,60.0,59.1,1401
,,CCn1c(=O)n([C@H]2C[C@@H](OC)C2)c2c3cc(-c4ccc(OCCCN5CCCC5)nc4)ccc3ncc21,ATM,resistant,scout2,,501.6,4.65,0.311,4.6,86.2,0.000811,0.004055,r_group,32.4,72.0,86.2,40.5,100,60.0,59.1,1402
,,CCn1nnc2c(N3CCOCC3)nc(-c3ccoc3)nc21.CN1CCN(C(=O)c2ccc(NC(N)=O)cc2)CC1,PIK3CB,escape_route,scout2,,562.6,1.9,0.368,5.1,77.4,0.0017360000000000001,0.002604,bioisostere,28.9,90.0,77.4,31.2,100,54.4,59.1,1403
,,CO[C@H]1CC[C@H](n2c(=O)n(C)c3cnc4ccc(-c5ccc(OCCCN(C)C6CC6)nc5)cc4c32)C1,ATM,resistant,scout2,,501.6,4.55,0.313,4.6,86.3,0.000813,0.004065,r_group,32.5,72.0,86.3,40.6,100,60.0,59.1,1404
,,CCO[C@H]1C[C@@H](n2c(=O)n(C)c3cnc4ccc(-c5ccc(OCCCN6CCCC6)nc5)cc4c32)C1,ATM,resistant,scout2,,501.6,4.55,0.313,4.6,86.3,0.000813,0.004065,r_group,32.5,72.0,86.3,40.6,100,60.0,59.1,1405
,,O=C1CNCCN1Cc1ccc(Oc2ncc3c4ccncc4n(C4CCCC4)c3n2)nc1,CDK6,sensitive,scout2,,443.5,3.21,0.506,4.1,100.0,0.00503,0.0007545,bioisostere,38.6,72.0,100.0,7.5,100,65.6,59.0,1406
,,CCOC(=O)[C@H]1COCCN1CCOc1ccccc1Cc1cn(C(F)F)nc1-c1cc(Cl)nc(N)n1,EZH2,resistant,scout2,,537.0,3.2,0.308,4.6,86.2,0.0008080000000000001,0.00404,r_group,32.3,72.0,86.2,40.4,100,60.0,59.0,1407
CHEMBL395700,CHEMBL395700,O=C(Nc1ccc2c(c1)OC(F)(F)O2)c1ccccc1NCc1ccnc(NCCCO)c1,BRAF,escape_route,scout1,142.0,0.0,0.0,0.36,2.56,97.2,0.001848,0.002772,database_search,30.8,68.6,97.2,33.3,80,82.7,59.0,1408
,,CN[C@@H]1C[C@H]2O[C@@](C)([C@H]1NC)n1c3ccccc3c3c4c(c5c6ccccc6n2c5c31)C(=O)NC4,AKT1,escape_route,scout2,,465.6,3.93,0.37,4.4,97.4,0.00174,0.00261,bioisostere,29.0,72.0,97.4,31.3,100,62.2,59.0,1409
,,CO[C@@H]1[C@H](NC2CC2)C[C@H]2O[C@]1(C)n1c3ccccc3c3c4c(c5c6ccccc6n2c5c31)C(=O)NC4,AKT1,escape_route,scout2,,492.6,4.89,0.376,4.6,97.5,0.001752,0.002628,r_group,29.2,72.0,97.5,31.5,100,60.0,59.0,1410
,,CN[C@@H]1C[C@H]2O[C@@](C)([C@@H]1OC1CC1)n1c3ccccc3c3c4c(c5c6ccccc6n2c5c31)C(=O)NC4,AKT1,escape_route,scout2,,492.6,4.89,0.376,4.6,97.5,0.001752,0.002628,r_group,29.2,72.0,97.5,31.5,100,60.0,59.0,1411
,,CON[C@@H]1C[C@H]2O[C@@](C)([C@@H]1OC)n1c3ccccc3c3c4c(c5c6ccccc6n2c5c31)C(=O)NC4,AKT1,escape_route,scout2,,482.5,4.29,0.375,4.5,97.5,0.0017500000000000003,0.002625,r_group,29.2,72.0,97.5,31.5,100,61.1,59.0,1412
,,CCn1nnc2c(N3CCOCC3)nc(-c3ccsc3)nc21.CN1CCN(C(=O)c2ccc(NC(N)=O)cc2)CC1,PIK3CB,escape_route,scout2,,578.7,2.37,0.364,5.1,77.3,0.0017280000000000002,0.002592,bioisostere,28.8,90.0,77.3,31.1,100,54.4,59.0,1413
,,CCOC(=O)[C@@H]1COCCN1CCOc1ccccc1Cc1cn(C(F)F)nc1-c1cc(Cl)nc(N)n1,EZH2,resistant,scout2,,537.0,3.2,0.308,4.6,86.2,0.0008080000000000001,0.00404,r_group,32.3,72.0,86.2,40.4,100,60.0,59.0,1414
,,CO[C@H]1C[C@@H](n2c(=O)n(N(C)C)c3cnc4ccc(-c5ccc(OCCCN6CCCC6)nc5)cc4c32)C1,ATM,resistant,scout2,,516.6,3.83,0.313,4.8,86.3,0.000813,0.004065,r_group,32.5,72.0,86.3,40.6,100,57.8,59.0,1415
,,CO[C@H]1CC[C@H](n2c(=O)n(C)c3cnc4ccc(-c5ccc(OCCCN(C)C(C)C)nc5)cc4c32)C1,ATM,resistant,scout2,,503.6,4.8,0.306,4.6,86.1,0.0008060000000000002,0.004030000000000001,r_group,32.2,72.0,86.1,40.3,100,60.0,58.9,1416
,,O=c1n(C2CC2)c2cnc3ccc(-c4ccc(OCCCN5CCCC5)nc4)cc3c2n1[C@H]1CCCOC1,ATM,resistant,scout2,,513.6,4.96,0.31,4.8,86.2,0.0008100000000000002,0.004050000000000001,r_group,32.4,72.0,86.2,40.5,100,57.8,58.9,1417
CHEMBL4864843,CHEMBL4864843,Cn1cc(Cc2ccc(F)cc2)c(-c2cc(Cl)nc(N)n2)n1,EZH2,resistant,scout1,342.0,0.0,0.0,0.754,2.57,100.0,0.000733,0.003665,database_search,29.3,65.8,100.0,36.6,80,82.6,58.9,1418
CHEMBL207582,CHEMBL207582,COc1cc(NC(=O)CCCc2ccccc2)c(Cl)cc1NC(=O)Nc1cnc(C#N)cn1,CHEK1,resistant,scout1,243.0,0.0,0.0,0.446,2.41,98.9,0.000807,0.004036,database_search,32.3,60.6,98.9,40.4,80,84.3,58.9,1419
,,CCN1CCOCC1.CNc1cc2ncnc(Nc3ncc(C(=O)Nc4ccc(F)cc4)s3)c2cc1OC,AURKA,resistant,scout2,,539.6,4.61,0.31,4.8,86.2,0.0008100000000000002,0.004050000000000001,bioisostere,32.4,72.0,86.2,40.5,100,57.8,58.9,1420
CHEMBL220110,CHEMBL220110,O=C(c1cc(-c2[nH]ncc2-c2cccc(Cl)c2)c[nH]1)N1CCCC1,MAPK1,sensitive,scout1,200.0,0.0,0.0,0.758,2.45,100.0,0.004247,0.000637,database_search,32.6,80.0,100.0,6.4,80,83.9,58.9,1421
,,CC(C)O[C@H]1CC[C@H](n2c(=O)n(C)c3cnc4ccc(-c5ccc(OCCCN(C)C)nc5)cc4c32)C1,ATM,resistant,scout2,,503.6,4.8,0.306,4.6,86.1,0.0008060000000000002,0.004030000000000001,r_group,32.2,72.0,86.1,40.3,100,60.0,58.9,1422
,,C.COc1cc2cc(C(=O)N3CC(C)C4C3=CC(=O)c3[nH]c(C(N)=O)cc34)[nH]c2c(OC)c1OC,MAP2K1,sensitive,scout2,,480.5,3.21,0.512,4.4,100.0,0.00506,0.000759,bioisostere,38.8,72.0,100.0,7.6,100,62.2,58.9,1423
,,CCn1nnc2c(N3CCOCC3)nc(-c3ccncc3)nc21.CN1CCN(C(=O)c2ccc(NC(N)=O)cc2)CC1,PIK3CB,escape_route,scout2,,573.7,1.7,0.36,5.2,77.2,0.0017200000000000002,0.00258,bioisostere,28.7,90.0,77.2,31.0,100,53.3,58.9,1424
,,CO[C@H]1CC[C@H](n2c(=O)n(C3CC3)c3cnc4ccc(-c5ccc(OCCCN(C)C)nc5)cc4c32)C1,ATM,resistant,scout2,,501.6,4.82,0.306,4.6,86.1,0.0008060000000000002,0.004030000000000001,r_group,32.2,72.0,86.1,40.3,100,60.0,58.9,1425
,,CC(=O)[C@@]1(OC(=O)C2CC2)CC[C@H]2[C@@H]3C[C@H](C)C4=CC(=O)CC[C@]4(C)[C@H]3CC[C@@]21C,AR,sensitive,scout2,,412.6,5.05,0.609,3.8,92.2,0.0055450000000000004,0.00083175,r_group,42.5,72.0,92.2,8.3,100,68.9,58.9,1426
,,CC(=O)O[C@]1(C(=O)C2CC2)CC[C@H]2[C@@H]3C[C@H](C)C4=CC(=O)CC[C@]4(C)[C@H]3CC[C@@]21C,AR,sensitive,scout2,,412.6,5.05,0.609,3.8,92.2,0.0055450000000000004,0.00083175,r_group,42.5,72.0,92.2,8.3,100,68.9,58.9,1427
,,CC(=O)O[C@]1(C(C)=O)CC[C@H]2[C@@H]3C[C@@H](C4CC4)C4=CC(=O)CC[C@]4(C)[C@H]3CC[C@@]21C,AR,sensitive,scout2,,412.6,5.05,0.609,3.8,92.2,0.0055450000000000004,0.00083175,r_group,42.5,72.0,92.2,8.3,100,68.9,58.9,1428
,,CC(=O)O[C@]1(C(C)=O)CC[C@H]2[C@@H]3C[C@H](C)C4=CC(=O)CC[C@]4(C4CC4)[C@H]3CC[C@@]21C,AR,sensitive,scout2,,412.6,5.05,0.609,3.8,92.2,0.0055450000000000004,0.00083175,r_group,42.5,72.0,92.2,8.3,100,68.9,58.9,1429
,,CC(=O)O[C@]1(C(C)=O)CC[C@H]2[C@@H]3C[C@H](C)C4=CC(=O)CC[C@]4(C)[C@H]3CC[C@@]21C1CC1,AR,sensitive,scout2,,412.6,5.05,0.609,3.8,92.2,0.0055450000000000004,0.00083175,r_group,42.5,72.0,92.2,8.3,100,68.9,58.9,1430
,,O=C1COCCN1Cc1ccc(Nc2ncc3c4ccncc4n(C4CCCC4)c3n2)nc1,CDK6,sensitive,scout2,,443.5,3.59,0.503,4.1,100.0,0.005015,0.00075225,bioisostere,38.4,72.0,100.0,7.5,100,65.6,58.9,1431
,,CN[C@@H]1C[C@H]2O[C@@](C(C)C)([C@@H]1OC)n1c3ccccc3c3c4c(c5c6ccccc6n2c5c31)C(=O)NC4,AKT1,escape_route,scout2,,494.6,4.99,0.371,4.6,97.4,0.0017420000000000003,0.0026130000000000003,r_group,29.0,72.0,97.4,31.4,100,60.0,58.9,1432
,,CNC.CN[CH]C[C@H]1O[C](C)n2c3ccccc3c3c4c(c5c6ccccc6n1c5c32)C(=O)NC4,AKT1,escape_route,scout2,,467.6,4.64,0.362,4.4,97.2,0.0017240000000000003,0.002586,bioisostere,28.7,72.0,97.2,31.0,100,62.2,58.8,1433
CHEMBL151601,CHEMBL151601,CC1(C)C(=O)N(c2ccc(C#N)c(C(F)(F)F)c2)C(=O)N1CC#CCOCc1ccc(O)c(C(N)=O)c1,AR,sensitive,scout1,49.0,0.0,0.0,0.345,3.17,86.9,0.005775,0.000866,database_search,44.3,76.1,86.9,8.7,80,75.9,58.8,1434
,,CN(C)CCCOc1ccc(-c2ccc3ncc4c(c3c2)n([C@H]2CC[C@H](OC(F)(F)F)C2)c(=O)n4C)cn1,ATM,resistant,scout2,,529.6,4.91,0.302,4.8,86.0,0.0008020000000000002,0.0040100000000000005,r_group,32.1,72.0,86.0,40.1,100,57.8,58.7,1435
,,C.COc1cc2cc(C(=O)N3CC(C)C4C3=CC(=O)c3[nH]c(S(N)(=O)=O)cc34)[nH]c2c(OC)c1OC,MAP2K1,sensitive,scout2,,516.6,2.76,0.47,4.5,79.4,0.00485,0.0007275,bioisostere,37.2,90.0,79.4,7.3,100,61.1,58.7,1436
,,Cc1ccc([N+](=O)[O-])cc1S(=O)(=S)N(C)/N=C/c1cnc2ccc(Br)cn12,PIK3CA,escape_route,scout2,,468.4,3.3,0.326,3.4,96.5,0.001652,0.0024779999999999997,bioisostere,27.5,72.0,96.5,29.7,100,73.3,58.7,1437
,,CCOc1c(OC)c(OC)cc2cc(C(=O)N3CC(C)C4C3=CC(=O)c3[nH]c(C(=O)OC)cc34)[nH]c12,MAP2K1,sensitive,scout2,,493.5,3.65,0.503,4.5,100.0,0.005015,0.00075225,r_group,38.4,72.0,100.0,7.5,100,61.1,58.7,1438
,,CCOc1c(OC)cc2cc(C(=O)N3CC(C)C4C3=CC(=O)c3[nH]c(C(=O)OC)cc34)[nH]c2c1OC,MAP2K1,sensitive,scout2,,493.5,3.65,0.503,4.5,100.0,0.005015,0.00075225,r_group,38.4,72.0,100.0,7.5,100,61.1,58.7,1439
,,CCC1CN(C(=O)c2cc3cc(OC)c(OC)c(OC)c3[nH]2)C2=CC(=O)c3[nH]c(C(=O)OC)cc3C21,MAP2K1,sensitive,scout2,,493.5,3.65,0.503,4.5,100.0,0.005015,0.00075225,r_group,38.4,72.0,100.0,7.5,100,61.1,58.7,1440
,,CCOC(=O)c1cc2c([nH]1)C(=O)C=C1C2C(C)CN1C(=O)c1cc2cc(OC)c(OC)c(OC)c2[nH]1,MAP2K1,sensitive,scout2,,493.5,3.65,0.503,4.5,100.0,0.005015,0.00075225,r_group,38.4,72.0,100.0,7.5,100,61.1,58.7,1441
,,C.COc1cc2cc(C(=O)N3C[C@H]4C[C@@]45C3=CC(=O)c3[nH]c(C)c(C(N)=O)c35)[nH]c2c(OC)c1OC,MAP2K1,sensitive,scout2,,492.5,3.06,0.5,4.5,100.0,0.005,0.00075,bioisostere,38.3,72.0,100.0,7.5,100,61.1,58.7,1442
,,CCOc1cc2cc(C(=O)N3CC(C)C4C3=CC(=O)c3[nH]c(C(=O)OC)cc34)[nH]c2c(OC)c1OC,MAP2K1,sensitive,scout2,,493.5,3.65,0.503,4.5,100.0,0.005015,0.00075225,r_group,38.4,72.0,100.0,7.5,100,61.1,58.7,1443
,,Cn1c(=O)n([C@H]2C[C@@H](OC3CC3)C2)c2c3cc(-c4ccc(OCCCN5CCCC5)nc4)ccc3ncc21,ATM,resistant,scout2,,513.6,4.7,0.302,4.8,86.0,0.0008020000000000002,0.0040100000000000005,r_group,32.1,72.0,86.0,40.1,100,57.8,58.7,1444
,,Nc1nc(Cl)cc(-c2nn(C(F)F)cc2Cc2ccccc2OCCN2CCOC[C@H]2C(=O)OC2CC2)n1,EZH2,resistant,scout2,,549.0,3.35,0.3,4.8,86.0,0.0008,0.004,r_group,32.0,72.0,86.0,40.0,100,57.8,58.7,1445
,,Nc1nc(Cl)cc(-c2nn(C(F)F)cc2Cc2ccccc2OCCN2CCOC[C@@H]2C(=O)OC2CC2)n1,EZH2,resistant,scout2,,549.0,3.35,0.3,4.8,86.0,0.0008,0.004,r_group,32.0,72.0,86.0,40.0,100,57.8,58.7,1446
,,CO[C@H]1CC[C@H](n2c(=O)n(C(F)(F)F)c3cnc4ccc(-c5ccc(OCCCN(C)C)nc5)cc4c32)C1,ATM,resistant,scout2,,529.6,4.96,0.301,4.8,86.0,0.0008010000000000001,0.004005,r_group,32.0,72.0,86.0,40.0,100,57.8,58.7,1447
,,COC(=O)N1CCC(n2ncc3c(N4CCOCC4)nc(-c4cc[nH]c4)nc32)CC1.NC(=O)Nc1ccncc1,MTOR,escape_route,scout2,,548.6,2.63,0.347,5.0,76.9,0.0016940000000000002,0.002541,bioisostere,28.2,90.0,76.9,30.5,100,55.6,58.7,1448
,,COC(=O)N1CCC(n2ncc3c(N4CCOCC4)nc(-c4cc[nH]c4)nc32)CC1.NC(=O)Nc1cccnc1,MTOR,escape_route,scout2,,548.6,2.63,0.347,5.0,76.9,0.0016940000000000002,0.002541,bioisostere,28.2,90.0,76.9,30.5,100,55.6,58.7,1449
,,CC(=O)O[C@]1(C(=O)C(C)C)CC[C@H]2[C@@H]3C[C@H](C)C4=CC(=O)CC[C@]4(C)[C@H]3CC[C@@]21C,AR,sensitive,scout2,,414.6,5.29,0.589,3.8,91.8,0.005445,0.00081675,r_group,41.7,72.0,91.8,8.2,100,68.9,58.6,1450
,,O=C1C[C@H](c2ccccc2F)[C@H]([C@H](O)c2ccc(-c3ccccc3)s2)N1C(F)(F)F,KRAS,escape_route,scout2,,435.4,5.49,0.435,3.8,88.7,0.0018700000000000001,0.002805,r_group,31.2,72.0,88.7,33.7,100,68.9,58.6,1451
,,CC(=O)O[C@]1(C(C)=O)CC[C@H]2[C@@H]3C[C@H](C)C4=CC(=O)CC[C@]4(C)[C@H]3CC[C@@]21C(C)C,AR,sensitive,scout2,,414.6,5.29,0.589,3.8,91.8,0.005445,0.00081675,r_group,41.7,72.0,91.8,8.2,100,68.9,58.6,1452
,,CC(=O)O[C@]1(C(C)=O)CC[C@H]2[C@@H]3C[C@H](C)C4=CC(=O)CC[C@]4(C(C)C)[C@H]3CC[C@@]21C,AR,sensitive,scout2,,414.6,5.29,0.589,3.8,91.8,0.005445,0.00081675,r_group,41.7,72.0,91.8,8.2,100,68.9,58.6,1453
CHEMBL215525,CHEMBL215525,CN(C)c1cccc(-c2ccc([C@@H](O)[C@H]3[C@@H](c4ccccc4)CC(=O)N3C)s2)c1,KRAS,escape_route,scout1,150.0,0.0,0.0,0.677,3.55,100.0,0.001824,0.002736,database_search,30.4,68.0,100.0,32.8,80,71.7,58.6,1454
,,CC(=O)[C@@]1(OC(=O)C(C)C)CC[C@H]2[C@@H]3C[C@H](C)C4=CC(=O)CC[C@]4(C)[C@H]3CC[C@@]21C,AR,sensitive,scout2,,414.6,5.29,0.589,3.8,91.8,0.005445,0.00081675,r_group,41.7,72.0,91.8,8.2,100,68.9,58.6,1455
,,CC(=O)O[C@]1(C(C)=O)CC[C@H]2[C@@H]3C[C@@H](C(C)C)C4=CC(=O)CC[C@]4(C)[C@H]3CC[C@@]21C,AR,sensitive,scout2,,414.6,5.29,0.589,3.8,91.8,0.005445,0.00081675,r_group,41.7,72.0,91.8,8.2,100,68.9,58.6,1456
,,CN(C)CCOc1ccoc1.O/N=C1\CCc2cc(-c3[nH]cnc3-c3ccncc3)ccc21,BRAF,escape_route,scout2,,445.5,4.48,0.335,4.1,96.7,0.00167,0.002505,bioisostere,27.8,72.0,96.7,30.1,100,65.6,58.5,1457
CHEMBL4867202,CHEMBL4867202,COc1cccc(Cc2cn(C)nc2-c2cc(Cl)nc(N)n2)c1,EZH2,resistant,scout1,351.0,0.0,0.0,0.744,2.57,100.0,0.000727,0.003637,database_search,29.1,64.9,100.0,36.4,80,82.6,58.5,1458
,,CC(=O)[C@@]1(OC(C)=S)CC[C@H]2[C@@H]3C[C@H](C)C4=CC(=O)CC[C@]4(C)[C@H]3CC[C@@]21C,AR,sensitive,scout2,,402.6,5.46,0.576,3.5,91.5,0.00538,0.000807,bioisostere,41.2,72.0,91.5,8.1,100,72.2,58.5,1459
CHEMBL406237,CHEMBL406237,COC[C@H]1OC(=O)/C(=C/N2CCN(Cc3ccccc3)CC2)C2=C(O)C(=O)C3=C([C@H](OC(C)=O)C[C@]4(C)[C@@H](O)CC[C@@H]34)[C@]21C,PIK3CA,escape_route,scout1,87.0,0.0,0.0,0.369,4.76,87.4,0.00206,0.003091,database_search,34.3,73.0,87.4,37.1,80,58.2,58.5,1460
,,CN(C)CCOc1ccncc1.O/N=C1\CCc2cc(-c3[nH]cnc3-c3ccncc3)ccc21,BRAF,escape_route,scout2,,456.6,4.29,0.332,4.2,96.6,0.0016640000000000003,0.0024960000000000004,bioisostere,27.7,72.0,96.6,30.0,100,64.4,58.4,1461
CHEMBL247424,CHEMBL247424,O=C(Nc1ccc2c(c1)OC(F)(F)O2)c1ccccc1NCc1ccnc(NCCCn2ccnc2)c1,BRAF,escape_route,scout1,101.0,0.0,0.0,0.261,2.74,85.2,0.001996,0.002994,database_search,33.3,71.9,85.2,35.9,80,80.7,58.4,1462
CHEMBL27684,CHEMBL27684,O=C1c2cccc3c2c(cc2ccoc23)C(=O)N1CCNCCCNCCN1C(=O)c2cccc3c2c(cc2ccoc23)C1=O,MAP2K1,sensitive,scout1,44.0,0.0,0.0,0.167,3.19,83.3,0.005891,0.000884,database_search,45.2,76.5,83.3,8.8,80,75.7,58.4,1463
,,C.COc1cc2cc(C(=O)N3C[C@H]4C[C@@]45C3=CC(=O)c3[nH]c(C)c(S(N)(=O)=O)c35)[nH]c2c(OC)c1OC,MAP2K1,sensitive,scout2,,528.6,2.61,0.459,4.6,79.2,0.004795000000000001,0.0007192500000000001,bioisostere,36.8,90.0,79.2,7.2,100,60.0,58.4,1464
,,CC1(C)CCC(n2c3cnccc3c3cnc(Oc4ccc(N5CCNCC5)cn4)nc32)CC1,CDK6,sensitive,scout2,,457.6,4.72,0.475,4.2,99.5,0.004875,0.00073125,bioisostere,37.4,72.0,99.5,7.3,100,64.4,58.4,1465
,,CCn1nnc2c(N3CCOCC3)nc(-c3ccc(NC(=O)Nc4ccoc4)cc3)nc21.CN1CCN(C=O)CC1,PIK3CB,escape_route,scout2,,562.6,2.37,0.336,5.1,76.7,0.0016720000000000003,0.0025080000000000002,bioisostere,27.9,90.0,76.7,30.1,100,54.4,58.4,1466
CHEMBL247591,CHEMBL247591,COCCCNc1cc(CNc2ccccc2C(=O)Nc2ccc3c(c2)OC(F)(F)O3)ccn1,BRAF,escape_route,scout1,156.0,0.0,0.0,0.369,2.56,97.4,0.001807,0.00271,database_search,30.1,67.5,97.4,32.5,80,82.7,58.4,1467
CHEMBL247797,CHEMBL247797,CNC(=O)Nc1ccc(CNc2c(C(=O)Nc3ccc(SC(F)(F)F)cc3)cnn2C)cn1,BRAF,escape_route,scout1,154.0,0.0,0.0,0.381,2.71,97.6,0.001812,0.002719,database_search,30.2,67.7,97.6,32.6,80,81.0,58.4,1468
,,CNc1c(OC)c(OC)cc2cc(C(=O)N3CC(C)C4C3=CC(=O)c3[nH]c(C(=O)OC)cc34)[nH]c12,MAP2K1,sensitive,scout2,,478.5,3.3,0.481,4.4,99.6,0.004905,0.00073575,bioisostere,37.6,72.0,99.6,7.4,100,62.2,58.4,1469
,,CNc1c(OC)cc2cc(C(=O)N3CC(C)C4C3=CC(=O)c3[nH]c(C(=O)OC)cc34)[nH]c2c1OC,MAP2K1,sensitive,scout2,,478.5,3.3,0.481,4.4,99.6,0.004905,0.00073575,bioisostere,37.6,72.0,99.6,7.4,100,62.2,58.4,1470
,,CNc1cc2cc(C(=O)N3CC(C)C4C3=CC(=O)c3[nH]c(C(=O)OC)cc34)[nH]c2c(OC)c1OC,MAP2K1,sensitive,scout2,,478.5,3.3,0.481,4.4,99.6,0.004905,0.00073575,bioisostere,37.6,72.0,99.6,7.4,100,62.2,58.4,1471
,,CCn1nnc2c(N3CCOCC3)nc(-c3ccc(NC(=O)Nc4ccncc4)cc3)nc21.CN1CCN(C=O)CC1,PIK3CB,escape_route,scout2,,573.7,2.17,0.329,5.2,76.6,0.0016580000000000002,0.002487,bioisostere,27.6,90.0,76.6,29.8,100,53.3,58.3,1472
,,CCn1nnc2c(N3CCOCC3)nc(-c3cc[nH]c3)nc21.CN1CCN(C(=O)c2ccc(NC(N)=O)cc2)CC1,PIK3CB,escape_route,scout2,,561.7,1.64,0.329,5.1,76.6,0.0016580000000000002,0.002487,bioisostere,27.6,90.0,76.6,29.8,100,54.4,58.3,1473
CHEMBL247792,CHEMBL247792,O=C(Nc1ccc2c(c1)OC(F)(F)O2)c1ccccc1NCc1ccnc(NCCc2cnc[nH]2)c1,BRAF,escape_route,scout1,146.0,0.0,0.0,0.269,2.75,95.4,0.001836,0.002753,database_search,30.6,68.3,95.4,33.0,80,80.6,58.3,1474
CHEMBL1084546,CHEMBL1084546,CN(c1ncccc1CNc1nc(Nc2ccc3c(c2)CC(=O)N3)ncc1C(F)(F)F)S(C)(=O)=O,CDK4,sensitive,scout1,63.1,0.0,0.0,0.445,2.91,88.9,0.0055,0.000825,database_search,42.2,75.0,88.9,8.2,80,78.8,58.3,1475
,,CC1(F)CCC(n2c3cnccc3c3cnc(Nc4ccc(N5CCNCC5)cn4)nc32)CC1,CDK6,sensitive,scout2,,460.6,4.37,0.468,4.2,99.4,0.00484,0.000726,r_group,37.1,72.0,99.4,7.3,100,64.4,58.3,1476
CHEMBL174395,CHEMBL174395,CCC(C(=O)NC(CC(=O)O)C(=O)CNC(C)=O)n1cccc(NC(=O)c2ccc3ccccc3c2)c1=O,CD274,immune,scout1,117.0,0.0,0.0,0.3,3.34,76.0,0.002415,0.002415,database_search,32.2,88.3,76.0,24.2,80,74.0,58.3,1477
CHEMBL384404,CHEMBL384404,CN1C(=O)C[C@H](c2ccccc2)[C@@H]1[C@H](O)c1ccc(S(=O)(=O)c2ccccc2)s1,KRAS,escape_route,scout1,160.0,0.0,0.0,0.675,3.51,100.0,0.001796,0.002694,database_search,29.9,67.2,100.0,32.3,80,72.1,58.2,1478
,,CNc1cc2cc(C(=O)N3C[C@H]4C[C@@]45C3=CC(=O)c3[nH]c(C)c(C(=O)OC)c35)[nH]c2c(OC)c1OC,MAP2K1,sensitive,scout2,,490.5,3.14,0.469,4.5,99.4,0.004845,0.0007267500000000001,bioisostere,37.1,72.0,99.4,7.3,100,61.1,58.2,1479
CHEMBL384575,CHEMBL384575,CO[C@H](C(=O)N1Cc2[nH]nc(NC(=O)c3ccc(N4CCN(C)CC4)cc3)c2C1)c1ccccc1,AURKA,resistant,scout1,354.0,0.0,0.0,0.571,3.02,100.0,0.000725,0.003627,database_search,29.0,64.6,100.0,36.3,80,77.6,58.2,1480
,,CNc1c(OC)cc2cc(C(=O)N3C[C@H]4C[C@@]45C3=CC(=O)c3[nH]c(C)c(C(=O)OC)c35)[nH]c2c1OC,MAP2K1,sensitive,scout2,,490.5,3.14,0.469,4.5,99.4,0.004845,0.0007267500000000001,bioisostere,37.1,72.0,99.4,7.3,100,61.1,58.2,1481
,,CNc1c(OC)c(OC)cc2cc(C(=O)N3C[C@H]4C[C@@]45C3=CC(=O)c3[nH]c(C)c(C(=O)OC)c35)[nH]c12,MAP2K1,sensitive,scout2,,490.5,3.14,0.469,4.5,99.4,0.004845,0.0007267500000000001,bioisostere,37.1,72.0,99.4,7.3,100,61.1,58.2,1482
,,CC1(C#N)CCC(n2c3cnccc3c3cnc(Nc4ccc(N5CCNCC5)cn4)nc32)CC1,CDK6,sensitive,scout2,,467.6,4.17,0.46,4.4,99.2,0.0048,0.0007199999999999999,r_group,36.8,72.0,99.2,7.2,100,62.2,58.1,1483
,,COC(=O)N1CCC(n2ncc3c(N4CCOCC4)nc(-c4ccoc4)nc32)CC1.NC(=O)Nc1ccc(CO)cc1,MTOR,escape_route,scout2,,578.6,3.0,0.319,5.2,76.4,0.001638,0.0024569999999999995,bioisostere,27.3,90.0,76.4,29.5,100,53.3,58.1,1484
,,CN(C)CCOc1ccsc1.O/N=C1\CCc2cc(-c3[nH]cnc3-c3ccncc3)ccc21,BRAF,escape_route,scout2,,461.6,4.95,0.313,4.1,96.3,0.001626,0.0024389999999999998,bioisostere,27.1,72.0,96.3,29.3,100,65.6,58.1,1485
,,FC(F)(F)N=C1CCc2cc(-c3[nH]c(-c4ccccc4)nc3-c3ccncc3)ccc21,BRAF,escape_route,scout2,,418.4,6.06,0.411,3.9,88.2,0.001822,0.0027329999999999998,r_group,30.4,72.0,88.2,32.8,100,67.8,58.1,1486
,,CN1CCN(c2ccc(Nc3ncc4c5ccncc5n(C5CCCC5)c4n3)nc2)CC1.CNC,CDK6,sensitive,scout2,,473.6,3.82,0.463,4.4,99.3,0.004815000000000001,0.0007222500000000001,bioisostere,36.9,72.0,99.3,7.2,100,62.2,58.1,1487
CHEMBL3698685,CHEMBL3698685,O=C(c1cnc(Nc2ncc3c4ccncc4n(C4CCCC4)c3n2)s1)N1CCNCC1,CDK6,sensitive,scout1,112.0,0.0,0.0,0.494,2.93,99.9,0.004877,0.000732,database_search,37.4,71.0,99.9,7.3,80,78.6,58.0,1488
CHEMBL205415,CHEMBL205415,N[C@@H](Cc1c[nH]c2ccccc12)C(=O)Nc1cncc(/C=C/c2ccncc2)c1,AKT1,escape_route,scout1,278.0,0.0,0.0,0.474,2.89,100.0,0.001556,0.002334,database_search,25.9,72.2,100.0,28.0,80,79.0,58.0,1489
,,CN(C)CCOc1cc[nH]c1.O/N=C1\CCc2cc(-c3[nH]cnc3-c3ccncc3)ccc21,BRAF,escape_route,scout2,,444.5,4.22,0.305,4.1,96.1,0.00161,0.002415,bioisostere,26.8,72.0,96.1,29.0,100,65.6,57.9,1490
,,COC1(C)CCC(n2c3cnccc3c3cnc(Nc4ccc(N5CCNCC5)cn4)nc32)CC1,CDK6,sensitive,scout2,,472.6,4.05,0.449,4.4,99.0,0.004745,0.00071175,r_group,36.4,72.0,99.0,7.1,100,62.2,57.9,1491
,,COC(=O)N1CCC(n2ncc3c(N4CCOCC4)nc(-c4ccncc4)nc32)CC1.NC(=O)Nc1ccc(CO)cc1,MTOR,escape_route,scout2,,589.7,2.8,0.314,5.4,76.3,0.0016280000000000003,0.002442,bioisostere,27.1,90.0,76.3,29.3,100,51.1,57.9,1492
,,N#C[C@H](COc1cncc(-c2ccc3cnccc3c2)c1)Cc1c[nH]c2ccccc12,AKT1,escape_route,scout2,,404.5,5.54,0.403,3.9,88.1,0.001806,0.002709,r_group,30.1,72.0,88.1,32.5,100,67.8,57.9,1493
,,S=C1CNCCN1Cc1ccc(Nc2ncc3c4ccncc4n(C4CCCC4)c3n2)nc1,CDK6,sensitive,scout2,,458.6,3.97,0.435,4.1,98.7,0.004675,0.00070125,bioisostere,35.8,72.0,98.7,7.0,100,65.6,57.8,1494
,,CCn1nnc2c(N3CCOCC3)nc(-c3ccc(NC(=O)Nc4cc[nH]c4)cc3)nc21.CN1CCN(C=O)CC1,PIK3CB,escape_route,scout2,,561.7,2.11,0.301,5.1,76.0,0.0016020000000000001,0.0024029999999999998,bioisostere,26.7,90.0,76.0,28.8,100,54.4,57.8,1495
,,C.NS(=O)(=O)N1CCC(n2ncc3c(N4CCOCC4)nc(-c4ccc(NC(=O)Nc5ccncc5)cc4)nc32)CC1,MTOR,escape_route,scout2,,594.7,2.85,0.303,5.2,76.1,0.0016059999999999998,0.0024089999999999997,bioisostere,26.8,90.0,76.1,28.9,100,53.3,57.8,1496
CHEMBL383254,CHEMBL383254,NCC(c1ccccc1)c1cncc(/C=C/c2ccncc2)c1,AKT1,escape_route,scout1,284.0,0.0,0.0,0.781,2.83,100.0,0.001547,0.00232,database_search,25.8,71.6,100.0,27.8,80,79.7,57.8,1497
CHEMBL220343,CHEMBL220343,O=C(NCc1cccnc1)c1cc(-c2[nH]ncc2-c2cccc(Cl)c2)c[nH]1,MAPK1,sensitive,scout1,230.0,0.0,0.0,0.49,2.48,100.0,0.004096,0.000614,database_search,31.4,77.0,100.0,6.1,80,83.6,57.8,1498
CHEMBL27413,CHEMBL27413,CCC1CCN(C)c2cc3c(cc21)c(C(F)(F)F)cc(=O)n3C,AR,sensitive,scout1,216.0,0.0,0.0,0.795,3.28,100.0,0.004164,0.000625,database_search,31.9,78.4,100.0,6.2,80,74.7,57.8,1499
,,C.NS(=O)(=O)N1CCC(n2ncc3c(N4CCOCC4)nc(-c4ccc(NC(=O)Nc5cccnc5)cc4)nc32)CC1,MTOR,escape_route,scout2,,594.7,2.85,0.303,5.2,76.1,0.0016059999999999998,0.0024089999999999997,bioisostere,26.8,90.0,76.1,28.9,100,53.3,57.8,1500
CHEMBL382914,CHEMBL382914,CCNc1cc(/C=C/c2cncc(OC[C@@H](N)Cc3c[nH]c4ccccc34)c2)ccn1,AKT1,escape_route,scout1,163.0,0.0,0.0,0.376,3.13,97.5,0.001788,0.002682,database_search,29.8,67.0,97.5,32.2,80,76.3,57.8,1501
,,CC1(N)CCC(n2c3cnccc3c3cnc(Nc4ccc(N5CCNCC5)cn4)nc32)CC1,CDK6,sensitive,scout2,,457.6,3.36,0.428,4.2,98.6,0.00464,0.000696,r_group,35.6,72.0,98.6,7.0,100,64.4,57.7,1502
,,CN(C)C1(C)CCC(n2c3cnccc3c3cnc(Nc4ccc(N5CCNCC5)cn4)nc32)CC1,CDK6,sensitive,scout2,,485.6,3.96,0.439,4.5,98.8,0.004695,0.00070425,r_group,36.0,72.0,98.8,7.0,100,61.1,57.7,1503
CHEMBL424850,CHEMBL424850,COc1cc2c(Nc3ncc(CC(=O)NCCC(C)C)s3)ncnc2cc1OCCCN1CCOCC1,AURKA,resistant,scout1,158.0,0.0,0.0,0.321,2.74,76.4,0.000901,0.004503,database_search,36.0,67.4,76.4,45.0,80,80.7,57.7,1504
,,CO[C@H](COc1cncc(-c2ccc3cnccc3c2)c1)Cc1c[nH]c2ccccc12,AKT1,escape_route,scout2,,409.5,5.41,0.39,3.9,87.8,0.0017800000000000001,0.00267,r_group,29.7,72.0,87.8,32.0,100,67.8,57.7,1505
,,CC1(O)CCC(n2c3cnccc3c3cnc(Nc4ccc(N5CCNCC5)cn4)nc32)CC1,CDK6,sensitive,scout2,,458.6,3.39,0.428,4.2,98.6,0.00464,0.000696,r_group,35.6,72.0,98.6,7.0,100,64.4,57.7,1506
CHEMBL366506,CHEMBL366506,CCCCCC(=O)NCC(=O)C(CC(=O)O)NC(=O)C(CC)n1cccc(NC(=O)c2ccc3ccccc3c2)c1=O,CD274,immune,scout1,34.3,0.0,0.0,0.201,3.4,69.0,0.003081,0.003081,database_search,41.1,77.3,69.0,30.8,80,73.3,57.7,1507
CHEMBL1966204,CHEMBL1966204,O=C(Nc1n[nH]c2ccc(-c3cn(Cc4ccccc4)nn3)cc12)c1ccc(F)cc1,CDK4,sensitive,scout1,125.89,0.0,0.0,0.451,2.28,99.0,0.00475,0.000713,database_search,36.4,69.9,99.0,7.1,80,85.8,57.6,1508
CHEMBL1766801,CHEMBL1766801,CS(=O)(=O)c1ccc(-c2cnc(N)c(-c3nc4ccccc4[nH]3)n2)cc1,ATM,resistant,scout1,380.0,0.0,0.0,0.577,2.31,100.0,0.00071,0.003551,database_search,28.4,62.0,100.0,35.5,80,85.4,57.6,1509
CHEMBL77475,CHEMBL77475,CC(=O)N(C)[C@@H](Cc1ccc(O)cc1)C(=O)N[C@H](C(=O)N[C@@H](C)C(=O)N[C@H](C=O)CC(=O)O)C(C)C,CD274,immune,scout1,120.0,0.0,0.0,0.224,3.74,74.5,0.002401,0.002401,database_search,32.0,88.0,74.5,24.0,80,69.6,57.6,1510
,,CN(C)[C@H](COc1cncc(-c2ccc3cnccc3c2)c1)Cc1c[nH]c2ccccc12,AKT1,escape_route,scout2,,422.5,5.33,0.385,4.0,87.7,0.00177,0.002655,r_group,29.5,72.0,87.7,31.9,100,66.7,57.5,1511
,,CNCCN1CCN(c2ccc(Nc3ncc4c5ccncc5n(C5CCCC5)c4n3)nc2)CC1,CDK6,sensitive,scout2,,471.6,3.57,0.423,4.4,98.5,0.004615,0.00069225,bioisostere,35.4,72.0,98.5,6.9,100,62.2,57.5,1512
CHEMBL514046,CHEMBL514046,C[C@]12CC[C@@H]3c4ccc(O)cc4CC[C@H]3[C@@H]1CC[C@@]21CCC(=O)O1,KRAS,escape_route,scout1,270.0,0.0,0.0,0.722,4.37,100.0,0.001569,0.002353,database_search,26.1,73.0,100.0,28.2,80,62.6,57.5,1513
CHEMBL132363,CHEMBL132363,CC1=CC(C)(C)Nc2ccc3c(c21)/C(=C/c1ncccc1C)Oc1ccc(F)cc1-3,AR,sensitive,scout1,203.0,0.0,0.0,0.496,3.07,94.9,0.004231,0.000635,database_search,32.4,79.7,94.9,6.3,80,77.0,57.4,1514
,,COc1cc2cc(C(=O)N3C[C@H]4C[C@@]45C3=CC(=O)c3c5c(C(=O)SC)c(C)n3C)[nH]c2c(OC)c1OC,MAP2K1,sensitive,scout2,,521.6,3.84,0.544,4.6,90.9,0.005220000000000001,0.0007830000000000001,bioisostere,40.0,72.0,90.9,7.8,100,60.0,57.4,1515
CHEMBL31400,CHEMBL31400,O=C1c2cccc3cccc(c23)C(=O)N1CCNCCCNCCN1C(=O)c2cccc3cccc(c23)C1=O,MAP2K1,sensitive,scout1,70.0,0.0,0.0,0.246,2.45,84.9,0.005387,0.000808,database_search,41.3,74.4,84.9,8.1,80,83.9,57.4,1516
,,C.COc1cc2cc(C(=O)N3C[C@H]4C[C@@]45C3=CC(=O)c3c5c(C(N)=O)c(C)n3C)[nH]c2c(OC)c1OC,MAP2K1,sensitive,scout2,,506.6,3.07,0.547,4.6,90.9,0.005235000000000001,0.0007852500000000001,bioisostere,40.1,72.0,90.9,7.9,100,60.0,57.4,1517
,,CC1(Cl)CCC(n2c3cnccc3c3cnc(Nc4ccc(N5CCNCC5)cn4)nc32)CC1,CDK6,sensitive,scout2,,477.0,4.64,0.415,4.2,98.3,0.004575,0.00068625,r_group,35.1,72.0,98.3,6.9,100,64.4,57.4,1518
CHEMBL541133,CHEMBL541133,Cc1ccc([N+](=O)[O-])cc1S(=O)(=O)c1nc(-c2cnc3ccc(Cl)cn23)cs1.Cl,PIK3CB,escape_route,scout1,170.0,0.0,0.0,0.319,2.95,96.4,0.00177,0.002654,database_search,29.5,66.4,96.4,31.8,80,78.3,57.4,1519
,,O=C(O)[C@H](COc1cncc(-c2ccc3cnccc3c2)c1)Cc1c[nH]c2ccccc12,AKT1,escape_route,scout2,,423.5,5.1,0.38,4.0,87.6,0.0017600000000000003,0.00264,r_group,29.3,72.0,87.6,31.7,100,66.7,57.4,1520
,,CNC(=O)Nc1ccsc1.c1cncc(CN2CCC(n3ncc4c(N5CCOCC5)ncnc43)CC2)c1,MTOR,escape_route,scout2,,535.7,3.39,0.4,4.8,88.0,0.0018000000000000004,0.0027,bioisostere,30.0,72.0,88.0,32.4,100,57.8,57.3,1521
,,COc1cc2cc(C(=O)N3C[C@H]4C[C@@]45C3=CC(=O)c3[nH]c(C)c(C(=O)SC)c35)[nH]c2c(OC)c1OC,MAP2K1,sensitive,scout2,,507.6,3.83,0.54,4.5,90.8,0.005200000000000001,0.0007800000000000001,bioisostere,39.9,72.0,90.8,7.8,100,61.1,57.3,1522
CHEMBL98350,CHEMBL98350,O=c1cc(N2CCOCC2)oc2c(-c3ccccc3)cccc12,PIK3CB,escape_route,scout1,306.0,0.0,0.0,0.728,2.19,100.0,0.001514,0.002271,database_search,25.2,69.4,100.0,27.3,80,86.8,57.3,1523
,,N[C@H](CSc1cncc(-c2ccc3cnccc3c2)c1)Cc1c[nH]c2ccccc12,AKT1,escape_route,scout2,,410.5,5.44,0.366,3.8,87.3,0.001732,0.0025979999999999996,bioisostere,28.9,72.0,87.3,31.2,100,68.9,57.2,1524
,,CNC1(C)CCC(n2c3cnccc3c3cnc(Nc4ccc(N5CCNCC5)cn4)nc32)CC1,CDK6,sensitive,scout2,,471.6,3.62,0.406,4.4,98.1,0.00453,0.0006795,r_group,34.7,72.0,98.1,6.8,100,62.2,57.2,1525
CHEMBL467394,CHEMBL467394,CC1(C)CC(=O)c2sc(N3CCOc4ccc(-c5cn[nH]c5)cc43)nc2C1,PIK3CB,escape_route,scout1,298.0,0.0,0.0,0.721,3.0,100.0,0.001526,0.002289,database_search,25.4,70.2,100.0,27.5,80,77.8,57.2,1526
,,CSCCN1CCN(c2ccc(Nc3ncc4c5ccncc5n(C5CCCC5)c4n3)nc2)CC1,CDK6,sensitive,scout2,,488.7,4.72,0.401,4.4,98.0,0.004505,0.00067575,bioisostere,34.5,72.0,98.0,6.8,100,62.2,57.1,1527
CHEMBL388978,STAUROSPORINE,CN[C@@H]1C[C@H]2O[C@@](C)([C@@H]1OC)n1c3ccccc3c3c4c(c5c6ccccc6n2c5c31)C(=O)NC4,CDK4,sensitive,scout1,100.0,0.0,0.0,0.406,4.95,98.1,0.005,0.00075,database_search,38.3,72.0,98.1,7.5,80,56.1,57.1,1528
CHEMBL388978,STAUROSPORINE,CN[C@@H]1C[C@H]2O[C@@](C)([C@@H]1OC)n1c3ccccc3c3c4c(c5c6ccccc6n2c5c31)C(=O)NC4,CDK4,sensitive,scout1,100.0,0.0,0.0,0.406,4.95,98.1,0.005,0.00075,database_search,38.3,72.0,98.1,7.5,80,56.1,57.1,1529
CHEMBL388978,STAUROSPORINE,CN[C@@H]1C[C@H]2O[C@@](C)([C@@H]1OC)n1c3ccccc3c3c4c(c5c6ccccc6n2c5c31)C(=O)NC4,CDK4,sensitive,scout1,100.0,0.0,0.0,0.406,4.95,98.1,0.005,0.00075,database_search,38.3,72.0,98.1,7.5,80,56.1,57.1,1530
CHEMBL388978,STAUROSPORINE,CN[C@@H]1C[C@H]2O[C@@](C)([C@@H]1OC)n1c3ccccc3c3c4c(c5c6ccccc6n2c5c31)C(=O)NC4,CDK4,sensitive,scout1,100.0,0.0,0.0,0.406,4.95,98.1,0.005,0.00075,database_search,38.3,72.0,98.1,7.5,80,56.1,57.1,1531
CHEMBL388978,STAUROSPORINE,CN[C@@H]1C[C@H]2O[C@@](C)([C@@H]1OC)n1c3ccccc3c3c4c(c5c6ccccc6n2c5c31)C(=O)NC4,CDK4,sensitive,scout1,100.0,0.0,0.0,0.406,4.95,98.1,0.005,0.00075,database_search,38.3,72.0,98.1,7.5,80,56.1,57.1,1532
CHEMBL551440,CHEMBL551440,CNC(=O)Nc1ccc(-c2nc(N3CCOCC3)c3cnn(C4CCN(Cc5cccnc5)CC4)c3n2)cc1,PIK3CB,escape_route,scout1,141.0,0.0,0.0,0.393,2.72,87.9,0.001851,0.002776,database_search,30.8,68.7,87.9,33.3,80,80.9,57.1,1533
CHEMBL5219159,CHEMBL5219159,Cn1cc(Cc2cccc(Cl)c2)c(-c2cc(Cl)nc(N)n2)n1,EZH2,resistant,scout1,389.0,0.0,0.0,0.746,2.62,100.0,0.000705,0.003525,database_search,28.2,61.1,100.0,35.2,80,82.0,57.1,1534
CHEMBL388978,STAUROSPORINE,CN[C@@H]1C[C@H]2O[C@@](C)([C@@H]1OC)n1c3ccccc3c3c4c(c5c6ccccc6n2c5c31)C(=O)NC4,CDK4,sensitive,scout1,100.0,0.0,0.0,0.406,4.95,98.1,0.005,0.00075,database_search,38.3,72.0,98.1,7.5,80,56.1,57.1,1535
CHEMBL551440,CHEMBL551440,CNC(=O)Nc1ccc(-c2nc(N3CCOCC3)c3cnn(C4CCN(Cc5cccnc5)CC4)c3n2)cc1,PIK3CB,escape_route,scout1,141.0,0.0,0.0,0.393,2.72,87.9,0.001851,0.002776,database_search,30.8,68.7,87.9,33.3,80,80.9,57.1,1536
CHEMBL388978,STAUROSPORINE,CN[C@@H]1C[C@H]2O[C@@](C)([C@@H]1OC)n1c3ccccc3c3c4c(c5c6ccccc6n2c5c31)C(=O)NC4,CDK4,sensitive,scout1,100.0,0.0,0.0,0.406,4.95,98.1,0.005,0.00075,database_search,38.3,72.0,98.1,7.5,80,56.1,57.1,1537
CHEMBL439514,CHEMBL439514,CC(C)NC(=O)N1Cc2n[nH]c(NC(=O)c3ccc4c(c3)OCO4)c2C1,AURKA,resistant,scout1,390.0,0.0,0.0,0.776,2.8,100.0,0.000704,0.003522,database_search,28.2,61.0,100.0,35.2,80,80.0,57.0,1538
CHEMBL4874288,CHEMBL4874288,Cn1cc(Cc2cccc(F)c2)c(-c2cc(Cl)nc(N)n2)n1,EZH2,resistant,scout1,392.0,0.0,0.0,0.754,2.63,100.0,0.000703,0.003517,database_search,28.1,60.8,100.0,35.2,80,81.9,57.0,1539
,,COCCN1CCN(c2ccc(Oc3ncc4c5ccncc5n(C5CCCC5)c4n3)nc2)CC1,CDK6,sensitive,scout2,,473.6,4.05,0.398,4.4,98.0,0.00449,0.0006734999999999999,bioisostere,34.4,72.0,98.0,6.7,100,62.2,57.0,1540
,,CN[C@@H]1C[C@@H]2S[C@](C)([C@@H]1OC)n1c3ccccc3c3c4c(c5c6ccccc6n2c5c31)C(=O)NC4,AKT1,escape_route,scout2,,482.6,5.07,0.369,4.4,87.4,0.001738,0.002607,bioisostere,29.0,72.0,87.4,31.3,100,62.2,57.0,1541
,,CN[C@@H]1C[C@H]2O[C@@](C)([C@H]1SC)n1c3ccccc3c3c4c(c5c6ccccc6n2c5c31)C(=O)NC4,AKT1,escape_route,scout2,,482.6,5.07,0.369,4.4,87.4,0.001738,0.002607,bioisostere,29.0,72.0,87.4,31.3,100,62.2,57.0,1542
CHEMBL385543,CHEMBL385543,COc1ccccc1[C@H]1CC(=O)N(C)[C@H]1[C@H](O)c1ccc(S(=O)(=O)c2ccc(Cl)cc2)s1,KRAS,escape_route,scout1,190.0,0.0,0.0,0.556,3.62,100.0,0.001721,0.002582,database_search,28.7,64.8,100.0,31.0,80,70.9,57.0,1543
CHEMBL247434,CHEMBL247434,CNC(=O)c1cc(CNc2ncsc2C(=O)Nc2ccc3c(c2)OC(F)(F)C(F)(F)O3)ccn1,BRAF,escape_route,scout1,192.0,0.0,0.0,0.445,3.12,98.9,0.001717,0.002575,database_search,28.6,64.6,98.9,30.9,80,76.4,57.0,1544
,,Cl[C@H](COc1cncc(-c2ccc3cnccc3c2)c1)Cc1c[nH]c2ccccc12,AKT1,escape_route,scout2,,413.9,6.01,0.347,3.8,86.9,0.0016940000000000002,0.002541,r_group,28.2,72.0,86.9,30.5,100,68.9,56.9,1545
,,CC1(C(N)=O)CCC(n2c3cnccc3c3cnc(Nc4ccc(N5CCNCC5)cn4)nc32)CC1,CDK6,sensitive,scout2,,485.6,3.13,0.394,4.5,97.9,0.00447,0.0006705,r_group,34.3,72.0,97.9,6.7,100,61.1,56.9,1546
CHEMBL212754,CHEMBL212754,CN1C(=O)C[C@H](c2ccccc2)[C@@H]1[C@H](O)c1ccc(-c2cccnc2)s1,KRAS,escape_route,scout1,300.0,0.0,0.0,0.765,3.51,100.0,0.001523,0.002284,database_search,25.4,70.0,100.0,27.4,80,72.1,56.8,1547
,,CNC(=O)Nc1ccc(-c2nc(N3CCSCC3)c3cnn(C4CCN(Cc5cccnc5)CC4)c3n2)cc1,MTOR,escape_route,scout2,,543.7,4.03,0.376,4.9,87.5,0.001752,0.002628,bioisostere,29.2,72.0,87.5,31.5,100,56.7,56.8,1548
CHEMBL364812,CHEMBL364812,CN1C(=O)C[C@H](c2ccccc2)[C@@H]1[C@@H](O)C#Cc1ccccc1Cl,KRAS,escape_route,scout1,300.0,0.0,0.0,0.854,3.54,100.0,0.001523,0.002284,database_search,25.4,70.0,100.0,27.4,80,71.8,56.8,1549
,,CNc1cc2cc(C(=O)N3C[C@H]4C[C@@]45C3=CC(=O)c3c5c(C(=O)OC)c(C)n3C)[nH]c2c(OC)c1OC,MAP2K1,sensitive,scout2,,504.5,3.15,0.513,4.6,90.3,0.005064999999999999,0.0007597499999999999,bioisostere,38.8,72.0,90.3,7.6,100,60.0,56.8,1550
CHEMBL172040,CHEMBL172040,CCC(C(=O)N[C@@H](CC(=O)O)C(=O)CN(C)Cc1ccccc1)n1cccc(NC(=O)c2ccc3ccccc3c2)c1=O,CD274,immune,scout1,58.0,0.0,0.0,0.218,3.39,74.4,0.002796,0.002796,database_search,37.3,75.4,74.4,28.0,80,73.4,56.8,1551
,,CN[C@@H]1C[C@H]2O[C@@](C)([C@@H]1OC(C)C)n1c3ccccc3c3c4c(c5c6ccccc6n2c5c31)C(=O)NC4,AKT1,escape_route,scout2,,494.6,5.13,0.365,4.6,87.3,0.00173,0.0025949999999999997,r_group,28.8,72.0,87.3,31.1,100,60.0,56.8,1552
,,CNc1c(OC)cc2cc(C(=O)N3C[C@H]4C[C@@]45C3=CC(=O)c3c5c(C(=O)OC)c(C)n3C)[nH]c2c1OC,MAP2K1,sensitive,scout2,,504.5,3.15,0.513,4.6,90.3,0.005064999999999999,0.0007597499999999999,bioisostere,38.8,72.0,90.3,7.6,100,60.0,56.8,1553
CHEMBL2143829,CHEMBL2143829,COc1cc2ncnc(-n3nc(-c4ccccn4)nc3N)c2cc1OC,ATM,resistant,scout1,400.0,0.0,0.0,0.594,2.51,100.0,0.000699,0.003495,database_search,28.0,60.0,100.0,34.9,80,83.2,56.8,1554
CHEMBL110681,CHEMBL110681,CN(CC(=O)c1ccc2ccccc2c1)C(=O)CCn1c2c(c(=O)[nH]c1=O)CCCC2,PARP1,resistant,scout1,400.0,0.0,0.0,0.621,2.52,100.0,0.000699,0.003495,database_search,28.0,60.0,100.0,34.9,80,83.1,56.8,1555
,,CC1(S(N)(=O)=O)CCC(n2c3cnccc3c3cnc(Nc4ccc(N5CCNCC5)cn4)nc32)CC1,CDK6,sensitive,scout2,,521.7,2.69,0.361,4.6,77.2,0.004305,0.00064575,r_group,33.0,90.0,77.2,6.5,100,60.0,56.8,1556
,,CNc1c(OC)c(OC)cc2cc(C(=O)N3C[C@H]4C[C@@]45C3=CC(=O)c3c5c(C(=O)OC)c(C)n3C)[nH]c12,MAP2K1,sensitive,scout2,,504.5,3.15,0.513,4.6,90.3,0.005064999999999999,0.0007597499999999999,bioisostere,38.8,72.0,90.3,7.6,100,60.0,56.8,1557
,,CC1(C(=O)O)CCC(n2c3cnccc3c3cnc(Nc4ccc(N5CCNCC5)cn4)nc32)CC1,CDK6,sensitive,scout2,,486.6,3.73,0.387,4.5,97.7,0.004435000000000001,0.00066525,r_group,34.0,72.0,97.7,6.7,100,61.1,56.8,1558
,,CO[C@@H]1[C@H](NC(C)C)C[C@H]2O[C@]1(C)n1c3ccccc3c3c4c(c5c6ccccc6n2c5c31)C(=O)NC4,AKT1,escape_route,scout2,,494.6,5.13,0.365,4.6,87.3,0.00173,0.0025949999999999997,r_group,28.8,72.0,87.3,31.1,100,60.0,56.8,1559
CHEMBL4240977,CHEMBL4240977,CC(C)(C)c1ccc2c(c1)CCCN2S(=O)(=O)c1ccc(N2CCCC2=O)cc1,MDM2,sensitive,scout1,152.0,0.0,0.0,0.757,2.32,100.0,0.004545,0.000682,database_search,34.8,67.8,100.0,6.8,80,85.3,56.7,1560
,,CC[C@H](COc1cncc(-c2ccc3cnccc3c2)c1)Cc1c[nH]c2ccccc12,AKT1,escape_route,scout2,,407.5,6.43,0.338,3.9,86.8,0.0016760000000000002,0.002514,r_group,27.9,72.0,86.8,30.2,100,67.8,56.7,1561
CHEMBL324470,CHEMBL324470,CCCCC(C(=O)N[C@@H](CC(=O)O)C(=O)COc1ccccc1)n1cncc(NC(=O)c2cccc3ccccc23)c1=O,CD274,immune,scout1,46.0,0.0,0.0,0.201,3.41,69.0,0.002922,0.002922,database_search,39.0,76.3,69.0,29.2,80,73.2,56.6,1562
,,O=C(Nc1ccc(-c2nc(N3CCOCC3)c3cnn(C4CCN(C(=O)OF)CC4)c3n2)cc1)Nc1cccnc1,MTOR,escape_route,scout2,,561.6,4.03,0.37,5.1,87.4,0.00174,0.00261,r_group,29.0,72.0,87.4,31.3,100,54.4,56.6,1563
CHEMBL1213120,CHEMBL1213120,CC(C)n1nc(C#Cc2cccc(O)c2)c2c(N)ncnc21,PIK3CB,escape_route,scout1,316.0,0.0,0.0,0.671,2.91,100.0,0.0015,0.00225,database_search,25.0,68.4,100.0,27.0,80,78.8,56.6,1564
,,O=C(Nc1ccncc1)Nc1ccc(-c2nc(N3CCOCC3)c3cnn(C4CCN(C(=O)OF)CC4)c3n2)cc1,MTOR,escape_route,scout2,,561.6,4.03,0.37,5.1,87.4,0.00174,0.00261,r_group,29.0,72.0,87.4,31.3,100,54.4,56.6,1565
,,Cl.F.O=C(N[C@H](CO)c1ccoc1)c1cc(-c2n[nH]cc2-c2cccc(Cl)c2)c[nH]1,MAPK1,sensitive,scout2,,453.3,4.36,0.348,3.8,97.0,0.00424,0.000636,bioisostere,32.5,72.0,97.0,6.4,100,68.9,56.6,1566
,,Cl.O=C(N[C@H](CO)c1ccc(F)c(Cl)c1)c1cc(-c2n[nH]cc2-c2ccoc2)c[nH]1,MAPK1,sensitive,scout2,,451.3,4.34,0.35,3.8,97.0,0.00425,0.0006375,bioisostere,32.6,72.0,97.0,6.4,100,68.9,56.6,1567
,,CCOc1cc2cc(C(=O)N3C[C@H]4C[C@@]45C3=CC(=O)c3[nH]c(C)c(C(=O)OC)c35)[nH]c2c(OC)c1OC,MAP2K1,sensitive,scout2,,505.5,3.5,0.492,4.6,89.8,0.00496,0.000744,r_group,38.0,72.0,89.8,7.4,100,60.0,56.5,1568
CHEMBL379218,CHEMBL379218,Cc1n[nH]c2ccc(-c3cncc(OC[C@@H](N)Cc4ccccc4)c3)cc12,MAPK1,sensitive,scout1,260.0,0.0,0.0,0.548,2.83,100.0,0.003963,0.000594,database_search,30.4,74.0,100.0,5.9,80,79.7,56.5,1569
,,c1ccc2c(C[C@@H](COc3cncc(-c4ccc5cnccc5c4)c3)C3CC3)c[nH]c2c1,AKT1,escape_route,scout2,,419.5,6.43,0.331,4.0,86.6,0.001662,0.002493,r_group,27.7,72.0,86.6,29.9,100,66.7,56.5,1570
,,CCOC(=O)c1c(C)[nH]c2c1[C@@]13C[C@@H]1CN(C(=O)c1cc4cc(OC)c(OC)c(OC)c4[nH]1)C3=CC2=O,MAP2K1,sensitive,scout2,,505.5,3.5,0.492,4.6,89.8,0.00496,0.000744,r_group,38.0,72.0,89.8,7.4,100,60.0,56.5,1571
CHEMBL379218,CHEMBL379218,Cc1n[nH]c2ccc(-c3cncc(OC[C@@H](N)Cc4ccccc4)c3)cc12,MAPK1,sensitive,scout1,260.0,0.0,0.0,0.548,2.83,100.0,0.003963,0.000594,database_search,30.4,74.0,100.0,5.9,80,79.7,56.5,1572
,,COC(=O)c1cc2c([nH]1)C(=O)C=C1C2C(C2CC2)CN1C(=O)c1cc2cc(OC)c(OC)c(OC)c2[nH]1,MAP2K1,sensitive,scout2,,505.5,3.65,0.49,4.6,89.8,0.00495,0.0007425,r_group,38.0,72.0,89.8,7.4,100,60.0,56.5,1573
,,CCc1[nH]c2c(c1C(=O)OC)[C@@]13C[C@@H]1CN(C(=O)c1cc4cc(OC)c(OC)c(OC)c4[nH]1)C3=CC2=O,MAP2K1,sensitive,scout2,,505.5,3.36,0.493,4.6,89.9,0.004965,0.00074475,r_group,38.1,72.0,89.9,7.4,100,60.0,56.5,1574
,,CCOc1c(OC)c(OC)cc2cc(C(=O)N3C[C@H]4C[C@@]45C3=CC(=O)c3[nH]c(C)c(C(=O)OC)c35)[nH]c12,MAP2K1,sensitive,scout2,,505.5,3.5,0.492,4.6,89.8,0.00496,0.000744,r_group,38.0,72.0,89.8,7.4,100,60.0,56.5,1575
,,CCOc1c(OC)cc2cc(C(=O)N3C[C@H]4C[C@@]45C3=CC(=O)c3[nH]c(C)c(C(=O)OC)c35)[nH]c2c1OC,MAP2K1,sensitive,scout2,,505.5,3.5,0.492,4.6,89.8,0.00496,0.000744,r_group,38.0,72.0,89.8,7.4,100,60.0,56.5,1576
,,COC(=O)c1cc2c([nH]1)C(=O)C=C1C2C(C)CN1C(=O)c1cc2cc(OC)c(OC)c(OC(C)C)c2[nH]1,MAP2K1,sensitive,scout2,,507.5,4.04,0.483,4.6,89.7,0.004915,0.00073725,r_group,37.7,72.0,89.7,7.4,100,60.0,56.4,1577
,,COC(=O)c1cc2c([nH]1)C(=O)C=C1C2C(C)CN1C(=O)c1cc2cc(OC)c(OC)c(OC3CC3)c2[nH]1,MAP2K1,sensitive,scout2,,505.5,3.8,0.489,4.6,89.8,0.004945,0.0007417499999999999,r_group,37.9,72.0,89.8,7.4,100,60.0,56.4,1578
,,COc1cc2cc(C(=O)N3CC(C)C4C3=CC(=O)c3[nH]c(C(=O)OC5CC5)cc34)[nH]c2c(OC)c1OC,MAP2K1,sensitive,scout2,,505.5,3.8,0.489,4.6,89.8,0.004945,0.0007417499999999999,r_group,37.9,72.0,89.8,7.4,100,60.0,56.4,1579
CHEMBL205410,CHEMBL205410,N#Cc1cccc(C[C@H](N)COc2cncc(/C=C/c3ccncc3)c2)c1,AKT1,escape_route,scout1,320.0,0.0,0.0,0.701,2.99,100.0,0.001495,0.002242,database_search,24.9,68.0,100.0,26.9,80,77.9,56.4,1580
,,COC(=O)c1cc2c([nH]1)C(=O)C=C1C2C(C)CN1C(=O)c1cc2cc(OC)c(OC3CC3)c(OC)c2[nH]1,MAP2K1,sensitive,scout2,,505.5,3.8,0.489,4.6,89.8,0.004945,0.0007417499999999999,r_group,37.9,72.0,89.8,7.4,100,60.0,56.4,1581
,,COC(=O)c1cc2c([nH]1)C(=O)C=C1C2C(C)CN1C(=O)c1cc2cc(OC)c(OC(C)C)c(OC)c2[nH]1,MAP2K1,sensitive,scout2,,507.5,4.04,0.483,4.6,89.7,0.004915,0.00073725,r_group,37.7,72.0,89.7,7.4,100,60.0,56.4,1582
,,COC(=O)c1cc2c([nH]1)C(=O)C=C1C2C(C)CN1C(=O)c1cc2cc(OC3CC3)c(OC)c(OC)c2[nH]1,MAP2K1,sensitive,scout2,,505.5,3.8,0.489,4.6,89.8,0.004945,0.0007417499999999999,r_group,37.9,72.0,89.8,7.4,100,60.0,56.4,1583
,,COC(=O)c1cc2c([nH]1)C(=O)C=C1C2C(C(C)C)CN1C(=O)c1cc2cc(OC)c(OC)c(OC)c2[nH]1,MAP2K1,sensitive,scout2,,507.5,3.9,0.485,4.6,89.7,0.004925,0.0007387499999999999,r_group,37.8,72.0,89.7,7.4,100,60.0,56.4,1584
CHEMBL208652,CHEMBL208652,O=C1NC(=O)/C(=C/c2ccc(-c3ccccc3O)o2)S1,PIK3CA,escape_route,scout1,330.0,0.0,0.0,0.83,2.44,100.0,0.001481,0.002222,database_search,24.7,67.0,100.0,26.7,80,84.0,56.4,1585
,,COC(=O)c1cc2c([nH]1)C(=O)C=C1C2C(C)CN1C(=O)c1cc2cc(OC(C)C)c(OC)c(OC)c2[nH]1,MAP2K1,sensitive,scout2,,507.5,4.04,0.483,4.6,89.7,0.004915,0.00073725,r_group,37.7,72.0,89.7,7.4,100,60.0,56.4,1586
,,CNC(=S)Nc1ccc(-c2nc(N3CCOCC3)c3cnn(C4CCN(Cc5cccnc5)CC4)c3n2)cc1,MTOR,escape_route,scout2,,543.7,3.48,0.352,4.9,87.0,0.001704,0.0025559999999999997,bioisostere,28.4,72.0,87.0,30.7,100,56.7,56.4,1587
,,COc1cc2cc(C(=O)N3CC(C)C4C3=CC(=O)c3[nH]c(C(=O)OC(C)C)cc34)[nH]c2c(OC)c1OC,MAP2K1,sensitive,scout2,,507.5,4.04,0.483,4.6,89.7,0.004915,0.00073725,r_group,37.7,72.0,89.7,7.4,100,60.0,56.4,1588
,,Cl.F.O=C(N[C@H](CO)c1ccncc1)c1cc(-c2n[nH]cc2-c2cccc(Cl)c2)c[nH]1,MAPK1,sensitive,scout2,,464.3,4.16,0.344,3.9,96.9,0.00422,0.000633,bioisostere,32.4,72.0,96.9,6.3,100,67.8,56.4,1589
,,Cl.O=C(N[C@H](CO)c1ccc(F)c(Cl)c1)c1cc(-c2n[nH]cc2-c2ccncc2)c[nH]1,MAPK1,sensitive,scout2,,462.3,4.14,0.346,3.9,96.9,0.00423,0.0006345,bioisostere,32.4,72.0,96.9,6.3,100,67.8,56.4,1590
CHEMBL297089,CHEMBL297089,CCOC(=O)/C=C/[C@H](CCC(N)=O)NC(=O)[C@H](Cc1ccccc1)n1cccc(NC(=O)OCc2ccccc2)c1=O,MAP2K1,sensitive,scout1,33.0,0.0,0.0,0.197,3.49,68.9,0.006204,0.000931,database_search,47.6,77.4,68.9,9.3,80,72.3,56.4,1591
,,CN[C@@H]1C[C@H]2O[C@@](C(F)(F)F)([C@@H]1OC)n1c3ccccc3c3c4c(c5c6ccccc6n2c5c31)C(=O)NC4,AKT1,escape_route,scout2,,520.5,4.9,0.348,4.8,87.0,0.001696,0.002544,r_group,28.3,72.0,87.0,30.5,100,57.8,56.3,1592
,,O=C(Nc1ccncc1)Nc1ccc(-c2nc(N3CCOCC3)c3cnn(C4CCN(C(=O)OCl)CC4)c3n2)cc1,MTOR,escape_route,scout2,,578.0,4.3,0.355,5.1,87.1,0.0017100000000000001,0.002565,r_group,28.5,72.0,87.1,30.8,100,54.4,56.3,1593
CHEMBL267940,CHEMBL267940,C=CCC1Oc2cccc(C=C)c2-c2ccc3c(c21)C(C)=CC(C)(C)N3,AR,sensitive,scout1,239.0,0.0,0.0,0.633,3.67,97.7,0.004054,0.000608,database_search,31.1,76.1,97.7,6.1,80,70.3,56.3,1594
CHEMBL68215,CHEMBL68215,Oc1ccc(-c2[nH]c(-c3ccccc3)nc2-c2ccncc2)cc1,BRAF,escape_route,scout1,339.0,0.0,0.0,0.585,2.06,100.0,0.00147,0.002205,database_search,24.5,66.1,100.0,26.5,80,88.2,56.3,1595
,,O=C(Nc1ccc(-c2nc(N3CCOCC3)c3cnn(C4CCN(C(=O)OCl)CC4)c3n2)cc1)Nc1cccnc1,MTOR,escape_route,scout2,,578.0,4.3,0.355,5.1,87.1,0.0017100000000000001,0.002565,r_group,28.5,72.0,87.1,30.8,100,54.4,56.3,1596
CHEMBL205871,CHEMBL205871,N[C@H](COc1cncc(/C=C/c2ccncc2)c1)Cc1cccc2ccccc12,AKT1,escape_route,scout1,324.0,0.0,0.0,0.502,2.86,100.0,0.001489,0.002234,database_search,24.8,67.6,100.0,26.8,80,79.3,56.3,1597
,,Cl.F.O=C(N[C@H](CO)c1ccsc1)c1cc(-c2n[nH]cc2-c2cccc(Cl)c2)c[nH]1,MAPK1,sensitive,scout2,,469.4,4.82,0.326,3.8,96.5,0.00413,0.0006194999999999999,bioisostere,31.7,72.0,96.5,6.2,100,68.9,56.2,1598
,,COc1cc2cc(C(=O)N3C[C@H]4C[C@@]45C3=CC(=O)c3[nH]c(C)c(C(=O)OC4CC4)c35)[nH]c2c(OC)c1OC,MAP2K1,sensitive,scout2,,517.5,3.64,0.479,4.8,89.6,0.004895,0.00073425,r_group,37.5,72.0,89.6,7.3,100,57.8,56.2,1599
,,COC(=O)c1c(C)[nH]c2c1[C@@]13C[C@@H]1CN(C(=O)c1cc4cc(OC5CC5)c(OC)c(OC)c4[nH]1)C3=CC2=O,MAP2K1,sensitive,scout2,,517.5,3.64,0.479,4.8,89.6,0.004895,0.00073425,r_group,37.5,72.0,89.6,7.3,100,57.8,56.2,1600
,,Cl.O=C(N[C@H](CO)c1ccc(F)c(Cl)c1)c1cc(-c2n[nH]cc2-c2ccsc2)c[nH]1,MAPK1,sensitive,scout2,,467.4,4.81,0.328,3.8,96.6,0.0041400000000000005,0.000621,bioisostere,31.7,72.0,96.6,6.2,100,68.9,56.2,1601
,,NC[C@@H](NC(=O)c1cc(-c2n[nH]cc2-c2cccc(Cl)c2)c[nH]1)c1ccc(F)c(Cl)c1,MAPK1,sensitive,scout2,,458.3,4.95,0.329,3.9,96.6,0.004145,0.00062175,r_group,31.8,72.0,96.6,6.2,100,67.8,56.2,1602
,,COC(=O)c1c(C2CC2)[nH]c2c1[C@@]13C[C@@H]1CN(C(=O)c1cc4cc(OC)c(OC)c(OC)c4[nH]1)C3=CC2=O,MAP2K1,sensitive,scout2,,517.5,3.68,0.478,4.8,89.6,0.00489,0.0007335,r_group,37.5,72.0,89.6,7.3,100,57.8,56.2,1603
,,COC(=O)c1c(C)[nH]c2c1[C@@]13C[C@@H]1CN(C(=O)c1cc4cc(OC)c(OC5CC5)c(OC)c4[nH]1)C3=CC2=O,MAP2K1,sensitive,scout2,,517.5,3.64,0.479,4.8,89.6,0.004895,0.00073425,r_group,37.5,72.0,89.6,7.3,100,57.8,56.2,1604
,,FC(F)(F)[C@H](COc1cncc(-c2ccc3cnccc3c2)c1)Cc1c[nH]c2ccccc12,AKT1,escape_route,scout2,,447.5,6.58,0.32,4.1,86.4,0.0016400000000000002,0.00246,r_group,27.3,72.0,86.4,29.5,100,65.6,56.2,1605
,,CC(C)[C@H](COc1cncc(-c2ccc3cnccc3c2)c1)Cc1c[nH]c2ccccc12,AKT1,escape_route,scout2,,421.5,6.67,0.319,4.0,86.4,0.001638,0.0024569999999999995,r_group,27.3,72.0,86.4,29.5,100,66.7,56.2,1606
,,COC(=O)c1c(C)[nH]c2c1[C@@]13C[C@@H]1CN(C(=O)c1cc4cc(OC)c(OC)c(OC5CC5)c4[nH]1)C3=CC2=O,MAP2K1,sensitive,scout2,,517.5,3.64,0.479,4.8,89.6,0.004895,0.00073425,r_group,37.5,72.0,89.6,7.3,100,57.8,56.2,1607
,,CCOC(=O)N1CCC(n2ncc3c(N4CCOCC4)nc(-c4ccc(NC(=O)Nc5ccncc5)cc4)nc32)CC1,MTOR,escape_route,scout2,,571.6,4.16,0.349,5.2,87.0,0.0016979999999999999,0.002547,r_group,28.3,72.0,87.0,30.6,100,53.3,56.1,1608
,,CCOC(=O)N1CCC(n2ncc3c(N4CCOCC4)nc(-c4ccc(NC(=O)Nc5cccnc5)cc4)nc32)CC1,MTOR,escape_route,scout2,,571.6,4.16,0.349,5.2,87.0,0.0016979999999999999,0.002547,r_group,28.3,72.0,87.0,30.6,100,53.3,56.1,1609
,,Cl.O=C(O)COC1CCCCC1Cn1nc(-c2ccccc2)c(Cc2ccoc2)c1C(=O)O.OCO,CHEK2,resistant,scout2,,523.0,3.44,0.309,4.5,71.2,0.000809,0.004045,bioisostere,32.4,72.0,71.2,40.4,100,61.1,56.1,1610
,,COc1cc2cc(C(=O)N3C[C@H]4C[C@@]45C3=CC(=O)c3[nH]c(C)c(C(=O)OC(C)C)c35)[nH]c2c(OC)c1OC,MAP2K1,sensitive,scout2,,519.6,3.89,0.474,4.8,89.5,0.00487,0.0007305,r_group,37.3,72.0,89.5,7.3,100,57.8,56.1,1611
CHEMBL215897,CHEMBL215897,Cc1cc(-c2ccccc2)c([C@@H](O)[C@H]2[C@@H](c3ccccc3)CC(=O)N2C)s1,KRAS,escape_route,scout1,320.0,0.0,0.0,0.711,3.49,100.0,0.001495,0.002242,database_search,24.9,68.0,100.0,26.9,80,72.3,56.1,1612
,,CC1(C)CCC(n2c3cnccc3c3cnc(Nc4ccc(N5CCOCC5)cn4)nc32)CC1,CDK6,sensitive,scout2,,457.6,5.1,0.457,4.2,89.1,0.004785,0.00071775,bioisostere,36.7,72.0,89.1,7.2,100,64.4,56.1,1613
,,COC(=O)c1c(C)[nH]c2c1[C@@]13C[C@@H]1CN(C(=O)c1cc4cc(OC)c(OC(C)C)c(OC)c4[nH]1)C3=CC2=O,MAP2K1,sensitive,scout2,,519.6,3.89,0.474,4.8,89.5,0.00487,0.0007305,r_group,37.3,72.0,89.5,7.3,100,57.8,56.1,1614
CHEMBL188755,CHEMBL188755,CN1C(=O)C[C@H](c2ccccc2)[C@@H]1[C@@H](O)C#Cc1ccccc1F,KRAS,escape_route,scout1,320.0,0.0,0.0,0.863,3.53,100.0,0.001495,0.002242,database_search,24.9,68.0,100.0,26.9,80,71.9,56.1,1615
,,COC(=O)c1c(C)[nH]c2c1[C@@]13C[C@@H]1CN(C(=O)c1cc4cc(OC(C)C)c(OC)c(OC)c4[nH]1)C3=CC2=O,MAP2K1,sensitive,scout2,,519.6,3.89,0.474,4.8,89.5,0.00487,0.0007305,r_group,37.3,72.0,89.5,7.3,100,57.8,56.1,1616
,,COC(=O)c1c(C(C)C)[nH]c2c1[C@@]13C[C@@H]1CN(C(=O)c1cc4cc(OC)c(OC)c(OC)c4[nH]1)C3=CC2=O,MAP2K1,sensitive,scout2,,519.6,3.93,0.473,4.8,89.5,0.004865,0.00072975,r_group,37.3,72.0,89.5,7.3,100,57.8,56.1,1617
,,COC(=O)c1c(C)[nH]c2c1[C@@]13C[C@@H]1CN(C(=O)c1cc4cc(OC)c(OC)c(OC(C)C)c4[nH]1)C3=CC2=O,MAP2K1,sensitive,scout2,,519.6,3.89,0.474,4.8,89.5,0.00487,0.0007305,r_group,37.3,72.0,89.5,7.3,100,57.8,56.1,1618
CHEMBL467395,CHEMBL467395,Cc1nc(-c2ccc3c(c2)N(c2nc4c(s2)C(=O)NC(C)(C)C4)CCO3)c[nH]1,PIK3CB,escape_route,scout1,325.0,0.0,0.0,0.695,3.32,100.0,0.001488,0.002232,database_search,24.8,67.5,100.0,26.8,80,74.2,56.0,1619
CHEMBL206732,CHEMBL206732,N[C@H](CNc1cncc(Oc2cccc3cnccc23)c1)Cc1c[nH]c2ccccc12,AKT1,escape_route,scout1,210.0,0.0,0.0,0.356,2.97,97.1,0.001678,0.002517,database_search,28.0,63.2,97.1,30.2,80,78.1,56.0,1620
CHEMBL381610,CHEMBL381610,N[C@H](COc1cncc(/C=C/c2ccnc(NCc3ccccc3)c2)c1)Cc1c[nH]c2ccccc12,AKT1,escape_route,scout1,147.0,0.0,0.0,0.241,3.08,84.8,0.001833,0.002749,database_search,30.5,68.2,84.8,33.0,80,76.9,56.0,1621
,,c1ccc2c(c1)c1cnc(Oc3ccc(N4CCNCC4)cn3)nc1n2C1CCCCCC1,CDK6,sensitive,scout2,,442.6,5.08,0.445,4.1,88.9,0.004725,0.00070875,bioisostere,36.2,72.0,88.9,7.1,100,65.6,56.0,1622
,,O=C(Nc1ccc(-c2nc(N3CCOCC3)c3cnn(C4CCN(C(=O)OC5CC5)CC4)c3n2)cc1)Nc1cccnc1,MTOR,escape_route,scout2,,583.7,4.3,0.34,5.4,86.8,0.0016800000000000003,0.00252,r_group,28.0,72.0,86.8,30.2,100,51.1,55.9,1623
,,O=C(Nc1ccncc1)Nc1ccc(-c2nc(N3CCOCC3)c3cnn(C4CCN(C(=O)OC5CC5)CC4)c3n2)cc1,MTOR,escape_route,scout2,,583.7,4.3,0.34,5.4,86.8,0.0016800000000000003,0.00252,r_group,28.0,72.0,86.8,30.2,100,51.1,55.9,1624
CHEMBL504616,CHEMBL504616,Cn1cc(-c2ccc3c(c2)N(c2nc4c(s2)C(=O)CC(C)(C)C4)CCO3)cn1,PIK3CB,escape_route,scout1,336.0,0.0,0.0,0.651,2.92,100.0,0.001474,0.00221,database_search,24.6,66.4,100.0,26.5,80,78.7,55.9,1625
,,Cl.O=C(O)COC1CCCCC1Cn1nc(-c2ccccc2)c(Cc2ccsc2)c1C(=O)O.OCO,CHEK2,resistant,scout2,,539.1,3.91,0.3,4.5,71.0,0.0008,0.004,bioisostere,32.0,72.0,71.0,40.0,100,61.1,55.9,1626
,,Cl.O=C(O)COC1CCCCC1Cn1nc(-c2ccccc2)c(Cc2ccncc2)c1C(=O)O.OCO,CHEK2,resistant,scout2,,534.0,3.24,0.303,4.6,71.1,0.0008029999999999999,0.0040149999999999995,bioisostere,32.1,72.0,71.1,40.1,100,60.0,55.9,1627
CHEMBL371270,CHEMBL371270,COc1ccc2c(c1)Oc1ncnc(Nc3cnc(NC(=O)c4cccc(F)c4)nc3)c1NC2,AURKA,resistant,scout1,320.0,0.0,0.0,0.404,2.87,98.1,0.000747,0.003737,database_search,29.9,54.4,98.1,37.4,80,79.2,55.8,1628
CHEMBL393525,CHEMBL393525,Cc1ccc([N+](=O)[O-])cc1S(=O)(=O)N(C)/N=C/c1cnc2ccc(Br)cn12,PIK3CB,escape_route,scout1,340.0,0.0,0.0,0.336,2.89,100.0,0.001469,0.002203,database_search,24.5,66.0,100.0,26.4,80,79.0,55.8,1629
CHEMBL393525,CHEMBL393525,Cc1ccc([N+](=O)[O-])cc1S(=O)(=O)N(C)/N=C/c1cnc2ccc(Br)cn12,PIK3CB,escape_route,scout1,340.0,0.0,0.0,0.336,2.89,100.0,0.001469,0.002203,database_search,24.5,66.0,100.0,26.4,80,79.0,55.8,1630
CHEMBL209159,CHEMBL209159,O=C1NC(=O)/C(=C/c2ccc(-c3cc(F)cc(F)c3O)s2)S1,PIK3CA,escape_route,scout1,340.0,0.0,0.0,0.819,2.83,100.0,0.001469,0.002203,database_search,24.5,66.0,100.0,26.4,80,79.7,55.8,1631
,,Cl.O=C(N[C@H](CO)c1ccc(F)c(Cl)c1)c1cc(-c2n[nH]cc2-c2cc[nH]c2)c[nH]1,MAPK1,sensitive,scout2,,450.3,4.08,0.305,3.8,96.1,0.004025,0.00060375,bioisostere,30.9,72.0,96.1,6.0,100,68.9,55.8,1632
CHEMBL1204095,CHEMBL1204095,COc1ccc(O)c(C(=O)c2ccc(/C=C/[C@@H]3CCCNC[C@H]3NC(=O)c3ccncc3)cc2)c1F.Cl,AKT1,escape_route,scout1,160.0,0.0,0.0,0.395,3.59,87.9,0.001796,0.002694,database_search,29.9,67.2,87.9,32.3,80,71.2,55.8,1633
,,Cl.F.O=C(N[C@H](CO)c1cc[nH]c1)c1cc(-c2n[nH]cc2-c2cccc(Cl)c2)c[nH]1,MAPK1,sensitive,scout2,,452.3,4.09,0.304,3.8,96.1,0.00402,0.000603,bioisostere,30.8,72.0,96.1,6.0,100,68.9,55.8,1634
,,CC(C)OC(=O)N1CCC(n2ncc3c(N4CCOCC4)nc(-c4ccc(NC(=O)Nc5ccncc5)cc4)nc32)CC1,MTOR,escape_route,scout2,,585.7,4.55,0.333,5.4,86.7,0.0016660000000000002,0.002499,r_group,27.8,72.0,86.7,30.0,100,51.1,55.7,1635
CHEMBL220574,CHEMBL220574,O=C(N[C@@H](CO)c1ccc(F)c(Cl)c1)c1cc(-c2[nH]ncc2-c2cccc(Cl)c2)c[nH]1,MAPK1,sensitive,scout1,150.0,0.0,0.0,0.328,3.12,96.6,0.00456,0.000684,database_search,35.0,68.0,96.6,6.8,80,76.4,55.7,1636
CHEMBL247423,CHEMBL247423,O=C(Nc1ccc2c(c1)OC(F)(F)O2)c1ccccc1NCc1ccnc(NCCOCCO)c1,BRAF,escape_route,scout1,165.0,0.0,0.0,0.304,2.66,86.1,0.001783,0.002674,database_search,29.7,66.8,86.1,32.1,80,81.6,55.7,1637
,,CC(C)OC(=O)N1CCC(n2ncc3c(N4CCOCC4)nc(-c4ccc(NC(=O)Nc5cccnc5)cc4)nc32)CC1,MTOR,escape_route,scout2,,585.7,4.55,0.333,5.4,86.7,0.0016660000000000002,0.002499,r_group,27.8,72.0,86.7,30.0,100,51.1,55.7,1638
CHEMBL212862,CHEMBL212862,CN1C(=O)C[C@H](c2ccccc2)[C@@H]1[C@H](O)c1ccc(Sc2ccccc2)s1,KRAS,escape_route,scout1,330.0,0.0,0.0,0.665,3.61,100.0,0.001481,0.002222,database_search,24.7,67.0,100.0,26.7,80,71.0,55.7,1639
,,c1ccc2c(c1)c1cnc(Nc3ccc(N4CCOCC4)cn3)nc1n2C1CCCCCC1,CDK6,sensitive,scout2,,442.6,5.46,0.424,4.1,88.5,0.00462,0.0006929999999999999,bioisostere,35.4,72.0,88.5,6.9,100,65.6,55.6,1640
CHEMBL454646,CHEMBL454646,CC1CNCC(C(=O)Nc2ncc(SCc3ncc(C(C)(C)C)o3)s2)C1,CDK4,sensitive,scout1,270.0,0.0,0.0,0.749,3.75,100.0,0.003922,0.000588,database_search,30.1,73.0,100.0,5.9,80,69.4,55.6,1641
CHEMBL3216005,CHEMBL3216005,Cl.Cl.c1cc(OCCN2CCCCC2)cc(-c2nc(N3CCOCC3)c3oc4ncccc4c3n2)c1,PIK3CA,escape_route,scout1,170.0,0.0,0.0,0.344,2.81,86.9,0.00177,0.002654,database_search,29.5,66.4,86.9,31.8,80,79.9,55.6,1642
CHEMBL336169,CHEMBL336169,CC1=CC(C)(C)Nc2ccc3c(c21)/C(=C/c1ccco1)Oc1ccc(F)cc1-3,AR,sensitive,scout1,258.0,0.0,0.0,0.523,2.94,95.5,0.003971,0.000596,database_search,30.4,74.2,95.5,6.0,80,78.4,55.6,1643
CHEMBL1980407,CHEMBL1980407,NC(COc1cncc(-c2ccc3c(c2)C(=Cc2ccc[nH]2)C(=O)N3)c1)Cc1ccccc1,CDK4,sensitive,scout1,158.49,0.0,0.0,0.372,3.16,97.4,0.0045,0.000675,database_search,34.5,67.3,97.4,6.8,80,76.0,55.5,1644
CHEMBL541110,CHEMBL541110,COC(=O)c1c(C)[nH]c2c(OC(=O)N3CCN(C)CC3)cc3c(c12)[C@H](CBr)CN3C(=O)/C=C/c1ccc(OC)nn1.Cl,MAP2K1,sensitive,scout1,90.0,0.0,0.0,0.238,3.89,84.8,0.005114,0.000767,database_search,39.2,72.8,84.8,7.7,80,67.9,55.5,1645
CHEMBL215743,CHEMBL215743,COc1cccc(-c2ccc([C@@H](O)[C@H]3[C@@H](c4ccccc4)CC(=O)N3C)s2)c1,KRAS,escape_route,scout1,340.0,0.0,0.0,0.696,3.41,100.0,0.001469,0.002203,database_search,24.5,66.0,100.0,26.4,80,73.2,55.5,1646
CHEMBL5219933,CHEMBL5219933,COC(=O)c1cccc(Cc2cn(C)nc2-c2cc(Cl)nc(N)n2)c1,EZH2,resistant,scout1,436.0,0.0,0.0,0.569,2.61,100.0,0.00068,0.003401,database_search,27.2,56.4,100.0,34.0,80,82.1,55.5,1647
CHEMBL199765,CHEMBL199765,COc1ccc2c(c1)Oc1ncnc(Nc3cnc(NC(=O)c4ccc(F)cc4)nc3)c1NC2,AURKA,resistant,scout1,330.0,0.0,0.0,0.404,2.83,98.1,0.000741,0.003704,database_search,29.6,53.6,98.1,37.0,80,79.7,55.4,1648
,,CNCCN(C)c1nc(-c2ccc(NC(=O)NC)cc2)nc2c1cnn2C1CCN(Cc2cccnc2)CC1,MTOR,escape_route,scout2,,528.7,3.13,0.304,4.9,86.1,0.001608,0.002412,bioisostere,26.8,72.0,86.1,28.9,100,56.7,55.4,1649
,,CCC1(C)CCC(n2c3cnccc3c3cnc(Nc4ccc(N5CCNCC5)cn4)nc32)CC1,CDK6,sensitive,scout2,,470.6,5.06,0.422,4.4,88.4,0.0046099999999999995,0.0006915,r_group,35.3,72.0,88.4,6.9,100,62.2,55.4,1650
CHEMBL204555,CHEMBL204555,Cc1ccc(C(=O)Nc2[nH]nc3c2CN(C(=O)c2cccc4cccnc24)C3)cc1,AURKA,resistant,scout1,440.0,0.0,0.0,0.552,2.6,100.0,0.000678,0.003391,database_search,27.1,56.0,100.0,33.9,80,82.2,55.3,1651
,,CC1(C2CC2)CCC(n2c3cnccc3c3cnc(Nc4ccc(N5CCNCC5)cn4)nc32)CC1,CDK6,sensitive,scout2,,482.6,5.06,0.411,4.5,88.2,0.004555,0.0006832499999999999,r_group,34.9,72.0,88.2,6.8,100,61.1,55.2,1652
CHEMBL105925,CHEMBL105925,O=C(CCn1c2c(c(=O)[nH]c1=O)CCCC2)NCC(=O)c1ccccc1,PARP1,resistant,scout1,450.0,0.0,0.0,0.749,2.33,100.0,0.000673,0.003367,database_search,26.9,55.0,100.0,33.7,80,85.2,55.1,1653
CHEMBL381808,CHEMBL381808,N[C@@H](COc1cncc(/C=C/c2ccncc2)c1)Cc1c[nH]c2ccccc12,AKT1,escape_route,scout1,360.0,0.0,0.0,0.514,2.95,100.0,0.001444,0.002166,database_search,24.1,64.0,100.0,26.0,80,78.3,55.0,1654
CHEMBL155396,CHEMBL155396,CCCCCC[S+]([O-])CC(=O)C(F)(F)F,FOLH1,other,scout1,309.03,0.0,0.0,0.51,3.92,100.0,0.001887,0.001887,database_search,25.2,69.1,100.0,18.9,80,67.6,55.0,1655
,,CC(C)C1(C)CCC(n2c3cnccc3c3cnc(Nc4ccc(N5CCNCC5)cn4)nc32)CC1,CDK6,sensitive,scout2,,484.7,5.31,0.397,4.5,87.9,0.004485,0.0006727500000000001,r_group,34.4,72.0,87.9,6.7,100,61.1,55.0,1656
CHEMBL259551,CHEMBL259551,Nc1n[nH]c2nnc(-c3c(-c4ccccc4)nn4ccccc34)cc12,MAPK1,sensitive,scout1,310.0,0.0,0.0,0.519,2.72,100.0,0.003772,0.000566,database_search,28.9,69.0,100.0,5.7,80,80.9,54.8,1657
CHEMBL422198,CHEMBL422198,CCOC(=O)/C=C/[C@H](C[C@@H]1CCNC1=O)NC(=O)[C@@H]1CCc2ccc(NC(=O)c3cc(C)on3)c(=O)n21,MAP2K1,sensitive,scout1,162.0,0.0,0.0,0.332,4.15,76.6,0.004476,0.000671,database_search,34.3,83.8,76.6,6.7,80,65.0,54.8,1658
CHEMBL247619,CHEMBL247619,CNC(=O)Nc1ccc(CNc2c(C(=O)Nc3ccc4c(c3)OC(F)(F)C(F)(F)O4)cnn2C)cn1,BRAF,escape_route,scout1,191.0,0.0,0.0,0.375,3.1,87.5,0.001719,0.002578,database_search,28.6,64.7,87.5,30.9,80,76.7,54.7,1659
CHEMBL247619,CHEMBL247619,CNC(=O)Nc1ccc(CNc2c(C(=O)Nc3ccc4c(c3)OC(F)(F)C(F)(F)O4)cnn2C)cn1,BRAF,escape_route,scout1,191.0,0.0,0.0,0.375,3.1,87.5,0.001719,0.002578,database_search,28.6,64.7,87.5,30.9,80,76.7,54.7,1660
CHEMBL203329,CHEMBL203329,N[C@H](CCc1cnc(Cl)c(/C=C/c2ccncc2)c1)Cc1c[nH]c2ccccc12,AKT1,escape_route,scout1,198.0,0.0,0.0,0.413,3.08,88.3,0.001703,0.002555,database_search,28.4,64.2,88.3,30.7,80,76.9,54.7,1661
CHEMBL270553,CHEMBL270553,COC[C@H]1OC(=O)/C(=C/N2CCC(c3ccccc3)CC2)C2=C(O)C(=O)C3=C([C@H](OC(C)=O)C[C@]4(C)[C@@H](O)CC[C@@H]34)[C@]21C,PIK3CA,escape_route,scout1,172.0,0.0,0.0,0.384,4.83,87.7,0.001764,0.002647,database_search,29.4,66.2,87.7,31.8,80,57.4,54.6,1662
CHEMBL512648,CHEMBL512648,CC1(C)CC(=O)c2sc(N3CCOc4ccc(-c5cccnc5)cc43)nc2C1,PIK3CB,escape_route,scout1,376.0,0.0,0.0,0.622,2.76,100.0,0.001425,0.002137,database_search,23.7,62.4,100.0,25.6,80,80.4,54.6,1663
CHEMBL286684,CHEMBL286684,Oc1cc(C(F)(F)F)c2cc3c(cc2n1)NCCC3,AR,sensitive,scout1,317.0,0.0,0.0,0.77,2.81,100.0,0.003747,0.000562,database_search,28.7,68.3,100.0,5.6,80,79.9,54.5,1664
CHEMBL373448,CHEMBL373448,O=C(NCCc1cccnc1)c1cc(-c2[nH]ncc2-c2cccc(Cl)c2)c[nH]1,MAPK1,sensitive,scout1,330.0,0.0,0.0,0.462,2.52,100.0,0.003704,0.000556,database_search,28.4,67.0,100.0,5.6,80,83.1,54.3,1665
CHEMBL361081,CHEMBL361081,CN1C(=O)C[C@H](c2ccccc2)[C@@H]1[C@@H](O)C#Cc1cccc(N)c1,KRAS,escape_route,scout1,370.0,0.0,0.0,0.657,3.61,100.0,0.001432,0.002148,database_search,23.9,63.0,100.0,25.8,80,71.0,54.3,1666
CHEMBL382590,ANILINOQUINAZOLINE1,COc1cc2ncnc(Nc3ccc(NC(=O)c4ccccc4)cc3)c2cc1OC,AURKA,resistant,scout1,393.0,0.0,0.0,0.49,1.94,99.8,0.000703,0.003514,database_search,28.1,48.6,99.8,35.1,80,89.6,54.3,1667
CHEMBL5220308,CHEMBL5220308,Nc1nc(Cl)cc(-c2nn(C(F)(F)F)cc2Cc2ccccc2)n1,EZH2,resistant,scout1,469.0,0.0,0.0,0.73,2.87,100.0,0.000664,0.003322,database_search,26.6,53.1,100.0,33.2,80,79.2,54.2,1668
,,O=C(N[C@H](CF)c1ccc(F)c(Cl)c1)c1cc(-c2n[nH]cc2-c2cccc(Cl)c2)c[nH]1,MAPK1,sensitive,scout2,,461.3,5.96,0.332,3.9,86.6,0.0041600000000000005,0.0006240000000000001,r_group,31.9,72.0,86.6,6.2,100,67.8,54.2,1669
CHEMBL206198,CHEMBL206198,N[C@H](COc1cc(/C=C/c2ccncc2)cnc1Cl)Cc1c[nH]c2ccccc12,AKT1,escape_route,scout1,273.0,0.0,0.0,0.436,3.05,98.7,0.001564,0.002346,database_search,26.1,58.2,98.7,28.2,80,77.2,54.2,1670
,,N#CC[C@@H](NC(=O)c1cc(-c2n[nH]cc2-c2cccc(Cl)c2)c[nH]1)c1ccc(F)c(Cl)c1,MAPK1,sensitive,scout2,,468.3,5.9,0.329,4.0,86.6,0.004145,0.00062175,r_group,31.8,72.0,86.6,6.2,100,66.7,54.1,1671
CHEMBL146794,CHEMBL146794,CC1(C)C(=O)N(c2ccc(C#N)c(C(F)(F)F)c2)C(=O)N1CCOCCOCc1ccc(O)c(C(N)=O)c1,AR,sensitive,scout1,77.0,0.0,0.0,0.352,2.98,72.0,0.005284,0.000793,database_search,40.5,73.8,72.0,7.9,80,78.0,54.1,1672
,,COC[C@@H](NC(=O)c1cc(-c2n[nH]cc2-c2cccc(Cl)c2)c[nH]1)c1ccc(F)c(Cl)c1,MAPK1,sensitive,scout2,,473.3,5.64,0.325,4.0,86.5,0.004125,0.00061875,r_group,31.6,72.0,86.5,6.2,100,66.7,54.0,1673
CHEMBL390623,CHEMBL390623,Oc1ccccc1-c1nc(N2CCOCC2)c2oc3ncccc3c2n1,PIK3CA,escape_route,scout1,400.0,0.0,0.0,0.596,2.62,100.0,0.001398,0.002097,database_search,23.3,60.0,100.0,25.2,80,82.0,53.9,1674
,,CN(C)C[C@@H](NC(=O)c1cc(-c2n[nH]cc2-c2cccc(Cl)c2)c[nH]1)c1ccc(F)c(Cl)c1,MAPK1,sensitive,scout2,,486.4,5.55,0.321,4.1,86.4,0.004105,0.00061575,r_group,31.5,72.0,86.4,6.2,100,65.6,53.9,1675
,,CC[C@@H](NC(=O)c1cc(-c2n[nH]cc2-c2cccc(Cl)c2)c[nH]1)c1ccc(F)c(Cl)c1,MAPK1,sensitive,scout2,,457.3,6.4,0.314,3.9,86.3,0.004070000000000001,0.0006105,r_group,31.2,72.0,86.3,6.1,100,67.8,53.9,1676
,,COC(=O)N1CCC(n2ncc3c(N4CCOCC4)nc(-c4ccsc4)nc32)CC1.NC(=O)Nc1ccncc1,MTOR,escape_route,scout2,,565.7,3.37,0.379,5.0,72.6,0.0017580000000000002,0.002637,bioisostere,29.3,72.0,72.6,31.6,100,55.6,53.8,1677
CHEMBL205994,CHEMBL205994,N[C@H](CNc1cncc(Nc2cccc3cnccc23)c1)Cc1c[nH]c2ccccc12,AKT1,escape_route,scout1,270.0,0.0,0.0,0.309,2.98,96.2,0.001569,0.002353,database_search,26.1,58.4,96.2,28.2,80,78.0,53.8,1678
CHEMBL1213084,CHEMBL1213084,Cc1ccccc1-n1c(Cn2nc(-c3cc(O)cc(F)c3)c3c(N)ncnc32)nc2cccc(C)c2c1=O,PIK3CB,escape_route,scout1,220.0,0.0,0.0,0.365,2.86,87.3,0.001658,0.002486,database_search,27.6,62.4,87.3,29.8,80,79.3,53.8,1679
CHEMBL1083150,CHEMBL1083150,CNc1ccc(Nc2nccc(-c3sc(C)nc3C)n2)cc1,CDK4,sensitive,scout1,348.0,0.0,0.0,0.762,2.29,100.0,0.003646,0.000547,database_search,28.0,65.2,100.0,5.5,80,85.7,53.8,1680
,,COC(=O)N1CCC(n2ncc3c(N4CCOCC4)nc(-c4ccsc4)nc32)CC1.NC(=O)Nc1cccnc1,MTOR,escape_route,scout2,,565.7,3.37,0.379,5.0,72.6,0.0017580000000000002,0.002637,bioisostere,29.3,72.0,72.6,31.6,100,55.6,53.8,1681
CHEMBL188290,CHEMBL188290,CN1C(=O)C[C@H](c2ccccc2)[C@@H]1[C@@H](O)c1cccs1,KRAS,escape_route,scout1,400.0,0.0,0.0,0.943,3.38,100.0,0.001398,0.002097,database_search,23.3,60.0,100.0,25.2,80,73.6,53.4,1682
CHEMBL496567,CHEMBL496567,CC(C)(C)c1cnc(CSc2cnc(N[C@H]3CC[C@H](N)CC3)s2)o1,CDK4,sensitive,scout1,355.0,0.0,0.0,0.764,3.01,100.0,0.003624,0.000544,database_search,27.8,64.5,100.0,5.4,80,77.7,53.2,1683
CHEMBL378800,CHEMBL378800,CCC(C)C(C(=O)Nc1cc(OC)c(NC(=O)Nc2cnc(C#N)cn2)cc1Cl)c1ccccc1,CHEK1,resistant,scout1,328.0,0.0,0.0,0.385,3.32,87.7,0.000742,0.00371,database_search,29.7,53.8,87.7,37.1,80,74.2,53.2,1684
,,N#COC(=O)N1CCC(n2ncc3c(N4CCOCC4)nc(-c4ccc(NC(=O)Nc5cccnc5)cc4)nc32)CC1,MTOR,escape_route,scout2,,568.6,3.62,0.34,5.2,71.8,0.0016800000000000003,0.00252,r_group,28.0,72.0,71.8,30.2,100,53.3,53.0,1685
,,CNC(=O)N1CCC(n2ncc3c(N4CCOCC4)nc(-c4ccc(NC(=O)Nc5ccncc5)cc4)nc32)CC1,MTOR,escape_route,scout2,,556.6,3.35,0.34,5.1,71.8,0.0016800000000000003,0.00252,bioisostere,28.0,72.0,71.8,30.2,100,54.4,53.0,1686
,,CNC(=O)N1CCC(n2ncc3c(N4CCOCC4)nc(-c4ccc(NC(=O)Nc5cccnc5)cc4)nc32)CC1,MTOR,escape_route,scout2,,556.6,3.35,0.34,5.1,71.8,0.0016800000000000003,0.00252,bioisostere,28.0,72.0,71.8,30.2,100,54.4,53.0,1687
,,N#COC(=O)N1CCC(n2ncc3c(N4CCOCC4)nc(-c4ccc(NC(=O)Nc5ccncc5)cc4)nc32)CC1,MTOR,escape_route,scout2,,568.6,3.62,0.34,5.2,71.8,0.0016800000000000003,0.00252,r_group,28.0,72.0,71.8,30.2,100,53.3,53.0,1688
CHEMBL188252,CHEMBL188252,CN1C(=O)C[C@H](c2ccccc2)[C@@H]1[C@@H](O)c1cccc(-c2ccccc2)c1,KRAS,escape_route,scout1,420.0,0.0,0.0,0.752,3.13,100.0,0.001377,0.002065,database_search,22.9,58.0,100.0,24.8,80,76.3,52.9,1689
,,C.NC(=O)N1CCC(n2ncc3c(N4CCOCC4)nc(-c4ccc(NC(=O)Nc5ccncc5)cc4)nc32)CC1,MTOR,escape_route,scout2,,558.6,3.72,0.335,5.1,71.7,0.00167,0.002505,bioisostere,27.8,72.0,71.7,30.1,100,54.4,52.9,1690
,,C.NC(=O)N1CCC(n2ncc3c(N4CCOCC4)nc(-c4ccc(NC(=O)Nc5cccnc5)cc4)nc32)CC1,MTOR,escape_route,scout2,,558.6,3.72,0.335,5.1,71.7,0.00167,0.002505,bioisostere,27.8,72.0,71.7,30.1,100,54.4,52.9,1691
CHEMBL538554,CHEMBL538554,COC(=O)c1c(C)[nH]c2c(OC(=O)N3CCN(C)CC3)cc3c(c12)[C@H](CBr)CN3C(=O)/C=C/c1ccc(OC)cn1.Cl,MAP2K1,sensitive,scout1,150.0,0.0,0.0,0.235,3.8,84.7,0.00456,0.000684,database_search,35.0,68.0,84.7,6.8,80,68.9,52.9,1692
CHEMBL219988,CHEMBL219988,O=C(NC(CO)c1ccccc1F)c1cc(-c2[nH]ncc2-c2cccc(Cl)c2)c[nH]1,MAPK1,sensitive,scout1,240.0,0.0,0.0,0.371,3.08,97.4,0.004049,0.000607,database_search,31.0,60.8,97.4,6.1,80,76.9,52.7,1693
CHEMBL115620,CHEMBL115620,CC(C)[C@H](NC(=O)OCc1ccccc1)C(=O)N[C@@H](C)C(=O)N[C@@H](CC(=O)O)C(=O)c1ncc(-c2ccccc2)o1,CD274,immune,scout1,240.0,0.0,0.0,0.227,3.48,74.5,0.002025,0.002025,database_search,27.0,76.0,74.5,20.2,80,72.4,52.7,1694
CHEMBL272265,CHEMBL272265,N#CCc1ccc(-n2cnc3cnc4ccc(C#Cc5cccnc5)cc4c32)cc1,PIK3CB,escape_route,scout1,432.0,0.0,0.0,0.422,2.73,100.0,0.001365,0.002047,database_search,22.7,56.8,100.0,24.6,80,80.8,52.7,1695
CHEMBL272265,CHEMBL272265,N#CCc1ccc(-n2cnc3cnc4ccc(C#Cc5cccnc5)cc4c32)cc1,PIK3CB,escape_route,scout1,432.0,0.0,0.0,0.422,2.73,100.0,0.001365,0.002047,database_search,22.7,56.8,100.0,24.6,80,80.8,52.7,1696
CHEMBL58905,CHEMBL58905,COc1ccc(Nc2nc(Nc3ccc(C(=O)O)cc3)ncc2Br)cc1,CHEK1,resistant,scout1,450.0,0.0,0.0,0.548,2.02,100.0,0.000673,0.003367,database_search,26.9,44.0,100.0,33.7,80,88.7,52.6,1697
,,CO.COC(=O)N1CCC(n2ncc3c(N4CCOCC4)nc(-c4ccc(NC(=O)Nc5ccoc5)cc4)nc32)CC1,MTOR,escape_route,scout2,,578.6,3.58,0.319,5.2,71.4,0.001638,0.0024569999999999995,bioisostere,27.3,72.0,71.4,29.5,100,53.3,52.6,1698
,,CN(C)OC(=O)N1CCC(n2ncc3c(N4CCOCC4)nc(-c4ccc(NC(=O)Nc5ccncc5)cc4)nc32)CC1,MTOR,escape_route,scout2,,586.7,3.62,0.322,5.4,71.4,0.0016440000000000005,0.0024660000000000003,r_group,27.4,72.0,71.4,29.6,100,51.1,52.5,1699
CHEMBL3210158,CHEMBL3210158,CCCCN(CC)CC/N=c1/c(N2CCN(C(=O)OCC)CC2)c(O)c1=O,MCL1,apoptosis,scout1,433.42,0.0,0.0,0.686,2.92,100.0,0.001022,0.002385,database_search,22.7,56.7,100.0,23.8,80,78.7,52.5,1700
,,CN(C)OC(=O)N1CCC(n2ncc3c(N4CCOCC4)nc(-c4ccc(NC(=O)Nc5cccnc5)cc4)nc32)CC1,MTOR,escape_route,scout2,,586.7,3.62,0.322,5.4,71.4,0.0016440000000000005,0.0024660000000000003,r_group,27.4,72.0,71.4,29.6,100,51.1,52.5,1701
,,COC(=O)N1CCC(n2ncc3c(N4CCOCC4)nc(-c4ccsc4)nc32)CC1.NC(=O)Nc1ccc(CO)cc1,MTOR,escape_route,scout2,,594.7,3.46,0.314,5.2,71.3,0.0016280000000000003,0.002442,bioisostere,27.1,72.0,71.3,29.3,100,53.3,52.5,1702
,,NOC(=O)N1CCC(n2ncc3c(N4CCOCC4)nc(-c4ccc(NC(=O)Nc5ccncc5)cc4)nc32)CC1,MTOR,escape_route,scout2,,558.6,3.02,0.31,5.1,71.2,0.0016200000000000003,0.0024300000000000003,r_group,27.0,72.0,71.2,29.2,100,54.4,52.4,1703
,,O=C(Cl)c1c(Cc2cc3c(cc2Cl)OCO3)c(-c2ccccc2)nn1CC1CCCCC1,CHEK2,resistant,scout2,,471.4,6.48,0.386,4.0,77.7,0.0008860000000000001,0.00443,r_group,35.4,45.0,77.7,44.3,100,66.7,52.4,1704
,,CO.COC(=O)N1CCC(n2ncc3c(N4CCOCC4)nc(-c4ccc(NC(=O)Nc5ccsc5)cc4)nc32)CC1,MTOR,escape_route,scout2,,594.7,4.05,0.311,5.2,71.2,0.001622,0.002433,bioisostere,27.0,72.0,71.2,29.2,100,53.3,52.4,1705
CHEMBL188447,CHEMBL188447,CN1C(=O)C[C@H](c2ccccc2)[C@@H]1[C@@H](O)C#Cc1ccccc1,KRAS,escape_route,scout1,430.0,0.0,0.0,0.866,3.42,100.0,0.001367,0.00205,database_search,22.8,57.0,100.0,24.6,80,73.1,52.4,1706
,,NOC(=O)N1CCC(n2ncc3c(N4CCOCC4)nc(-c4ccc(NC(=O)Nc5cccnc5)cc4)nc32)CC1,MTOR,escape_route,scout2,,558.6,3.02,0.31,5.1,71.2,0.0016200000000000003,0.0024300000000000003,r_group,27.0,72.0,71.2,29.2,100,54.4,52.4,1707
,,CO.COC(=O)N1CCC(n2ncc3c(N4CCOCC4)nc(-c4ccc(NC(=O)Nc5ccncc5)cc4)nc32)CC1,MTOR,escape_route,scout2,,589.7,3.38,0.315,5.4,71.3,0.00163,0.0024449999999999997,bioisostere,27.2,72.0,71.3,29.3,100,51.1,52.4,1708
,,O=C(Cl)c1c(Cc2cc3c(cc2Cl)OCO3)c(-c2cccs2)nn1CC1CCCCC1,CHEK2,resistant,scout2,,477.4,6.54,0.378,3.9,77.6,0.000878,0.00439,r_group,35.1,45.0,77.6,43.9,100,67.8,52.3,1709
CHEMBL215584,CHEMBL215584,CN1C(=O)C[C@H](c2ccccc2)[C@@H]1[C@H](O)c1ccc(-c2ccccc2C(F)(F)F)s1,KRAS,escape_route,scout1,280.0,0.0,0.0,0.594,3.58,91.9,0.001553,0.002329,database_search,25.9,57.6,91.9,27.9,80,71.3,52.3,1710
CHEMBL454645,CHEMBL454645,CC1CCC(C(=O)Nc2ncc(SCc3ncc(C(C)(C)C)o3)s2)CN1,CDK4,sensitive,scout1,370.0,0.0,0.0,0.745,3.72,100.0,0.003579,0.000537,database_search,27.4,63.0,100.0,5.4,80,69.8,52.3,1711
CHEMBL188676,CHEMBL188676,CN1C(=O)C[C@H](c2ccccc2)[C@@H]1[C@@H](O)c1ccc(Cl)c(Cl)c1,KRAS,escape_route,scout1,440.0,0.0,0.0,0.908,3.28,100.0,0.001357,0.002035,database_search,22.6,56.0,100.0,24.4,80,74.7,52.2,1712
,,O=C(Nc1ccc(CO)cc1)Nc1ccc(-c2nc(N3CCOCC3)c3cnn(C4CCN(C(=O)OF)CC4)c3n2)cc1,MTOR,escape_route,scout2,,590.6,4.12,0.302,5.4,71.0,0.0016040000000000004,0.002406,r_group,26.7,72.0,71.0,28.9,100,51.1,52.1,1713
CHEMBL377175,CHEMBL377175,O=C1NC(=O)/C(=C/c2ccc(-c3cc(F)ccc3O)o2)S1,PIK3CA,escape_route,scout1,455.0,0.0,0.0,0.833,2.52,100.0,0.001342,0.002013,database_search,22.4,54.5,100.0,24.2,80,83.1,52.1,1714
CHEMBL449049,CHEMBL449049,CC1(C)Cc2nc(N3CCOCC3)sc2C(=O)N1,PIK3CB,escape_route,scout1,450.0,0.0,0.0,0.826,2.77,100.0,0.001347,0.00202,database_search,22.4,55.0,100.0,24.2,80,80.3,52.1,1715
CHEMBL88019,CHEMBL88019,O=C(O)c1cc(Cn2nc(-c3ccccc3)c(Cc3cc4c(cc3Cl)OCO4)c2C(=O)O)on1,CHEK2,resistant,scout1,440.0,0.0,0.0,0.401,2.8,98.0,0.000678,0.003391,database_search,27.1,44.8,98.0,33.9,80,80.0,52.0,1716
CHEMBL217748,CHEMBL217748,C[C@H](C(=O)N1Cc2[nH]nc(NC(=O)c3ccc(N4CCN(C)CC4)cc3)c2C1)c1ccccc1,AURKA,resistant,scout1,452.0,0.0,0.0,0.614,2.96,100.0,0.000672,0.003362,database_search,26.9,43.8,100.0,33.6,80,78.2,52.0,1717
CHEMBL172071,CHEMBL172071,CCS(=O)(=O)NCCOc1nc(C2CC2)nc(NS(=O)(=O)c2ccc(C(C)C)cn2)c1Oc1ccccc1OC,CHEK2,resistant,scout1,269.15,0.0,0.0,0.264,3.01,70.3,0.000785,0.003925,database_search,31.4,58.5,70.3,39.2,80,77.7,51.9,1718
CHEMBL458328,CHEMBL458328,CCCCCC#CCC#CCC#CCC#CCCCC(=O)O,MCL1,apoptosis,scout1,441.49,0.0,0.0,0.594,3.47,100.0,0.001016,0.002371,database_search,22.6,55.9,100.0,23.7,80,72.6,51.9,1719
CHEMBL1973013,CHEMBL1973013,Cc1cnc(Nc2nc(NC(C)C)ncc2Br)s1,CDK4,sensitive,scout1,398.11,0.0,0.0,0.898,2.69,100.0,0.0035,0.000525,database_search,26.8,60.2,100.0,5.2,80,81.2,51.9,1720
CHEMBL272197,CHEMBL272197,CCN(/C=C1/C(=O)O[C@H](COC)[C@@]2(C)C1=C(O)C(=O)C1=C2[C@H](OC(C)=O)C[C@]2(C)[C@@H](O)CC[C@@H]12)CC,PIK3CA,escape_route,scout1,382.0,0.0,0.0,0.416,4.96,93.3,0.001418,0.002127,database_search,23.6,61.8,93.3,25.5,80,56.0,51.8,1721
CHEMBL512834,CHEMBL512834,Cc1ccc(-c2ccc3c(c2)N(c2nc4c(s2)C(=O)CC(C)(C)C4)CCO3)cn1,PIK3CB,escape_route,scout1,308.0,0.0,0.0,0.587,2.82,91.7,0.001511,0.002267,database_search,25.2,55.4,91.7,27.2,80,79.8,51.8,1722
CHEMBL367294,CHEMBL367294,CCC(C(=O)N[C@@H](CC(=O)O)C(=O)CN(C)[C@@H](Cc1ccccc1)C(N)=O)n1cccc(NC(=O)c2ccc3ccccc3c2)c1=O,CD274,immune,scout1,255.0,0.0,0.0,0.153,3.83,73.1,0.001992,0.001992,database_search,26.6,74.5,73.1,19.9,80,68.6,51.6,1723
CHEMBL498200,CHEMBL498200,Nc1nccc(-c2cc3c([nH]2)C(CCC(F)(F)F)CNC3=O)n1,CDK4,sensitive,scout1,395.0,0.0,0.0,0.806,3.67,100.0,0.003509,0.000526,database_search,26.9,60.5,100.0,5.3,80,70.3,51.5,1724
CHEMBL1082152,CHEMBL1082152,Cn1cc(C2=C(c3cccc(NCC(O)CO)c3)C(=O)NC2=O)c2cc(F)ccc21,CDK4,sensitive,scout1,410.0,0.0,0.0,0.464,3.08,100.0,0.003468,0.00052,database_search,26.6,59.0,100.0,5.2,80,76.9,51.4,1725
CHEMBL439512,CHEMBL439512,COc1cc2c(cc1OC)Oc1ncnc(Nc3cnc(NC(=O)c4ccccc4)nc3)c1NC2,AURKA,resistant,scout1,470.0,0.0,0.0,0.379,2.83,97.6,0.000664,0.00332,database_search,26.6,42.4,97.6,33.2,80,79.7,51.1,1726
CHEMBL386312,CHEMBL386312,CN1C(=O)C[C@H](c2ccccc2)[C@@H]1[C@H](O)c1ccc(-c2ccc(C(=O)O)cc2)s1,KRAS,escape_route,scout1,380.0,0.0,0.0,0.666,3.42,100.0,0.00142,0.00213,database_search,23.7,49.6,100.0,25.6,80,73.1,51.0,1727
CHEMBL89223,CHEMBL89223,Nc1nc(=O)n([C@@H]2C=C[C@H](CO)S2)cc1F,MAP2K1,sensitive,scout1,400.0,0.0,0.0,0.721,4.49,100.0,0.003495,0.000524,database_search,26.8,60.0,100.0,5.2,80,61.2,50.9,1728
CHEMBL478425,CHEMBL478425,CC1(C)CC(=O)c2sc(N3CCOCC3Cc3c[nH]c4ncccc34)nc2C1,PIK3CB,escape_route,scout1,481.0,0.0,0.0,0.732,3.46,100.0,0.001318,0.001977,database_search,22.0,51.9,100.0,23.7,80,72.7,50.8,1729
CHEMBL380159,CHEMBL380159,CN1C(=O)C[C@H](c2cccc(F)c2)[C@@H]1[C@H](O)c1ccc(-c2ccc(F)cc2)s1,KRAS,escape_route,scout1,480.0,0.0,0.0,0.688,3.5,100.0,0.001319,0.001978,database_search,22.0,52.0,100.0,23.7,80,72.2,50.8,1730
CHEMBL212131,CHEMBL212131,CN1C(=O)C[C@H](c2ccccc2)[C@@H]1[C@H](O)c1ccc(-c2ccc(O)cc2)s1,KRAS,escape_route,scout1,480.0,0.0,0.0,0.715,3.45,100.0,0.001319,0.001978,database_search,22.0,52.0,100.0,23.7,80,72.8,50.8,1731
CHEMBL189767,CHEMBL189767,CN1C(=O)C[C@H](c2ccccc2)[C@@H]1[C@@H](O)C#Cc1ccc(F)cc1,KRAS,escape_route,scout1,480.0,0.0,0.0,0.863,3.46,100.0,0.001319,0.001978,database_search,22.0,52.0,100.0,23.7,80,72.7,50.8,1732
CHEMBL3641916,CHEMBL3641916,C[C@@H](O)Cn1c2cnccc2c2cnc(Nc3ccc(N4CCC(N(C)C)CC4)cn3)nc21,CDK6,sensitive,scout1,314.0,0.0,0.0,0.467,3.34,99.3,0.003758,0.000564,database_search,28.8,54.9,99.3,5.6,80,74.0,50.8,1733
CHEMBL219683,CHEMBL219683,O=C(NCC1CCCO1)c1cc(-c2[nH]ncc2-c2cccc(Cl)c2)c[nH]1,MAPK1,sensitive,scout1,430.0,0.0,0.0,0.641,3.02,100.0,0.003416,0.000512,database_search,26.2,57.0,100.0,5.1,80,77.6,50.8,1734
CHEMBL373797,CHEMBL373797,CN(Cc1ccccc1)C(=O)c1cc(-c2[nH]ncc2-c2cccc(Cl)c2)c[nH]1,MAPK1,sensitive,scout1,440.0,0.0,0.0,0.503,2.42,100.0,0.003391,0.000509,database_search,26.0,56.0,100.0,5.1,80,84.2,50.8,1735
CHEMBL377104,CHEMBL377104,Cc1ccc(O)c(-c2ccc(/C=C3\SC(=O)NC3=O)o2)c1,PIK3CA,escape_route,scout1,500.0,0.0,0.0,0.832,2.5,100.0,0.001301,0.001952,database_search,21.7,50.0,100.0,23.4,80,83.3,50.7,1736
CHEMBL274383,PD-155080,COc1ccc(C2(O)OC(=O)C(c3ccc4c(c3)OCO4)=C2Cc2ccccc2)cc1,CHEK2,resistant,scout1,500.0,0.0,0.0,0.638,2.9,100.0,0.000651,0.003253,database_search,26.0,40.0,100.0,32.5,80,78.9,50.6,1737
CHEMBL112370,CHEMBL112370,CC(C)[C@H](NC(=O)OCc1ccccc1)C(=O)N[C@@H](C)C(=O)N[C@@H](CC(=O)O)C(=O)c1ncc(-c2c(Cl)cccc2Cl)o1,CD274,immune,scout1,160.0,0.0,0.0,0.201,3.67,69.0,0.002245,0.002245,database_search,29.9,67.2,69.0,22.4,80,70.3,50.5,1738
CHEMBL204012,CHEMBL204012,Cn1cc(C[C@H](N)COc2cncc(/C=C/c3ccncc3)c2)c2ccccc21,AKT1,escape_route,scout1,500.0,0.0,0.0,0.521,3.04,100.0,0.001301,0.001952,database_search,21.7,50.0,100.0,23.4,80,77.3,50.4,1739
CHEMBL296468,CHEMBL296468,CC(C)(C)c1cnc(CSc2cnc(NC(=O)C3CCNCC3)s2)o1,CDK4,sensitive,scout1,458.0,0.0,0.0,0.771,2.89,100.0,0.003348,0.000502,database_search,25.7,54.2,100.0,5.0,80,79.0,50.0,1740
CHEMBL3641908,CHEMBL3641908,CN(C)C1CCN(c2ccc(Nc3ncc4c5ccncc5n([C@@H]5CCNC5)c4n3)nc2)CC1,CDK6,sensitive,scout1,340.0,0.0,0.0,0.473,3.43,99.5,0.003671,0.000551,database_search,28.1,52.8,99.5,5.5,80,73.0,50.0,1741
CHEMBL469202,CHEMBL469202,Cc1ccc(-c2ccc3c(c2)N(c2nc4c(s2)C(=O)NC(C)(C)C4)CCO3)cn1,PIK3CB,escape_route,scout1,452.0,0.0,0.0,0.694,2.92,100.0,0.001345,0.002017,database_search,22.4,43.8,100.0,24.2,80,78.7,49.2,1742
CHEMBL380946,CHEMBL380946,CCCCNC(=O)N1Cc2n[nH]c(NC(=O)[C@@H](C)c3ccc4ccccc4c3)c2C1,MAPK1,sensitive,scout1,380.0,0.0,0.0,0.539,3.21,100.0,0.003551,0.000533,database_search,27.2,49.6,100.0,5.3,80,75.4,49.1,1743
CHEMBL502835,CHEMBL502835,COC(=O)c1ccc2c(c1)NC(=O)/C2=C(\Nc1ccc(N(C)C(=O)CN2CCN(C)CC2)cc1)c1ccccc1,ATR,resistant,scout1,470.0,0.0,0.0,0.35,2.61,87.0,0.000664,0.00332,database_search,26.6,42.4,87.0,33.2,80,82.1,49.1,1744
CHEMBL1202525,CHEMBL1202525,COc1ccc(O)c(C(=O)c2ccc(CO[C@@H]3CCCNCC3NC(=O)c3ccncc3)cc2)c1F.Cl.Cl,AKT1,escape_route,scout1,355.0,0.0,0.0,0.353,3.5,87.1,0.00145,0.002175,database_search,24.2,51.6,87.1,26.1,80,72.2,49.1,1745
CHEMBL171950,CHEMBL171950,CCCS(=O)(=O)NCCOc1nc(C2CC2)nc(NS(=O)(=O)c2ccc(C(C)C)cn2)c1Oc1ccccc1OC,CHEK2,resistant,scout1,363.08,0.0,0.0,0.241,3.03,69.8,0.00072,0.0036,database_search,28.8,51.0,69.8,36.0,80,77.4,48.6,1746
CHEMBL347556,CHEMBL347556,CC1(C)C(=O)N(c2ccc(C#N)c(C(F)(F)F)c2)C(=O)N1CCOCCN1CCN(CCOCc2ccc(O)c(C(N)=O)c2)CC1,AR,sensitive,scout1,346.0,0.0,0.0,0.247,3.16,74.9,0.003652,0.000548,database_search,28.0,65.4,74.9,5.5,80,76.0,48.4,1747
CHEMBL191003,JNJ-7706621,Nc1nc(Nc2ccc(S(N)(=O)=O)cc2)nn1C(=O)c1c(F)cccc1F,CDK4,sensitive,scout1,470.0,0.0,0.0,0.603,2.45,92.1,0.00332,0.000498,database_search,25.5,53.0,92.1,5.0,80,83.9,48.2,1748
CHEMBL172549,CHEMBL172549,CCC(C(=O)NC(CC(=O)O)C(=O)Cn1ccc(=O)cc1)n1cccc(NC(=O)c2ccc3ccccc3c2)c1=O,CD274,immune,scout1,395.0,0.0,0.0,0.256,3.62,75.1,0.001754,0.001754,database_search,23.4,60.5,75.1,17.5,80,70.9,47.3,1749
CHEMBL113012,CHEMBL113012,CC(C)[C@H](NC(=O)OCc1ccccc1)C(=O)N[C@@H](C)C(=O)N[C@@H](CC(=O)O)C(=O)c1ncc(-c2ccccc2Cl)o1,CD274,immune,scout1,260.0,0.0,0.0,0.214,3.56,69.3,0.001981,0.001981,database_search,26.4,59.2,69.3,19.8,80,71.6,47.1,1750
CHEMBL173528,CHEMBL173528,CCC(C(=O)NC(CC(=O)O)C(=O)CN1CCNCC1)n1cccc(NC(=O)c2ccc3ccccc3c2)c1=O,CD274,immune,scout1,410.0,0.0,0.0,0.283,3.45,75.7,0.001734,0.001734,database_search,23.1,59.0,75.7,17.3,80,72.8,47.1,1751
CHEMBL270638,CHEMBL270638,Cc1nc2cnc3ccc(C#Cc4cccnc4)cc3c2n1-c1ccc(C(C)C#N)cc1,PIK3CB,escape_route,scout1,446.0,0.0,0.0,0.368,3.32,87.4,0.001351,0.002026,database_search,22.5,44.3,87.4,24.3,80,74.2,46.7,1752
CHEMBL270638,CHEMBL270638,Cc1nc2cnc3ccc(C#Cc4cccnc4)cc3c2n1-c1ccc(C(C)C#N)cc1,PIK3CB,escape_route,scout1,446.0,0.0,0.0,0.368,3.32,87.4,0.001351,0.002026,database_search,22.5,44.3,87.4,24.3,80,74.2,46.7,1753
CHEMBL202502,CHEMBL202502,COc1cc2c(Nc3ncc(CC(=O)Nc4cccc(F)c4)o3)ncnc2cc1OCCCN1CCOCC1,AURKA,resistant,scout1,472.0,0.0,0.0,0.274,2.81,75.5,0.000663,0.003315,database_search,26.5,42.2,75.5,33.1,80,79.9,46.6,1754
CHEMBL1366030,CHEMBL1366030,COc1ccccc1Nc1nc(-c2sc(NC(=O)c3ccc([N+](=O)[O-])cc3)nc2C)cs1,MCL1,apoptosis,scout1,449.41,0.0,0.0,0.272,2.35,85.4,0.001011,0.002358,database_search,22.5,44.0,85.4,23.6,80,85.0,46.6,1755
CHEMBL223471,CHEMBL223471,COc1ccc(CNC(=O)c2cc(-c3[nH]ncc3-c3cccc(Cl)c3)c[nH]2)cc1,MAPK1,sensitive,scout1,490.0,0.0,0.0,0.435,2.37,98.7,0.003275,0.000491,database_search,25.1,40.8,98.7,4.9,80,84.8,46.4,1756
CHEMBL335996,CHEMBL335996,COc1ccccc1/C=C1\Oc2ccc(F)cc2-c2ccc3c(c21)C(C)=CC(C)(C)N3,AR,sensitive,scout1,439.0,0.0,0.0,0.491,2.78,89.8,0.003394,0.000509,database_search,26.0,44.9,89.8,5.1,80,80.2,45.8,1757
CHEMBL247619,CHEMBL247619,CNC(=O)Nc1ccc(CNc2c(C(=O)Nc3ccc4c(c3)OC(F)(F)C(F)(F)O4)cnn2C)cn1,MAPK1,sensitive,scout1,448.0,0.0,0.0,0.375,3.1,87.5,0.003372,0.000506,database_search,25.9,44.2,87.5,5.1,80,76.7,44.9,1758
CHEMBL247619,CHEMBL247619,CNC(=O)Nc1ccc(CNc2c(C(=O)Nc3ccc4c(c3)OC(F)(F)C(F)(F)O4)cnn2C)cn1,MAPK1,sensitive,scout1,448.0,0.0,0.0,0.375,3.1,87.5,0.003372,0.000506,database_search,25.9,44.2,87.5,5.1,80,76.7,44.9,1759
CHEMBL348495,CHEMBL348495,CC1(C)C(=O)N(c2ccc(C#N)c(C(F)(F)F)c2)C(=O)N1CCOCCOCCOCc1ccc(O)c(C(N)=O)c1,AR,sensitive,scout1,332.0,0.0,0.0,0.271,3.07,70.4,0.003697,0.000555,database_search,28.3,53.4,70.4,5.5,80,77.0,44.6,1760
CHEMBL4554744,CHEMBL4554744,C=CC(=O)Nc1cccc(C(=O)N2CCC(NC(=O)c3n[nH]cc3NC(=O)c3c(Cl)cccc3Cl)CC2)c1.O=C(O)C(F)(F)F,ATR,resistant,scout1,500.0,0.0,0.0,0.226,3.05,69.5,0.000651,0.003253,database_search,26.0,40.0,69.5,32.5,80,77.2,44.4,1761
