smiles,target_gene,generation_method,qed,sa_score,mw,predicted_ic50_nM,binding_energy_kcal,best_similarity,mean_similarity,confidence,n_references
CC[C@@H](CNC)n1c(=O)n(C)c2cnc3ccc(-c4ccc(OCCCN5CCCC5)nc4)cc3c21,ATM,bioisostere,0.34,4.5,488.6,0.26,-12.47,0.435,0.326,0.653,10
CC(C)n1c(=O)n(C)c2cnc3ccc(-c4ccc(OCCCN5CCCC5)nc4)cc3c21.CNC,ATM,bioisostere,0.391,4.5,490.7,0.26,-12.47,0.519,0.369,0.778,10
CN[C@H]1CC[C@H](n2c(=O)n(C)c3cnc4ccc(-c5ccc(OCCCN(C)C)nc5)cc4c32)C1,ATM,bioisostere,0.393,4.4,474.6,0.26,-12.48,0.595,0.412,0.893,10
CN(C)CCCOc1ccc(-c2ccc3ncc4c(c3c2)n([C@H]2CC[C@H](OC3CC3)C2)c(=O)n4C)cn1,ATM,r_group,0.313,4.6,501.6,0.27,-12.47,0.515,0.399,0.772,10
CO[C@H]1CC[C@H](n2c(=O)n(C3CC3)c3cnc4ccc(-c5ccc(OCCCN(C)C)nc5)cc4c32)C1,ATM,r_group,0.306,4.6,501.6,0.27,-12.47,0.62,0.408,0.93,10
O=C(O)n1c(=O)n([C@H]2CCCOC2)c2c3cc(-c4ccc(OCCCN5CCCC5)nc4)ccc3ncc21,ATM,r_group,0.364,4.8,517.6,0.27,-12.45,0.624,0.384,0.936,10
NC(=O)n1c(=O)n([C@H]2CCCOC2)c2c3cc(-c4ccc(OCCCN5CCCC5)nc4)ccc3ncc21,ATM,r_group,0.373,4.8,516.6,0.27,-12.46,0.603,0.377,0.905,10
CO[C@H]1CC[C@H](n2c(=O)n(C)c3cnc4ccc(-c5ccc(OCCCN(C)C6CC6)nc5)cc4c32)C1,ATM,r_group,0.313,4.6,501.6,0.27,-12.46,0.555,0.415,0.832,10
CN(C)CCCOc1ccc(-c2ccc3ncc4c(c3c2)n([C@H]2CC[C@H](OC(F)(F)F)C2)c(=O)n4C)cn1,ATM,r_group,0.302,4.8,529.6,0.27,-12.47,0.542,0.394,0.812,10
CO[C@H]1CC[C@H](n2c(=O)n(C(F)(F)F)c3cnc4ccc(-c5ccc(OCCCN(C)C)nc5)cc4c32)C1,ATM,r_group,0.301,4.8,529.6,0.27,-12.47,0.518,0.391,0.777,10
CO[C@H]1CC[C@H](n2c(=O)n(OC)c3cnc4ccc(-c5ccc(OCCCN(C)C)nc5)cc4c32)C1,ATM,r_group,0.331,4.5,491.6,0.27,-12.47,0.601,0.403,0.901,10
CCO[C@H]1C[C@@H](n2c(=O)n(C)c3cnc4ccc(-c5ccc(OCCCN6CCCC6)nc5)cc4c32)C1,ATM,r_group,0.313,4.6,501.6,0.27,-12.46,0.487,0.414,0.731,10
O=c1n(O)c2cnc3ccc(-c4ccc(OCCCN5CCCC5)nc4)cc3c2n1[C@H]1CCCOC1,ATM,r_group,0.311,4.5,489.6,0.27,-12.46,0.493,0.363,0.74,10
CN(C)n1c(=O)n([C@H]2CCCOC2)c2c3cc(-c4ccc(OCCCN5CCCC5)nc4)ccc3ncc21,ATM,r_group,0.33,4.8,516.6,0.27,-12.47,0.486,0.393,0.729,10
CNn1c(=O)n([C@H]2CCCOC2)c2c3cc(-c4ccc(OCCCN5CCCC5)nc4)ccc3ncc21,ATM,r_group,0.367,4.6,502.6,0.27,-12.45,0.504,0.369,0.756,10
Nn1c(=O)n([C@H]2CCCOC2)c2c3cc(-c4ccc(OCCCN5CCCC5)nc4)ccc3ncc21,ATM,r_group,0.315,4.5,488.6,0.27,-12.45,0.48,0.363,0.72,10
COn1c(=O)n([C@H]2CCCOC2)c2c3cc(-c4ccc(OCCCN5CCCC5)nc4)ccc3ncc21,ATM,r_group,0.339,4.6,503.6,0.27,-12.45,0.674,0.396,1.0,10
O=c1n(C2CC2)c2cnc3ccc(-c4ccc(OCCCN5CCCC5)nc4)cc3c2n1[C@H]1CCCOC1,ATM,r_group,0.31,4.8,513.6,0.27,-12.45,0.512,0.378,0.768,10
CCn1c(=O)n([C@H]2C[C@@H](OC)C2)c2c3cc(-c4ccc(OCCCN5CCCC5)nc4)ccc3ncc21,ATM,r_group,0.311,4.6,501.6,0.27,-12.46,0.496,0.366,0.743,10
COn1c(=O)n([C@H]2C[C@@H](OC)C2)c2c3cc(-c4ccc(OCCCN5CCCC5)nc4)ccc3ncc21,ATM,r_group,0.322,4.6,503.6,0.27,-12.47,0.468,0.368,0.702,10
CNn1c(=O)n([C@H]2C[C@@H](OC)C2)c2c3cc(-c4ccc(OCCCN5CCCC5)nc4)ccc3ncc21,ATM,r_group,0.349,4.6,502.6,0.27,-12.46,0.464,0.376,0.695,10
CO[C@H]1CC[C@H](n2c(=O)n(C)c3cnc4ccc(-c5ccc(OCCCN(C)C(C)C)nc5)cc4c32)C1,ATM,r_group,0.306,4.6,503.6,0.27,-12.47,0.497,0.411,0.745,10
CC(C)O[C@H]1CC[C@H](n2c(=O)n(C)c3cnc4ccc(-c5ccc(OCCCN(C)C)nc5)cc4c32)C1,ATM,r_group,0.306,4.6,503.6,0.27,-12.46,0.474,0.391,0.711,10
CCN(C)CCCOc1ccc(-c2ccc3ncc4c(c3c2)n([C@H]2CC[C@H](OC)C2)c(=O)n4C)cn1,ATM,r_group,0.324,4.5,489.6,0.27,-12.47,0.607,0.433,0.91,10
CCO[C@H]1CC[C@H](n2c(=O)n(C)c3cnc4ccc(-c5ccc(OCCCN(C)C)nc5)cc4c32)C1,ATM,r_group,0.324,4.5,489.6,0.27,-12.47,0.558,0.41,0.838,10
CS[C@H]1C[C@@H](n2c(=O)n(C)c3cnc4ccc(-c5ccc(OCCCN(C)C)nc5)cc4c32)C1,ATM,bioisostere,0.352,4.2,477.6,0.27,-12.46,0.491,0.4,0.737,10
CCN(C)C.CNc1ccc(-c2ccc3ncc4c(c3c2)n([C@H]2C[C@@H](OC)C2)c(=O)n4C)cn1,ATM,bioisostere,0.485,4.2,462.6,0.27,-12.46,0.471,0.372,0.706,10
CC(C)n1c(=O)n(C)c2cnc3ccc(-c4ccc(OCCCN(C)C)nc4)cc3c21.CNC,ATM,bioisostere,0.42,4.2,464.6,0.27,-12.46,0.404,0.311,0.606,10
CCN1CCCC1.CNc1ccc(-c2ccc3ncc4c(c3c2)n([C@H]2CCCOC2)c(=O)n4C)cn1,ATM,bioisostere,0.458,4.5,488.6,0.27,-12.45,0.428,0.326,0.642,10
CN(C)CCCOc1ccc(-c2ccc3ncc4c(c3c2)n([C@H]2C[C@@H](O)C2)c(=S)n4C)cn1,ATM,bioisostere,0.325,4.1,463.6,0.27,-12.47,0.512,0.394,0.769,10
CNCCC[CH]n1c(=O)n(C)c2cnc3ccc(-c4ccc(OCCCN5CCCC5)nc4)cc3c21,ATM,bioisostere,0.324,4.5,487.6,0.27,-12.46,0.359,0.296,0.539,10
CO[C@H]1C[C@@H](n2c(=O)n(N(C)C)c3cnc4ccc(-c5ccc(OCCCN6CCCC6)nc5)cc4c32)C1,ATM,r_group,0.313,4.8,516.6,0.27,-12.46,0.491,0.407,0.736,10
CCN(C)C.CNc1ccc(-c2ccc3ncc4c(c3c2)n([C@H]2CC[C@H](OC)C2)c(=O)n4C)cn1,ATM,bioisostere,0.463,4.4,476.6,0.27,-12.47,0.439,0.351,0.658,10
CS[C@H]1CC[C@H](n2c(=O)n(C)c3cnc4ccc(-c5ccc(OCCCN(C)C)nc5)cc4c32)C1,ATM,bioisostere,0.332,4.4,491.7,0.27,-12.46,0.439,0.383,0.659,10
CN[C@H]1C[C@@H](n2c(=O)n(C)c3cnc4ccc(-c5ccc(OCCCN6CCCC6)nc5)cc4c32)C1,ATM,bioisostere,0.383,4.5,486.6,0.27,-12.47,0.393,0.324,0.589,10
CCN1CCCC1.CNc1ccc(-c2ccc3ncc4c(c3c2)n([C@H]2C[C@@H](OC)C2)c(=O)n4C)cn1,ATM,bioisostere,0.447,4.5,488.6,0.27,-12.46,0.505,0.36,0.758,10
CS[C@H]1C[C@@H](n2c(=O)n(C)c3cnc4ccc(-c5ccc(OCCCN6CCCC6)nc5)cc4c32)C1,ATM,bioisostere,0.319,4.5,503.7,0.27,-12.47,0.459,0.395,0.689,10
CCn1c(=O)n([C@H]2CC[C@H](OC)C2)c2c3cc(-c4ccc(OCCCN(C)C)nc4)ccc3ncc21,ATM,r_group,0.322,4.5,489.6,0.28,-12.45,0.49,0.414,0.736,10
Cn1c(=O)n([C@H]2CCCSC2)c2c3cc(-c4ccc(OCCCN5CCCC5)nc4)ccc3ncc21,ATM,bioisostere,0.335,4.5,503.7,0.28,-12.45,0.508,0.384,0.761,10
Cn1c(=O)n([C@H]2C[C@@H](OC3CC3)C2)c2c3cc(-c4ccc(OCCCN5CCCC5)nc4)ccc3ncc21,ATM,r_group,0.302,4.8,513.6,0.28,-12.45,0.462,0.396,0.693,10
CC[C@@H](C)n1c(=O)n(C)c2cnc3ccc(-c4ccc(OCCCN(C)C)nc4)cc3c21.CNC,ATM,bioisostere,0.385,4.4,478.6,0.28,-12.45,0.437,0.372,0.656,10
CN(C)CCCOc1ccc(-c2ccc3ncc4c(c3c2)n([C@H]2C[C@H](S)C2)c(=O)n4C)cn1,ATM,bioisostere,0.333,4.1,463.6,0.28,-12.44,0.555,0.453,0.833,10
CN[C@H]1C[C@@H](n2c(=O)n(C)c3cnc4ccc(-c5ccc(OCCCN(C)C)nc5)cc4c32)C1,ATM,bioisostere,0.407,4.2,460.6,0.28,-12.45,0.663,0.464,0.994,10
CCN(C)C.CNc1ccc(-c2ccc3ncc4c(c3c2)n([C@H]2C[C@@H](O)C2)c(=O)n4C)cn1,ATM,bioisostere,0.498,4.1,448.6,0.28,-12.45,0.474,0.358,0.711,10
CN(C)CCCSc1ccc(-c2ccc3ncc4c(c3c2)n([C@H]2C[C@@H](O)C2)c(=O)n4C)cn1,ATM,bioisostere,0.333,4.1,463.6,0.28,-12.44,0.445,0.336,0.668,10
CCn1c(=O)n([C@H]2CCCOC2)c2c3cc(-c4ccc(OCCCN5CCCC5)nc4)ccc3ncc21,ATM,r_group,0.327,4.6,501.6,0.28,-12.43,0.491,0.401,0.737,10
CC(C)n1c(=O)n(C)c2cnc3ccc(-c4ccc(OCCCN(C)C)nc4)cc3c21.CN,ATM,bioisostere,0.434,4.1,450.6,0.28,-12.45,0.488,0.405,0.732,10
N#Cn1c(=O)n([C@H]2CCCOC2)c2c3cc(-c4ccc(OCCCN5CCCC5)nc4)ccc3ncc21,ATM,r_group,0.356,4.6,498.6,0.28,-12.45,0.618,0.387,0.928,10
NS(=O)(=O)n1c(=O)n([C@H]2CCCOC2)c2c3cc(-c4ccc(OCCCN5CCCC5)nc4)ccc3ncc21,ATM,r_group,0.33,4.9,552.7,0.28,-12.43,0.54,0.409,0.81,10
O=c1n(Cl)c2cnc3ccc(-c4ccc(OCCCN5CCCC5)nc4)cc3c2n1[C@H]1CCCOC1,ATM,r_group,0.339,4.5,508.0,0.28,-12.45,0.599,0.372,0.898,10
O=c1n(F)c2cnc3ccc(-c4ccc(OCCCN5CCCC5)nc4)cc3c2n1[C@H]1CCCOC1,ATM,r_group,0.358,4.5,491.6,0.28,-12.44,0.511,0.388,0.766,10
O=C(Nc1ccc(CO)cc1)Nc1ccc(-c2nc(N3CCOCC3)c3cnn(C4CCN(C(=O)OF)CC4)c3n2)cc1,MTOR,r_group,0.302,5.4,590.6,0.37,-12.28,0.614,0.436,0.922,10
COC(=O)N1CCC(n2ncc3c(N4CCOCC4)nc(-c4ccsc4)nc32)CC1.NC(=O)Nc1ccc(CO)cc1,MTOR,bioisostere,0.314,5.2,594.7,0.38,-12.25,0.536,0.433,0.805,10
CCOC(=O)N1CCC(n2ncc3c(N4CCOCC4)nc(-c4ccc(NC(=O)Nc5cccnc5)cc4)nc32)CC1,MTOR,r_group,0.349,5.2,571.6,0.38,-12.26,0.609,0.497,0.913,10
CCNC(=O)Nc1cc[nH]c1.COC(=O)N1CCC(n2ncc3c(N4CCOCC4)ncnc32)CC1,MTOR,bioisostere,0.496,4.5,499.6,0.39,-12.24,0.467,0.371,0.7,10
CO.COC(=O)N1CCC(n2ncc3c(N4CCOCC4)nc(-c4ccc(NC(=O)Nc5ccoc5)cc4)nc32)CC1,MTOR,bioisostere,0.319,5.2,578.6,0.39,-12.25,0.61,0.464,0.914,10
C.NC(=O)N1CCC(n2ncc3c(N4CCOCC4)nc(-c4ccc(NC(=O)Nc5ccncc5)cc4)nc32)CC1,MTOR,bioisostere,0.335,5.1,558.6,0.39,-12.24,0.54,0.445,0.811,10
CO.COC(=O)N1CCC(n2ncc3c(N4CCOCC4)nc(-c4ccc(NC(=O)Nc5ccsc5)cc4)nc32)CC1,MTOR,bioisostere,0.311,5.2,594.7,0.39,-12.24,0.588,0.455,0.882,10
O=C(Nc1ccncc1)Nc1ccc(-c2nc(N3CCOCC3)c3cnn(C4CCN(C(=O)OCl)CC4)c3n2)cc1,MTOR,r_group,0.355,5.1,578.0,0.39,-12.24,0.498,0.432,0.746,10
CCOC(=O)N1CCC(n2ncc3c(N4CCOCC4)nc(-c4ccc(NC(=O)Nc5ccncc5)cc4)nc32)CC1,MTOR,r_group,0.349,5.2,571.6,0.39,-12.24,0.533,0.452,0.799,10
CC(C)OC(=O)N1CCC(n2ncc3c(N4CCOCC4)nc(-c4ccc(NC(=O)Nc5ccncc5)cc4)nc32)CC1,MTOR,r_group,0.333,5.4,585.7,0.39,-12.24,0.553,0.465,0.83,10
COC(=O)N1CCC(n2ncc3c(N4CCOCC4)nc(-c4ccsc4)nc32)CC1.NC(=O)Nc1cccnc1,MTOR,bioisostere,0.379,5.0,565.7,0.4,-12.22,0.444,0.39,0.666,10
COC(=O)N1CCC(n2ncc3c(N4CCOCC4)nc(-c4ccoc4)nc32)CC1.NC(=O)Nc1cccnc1,MTOR,bioisostere,0.386,5.0,549.6,0.4,-12.23,0.443,0.393,0.665,10
CNC(=S)Nc1ccc(-c2nc(N3CCOCC3)c3cnn(C4CCN(Cc5cccnc5)CC4)c3n2)cc1,MTOR,bioisostere,0.352,4.9,543.7,0.4,-12.23,0.527,0.412,0.79,10
O=C(Nc1ccc(-c2nc(N3CCOCC3)c3cnn(C4CCN(C(=O)OC5CC5)CC4)c3n2)cc1)Nc1cccnc1,MTOR,r_group,0.34,5.4,583.7,0.4,-12.22,0.431,0.36,0.647,10
COC(=O)N1CCC(n2ncc3c(N4CCOCC4)nc(-c4ccoc4)nc32)CC1.NC(=O)Nc1ccc(CO)cc1,MTOR,bioisostere,0.319,5.2,578.6,0.4,-12.23,0.474,0.411,0.711,10
CC(C)OC(=O)N1CCC(n2ncc3c(N4CCOCC4)nc(-c4ccc(NC(=O)Nc5cccnc5)cc4)nc32)CC1,MTOR,r_group,0.333,5.4,585.7,0.4,-12.23,0.575,0.473,0.863,10
NOC(=O)N1CCC(n2ncc3c(N4CCOCC4)nc(-c4ccc(NC(=O)Nc5cccnc5)cc4)nc32)CC1,MTOR,r_group,0.31,5.1,558.6,0.4,-12.22,0.504,0.442,0.756,10
O=C(Nc1ccc(-c2nc(N3CCOCC3)c3cnn(C4CCN(C(=O)OF)CC4)c3n2)cc1)Nc1cccnc1,MTOR,r_group,0.37,5.1,561.6,0.4,-12.23,0.516,0.456,0.774,10
CO.COC(=O)N1CCC(n2ncc3c(N4CCOCC4)nc(-c4ccc(NC(=O)Nc5ccncc5)cc4)nc32)CC1,MTOR,bioisostere,0.315,5.4,589.7,0.4,-12.23,0.545,0.472,0.817,10
CCNC(=O)Nc1ccsc1.COC(=O)N1CCC(n2ncc3c(N4CCOCC4)ncnc32)CC1,MTOR,bioisostere,0.542,4.5,516.6,0.4,-12.22,0.451,0.362,0.676,10
CCNC(=O)Nc1ccoc1.COC(=O)N1CCC(n2ncc3c(N4CCOCC4)ncnc32)CC1,MTOR,bioisostere,0.553,4.5,500.6,0.4,-12.23,0.477,0.373,0.716,10
CCNC(=O)Nc1ccncc1.COC(=O)N1CCC(n2ncc3c(N4CCOCC4)ncnc32)CC1,MTOR,bioisostere,0.54,4.6,511.6,0.4,-12.22,0.449,0.372,0.674,10
CN(C)OC(=O)N1CCC(n2ncc3c(N4CCOCC4)nc(-c4ccc(NC(=O)Nc5cccnc5)cc4)nc32)CC1,MTOR,r_group,0.322,5.4,586.7,0.4,-12.23,0.55,0.461,0.825,10
CN(C)OC(=O)N1CCC(n2ncc3c(N4CCOCC4)nc(-c4ccc(NC(=O)Nc5ccncc5)cc4)nc32)CC1,MTOR,r_group,0.322,5.4,586.7,0.4,-12.23,0.584,0.476,0.876,10
COC(=O)N1CCC(n2ncc3c(N4CCOCC4)nc(-c4ccoc4)nc32)CC1.NC(=O)Nc1ccncc1,MTOR,bioisostere,0.386,5.0,549.6,0.4,-12.23,0.454,0.391,0.682,10
N#COC(=O)N1CCC(n2ncc3c(N4CCOCC4)nc(-c4ccc(NC(=O)Nc5cccnc5)cc4)nc32)CC1,MTOR,r_group,0.34,5.2,568.6,0.4,-12.23,0.513,0.424,0.77,10
O=C(Nc1ccc(-c2nc(N3CCOCC3)c3cnn(C4CCN(C(=O)OCl)CC4)c3n2)cc1)Nc1cccnc1,MTOR,r_group,0.355,5.1,578.0,0.4,-12.22,0.466,0.436,0.699,10
COC(=O)N1CCC(n2ncc3c(N4CCOCC4)nc(-c4ccncc4)nc32)CC1.NC(=O)Nc1ccc(CO)cc1,MTOR,bioisostere,0.314,5.4,589.7,0.4,-12.23,0.467,0.413,0.7,10
CNC(=O)N1CCC(n2ncc3c(N4CCOCC4)nc(-c4ccc(NC(=O)Nc5cccnc5)cc4)nc32)CC1,MTOR,bioisostere,0.34,5.1,556.6,0.41,-12.21,0.494,0.432,0.741,10
C.NC(=O)N1CCC(n2ncc3c(N4CCOCC4)nc(-c4ccc(NC(=O)Nc5cccnc5)cc4)nc32)CC1,MTOR,bioisostere,0.335,5.1,558.6,0.41,-12.22,0.413,0.358,0.62,10
COC(=O)N1CCC(n2ncc3c(N4CCOCC4)nc(-c4ccncc4)nc32)CC1.NC(=O)Nc1cccnc1,MTOR,bioisostere,0.379,5.1,560.6,0.41,-12.21,0.463,0.417,0.695,10
COC(=O)N1CCC(n2ncc3c(N4CCOCC4)nc(-c4ccsc4)nc32)CC1.NC(=O)Nc1ccncc1,MTOR,bioisostere,0.379,5.0,565.7,0.41,-12.21,0.411,0.37,0.617,10
C.NS(=O)(=O)N1CCC(n2ncc3c(N4CCOCC4)nc(-c4ccc(NC(=O)Nc5ccncc5)cc4)nc32)CC1,MTOR,bioisostere,0.303,5.2,594.7,0.41,-12.21,0.463,0.419,0.695,10
COC(=O)N1CCC(n2ncc3c(N4CCOCC4)nc(-c4cc[nH]c4)nc32)CC1.NC(=O)Nc1cccnc1,MTOR,bioisostere,0.347,5.0,548.6,0.41,-12.22,0.452,0.389,0.677,10
COC(=O)N1CCC(n2ncc3c(N4CCOCC4)nc(-c4ccncc4)nc32)CC1.NC(=O)Nc1ccncc1,MTOR,bioisostere,0.379,5.1,560.6,0.41,-12.22,0.468,0.418,0.701,10
COC(=O)N1CCC(n2ncc3c(N4CCOCC4)nc(-c4cc[nH]c4)nc32)CC1.NC(=O)Nc1ccncc1,MTOR,bioisostere,0.347,5.0,548.6,0.41,-12.21,0.444,0.407,0.666,10
O=C(Nc1ccncc1)Nc1ccc(-c2nc(N3CCOCC3)c3cnn(C4CCN(C(=O)OF)CC4)c3n2)cc1,MTOR,r_group,0.37,5.1,561.6,0.41,-12.21,0.45,0.408,0.675,10
N#COC(=O)N1CCC(n2ncc3c(N4CCOCC4)nc(-c4ccc(NC(=O)Nc5ccncc5)cc4)nc32)CC1,MTOR,r_group,0.34,5.2,568.6,0.41,-12.22,0.524,0.418,0.787,10
C.CCNC(=O)Nc1ccc(-c2nc(N3CCOCC3)c3cnn(C4CCN(S(N)(=O)=O)CC4)c3n2)cc1,MTOR,bioisostere,0.424,4.8,545.7,0.41,-12.22,0.513,0.434,0.77,10
O=C(Nc1ccncc1)Nc1ccc(-c2nc(N3CCOCC3)c3cnn(C4CCN(C(=O)OC5CC5)CC4)c3n2)cc1,MTOR,r_group,0.34,5.4,583.7,0.41,-12.21,0.426,0.39,0.639,10
C.CCNC(=O)Nc1ccc(-c2nc(N3CCOCC3)c3cnn(C4CCN(C(N)=O)CC4)c3n2)cc1,MTOR,bioisostere,0.48,4.6,509.6,0.42,-12.2,0.425,0.38,0.638,10
CNC(=O)N1CCC(n2ncc3c(N4CCOCC4)nc(-c4ccc(NC(=O)Nc5ccncc5)cc4)nc32)CC1,MTOR,bioisostere,0.34,5.1,556.6,0.42,-12.21,0.453,0.402,0.679,10
CNC(=O)Nc1ccoc1.c1cncc(CN2CCC(n3ncc4c(N5CCOCC5)ncnc43)CC2)c1,MTOR,bioisostere,0.409,4.8,519.6,0.42,-12.2,0.405,0.344,0.608,10
NOC(=O)N1CCC(n2ncc3c(N4CCOCC4)nc(-c4ccc(NC(=O)Nc5ccncc5)cc4)nc32)CC1,MTOR,r_group,0.31,5.1,558.6,0.42,-12.2,0.445,0.402,0.667,10
C.NS(=O)(=O)N1CCC(n2ncc3c(N4CCOCC4)nc(-c4ccc(NC(=O)Nc5cccnc5)cc4)nc32)CC1,MTOR,bioisostere,0.303,5.2,594.7,0.42,-12.2,0.441,0.356,0.662,10
CCNC(=O)Nc1ccc(-c2nc(N(C)CCNC)c3cnn(C4CCN(C(=O)OC)CC4)c3n2)cc1,MTOR,bioisostere,0.423,4.6,509.6,0.43,-12.18,0.377,0.316,0.565,10
CNC(=O)Nc1cc[nH]c1.c1cncc(CN2CCC(n3ncc4c(N5CCOCC5)ncnc43)CC2)c1,MTOR,bioisostere,0.368,4.8,518.6,0.43,-12.19,0.384,0.318,0.575,10
CNC(=O)Nc1ccncc1.c1cncc(CN2CCC(n3ncc4c(N5CCOCC5)ncnc43)CC2)c1,MTOR,bioisostere,0.4,4.9,530.6,0.44,-12.18,0.434,0.348,0.65,10
CNCCN(C)c1nc(-c2ccc(NC(=O)NC)cc2)nc2c1cnn2C1CCN(Cc2cccnc2)CC1,MTOR,bioisostere,0.304,4.9,528.7,0.44,-12.17,0.391,0.288,0.586,10
CNC(=O)Nc1ccsc1.c1cncc(CN2CCC(n3ncc4c(N5CCOCC5)ncnc43)CC2)c1,MTOR,bioisostere,0.4,4.8,535.7,0.44,-12.18,0.382,0.328,0.573,10
CNC(=O)Nc1ccc(-c2nc(N3CCSCC3)c3cnn(C4CCN(Cc5cccnc5)CC4)c3n2)cc1,MTOR,bioisostere,0.376,4.9,543.7,0.45,-12.17,0.484,0.339,0.726,10
CCOc1c(OC)c(OC)cc2cc(C(=O)N3CC(C)C4C3=CC(=O)c3[nH]c(C(=O)OC)cc34)[nH]c12,MAP2K1,r_group,0.503,4.5,493.5,2.43,-11.16,0.634,0.311,0.951,10
COC(=O)c1cc2c([nH]1)C(=O)C=C1C2C(C)CN1C(=O)c1cc2cc(OC3CC3)c(OC)c(OC)c2[nH]1,MAP2K1,r_group,0.489,4.6,505.5,2.53,-11.14,0.559,0.295,0.839,10
CCOC(=O)c1cc2c([nH]1)C(=O)C=C1C2C(C)CN1C(=O)c1cc2cc(OC)c(OC)c(OC)c2[nH]1,MAP2K1,r_group,0.503,4.5,493.5,2.54,-11.13,0.542,0.295,0.813,10
COC(=O)c1cc2c([nH]1)C(=O)C=C1C2C(C)CN1C(=O)c1cc2cc(OC)c(OC3CC3)c(OC)c2[nH]1,MAP2K1,r_group,0.489,4.6,505.5,2.54,-11.13,0.585,0.302,0.878,10
CCOc1c(OC)cc2cc(C(=O)N3CC(C)C4C3=CC(=O)c3[nH]c(C(=O)OC)cc34)[nH]c2c1OC,MAP2K1,r_group,0.503,4.5,493.5,2.55,-11.13,0.555,0.301,0.833,10
COc1cc2cc(C(=O)N3CC(C)C4C3=CC(=O)c3[nH]c(C(=O)OC5CC5)cc34)[nH]c2c(OC)c1OC,MAP2K1,r_group,0.489,4.6,505.5,2.59,-11.12,0.546,0.288,0.819,10
CNC(=O)c1cc2c([nH]1)C(=O)C=C1C2C(C)CN1C(=O)c1cc2cc(OC)c(OC)c(OC)c2[nH]1,MAP2K1,bioisostere,0.518,4.4,478.5,2.61,-11.12,0.561,0.299,0.841,10
C.COc1cc2cc(C(=O)N3CC(C)C4C3=CC(=O)c3[nH]c(S(N)(=O)=O)cc34)[nH]c2c(OC)c1OC,MAP2K1,bioisostere,0.47,4.5,516.6,2.61,-11.12,0.5,0.29,0.75,10
COC(=O)c1cc2c([nH]1)C(=O)C=C1C2C(C)CN1C(=O)c1cc2cc(OC)c(OC)c(OC3CC3)c2[nH]1,MAP2K1,r_group,0.489,4.6,505.5,2.63,-11.11,0.551,0.297,0.827,10
CCC1CN(C(=O)c2cc3cc(OC)c(OC)c(OC)c3[nH]2)C2=CC(=O)c3[nH]c(C(=O)OC)cc3C21,MAP2K1,r_group,0.503,4.5,493.5,2.65,-11.11,0.516,0.303,0.774,10
C.COc1cc2cc(C(=O)N3CC(C)C4C3=CC(=O)c3[nH]c(C(N)=O)cc34)[nH]c2c(OC)c1OC,MAP2K1,bioisostere,0.512,4.4,480.5,2.68,-11.1,0.538,0.298,0.806,10
CNc1c(OC)cc2cc(C(=O)N3CC(C)C4C3=CC(=O)c3[nH]c(C(=O)OC)cc34)[nH]c2c1OC,MAP2K1,bioisostere,0.481,4.4,478.5,2.71,-11.1,0.565,0.305,0.848,10
COc1cc2cc(C(=O)N3CC(C)C4C3=CC(=O)c3[nH]c(C(=O)SC)cc34)[nH]c2c(OC)c1OC,MAP2K1,bioisostere,0.55,4.4,495.6,2.72,-11.09,0.522,0.298,0.784,10
COC(=O)c1c(C)[nH]c2c1[C@@]13C[C@@H]1CN(C(=O)c1cc4cc(OC)c(OC)c(OC(C)C)c4[nH]1)C3=CC2=O,MAP2K1,r_group,0.474,4.8,519.6,2.73,-11.09,0.604,0.367,0.906,10
COC(=O)c1c(C(C)C)[nH]c2c1[C@@]13C[C@@H]1CN(C(=O)c1cc4cc(OC)c(OC)c(OC)c4[nH]1)C3=CC2=O,MAP2K1,r_group,0.473,4.8,519.6,2.74,-11.09,0.534,0.356,0.801,10
COC(=O)c1c(C)[nH]c2c1[C@@]13C[C@@H]1CN(C(=O)c1cc4cc(OC5CC5)c(OC)c(OC)c4[nH]1)C3=CC2=O,MAP2K1,r_group,0.479,4.8,517.5,2.75,-11.09,0.534,0.358,0.8,10
CCOC(=O)c1c(C)[nH]c2c1[C@@]13C[C@@H]1CN(C(=O)c1cc4cc(OC)c(OC)c(OC)c4[nH]1)C3=CC2=O,MAP2K1,r_group,0.492,4.6,505.5,2.76,-11.08,0.523,0.345,0.785,10
COC(=O)c1cc2c([nH]1)C(=O)C=C1C2C(C)CN1C(=O)c1cc2cc(OC)c(OC(C)C)c(OC)c2[nH]1,MAP2K1,r_group,0.483,4.6,507.5,2.8,-11.08,0.535,0.287,0.802,10
COC(=O)c1cc2c([nH]1)C(=O)C=C1C2C(C)CN1C(=O)c1cc2cc(OC(C)C)c(OC)c(OC)c2[nH]1,MAP2K1,r_group,0.483,4.6,507.5,2.8,-11.08,0.54,0.306,0.81,10
CCc1[nH]c2c(c1C(=O)OC)[C@@]13C[C@@H]1CN(C(=O)c1cc4cc(OC)c(OC)c(OC)c4[nH]1)C3=CC2=O,MAP2K1,r_group,0.493,4.6,505.5,2.82,-11.07,0.512,0.348,0.767,10
COc1cc2cc(C(=O)N3CC(C)C4C3=CC(=O)c3[nH]c(C(=O)OC(C)C)cc34)[nH]c2c(OC)c1OC,MAP2K1,r_group,0.483,4.6,507.5,2.83,-11.07,0.532,0.282,0.798,10
COC(=O)c1c(C2CC2)[nH]c2c1[C@@]13C[C@@H]1CN(C(=O)c1cc4cc(OC)c(OC)c(OC)c4[nH]1)C3=CC2=O,MAP2K1,r_group,0.478,4.8,517.5,2.84,-11.07,0.478,0.35,0.717,10
CCOc1cc2cc(C(=O)N3C[C@H]4C[C@@]45C3=CC(=O)c3[nH]c(C)c(C(=O)OC)c35)[nH]c2c(OC)c1OC,MAP2K1,r_group,0.492,4.6,505.5,2.87,-11.06,0.514,0.341,0.771,10
COc1cc2cc(C(=O)N3C[C@H]4C[C@@]45C3=CC(=O)c3c5c(C(=O)SC)c(C)n3C)[nH]c2c(OC)c1OC,MAP2K1,bioisostere,0.544,4.6,521.6,2.87,-11.06,0.478,0.317,0.717,10
CNc1c(OC)c(OC)cc2cc(C(=O)N3C[C@H]4C[C@@]45C3=CC(=O)c3[nH]c(C)c(C(=O)OC)c35)[nH]c12,MAP2K1,bioisostere,0.469,4.5,490.5,2.89,-11.06,0.517,0.363,0.775,10
CNc1c(OC)c(OC)cc2cc(C(=O)N3CC(C)C4C3=CC(=O)c3[nH]c(C(=O)OC)cc34)[nH]c12,MAP2K1,bioisostere,0.481,4.4,478.5,2.89,-11.06,0.543,0.29,0.815,10
COc1cc2cc(C(=O)N3C[C@H]4C[C@@]45C3=CC(=O)c3[nH]c(C)c(C(=O)SC)c35)[nH]c2c(OC)c1OC,MAP2K1,bioisostere,0.54,4.5,507.6,2.9,-11.06,0.486,0.333,0.73,10
CCOc1c(OC)cc2cc(C(=O)N3C[C@H]4C[C@@]45C3=CC(=O)c3[nH]c(C)c(C(=O)OC)c35)[nH]c2c1OC,MAP2K1,r_group,0.492,4.6,505.5,2.9,-11.06,0.528,0.374,0.792,10
COC(=O)c1c(C)[nH]c2c1[C@@]13C[C@@H]1CN(C(=O)c1cc4cc(OC)c(OC5CC5)c(OC)c4[nH]1)C3=CC2=O,MAP2K1,r_group,0.479,4.8,517.5,2.9,-11.06,0.508,0.36,0.762,10
COC(=O)c1c(C)[nH]c2c1[C@@]13C[C@@H]1CN(C(=O)c1cc4cc(OC)c(OC)c(OC5CC5)c4[nH]1)C3=CC2=O,MAP2K1,r_group,0.479,4.8,517.5,2.9,-11.06,0.539,0.377,0.808,10
CNC(=O)c1c(C)[nH]c2c1[C@@]13C[C@@H]1CN(C(=O)c1cc4cc(OC)c(OC)c(OC)c4[nH]1)C3=CC2=O,MAP2K1,bioisostere,0.505,4.5,490.5,2.92,-11.05,0.527,0.353,0.791,10
C.COc1cc2cc(C(=O)N3C[C@H]4C[C@@]45C3=CC(=O)c3[nH]c(C)c(C(N)=O)c35)[nH]c2c(OC)c1OC,MAP2K1,bioisostere,0.5,4.5,492.5,2.92,-11.05,0.535,0.369,0.802,10
CNc1c(OC)c(OC)cc2cc(C(=O)N3C[C@H]4C[C@@]45C3=CC(=O)c3c5c(C(=O)OC)c(C)n3C)[nH]c12,MAP2K1,bioisostere,0.513,4.6,504.5,2.92,-11.05,0.513,0.339,0.769,10
CNC.COc1cc2cc(C(=O)N3C[C@H]4C[C@@]45C3=CC(=O)c3[nH]c(C)cc35)[nH]c2c(OC)c1OC.O,MAP2K1,bioisostere,0.506,4.5,496.6,2.92,-11.05,0.497,0.35,0.746,10
COC(=O)c1cc2c([nH]1)C(=O)C=C1C2C(C2CC2)CN1C(=O)c1cc2cc(OC)c(OC)c(OC)c2[nH]1,MAP2K1,r_group,0.49,4.6,505.5,2.94,-11.05,0.467,0.299,0.7,10
C.COc1cc2cc(C(=O)N3C[C@H]4C[C@@]45C3=CC(=O)c3c5c(S(N)(=O)=O)c(C)n3C)[nH]c2c(OC)c1OC,MAP2K1,bioisostere,0.504,4.8,542.6,2.96,-11.04,0.482,0.333,0.723,10
C.COc1cc2cc(C(=O)N3C[C@H]4C[C@@]45C3=CC(=O)c3c5c(C(N)=O)c(C)n3C)[nH]c2c(OC)c1OC,MAP2K1,bioisostere,0.547,4.6,506.6,2.97,-11.04,0.527,0.334,0.79,10
COC(=O)c1c(C)[nH]c2c1[C@@]13C[C@@H]1CN(C(=O)c1cc4cc(OC)c(OC(C)C)c(OC)c4[nH]1)C3=CC2=O,MAP2K1,r_group,0.474,4.8,519.6,2.97,-11.04,0.53,0.373,0.794,10
CNC(=O)c1c2c(n(C)c1C)C(=O)C=C1N(C(=O)c3cc4cc(OC)c(OC)c(OC)c4[nH]3)C[C@H]3C[C@]123,MAP2K1,bioisostere,0.552,4.6,504.5,3.01,-11.03,0.504,0.336,0.756,10
CNc1nc(Cl)cc(-c2nn(C(F)F)cc2Cc2ccccc2OCCN2CCNC(=O)C2)n1,EZH2,r_group,0.444,4.2,491.9,3.03,-11.03,0.46,0.362,0.69,10
NOC(=O)[C@@H]1COCCN1CCOc1ccccc1Cc1cn(C(F)F)nc1-c1cc(Cl)nc(N)n1,EZH2,r_group,0.316,4.5,523.9,3.03,-11.03,0.513,0.402,0.769,10
COC(=O)[C@H]1COCCN1CCOc1ccoc1.Cc1cn(C(F)F)nc1-c1cc(Cl)nc(N)n1,EZH2,bioisostere,0.371,4.4,514.9,3.03,-11.03,0.482,0.363,0.723,10
C.COc1cc2cc(C(=O)N3C[C@H]4C[C@@]45C3=CC(=O)c3[nH]c(C)c(S(N)(=O)=O)c35)[nH]c2c(OC)c1OC,MAP2K1,bioisostere,0.459,4.6,528.6,3.03,-11.03,0.506,0.35,0.759,10
COC(=O)[C@H]1COCCN1CCOc1cc[nH]c1.Cc1cn(C(F)F)nc1-c1cc(Cl)nc(N)n1,EZH2,bioisostere,0.361,4.4,513.9,3.03,-11.03,0.483,0.365,0.724,10
O=C1CN(CCOc2ccccc2Cc2cn(C(F)F)nc2-c2cc(Cl)nc(C(F)(F)F)n2)CCN1,EZH2,r_group,0.352,4.5,530.9,3.04,-11.03,0.407,0.324,0.61,10
COC(=O)[C@@H]1COCCN1CCOc1cc[nH]c1.Cc1cn(C(F)F)nc1-c1cc(Cl)nc(N)n1,EZH2,bioisostere,0.361,4.4,513.9,3.05,-11.03,0.46,0.361,0.69,10
CCOC(=O)[C@@H]1COCCN1CCOc1ccccc1Cc1cn(C(F)F)nc1-c1cc(Cl)nc(N)n1,EZH2,r_group,0.308,4.6,537.0,3.05,-11.02,0.529,0.407,0.793,10
CN1CCS(=O)(=O)CC1.CNc1ccccc1Cc1cn(C(F)F)nc1-c1cc(Cl)nc(N)n1,EZH2,bioisostere,0.5,4.2,514.0,3.05,-11.03,0.417,0.356,0.626,10
CCOC(=O)[C@H]1COCCN1CCOc1ccccc1Cc1cn(C(F)F)nc1-c1cc(Cl)nc(N)n1,EZH2,r_group,0.308,4.6,537.0,3.06,-11.02,0.545,0.422,0.818,10
COc1cc2cc(C(=O)N3C[C@H]4C[C@@]45C3=CC(=O)c3[nH]c(C)c(C(=O)OC(C)C)c35)[nH]c2c(OC)c1OC,MAP2K1,r_group,0.474,4.8,519.6,3.06,-11.02,0.587,0.367,0.88,10
CCOc1cc2cc(C(=O)N3CC(C)C4C3=CC(=O)c3[nH]c(C(=O)OC)cc34)[nH]c2c(OC)c1OC,MAP2K1,r_group,0.503,4.5,493.5,3.07,-11.02,0.507,0.286,0.76,10
COC(=O)c1cc2c([nH]1)C(=O)C=C1C2C(C)CN1C(=O)c1cc2cc(OC)c(OC)c(OC(C)C)c2[nH]1,MAP2K1,r_group,0.483,4.6,507.5,3.07,-11.02,0.563,0.289,0.844,10
Nc1nc(Cl)cc(-c2nn(C(F)F)cc2Cc2ccccc2OCCN2CCOC[C@H]2C(=O)OF)n1,EZH2,r_group,0.42,4.5,526.9,3.08,-11.02,0.593,0.43,0.89,10
O=C1CN(CCOc2ccccc2Cc2cn(C(F)F)nc2-c2cc(Cl)nc(F)n2)CCN1,EZH2,r_group,0.394,4.1,480.9,3.08,-11.02,0.465,0.368,0.697,10
O=C1CN(CCOc2ccccc2Cc2cn(C(F)F)nc2-c2cc(Cl)nc(Cl)n2)CCN1,EZH2,r_group,0.379,4.1,497.3,3.08,-11.02,0.487,0.378,0.73,10
COC(=O)[C@H]1COCCN1CCOc1ccncc1.Cc1cn(C(F)F)nc1-c1cc(Cl)nc(N)n1,EZH2,bioisostere,0.363,4.5,525.9,3.08,-11.02,0.468,0.375,0.702,10
CNc1c(OC)cc2cc(C(=O)N3C[C@H]4C[C@@]45C3=CC(=O)c3[nH]c(C)c(C(=O)OC)c35)[nH]c2c1OC,MAP2K1,bioisostere,0.469,4.5,490.5,3.09,-11.02,0.52,0.363,0.78,10
CNc1cc2cc(C(=O)N3C[C@H]4C[C@@]45C3=CC(=O)c3[nH]c(C)c(C(=O)OC)c35)[nH]c2c(OC)c1OC,MAP2K1,bioisostere,0.469,4.5,490.5,3.1,-11.02,0.541,0.365,0.812,10
COc1nc(Cl)cc(-c2nn(C(F)F)cc2Cc2ccccc2OCCN2CCNC(=O)C2)n1,EZH2,r_group,0.459,4.2,492.9,3.1,-11.02,0.441,0.331,0.661,10
Nc1nc(Cl)cc(-c2nn(C(F)Cl)cc2Cc2ccccc2OCCN2CCNC(=O)C2)n1,EZH2,bioisostere,0.366,4.1,494.4,3.11,-11.01,0.588,0.384,0.882,10
CC(F)n1cc(Cc2ccccc2OCCN2CCS(=O)(=O)CC2)c(-c2cc(Cl)nc(N)n2)n1,EZH2,bioisostere,0.462,4.2,509.0,3.11,-11.01,0.52,0.393,0.78,10
CNC.COc1cc2cc(C(=O)N3C[C@H]4C[C@@]45C3=CC(=O)c3c5cc(C)n3C)[nH]c2c(OC)c1OC.O,MAP2K1,bioisostere,0.554,4.6,510.6,3.11,-11.01,0.496,0.336,0.745,10
COC(=O)c1c(C)[nH]c2c1[C@@]13C[C@@H]1CN(C(=O)c1cc4cc(OC(C)C)c(OC)c(OC)c4[nH]1)C3=CC2=O,MAP2K1,r_group,0.474,4.8,519.6,3.11,-11.01,0.539,0.371,0.808,10
Nc1nc(Cl)cc(-c2nn(C(F)F)cc2Cc2ccccc2OCCN2CCOC[C@@H]2C(=O)OC2CC2)n1,EZH2,r_group,0.3,4.8,549.0,3.12,-11.01,0.529,0.429,0.794,10
CC(F)n1cc(Cc2ccccc2OCCN2CCNC(=O)C2)c(-c2cc(Cl)nc(N)n2)n1,EZH2,bioisostere,0.483,4.1,473.9,3.12,-11.01,0.461,0.361,0.691,10
CCOc1c(OC)c(OC)cc2cc(C(=O)N3C[C@H]4C[C@@]45C3=CC(=O)c3[nH]c(C)c(C(=O)OC)c35)[nH]c12,MAP2K1,r_group,0.492,4.6,505.5,3.12,-11.01,0.533,0.363,0.799,10
CN(C)c1nc(Cl)cc(-c2nn(C(F)F)cc2Cc2ccccc2OCCN2CCNC(=O)C2)n1,EZH2,r_group,0.447,4.4,506.0,3.12,-11.01,0.431,0.348,0.646,10
Cc1nc(Cl)cc(-c2nn(C(F)F)cc2Cc2ccccc2OCCN2CCNC(=O)C2)n1,EZH2,r_group,0.503,4.1,476.9,3.12,-11.01,0.452,0.356,0.678,10
Nc1nc(Cl)cc(-c2nn(C(F)F)cc2Cc2ccoc2)n1.O=C1CN(CCO)CCN1,EZH2,bioisostere,0.463,4.0,469.9,3.13,-11.01,0.392,0.318,0.589,10
COC(=O)[C@@H]1COCCN1CCOc1ccsc1.Cc1cn(C(F)F)nc1-c1cc(Cl)nc(N)n1,EZH2,bioisostere,0.362,4.4,531.0,3.13,-11.01,0.446,0.352,0.669,10
O=C1CN(CCOc2ccccc2Cc2cn(C(F)F)nc2-c2cc(Cl)nc(C(=O)O)n2)CCN1,EZH2,r_group,0.424,4.4,506.9,3.13,-11.01,0.435,0.331,0.652,10
COC(=O)[C@H]1COCCN1CCOc1ccsc1.Cc1cn(C(F)F)nc1-c1cc(Cl)nc(N)n1,EZH2,bioisostere,0.362,4.4,531.0,3.13,-11.01,0.446,0.359,0.669,10
CN1CCNC(=O)C1.CNc1ccccc1Cc1cn(C(F)F)nc1-c1cc(Cl)nc(N)n1,EZH2,bioisostere,0.483,4.1,478.9,3.14,-11.01,0.383,0.332,0.575,10
Nc1nc(Cl)cc(-c2nn(C(F)F)cc2Cc2ccsc2)n1.O=C1CN(CCO)CCN1,EZH2,bioisostere,0.456,4.0,485.9,3.14,-11.01,0.384,0.315,0.575,10
Nc1nc(Cl)cc(-c2nn(C(F)F)cc2Cc2ccncc2)n1.O=C1CN(CCO)CCN1,EZH2,bioisostere,0.45,4.1,480.9,3.14,-11.01,0.417,0.323,0.626,10
COC(=O)[C@@H]1COCCN1CCOc1ccncc1.Cc1cn(C(F)F)nc1-c1cc(Cl)nc(N)n1,EZH2,bioisostere,0.363,4.5,525.9,3.14,-11.01,0.455,0.385,0.683,10
CNc1cc2cc(C(=O)N3C[C@H]4C[C@@]45C3=CC(=O)c3c5c(C(=O)OC)c(C)n3C)[nH]c2c(OC)c1OC,MAP2K1,bioisostere,0.513,4.6,504.5,3.14,-11.01,0.503,0.332,0.754,10
Nc1nc(Cl)cc(-c2nn(C(F)F)cc2Cc2ccsc2)n1.O=S1(=O)CCN(CCO)CC1,EZH2,bioisostere,0.474,4.1,521.0,3.14,-11.01,0.367,0.328,0.55,10
N#Cc1nc(Cl)cc(-c2nn(C(F)F)cc2Cc2ccccc2OCCN2CCNC(=O)C2)n1,EZH2,r_group,0.486,4.2,487.9,3.15,-11.01,0.44,0.333,0.66,10
Nc1nc(Cl)cc(-c2nn(C(F)F)cc2Cc2ccccc2OCCN2CCOC[C@H]2C(=O)OC2CC2)n1,EZH2,r_group,0.3,4.8,549.0,3.15,-11.01,0.459,0.393,0.689,10
Nc1nc(Cl)cc(-c2nn(C(F)F)cc2Cc2cc[nH]c2)n1.O=C1CN(CCO)CCN1,EZH2,bioisostere,0.4,4.0,468.9,3.15,-11.01,0.418,0.324,0.627,10
COC(=O)c1cc2c([nH]1)C(=O)C=C1C2C(C(C)C)CN1C(=O)c1cc2cc(OC)c(OC)c(OC)c2[nH]1,MAP2K1,r_group,0.485,4.6,507.5,3.15,-11.01,0.501,0.313,0.751,10
CNC.COc1cc2cc(C(=O)N3CC(C)C4C3=CC(=O)c3[nH]ccc34)[nH]c2c(OC)c1OC.O,MAP2K1,bioisostere,0.52,4.4,484.6,3.16,-11.0,0.516,0.309,0.775,10
NOC(=O)[C@H]1COCCN1CCOc1ccccc1Cc1cn(C(F)F)nc1-c1cc(Cl)nc(N)n1,EZH2,r_group,0.316,4.5,523.9,3.17,-11.0,0.502,0.43,0.753,10
NC(=O)c1nc(Cl)cc(-c2nn(C(F)F)cc2Cc2ccccc2OCCN2CCNC(=O)C2)n1,EZH2,r_group,0.425,4.4,505.9,3.17,-11.0,0.443,0.349,0.664,10
CC(C)c1nc(Cl)cc(-c2nn(C(F)F)cc2Cc2ccccc2OCCN2CCNC(=O)C2)n1,EZH2,r_group,0.445,4.4,505.0,3.18,-11.0,0.411,0.33,0.616,10
COC(=O)c1c(C)[nH]c2c1[C@@]13C[C@@H]1CN(C(=S)/C=C/c1ccc(OC)nn1)C3=CC2=O,MAP2K1,bioisostere,0.444,3.9,436.5,3.18,-11.0,0.578,0.361,0.866,10
CNC(=O)[C@H]1COCCN1CCOc1ccccc1Cc1cn(C(F)F)nc1-c1cc(Cl)nc(N)n1,EZH2,bioisostere,0.412,4.5,522.0,3.18,-11.0,0.468,0.41,0.702,10
C.NC(=O)[C@H]1COCCN1CCOc1ccccc1Cc1cn(C(F)F)nc1-c1cc(Cl)nc(N)n1,EZH2,bioisostere,0.409,4.5,524.0,3.19,-11.0,0.507,0.417,0.76,10
Nc1nc(Cl)cc(-c2nn(C(F)F)cc2Cc2ccccc2OCCN2CCOC[C@@H]2C(=O)OCl)n1,EZH2,r_group,0.406,4.5,543.4,3.19,-11.0,0.511,0.458,0.767,10
COC(=O)[C@@H]1COCCN1CCOc1ccoc1.Cc1cn(C(F)F)nc1-c1cc(Cl)nc(N)n1,EZH2,bioisostere,0.371,4.4,514.9,3.19,-11.0,0.44,0.355,0.66,10
CNC(=O)[C@@H]1COCCN1CCOc1ccccc1Cc1cn(C(F)F)nc1-c1cc(Cl)nc(N)n1,EZH2,bioisostere,0.412,4.5,522.0,3.2,-11.0,0.525,0.439,0.787,10
Nc1nc(Cl)cc(-c2nn(C(F)Cl)cc2Cc2ccccc2OCCN2CCS(=O)(=O)CC2)n1,EZH2,bioisostere,0.35,4.2,529.4,3.2,-11.0,0.49,0.404,0.735,10
C.NC(=O)[C@@H]1COCCN1CCOc1ccccc1Cc1cn(C(F)F)nc1-c1cc(Cl)nc(N)n1,EZH2,bioisostere,0.409,4.5,524.0,3.2,-11.0,0.547,0.436,0.82,10
COc1ccc(/C=C/C(=O)N2C[C@H]3C[C@@]34C2=CC(=O)c2[nH]c(C)c(C(=O)OC3CC3)c24)nn1,MAP2K1,r_group,0.554,4.1,446.5,3.2,-11.0,0.545,0.343,0.817,10
Nc1nc(Cl)cc(-c2nn(C(F)F)cc2Cc2ccccc2OCCN2CCOC[C@@H]2C(=O)OF)n1,EZH2,r_group,0.42,4.5,526.9,3.2,-11.0,0.525,0.444,0.787,10
O=C1CN(CCOc2ccccc2Cc2cn(C(F)F)nc2-c2cc(Cl)nc(O)n2)CCN1,EZH2,r_group,0.479,4.1,478.9,3.21,-11.0,0.44,0.349,0.66,10
Nc1nc(Cl)cc(-c2nn(C(F)F)cc2Cc2cc[nH]c2)n1.O=S1(=O)CCN(CCO)CC1,EZH2,bioisostere,0.43,4.1,504.0,3.21,-11.0,0.411,0.333,0.617,10
Nc1nc(Cl)cc(-c2nn(C(F)F)cc2Cc2ccncc2)n1.O=S1(=O)CCN(CCO)CC1,EZH2,bioisostere,0.469,4.2,516.0,3.22,-10.99,0.439,0.336,0.658,10
CCc1nc(Cl)cc(-c2nn(C(F)F)cc2Cc2ccccc2OCCN2CCNC(=O)C2)n1,EZH2,r_group,0.463,4.2,490.9,3.22,-10.99,0.475,0.361,0.713,10
CNCCN(C)CCOc1ccccc1Cc1cn(C(F)F)nc1-c1cc(Cl)nc(N)n1.CO,EZH2,bioisostere,0.346,4.2,498.0,3.23,-10.99,0.4,0.359,0.6,10
C.Nc1nc(Cl)cc(-c2nn(C(F)F)cc2Cc2ccccc2OCCN2CCOC[C@H]2S(N)(=O)=O)n1,EZH2,bioisostere,0.377,4.6,560.0,3.24,-10.99,0.471,0.409,0.706,10
Nc1nc(Cl)cc(-c2nn(C(F)F)cc2Cc2ccoc2)n1.O=S1(=O)CCN(CCO)CC1,EZH2,bioisostere,0.481,4.1,504.9,3.24,-10.99,0.395,0.326,0.592,10
O=C1CN(CCOc2ccccc2Cc2cn(C(F)F)nc2-c2cc(Cl)nc(C3CC3)n2)CCN1,EZH2,r_group,0.449,4.4,503.0,3.25,-10.99,0.45,0.348,0.674,10
C.Nc1nc(Cl)cc(-c2nn(C(F)F)cc2Cc2ccccc2OCCN2CCOC[C@@H]2S(N)(=O)=O)n1,EZH2,bioisostere,0.377,4.6,560.0,3.25,-10.99,0.52,0.432,0.781,10
NS(=O)(=O)c1nc(Cl)cc(-c2nn(C(F)F)cc2Cc2ccccc2OCCN2CCNC(=O)C2)n1,EZH2,r_group,0.306,4.5,542.0,3.25,-10.99,0.45,0.379,0.675,10
CNc1cc2cc(C(=O)N3CC(C)C4C3=CC(=O)c3[nH]c(C(=O)OC)cc34)[nH]c2c(OC)c1OC,MAP2K1,bioisostere,0.481,4.4,478.5,3.27,-10.98,0.472,0.273,0.707,10
CN.Nc1nc(Cl)cc(-c2nn(C(F)F)cc2Cc2ccccc2OCCN2C[CH]OCC2)n1,EZH2,bioisostere,0.459,4.2,495.0,3.3,-10.98,0.511,0.442,0.766,10
CNc1cc2ncnc(Nc3ncc(CC(=O)Nc4cccc(F)c4)s3)c2cc1OC.COC,AURKA,bioisostere,0.353,4.2,484.6,3.3,-10.98,0.408,0.272,0.611,10
Nc1nc(Cl)cc(-c2nn(C(F)F)cc2Cc2ccccc2OCCN2CCOC[C@H]2C(=O)OCl)n1,EZH2,r_group,0.406,4.5,543.4,3.31,-10.98,0.525,0.455,0.787,10
CN[C@@H](CO)CN(C)CCOc1ccccc1Cc1cn(C(F)F)nc1-c1cc(Cl)nc(N)n1,EZH2,bioisostere,0.328,4.2,496.0,3.33,-10.97,0.415,0.38,0.623,10
O=C(Cl)c1c(Cc2cc3c(cc2Cl)OCO3)c(-c2ccccc2)nn1CC1CCCCC1,CHEK2,r_group,0.386,4.0,471.4,3.35,-10.97,0.575,0.409,0.862,10
O=C(O)C(=O)c1c(Cc2cc3c(cc2Cl)OCO3)c(-c2ccccc2)nn1CC1CCCCC1,CHEK2,r_group,0.361,4.2,480.9,3.36,-10.97,0.553,0.4,0.83,10
COCCOc1cc2ncnc(Nc3ncc(CC(=O)Nc4ccsc4)s3)c2cc1OC.F,AURKA,bioisostere,0.317,4.1,491.6,3.37,-10.97,0.426,0.333,0.639,10
CCN1CCOCC1.CNc1cc2ncnc(Nc3ncc(C(=O)Nc4ccc(F)cc4)s3)c2cc1OC,AURKA,bioisostere,0.31,4.8,539.6,3.37,-10.97,0.453,0.325,0.679,10
O=C(Cl)c1c(Cc2cc3c(cc2Cl)OCO3)c(-c2cccs2)nn1CC1CCCCC1,CHEK2,r_group,0.378,3.9,477.4,3.38,-10.96,0.531,0.387,0.796,10
CNC(=O)c1c(Cc2cc3c(cc2Cl)OCO3)c(-c2cccs2)nn1CC1CCCCC1,CHEK2,r_group,0.513,4.0,472.0,3.38,-10.97,0.553,0.369,0.83,10
Nc1nc(Cl)cc(-c2nn(C(F)F)cc2Cc2ccncc2)n1.OCCN1CCO[C@@H](CO)C1,EZH2,bioisostere,0.416,4.2,497.9,3.39,-10.96,0.416,0.336,0.625,10
Cl.O=C(O)c1c(Cc2ccncc2)c(-c2cccs2)nn1CC1CCCCC1.OCO,CHEK2,bioisostere,0.47,3.9,466.0,3.39,-10.96,0.426,0.319,0.639,10
NS(=O)(=O)c1c(Cc2cc3c(cc2Cl)OCO3)c(-c2cccs2)nn1CC1CCCCC1,CHEK2,bioisostere,0.531,4.0,494.0,3.39,-10.96,0.452,0.338,0.678,10
CNc1cc(Cl)c(Cc2c(-c3cccs3)nn(CC3CCCCC3)c2C(=O)O)cc1O,CHEK2,bioisostere,0.384,3.9,460.0,3.39,-10.96,0.472,0.343,0.709,10
CC(C)C(=O)c1c(Cc2cc3c(cc2Cl)OCO3)c(-c2cccs2)nn1CC1CCCCC1,CHEK2,r_group,0.338,4.1,485.0,3.39,-10.96,0.519,0.352,0.779,10
O=C(F)c1c(Cc2cc3c(cc2Cl)OCO3)c(-c2ccccc2)nn1CC1CCCCC1,CHEK2,r_group,0.415,4.0,454.9,3.39,-10.96,0.607,0.389,0.911,10
CNC(=O)c1c(C)[nH]c2c1[C@@]13C[C@@H]1CN(C(=O)/C=C/c1cnc(OC)nc1)C3=CC2=O,MAP2K1,bioisostere,0.723,3.9,419.4,3.39,-10.96,0.699,0.367,1.0,10
NS(=O)(=O)C(=O)c1c(Cc2cc3c(cc2Cl)OCO3)c(-c2ccccc2)nn1CC1CCCCC1,CHEK2,r_group,0.516,4.4,516.0,3.4,-10.96,0.695,0.411,1.0,10
CC(=O)c1c(Cc2cc3c(cc2Cl)OCO3)c(-c2cccs2)nn1CC1CCCCC1,CHEK2,r_group,0.404,3.9,457.0,3.4,-10.96,0.521,0.361,0.782,10
NC(=O)c1c(Cc2cc3c(cc2Cl)OCO3)c(-c2ccsc2)nn1CC1CCCCC1,CHEK2,bioisostere,0.547,3.9,458.0,3.41,-10.96,0.547,0.393,0.82,10
NC(=O)c1c(Cc2cc3c(cc2Cl)OCO3)c(-c2ccccc2)nn1CC1CCCCC1,CHEK2,r_group,0.558,4.0,452.0,3.41,-10.96,0.655,0.409,0.982,10
O=C(O)C(=O)c1c(Cc2cc3c(cc2Cl)OCO3)c(-c2cccs2)nn1CC1CCCCC1,CHEK2,r_group,0.353,4.1,487.0,3.41,-10.96,0.507,0.374,0.76,10
CNC(=O)c1c(C)[nH]c2c1[C@@]13C[C@@H]1CN(C(=O)/C=C/c1ccc(OC)nn1)C3=CC2=O,MAP2K1,bioisostere,0.723,3.9,419.4,3.41,-10.96,0.521,0.365,0.781,10
Cl.O=C(O)COC1CCCCC1Cn1nc(-c2ccccc2)c(Cc2ccoc2)c1C(=O)O.OCO,CHEK2,bioisostere,0.309,4.5,523.0,3.42,-10.96,0.44,0.304,0.66,10
COC(=O)c1c(Cc2cc3c(cc2Cl)OCO3)c(-c2cccs2)nn1CC1CCCCC1,CHEK2,r_group,0.415,4.0,473.0,3.42,-10.96,0.495,0.381,0.742,10
Nc1nc(Cl)cc(-c2nn(C(F)F)cc2Cc2ccoc2)n1.OCCN1CCO[C@@H](CO)C1,EZH2,bioisostere,0.427,4.1,486.9,3.42,-10.96,0.424,0.35,0.636,10
CN1CCO[C@@H](CO)C1.CNc1ccccc1Cc1cn(C(F)F)nc1-c1cc(Cl)nc(N)n1,EZH2,bioisostere,0.447,4.2,496.0,3.42,-10.96,0.447,0.372,0.671,10
COC(=O)c1c(OC)[nH]c2c1[C@@]13C[C@@H]1CN(C(=O)/C=C/c1ccc(OC)nn1)C3=CC2=O,MAP2K1,r_group,0.553,4.0,436.4,3.43,-10.96,0.51,0.363,0.765,10
O=C(F)c1c(Cc2cc3c(cc2Cl)OCO3)c(-c2cccs2)nn1CC1CCCCC1,CHEK2,r_group,0.406,3.9,461.0,3.43,-10.96,0.487,0.353,0.731,10
COCCOc1cc2ncnc(Nc3ncc(CC(=O)Nc4ccoc4)s3)c2cc1OC.F,AURKA,bioisostere,0.33,4.1,475.5,3.43,-10.96,0.43,0.317,0.645,10
CCN1CCOCC1.CNc1cc2ncnc(Nc3cnc(NC(=O)c4ccccc4)nc3)c2cc1OC,AURKA,bioisostere,0.334,4.8,516.6,3.43,-10.96,0.424,0.291,0.636,10
Cl.O=C(O)c1c(Cc2ccoc2)c(-c2cccs2)nn1CC1CCCCC1.OCO,CHEK2,bioisostere,0.475,3.8,455.0,3.43,-10.96,0.399,0.317,0.599,10
COc1ccc(/C=C/C(=O)N2C[C@H]3C[C@@]34C2=CC(=O)c2[nH]c(C)c(C(=O)OC(C)C)c24)nn1,MAP2K1,r_group,0.552,4.1,448.5,3.43,-10.96,0.528,0.322,0.792,10
O=C(c1c(Cc2cc3c(cc2Cl)OCO3)c(-c2ccccc2)nn1CC1CCCCC1)C1CC1,CHEK2,r_group,0.356,4.2,477.0,3.44,-10.95,0.554,0.396,0.831,10
CN(C)C(=O)c1c(Cc2cc3c(cc2Cl)OCO3)c(-c2cccs2)nn1CC1CCCCC1,CHEK2,r_group,0.438,4.1,486.0,3.44,-10.95,0.459,0.355,0.689,10
CNc1ccc(/C=C/C(=O)N2C[C@H]3C[C@@]34C2=CC(=O)c2[nH]c(C)c(C(=O)OC)c24)nn1,MAP2K1,bioisostere,0.573,3.9,419.4,3.44,-10.95,0.511,0.36,0.767,10
CNC.COc1cc2ncnc(Nc3ncc(CC(=O)Nc4cccc(F)c4)s3)c2cc1OC,AURKA,bioisostere,0.361,4.2,484.6,3.44,-10.95,0.486,0.327,0.729,10
CNc1ncc(/C=C/C(=O)N2C[C@H]3C[C@@]34C2=CC(=O)c2[nH]c(C)c(C(=O)OC)c24)cn1,MAP2K1,bioisostere,0.573,3.9,419.4,3.45,-10.95,0.662,0.389,0.993,10
Cl.O=C(O)c1c(Cc2ccsc2)c(-c2cccs2)nn1CC1CCCCC1.OCO,CHEK2,bioisostere,0.445,3.8,471.0,3.45,-10.95,0.435,0.319,0.652,10
NC(=O)C(=O)c1c(Cc2cc3c(cc2Cl)OCO3)c(-c2cccs2)nn1CC1CCCCC1,CHEK2,r_group,0.382,4.1,486.0,3.45,-10.95,0.494,0.364,0.742,10
O=C(O)c1c(Cc2cc3c(cc2Cl)OCO3)c(-c2ccoc2)nn1CC1CCCCC1,CHEK2,bioisostere,0.55,3.9,442.9,3.45,-10.95,0.501,0.383,0.751,10
CN(C)C(=O)c1c(Cc2cc3c(cc2Cl)OCO3)c(-c2ccccc2)nn1CC1CCCCC1,CHEK2,r_group,0.448,4.2,480.0,3.46,-10.95,0.577,0.397,0.865,10
COCCOc1cc2ncnc(Nc3ncc(CC(=O)Nc4ccncc4)s3)c2cc1OC.F,AURKA,bioisostere,0.324,4.2,486.5,3.46,-10.95,0.438,0.325,0.656,10
Nc1nc(Cl)cc(-c2nn(C(F)F)cc2Cc2ccsc2)n1.OCCN1CCO[C@@H](CO)C1,EZH2,bioisostere,0.421,4.1,503.0,3.46,-10.95,0.477,0.359,0.716,10
COC(=O)c1c(C)[nH]c2c1[C@@]13C[C@@H]1CN(C(=O)/C=C/c1ccc(OC(F)(F)F)nn1)C3=CC2=O,MAP2K1,r_group,0.535,4.2,474.4,3.46,-10.95,0.478,0.364,0.718,10
COC(=O)c1c(C(F)(F)F)[nH]c2c1[C@@]13C[C@@H]1CN(C(=O)/C=C/c1ccc(OC)nn1)C3=CC2=O,MAP2K1,r_group,0.535,4.2,474.4,3.46,-10.95,0.499,0.354,0.748,10
N#CC(=O)c1c(Cc2cc3c(cc2Cl)OCO3)c(-c2cccs2)nn1CC1CCCCC1,CHEK2,r_group,0.334,4.0,468.0,3.46,-10.95,0.522,0.364,0.783,10
Cl.O=C(O)c1c(Cc2cc[nH]c2)c(-c2ccccc2)nn1CC1CCCCC1.OCO,CHEK2,bioisostere,0.425,3.9,448.0,3.46,-10.95,0.432,0.325,0.648,10
O=C(O)c1c(Cc2cc3c(cc2Cl)OCO3)c(-c2cc[nH]c2)nn1CC1CCCCC1,CHEK2,bioisostere,0.553,3.9,441.9,3.46,-10.95,0.503,0.387,0.754,10
CC(C)C(=O)c1c(Cc2cc3c(cc2Cl)OCO3)c(-c2ccccc2)nn1CC1CCCCC1,CHEK2,r_group,0.345,4.2,479.0,3.47,-10.95,0.5,0.372,0.751,10
NS(=O)(=O)c1c(Cc2cc3c(cc2Cl)OCO3)c(-c2ccsc2)nn1CC1CCCCC1,CHEK2,bioisostere,0.531,4.0,494.0,3.47,-10.95,0.466,0.34,0.698,10
COc1cc2cc(C(=O)N3C[C@H]4C[C@@]45C3=CC(=O)c3[nH]c(C)c(C(=O)OC4CC4)c35)[nH]c2c(OC)c1OC,MAP2K1,r_group,0.479,4.8,517.5,3.48,-10.95,0.618,0.375,0.927,10
O=C(c1c(Cc2cc3c(cc2Cl)OCO3)c(-c2cccs2)nn1CC1CCCCC1)C1CC1,CHEK2,r_group,0.349,4.1,483.0,3.48,-10.95,0.491,0.343,0.736,10
CNC.Nc1nc(Cl)cc(-c2nn(C(F)F)cc2Cc2ccccc2OCCN2[CH]COCC2)n1.O,EZH2,bioisostere,0.427,4.5,527.0,3.48,-10.95,0.571,0.447,0.857,10
Cl.O=C(O)c1c(Cc2ccsc2)c(-c2ccsc2)nn1CC1CCCCC1.OCO,CHEK2,bioisostere,0.445,3.8,471.0,3.49,-10.95,0.421,0.314,0.631,10
COC(=O)c1c(Cc2cc3c(cc2Cl)OCO3)c(-c2ccccc2)nn1CC1CCCCC1,CHEK2,r_group,0.424,4.1,467.0,3.5,-10.94,0.482,0.39,0.723,10
Cl.O=C(O)c1c(Cc2ccsc2)c(-c2ccccc2)nn1CC1CCCCC1.OCO,CHEK2,bioisostere,0.454,3.9,465.0,3.5,-10.94,0.425,0.329,0.638,10
Nc1nc(Cl)cc(-c2nn(C(F)F)cc2Cc2cc[nH]c2)n1.OCCN1CCO[C@@H](CO)C1,EZH2,bioisostere,0.37,4.1,485.9,3.5,-10.94,0.445,0.352,0.668,10
Cl.O=C(O)c1c(Cc2cc[nH]c2)c(-c2cccs2)nn1CC1CCCCC1.OCO,CHEK2,bioisostere,0.419,3.8,454.0,3.5,-10.94,0.426,0.324,0.638,10
Cl.O=C(O)c1c(Cc2ccncc2)c(-c2ccsc2)nn1CC1CCCCC1.OCO,CHEK2,bioisostere,0.47,3.9,466.0,3.5,-10.94,0.437,0.326,0.656,10
Cl.O=C(O)COC1CCCCC1Cn1nc(-c2ccccc2)c(Cc2ccsc2)c1C(=O)O.OCO,CHEK2,bioisostere,0.3,4.5,539.1,3.51,-10.94,0.466,0.314,0.699,10
O=C(O)COC1CCCCC1Cn1nc(-c2ccoc2)c(Cc2cc3c(cc2Cl)OCO3)c1C(=O)O,CHEK2,bioisostere,0.422,4.5,516.9,3.51,-10.94,0.496,0.345,0.744,10
COC(=O)c1c(C2CC2)[nH]c2c1[C@@]13C[C@@H]1CN(C(=O)/C=C/c1ccc(OC)nn1)C3=CC2=O,MAP2K1,r_group,0.554,4.1,446.5,3.52,-10.94,0.467,0.352,0.701,10
CCC(=O)c1c(Cc2cc3c(cc2Cl)OCO3)c(-c2cccs2)nn1CC1CCCCC1,CHEK2,r_group,0.358,4.0,471.0,3.52,-10.94,0.477,0.358,0.716,10
O=C(O)COC1CCCCC1Cn1nc(-c2ccncc2)c(Cc2cc3c(cc2Cl)OCO3)c1C(=O)O,CHEK2,bioisostere,0.418,4.6,528.0,3.52,-10.94,0.5,0.366,0.749,10
COOc1ccc(/C=C/C(=O)N2C[C@H]3C[C@@]34C2=CC(=O)c2[nH]c(C)c(C(=O)OC)c24)nn1,MAP2K1,r_group,0.325,4.0,436.4,3.53,-10.94,0.501,0.348,0.752,10
Cl.O=C(O)c1c(Cc2ccoc2)c(-c2ccsc2)nn1CC1CCCCC1.OCO,CHEK2,bioisostere,0.475,3.8,455.0,3.53,-10.94,0.473,0.323,0.709,10
COc1ccc(/C=C/C(=O)N2C[C@H]3C[C@@]34C2=CC(=O)c2[nH]c(C)c(C(=O)SC)c24)nn1,MAP2K1,bioisostere,0.734,3.9,436.5,3.53,-10.94,0.518,0.354,0.776,10
CN.Clc1cc2c(cc1Cc1cn(CC3CCCCC3)nc1-c1cccs1)OCO2.O,CHEK2,bioisostere,0.581,3.9,464.0,3.55,-10.94,0.382,0.298,0.573,10
CCC(=O)c1c(Cc2cc3c(cc2Cl)OCO3)c(-c2ccccc2)nn1CC1CCCCC1,CHEK2,r_group,0.365,4.1,465.0,3.55,-10.93,0.476,0.373,0.714,10
O=C(O)c1c(Cc2cc3c(cc2Cl)OCO3)c(-c2ccncc2)nn1CC1CCCCC1,CHEK2,bioisostere,0.552,4.0,453.9,3.56,-10.93,0.542,0.418,0.812,10
Cl.O=C(O)c1c(Cc2ccncc2)c(-c2ccccc2)nn1CC1CCCCC1.OCO,CHEK2,bioisostere,0.477,4.0,460.0,3.56,-10.93,0.422,0.335,0.633,10
Cl.O=C(O)c1c(Cc2ccoc2)c(-c2ccccc2)nn1CC1CCCCC1.OCO,CHEK2,bioisostere,0.483,3.9,448.9,3.56,-10.93,0.42,0.333,0.629,10
O=C(O)COC1CCCCC1Cn1nc(-c2cc[nH]c2)c(Cc2cc3c(cc2Cl)OCO3)c1C(=O)O,CHEK2,bioisostere,0.385,4.5,516.0,3.56,-10.93,0.5,0.377,0.75,10
CNC(=O)c1c(Cc2cc3c(cc2Cl)OCO3)c(-c2ccccc2)nn1CC1CCCCC1,CHEK2,r_group,0.524,4.1,466.0,3.56,-10.93,0.457,0.374,0.685,10
CN.Clc1cc2c(cc1Cc1cn(CC3CCCCC3)nc1-c1ccsc1)OCO2.O,CHEK2,bioisostere,0.581,3.9,464.0,3.57,-10.93,0.445,0.305,0.667,10
NC(=O)C(=O)c1c(Cc2cc3c(cc2Cl)OCO3)c(-c2ccccc2)nn1CC1CCCCC1,CHEK2,r_group,0.389,4.2,480.0,3.57,-10.93,0.468,0.386,0.702,10
CNc1cc(Cl)c(Cc2c(-c3ccsc3)nn(CC3CCCCC3)c2C(=O)O)cc1O,CHEK2,bioisostere,0.384,3.9,460.0,3.57,-10.93,0.501,0.349,0.752,10
COC(=O)c1c(C)[nH]c2c1[C@@]13C[C@@H]1CN(C(=O)/C=C/c1ccc(OC(C)C)nn1)C3=CC2=O,MAP2K1,r_group,0.552,4.1,448.5,3.58,-10.93,0.534,0.368,0.801,10
Cl.O=C(O)COC1CCCCC1Cn1nc(-c2ccccc2)c(Cc2ccncc2)c1C(=O)O.OCO,CHEK2,bioisostere,0.303,4.6,534.0,3.59,-10.93,0.398,0.315,0.596,10
NC(=O)c1c(Cc2cc3c(cc2Cl)OCO3)c(-c2cccs2)nn1CC1CCCCC1,CHEK2,bioisostere,0.547,3.9,458.0,3.59,-10.93,0.512,0.383,0.767,10
Cl.O=C(O)c1c(Cc2cc[nH]c2)c(-c2ccsc2)nn1CC1CCCCC1.OCO,CHEK2,bioisostere,0.419,3.8,454.0,3.61,-10.93,0.442,0.317,0.663,10
COOC(=O)c1c(C)[nH]c2c1[C@@]13C[C@@H]1CN(C(=O)/C=C/c1ccc(OC)nn1)C3=CC2=O,MAP2K1,r_group,0.427,4.0,436.4,3.61,-10.93,0.661,0.38,0.992,10
N#CC(=O)c1c(Cc2cc3c(cc2Cl)OCO3)c(-c2ccccc2)nn1CC1CCCCC1,CHEK2,r_group,0.342,4.1,461.9,3.63,-10.92,0.51,0.395,0.765,10
C.COc1ncc(/C=C/C(=O)N2C[C@H]3C[C@@]34C2=CC(=O)c2[nH]c(C)c(S(N)(=O)=O)c24)cn1,MAP2K1,bioisostere,0.657,4.0,457.5,3.63,-10.92,0.467,0.338,0.701,10
COC(=O)c1c(C)[nH]c2c1[C@@]13C[C@@H]1CN(C(=O)/C=C/c1ccc(OC4CC4)nn1)C3=CC2=O,MAP2K1,r_group,0.554,4.1,446.5,3.64,-10.92,0.516,0.357,0.775,10
COC(=S)c1c(C)[nH]c2c1[C@@]13C[C@@H]1CN(C(=O)/C=C/c1cnc(OC)nc1)C3=CC2=O,MAP2K1,bioisostere,0.58,3.9,436.5,3.65,-10.92,0.689,0.386,1.0,10
CC(=O)c1c(Cc2cc3c(cc2Cl)OCO3)c(-c2ccccc2)nn1CC1CCCCC1,CHEK2,r_group,0.413,4.0,451.0,3.65,-10.92,0.574,0.417,0.861,10
CC1(F)CCC(n2c3cnccc3c3cnc(Nc4ccc(N5CCNCC5)cn4)nc32)CC1,CDK6,r_group,0.468,4.2,460.6,3.66,-10.92,0.753,0.471,1.0,10
CCOC(=O)c1c(C)[nH]c2c1[C@@]13C[C@@H]1CN(C(=O)/C=C/c1ccc(OC)nn1)C3=CC2=O,MAP2K1,r_group,0.567,4.0,434.5,3.66,-10.92,0.439,0.34,0.659,10
COc1ccc(/C=C/C(=O)N2C[C@H]3C[C@@]34C2=CC(=O)c2[nH]c(C)c(C(=O)OC(F)(F)F)c24)nn1,MAP2K1,r_group,0.535,4.2,474.4,3.67,-10.92,0.561,0.36,0.842,10
CCc1[nH]c2c(c1C(=O)OC)[C@@]13C[C@@H]1CN(C(=O)/C=C/c1ccc(OC)nn1)C3=CC2=O,MAP2K1,r_group,0.566,4.0,434.5,3.68,-10.91,0.424,0.316,0.636,10
c1ccc2c(c1)c1cnc(Oc3ccc(N4CCNCC4)cn3)nc1n2C1CCCCCC1,CDK6,bioisostere,0.445,4.1,442.6,3.68,-10.91,0.523,0.361,0.784,10
C.COc1ccc(/C=C/C(=O)N2C[C@H]3C[C@@]34C2=CC(=O)c2[nH]c(C)c(S(N)(=O)=O)c24)nn1,MAP2K1,bioisostere,0.657,4.0,457.5,3.69,-10.91,0.463,0.359,0.695,10
NS(=O)(=O)C(=O)c1c(Cc2cc3c(cc2Cl)OCO3)c(-c2cccs2)nn1CC1CCCCC1,CHEK2,r_group,0.507,4.2,522.0,3.69,-10.91,0.498,0.358,0.747,10
O=C(O)COC1CCCCC1Cn1nc(-c2ccsc2)c(Cc2cc3c(cc2Cl)OCO3)c1C(=O)O,CHEK2,bioisostere,0.397,4.5,533.0,3.71,-10.91,0.517,0.386,0.775,10
CNc1c(OC)cc2cc(C(=O)N3C[C@H]4C[C@@]45C3=CC(=O)c3c5c(C(=O)OC)c(C)n3C)[nH]c2c1OC,MAP2K1,bioisostere,0.513,4.6,504.5,3.71,-10.91,0.498,0.351,0.747,10
COC(=S)c1c(C)[nH]c2c1[C@@]13C[C@@H]1CN(C(=O)/C=C/c1ccc(OC)nn1)C3=CC2=O,MAP2K1,bioisostere,0.58,3.9,436.5,3.73,-10.91,0.489,0.353,0.733,10
COC1(C)CCC(n2c3cnccc3c3cnc(Nc4ccc(N5CCNCC5)cn4)nc32)CC1,CDK6,r_group,0.449,4.4,472.6,3.74,-10.9,0.621,0.442,0.932,10
CN(C)C1(C)CCC(n2c3cnccc3c3cnc(Nc4ccc(N5CCNCC5)cn4)nc32)CC1,CDK6,r_group,0.439,4.5,485.6,3.75,-10.9,0.585,0.429,0.878,10
C.COc1ccc(/C=C/C(=O)N2C[C@H]3C[C@@]34C2=CC(=O)c2[nH]c(C)c(C(N)=O)c24)nn1,MAP2K1,bioisostere,0.723,3.9,421.5,3.76,-10.9,0.46,0.359,0.689,10
COc1ncc(/C=C/C(=O)N2C[C@H]3C[C@@]34C2=CC(=O)c2[nH]c(C)c(C(=O)SC)c24)cn1,MAP2K1,bioisostere,0.734,3.9,436.5,3.77,-10.9,0.523,0.32,0.784,10
O=C1CNCCN1Cc1ccc(Oc2ncc3c4ccncc4n(C4CCCC4)c3n2)nc1,CDK6,bioisostere,0.506,4.1,443.5,3.77,-10.9,0.465,0.35,0.698,10
C.COc1ncc(/C=C/C(=O)N2C[C@H]3C[C@@]34C2=CC(=O)c2[nH]c(C)c(C(N)=O)c24)cn1,MAP2K1,bioisostere,0.723,3.9,421.5,3.79,-10.9,0.546,0.379,0.819,10
CNC1(C)CCC(n2c3cnccc3c3cnc(Nc4ccc(N5CCNCC5)cn4)nc32)CC1,CDK6,r_group,0.406,4.4,471.6,3.8,-10.89,0.686,0.445,1.0,10
c1cc2c3cnc(Oc4cnc(N5CCNCC5)nc4)nc3n(C3CCCC3)c2cn1,CDK6,bioisostere,0.542,3.9,416.5,3.84,-10.89,0.521,0.403,0.781,10
CNC.COc1ccc(/C=C/C(=O)N2C[C@H]3C[C@@]34C2=CC(=O)c2[nH]c(C)cc24)nn1.O,MAP2K1,bioisostere,0.706,3.9,425.5,3.84,-10.89,0.512,0.362,0.769,10
CC1(O)CCC(n2c3cnccc3c3cnc(Nc4ccc(N5CCNCC5)cn4)nc32)CC1,CDK6,r_group,0.428,4.2,458.6,3.84,-10.89,0.626,0.469,0.939,10
c1cc2c3cnc(Nc4cnc(N5CCOCC5)nc4)nc3n(C3CCCC3)c2cn1,CDK6,bioisostere,0.541,3.9,416.5,3.88,-10.88,0.642,0.436,0.963,10
CC1(C(N)=O)CCC(n2c3cnccc3c3cnc(Nc4ccc(N5CCNCC5)cn4)nc32)CC1,CDK6,r_group,0.394,4.5,485.6,3.89,-10.88,0.434,0.363,0.65,10
O=C1COCCN1Cc1ccc(Nc2ncc3c4ccncc4n(C4CCCC4)c3n2)nc1,CDK6,bioisostere,0.503,4.1,443.5,3.89,-10.88,0.495,0.412,0.743,10
COC(=O)c1c(C)[nH]c2c1[C@@]13C[C@@H]1CN(C(=S)/C=C/c1cnc(OC)nc1)C3=CC2=O,MAP2K1,bioisostere,0.444,3.9,436.5,3.92,-10.88,0.543,0.364,0.814,10
CC1(C#N)CCC(n2c3cnccc3c3cnc(Nc4ccc(N5CCNCC5)cn4)nc32)CC1,CDK6,r_group,0.46,4.4,467.6,3.92,-10.88,0.538,0.421,0.807,10
CC1(S(N)(=O)=O)CCC(n2c3cnccc3c3cnc(Nc4ccc(N5CCNCC5)cn4)nc32)CC1,CDK6,r_group,0.361,4.6,521.7,3.93,-10.87,0.538,0.415,0.807,10
CC1(C(=O)O)CCC(n2c3cnccc3c3cnc(Nc4ccc(N5CCNCC5)cn4)nc32)CC1,CDK6,r_group,0.387,4.5,486.6,3.93,-10.87,0.569,0.459,0.854,10
c1ccc2c(c1)c1cnc(Nc3ccc(N4CCOCC4)cn3)nc1n2C1CCCCCC1,CDK6,bioisostere,0.424,4.1,442.6,4.01,-10.86,0.644,0.413,0.965,10
S=C1CNCCN1Cc1ccc(Nc2ncc3c4ccncc4n(C4CCCC4)c3n2)nc1,CDK6,bioisostere,0.435,4.1,458.6,4.01,-10.86,0.471,0.392,0.707,10
CC1(C)CCC(n2c3cnccc3c3cnc(Nc4ccc(N5CCOCC5)cn4)nc32)CC1,CDK6,bioisostere,0.457,4.2,457.6,4.02,-10.86,0.483,0.42,0.725,10
CCC1(C)CCC(n2c3cnccc3c3cnc(Nc4ccc(N5CCNCC5)cn4)nc32)CC1,CDK6,r_group,0.422,4.4,470.6,4.04,-10.86,0.596,0.451,0.895,10
CC1(C)CCC(n2c3cnccc3c3cnc(Oc4ccc(N5CCNCC5)cn4)nc32)CC1,CDK6,bioisostere,0.475,4.2,457.6,4.04,-10.86,0.456,0.335,0.684,10
CC1(N)CCC(n2c3cnccc3c3cnc(Nc4ccc(N5CCNCC5)cn4)nc32)CC1,CDK6,r_group,0.428,4.2,457.6,4.05,-10.86,0.642,0.465,0.964,10
CC(C)C1(C)CCC(n2c3cnccc3c3cnc(Nc4ccc(N5CCNCC5)cn4)nc32)CC1,CDK6,r_group,0.397,4.5,484.7,4.07,-10.85,0.465,0.397,0.698,10
CNC.COc1ncc(/C=C/C(=O)N2C[C@H]3C[C@@]34C2=CC(=O)c2[nH]c(C)cc24)cn1.O,MAP2K1,bioisostere,0.706,3.9,425.5,4.07,-10.85,0.566,0.359,0.849,10
CCOc1ccc(/C=C/C(=O)N2C[C@H]3C[C@@]34C2=CC(=O)c2[nH]c(C)c(C(=O)OC)c24)nn1,MAP2K1,r_group,0.567,4.0,434.5,4.08,-10.85,0.596,0.378,0.894,10
CC1(Cl)CCC(n2c3cnccc3c3cnc(Nc4ccc(N5CCNCC5)cn4)nc32)CC1,CDK6,r_group,0.415,4.2,477.0,4.09,-10.85,0.486,0.42,0.729,10
CC1(C2CC2)CCC(n2c3cnccc3c3cnc(Nc4ccc(N5CCNCC5)cn4)nc32)CC1,CDK6,r_group,0.411,4.5,482.6,4.1,-10.85,0.518,0.44,0.778,10
CN1CCN(c2ccc(Nc3ncc4c5ccncc5n(C5CCCC5)c4n3)nc2)CC1.CNC,CDK6,bioisostere,0.463,4.4,473.6,4.13,-10.85,0.561,0.481,0.842,10
COC(=O)c1c(C(C)C)[nH]c2c1[C@@]13C[C@@H]1CN(C(=O)/C=C/c1ccc(OC)nn1)C3=CC2=O,MAP2K1,r_group,0.552,4.1,448.5,4.22,-10.83,0.579,0.372,0.868,10
CCCCCCC[Se](=O)CC(=O)C(F)(F)F,FOLH1,r_group,0.508,2.0,305.2,4.27,-10.83,0.662,0.353,0.993,10
CNCCN1CCN(c2ccc(Nc3ncc4c5ccncc5n(C5CCCC5)c4n3)nc2)CC1,CDK6,bioisostere,0.423,4.4,471.6,4.31,-10.82,0.559,0.456,0.839,10
COCCN1CCN(c2ccc(Oc3ncc4c5ccncc5n(C5CCCC5)c4n3)nc2)CC1,CDK6,bioisostere,0.398,4.4,473.6,4.33,-10.82,0.479,0.35,0.718,10
CSCCN1CCN(c2ccc(Nc3ncc4c5ccncc5n(C5CCCC5)c4n3)nc2)CC1,CDK6,bioisostere,0.401,4.4,488.7,4.38,-10.81,0.593,0.457,0.89,10
CCCCCC[Se](=O)CC(=O)C(C)(F)F,FOLH1,bioisostere,0.507,1.9,287.2,4.47,-10.8,0.571,0.323,0.856,10
CCCCCC[Se](=O)CC(=O)C(F)(F)Cl,FOLH1,bioisostere,0.391,1.9,307.6,4.48,-10.8,0.535,0.315,0.802,10
CN(C)CCCCC[Se](=O)CC(=O)C(F)(F)F,FOLH1,r_group,0.509,2.1,320.2,4.48,-10.8,0.508,0.284,0.762,10
O=C(C[Se](=O)CCCCCO)C(F)(F)F,FOLH1,r_group,0.574,1.9,293.1,4.49,-10.8,0.512,0.299,0.768,10
O=C(C[Se](=O)CCCCCC(F)(F)F)C(F)(F)F,FOLH1,r_group,0.401,2.2,345.1,4.52,-10.79,0.53,0.308,0.795,10
NCCCCC[Se](=O)CC(=O)C(F)(F)F,FOLH1,r_group,0.573,1.9,292.2,4.54,-10.79,0.531,0.327,0.797,10
CCCCCC[Se](=O)CC(=O)C(Cl)(Cl)Cl,FOLH1,bioisostere,0.4,1.9,340.5,4.54,-10.79,0.468,0.273,0.702,10
N#CCCCCC[Se](=O)CC(=O)C(F)(F)F,FOLH1,r_group,0.536,2.0,302.2,4.54,-10.79,0.523,0.311,0.784,10
O=C(C[Se](=O)CCCCCCl)C(F)(F)F,FOLH1,r_group,0.411,1.9,311.6,4.55,-10.79,0.585,0.34,0.878,10
CN(C)CCOc1ccsc1.O/N=C1\CCc2cc(-c3[nH]cnc3-c3ccncc3)ccc21,BRAF,bioisostere,0.313,4.1,461.6,4.55,-10.79,0.425,0.289,0.637,10
CC(C)CCCCC[Se](=O)CC(=O)C(F)(F)F,FOLH1,r_group,0.504,2.1,319.2,4.59,-10.78,0.503,0.29,0.754,10
CN(C)CCOc1ccncc1.O/N=C1\CCc2cc(-c3[nH]cnc3-c3ccncc3)ccc21,BRAF,bioisostere,0.332,4.2,456.6,4.59,-10.78,0.496,0.322,0.745,10
NS(=O)(=O)CCCCC[Se](=O)CC(=O)C(F)(F)F,FOLH1,r_group,0.519,2.2,356.2,4.62,-10.78,0.488,0.308,0.732,10
O=C(C[Se](=O)CCCCCC1CC1)C(F)(F)F,FOLH1,r_group,0.507,2.1,317.2,4.63,-10.78,0.478,0.291,0.716,10
O=C(C[Se](=O)CCCCCF)C(F)(F)F,FOLH1,r_group,0.411,1.9,295.1,4.65,-10.78,0.545,0.331,0.818,10
CCCCCC[Se](=O)CC(=O)C#N,FOLH1,bioisostere,0.393,1.6,248.2,4.66,-10.77,0.539,0.327,0.808,10
NC(=O)CCCCC[Se](=O)CC(=O)C(F)(F)F,FOLH1,r_group,0.545,2.1,320.2,4.66,-10.77,0.477,0.28,0.715,10
COCCCCC[Se](=O)CC(=O)C(F)(F)F,FOLH1,r_group,0.511,2.0,307.2,4.68,-10.77,0.513,0.31,0.77,10
O=C(O)CCCCC[Se](=O)CC(=O)C(F)(F)F,FOLH1,r_group,0.549,2.1,321.2,4.69,-10.77,0.498,0.291,0.747,10
CN(C)CCOc1cc[nH]c1.O/N=C1\CCc2cc(-c3[nH]cnc3-c3ccncc3)ccc21,BRAF,bioisostere,0.305,4.1,444.5,4.7,-10.77,0.443,0.305,0.665,10
CNCCCCC[Se](=O)CC(=O)C(F)(F)F,FOLH1,r_group,0.55,2.0,306.2,4.72,-10.77,0.507,0.319,0.76,10
ON=C1CCc2cc(-c3[nH]c(-c4ccccc4)nc3-c3ccncc3)ccc21,BRAF,r_group,0.399,3.5,366.4,4.73,-10.77,0.769,0.424,1.0,10
O/N=C1/CCc2cc(-c3[nH]c(-c4cc[nH]c4)nc3-c3ccncc3)ccc21,BRAF,bioisostere,0.379,3.4,355.4,4.75,-10.76,0.54,0.337,0.81,10
CN(C)CCOc1ccoc1.O/N=C1\CCc2cc(-c3[nH]cnc3-c3ccncc3)ccc21,BRAF,bioisostere,0.335,4.1,445.5,4.77,-10.76,0.398,0.297,0.596,10
Oc1cc(C(Cl)(Cl)Cl)c2cc3c(cc2n1)NC[C@H]1CCCC[C@H]31,AR,bioisostere,0.604,2.9,371.7,4.83,-10.75,0.686,0.378,1.0,10
CCCCCCC[Se](=O)(=O)CC(=O)C(F)(F)F,FOLH1,r_group,0.509,2.1,321.2,4.85,-10.75,0.651,0.344,0.976,10
CNN=C1CCc2cc(-c3[nH]c(-c4ccccc4)nc3-c3ccncc3)ccc21,BRAF,r_group,0.506,3.6,379.5,4.91,-10.74,0.45,0.349,0.675,10
CCCCCCNCC(=O)C(C)(F)F,FOLH1,bioisostere,0.619,1.8,207.3,4.92,-10.74,0.492,0.257,0.738,10
CCc1cc(C(F)(F)F)c2cc3c(cc2n1)NC[C@H]1CCCC[C@H]31,AR,r_group,0.743,3.0,334.4,4.93,-10.74,0.595,0.38,0.893,10
O=C(O)c1cc(C(F)(F)F)c2cc3c(cc2n1)NC[C@H]1CCCC[C@H]31,AR,r_group,0.786,3.1,350.3,4.95,-10.74,0.594,0.366,0.892,10
CCCCCC[Se](=O)(=O)CC(=O)C(F)(F)Cl,FOLH1,bioisostere,0.391,2.0,323.6,4.96,-10.74,0.588,0.334,0.882,10
CC(=O)O[C@]1(C(C)=O)CC[C@H]2[C@@H]3C[C@@H](C)C4=CC(=O)CC[C@]4(C)[C@H]3CC[C@@]21C,AR,r_group,0.648,3.5,386.5,4.98,-10.74,0.695,0.332,1.0,10
CCC(=O)O[C@]1(C(C)=O)CC[C@H]2[C@@H]3C[C@H](C)C4=CC(=O)CC[C@]4(C)[C@H]3CC[C@@]21C,AR,r_group,0.622,3.6,400.6,4.98,-10.74,0.706,0.332,1.0,10
O/N=C1/CCc2cc(-c3[nH]c(-c4ccoc4)nc3-c3ccncc3)ccc21,BRAF,bioisostere,0.417,3.4,356.4,4.99,-10.73,0.462,0.323,0.693,10
CC[C@@H]1C[C@@H]2[C@H](CC[C@@]3(C)[C@H]2CC[C@]3(OC(C)=O)C(C)=O)[C@@]2(C)CCC(=O)C=C12,AR,r_group,0.622,3.6,400.6,4.99,-10.73,0.719,0.341,1.0,10
CN(C)N=C1CCc2cc(-c3[nH]c(-c4ccccc4)nc3-c3ccncc3)ccc21,BRAF,r_group,0.496,3.8,393.5,5.0,-10.73,0.485,0.352,0.728,10
Nc1cc(C(F)(F)F)c2cc3c(cc2n1)NC[C@H]1CCCC[C@H]31,AR,r_group,0.749,2.9,321.3,5.0,-10.73,0.602,0.383,0.902,10
CON=C1CCc2cc(-c3[nH]c(-c4ccccc4)nc3-c3ccncc3)ccc21,BRAF,r_group,0.501,3.6,380.5,5.0,-10.73,0.459,0.341,0.689,10
CCCCCCNCC(=O)C(F)(F)Cl,FOLH1,bioisostere,0.51,1.8,227.7,5.01,-10.73,0.603,0.351,0.904,10
CC(=O)[C@@]1(OC(C)=S)CC[C@H]2[C@@H]3C[C@H](C)C4=CC(=O)CC[C@]4(C)[C@H]3CC[C@@]21C,AR,bioisostere,0.576,3.5,402.6,5.01,-10.73,0.586,0.295,0.878,10
c1ccc(-c2nc(-c3ccncc3)c(-c3ccc4c(c3)CCC4=NC3CC3)[nH]2)cc1,BRAF,r_group,0.486,3.8,390.5,5.02,-10.73,0.468,0.343,0.703,10
O=C(O)N=C1CCc2cc(-c3[nH]c(-c4ccccc4)nc3-c3ccncc3)ccc21,BRAF,r_group,0.498,3.8,394.4,5.02,-10.73,0.466,0.363,0.699,10
CC[C@]12CCC(=O)C=C1[C@@H](C)C[C@@H]1[C@@H]2CC[C@@]2(C)[C@H]1CC[C@]2(OC(C)=O)C(C)=O,AR,r_group,0.622,3.6,400.6,5.02,-10.73,0.627,0.319,0.94,10
NCCCCC[Se](=O)(=O)CC(=O)C(F)(F)F,FOLH1,r_group,0.572,2.0,308.2,5.02,-10.73,0.475,0.277,0.712,10
Cc1cc(C(F)(F)F)c2cc3c(cc2n1)NC[C@H]1CCCC[C@H]31,AR,r_group,0.716,2.9,320.4,5.03,-10.73,0.615,0.378,0.922,10
NN=C1CCc2cc(-c3[nH]c(-c4ccccc4)nc3-c3ccncc3)ccc21,BRAF,r_group,0.417,3.5,365.4,5.03,-10.73,0.453,0.352,0.68,10
O=C(C[Se](=O)(=O)CCCCCCl)C(F)(F)F,FOLH1,r_group,0.41,2.0,327.6,5.05,-10.73,0.576,0.33,0.864,10
CC(=O)O[C@]1(C(C)=O)CC[C@H]2[C@@H]3C[C@H](C)C4=CC(=O)CC[C@]4(C)[C@H]3CC[C@@]21C1CC1,AR,r_group,0.609,3.8,412.6,5.05,-10.73,0.586,0.315,0.879,10
O=C(C[Se](=O)(=O)CCCCCC1CC1)C(F)(F)F,FOLH1,r_group,0.505,2.2,333.2,5.06,-10.73,0.499,0.309,0.748,10
NC(=O)CCCCC[Se](=O)(=O)CC(=O)C(F)(F)F,FOLH1,r_group,0.536,2.2,336.2,5.07,-10.72,0.449,0.279,0.673,10
O=C(C[Se](=O)(=O)CCCCCO)C(F)(F)F,FOLH1,r_group,0.572,2.0,309.1,5.07,-10.72,0.587,0.332,0.88,10
CC(C)CCCCC[Se](=O)(=O)CC(=O)C(F)(F)F,FOLH1,r_group,0.503,2.2,335.2,5.09,-10.72,0.537,0.309,0.805,10
CC(=O)[C@@]1(OC(=O)C(C)C)CC[C@H]2[C@@H]3C[C@H](C)C4=CC(=O)CC[C@]4(C)[C@H]3CC[C@@]21C,AR,r_group,0.589,3.8,414.6,5.09,-10.72,0.56,0.297,0.84,10
CC(=O)O[C@]1(C(=O)C2CC2)CC[C@H]2[C@@H]3C[C@H](C)C4=CC(=O)CC[C@]4(C)[C@H]3CC[C@@]21C,AR,r_group,0.609,3.8,412.6,5.09,-10.72,0.593,0.317,0.89,10
NC(=O)N=C1CCc2cc(-c3[nH]c(-c4ccccc4)nc3-c3ccncc3)ccc21,BRAF,r_group,0.531,3.8,393.5,5.1,-10.72,0.447,0.361,0.671,10
FN=C1CCc2cc(-c3[nH]c(-c4ccccc4)nc3-c3ccncc3)ccc21,BRAF,r_group,0.524,3.5,368.4,5.1,-10.72,0.479,0.365,0.719,10
O=C(C[Se](=O)(=O)CCCCCF)C(F)(F)F,FOLH1,r_group,0.412,2.0,311.1,5.11,-10.72,0.541,0.309,0.812,10
CNCCCCC[Se](=O)(=O)CC(=O)C(F)(F)F,FOLH1,r_group,0.547,2.1,322.2,5.11,-10.72,0.476,0.323,0.714,10
O=C(O)CCCCC[Se](=O)(=O)CC(=O)C(F)(F)F,FOLH1,r_group,0.541,2.2,337.2,5.12,-10.72,0.506,0.34,0.759,10
Fc1cc(C(F)(F)F)c2cc3c(cc2n1)NC[C@@H]1CCCC[C@H]31,AR,r_group,0.539,2.9,324.3,5.12,-10.72,0.612,0.403,0.918,10
CC(C)N=C1CCc2cc(-c3[nH]c(-c4ccccc4)nc3-c3ccncc3)ccc21,BRAF,r_group,0.467,3.8,392.5,5.13,-10.72,0.486,0.334,0.729,10
CC(=O)O[C@]1(C(C)=O)CC[C@H]2[C@@H]3C[C@@H](C(C)C)C4=CC(=O)CC[C@]4(C)[C@H]3CC[C@@]21C,AR,r_group,0.589,3.8,414.6,5.13,-10.72,0.554,0.293,0.83,10
CNc1cc(C(F)(F)F)c2cc3c(cc2n1)NC[C@H]1CCCC[C@H]31,AR,r_group,0.77,3.0,335.4,5.14,-10.72,0.578,0.383,0.867,10
CN(C)CCCCC[Se](=O)(=O)CC(=O)C(F)(F)F,FOLH1,r_group,0.503,2.2,336.2,5.14,-10.72,0.574,0.333,0.861,10
FC(F)(F)c1cc(Cl)nc2cc3c(cc12)[C@H]1CCCC[C@@H]1CN3,AR,r_group,0.631,2.9,340.8,5.14,-10.72,0.582,0.382,0.873,10
CC(=O)O[C@]1(C(=O)C(C)C)CC[C@H]2[C@@H]3C[C@H](C)C4=CC(=O)CC[C@]4(C)[C@H]3CC[C@@]21C,AR,r_group,0.589,3.8,414.6,5.15,-10.71,0.582,0.311,0.873,10
CCCCCC[Se](=O)(=O)CC(=O)C(Cl)(Cl)Cl,FOLH1,bioisostere,0.396,2.0,356.5,5.15,-10.71,0.529,0.305,0.794,10
CCCCCC[Se](=O)(=O)CC(=O)C(C)(F)F,FOLH1,bioisostere,0.511,2.0,303.2,5.15,-10.71,0.479,0.298,0.719,10
O=C(C[Se](=O)(=O)CCCCCC(F)(F)F)C(F)(F)F,FOLH1,r_group,0.396,2.4,361.1,5.15,-10.71,0.481,0.307,0.722,10
CCCCCCNCC(=O)C(Cl)(Cl)Cl,FOLH1,bioisostere,0.563,1.8,260.6,5.15,-10.72,0.536,0.319,0.804,10
CC(F)(F)c1cc(O)nc2cc3c(cc12)[C@H]1CCCC[C@H]1CN3,AR,bioisostere,0.797,2.9,318.4,5.15,-10.72,0.611,0.412,0.916,10
Cc1cc(C(F)(F)F)c2cc3c(cc2n1)NC[C@@H]1CCCC[C@H]31,AR,r_group,0.716,2.9,320.4,5.16,-10.71,0.576,0.39,0.863,10
FC(F)(F)c1cc(C(F)(F)F)c2cc3c(cc2n1)NC[C@H]1CCCC[C@H]31,AR,r_group,0.575,3.2,374.3,5.17,-10.71,0.577,0.383,0.865,10
NS(=O)(=O)CCCCC[Se](=O)(=O)CC(=O)C(F)(F)F,FOLH1,r_group,0.502,2.4,372.2,5.18,-10.71,0.462,0.3,0.693,10
CC(=O)O[C@]1(C(C)=O)CC[C@H]2[C@@H]3C[C@H](C)C4=CC(=O)CC[C@]4(C(C)C)[C@H]3CC[C@@]21C,AR,r_group,0.589,3.8,414.6,5.19,-10.71,0.54,0.304,0.811,10
FC(F)(F)c1cc(C2CC2)nc2cc3c(cc12)[C@H]1CCCC[C@H]1CN3,AR,r_group,0.703,3.1,346.4,5.19,-10.71,0.534,0.363,0.8,10
CN(C)c1cc(C(F)(F)F)c2cc3c(cc2n1)NC[C@H]1CCCC[C@H]31,AR,r_group,0.784,3.1,349.4,5.2,-10.71,0.53,0.356,0.795,10
CC(=O)[C@@]1(OC(=O)C2CC2)CC[C@H]2[C@@H]3C[C@H](C)C4=CC(=O)CC[C@]4(C)[C@H]3CC[C@@]21C,AR,r_group,0.609,3.8,412.6,5.21,-10.71,0.55,0.299,0.825,10
N#CCCCCC[Se](=O)(=O)CC(=O)C(F)(F)F,FOLH1,r_group,0.534,2.1,318.2,5.21,-10.71,0.429,0.286,0.643,10
O/N=C1/CCc2cc(-c3[nH]c(-c4ccncc4)nc3-c3ccncc3)ccc21,BRAF,bioisostere,0.417,3.5,367.4,5.22,-10.71,0.574,0.42,0.861,10
CC(=O)O[C@]1(C(C)=O)CC[C@H]2[C@@H]3C[C@H](C)C4=CC(=O)CC[C@]4(C4CC4)[C@H]3CC[C@@]21C,AR,r_group,0.609,3.8,412.6,5.22,-10.71,0.587,0.321,0.88,10
CCN=C1CCc2cc(-c3[nH]c(-c4ccccc4)nc3-c3ccncc3)ccc21,BRAF,r_group,0.505,3.6,378.5,5.23,-10.71,0.451,0.346,0.677,10
CCC(=O)[C@@]1(OC(C)=O)CC[C@H]2[C@@H]3C[C@H](C)C4=CC(=O)CC[C@]4(C)[C@H]3CC[C@@]21C,AR,r_group,0.622,3.6,400.6,5.26,-10.7,0.564,0.318,0.847,10
CC(=O)O[C@]1(C(C)=O)CC[C@H]2[C@@H]3C[C@@H](C4CC4)C4=CC(=O)CC[C@]4(C)[C@H]3CC[C@@]21C,AR,r_group,0.609,3.8,412.6,5.27,-10.7,0.551,0.318,0.827,10
Nc1cc(C(F)(F)F)c2cc3c(cc2n1)NC[C@@H]1CCCC[C@H]31,AR,r_group,0.749,2.9,321.3,5.27,-10.7,0.545,0.382,0.817,10
CC[C@]12CC[C@H]3[C@@H](C[C@H](C)C4=CC(=O)CC[C@@]43C)[C@@H]1CC[C@]2(OC(C)=O)C(C)=O,AR,r_group,0.622,3.6,400.6,5.28,-10.7,0.569,0.32,0.853,10
CC(=O)S[C@@]1(C(C)=O)CC[C@H]2[C@@H]3C[C@H](C)C4=CC(=O)CC[C@]4(C)[C@H]3CC[C@@]21C,AR,bioisostere,0.623,3.5,402.6,5.28,-10.7,0.518,0.318,0.778,10
CCCCCC[Se](=O)(=O)CC(=O)C#N,FOLH1,bioisostere,0.4,1.8,264.2,5.28,-10.7,0.475,0.308,0.712,10
C.CN[C@@]1(C(C)=O)CC[C@H]2[C@@H]3C[C@H](C)C4=CC(=O)CC[C@]4(C)[C@H]3CC[C@@]21C.O,AR,bioisostere,0.769,3.5,391.6,5.29,-10.7,0.557,0.326,0.836,10
N#Cc1cc(C(F)(F)F)c2cc3c(cc2n1)NC[C@H]1CCCC[C@H]31,AR,r_group,0.752,3.0,331.3,5.29,-10.7,0.525,0.369,0.787,10
CCC1CCNc2cc3[nH]c(=O)cc(C(F)(F)Cl)c3cc21,AR,bioisostere,0.819,2.6,312.7,5.3,-10.7,0.578,0.319,0.867,10
CCC1CCNc2cc3[nH]c(=O)cc(C(Cl)(Cl)Cl)c3cc21,AR,bioisostere,0.738,2.6,345.7,5.3,-10.7,0.563,0.314,0.845,10
O/N=C1/CCc2cc(-c3[nH]c(-c4ccsc4)nc3-c3ccncc3)ccc21,BRAF,bioisostere,0.393,3.4,372.5,5.31,-10.7,0.475,0.37,0.712,10
CCc1cc(C(F)(F)F)c2cc3c(cc2n1)NC[C@@H]1CCCC[C@H]31,AR,r_group,0.743,3.0,334.4,5.32,-10.7,0.525,0.384,0.787,10
N#Cc1cc(C(F)(F)F)c2cc3c(cc2n1)NC[C@@H]1CCCC[C@H]31,AR,r_group,0.752,3.0,331.3,5.34,-10.69,0.519,0.388,0.778,10
CC(=O)O[C@]1(C(C)=O)CC[C@H]2[C@@H]3C[C@H](C)C4=CC(=O)CC[C@]4(C)[C@H]3CC[C@@]21C(C)C,AR,r_group,0.589,3.8,414.6,5.35,-10.69,0.544,0.311,0.817,10
NS(=O)(=O)c1cc(C(F)(F)F)c2cc3c(cc2n1)NC[C@H]1CCCC[C@H]31,AR,r_group,0.785,3.2,385.4,5.37,-10.69,0.492,0.364,0.738,10
COCCCCC[Se](=O)(=O)CC(=O)C(F)(F)F,FOLH1,r_group,0.508,2.1,323.2,5.37,-10.69,0.531,0.316,0.797,10
CC(=O)[C]1CC[C@H]2[C@@H]3C[C@H](C)C4=CC(=O)CC[C@]4(C)[C@H]3CC[C@]12C.CS(N)(=O)=O,AR,bioisostere,0.695,3.6,422.6,5.38,-10.69,0.489,0.332,0.734,10
Oc1cc(C(Cl)(Cl)Cl)c2cc3c(cc2n1)NC[C@@H]1CCCC[C@H]31,AR,bioisostere,0.604,2.9,371.7,5.39,-10.69,0.54,0.372,0.809,10
CCC1CCNc2cc3[nH]c(=O)cc(C(C)(F)F)c3cc21,AR,bioisostere,0.88,2.6,292.3,5.4,-10.69,0.582,0.319,0.874,10
FC(F)(F)c1cc(C2CC2)nc2cc3c(cc12)[C@H]1CCCC[C@@H]1CN3,AR,r_group,0.703,3.1,346.4,5.4,-10.69,0.522,0.375,0.783,10
CCCCCCNCC(=O)C#N,FOLH1,bioisostere,0.46,1.5,168.2,5.4,-10.69,0.406,0.257,0.609,10
CCC1CCNc2cc3[nH]c(=O)cc(C#N)c3cc21,AR,bioisostere,0.821,2.4,253.3,5.46,-10.68,0.517,0.297,0.776,10
CN=C1CCc2cc(-c3[nH]c(-c4ccccc4)nc3-c3ccncc3)ccc21,BRAF,r_group,0.545,3.5,364.5,5.47,-10.68,0.522,0.398,0.783,10
NC(=O)c1cccc2[nH]c(-c3ccc(OC(F)(F)F)c(O)c3)nc12,PARP1,r_group,0.684,3.0,337.3,5.47,-10.68,0.405,0.215,0.608,10
FC(F)(F)c1cc(C(F)(F)F)c2cc3c(cc2n1)NC[C@@H]1CCCC[C@H]31,AR,r_group,0.575,3.2,374.3,5.49,-10.68,0.575,0.408,0.863,10
FC(F)(F)N=C1CCc2cc(-c3[nH]c(-c4ccccc4)nc3-c3ccncc3)ccc21,BRAF,r_group,0.411,3.9,418.4,5.5,-10.68,0.523,0.401,0.784,10
CC(=O)[C]1CC[C@H]2[C@@H]3C[C@H](C)C4=CC(=O)CC[C@]4(C)[C@H]3CC[C@]12C.CC(N)=O,AR,bioisostere,0.724,3.5,386.6,5.5,-10.68,0.533,0.34,0.8,10
NS(=O)(=O)c1cc(C(F)(F)F)c2cc3c(cc2n1)NC[C@@H]1CCCC[C@H]31,AR,r_group,0.785,3.2,385.4,5.51,-10.67,0.532,0.386,0.798,10
N#CN=C1CCc2cc(-c3[nH]c(-c4ccccc4)nc3-c3ccncc3)ccc21,BRAF,r_group,0.511,3.6,375.4,5.53,-10.67,0.513,0.396,0.77,10
C(=NC1CC1)c1ccc(-c2[nH]c(-c3ccccc3)nc2-c2ccncc2)cc1,BRAF,r_group,0.483,3.5,364.5,5.54,-10.67,0.525,0.362,0.787,10
CC=O.CC[C@@H]1[C](C)CC[C@H]2[C@H]1C[C@H](C)C1=CC(=O)CC[C@@]12C.CNC(C)=O,AR,bioisostere,0.646,3.5,390.6,5.54,-10.67,0.445,0.311,0.668,10
O=C(O)c1cc(C(F)(F)F)c2cc3c(cc2n1)NC[C@@H]1CCCC[C@H]31,AR,r_group,0.786,3.1,350.3,5.54,-10.67,0.567,0.4,0.85,10
ClN=C1CCc2cc(-c3[nH]c(-c4ccccc4)nc3-c3ccncc3)ccc21,BRAF,r_group,0.493,3.5,384.9,5.54,-10.67,0.538,0.407,0.807,10
CC(F)(F)c1cc(O)nc2cc3c(cc12)[C@H]1CCCC[C@@H]1CN3,AR,bioisostere,0.797,2.9,318.4,5.55,-10.67,0.597,0.415,0.896,10
CN(C)c1cc(C(F)(F)F)c2cc3c(cc2n1)NC[C@@H]1CCCC[C@H]31,AR,r_group,0.784,3.1,349.4,5.56,-10.67,0.543,0.382,0.814,10
O/N=C/c1ccc(-c2[nH]c(-c3ccsc3)nc2-c2ccncc2)cc1,BRAF,bioisostere,0.32,3.1,346.4,5.56,-10.67,0.564,0.333,0.846,10
COc1cc(C(F)(F)F)c2cc3c(cc2n1)NC[C@@H]1CCCC[C@H]31,AR,r_group,0.799,3.0,336.4,5.58,-10.67,0.571,0.414,0.857,10
C#N.CC1(C)NC(=O)N(c2ccncc2)C1=O.FC(F)F,AR,bioisostere,0.806,2.6,302.3,5.59,-10.67,0.438,0.295,0.656,10
CC1(C)NC(=O)N(c2ccc(C#N)c(C#N)c2)C1=O,AR,bioisostere,0.763,2.4,254.2,5.59,-10.67,0.517,0.29,0.775,10
CC(C)N=Cc1ccc(-c2[nH]c(-c3ccccc3)nc2-c2ccncc2)cc1,BRAF,r_group,0.465,3.5,366.5,5.59,-10.67,0.537,0.361,0.805,10
CC(C)C(=O)c1cccc2[nH]c(-c3ccc(Cl)cc3)nc12,PARP1,r_group,0.711,2.6,298.8,5.6,-10.67,0.399,0.198,0.599,10
NC(=O)c1cc(C(F)(F)F)c2cc3c(cc2n1)NC[C@H]1CCCC[C@H]31,AR,r_group,0.816,3.1,349.4,5.61,-10.66,0.575,0.407,0.862,10
CC(=O)c1cccc2[nH]c(-c3ccc(Cl)cc3)nc12,PARP1,r_group,0.713,2.4,270.7,5.62,-10.66,0.451,0.221,0.676,10
O/N=C/c1ccc(-c2[nH]c(-c3cc[nH]c3)nc2-c2ccncc2)cc1,BRAF,bioisostere,0.301,3.1,329.4,5.63,-10.66,0.573,0.34,0.86,10
C#N.CC1(C)NC(=O)N(c2cc[nH]c2)C1=O.FC(F)F,AR,bioisostere,0.777,2.5,290.2,5.64,-10.66,0.371,0.277,0.557,10
COc1ccc(-c2nc3c(C(N)=S)cccc3[nH]2)cc1O,PARP1,bioisostere,0.647,2.6,299.4,5.64,-10.66,0.644,0.344,0.966,10
NC(=O)c1cc(C(F)(F)F)c2cc3c(cc2n1)NC[C@@H]1CCCC[C@H]31,AR,r_group,0.816,3.1,349.4,5.65,-10.66,0.558,0.391,0.836,10
CN(C)N=Cc1ccc(-c2[nH]c(-c3ccccc3)nc2-c2ccncc2)cc1,BRAF,r_group,0.411,3.5,367.5,5.65,-10.66,0.527,0.356,0.79,10
N#Cc1cc(O)nc2cc3c(cc12)[C@H]1CCCC[C@@H]1CN3,AR,bioisostere,0.774,2.6,279.3,5.65,-10.66,0.532,0.37,0.798,10
Oc1cc(C(F)(F)Cl)c2cc3c(cc2n1)NC[C@H]1CCCC[C@H]31,AR,bioisostere,0.725,2.9,338.8,5.67,-10.66,0.615,0.401,0.922,10
Fc1cc(C(F)(F)F)c2cc3c(cc2n1)NC[C@H]1CCCC[C@H]31,AR,r_group,0.539,2.9,324.3,5.67,-10.66,0.623,0.417,0.934,10
CCN=Cc1ccc(-c2[nH]c(-c3ccccc3)nc2-c2ccncc2)cc1,BRAF,r_group,0.499,3.4,352.4,5.67,-10.66,0.554,0.37,0.831,10
N#Cc1cc(O)nc2cc3c(cc12)[C@H]1CCCC[C@H]1CN3,AR,bioisostere,0.774,2.6,279.3,5.68,-10.66,0.548,0.39,0.822,10
CNC(=O)c1cccc2[nH]c(-c3ccc(Cl)cc3)nc12,PARP1,r_group,0.759,2.5,285.7,5.68,-10.66,0.42,0.226,0.63,10
C#N.CC1(C)NC(=O)N(c2ccsc2)C1=O.FC(F)F,AR,bioisostere,0.811,2.5,307.3,5.69,-10.66,0.471,0.291,0.707,10
COOc1ccc(-c2nc3c(C(N)=O)cccc3[nH]2)cc1O,PARP1,r_group,0.504,2.8,299.3,5.7,-10.66,0.675,0.354,1.0,10
ON=Cc1ccc(-c2[nH]c(-c3ccccc3)nc2-c2ccncc2)cc1,BRAF,r_group,0.323,3.2,340.4,5.7,-10.65,0.672,0.391,1.0,10
ClN=Cc1ccc(-c2[nH]c(-c3ccccc3)nc2-c2ccncc2)cc1,BRAF,r_group,0.498,3.2,358.8,5.7,-10.66,0.616,0.347,0.923,10
CC1(C)NC(=O)N(c2ccc(C#N)c(C(F)(F)Cl)c2)C1=O,AR,bioisostere,0.674,2.6,313.7,5.71,-10.65,0.576,0.317,0.864,10
Oc1cc(C(F)(F)Cl)c2cc3c(cc2n1)NC[C@@H]1CCCC[C@H]31,AR,bioisostere,0.725,2.9,338.8,5.71,-10.65,0.658,0.43,0.987,10
CNOc1ccc(-c2nc3c(C(N)=O)cccc3[nH]2)cc1O,PARP1,r_group,0.546,2.8,298.3,5.72,-10.65,0.606,0.36,0.909,10
Cl.NC(=O)c1cccc2[nH]c(-c3ccncc3)nc12,PARP1,bioisostere,0.751,2.4,274.7,5.72,-10.65,0.608,0.33,0.912,10
C#N.CC1(C)NC(=O)N(c2ccoc2)C1=O.FC(F)F,AR,bioisostere,0.805,2.5,291.2,5.72,-10.65,0.384,0.28,0.577,10
N#CN=Cc1ccc(-c2[nH]c(-c3ccccc3)nc2-c2ccncc2)cc1,BRAF,r_group,0.428,3.4,349.4,5.73,-10.65,0.462,0.37,0.692,10
CC1(C)NC(=O)N(c2ccc(C#N)c(C(Cl)(Cl)Cl)c2)C1=O,AR,bioisostere,0.627,2.6,346.6,5.73,-10.65,0.57,0.295,0.855,10
O=C(F)c1cccc2[nH]c(-c3ccc(Cl)cc3)nc12,PARP1,r_group,0.718,2.4,274.7,5.76,-10.65,0.625,0.373,0.937,10
CNc1cc(C(F)(F)F)c2cc3c(cc2n1)NC[C@@H]1CCCC[C@H]31,AR,r_group,0.77,3.0,335.4,5.76,-10.65,0.603,0.401,0.905,10
NOc1ccc(-c2nc3c(C(N)=O)cccc3[nH]2)cc1O,PARP1,r_group,0.539,2.6,284.3,5.77,-10.65,0.634,0.36,0.951,10
O/N=C/CCc1ccoc1.c1ccc(-c2nc(-c3ccncc3)c[nH]2)cc1,BRAF,bioisostere,0.304,3.4,360.4,5.78,-10.65,0.343,0.295,0.514,10
N#COc1ccc(-c2nc3c(C(N)=O)cccc3[nH]2)cc1O,PARP1,r_group,0.636,2.8,294.3,5.79,-10.65,0.647,0.366,0.97,10
O=C(c1cccc2[nH]c(-c3ccc(Cl)cc3)nc12)C1CC1,PARP1,r_group,0.725,2.6,296.8,5.79,-10.65,0.452,0.239,0.678,10
ON=Cc1ccncc1.c1ccc(-c2nc(-c3ccncc3)c[nH]2)cc1,BRAF,bioisostere,0.334,3.2,343.4,5.8,-10.64,0.424,0.321,0.636,10
ON=Cc1ccoc1.c1ccc(-c2nc(-c3ccncc3)c[nH]2)cc1,BRAF,bioisostere,0.334,3.1,332.4,5.8,-10.65,0.403,0.308,0.604,10
Cl.Nc1nccc(-c2[nH]c(-c3ccccc3)nc2-c2ccsc2)n1.O,BRAF,bioisostere,0.572,3.1,373.9,5.8,-10.64,0.385,0.285,0.578,10
COC(=O)c1cccc2[nH]c(-c3ccc(Cl)cc3)nc12,PARP1,r_group,0.731,2.5,286.7,5.81,-10.64,0.564,0.36,0.847,10
CNN=Cc1ccc(-c2[nH]c(-c3ccccc3)nc2-c2ccncc2)cc1,BRAF,r_group,0.414,3.4,353.4,5.81,-10.64,0.488,0.361,0.732,10
NC(=O)c1cccc2[nH]c(-c3ccc(OC(=O)O)c(O)c3)nc12,PARP1,r_group,0.431,2.9,313.3,5.81,-10.64,0.609,0.357,0.913,10
ON=Cc1ccsc1.c1ccc(-c2nc(-c3ccncc3)c[nH]2)cc1,BRAF,bioisostere,0.32,3.1,348.4,5.81,-10.64,0.391,0.302,0.587,10
NC(=O)c1cccc2[nH]c(-c3ccc(OF)c(O)c3)nc12,PARP1,r_group,0.688,2.6,287.2,5.81,-10.64,0.656,0.351,0.984,10
O=C(O)C(=O)c1cccc2[nH]c(-c3ccc(Cl)cc3)nc12,PARP1,r_group,0.575,2.6,300.7,5.81,-10.64,0.374,0.206,0.561,10
CC(C)c1cc(C(F)(F)F)c2cc3c(cc2n1)NC[C@H]1CCCC[C@H]31,AR,r_group,0.676,3.1,348.4,5.82,-10.64,0.616,0.397,0.923,10
CC(C)c1cc(C(F)(F)F)c2cc3c(cc2n1)NC[C@@H]1CCCC[C@H]31,AR,r_group,0.676,3.1,348.4,5.82,-10.64,0.624,0.398,0.936,10
COc1cc(C(F)(F)F)c2cc3c(cc2n1)NC[C@H]1CCCC[C@H]31,AR,r_group,0.799,3.0,336.4,5.83,-10.64,0.648,0.426,0.973,10
COc1ccc(-c2nc3c(C(N)=O)cccc3[nH]2)cc1S,PARP1,bioisostere,0.65,2.6,299.4,5.83,-10.64,0.607,0.352,0.91,10
Cl.NC(=O)c1cccc2[nH]c(-c3ccoc3)nc12,PARP1,bioisostere,0.744,2.2,263.7,5.83,-10.64,0.55,0.33,0.825,10
Cl.NC(=O)c1cccc2[nH]c(-c3cc[nH]c3)nc12,PARP1,bioisostere,0.66,2.2,262.7,5.84,-10.64,0.549,0.358,0.824,10
NC(=O)c1cccc2[nH]c(-c3ccc(OS(N)(=O)=O)c(O)c3)nc12,PARP1,r_group,0.54,3.0,348.3,5.84,-10.64,0.619,0.364,0.928,10
C.Cc1ccsc1.O=CC(=O)c1ccccc1,FOLH1,bioisostere,0.46,2.1,248.3,5.84,-10.64,0.333,0.288,0.499,10
Cl.NC(=O)c1cccc2[nH]c(-c3ccsc3)nc12,PARP1,bioisostere,0.757,2.2,279.8,5.84,-10.64,0.58,0.359,0.869,10
CN(O)c1ccc(-c2nc3c(C(N)=O)cccc3[nH]2)cc1,PARP1,r_group,0.641,2.6,282.3,5.84,-10.64,0.645,0.383,0.968,10
O=C(O)N=Cc1ccc(-c2[nH]c(-c3ccccc3)nc2-c2ccncc2)cc1,BRAF,r_group,0.501,3.5,368.4,5.85,-10.64,0.485,0.385,0.728,10
N#Cc1cnc(NC(=O)Nc2cc(F)ccc2OC2CCOC2)cn1,CHEK1,r_group,0.881,3.1,343.3,5.86,-10.64,0.543,0.316,0.814,10
FC(F)(F)N=Cc1ccc(-c2[nH]c(-c3ccccc3)nc2-c2ccncc2)cc1,BRAF,r_group,0.355,3.6,392.4,5.88,-10.64,0.469,0.363,0.703,10
O/N=C/CCc1ccncc1.c1ccc(-c2nc(-c3ccncc3)c[nH]2)cc1,BRAF,bioisostere,0.305,3.5,371.4,5.88,-10.64,0.393,0.34,0.59,10
ON=Cc1cc[nH]c1.c1ccc(-c2nc(-c3ccncc3)c[nH]2)cc1,BRAF,bioisostere,0.301,3.1,331.4,5.89,-10.64,0.397,0.326,0.596,10
NC(=O)c1cccc2[nH]c(-c3ccc(OO)c(O)c3)nc12,PARP1,r_group,0.432,2.6,285.3,5.89,-10.64,0.598,0.343,0.897,10
O/N=C/c1ccc(-c2[nH]c(-c3ccncc3)nc2-c2ccncc2)cc1,BRAF,bioisostere,0.333,3.2,341.4,5.89,-10.64,0.529,0.38,0.793,10
NC(=O)Oc1ccc(-c2nc3c(C(N)=O)cccc3[nH]2)cc1O,PARP1,r_group,0.579,2.9,312.3,5.89,-10.64,0.612,0.369,0.918,10
CSc1ccc(-c2nc3c(C(N)=O)cccc3[nH]2)cc1O,PARP1,bioisostere,0.648,2.6,299.4,5.92,-10.63,0.637,0.366,0.956,10
FC(F)(F)c1cc(Cl)nc2cc3c(cc12)[C@H]1CCCC[C@H]1CN3,AR,r_group,0.631,2.9,340.8,5.92,-10.63,0.683,0.423,1.0,10
NC(=S)c1cccc2[nH]c(-c3ccc(Cl)cc3)nc12,PARP1,bioisostere,0.709,2.4,287.8,5.92,-10.63,0.543,0.351,0.814,10
CN(C(=O)O)c1ccc(-c2nc3c(C(N)=O)cccc3[nH]2)cc1,PARP1,r_group,0.689,2.9,310.3,5.93,-10.63,0.616,0.349,0.924,10
NC(=O)c1cccc2[nH]c(-c3ccc(OC4CC4)c(O)c3)nc12,PARP1,r_group,0.689,2.9,309.3,5.94,-10.63,0.592,0.36,0.887,10
CC(C)(CN)c1nc(-c2cc[nH]c2)c(-c2ccncc2)[nH]1.Cl.O,BRAF,bioisostere,0.679,2.9,335.8,5.96,-10.63,0.419,0.289,0.629,10
N#Cc1cnc(NC(=O)Nc2cc(C(=O)O)ccc2OC2CCOC2)cn1,CHEK1,r_group,0.723,3.4,369.3,5.96,-10.63,0.428,0.258,0.642,10
CN(Cl)c1ccc(-c2nc3c(C(N)=O)cccc3[nH]2)cc1,PARP1,r_group,0.73,2.6,300.7,5.98,-10.63,0.635,0.38,0.952,10
NC(=O)N=Cc1ccc(-c2[nH]c(-c3ccccc3)nc2-c2ccncc2)cc1,BRAF,r_group,0.526,3.5,367.4,5.98,-10.63,0.458,0.402,0.688,10
N#Cc1cnc(NC(=O)Nc2cc(C(N)=O)ccc2OC2CCOC2)cn1,CHEK1,r_group,0.718,3.4,368.4,5.99,-10.63,0.528,0.32,0.792,10
C.Cc1cc[nH]c1.O=CC(=O)c1ccccc1,FOLH1,bioisostere,0.49,2.1,231.3,6.0,-10.62,0.33,0.278,0.495,10
NC(=O)c1cccc2[nH]c(-c3ccc(OCl)c(O)c3)nc12,PARP1,r_group,0.692,2.6,303.7,6.02,-10.62,0.613,0.365,0.92,10
CCOc1ccc(-c2nc3c(C(N)=O)cccc3[nH]2)cc1O,PARP1,r_group,0.688,2.8,297.3,6.02,-10.62,0.664,0.362,0.996,10
CN(C)C(=O)c1cccc2[nH]c(-c3ccc(Cl)cc3)nc12,PARP1,r_group,0.786,2.6,299.8,6.02,-10.62,0.442,0.292,0.664,10
CON=Cc1ccc(-c2[nH]c(-c3ccccc3)nc2-c2ccncc2)cc1,BRAF,r_group,0.414,3.4,354.4,6.02,-10.62,0.511,0.398,0.766,10
C.Cc1ccncc1.O=CC(=O)c1ccccc1,FOLH1,bioisostere,0.462,2.2,243.3,6.02,-10.62,0.336,0.282,0.505,10
CN(C)Oc1ccc(-c2nc3c(C(N)=O)cccc3[nH]2)cc1O,PARP1,r_group,0.638,2.9,312.3,6.03,-10.62,0.548,0.355,0.822,10
Cl.Nc1nccc(-c2[nH]c(-c3ccccc3)nc2-c2cc[nH]c2)n1.O,BRAF,bioisostere,0.521,3.1,356.8,6.05,-10.62,0.512,0.364,0.768,10
O/N=C/c1ccc(-c2[nH]c(-c3ccoc3)nc2-c2ccncc2)cc1,BRAF,bioisostere,0.333,3.1,330.3,6.05,-10.62,0.488,0.387,0.733,10
NN=Cc1ccc(-c2[nH]c(-c3ccccc3)nc2-c2ccncc2)cc1,BRAF,r_group,0.334,3.2,339.4,6.06,-10.62,0.534,0.392,0.801,10
CC(C)Oc1ccc(-c2nc3c(C(N)=O)cccc3[nH]2)cc1O,PARP1,r_group,0.689,2.9,311.3,6.06,-10.62,0.588,0.352,0.882,10
N#Cc1cnc(NC(=O)Nc2cc(N)ccc2OC2CCOC2)cn1,CHEK1,r_group,0.721,3.1,340.3,6.06,-10.62,0.456,0.298,0.684,10
CC(C)(CN)c1nc(-c2ccsc2)c(-c2ccncc2)[nH]1.Cl.O,BRAF,bioisostere,0.754,2.9,352.9,6.07,-10.62,0.418,0.305,0.627,10
FN=Cc1ccc(-c2[nH]c(-c3ccccc3)nc2-c2ccncc2)cc1,BRAF,r_group,0.524,3.2,342.4,6.07,-10.62,0.523,0.398,0.785,10
CN(C#N)c1ccc(-c2nc3c(C(N)=O)cccc3[nH]2)cc1,PARP1,r_group,0.571,2.8,291.3,6.07,-10.62,0.602,0.371,0.902,10
N#Cc1cnc(NC(=O)Nc2cc(C3CC3)ccc2OC2CCOCC2)cn1,CHEK1,r_group,0.824,3.5,379.4,6.09,-10.62,0.5,0.311,0.75,10
C.Cc1ccoc1.O=CC(=O)c1ccccc1,FOLH1,bioisostere,0.453,2.1,232.3,6.1,-10.62,0.342,0.278,0.514,10
CN=Cc1ccc(-c2[nH]c(-c3ccccc3)nc2-c2ccncc2)cc1,BRAF,r_group,0.541,3.2,338.4,6.11,-10.61,0.532,0.413,0.798,10
N#Cc1cnc(NC(=O)Nc2cc(S(N)(=O)=O)ccc2OC2CCOC2)cn1,CHEK1,r_group,0.657,3.5,404.4,6.11,-10.61,0.401,0.259,0.601,10
CN(c1ccc(-c2nc3c(C(N)=O)cccc3[nH]2)cc1)S(N)(=O)=O,PARP1,r_group,0.649,3.0,345.4,6.12,-10.61,0.626,0.355,0.939,10
NS(=O)(=O)C(=O)c1cccc2[nH]c(-c3ccc(Cl)cc3)nc12,PARP1,r_group,0.749,2.8,335.8,6.13,-10.61,0.452,0.305,0.678,10
CC(C)(CN)c1nc(-c2ccncc2)c(-c2ccncc2)[nH]1.Cl.O,BRAF,bioisostere,0.754,3.0,347.9,6.13,-10.61,0.505,0.358,0.757,10
CCC(=O)c1cccc2[nH]c(-c3ccc(Cl)cc3)nc12,PARP1,r_group,0.721,2.5,284.7,6.14,-10.61,0.467,0.315,0.701,10
O=C(c1cccc2[nH]c(-c3ccc(Cl)cc3)nc12)C(F)(F)F,PARP1,r_group,0.699,2.8,324.7,6.15,-10.61,0.486,0.335,0.729,10
CN(F)c1ccc(-c2nc3c(C(N)=O)cccc3[nH]2)cc1,PARP1,r_group,0.726,2.6,284.3,6.16,-10.61,0.595,0.35,0.893,10
Cc1ccc(OC2CCOC2)c(NC(=O)Nc2cnc(C#N)cn2)c1,CHEK1,r_group,0.885,3.1,339.4,6.18,-10.61,0.467,0.319,0.701,10
O=C(Cl)c1cccc2[nH]c(-c3ccc(Cl)cc3)nc12,PARP1,r_group,0.717,2.4,291.1,6.18,-10.61,0.515,0.345,0.773,10
Cl.Nc1nccc(-c2[nH]c(-c3ccccc3)nc2-c2ccncc2)n1.O,BRAF,bioisostere,0.575,3.2,368.8,6.19,-10.61,0.564,0.416,0.845,10
N#Cc1cnc(NC(=S)Nc2cc(Cl)ccc2OC2CCOC2)cn1,CHEK1,bioisostere,0.788,3.1,375.8,6.2,-10.6,0.428,0.28,0.641,10
CN(C)N(C)c1ccc(-c2nc3c(C(N)=O)cccc3[nH]2)cc1,PARP1,r_group,0.725,2.9,309.4,6.2,-10.61,0.646,0.364,0.969,10
NC(=O)C(=O)c1cccc2[nH]c(-c3ccc(Cl)cc3)nc12,PARP1,r_group,0.575,2.6,299.7,6.2,-10.61,0.487,0.314,0.731,10
COc1ccncc1.NC(=O)c1cccc2[nH]cnc12.O,PARP1,bioisostere,0.727,2.6,288.3,6.23,-10.6,0.388,0.264,0.583,10
CN(N)c1ccc(-c2nc3c(C(N)=O)cccc3[nH]2)cc1,PARP1,r_group,0.501,2.6,281.3,6.23,-10.6,0.636,0.359,0.954,10
N#Cc1cnc(NC(=O)Nc2cc(N)ccc2OC2CCOCC2)cn1,CHEK1,r_group,0.716,3.2,354.4,6.24,-10.6,0.506,0.321,0.759,10
Cl.Nc1nccc(-c2[nH]c(-c3ccccc3)nc2-c2ccoc2)n1.O,BRAF,bioisostere,0.583,3.1,357.8,6.27,-10.6,0.516,0.361,0.774,10
N#Cc1cnc(NC(=O)Nc2cc(C(F)(F)F)ccc2OC2CCOC2)cn1,CHEK1,r_group,0.826,3.5,393.3,6.27,-10.6,0.343,0.223,0.515,10
COc1ccoc1.NC(=O)c1cccc2[nH]cnc12.O,PARP1,bioisostere,0.727,2.5,277.3,6.29,-10.6,0.369,0.256,0.553,10
N#Cc1ccc(OC2CCOCC2)c(NC(=O)Nc2cnc(C#N)cn2)c1,CHEK1,r_group,0.851,3.4,364.4,6.3,-10.6,0.5,0.328,0.751,10
CC(C)c1ccc(OC2CCOC2)c(NC(=O)Nc2cnc(C#N)cn2)c1,CHEK1,r_group,0.839,3.4,367.4,6.33,-10.59,0.369,0.254,0.553,10
COc1ccsc1.NC(=O)c1cccc2[nH]cnc12.O,PARP1,bioisostere,0.748,2.5,293.3,6.33,-10.59,0.369,0.265,0.554,10
N#Cc1cnc(NC(=O)Nc2cc(O)ccc2OC2CCOCC2)cn1,CHEK1,r_group,0.767,3.2,355.4,6.33,-10.59,0.478,0.322,0.718,10
N#Cc1cnc(NC(=S)Nc2cc(Cl)ccc2OC2CCOCC2)cn1,CHEK1,bioisostere,0.769,3.2,389.9,6.33,-10.59,0.469,0.322,0.703,10
N#Cc1ccc(OC2CCOC2)c(NC(=O)Nc2cnc(C#N)cn2)c1,CHEK1,r_group,0.861,3.2,350.3,6.34,-10.59,0.47,0.337,0.705,10
CNN(C)c1ccc(-c2nc3c(C(N)=O)cccc3[nH]2)cc1,PARP1,r_group,0.642,2.8,295.3,6.35,-10.59,0.626,0.37,0.939,10
CC(C)(CN)c1nc(-c2ccoc2)c(-c2ccncc2)[nH]1.Cl.O,BRAF,bioisostere,0.762,2.9,336.8,6.35,-10.59,0.432,0.333,0.647,10
Nc1nccc(-c2[nH]c(-c3ccsc3)nc2-c2ccc(Cl)c(O)c2)n1,BRAF,bioisostere,0.502,3.1,369.8,6.37,-10.59,0.452,0.325,0.678,10
COc1cc(-c2ccoc2)ccc1O.NC(=O)/C=C\c1c[nH]c2ncccc12,CHEK1,bioisostere,0.469,3.5,377.4,6.37,-10.59,0.399,0.239,0.599,10
Cc1ccc(OC2CCOCC2)c(NC(=O)Nc2cnc(C#N)cn2)c1,CHEK1,r_group,0.875,3.2,353.4,6.38,-10.59,0.592,0.404,0.889,10
N#Cc1cnc(NC(=O)Nc2cc(S(N)(=O)=O)ccc2OC2CCOCC2)cn1,CHEK1,r_group,0.65,3.6,418.4,6.4,-10.59,0.432,0.302,0.648,10
CN(C)c1ccncc1.NC(=O)c1cccc2[nH]cnc12,PARP1,bioisostere,0.75,2.6,283.3,6.4,-10.59,0.428,0.276,0.642,10
N#Cc1cnc(NC(=O)Nc2cc(O)ccc2OC2CCOC2)cn1,CHEK1,r_group,0.774,3.1,341.3,6.41,-10.59,0.436,0.317,0.653,10
O=C(O)c1cccc2[nH]c(-c3ccc(Cl)cc3)nc12,PARP1,r_group,0.749,2.4,272.7,6.41,-10.59,0.492,0.314,0.738,10
N#Cc1cnc(NC(=O)Nc2cc(F)ccc2OC2CCOCC2)cn1,CHEK1,r_group,0.871,3.2,357.3,6.42,-10.58,0.438,0.309,0.657,10
CCc1ccc(OC2CCOC2)c(NC(=O)Nc2cnc(C#N)cn2)c1,CHEK1,r_group,0.855,3.2,353.4,6.42,-10.58,0.337,0.23,0.506,10
N#Cc1cnc(NC(=O)Nc2cc(C3CC3)ccc2OC2CCOC2)cn1,CHEK1,r_group,0.843,3.4,365.4,6.43,-10.58,0.403,0.293,0.604,10
CNc1ccc(-c2nc3c(C(N)=O)cccc3[nH]2)cc1O,PARP1,bioisostere,0.552,2.6,282.3,6.43,-10.58,0.525,0.344,0.787,10
CN(C)c1ccoc1.NC(=O)c1cccc2[nH]cnc12,PARP1,bioisostere,0.747,2.5,272.3,6.43,-10.58,0.42,0.27,0.63,10
CCc1ccc(OC2CCOCC2)c(NC(=O)Nc2cnc(C#N)cn2)c1,CHEK1,r_group,0.84,3.4,367.4,6.44,-10.58,0.441,0.306,0.662,10
Nc1nccc(-c2[nH]c(-c3cc[nH]c3)nc2-c2ccc(Cl)c(O)c2)n1,BRAF,bioisostere,0.45,3.1,352.8,6.44,-10.58,0.619,0.377,0.928,10
N#Cc1cnc(NC(=O)Nc2cc(C(N)=O)ccc2OC2CCOCC2)cn1,CHEK1,r_group,0.71,3.5,382.4,6.46,-10.58,0.468,0.327,0.702,10
N#Cc1cnc(NC(=O)Nc2cc(C(F)(F)F)ccc2OC2CCOCC2)cn1,CHEK1,r_group,0.802,3.6,407.4,6.47,-10.58,0.439,0.311,0.658,10
CON(C)c1ccc(-c2nc3c(C(N)=O)cccc3[nH]2)cc1,PARP1,r_group,0.724,2.8,296.3,6.47,-10.58,0.553,0.339,0.829,10
Nc1nccc(-c2[nH]c(-c3ccoc3)nc2-c2ccc(Cl)c(O)c2)n1,BRAF,bioisostere,0.517,3.1,353.8,6.48,-10.58,0.578,0.366,0.866,10
COc1ccc(OC2CCOC2)c(NC(=O)Nc2cnc(C#N)cn2)c1,CHEK1,r_group,0.843,3.2,355.4,6.49,-10.58,0.502,0.367,0.753,10
COc1ccc(OC2CCOCC2)c(NC(=O)Nc2cnc(C#N)cn2)c1,CHEK1,r_group,0.831,3.4,369.4,6.51,-10.58,0.372,0.264,0.558,10
CC(C)(CN)c1nc(-c2ccc(Cl)c(S)c2)c(-c2ccncc2)[nH]1,BRAF,bioisostere,0.608,3.0,358.9,6.51,-10.58,0.532,0.368,0.798,10
Cl.N#Cc1cnc(NC(=O)Nc2cc[nH]c2)cn1.OC1CCOC1,CHEK1,bioisostere,0.646,3.0,352.8,6.52,-10.58,0.404,0.334,0.606,10
CNCCCOc1ccc(Cl)cc1NC(=O)Nc1cnc(C#N)cn1,CHEK1,bioisostere,0.654,3.1,360.8,6.53,-10.57,0.396,0.309,0.593,10
CN(C(N)=O)c1ccc(-c2nc3c(C(N)=O)cccc3[nH]2)cc1,PARP1,r_group,0.685,2.9,309.3,6.53,-10.57,0.527,0.34,0.79,10
Nc1nccc(-c2[nH]c(-c3ccncc3)nc2-c2ccc(Cl)c(O)c2)n1,BRAF,bioisostere,0.512,3.2,364.8,6.53,-10.57,0.539,0.374,0.808,10
CC(C)c1ccc(OC2CCOCC2)c(NC(=O)Nc2cnc(C#N)cn2)c1,CHEK1,r_group,0.818,3.5,381.4,6.54,-10.57,0.38,0.271,0.57,10
N#Cc1cnc(NC(=O)Nc2cc(C(=O)O)ccc2OC2CCOCC2)cn1,CHEK1,r_group,0.712,3.5,383.4,6.54,-10.57,0.362,0.261,0.544,10
COc1cc(-c2cc[nH]c2)ccc1O.NC(=O)/C=C\c1c[nH]c2ncccc12,CHEK1,bioisostere,0.408,3.5,376.4,6.57,-10.57,0.386,0.259,0.578,10
COc1ccncc1.O.O=C1Nc2ccccc2/C1=C/c1ccc[nH]1,CHEK1,bioisostere,0.703,3.1,337.4,6.58,-10.57,0.434,0.253,0.651,10
Cl.N#Cc1cnc(NC(=O)Nc2cc[nH]c2)cn1.OC1CCOCC1,CHEK1,bioisostere,0.64,3.1,366.8,6.59,-10.57,0.396,0.322,0.593,10
Cl.N#Cc1cnc(NC(=O)Nc2ccncc2)cn1.OC1CCOCC1,CHEK1,bioisostere,0.727,3.2,378.8,6.59,-10.57,0.409,0.34,0.614,10
COc1cc(-c2ccsc2)ccc1O.NC(=O)/C=C\c1c[nH]c2ncccc12,CHEK1,bioisostere,0.453,3.5,393.5,6.6,-10.57,0.388,0.261,0.582,10
COc1cc[nH]c1.NC(=O)c1cccc2[nH]cnc12.O,PARP1,bioisostere,0.642,2.5,276.3,6.6,-10.57,0.36,0.262,0.54,10
N#CC(=O)c1cccc2[nH]c(-c3ccc(Cl)cc3)nc12,PARP1,r_group,0.576,2.5,281.7,6.61,-10.57,0.482,0.309,0.723,10
Cl.N#Cc1cnc(NC(=O)Nc2ccncc2)cn1.OC1CCOC1,CHEK1,bioisostere,0.736,3.1,364.8,6.61,-10.57,0.422,0.335,0.633,10
CN(C)c1ccsc1.NC(=O)c1cccc2[nH]cnc12,PARP1,bioisostere,0.76,2.5,288.4,6.61,-10.57,0.403,0.267,0.605,10
COc1cc(-c2ccncc2)ccc1O.NC(=O)/C=C\c1c[nH]c2ncccc12,CHEK1,bioisostere,0.463,3.6,388.4,6.62,-10.57,0.37,0.269,0.556,10
CN(C)c1cc[nH]c1.NC(=O)c1cccc2[nH]cnc12,PARP1,bioisostere,0.663,2.5,271.3,6.65,-10.56,0.393,0.27,0.59,10
Cl.N#Cc1cnc(NC(=O)Nc2ccoc2)cn1.OC1CCOCC1,CHEK1,bioisostere,0.74,3.1,367.8,6.66,-10.56,0.38,0.315,0.571,10
Cl.N#Cc1cnc(NC(=O)Nc2ccsc2)cn1.OC1CCOCC1,CHEK1,bioisostere,0.733,3.1,383.9,6.68,-10.56,0.421,0.342,0.632,10
COc1cc(-c2ccoc2)ccc1O.NC(=O)/C=C\c1ccc[nH]1,CHEK1,bioisostere,0.641,3.0,326.4,6.69,-10.56,0.357,0.218,0.535,10
CC1(COc2ccoc2)COC1.Cl.N#Cc1cnc(NC(N)=O)cn1,CHEK1,bioisostere,0.842,3.1,367.8,6.69,-10.56,0.401,0.303,0.601,10
CNCCC(C)Oc1ccc(Cl)cc1NC(=O)Nc1cnc(C#N)cn1,CHEK1,bioisostere,0.686,3.2,374.8,6.7,-10.56,0.361,0.241,0.541,10
Cl.N#Cc1cnc(NC(=O)Nc2ccsc2)cn1.OC1CCOC1,CHEK1,bioisostere,0.746,3.0,369.8,6.7,-10.56,0.375,0.31,0.562,10
CCOCC.CNc1ccc(Cl)cc1NC(=O)Nc1cnc(C#N)cn1,CHEK1,bioisostere,0.732,3.2,376.8,6.73,-10.56,0.391,0.328,0.586,10
CC1(CSc2ccc(Cl)cc2NC(=O)Nc2cnc(C#N)cn2)COC1,CHEK1,bioisostere,0.755,3.2,389.9,6.75,-10.56,0.506,0.317,0.759,10
COc1cc(-c2cc[nH]c2)ccc1O.NC(=O)/C=C\c1ccc[nH]1,CHEK1,bioisostere,0.554,3.0,325.4,6.76,-10.55,0.418,0.242,0.627,10
COc1cc(-c2ccsc2)ccc1O.NC(=O)/C=C\c1ccc[nH]1,CHEK1,bioisostere,0.632,3.0,342.4,6.76,-10.55,0.375,0.254,0.562,10
CC1COC1.CNc1ccc(Cl)cc1NC(=O)Nc1cnc(C#N)cn1,CHEK1,bioisostere,0.759,3.2,374.8,6.77,-10.55,0.498,0.36,0.747,10
COc1cc[nH]c1.O.O=C1Nc2ccccc2/C1=C/c1ccc[nH]1,CHEK1,bioisostere,0.631,3.0,325.4,6.78,-10.55,0.425,0.254,0.638,10
COc1ccoc1.O.O=C1Nc2ccccc2/C1=C/c1ccc[nH]1,CHEK1,bioisostere,0.708,3.0,326.4,6.78,-10.55,0.403,0.263,0.604,10
CNCC(C)COc1ccc(Cl)cc1NC(=O)Nc1cnc(C#N)cn1,CHEK1,bioisostere,0.687,3.2,374.8,6.78,-10.55,0.391,0.313,0.586,10
COc1cc(-c2ccncc2)ccc1O.NC(=O)/C=C\c1ccc[nH]1,CHEK1,bioisostere,0.637,3.1,337.4,6.79,-10.55,0.378,0.25,0.567,10
CCOC.CNc1ccc(Cl)cc1NC(=O)Nc1cnc(C#N)cn1,CHEK1,bioisostere,0.769,3.1,362.8,6.79,-10.55,0.438,0.346,0.656,10
CC1(COc2ccncc2)COC1.Cl.N#Cc1cnc(NC(N)=O)cn1,CHEK1,bioisostere,0.826,3.2,378.8,6.79,-10.55,0.397,0.314,0.595,10
Cl.N#Cc1cnc(NC(=O)Nc2ccoc2)cn1.OC1CCOC1,CHEK1,bioisostere,0.749,3.0,353.8,6.79,-10.55,0.371,0.301,0.556,10
COc1ccsc1.O.O=C1Nc2ccccc2/C1=C/c1ccc[nH]1,CHEK1,bioisostere,0.699,3.0,342.4,6.82,-10.55,0.418,0.26,0.627,10
CC1(COc2cc[nH]c2)COC1.Cl.N#Cc1cnc(NC(N)=O)cn1,CHEK1,bioisostere,0.752,3.1,366.8,6.82,-10.55,0.403,0.304,0.604,10
CNCC(C)Oc1ccc(Cl)cc1NC(=O)Nc1cnc(C#N)cn1,CHEK1,bioisostere,0.73,3.1,360.8,6.84,-10.55,0.573,0.401,0.859,10
CC1(COc2ccsc2)COC1.Cl.N#Cc1cnc(NC(N)=O)cn1,CHEK1,bioisostere,0.835,3.1,383.9,6.9,-10.54,0.371,0.302,0.556,10
c1ccc(Nc2ncc(-c3ccnc(SC4CCCCC4)n3)s2)nc1,CDK4,bioisostere,0.627,3.1,369.5,6.92,-10.54,0.403,0.205,0.605,10
S=C1NCCc2c(-c3ccccc3Cl)[nH]c3cccc1c23,PARP1,bioisostere,0.655,2.6,312.8,7.26,-10.51,0.543,0.314,0.814,10
S=C1NCCc2c(-c3ccc[nH]3)[nH]c3cccc1c23,PARP1,bioisostere,0.593,2.4,267.4,7.35,-10.5,0.568,0.304,0.851,10
Cl.O=C1NCCc2c(-c3cc[nH]c3)[nH]c3cccc1c23,PARP1,bioisostere,0.633,2.5,287.8,7.37,-10.5,0.596,0.345,0.894,10
Cl.O=C1NCCc2c(-c3ccoc3)[nH]c3cccc1c23,PARP1,bioisostere,0.723,2.5,288.7,7.38,-10.5,0.612,0.341,0.918,10
Cl.O=C1NCCc2c(-c3ccsc3)[nH]c3cccc1c23,PARP1,bioisostere,0.709,2.5,304.8,7.38,-10.5,0.62,0.342,0.93,10
CON[C@@H]1C[C@H]2O[C@@](C)([C@@H]1OC)n1c3ccccc3c3c4c(c5c6ccccc6n2c5c31)C(=O)NC4,AKT1,r_group,0.375,4.5,482.5,7.42,-10.5,0.602,0.196,0.903,10
O=C(NC1CCNCC1)c1n[nH]cc1NC(=O)c1c(O)cccc1Cl,CDK4,r_group,0.564,3.1,363.8,7.44,-10.5,0.485,0.226,0.728,10
O=C1OCCc2c(-c3ccccc3Cl)[nH]c3cccc1c23,PARP1,bioisostere,0.684,2.6,297.7,7.49,-10.49,0.476,0.298,0.715,10
Cl.O=C1NCCc2c(-c3ccncc3)[nH]c3cccc1c23,PARP1,bioisostere,0.726,2.6,299.8,7.51,-10.49,0.636,0.35,0.954,10
c1ccc(Oc2ncc(-c3ccnc(OC4CCCCC4)n3)s2)nc1,CDK4,bioisostere,0.672,3.1,354.4,7.55,-10.49,0.481,0.265,0.721,10
CCCCC.CNc1nccc(-c2cnc(Nc3ccccn3)s2)n1,CDK4,bioisostere,0.649,3.1,356.5,7.58,-10.49,0.428,0.289,0.642,10
CCc1nc(N)sc1-c1ccnc(Nc2cccc([N+](=O)[O-])c2)n1,CDK4,r_group,0.538,3.0,342.4,7.59,-10.49,0.498,0.264,0.747,10
Cc1nc(N)sc1-c1ccnc(Nc2cccc([N+](=O)S)c2)n1,CDK4,bioisostere,0.495,2.9,345.4,7.59,-10.49,0.592,0.311,0.888,10
CO[C@@H]1[C@H](NC2CC2)C[C@H]2O[C@]1(C)n1c3ccccc3c3c4c(c5c6ccccc6n2c5c31)C(=O)NC4,AKT1,r_group,0.376,4.6,492.6,7.59,-10.49,0.734,0.234,1.0,10
O=C1OCCc2c(-c3ccc[nH]3)[nH]c3cccc1c23,PARP1,bioisostere,0.654,2.4,252.3,7.61,-10.48,0.615,0.309,0.922,10
O=C(NC1CCNCC1)c1n[nH]cc1NC(=O)c1c(Cl)cccc1C1CC1,CDK4,r_group,0.633,3.4,387.9,7.66,-10.48,0.469,0.235,0.704,10
COc1nc(N)sc1-c1ccnc(Nc2cccc([N+](=O)[O-])c2)n1,CDK4,r_group,0.534,3.0,344.4,7.66,-10.48,0.519,0.268,0.779,10
CNc1nc(N)sc1-c1ccnc(Nc2cccc([N+](=O)[O-])c2)n1,CDK4,r_group,0.476,3.0,343.4,7.7,-10.48,0.503,0.28,0.754,10
CN(C)c1nc(N)sc1-c1ccnc(Nc2cccc([N+](=O)[O-])c2)n1,CDK4,r_group,0.528,3.1,357.4,7.72,-10.48,0.436,0.257,0.654,10
NC(=O)c1nc(N)sc1-c1ccnc(Nc2cccc([N+](=O)[O-])c2)n1,CDK4,r_group,0.46,3.1,357.4,7.79,-10.47,0.53,0.299,0.794,10
Cc1nc(N)sc1-c1ccnc(Oc2cccc([N+](=O)[O-])c2)n1,CDK4,bioisostere,0.577,2.9,329.3,7.79,-10.47,0.471,0.278,0.706,10
COc1cccc(Cl)c1C(=O)Nc1c[nH]nc1C(=O)NC1CCNCC1,CDK4,r_group,0.635,3.2,377.8,7.82,-10.47,0.416,0.217,0.624,10
CN(C)c1cccc(Cl)c1C(=O)Nc1c[nH]nc1C(=O)NC1CCNCC1,CDK4,r_group,0.624,3.4,390.9,7.82,-10.47,0.44,0.237,0.659,10
Nc1nc(O)c(-c2ccnc(Nc3cccc([N+](=O)[O-])c3)n2)s1,CDK4,r_group,0.489,2.9,330.3,7.85,-10.47,0.527,0.297,0.791,10
CC(C)c1cccc(Cl)c1C(=O)Nc1c[nH]nc1C(=O)NC1CCNCC1,CDK4,r_group,0.631,3.4,389.9,7.89,-10.46,0.427,0.248,0.64,10
O=C(NC1CCOCC1)c1n[nH]cc1NC(=O)c1c(Cl)cccc1Cl,CDK4,bioisostere,0.757,3.1,383.2,7.9,-10.46,0.495,0.267,0.742,10
O=C(NC1CCNCC1)c1n[nH]cc1NC(=O)c1c(F)cccc1Cl,CDK4,r_group,0.665,3.1,365.8,7.91,-10.46,0.44,0.247,0.661,10
Nc1nc(C2CC2)c(-c2ccnc(Nc3cccc([N+](=O)[O-])c3)n2)s1,CDK4,r_group,0.529,3.1,354.4,7.92,-10.46,0.498,0.291,0.747,10
CNc1nc(C)c(-c2ccnc(Nc3ccoc3)n2)s1.CO.CO.CO,CDK4,bioisostere,0.459,3.2,383.5,7.95,-10.46,0.437,0.292,0.656,10
Cc1nc(N)sc1-c1ccnc(Nc2cccc([N+]([O-])=S)c2)n1,CDK4,bioisostere,0.553,2.9,344.4,7.95,-10.46,0.563,0.313,0.844,10
Nc1nc(C(=O)O)c(-c2ccnc(Nc3cccc([N+](=O)[O-])c3)n2)s1,CDK4,r_group,0.46,3.1,358.3,7.95,-10.46,0.516,0.291,0.774,10
Cc1nc(N)sc1-c1ccnc(Nc2ccsc2)n1.O=[N+][O-],CDK4,bioisostere,0.555,2.8,335.4,7.97,-10.46,0.477,0.29,0.715,10
N#Cc1cccc(Cl)c1C(=O)Nc1c[nH]nc1C(=O)NC1CCNCC1,CDK4,r_group,0.65,3.2,372.8,7.99,-10.46,0.427,0.244,0.641,10
O=C(Nc1c[nH]nc1C(=S)NC1CCNCC1)c1c(Cl)cccc1Cl,CDK4,bioisostere,0.596,3.1,398.3,8.0,-10.45,0.454,0.253,0.681,10
CCO[C@@H]1[C@H](NC)C[C@H]2O[C@]1(C)n1c3ccccc3c3c4c(c5c6ccccc6n2c5c31)C(=O)NC4,AKT1,r_group,0.391,4.5,480.6,8.02,-10.45,0.585,0.211,0.877,10
Nc1cccc(Cl)c1C(=O)Nc1c[nH]nc1C(=O)NC1CCNCC1,CDK4,r_group,0.525,3.1,362.8,8.03,-10.45,0.466,0.242,0.699,10
Cc1cccc(Cl)c1C(=O)Nc1c[nH]nc1C(=O)NC1CCNCC1,CDK4,r_group,0.67,3.1,361.8,8.05,-10.45,0.496,0.255,0.744,10
CNc1nc(C)c(-c2ccnc(Nc3ccsc3)n2)s1.CO.CO.CO,CDK4,bioisostere,0.453,3.2,399.5,8.05,-10.45,0.445,0.271,0.668,10
NC(=O)c1cccc(Cl)c1C(=O)Nc1c[nH]nc1C(=O)NC1CCNCC1,CDK4,r_group,0.515,3.4,390.8,8.1,-10.45,0.474,0.235,0.711,10
Nc1nc(C(F)(F)F)c(-c2ccnc(Nc3cccc([N+](=O)[O-])c3)n2)s1,CDK4,r_group,0.519,3.2,382.3,8.1,-10.45,0.544,0.302,0.815,10
O=C(O)c1cccc(Cl)c1C(=O)Nc1c[nH]nc1C(=O)NC1CCNCC1,CDK4,r_group,0.524,3.4,391.8,8.1,-10.45,0.479,0.27,0.719,10
CNc1nc(C)c(-c2ccnc(Nc3ccncc3)n2)s1.CO.CO.CO,CDK4,bioisostere,0.449,3.4,394.5,8.16,-10.44,0.518,0.328,0.777,10
CC(C)c1nc(N)sc1-c1ccnc(Nc2cccc([N+](=O)[O-])c2)n1,CDK4,r_group,0.524,3.1,356.4,8.18,-10.44,0.466,0.291,0.699,10
CN[C@@H]1C[C@@H]2S[C@](C)([C@@H]1OC)n1c3ccccc3c3c4c(c5c6ccccc6n2c5c31)C(=O)NC4,AKT1,bioisostere,0.369,4.4,482.6,8.19,-10.44,0.613,0.223,0.919,10
NS(=O)(=O)c1cccc(Cl)c1C(=O)Nc1c[nH]nc1C(=O)NC1CCNCC1,CDK4,r_group,0.466,3.5,426.9,8.2,-10.44,0.454,0.251,0.681,10
CNc1cccc(Cl)c1C(=O)Nc1c[nH]nc1C(=O)NC1CCNCC1,CDK4,r_group,0.546,3.2,376.8,8.23,-10.44,0.435,0.266,0.653,10
Cl.Cl.O=C(Nc1c[nH]nc1C(=O)NC1CCNCC1)c1cc[nH]c1,CDK4,bioisostere,0.554,3.0,375.3,8.24,-10.44,0.364,0.245,0.546,10
N#Cc1nc(N)sc1-c1ccnc(Nc2cccc([N+](=O)[O-])c2)n1,CDK4,r_group,0.545,3.0,339.3,8.25,-10.44,0.503,0.306,0.755,10
CCc1cccc(Cl)c1C(=O)Nc1c[nH]nc1C(=O)NC1CCNCC1,CDK4,r_group,0.644,3.2,375.9,8.26,-10.44,0.432,0.26,0.648,10
CN[C@@H]1C[C@H]2O[C@@](C)([C@@H]1OC1CC1)n1c3ccccc3c3c4c(c5c6ccccc6n2c5c31)C(=O)NC4,AKT1,r_group,0.376,4.6,492.6,8.26,-10.43,0.614,0.204,0.921,10
CNc1nc(C)c(-c2ccnc(Nc3cc(OC)c(OC)c(SC)c3)n2)s1,CDK4,bioisostere,0.561,3.4,403.5,8.27,-10.43,0.547,0.299,0.821,10
O=C(NC1CCNCC1)c1n[nH]cc1NC(=O)c1c(Cl)cccc1C(F)(F)F,CDK4,r_group,0.617,3.5,415.8,8.28,-10.43,0.433,0.244,0.65,10
Nc1nc(Cl)c(-c2ccnc(Nc3cccc([N+](=O)[O-])c3)n2)s1,CDK4,r_group,0.546,2.9,348.8,8.29,-10.43,0.508,0.337,0.762,10
O=C(OC1CCNCC1)c1n[nH]cc1NC(=O)c1c(Cl)cccc1Cl,CDK4,bioisostere,0.706,3.1,383.2,8.29,-10.43,0.352,0.239,0.529,10
Cl.Cl.O=C(Nc1c[nH]nc1C(=O)NC1CCNCC1)c1ccncc1,CDK4,bioisostere,0.634,3.1,387.3,8.3,-10.43,0.313,0.231,0.47,10
O=C(NC1CCNCC1)c1n[nH]cc1NC(=S)c1c(Cl)cccc1Cl,CDK4,bioisostere,0.596,3.1,398.3,8.33,-10.43,0.384,0.239,0.577,10
NC[C@@H](NC(=O)c1cc(-c2n[nH]cc2-c2cccc(Cl)c2)c[nH]1)c1ccc(F)c(Cl)c1,MAPK1,r_group,0.329,3.9,458.3,8.35,-10.43,0.475,0.293,0.713,10
Cc1nc(N)sc1-c1ccnc(Nc2ccoc2)n1.O=[N+][O-],CDK4,bioisostere,0.553,2.8,319.3,8.36,-10.43,0.461,0.305,0.692,10
CNc1nc(C)c(-c2ccnc(Nc3cc[nH]c3)n2)s1.CO.CO.CO,CDK4,bioisostere,0.402,3.2,382.5,8.36,-10.43,0.423,0.295,0.635,10
O=C(N[C@H](CF)c1ccc(F)c(Cl)c1)c1cc(-c2n[nH]cc2-c2cccc(Cl)c2)c[nH]1,MAPK1,r_group,0.332,3.9,461.3,8.37,-10.43,0.543,0.322,0.814,10
Cc1nc(N)sc1-c1ccnc(Nc2ccncc2)n1.O=[N+][O-],CDK4,bioisostere,0.549,2.9,330.4,8.4,-10.43,0.436,0.305,0.654,10
CN[C@@H]1C[C@H]2O[C@@](C)([C@H]1NC)n1c3ccccc3c3c4c(c5c6ccccc6n2c5c31)C(=O)NC4,AKT1,bioisostere,0.37,4.4,465.6,8.4,-10.43,0.551,0.213,0.827,10
Nc1nc(S(N)(=O)=O)c(-c2ccnc(Nc3cccc([N+](=O)[O-])c3)n2)s1,CDK4,r_group,0.427,3.2,393.4,8.41,-10.42,0.519,0.313,0.778,10
Cl.O=C(N[C@H](CO)c1ccc(F)c(Cl)c1)c1cc(-c2n[nH]cc2-c2cc[nH]c2)c[nH]1,MAPK1,bioisostere,0.305,3.8,450.3,8.42,-10.42,0.545,0.314,0.818,10
Cl.Cl.O=C(Nc1c[nH]nc1C(=O)NC1CCNCC1)c1ccoc1,CDK4,bioisostere,0.647,3.0,376.2,8.44,-10.42,0.412,0.27,0.619,10
Cl.Cl.O=C(Nc1c[nH]nc1C(=O)NC1CCNCC1)c1ccsc1,CDK4,bioisostere,0.64,3.0,392.3,8.45,-10.42,0.292,0.201,0.439,10
CNc1nc(C)c(-c2ccnc(Nc3cc(OC)c(NC)c(OC)c3)n2)s1,CDK4,bioisostere,0.565,3.4,386.5,8.45,-10.42,0.542,0.324,0.813,10
Cl.O=C(N[C@H](CO)c1ccc(F)c(Cl)c1)c1cc(-c2n[nH]cc2-c2ccsc2)c[nH]1,MAPK1,bioisostere,0.328,3.8,467.4,8.46,-10.42,0.496,0.314,0.744,10
Nc1nc(F)c(-c2ccnc(Nc3cccc([N+](=O)[O-])c3)n2)s1,CDK4,r_group,0.556,2.9,332.3,8.49,-10.42,0.496,0.315,0.744,10
CNc1nc(C)c(-c2ccnc(Nc3cc(NC)c(OC)c(OC)c3)n2)s1,CDK4,bioisostere,0.565,3.4,386.5,8.51,-10.42,0.619,0.342,0.928,10
Nc1nc(N)c(-c2ccnc(Nc3cccc([N+](=O)[O-])c3)n2)s1,CDK4,r_group,0.488,2.9,329.3,8.52,-10.42,0.525,0.317,0.788,10
Cc1nc(N)sc1-c1ccnc(Nc2cc[nH]c2)n1.O=[N+][O-],CDK4,bioisostere,0.495,2.8,318.3,8.52,-10.42,0.471,0.319,0.707,10
CN[C@@H]1C[C@H]2O[C@@](C3CC3)([C@@H]1OC)n1c3ccccc3c3c4c(c5c6ccccc6n2c5c31)C(=O)NC4,AKT1,r_group,0.382,4.6,492.6,8.53,-10.42,0.529,0.199,0.793,10
N#CC[C@@H](NC(=O)c1cc(-c2n[nH]cc2-c2cccc(Cl)c2)c[nH]1)c1ccc(F)c(Cl)c1,MAPK1,r_group,0.329,4.0,468.3,8.69,-10.41,0.501,0.298,0.751,10
Cl.O=C(N[C@H](CO)c1ccc(F)c(Cl)c1)c1cc(-c2n[nH]cc2-c2ccncc2)c[nH]1,MAPK1,bioisostere,0.346,3.9,462.3,8.69,-10.4,0.526,0.329,0.79,10
Cl.F.O=C(N[C@H](CO)c1ccncc1)c1cc(-c2n[nH]cc2-c2cccc(Cl)c2)c[nH]1,MAPK1,bioisostere,0.344,3.9,464.3,8.74,-10.4,0.494,0.326,0.74,10
COC[C@@H](NC(=O)c1cc(-c2n[nH]cc2-c2cccc(Cl)c2)c[nH]1)c1ccc(F)c(Cl)c1,MAPK1,r_group,0.325,4.0,473.3,8.75,-10.4,0.534,0.327,0.801,10
CN[C@@H]1C[C@H]2O[C@@](C(F)(F)F)([C@@H]1OC)n1c3ccccc3c3c4c(c5c6ccccc6n2c5c31)C(=O)NC4,AKT1,r_group,0.348,4.8,520.5,8.76,-10.4,0.517,0.198,0.775,10
Cl.F.O=C(N[C@H](CO)c1ccoc1)c1cc(-c2n[nH]cc2-c2cccc(Cl)c2)c[nH]1,MAPK1,bioisostere,0.348,3.8,453.3,8.81,-10.4,0.471,0.325,0.707,10
CN(C)C[C@@H](NC(=O)c1cc(-c2n[nH]cc2-c2cccc(Cl)c2)c[nH]1)c1ccc(F)c(Cl)c1,MAPK1,r_group,0.321,4.1,486.4,8.81,-10.4,0.494,0.299,0.741,10
CO[C@@H]1[C@H](NC(C)C)C[C@H]2O[C@]1(C)n1c3ccccc3c3c4c(c5c6ccccc6n2c5c31)C(=O)NC4,AKT1,r_group,0.365,4.6,494.6,8.82,-10.4,0.552,0.218,0.828,10
Cl.O=C(N[C@H](CO)c1ccc(F)c(Cl)c1)c1cc(-c2n[nH]cc2-c2ccoc2)c[nH]1,MAPK1,bioisostere,0.35,3.8,451.3,9.02,-10.38,0.474,0.302,0.711,10
CC[C@@H](NC(=O)c1cc(-c2n[nH]cc2-c2cccc(Cl)c2)c[nH]1)c1ccc(F)c(Cl)c1,MAPK1,r_group,0.314,3.9,457.3,9.04,-10.38,0.51,0.311,0.766,10
CN[C@@H]1C[C@H]2O[C@@](OC)([C@@H]1OC)n1c3ccccc3c3c4c(c5c6ccccc6n2c5c31)C(=O)NC4,AKT1,r_group,0.407,4.5,482.5,9.05,-10.38,0.56,0.208,0.841,10
Cl.F.O=C(N[C@H](CO)c1cc[nH]c1)c1cc(-c2n[nH]cc2-c2cccc(Cl)c2)c[nH]1,MAPK1,bioisostere,0.304,3.8,452.3,9.11,-10.38,0.462,0.323,0.694,10
CN[C@@H]1C[C@H]2O[C@@](C)([C@@H]1OC(C)C)n1c3ccccc3c3c4c(c5c6ccccc6n2c5c31)C(=O)NC4,AKT1,r_group,0.365,4.6,494.6,9.3,-10.37,0.531,0.217,0.797,10
CCN[C@@H]1C[C@H]2O[C@@](C)([C@@H]1OC)n1c3ccccc3c3c4c(c5c6ccccc6n2c5c31)C(=O)NC4,AKT1,r_group,0.391,4.5,480.6,9.38,-10.36,0.549,0.207,0.824,10
Cl.F.O=C(N[C@H](CO)c1ccsc1)c1cc(-c2n[nH]cc2-c2cccc(Cl)c2)c[nH]1,MAPK1,bioisostere,0.326,3.8,469.4,9.39,-10.36,0.529,0.346,0.794,10
CN[C@@H]1C[C@H]2O[C@@](C)([C@H]1SC)n1c3ccccc3c3c4c(c5c6ccccc6n2c5c31)C(=O)NC4,AKT1,bioisostere,0.369,4.4,482.6,9.41,-10.36,0.521,0.213,0.782,10
CNC.CN[CH]C[C@H]1O[C](C)n2c3ccccc3c3c4c(c5c6ccccc6n1c5c32)C(=O)NC4,AKT1,bioisostere,0.362,4.4,467.6,9.56,-10.35,0.411,0.193,0.616,10
CN[C@@H]1C[C@H]2O[C@@](C(C)C)([C@@H]1OC)n1c3ccccc3c3c4c(c5c6ccccc6n2c5c31)C(=O)NC4,AKT1,r_group,0.371,4.6,494.6,9.78,-10.34,0.539,0.212,0.809,10
CN[C@@H]1C[C@H]2O[C@@](C)([C@@H]1OC)N(c1ccncc1)c1cc3c(c4c5ccccc5n2c14)C(=O)NC3,AKT1,bioisostere,0.475,4.4,469.5,10.01,-10.32,0.496,0.237,0.744,10
CCn1nnc2c(N3CCOCC3)nc(-c3ccc(NC(=O)Nc4cc[nH]c4)cc3)nc21.CN1CCN(C=O)CC1,PIK3CB,bioisostere,0.301,5.1,561.7,10.03,-10.32,0.441,0.262,0.662,10
CC[C@]12O[C@H](C[C@@H](NC)[C@H]1OC)n1c3ccccc3c3c4c(c5c6ccccc6n2c5c31)CNC4=O,AKT1,r_group,0.391,4.5,480.6,10.06,-10.32,0.534,0.227,0.801,10
CCn1nnc2c(N3CCOCC3)nc(-c3cc[nH]c3)nc21.CN1CCN(C(=O)c2ccc(NC(N)=O)cc2)CC1,PIK3CB,bioisostere,0.329,5.1,561.7,10.45,-10.3,0.449,0.307,0.674,10
CCn1nnc2c(N3CCOCC3)nc(-c3ccoc3)nc21.CN1CCN(C(=O)c2ccc(NC(N)=O)cc2)CC1,PIK3CB,bioisostere,0.368,5.1,562.6,10.46,-10.3,0.428,0.289,0.642,10
CCn1nnc2c(N3CCOCC3)nc(-c3ccc(NC(=O)Nc4ccoc4)cc3)nc21.CN1CCN(C=O)CC1,PIK3CB,bioisostere,0.336,5.1,562.6,10.47,-10.3,0.448,0.285,0.672,10
CCn1nnc2c(N3CCOCC3)nc(-c3ccc(NC(=O)Nc4ccsc4)cc3)nc21.CN1CCN(C=O)CC1,PIK3CB,bioisostere,0.331,5.1,578.7,10.49,-10.29,0.431,0.29,0.646,10
CN[C@@H]1C[C@H]2O[C@@](C)([C@@H]1OC)N(c1ccsc1)c1cc3c(c4c5ccccc5n2c14)C(=O)NC3,AKT1,bioisostere,0.458,4.2,474.6,10.5,-10.29,0.472,0.211,0.708,10
CCn1nnc2c(N3CCOCC3)nc(-c3ccsc3)nc21.CN1CCN(C(=O)c2ccc(NC(N)=O)cc2)CC1,PIK3CB,bioisostere,0.364,5.1,578.7,10.51,-10.29,0.428,0.307,0.642,10
CCn1nnc2c(N3CCOCC3)nc(-c3ccncc3)nc21.CN1CCN(C(=O)c2ccc(NC(N)=O)cc2)CC1,PIK3CB,bioisostere,0.36,5.2,573.7,10.55,-10.29,0.442,0.316,0.663,10
CCn1nnc2c(N3CCOCC3)nc(-c3ccc(NC(=O)Nc4ccncc4)cc3)nc21.CN1CCN(C=O)CC1,PIK3CB,bioisostere,0.329,5.2,573.7,10.56,-10.29,0.427,0.293,0.64,10
CC(=O)O[C@@H]1C[C@]2(C)C(=O)CC[C@H]2C2=C1[C@@]1(C)[CH]OC(=O)c3coc(c31)C2=O.CNC,PIK3CB,bioisostere,0.679,3.9,428.5,10.7,-10.28,0.448,0.248,0.671,10
CNC[C@H]1OC(=O)c2coc3c2[C@@]1(C)C1=C(C3=O)[C@@H]2CCC(=O)[C@@]2(C)C[C@H]1OC(C)=O,PIK3CB,bioisostere,0.73,3.9,427.5,10.72,-10.28,0.595,0.264,0.892,10
COC[CH][C@]1(C)C2=C(C(=O)c3occ(C(N)=O)c31)[C@@H]1CCC(=O)[C@@]1(C)C[C@H]2OC(C)=O,PIK3CB,bioisostere,0.713,3.9,428.5,11.02,-10.26,0.407,0.214,0.61,10
COC[CH][C@]1(C)C2=C(C(=O)c3occ(S(N)(=O)=O)c31)[C@@H]1CCC(=O)[C@@]1(C)C[C@H]2OC(C)=O,PIK3CB,bioisostere,0.65,4.0,464.5,11.03,-10.26,0.387,0.222,0.58,10
COC[C@H]1OC(=O)c2coc3c2[C@@]1(C)C1=C(C3=O)[C@@H]2CCC(=O)[C@@]2(C)C[CH]1.CS(N)(=O)=O,PIK3CB,bioisostere,0.652,4.0,464.5,11.06,-10.26,0.419,0.236,0.629,10
CN[C@@H]1C[C@H]2O[C@@](C)([C@@H]1OC)N(c1ccoc1)c1cc3c(c4c5ccccc5n2c14)C(=O)NC3,AKT1,bioisostere,0.483,4.2,458.5,11.06,-10.26,0.456,0.197,0.684,10
CN[C@@H](COC)[C@]1(C)C2=C(C(=O)c3occc31)[C@@H]1CCC(=O)[C@@]1(C)C[C@H]2OC(C)=O.O,PIK3CB,bioisostere,0.701,3.9,433.5,11.09,-10.26,0.371,0.21,0.557,10
CC(N)=O.COC[C@H]1OC(=O)c2coc3c2[C@@]1(C)C1=C(C3=O)[C@@H]2CCC(=O)[C@@]2(C)C[CH]1,PIK3CB,bioisostere,0.716,3.9,428.5,11.16,-10.26,0.47,0.234,0.705,10
CNC(=O)c1coc2c1[C](C)C1=C(C2=O)[C@@H]2CCC(=O)[C@@]2(C)C[C@H]1OC(C)=O.COC,PIK3CB,bioisostere,0.718,3.9,430.5,11.17,-10.26,0.404,0.247,0.606,10
CN[C@@H]1C[C@H]2O[C@@](C)([C@@H]1OC)N(c1cc[nH]c1)c1cc3c(c4c5ccccc5n2c14)C(=O)NC3,AKT1,bioisostere,0.436,4.2,457.5,11.18,-10.26,0.466,0.216,0.699,10
Cc1cccc(-c2nc(N3CCOCC3)c3sccc3n2)c1.Cl,PIK3CA,r_group,0.704,2.9,347.9,14.52,-10.1,0.595,0.276,0.892,10
Cl.Nc1cccc(-c2nc(N3CCOCC3)c3sccc3n2)c1,PIK3CA,r_group,0.72,2.9,348.9,14.57,-10.1,0.641,0.29,0.962,10
Cl.Clc1cccc(-c2nc(N3CCOCC3)c3sccc3n2)c1,PIK3CA,r_group,0.677,2.9,368.3,14.72,-10.09,0.605,0.279,0.908,10
Cl.O=C(O)c1cccc(-c2nc(N3CCOCC3)c3sccc3n2)c1,PIK3CA,r_group,0.754,3.1,377.9,15.05,-10.08,0.577,0.272,0.866,10
Cl.Fc1cccc(-c2nc(N3CCOCC3)c3sccc3n2)c1,PIK3CA,r_group,0.704,2.9,351.8,15.05,-10.08,0.523,0.286,0.784,10
CC(C)c1cccc(-c2nc(N3CCOCC3)c3sccc3n2)c1.Cl,PIK3CA,r_group,0.662,3.1,375.9,15.66,-10.06,0.469,0.265,0.704,10
Cl.Oc1cccc(-c2nc(N3CCSCC3)c3sccc3n2)c1,PIK3CA,bioisostere,0.742,2.9,365.9,15.86,-10.05,0.514,0.293,0.771,10
Cl.Fc1cccc(-c2nc(N3CCOCC3)c3oc4ncccc4c3n2)c1,PIK3CA,r_group,0.521,3.4,386.8,16.0,-10.04,0.653,0.311,0.979,10
Cl.NS(=O)(=O)c1cccc(-c2nc(N3CCOCC3)c3sccc3n2)c1,PIK3CA,r_group,0.708,3.2,412.9,16.27,-10.03,0.548,0.285,0.822,10
Cl.N#Cc1cccc(-c2nc(N3CCOCC3)c3sccc3n2)c1,PIK3CA,r_group,0.701,3.0,358.9,16.27,-10.03,0.569,0.281,0.854,10
Cc1ccc([N+](=O)[O-])cc1S(=O)(=S)N(C)/N=C/c1cnc2ccc(Br)cn12,PIK3CA,bioisostere,0.326,3.4,468.4,16.27,-10.03,0.556,0.221,0.834,10
Cc1cccc(-c2nc(N3CCOCC3)c3oc4ncccc4c3n2)c1.Cl,PIK3CA,r_group,0.522,3.4,382.9,16.34,-10.03,0.698,0.343,1.0,10
Cl.Sc1cccc(-c2nc(N3CCOCC3)c3sccc3n2)c1,PIK3CA,bioisostere,0.699,2.9,365.9,16.59,-10.02,0.553,0.28,0.829,10
CC[C@H](COc1cncc(-c2ccc3cnccc3c2)c1)Cc1c[nH]c2ccccc12,AKT1,r_group,0.338,3.9,407.5,16.69,-10.02,0.522,0.334,0.783,10
CN(C)[C@H](COc1cncc(-c2ccc3cnccc3c2)c1)Cc1c[nH]c2ccccc12,AKT1,r_group,0.385,4.0,422.5,16.69,-10.02,0.534,0.32,0.801,10
Cl.Oc1cc[nH]c1.c1nc(N2CCOCC2)c2sccc2n1,PIK3CA,bioisostere,0.712,2.8,340.8,16.7,-10.02,0.418,0.241,0.627,10
FC(F)(F)[C@H](COc1cncc(-c2ccc3cnccc3c2)c1)Cc1c[nH]c2ccccc12,AKT1,r_group,0.32,4.1,447.5,16.72,-10.02,0.42,0.262,0.629,10
CNc1cncc(-c2ccc3cnccc3c2)c1.N[CH]Cc1c[nH]c2ccccc12,AKT1,bioisostere,0.393,3.8,394.5,16.72,-10.02,0.428,0.283,0.642,10
Cl.NC(=O)c1cccc(-c2nc(N3CCOCC3)c3sccc3n2)c1,PIK3CA,r_group,0.76,3.1,376.9,16.72,-10.02,0.494,0.302,0.74,10
Cl.Oc1cccc(-c2nc(N3CCSCC3)c3oc4ncccc4c3n2)c1,PIK3CA,bioisostere,0.542,3.4,400.9,16.76,-10.02,0.674,0.339,1.0,10
Cl.c1cc(-c2nc(N3CCOCC3)c3sccc3n2)cc(C2CC2)c1,PIK3CA,r_group,0.677,3.1,373.9,16.9,-10.01,0.52,0.279,0.779,10
Cl.FC(F)(F)c1cccc(-c2nc(N3CCOCC3)c3sccc3n2)c1,PIK3CA,r_group,0.627,3.2,401.8,16.91,-10.01,0.55,0.29,0.825,10
CN[C@H](COc1cncc(-c2ccc3cnccc3c2)c1)Cc1c[nH]c2ccccc12,AKT1,r_group,0.398,3.9,408.5,16.93,-10.01,0.502,0.321,0.752,10
NC(=O)[C@H](COc1cncc(-c2ccc3cnccc3c2)c1)Cc1c[nH]c2ccccc12,AKT1,r_group,0.404,4.0,422.5,16.93,-10.01,0.497,0.339,0.746,10
CC(C)[C@H](COc1cncc(-c2ccc3cnccc3c2)c1)Cc1c[nH]c2ccccc12,AKT1,r_group,0.319,4.0,421.5,16.96,-10.01,0.518,0.324,0.777,10
CNCCN(C)c1nc(-c2cccc(O)c2)nc2ccsc12.Cl,PIK3CA,bioisostere,0.74,2.9,350.9,16.96,-10.01,0.378,0.209,0.567,10
C[C@H](COc1cncc(-c2ccc3cnccc3c2)c1)Cc1c[nH]c2ccccc12,AKT1,r_group,0.383,3.8,393.5,17.07,-10.01,0.576,0.345,0.865,10
CN(C)c1cccc(-c2nc(N3CCOCC3)c3sccc3n2)c1.Cl,PIK3CA,r_group,0.697,3.1,376.9,17.15,-10.0,0.444,0.263,0.665,10
Cl.Oc1ccoc1.c1nc(N2CCOCC2)c2sccc2n1,PIK3CA,bioisostere,0.733,2.8,341.8,17.27,-10.0,0.413,0.245,0.619,10
CNCCN(C)c1nc(-c2cccc(O)c2)nc2c1oc1ncccc12.Cl,PIK3CA,bioisostere,0.545,3.4,385.9,17.33,-10.0,0.419,0.257,0.628,10
CO[C@H](COc1cncc(-c2ccc3cnccc3c2)c1)Cc1c[nH]c2ccccc12,AKT1,r_group,0.39,3.9,409.5,17.35,-10.0,0.462,0.308,0.693,10
O[C@H](COc1cncc(-c2ccc3cnccc3c2)c1)Cc1c[nH]c2ccccc12,AKT1,r_group,0.435,3.8,395.5,17.36,-10.0,0.492,0.313,0.738,10
N[C@H](CSc1cncc(-c2ccc3cnccc3c2)c1)Cc1c[nH]c2ccccc12,AKT1,bioisostere,0.366,3.8,410.5,17.43,-9.99,0.471,0.315,0.707,10
Cl.N#Cc1cccc(-c2nc(N3CCOCC3)c3oc4ncccc4c3n2)c1,PIK3CA,r_group,0.514,3.5,393.8,17.57,-9.99,0.628,0.331,0.943,10
Cl.Nc1cccc(-c2nc(N3CCOCC3)c3oc4ncccc4c3n2)c1,PIK3CA,r_group,0.531,3.4,383.8,17.61,-9.99,0.639,0.345,0.958,10
CN(C)c1cccc(-c2nc(N3CCOCC3)c3oc4ncccc4c3n2)c1.Cl,PIK3CA,r_group,0.508,3.6,411.9,17.74,-9.98,0.644,0.351,0.966,10
Cl.FC(F)(F)c1cccc(-c2nc(N3CCOCC3)c3oc4ncccc4c3n2)c1,PIK3CA,r_group,0.453,3.8,436.8,18.0,-9.97,0.606,0.328,0.909,10
Cl.Clc1cccc(-c2nc(N3CCOCC3)c3oc4ncccc4c3n2)c1,PIK3CA,r_group,0.496,3.4,403.3,18.03,-9.97,0.615,0.325,0.922,10
CNc1cccc(-c2nc(N3CCOCC3)c3oc4ncccc4c3n2)c1.Cl,PIK3CA,r_group,0.564,3.5,397.9,18.08,-9.97,0.64,0.349,0.959,10
O=C(O)[C@H](COc1cncc(-c2ccc3cnccc3c2)c1)Cc1c[nH]c2ccccc12,AKT1,r_group,0.38,4.0,423.5,18.1,-9.97,0.471,0.332,0.707,10
CNc1cccc(-c2nc(N3CCOCC3)c3sccc3n2)c1.Cl,PIK3CA,r_group,0.77,3.0,362.9,18.13,-9.97,0.487,0.302,0.73,10
Cl.Oc1ccncc1.c1nc(N2CCOCC2)c2sccc2n1,PIK3CA,bioisostere,0.726,2.9,352.8,18.13,-9.97,0.418,0.259,0.627,10
Cl.Oc1cc[nH]c1.c1cnc2oc3c(N4CCOCC4)ncnc3c2c1,PIK3CA,bioisostere,0.527,3.2,375.8,18.36,-9.96,0.421,0.29,0.631,10
N#C[C@H](COc1cncc(-c2ccc3cnccc3c2)c1)Cc1c[nH]c2ccccc12,AKT1,r_group,0.403,3.9,404.5,18.42,-9.96,0.473,0.32,0.71,10
c1ccc2c(C[C@@H](COc3cncc(-c4ccc5cnccc5c4)c3)C3CC3)c[nH]c2c1,AKT1,r_group,0.331,4.0,419.5,18.48,-9.96,0.452,0.322,0.678,10
Cl.Oc1ccoc1.c1cnc2oc3c(N4CCOCC4)ncnc3c2c1,PIK3CA,bioisostere,0.541,3.2,376.8,18.63,-9.95,0.443,0.292,0.665,10
CCc1cccc(-c2nc(N3CCOCC3)c3sccc3n2)c1.Cl,PIK3CA,r_group,0.701,3.0,361.9,18.68,-9.95,0.513,0.281,0.77,10
COc1cccc(-c2nc(N3CCOCC3)c3sccc3n2)c1.Cl,PIK3CA,r_group,0.711,3.0,363.9,18.82,-9.95,0.474,0.302,0.712,10
Cl.c1cc(-c2nc(N3CCOCC3)c3oc4ncccc4c3n2)cc(C2CC2)c1,PIK3CA,r_group,0.494,3.6,408.9,18.9,-9.94,0.606,0.335,0.909,10
Cc1ccc([N+]([O-])=S)cc1S(=O)(=O)N(C)/N=C/c1cnc2ccc(Br)cn12,PIK3CA,bioisostere,0.326,3.4,468.4,18.99,-9.94,0.467,0.204,0.7,10
Cl.Oc1ccncc1.c1cnc2oc3c(N4CCOCC4)ncnc3c2c1,PIK3CA,bioisostere,0.532,3.4,387.8,19.01,-9.94,0.465,0.298,0.697,10
Cl.Sc1cccc(-c2nc(N3CCOCC3)c3oc4ncccc4c3n2)c1,PIK3CA,bioisostere,0.513,3.4,400.9,19.33,-9.93,0.6,0.341,0.899,10
NS(=O)(=O)[C@H](COc1cncc(-c2ccc3cnccc3c2)c1)Cc1c[nH]c2ccccc12,AKT1,r_group,0.382,4.1,458.5,19.52,-9.93,0.417,0.25,0.626,10
Cl.NS(=O)(=O)c1cccc(-c2nc(N3CCOCC3)c3oc4ncccc4c3n2)c1,PIK3CA,r_group,0.507,3.8,447.9,19.88,-9.91,0.588,0.341,0.882,10
CC(C)c1cccc(-c2nc(N3CCOCC3)c3oc4ncccc4c3n2)c1.Cl,PIK3CA,r_group,0.482,3.6,410.9,20.16,-9.91,0.522,0.329,0.783,10
F[C@H](COc1cncc(-c2ccc3cnccc3c2)c1)Cc1c[nH]c2ccccc12,AKT1,r_group,0.398,3.8,397.5,20.18,-9.91,0.464,0.318,0.696,10
Cl.NC(=O)c1cccc(-c2nc(N3CCOCC3)c3oc4ncccc4c3n2)c1,PIK3CA,r_group,0.552,3.6,411.8,20.24,-9.9,0.656,0.35,0.984,10
CCc1cccc(-c2nc(N3CCOCC3)c3oc4ncccc4c3n2)c1.Cl,PIK3CA,r_group,0.515,3.5,396.9,20.36,-9.9,0.604,0.348,0.906,10
Cl.O=C(O)c1cccc(-c2nc(N3CCOCC3)c3oc4ncccc4c3n2)c1,PIK3CA,r_group,0.546,3.6,412.8,20.78,-9.89,0.632,0.347,0.948,10
Cl[C@H](COc1cncc(-c2ccc3cnccc3c2)c1)Cc1c[nH]c2ccccc12,AKT1,r_group,0.347,3.8,413.9,21.01,-9.88,0.477,0.309,0.715,10
O=C1CCCN1c1ccc(S(=O)(=O)N2CCCc3cc(OO)ccc32)cc1,MDM2,r_group,0.643,3.4,388.4,40.34,-9.5,0.644,0.408,0.966,10
COc1ccc2c(c1)N(N)CCN2S(=O)(=O)c1ccc(N2CCCC2=O)cc1,MDM2,r_group,0.782,3.5,402.5,40.74,-9.49,0.566,0.404,0.849,10
COc1ccc2c(c1)N(OC)CCN2S(=O)(=O)c1ccc(N2CCCC2=O)cc1,MDM2,r_group,0.743,3.6,417.5,41.06,-9.49,0.644,0.408,0.966,10
CNOc1ccc2c(c1)N(C)CCN2S(=O)(=O)c1ccc(N2CCCC2=O)cc1,MDM2,r_group,0.751,3.6,416.5,41.57,-9.48,0.554,0.392,0.831,10
CNN1CCN(S(=O)(=O)c2ccc(N3CCCC3=O)cc2)c2ccc(OC)cc21,MDM2,r_group,0.803,3.6,416.5,41.72,-9.48,0.568,0.4,0.852,10
CC(C)Oc1ccc2c(c1)N(C)CCN2S(=O)(=O)c1ccc(N2CCCC2=O)cc1,MDM2,r_group,0.73,3.8,429.5,42.13,-9.47,0.484,0.367,0.726,10
COc1ccc2c(c1)N(N(C)C)CCN2S(=O)(=O)c1ccc(N2CCCC2=O)cc1,MDM2,r_group,0.725,3.8,430.5,42.34,-9.47,0.457,0.341,0.686,10
NOc1ccc2c(c1)CCCN2S(=O)(=O)c1ccc(N2CCCC2=O)cc1,MDM2,r_group,0.812,3.4,387.5,42.53,-9.46,0.561,0.413,0.842,10
O=C1CCCN1c1ccc(S(=O)(=O)N2CCCc3cc(OF)ccc32)cc1,MDM2,r_group,0.804,3.4,390.4,43.16,-9.46,0.576,0.41,0.864,10
CN(C)Oc1ccc2c(c1)CCCN2S(=O)(=O)c1ccc(N2CCCC2=O)cc1,MDM2,r_group,0.703,3.6,415.5,43.62,-9.45,0.554,0.398,0.831,10
CN1CCN(S(=O)(=O)c2ccc(N3CCCC3=O)cc2)c2ccc(ON)cc21,MDM2,r_group,0.782,3.5,402.5,43.63,-9.45,0.529,0.385,0.794,10
N#COc1ccc2c(c1)CCCN2S(=O)(=O)c1ccc(N2CCCC2=O)cc1,MDM2,r_group,0.74,3.5,397.5,44.12,-9.44,0.474,0.362,0.711,10
O=C1CCCN1c1ccc(S(=O)(=O)N2CCCc3cc(F)ccc32)cc1,MDM2,r_group,0.83,3.2,374.4,44.21,-9.44,0.504,0.383,0.756,10
N#Cc1ccc2c(c1)CCCN2S(=O)(=O)c1ccc(N2CCCC2=O)cc1,MDM2,r_group,0.819,3.4,381.5,44.57,-9.44,0.492,0.372,0.739,10
O=C(O)Oc1ccc2c(c1)CCCN2S(=O)(=O)c1ccc(N2CCCC2=O)cc1,MDM2,r_group,0.607,3.6,416.5,44.59,-9.44,0.54,0.401,0.81,10
CC(C)c1ccc2c(c1)CCCN2S(=O)(=O)c1ccc(N2CCCC2=O)cc1,MDM2,r_group,0.78,3.5,398.5,44.7,-9.43,0.537,0.402,0.805,10
COc1ccc2c(c1)N(C1CC1)CCN2S(=O)(=O)c1ccc(N2CCCC2=O)cc1,MDM2,r_group,0.734,3.8,427.5,44.78,-9.43,0.5,0.377,0.749,10
COc1ccc2c(c1)N(C(C)C)CCN2S(=O)(=O)c1ccc(N2CCCC2=O)cc1,MDM2,r_group,0.73,3.8,429.5,45.04,-9.43,0.547,0.375,0.82,10
CNOc1ccc(F)c(F)c1C(=O)c1cnc(NC2CCN(S(C)(=O)=O)CC2)nc1N,ATR,r_group,0.41,3.9,456.5,45.08,-9.43,0.465,0.187,0.698,10
CCOc1ccc2c(c1)N(C)CCN2S(=O)(=O)c1ccc(N2CCCC2=O)cc1,MDM2,r_group,0.751,3.6,415.5,45.14,-9.43,0.549,0.399,0.823,10
CNOc1ccc2c(c1)CCCN2S(=O)(=O)c1ccc(N2CCCC2=O)cc1,MDM2,r_group,0.779,3.5,401.5,45.42,-9.43,0.502,0.392,0.753,10
CN(C)Oc1ccc2c(c1)N(C)CCN2S(=O)(=O)c1ccc(N2CCCC2=O)cc1,MDM2,r_group,0.678,3.8,430.5,45.56,-9.42,0.543,0.389,0.814,10
CC(C)Oc1ccc2c(c1)CCCN2S(=O)(=O)c1ccc(N2CCCC2=O)cc1,MDM2,r_group,0.748,3.6,414.5,45.59,-9.42,0.515,0.383,0.773,10
COOc1ccc2c(c1)CCCN2S(=O)(=O)c1ccc(N2CCCC2=O)cc1,MDM2,r_group,0.568,3.5,402.5,45.97,-9.42,0.554,0.415,0.831,10
COc1ccc2c(c1)N(C)CCN2S(=O)(=O)c1cc[nH]c1.O=C1CCCN1,MDM2,bioisostere,0.827,3.4,392.5,45.98,-9.42,0.421,0.323,0.632,10
COc1ccc2c(c1)N(C)CCN2S(=O)(=O)c1ccoc1.O=C1CCCN1,MDM2,bioisostere,0.855,3.4,393.5,46.05,-9.42,0.449,0.33,0.674,10
O=C1CCCN1c1ccc(S(=O)(=O)N2CCCc3cc(OCl)ccc32)cc1,MDM2,r_group,0.779,3.4,406.9,46.17,-9.42,0.571,0.411,0.856,10
NC(=O)c1ccc2c(c1)CCCN2S(=O)(=O)c1ccc(N2CCCC2=O)cc1,MDM2,r_group,0.85,3.5,399.5,46.24,-9.41,0.52,0.389,0.78,10
COc1ccc2c(c1)CCCN2S(=O)(=O)c1ccsc1.O=C1CCCN1,MDM2,bioisostere,0.869,3.2,394.5,46.24,-9.41,0.429,0.33,0.644,10
O=C1CCCN1c1ccc(S(=O)(=O)N2CCCc3cc(C4CC4)ccc32)cc1,MDM2,r_group,0.789,3.5,396.5,46.4,-9.41,0.464,0.344,0.696,10
Nc1ccc2c(c1)CCCN2S(=O)(=O)c1ccc(N2CCCC2=O)cc1,MDM2,r_group,0.841,3.2,371.5,46.55,-9.41,0.461,0.325,0.691,10
O=C1CCCN1c1ccc(S(=O)(=O)NCCCc2ccsc2)cc1,MDM2,bioisostere,0.768,3.0,364.5,46.74,-9.41,0.414,0.305,0.621,10
COOc1ccc2c(c1)N(C)CCN2S(=O)(=O)c1ccc(N2CCCC2=O)cc1,MDM2,r_group,0.549,3.6,417.5,46.83,-9.41,0.516,0.387,0.774,10
CN1CCN(S(=O)(=O)c2ccc(N3CCCC3=O)cc2)c2ccc(OC(F)(F)F)cc21,MDM2,r_group,0.707,3.9,455.5,47.19,-9.4,0.532,0.375,0.798,10
CN1CCN(S(=O)(=O)c2ccc(N3CCCC3=O)cc2)c2ccc(OC3CC3)cc21,MDM2,r_group,0.734,3.8,427.5,47.31,-9.4,0.509,0.364,0.763,10
CNCCNS(=O)(=O)c1ccc(N2CCCC2=O)cc1.COc1ccoc1,MDM2,bioisostere,0.691,3.4,395.5,47.54,-9.4,0.389,0.298,0.584,10
NC(=O)Oc1ccc2c(c1)CCCN2S(=O)(=O)c1ccc(N2CCCC2=O)cc1,MDM2,r_group,0.825,3.6,415.5,47.69,-9.4,0.46,0.344,0.691,10
COc1ccc2c(c1)N(C)CCN2S(=O)(=O)c1ccncc1.O=C1CCCN1,MDM2,bioisostere,0.836,3.5,404.5,48.26,-9.39,0.397,0.306,0.596,10
O=C1CCCN1c1ccc(S(=O)(=O)NCCCc2ccncc2)cc1,MDM2,bioisostere,0.768,3.1,359.5,48.66,-9.38,0.425,0.302,0.637,10
Cc1ccc2c(c1)CCCN2S(=O)(=O)c1ccncc1.O=C1CCCN1,MDM2,bioisostere,0.877,3.2,373.5,48.71,-9.38,0.436,0.358,0.655,10
NS(=O)(=O)Oc1ccc2c(c1)CCCN2S(=O)(=O)c1ccc(N2CCCC2=O)cc1,MDM2,r_group,0.735,3.8,451.5,48.77,-9.38,0.458,0.339,0.687,10
Cc1ccc2c(c1)CCCN2S(=O)(=O)c1cc[nH]c1.O=C1CCCN1,MDM2,bioisostere,0.861,3.1,361.5,49.19,-9.38,0.405,0.344,0.607,10
COc1ccc2c(c1)CCCN2S(=O)(=O)c1cc[nH]c1.O=C1CCCN1,MDM2,bioisostere,0.856,3.2,377.5,49.45,-9.38,0.435,0.337,0.652,10
CNc1ccc2c(c1)CCCN2S(=O)(=O)c1ccc(N2CCCC2=O)cc1,MDM2,r_group,0.878,3.4,385.5,49.5,-9.37,0.482,0.374,0.722,10
CNCCNS(=O)(=O)c1ccc(N2CCCC2=O)cc1.COc1cc[nH]c1,MDM2,bioisostere,0.615,3.4,394.5,49.76,-9.37,0.445,0.353,0.667,10
COc1ccc2c(c1)N(C)CCN2S(=O)(=O)c1ccsc1.O=C1CCCN1,MDM2,bioisostere,0.842,3.4,409.5,49.86,-9.37,0.392,0.323,0.588,10
CS(=O)(=O)N1CCC(Nc2ncc(C(=O)c3c(OC(F)(F)F)ccc(F)c3F)c(N)n2)CC1,ATR,r_group,0.462,4.1,495.4,49.91,-9.37,0.596,0.263,0.894,10
CCN1CCN(S(=O)(=O)c2ccc(N3CCCC3=O)cc2)c2ccc(OC)cc21,MDM2,r_group,0.751,3.6,415.5,49.91,-9.37,0.508,0.393,0.762,10
O=C(O)c1ccc2c(c1)CCCN2S(=O)(=O)c1ccc(N2CCCC2=O)cc1,MDM2,r_group,0.851,3.5,400.5,49.99,-9.37,0.495,0.405,0.743,10
COc1ccc2c(c1)CCCN2S(=O)(=O)c1ccncc1.O=C1CCCN1,MDM2,bioisostere,0.869,3.4,389.5,50.04,-9.37,0.435,0.34,0.653,10
COc1ccc2c(c1)N(C(F)(F)F)CCN2S(=O)(=O)c1ccc(N2CCCC2=O)cc1,MDM2,r_group,0.662,3.9,455.5,50.64,-9.36,0.513,0.374,0.769,10
O=C1CCCN1c1ccc(S(=O)(=O)N2CCCc3cc(OC(F)(F)F)ccc32)cc1,MDM2,r_group,0.724,3.8,440.4,50.76,-9.36,0.483,0.382,0.725,10
CNCCNS(=O)(=O)c1ccc(N2CCCC2=O)cc1.COc1ccsc1,MDM2,bioisostere,0.681,3.4,411.5,50.77,-9.36,0.414,0.331,0.621,10
O=C1CCCN1c1ccc(S(=O)(=O)N2CCCc3cc(O)ccc32)cc1,MDM2,r_group,0.898,3.2,372.4,50.79,-9.36,0.483,0.417,0.724,10
O=C1CCCN1c1ccc(S(=O)(=O)N2CCCc3cc(Cl)ccc32)cc1,MDM2,r_group,0.804,3.2,390.9,50.86,-9.36,0.508,0.416,0.762,10
NS(=O)(=O)c1ccc2c(c1)CCCN2S(=O)(=O)c1ccc(N2CCCC2=O)cc1,MDM2,r_group,0.783,3.6,435.5,50.88,-9.36,0.464,0.363,0.696,10
CCCNS(=O)(=O)c1ccc(N2CCCC2=O)cc1.COc1ccoc1,MDM2,bioisostere,0.832,3.2,380.5,50.94,-9.36,0.389,0.33,0.584,10
O=C1CCCN1c1ccc(S(=O)(=O)NCCCc2ccoc2)cc1,MDM2,bioisostere,0.779,3.0,348.4,51.36,-9.35,0.32,0.26,0.481,10
CN1CCN(S(=O)(=O)c2ccsc2)c2ccccc21.O=C1CCCN1,MDM2,bioisostere,0.869,3.1,379.5,51.42,-9.35,0.398,0.309,0.597,10
COc1ccc(F)c(F)c1C(=O)c1cnc(NC2CCN(S(=O)(=O)C(C)C)CC2)nc1N,ATR,r_group,0.591,4.0,469.5,51.58,-9.35,0.574,0.257,0.861,10
O=C1CCCN1c1ccc(S(=O)(=O)N2CCCc3cc(C(F)(F)F)ccc32)cc1,MDM2,r_group,0.749,3.6,424.4,51.6,-9.35,0.526,0.401,0.789,10
CCOc1ccc2c(c1)CCCN2S(=O)(=O)c1ccc(N2CCCC2=O)cc1,MDM2,r_group,0.772,3.5,400.5,51.76,-9.35,0.466,0.371,0.698,10
CNS(=O)(=O)N1CCC(Nc2ncc(C(=O)c3c(OC)ccc(F)c3F)c(N)n2)CC1,ATR,r_group,0.523,3.9,456.5,51.84,-9.35,0.567,0.261,0.85,10
O=C1CCCN1c1cc[nH]c1.O=[SH](=O)N1CCCc2ccccc21,MDM2,bioisostere,0.817,3.0,347.4,52.05,-9.34,0.392,0.318,0.588,10
CCc1ccc2c(c1)CCCN2S(=O)(=O)c1ccc(N2CCCC2=O)cc1,MDM2,r_group,0.81,3.4,384.5,52.1,-9.34,0.471,0.401,0.707,10
CCCNS(=O)(=O)c1ccc(N2CCCC2=O)cc1.Cc1ccncc1,MDM2,bioisostere,0.871,3.2,375.5,52.44,-9.34,0.376,0.331,0.564,10
CN1CCN(S(=O)(=O)c2cc[nH]c2)c2ccccc21.O=C1CCCN1,MDM2,bioisostere,0.849,3.1,362.5,52.48,-9.34,0.435,0.316,0.653,10
CNCCNS(=O)(=O)c1ccc(N2CCCC2=O)cc1.COc1ccncc1,MDM2,bioisostere,0.674,3.5,406.5,52.5,-9.34,0.361,0.316,0.542,10
O=C1CCCN1c1ccncc1.O=[SH](=O)N1CCCc2ccccc21,MDM2,bioisostere,0.835,3.1,359.5,52.55,-9.34,0.39,0.318,0.585,10
O=C1CCCN1c1ccc(S(=O)(=O)N2CCCc3cc(OC4CC4)ccc32)cc1,MDM2,r_group,0.754,3.6,412.5,52.79,-9.34,0.472,0.366,0.707,10
Cc1ccc2c(c1)CCCN2S(=O)(=O)c1ccsc1.O=C1CCCN1,MDM2,bioisostere,0.873,3.1,378.5,52.86,-9.34,0.404,0.315,0.606,10
COc1ccc2c(c1)CCCN2S(=O)(=O)c1ccoc1.O=C1CCCN1,MDM2,bioisostere,0.885,3.2,378.5,52.87,-9.34,0.406,0.329,0.609,10
CNCCN(c1ccsc1)S(=O)(=O)c1ccc(N2CCCC2=O)cc1,MDM2,bioisostere,0.801,3.1,379.5,53.08,-9.33,0.42,0.338,0.63,10
Cc1ccc2c(c1)CCCN2S(=O)(=O)c1ccoc1.O=C1CCCN1,MDM2,bioisostere,0.891,3.1,362.5,53.14,-9.33,0.41,0.315,0.615,10
O=C1CCCN1c1ccoc1.O=[SH](=O)N1CCCc2ccccc21,MDM2,bioisostere,0.846,3.0,348.4,53.42,-9.33,0.364,0.301,0.546,10
COc1ccc(F)c(Cl)c1C(=O)c1cnc(NC2CCN(S(C)(=O)=O)CC2)nc1N,ATR,bioisostere,0.63,3.8,457.9,53.79,-9.33,0.53,0.252,0.794,10
CN1CCN(S(=O)(=O)c2ccncc2)c2ccccc21.O=C1CCCN1,MDM2,bioisostere,0.864,3.2,374.5,53.97,-9.32,0.445,0.347,0.668,10
O=C1CCCN1c1ccsc1.O=[SH](=O)N1CCCc2ccccc21,MDM2,bioisostere,0.834,3.0,364.5,54.19,-9.32,0.378,0.316,0.567,10
CCCNS(=O)(=O)c1ccc(N2CCCC2=O)cc1.Cc1ccoc1,MDM2,bioisostere,0.884,3.1,364.5,54.32,-9.32,0.44,0.346,0.66,10
CS(=O)(=O)N1CCC(Nc2ncc(C(=O)c3c(OC4CC4)ccc(F)c3F)c(N)n2)CC1,ATR,r_group,0.592,4.0,467.5,54.44,-9.32,0.527,0.218,0.79,10
CCCNS(=O)(=O)c1ccc(N2CCCC2=O)cc1.Cc1ccsc1,MDM2,bioisostere,0.862,3.1,380.5,54.51,-9.32,0.381,0.335,0.572,10
N#CN1C(=O)C[C@H](c2ccccc2F)[C@@H]1[C@H](O)c1ccc(-c2cccnc2)s1,KRAS,r_group,0.683,3.5,393.4,54.55,-9.32,0.617,0.392,0.925,10
CON1C(=O)C[C@H](c2ccccc2F)[C@@H]1[C@H](O)c1ccc(-c2cccnc2)s1,KRAS,r_group,0.707,3.5,398.5,54.8,-9.31,0.595,0.42,0.893,10
CCCNS(=O)(=O)c1ccc(N2CCCC2=O)cc1.COc1cc[nH]c1,MDM2,bioisostere,0.807,3.2,379.5,54.88,-9.31,0.433,0.342,0.649,10
COc1ccc(Cl)c(F)c1C(=O)c1cnc(NC2CCN(S(C)(=O)=O)CC2)nc1N,ATR,bioisostere,0.63,3.8,457.9,54.89,-9.31,0.549,0.261,0.824,10
O=C1CCCN1c1ccc(S(=O)(=O)NCCCc2cc[nH]c2)cc1,MDM2,bioisostere,0.752,3.0,347.4,54.94,-9.31,0.381,0.322,0.571,10
CCCNS(=O)(=O)c1ccc(N2CCCC2=O)cc1.Cc1cc[nH]c1,MDM2,bioisostere,0.857,3.1,363.5,54.98,-9.31,0.43,0.346,0.646,10
COc1ccc(F)c(F)c1C(=O)c1cnc(NC2CCN(S(N)(=O)=O)CC2)nc1N,ATR,r_group,0.551,3.8,442.4,55.01,-9.31,0.577,0.247,0.866,10
CCCNS(=O)(=O)c1ccc(N2CCCC2=O)cc1.COc1ccsc1,MDM2,bioisostere,0.813,3.2,396.5,55.02,-9.31,0.333,0.291,0.499,10
COc1ccc(F)c(F)c1C(=O)c1cnc(NC2CCN(S(=O)(=O)C3CC3)CC2)nc1N,ATR,r_group,0.592,4.0,467.5,55.04,-9.31,0.489,0.236,0.733,10
CNN1C(=O)C[C@H](c2ccccc2F)[C@@H]1[C@H](O)c1ccc(-c2cccnc2)s1,KRAS,r_group,0.692,3.5,397.5,55.07,-9.31,0.552,0.393,0.828,10
COc1ccc(F)c(F)c1C(=O)c1cnc(NC2CCN(S(=O)(=O)OC)CC2)nc1N,ATR,r_group,0.59,3.9,457.5,55.27,-9.31,0.562,0.257,0.843,10
CC(C)Oc1ccc(F)c(F)c1C(=O)c1cnc(NC2CCN(S(C)(=O)=O)CC2)nc1N,ATR,r_group,0.591,4.0,469.5,55.29,-9.31,0.541,0.228,0.811,10
CN1CCN(S(=O)(=O)c2ccoc2)c2ccccc21.O=C1CCCN1,MDM2,bioisostere,0.88,3.1,363.4,55.3,-9.31,0.409,0.324,0.613,10
CCCNS(=O)(=O)c1ccc(N2CCCC2=O)cc1.COc1ccncc1,MDM2,bioisostere,0.818,3.4,391.5,55.4,-9.31,0.428,0.342,0.641,10
COc1ccc(F)c(F)c1C(=O)c1cnc(NC2CCN(S(=O)(=O)C(F)(F)F)CC2)nc1N,ATR,r_group,0.462,4.1,495.4,55.62,-9.31,0.558,0.261,0.837,10
CS(=O)(=O)N1CCC(Nc2ncc(C(=O)c3c(ON)ccc(F)c3F)c(N)n2)CC1,ATR,r_group,0.432,3.8,442.4,55.63,-9.31,0.606,0.269,0.909,10
CON1C(=O)C[C@H](c2ccccc2F)[C@@H]1[C@H](O)c1ccc(-c2ccccc2)s1,KRAS,r_group,0.688,3.5,397.5,55.79,-9.3,0.587,0.432,0.881,10
CN(C)N1C(=O)C[C@H](c2ccccc2F)[C@@H]1[C@H](O)c1ccc(-c2cccnc2)s1,KRAS,r_group,0.693,3.6,411.5,55.91,-9.3,0.599,0.412,0.899,10
CCS(=O)(=O)N1CCC(Nc2ncc(C(=O)c3c(OC)ccc(F)c3F)c(N)n2)CC1,ATR,r_group,0.605,3.9,455.5,56.15,-9.3,0.588,0.26,0.883,10
O=C1C[C@H](c2ccccc2F)[C@H]([C@H](O)c2ccc(-c3cccnc3)s2)N1C1CC1,KRAS,r_group,0.675,3.6,408.5,56.15,-9.3,0.533,0.394,0.799,10
CCN1C(=O)C[C@H](c2ccccc2F)[C@@H]1[C@H](O)c1ccc(-c2cccnc2)s1,KRAS,r_group,0.696,3.5,396.5,56.24,-9.3,0.506,0.366,0.76,10
NS(=O)(=O)N1C(=O)C[C@H](c2ccccc2F)[C@@H]1[C@H](O)c1ccc(-c2cccnc2)s1,KRAS,r_group,0.624,3.8,447.5,56.6,-9.3,0.519,0.402,0.779,10
NN1C(=O)C[C@H](c2ccccc2F)[C@@H]1[C@H](O)c1ccc(-c2cccnc2)s1,KRAS,r_group,0.535,3.4,383.4,56.81,-9.29,0.508,0.412,0.762,10
NS(=O)(=O)N1C(=O)C[C@H](c2ccccc2F)[C@@H]1[C@H](O)c1ccc(-c2ccccc2)s1,KRAS,r_group,0.629,3.8,446.5,56.81,-9.29,0.538,0.408,0.807,10
COOc1ccc(F)c(F)c1C(=O)c1cnc(NC2CCN(S(C)(=O)=O)CC2)nc1N,ATR,r_group,0.358,3.9,457.5,57.0,-9.29,0.568,0.239,0.852,10
CC(C)N1C(=O)C[C@H](c2ccccc2F)[C@@H]1[C@H](O)c1ccc(-c2cccnc2)s1,KRAS,r_group,0.659,3.6,410.5,57.12,-9.29,0.541,0.409,0.811,10
COc1ccc(C)c(F)c1C(=O)c1cnc(NC2CCN(S(C)(=O)=O)CC2)nc1N,ATR,bioisostere,0.652,3.8,437.5,57.31,-9.29,0.613,0.26,0.919,10
CN1C(=O)C[C@H](c2ccccc2F)[C@@H]1[C@H](O)c1ccc(-c2ccsc2)s1,KRAS,bioisostere,0.707,3.2,387.5,57.36,-9.29,0.602,0.444,0.902,10
CN1C(=S)C[C@H](c2ccccc2F)[C@@H]1[C@H](O)c1ccc(-c2cccnc2)s1,KRAS,bioisostere,0.641,3.4,398.5,57.78,-9.28,0.509,0.411,0.764,10
NN1C(=O)C[C@H](c2ccccc2F)[C@@H]1[C@H](O)c1ccc(-c2ccccc2)s1,KRAS,r_group,0.532,3.4,382.5,57.85,-9.28,0.558,0.416,0.837,10
O=C1C[C@H](c2ccccc2F)[C@H]([C@H](O)c2ccc(-c3cccnc3)s2)N1O,KRAS,r_group,0.672,3.4,384.4,57.87,-9.28,0.518,0.418,0.777,10
O=C(O)N1C(=O)C[C@H](c2ccccc2F)[C@@H]1[C@H](O)c1ccc(-c2ccccc2)s1,KRAS,r_group,0.655,3.6,411.5,58.02,-9.28,0.555,0.441,0.832,10
O=C1C[C@H](c2ccccc2F)[C@H]([C@H](O)c2ccc(-c3ccccc3)s2)N1Cl,KRAS,r_group,0.616,3.4,401.9,58.19,-9.28,0.608,0.431,0.913,10
O=C1C[C@H](c2ccccc2F)[C@H]([C@H](O)c2ccc(-c3cccnc3)s2)N1C(F)(F)F,KRAS,r_group,0.468,3.8,436.4,58.28,-9.28,0.5,0.4,0.751,10
NC(=O)N1C(=O)C[C@H](c2ccccc2F)[C@@H]1[C@H](O)c1ccc(-c2cccnc2)s1,KRAS,r_group,0.687,3.6,411.5,58.29,-9.28,0.493,0.376,0.739,10
COc1ccccc1[C@H]1CC(=O)N(C)[C@H]1[C@H](O)c1ccc(S(=O)(=O)c2ccoc2)s1,KRAS,bioisostere,0.623,3.8,447.5,58.34,-9.28,0.567,0.395,0.85,10
CN1C(=O)C[C@H](c2ccccc2F)[C@@H]1[C@H](O)c1ccc(-c2ccncc2)s1,KRAS,bioisostere,0.742,3.4,382.5,58.39,-9.28,0.567,0.45,0.85,10
CN1C(=O)C[C@H](c2ccccc2F)[C@@H]1[C@H](O)c1ccc(S(=O)(=O)c2ccncc2)s1,KRAS,bioisostere,0.651,3.8,446.5,58.44,-9.28,0.576,0.44,0.865,10
Cc1ccccc1[C@H]1CC(=O)N(C)[C@H]1[C@H](O)c1ccc(-c2cccnc2)s1,KRAS,bioisostere,0.741,3.4,378.5,58.46,-9.28,0.516,0.404,0.774,10
O=C1C[C@H](c2ccccc2F)[C@H]([C@H](O)c2ccc(-c3ccccc3)s2)N1F,KRAS,r_group,0.652,3.4,385.4,58.46,-9.28,0.547,0.419,0.821,10
CN1C(=O)C[C@H](c2ccccc2Cl)[C@@H]1[C@H](O)c1ccc(-c2cccnc2)s1,KRAS,bioisostere,0.703,3.4,398.9,58.5,-9.28,0.538,0.436,0.806,10
CN1C(=O)C[C@H](c2ccccc2F)[C@@H]1[C@H](O)c1ccc(S(=O)(=O)c2cc[nH]c2)s1,KRAS,bioisostere,0.646,3.6,434.5,58.63,-9.27,0.56,0.419,0.84,10
NC(=O)N1C(=O)C[C@H](c2ccccc2F)[C@@H]1[C@H](O)c1ccc(-c2ccccc2)s1,KRAS,r_group,0.681,3.6,410.5,58.69,-9.27,0.515,0.422,0.773,10
CN.CN1[CH][C@@H](c2ccccc2F)CC1=O.c1cncc(-c2cccs2)c1,KRAS,bioisostere,0.716,3.4,384.5,58.77,-9.27,0.412,0.311,0.619,10
N#CN1C(=O)C[C@H](c2ccccc2F)[C@@H]1[C@H](O)c1ccc(-c2ccccc2)s1,KRAS,r_group,0.667,3.5,392.5,58.81,-9.27,0.491,0.388,0.737,10
COc1ccccc1[C@H]1CC(=O)N(C)[C@H]1[C@H](O)c1ccc(S(=O)(=O)c2cc[nH]c2)s1,KRAS,bioisostere,0.606,3.8,446.6,58.82,-9.27,0.496,0.396,0.744,10
CN1C(=O)C[C@H](c2ccccc2F)[C@@H]1[C@H](O)c1ccc(S(=O)(=O)c2ccoc2)s1,KRAS,bioisostere,0.664,3.6,435.5,58.9,-9.27,0.523,0.406,0.784,10
CN(C)N1C(=O)C[C@H](c2ccccc2F)[C@@H]1[C@H](O)c1ccc(-c2ccccc2)s1,KRAS,r_group,0.676,3.6,410.5,58.93,-9.27,0.52,0.423,0.78,10
O=C1C[C@H](c2ccccc2F)[C@H]([C@H](O)c2ccc(-c3ccccc3)s2)N1O,KRAS,r_group,0.658,3.4,383.4,58.98,-9.27,0.51,0.39,0.765,10
O=C1C[C@H](c2ccccc2F)[C@H]([C@H](O)c2ccc(-c3cccnc3)s2)N1Cl,KRAS,r_group,0.653,3.4,402.9,59.06,-9.27,0.506,0.411,0.759,10
CN1C(=O)C[C@H](c2ccccc2F)[C@@H]1[C@H](O)c1ccc(S(=O)(=O)c2ccsc2)s1,KRAS,bioisostere,0.64,3.6,451.6,59.07,-9.27,0.53,0.41,0.796,10
COc1ccc(F)c(F)c1C(=O)c1cnc(NC2CCN(S(=O)(=O)N(C)C)CC2)nc1N,ATR,r_group,0.579,4.0,470.5,59.13,-9.27,0.544,0.261,0.816,10
CCN1C(=O)C[C@H](c2ccccc2F)[C@@H]1[C@H](O)c1ccc(-c2ccccc2)s1,KRAS,r_group,0.661,3.5,395.5,59.13,-9.27,0.494,0.408,0.741,10
CN(C)Oc1ccc(F)c(F)c1C(=O)c1cnc(NC2CCN(S(C)(=O)=O)CC2)nc1N,ATR,r_group,0.453,4.0,470.5,59.15,-9.27,0.538,0.241,0.806,10
CN1C(=O)C[C@H](c2ccccc2F)[C@@H]1[C@H](O)c1ccc(-c2cc[nH]c2)s1,KRAS,bioisostere,0.731,3.2,370.4,59.22,-9.27,0.534,0.456,0.8,10
CNN1C(=O)C[C@H](c2ccccc2F)[C@@H]1[C@H](O)c1ccc(-c2ccccc2)s1,KRAS,r_group,0.683,3.5,396.5,59.3,-9.27,0.541,0.434,0.812,10
O=C1C[C@H](c2ccccc2F)[C@H]([C@H](O)c2ccc(-c3ccccc3)s2)N1C1CC1,KRAS,r_group,0.637,3.6,407.5,59.37,-9.27,0.529,0.408,0.793,10
CN1C(=O)C[C@H](c2ccccc2F)[C@@H]1[C@H](O)c1ccc(-c2ccoc2)s1,KRAS,bioisostere,0.748,3.2,371.4,59.48,-9.27,0.513,0.418,0.769,10
O=C1C[C@H](c2ccccc2F)[C@H]([C@H](O)c2ccc(-c3ccccc3)s2)N1C(F)(F)F,KRAS,r_group,0.435,3.8,435.4,59.54,-9.27,0.493,0.421,0.74,10
CCOc1ccc(F)c(F)c1C(=O)c1cnc(NC2CCN(S(C)(=O)=O)CC2)nc1N,ATR,r_group,0.605,3.9,455.5,59.72,-9.26,0.559,0.261,0.838,10
N#Cc1ccc(-c2ccc([C@@H](O)[C@H]3[C@@H](c4ccccc4)CC(=O)N3S(N)(=O)=O)s2)cc1,KRAS,r_group,0.615,3.9,453.5,59.74,-9.26,0.451,0.382,0.677,10
COc1ccccc1[C@H]1CC(=O)N(C)[C@H]1[C@H](O)c1ccc(S(=O)(=O)c2ccncc2)s1,KRAS,bioisostere,0.61,3.9,458.6,59.81,-9.26,0.558,0.388,0.838,10
CNCCN(c1cc[nH]c1)S(=O)(=O)c1ccc(N2CCCC2=O)cc1,MDM2,bioisostere,0.783,3.1,362.5,59.85,-9.26,0.43,0.323,0.645,10
CN1C(=O)C[C@@H](c2ccsc2)[C@@H]1[C@H](O)c1ccc(-c2ccc(C#N)cc2)s1,KRAS,bioisostere,0.713,3.4,394.5,59.86,-9.26,0.502,0.414,0.753,10
O=C1C[C@H](c2ccccc2F)[C@H]([C@H](O)c2ccc(-c3cccnc3)s2)N1F,KRAS,r_group,0.682,3.4,386.4,59.87,-9.26,0.499,0.409,0.749,10
CC(C)N1C(=O)C[C@H](c2ccccc2F)[C@@H]1[C@H](O)c1ccc(-c2ccccc2)s1,KRAS,r_group,0.615,3.6,409.5,60.1,-9.26,0.558,0.434,0.838,10
COc1ccccc1[C@H]1CC(=O)N(C)[C@H]1[C@H](O)c1ccc(S(=O)(=O)c2ccsc2)s1,KRAS,bioisostere,0.603,3.8,463.6,60.32,-9.26,0.517,0.393,0.775,10
N#Cc1ccc(-c2ccc([C@@H](O)[C@H]3[C@@H](c4ccccc4)CC(=O)N3N)s2)cc1,KRAS,r_group,0.527,3.5,389.5,60.52,-9.26,0.527,0.409,0.79,10
CN1C(=O)C[C@@H](c2ccoc2)[C@@H]1[C@H](O)c1ccc(-c2ccc(C#N)cc2)s1,KRAS,bioisostere,0.746,3.4,378.5,60.76,-9.25,0.492,0.409,0.738,10
CON1C(=O)C[C@H](c2ccccc2)[C@@H]1[C@H](O)c1ccc(-c2ccc(C#N)cc2)s1,KRAS,r_group,0.689,3.6,404.5,60.88,-9.25,0.521,0.404,0.782,10
CN1C(=O)C[CH][C@@H]1[C@H](O)c1ccc(S(=O)(=O)c2ccccc2)s1.COc1cc[nH]c1,KRAS,bioisostere,0.626,3.8,447.6,60.96,-9.25,0.433,0.355,0.649,10
CN1C(=O)C[CH][C@@H]1[C@H](O)c1ccc(S(=O)(=O)c2ccccc2)s1.COc1ccsc1,KRAS,bioisostere,0.621,3.8,464.6,60.97,-9.25,0.435,0.363,0.653,10
CN1C(=O)C[C@@H](c2ccncc2)[C@@H]1[C@H](O)c1ccc(-c2ccc(C#N)cc2)s1,KRAS,bioisostere,0.738,3.5,389.5,61.14,-9.25,0.546,0.412,0.819,10
N#Cc1ccc(-c2ccc([C@@H](O)[C@H]3[C@@H](c4ccccc4)CC(=O)N3C(=O)O)s2)cc1,KRAS,r_group,0.655,3.8,418.5,61.18,-9.25,0.54,0.404,0.81,10
O=C(O)N1C(=O)C[C@H](c2ccccc2F)[C@@H]1[C@H](O)c1ccc(-c2cccnc2)s1,KRAS,r_group,0.675,3.6,412.4,61.2,-9.25,0.47,0.394,0.705,10
N#Cc1ccc(-c2ccc([C@@H](O)[C@H]3[C@@H](c4ccccc4)CC(=O)N3C3CC3)s2)cc1,KRAS,r_group,0.648,3.8,414.5,61.23,-9.25,0.493,0.387,0.74,10
CN1C(=O)C[C@@H](c2ccoc2)[C@@H]1[C@H](O)c1ccc(S(=O)(=O)c2ccccc2)s1.F,KRAS,bioisostere,0.661,3.6,437.5,61.23,-9.25,0.513,0.436,0.77,10
CN1C(=O)C[C@@H](c2ccoc2)[C@@H]1[C@H](O)c1ccc(-c2cccnc2)s1.F,KRAS,bioisostere,0.758,3.2,374.4,61.23,-9.25,0.488,0.424,0.732,10
N#Cc1ccc(-c2ccc([C@@H](O)[C@H]3[C@@H](c4ccccc4)CC(=O)N3C(F)(F)F)s2)cc1,KRAS,r_group,0.563,3.9,442.5,61.45,-9.25,0.516,0.38,0.774,10
CN1C(=O)C[C@@H](c2ccsc2)[C@@H]1[C@H](O)c1ccc(-c2cccnc2)s1.F,KRAS,bioisostere,0.731,3.2,390.5,61.98,-9.24,0.477,0.433,0.715,10
CN1C(=O)C[C@@H](c2cc[nH]c2)[C@@H]1[C@H](O)c1ccc(-c2ccccc2)s1.F,KRAS,bioisostere,0.729,3.2,372.5,62.06,-9.24,0.497,0.439,0.745,10
CN1C(=O)C[CH][C@@H]1[C@H](O)c1ccc(S(=O)(=O)c2ccccc2)s1.COc1ccncc1,KRAS,bioisostere,0.63,3.9,459.6,62.08,-9.24,0.396,0.351,0.594,10
CNN1C(=O)C[C@H](c2ccccc2)[C@@H]1[C@H](O)c1ccc(-c2ccc(C#N)cc2)s1,KRAS,r_group,0.679,3.6,403.5,62.08,-9.24,0.505,0.388,0.758,10
CN1C(=O)C[C@@H](c2ccncc2)[C@@H]1[C@H](O)c1ccc(-c2cccnc2)s1.F,KRAS,bioisostere,0.747,3.4,385.5,62.13,-9.24,0.466,0.435,0.699,10
CN1C(=O)C[C@@H](c2cc[nH]c2)[C@@H]1[C@H](O)c1ccc(-c2ccc(C#N)cc2)s1,KRAS,bioisostere,0.728,3.4,377.5,62.13,-9.24,0.498,0.414,0.747,10
CCN1CCN(Cc2ccc(NC(=O)Nc3ccsc3)cc2C(F)(F)F)CC1.CNc1cc(O)ncn1,ATR,bioisostere,0.359,4.6,537.6,62.16,-9.24,0.381,0.217,0.571,10
CN1C(=O)C[C@@H](c2ccsc2)[C@@H]1[C@H](O)c1ccc(S(=O)(=O)c2ccccc2)s1.F,KRAS,bioisostere,0.637,3.6,453.6,62.29,-9.24,0.528,0.424,0.793,10
CN(C)N1C(=O)C[C@H](c2ccccc2)[C@@H]1[C@H](O)c1ccc(-c2ccc(C#N)cc2)s1,KRAS,r_group,0.676,3.8,417.5,62.41,-9.24,0.502,0.395,0.753,10
C#N.CN1C(=O)C[C@H](c2ccccc2)[C@@H]1[C@H](O)c1ccc(-c2ccoc2)s1,KRAS,bioisostere,0.736,3.4,380.5,63.05,-9.23,0.556,0.448,0.835,10
CN1C(=O)C[C@@H](c2ccncc2)[C@@H]1[C@H](O)c1ccc(-c2ccccc2)s1.F,KRAS,bioisostere,0.739,3.4,384.5,63.06,-9.23,0.534,0.464,0.8,10
CCN1C(=O)C[C@H](c2ccccc2)[C@@H]1[C@H](O)c1ccc(-c2ccc(C#N)cc2)s1,KRAS,r_group,0.671,3.6,402.5,63.15,-9.23,0.485,0.363,0.727,10
C#N.CN1C(=O)C[C@H](c2ccccc2)[C@@H]1[C@H](O)c1ccc(-c2ccncc2)s1,KRAS,bioisostere,0.729,3.5,391.5,63.15,-9.23,0.541,0.459,0.812,10
CC(C)N1C(=O)C[C@H](c2ccccc2)[C@@H]1[C@H](O)c1ccc(-c2ccc(C#N)cc2)s1,KRAS,r_group,0.628,3.8,416.5,63.16,-9.23,0.448,0.362,0.672,10
CN1C(=O)C[CH][C@@H]1[C@H](O)c1ccc(S(=O)(=O)c2ccccc2)s1.COc1ccoc1,KRAS,bioisostere,0.643,3.8,448.5,63.26,-9.23,0.411,0.36,0.616,10
C#N.CN1C(=O)C[C@H](c2ccccc2)[C@@H]1[C@H](O)c1ccc(-c2cc[nH]c2)s1,KRAS,bioisostere,0.721,3.4,379.5,63.38,-9.23,0.496,0.436,0.744,10
CN1C(=O)C[C@@H](c2cc[nH]c2)[C@@H]1[C@H](O)c1ccc(-c2cccnc2)s1.F,KRAS,bioisostere,0.737,3.2,373.5,63.59,-9.23,0.468,0.407,0.702,10
N#Cc1ccc(-c2ccc([C@@H](O)[C@H]3[C@@H](c4ccccc4)CC(=O)N3C(N)=O)s2)cc1,KRAS,r_group,0.673,3.8,417.5,63.6,-9.23,0.475,0.366,0.713,10
CN1C(=O)C[C@@H](c2ccsc2)[C@@H]1[C@H](O)c1ccc(-c2ccccc2)s1.F,KRAS,bioisostere,0.704,3.2,389.5,63.9,-9.22,0.54,0.44,0.81,10
CN1C(=O)C[C@@H](c2cc[nH]c2)[C@@H]1[C@H](O)c1ccc(S(=O)(=O)c2ccccc2)s1.F,KRAS,bioisostere,0.643,3.6,436.5,63.9,-9.22,0.467,0.394,0.7,10
CN1C(=O)C[C@@H](c2ccncc2)[C@@H]1[C@H](O)c1ccc(S(=O)(=O)c2ccccc2)s1.F,KRAS,bioisostere,0.648,3.8,448.5,63.98,-9.22,0.498,0.415,0.746,10
N#Cc1ccc(-c2ccc([C@@H](O)[C@H]3[C@@H](c4ccccc4)CC(=O)N3Cl)s2)cc1,KRAS,r_group,0.627,3.5,408.9,64.06,-9.22,0.535,0.397,0.803,10
N#Cc1ccc(-c2ccc([C@@H](O)[C@H]3[C@@H](c4ccccc4)CC(=O)N3F)s2)cc1,KRAS,r_group,0.661,3.5,392.5,64.6,-9.22,0.539,0.403,0.809,10
C#N.CN1C(=O)C[C@H](c2ccccc2)[C@@H]1[C@H](O)c1ccc(-c2ccsc2)s1,KRAS,bioisostere,0.697,3.4,396.5,64.94,-9.21,0.507,0.424,0.761,10
CN1C(=O)C[C@@H](c2ccoc2)[C@@H]1[C@H](O)c1ccc(-c2ccccc2)s1.F,KRAS,bioisostere,0.745,3.2,373.4,65.1,-9.21,0.558,0.472,0.837,10
N#Cc1ccc(-c2ccc([C@@H](O)[C@H]3[C@@H](c4ccccc4)CC(=O)N3O)s2)cc1,KRAS,r_group,0.657,3.5,390.5,65.22,-9.21,0.527,0.376,0.791,10
N#Cc1ccc(-c2ccc([C@@H](O)[C@H]3[C@@H](c4ccccc4)CC(=O)N3C#N)s2)cc1,KRAS,r_group,0.667,3.6,399.5,65.77,-9.21,0.512,0.384,0.768,10
COc1ccncc1.CS(=O)(=O)N1CCC(Nc2ncc(C=O)c(N)n2)CC1.F.F,ATR,bioisostere,0.643,3.8,448.5,67.09,-9.19,0.469,0.247,0.704,10
CNCCN(c1ccoc1)S(=O)(=O)c1ccc(N2CCCC2=O)cc1,MDM2,bioisostere,0.811,3.1,363.4,67.17,-9.19,0.509,0.319,0.763,10
COc1ccsc1.CS(=O)(=O)N1CCC(Nc2ncc(C=O)c(N)n2)CC1.F.F,ATR,bioisostere,0.656,3.6,453.5,68.11,-9.19,0.431,0.236,0.646,10
CCN1CCN(Cc2ccc(NC(=O)Nc3ccoc3)cc2C(F)(F)F)CC1.CNc1cc(O)ncn1,ATR,bioisostere,0.379,4.6,521.5,68.77,-9.18,0.432,0.245,0.647,10
CCN1CCN(Cc2ccc(NC(=O)Nc3cc[nH]c3)cc2C(F)(F)F)CC1.CNc1cc(O)ncn1,ATR,bioisostere,0.333,4.6,520.6,68.78,-9.18,0.432,0.243,0.649,10
CCN1CCN(Cc2ccc(NC(=O)Nc3ccncc3)cc2C(F)(F)F)CC1.CNc1cc(O)ncn1,ATR,bioisostere,0.375,4.8,532.6,68.91,-9.18,0.469,0.254,0.703,10
COc1cc[nH]c1.CS(=O)(=O)N1CCC(Nc2ncc(C=O)c(N)n2)CC1.F.F,ATR,bioisostere,0.59,3.6,436.5,69.22,-9.18,0.419,0.239,0.629,10
CNCCN(c1ccncc1)S(=O)(=O)c1ccc(N2CCCC2=O)cc1,MDM2,bioisostere,0.796,3.2,374.5,69.75,-9.17,0.471,0.301,0.707,10
CCN1CCN(Cc2ccncc2)CC1.CNc1cc(Oc2ccc(NC(N)=O)cc2)ncn1.FC(F)F,ATR,bioisostere,0.413,4.8,534.6,70.89,-9.16,0.397,0.256,0.595,10
CCN1CCN(Cc2cc[nH]c2)CC1.CNc1cc(Oc2ccc(NC(N)=O)cc2)ncn1.FC(F)F,ATR,bioisostere,0.368,4.6,522.6,71.37,-9.16,0.381,0.256,0.571,10
CCN1CCN(Cc2ccsc2)CC1.CNc1cc(Oc2ccc(NC(N)=O)cc2)ncn1.FC(F)F,ATR,bioisostere,0.393,4.6,539.6,72.0,-9.15,0.398,0.253,0.596,10
CCN1CCN(Cc2ccoc2)CC1.CNc1cc(Oc2ccc(NC(N)=O)cc2)ncn1.FC(F)F,ATR,bioisostere,0.417,4.6,523.6,75.43,-9.13,0.386,0.257,0.579,10
COc1ccoc1.CS(=O)(=O)N1CCC(Nc2ncc(C=O)c(N)n2)CC1.F.F,ATR,bioisostere,0.662,3.6,437.5,78.27,-9.1,0.398,0.225,0.597,10
