chembl_id,name,smiles,target_gene,activity_type,activity_nM,mw,logp,lipinski_violations,is_approved,is_clinical,n_net_targets,net_targets,population_target,est_emax_s,est_emax_r
CHEMBL69063,CHEMBL69063,COC(=O)c1cc2c([nH]1)C(=O)C=C1C2C(C)CN1C(=O)c1cc2cc(OC)c(OC)c(OC)c2[nH]1,MAP2K1,IC50,0.0045,479.49,3.26,0,False,False,1,MAP2K1,sensitive,0.0125,0.001875
CHEMBL35670,CHEMBL35670,COC(=O)c1c(C)[nH]c2c1[C@@]13C[C@@H]1CN(C(=O)c1cc4cc(OC)c(OC)c(OC)c4[nH]1)C3=CC2=O,MAP2K1,IC50,0.045,491.5,3.11,0,False,False,1,MAP2K1,sensitive,0.0125,0.001875
CHEMBL558955,CHEMBL558955,COC(=O)N1CCC(n2ncc3c(N4CCOCC4)nc(-c4ccc(NC(=O)Nc5ccc(CO)cc5)cc4)nc32)CC1,MTOR,IC50,0.08,586.65,3.87,1,False,False,1,MTOR,escape_route,0.005,0.0075
CHEMBL382667,CHEMBL382667,COc1cc2c(Nc3cnc(NC(=O)c4ccc(F)c(Cl)c4)nc3)ncnc2cc1OCCCN1CCOCC1,AURKA,IC50,0.15,568.01,4.32,1,False,False,1,AURKA,resistant,0.002412,0.01206
CHEMBL3923182,CHEMBL3923182,CO[C@H]1CC[C@H](n2c(=O)n(C)c3cnc4ccc(-c5ccc(OCCCN(C)C)nc5)cc4c32)C1,ATM,IC50,0.152,475.59,4.02,0,False,False,1,ATM,resistant,0.002409,0.012045
CHEMBL3936943,CHEMBL3936943,CO[C@H]1C[C@@H](n2c(=O)n(C)c3cnc4ccc(-c5ccc(OCCCN6CCCC6)nc5)cc4c32)C1,ATM,IC50,0.176,487.6,4.16,0,False,False,1,ATM,resistant,0.002377,0.011886
CHEMBL155514,CHEMBL155514,CCCCCC[Se](=O)CC(=O)C(F)(F)F,FOLH1,IC50,0.1778,291.17,0.0,0,False,False,1,FOLH1,other,0.005938,0.005938
CHEMBL538378,CHEMBL538378,COC(=O)N1CCC(n2ncc3c(N4CCOCC4)nc(-c4ccc(NC(=O)Nc5cccnc5)cc4)nc32)CC1,MTOR,IC50,0.2,557.62,3.77,1,False,False,1,MTOR,escape_route,0.004699,0.007048
CHEMBL3947316,CHEMBL3947316,Cn1c(=O)n([C@H]2CCCOC2)c2c3cc(-c4ccc(OCCCN5CCCC5)nc4)ccc3ncc21,ATM,IC50,0.238,487.6,4.17,0,False,False,1,ATM,resistant,0.002312,0.011559
CHEMBL3889770,CHEMBL3889770,CN(C)CCCOc1ccc(-c2ccc3ncc4c(c3c2)n([C@H]2C[C@@H](O)C2)c(=O)n4C)cn1,ATM,IC50,0.24,447.54,2.98,0,False,False,1,ATM,resistant,0.00231,0.011549
CHEMBL3936734,CHEMBL3936734,CO[C@H]1C[C@@H](n2c(=O)n(C)c3cnc4ccc(-c5ccc(OCCCN(C)C)nc5)cc4c32)C1,ATM,IC50,0.249,461.57,3.63,0,False,False,1,ATM,resistant,0.002302,0.01151
CHEMBL557963,CHEMBL557963,COC(=O)N1CCC(n2ncc3c(N4CCOCC4)nc(-c4ccc(NC(=O)Nc5ccncc5)cc4)nc32)CC1,MTOR,IC50,0.3,557.62,3.77,1,False,False,1,MTOR,escape_route,0.004523,0.006784
CHEMBL477989,SB590885,CN(C)CCOc1ccc(-c2nc(-c3ccncc3)c(-c3ccc4c(c3)CC/C4=N\O)[nH]2)cc1,BRAF,Kd,0.3,453.55,4.87,0,False,False,1,BRAF,escape_route,0.004523,0.006784
CHEMBL3927821,CHEMBL3927821,CN(C)CCCOc1ccc(-c2ccc3ncc4c(c3c2)n(C2CCOCC2)c(=O)n4C)c(F)n1,ATM,IC50,0.301,479.56,3.77,0,False,False,1,ATM,resistant,0.002261,0.011304
CHEMBL4112870,CHEMBL4112870,CO[C@@H]1CC[C@@H](n2c(=O)n(C)c3cnc4ccc(-c5ccc(OCCCN(C)C)nc5)cc4c32)C1,ATM,IC50,0.315,475.59,4.02,0,False,False,1,ATM,resistant,0.002251,0.011254
CHEMBL558486,CHEMBL558486,CCNC(=O)Nc1ccc(-c2nc(N3CCOCC3)c3cnn(C4CCN(C(=O)OC)CC4)c3n2)cc1,MTOR,IC50,0.32,508.58,2.87,1,False,False,1,MTOR,escape_route,0.004495,0.006742
CHEMBL3890490,CHEMBL3890490,CN(C)CCCOc1ccc(-c2ccc3ncc4c(c3c2)n([C@H]2CCCOC2)c(=O)n4C)cn1,ATM,IC50,0.329,461.57,3.63,0,False,False,1,ATM,resistant,0.002241,0.011207
CHEMBL3935033,CHEMBL3935033,CN(C)CCCOc1ccc(-c2ccc3ncc4c(c3c2)n([C@H]2CCCOC2)c(=O)n4C)c(F)n1,ATM,IC50,0.365,479.56,3.77,0,False,False,1,ATM,resistant,0.002219,0.011094
CHEMBL115090,CHEMBL115090,CCC(C(=O)N[C@@H](CC(=O)O)C(=O)CNCCc1ccccc1)n1cccc(NC(=O)c2ccc3ccccc3c2)c1=O,CD274,Ki,0.37,582.66,3.57,1,False,False,1,CD274,immune,0.00554,0.00554
CHEMBL551440,CHEMBL551440,CNC(=O)Nc1ccc(-c2nc(N3CCOCC3)c3cnn(C4CCN(Cc5cccnc5)CC4)c3n2)cc1,MTOR,IC50,0.38,527.63,3.31,1,False,False,1,MTOR,escape_route,0.00442,0.00663
CHEMBL112207,CHEMBL112207,CC(C)[C@H](CC(=O)NCCc1cn(C)c2ccccc12)C(=O)NC(CC(=O)O)C(=O)CNS(=O)(=O)CC12CCC(CC1=O)C2(C)C,CD274,IC50,0.4,658.82,2.34,1,False,False,1,CD274,immune,0.005497,0.005497
CHEMBL3895211,CHEMBL3895211,CO[C@H]1C[C@@H](n2c(=O)n(C)c3cnc4cc(F)c(-c5ccc(OCCCN6CCCC6)nc5)cc4c32)C1,ATM,IC50,0.418,505.59,4.3,1,False,False,1,ATM,resistant,0.002189,0.010947
CHEMBL3898165,CHEMBL3898165,Cn1c(=O)n([C@H]2C[C@@H](O)C2)c2c3cc(-c4ccc(OCCCN5CCCC5)nc4)ccc3ncc21,ATM,IC50,0.447,473.58,3.51,0,False,False,1,ATM,resistant,0.002175,0.010874
CHEMBL562999,CHEMBL562999,COC(=O)N1CCC(n2ncc3c(N4CCOCC4)nc(-c4ccc(NC(=O)NC5CC5)cc4)nc32)CC1,MTOR,IC50,0.45,520.59,3.02,1,False,False,1,MTOR,escape_route,0.004347,0.00652
CHEMBL563985,CHEMBL563985,CNC(=O)Nc1ccc(-c2nc(N3CCOCC3)c3cnn(C4CCN(C(=O)OC)CC4)c3n2)cc1,MTOR,IC50,0.46,494.56,2.48,0,False,False,1,MTOR,escape_route,0.004337,0.006506
CHEMBL348326,CHEMBL348326,COC(=O)c1c(C)[nH]c2c1[C@@]13C[C@@H]1CN(C(=O)/C=C/c1ccc(OC)nn1)C3=CC2=O,MAP2K1,IC50,0.5,420.43,1.8,0,False,False,1,MAP2K1,sensitive,0.010753,0.001613
CHEMBL550972,CHEMBL550972,CNC(=O)Nc1ccc(-c2nc(N3CCOCC3)c3cnn(C4CCN(Cc5ccccc5)CC4)c3n2)cc1,MTOR,IC50,0.52,526.65,3.92,1,False,False,1,MTOR,escape_route,0.004284,0.006426
CHEMBL4109764,CHEMBL4109764,CN(C)CCCOc1ccc(-c2ccc3ncc4c(c3c2)n([C@@H]2CCCOC2)c(=O)n4C)c(F)n1,ATM,IC50,0.552,479.56,3.77,0,False,False,1,ATM,resistant,0.002129,0.010645
CHEMBL3890119,CHEMBL3890119,Cn1c(=O)n([C@H]2CCCOC2)c2c3cc(-c4ccc(OCCCN5CCCC5)nc4)c(F)cc3ncc21,ATM,IC50,0.563,505.59,4.31,1,False,False,1,ATM,resistant,0.002125,0.010624
CHEMBL3960662,CHEMBL3960662,CN(C)CCCOc1ccc(-c2ccc3ncc4c(c3c2)n(C2CCOCC2)c(=O)n4C)cn1,ATM,IC50,0.575,461.57,3.63,0,False,False,1,ATM,resistant,0.00212,0.010601
CHEMBL561907,CHEMBL561907,COC(=O)N1CCC(n2ncc3c(N4CCOCC4)nc(-c4ccc(NC(=O)NCCF)cc4)nc32)CC1,MTOR,IC50,0.61,526.57,2.82,1,False,False,1,MTOR,escape_route,0.004215,0.006322
CHEMBL4114060,CHEMBL4114060,Cn1c(=O)n([C@@H]2CCCOC2)c2c3cc(-c4ccc(OCCCN5CCCC5)nc4)c(F)cc3ncc21,ATM,IC50,0.69,505.59,4.31,1,False,False,1,ATM,resistant,0.002081,0.010403
CHEMBL366456,CHEMBL366456,CCCCNCC(=O)[C@H](CC(=O)O)NC(=O)C(CC)n1cccc(NC(=O)c2ccc3ccccc3c2)c1=O,CD274,Ki,0.76,534.61,3.12,1,False,False,1,CD274,immune,0.005149,0.005149
CHEMBL111839,CHEMBL111839,CC(=O)N[C@@H](Cc1ccc(O)cc1)C(=O)N[C@H](C(=O)N[C@@H](C)C(=O)NC(C=O)CC(=O)O)C(C)C,CD274,IC50,0.76,492.53,-0.76,1,False,False,1,CD274,immune,0.005149,0.005149
CHEMBL3958682,CHEMBL3958682,CO[C@H]1C[C@@H](n2c(=O)n(C)c3cnc4ccc(-c5ccc(OCCCN(C)C)nc5F)cc4c32)C1,ATM,IC50,0.765,479.56,3.77,0,False,False,1,ATM,resistant,0.002058,0.010291
CHEMBL3986918,CHEMBL3986918,CN(C)CCCOc1ccc(-c2cc3c(cc2F)ncc2c3n(C3CCOCC3)c(=O)n2C)cn1,ATM,IC50,0.782,479.56,3.77,0,False,False,1,ATM,resistant,0.002053,0.010267
CHEMBL540695,CHEMBL540695,O=C(Nc1ccncc1)Nc1ccc(-c2nc(N3CCOCC3)c3cnn(C4CCN(C(=O)c5cccnc5)CC4)c3n2)cc1,MTOR,IC50,0.83,604.68,4.24,1,False,False,1,MTOR,escape_route,0.004081,0.006121
CHEMBL366534,CHEMBL366534,CCCCCCNCC(=O)[C@H](CC(=O)O)NC(=O)C(CC)n1cccc(NC(=O)c2ccc3ccccc3c2)c1=O,CD274,Ki,0.85,562.67,3.9,1,False,False,1,CD274,immune,0.005088,0.005088
CHEMBL4111966,CHEMBL4111966,CN(C)CCCOc1ccc(-c2ccc3ncc4c(c3c2)n([C@@H]2CCCOC2)c(=O)n4C)cn1,ATM,IC50,0.935,461.57,3.63,0,False,False,1,ATM,resistant,0.002015,0.010073
CHEMBL3961688,CHEMBL3961688,CN(C)CCCOc1ccc(-c2ccc3ncc4c(c3c2)n(C2(C)CCOCC2)c(=O)n4C)cn1,ATM,IC50,0.96,475.59,3.81,0,False,False,1,ATM,resistant,0.002009,0.010044
CHEMBL4110596,CHEMBL4110596,CN(C)CCCOc1ccc(-c2cc3c(cc2F)ncc2c3n([C@@H]3CCCOC3)c(=O)n2C)cn1,ATM,IC50,1.0,479.56,3.77,0,False,False,1,ATM,resistant,0.002,0.01
CHEMBL5220685,CHEMBL5220685,COC(=O)[C@H]1COCCN1CCOc1ccccc1Cc1cn(C(F)F)nc1-c1cc(Cl)nc(N)n1,EZH2,IC50,1.0,522.94,2.81,1,False,False,1,EZH2,resistant,0.002,0.01
CHEMBL201297,CHEMBL201297,COCCOc1cc2ncnc(Nc3ncc(CC(=O)Nc4cccc(F)c4)s3)c2cc1OC,AURKA,IC50,1.0,483.53,4.18,0,False,False,1,AURKA,resistant,0.002,0.01
CHEMBL202567,CHEMBL202567,COc1cc2c(Nc3ncc(C(=O)Nc4ccc(F)cc4)s3)ncnc2cc1OCCCN1CCOCC1,AURKA,IC50,1.0,538.61,4.33,1,False,False,1,AURKA,resistant,0.002,0.01
CHEMBL3142900,CHEMBL3142900,O=C[C@H](CC(=O)O)NC(=O)C1CCCN2C(=O)CC[C@H](NC(=O)c3ccccc3F)C(=O)N12,CD274,IC50,1.0,462.43,-0.39,0,False,False,1,CD274,immune,0.005,0.005
CHEMBL3898563,CHEMBL3898563,CO[C@H]1C[C@@H](n2c(=O)[nH]c3cnc4ccc(-c5ccc(OCCCN(C)C)nc5)cc4c32)C1,ATM,IC50,1.03,447.54,3.62,0,False,False,1,ATM,resistant,0.001994,0.009968
CHEMBL3950905,CHEMBL3950905,CO[C@H]1C[C@@H](n2c(=O)n(C)c3cnc4cc(F)c(-c5ccc(OCCCN(C)C)nc5)cc4c32)C1,ATM,IC50,1.05,479.56,3.77,0,False,False,1,ATM,resistant,0.001989,0.009947
CHEMBL3984179,CHEMBL3984179,Cn1c(=O)n([C@H]2C[C@@H](O)C2)c2c3cc(-c4ccc(OCCCN5CCC5)nc4)ccc3ncc21,ATM,IC50,1.05,459.55,3.12,0,False,False,1,ATM,resistant,0.001989,0.009947
CHEMBL3237704,CHEMBL3237704,CC1(C)CCC(n2c3cnccc3c3cnc(Nc4ccc(N5CCNCC5)cn4)nc32)CC1,CDK6,IC50,1.1,456.6,4.67,0,False,False,1,CDK6,sensitive,0.009897,0.001484
CHEMBL3698644,CHEMBL3698644,c1cc2c3cnc(Nc4cnc(N5CCNCC5)nc4)nc3n(C3CCCC3)c2cn1,CDK6,IC50,1.1,415.51,3.04,0,False,False,1,CDK6,sensitive,0.009897,0.001484
CHEMBL562439,CHEMBL562439,CNC(=O)Nc1ccc(-c2nc(N3CCOCC3)c3cnn(C4CCN(C(=O)N(C)C)CC4)c3n2)cc1,MTOR,IC50,1.1,507.6,2.4,1,False,False,1,MTOR,escape_route,0.003959,0.005938
CHEMBL3963290,CHEMBL3963290,Cn1c(=O)n(C2CCOCC2)c2c3cc(-c4ccc(OCCCN5CCCC5)nc4)ccc3ncc21,ATM,IC50,1.12,487.6,4.17,0,False,False,1,ATM,resistant,0.001975,0.009877
CHEMBL3912673,CHEMBL3912673,CN(C)CCCOc1ccc(-c2cc3c(cc2F)ncc2c3n([C@H]3CCCOC3)c(=O)n2C)cn1,ATM,IC50,1.14,479.56,3.77,0,False,False,1,ATM,resistant,0.001972,0.009858
CHEMBL368313,CHEMBL368313,CCC(C(=O)N[C@@H](CC(=O)O)C(=O)CNCCCc1ccccc1)n1cccc(NC(=O)c2ccc3ccccc3c2)c1=O,CD274,Ki,1.15,596.68,3.96,1,False,False,1,CD274,immune,0.004924,0.004924
CHEMBL383264,CHEMBL383264,N[C@H](COc1cncc(-c2ccc3cnccc3c2)c1)Cc1c[nH]c2ccccc12,AKT1,IC50,1.3,394.48,4.73,0,False,False,2,AKT1;MAPK1,escape_route,0.003886,0.005829
CHEMBL372543,CHEMBL372543,O/N=C1/CCc2cc(-c3[nH]c(-c4ccccc4)nc3-c3ccncc3)ccc21,BRAF,Kd,1.3,366.42,4.93,0,False,False,1,BRAF,escape_route,0.003886,0.005829
CHEMBL551442,CHEMBL551442,CNC(=O)Nc1ccc(-c2nc(N3CCOCC3)c3cnn(C4CCNCC4)c3n2)cc1,MTOR,IC50,1.4,436.52,2.01,0,False,False,1,MTOR,escape_route,0.003854,0.005781
CHEMBL304500,CHEMBL304500,COC(=O)c1c2c(n(C)c1C)C(=O)C=C1N(C(=O)c3cc4cc(OC)c(OC)c(OC)c4[nH]3)C[C@H]3C[C@]123,MAP2K1,IC50,1.4,505.53,3.12,1,False,False,1,MAP2K1,sensitive,0.009635,0.001445
CHEMBL411735,CHEMBL411735,C=CC[C@@H]1/C=C(\C)C[C@H](C)C[C@H](OC)C2C[C@@](O)(C(=O)C(=O)N3CCCCC3C(=O)O[C@H](C(C)C[C@@H]3CC[C@@H](CC(=O)Nc4ccc(CCCC(=O)OC)cc4)C(OC)C3)[C@H](C)[C@@H](O)CC1=O)[C@H](C)C[C@@H]2OC,MTOR,IC50,1.45,1021.34,0.0,1,False,False,1,MTOR,escape_route,0.003839,0.005758
CHEMBL3924247,CHEMBL3924247,CN(C)CCCOc1ccc(-c2ccc3ncc4c(c3c2)n(C2COC2)c(=O)n4C)cn1,ATM,IC50,1.46,433.51,2.85,0,False,False,1,ATM,resistant,0.001918,0.009589
CHEMBL388978,STAUROSPORINE,CN[C@@H]1C[C@H]2O[C@@](C)([C@@H]1OC)n1c3ccccc3c3c4c(c5c6ccccc6n2c5c31)C(=O)NC4,AKT1,IC50,1.5,466.54,4.35,0,False,False,1,AKT1,escape_route,0.003824,0.005736
CHEMBL437472,CHEMBL437472,CC[C@H](C)[C@H](NC(=O)[C@H](CC(=O)O)NC(=O)[C@H](CC(C)C)NC(=O)[C@H](Cc1c[nH]cn1)NC(=O)[C@@H]1CSSC[C@@H](N)C(=O)N[C@H](CO)C(=O)N[C@H]2CSSC[C@@H](NC(=O)[C@H](CCC(=O)O)NC(=O)[C@H](CCCCN)NC(=O)[C@@H](CC(=O)O)NC(=O)[C@H](CCSC)NC(=O)[C@@H](CC(C)C)NC(=O)[C@H](CO)NC(=O)[C@@H](CO)NC2=O)C(=O)N[C@@H](C(C)C)C(=O)N[C@H](Cc2ccc(O)cc2)C(=O)N[C@@H](Cc2ccccc2)C(=O)N1)C(=O)N[C@H](C(=O)N[C@@H](Cc1c[nH]c2ccccc12)C(=O)O)[C@@H](C)CC,CHEK2,IC50,1.6,0.0,0.0,0,False,False,1,CHEK2,resistant,0.001898,0.00949
CHEMBL313153,CHEMBL313153,O=C(O)c1c(Cc2cc3c(cc2Cl)OCO3)c(-c2cccs2)nn1CC1CCCCC1,CHEK2,IC50,1.7,458.97,5.86,1,False,False,1,CHEK2,resistant,0.001885,0.009424
CHEMBL115952,CHEMBL115952,CC(C)[C@H](NC(=O)OCc1ccccc1)C(=O)N[C@@H](C)C(=O)NC(CC(=O)O)C(=O)COc1cc2ccccc2cc1C(N)=O,CD274,IC50,1.7,620.66,2.3,1,False,False,1,CD274,immune,0.004712,0.004712
CHEMBL176584,CHEMBL176584,CCCCCCN(C)CC(=O)[C@H](CC(=O)O)NC(=O)C(CC)n1cccc(NC(=O)c2ccc3ccccc3c2)c1=O,CD274,Ki,1.79,576.69,4.25,1,False,False,1,CD274,immune,0.004684,0.004684
CHEMBL265123,CHEMBL265123,C=CC[C@@H]1/C=C(\C)C[C@H](C)C[C@H](OC)C2C[C@@](O)(C(=O)C(=O)N3CCCCC3C(=O)O[C@H](C(C)C[C@@H]3CC[C@@H](CC(=O)Nc4ccc(CCCC(=O)O)cc4)C(OC)C3)[C@H](C)[C@@H](O)CC1=O)[C@H](C)C[C@@H]2OC,MTOR,IC50,1.88,1007.32,0.0,1,False,False,1,MTOR,escape_route,0.003726,0.005589
CHEMBL25802,CHEMBL25802,Oc1cc(C(F)(F)F)c2cc3c(cc2n1)NC[C@H]1CCCC[C@H]31,AR,EC50,2.0,322.33,4.66,0,False,False,1,AR,sensitive,0.009247,0.001387
CHEMBL558288,CHEMBL558288,CNC(=O)Nc1ccc(-c2nc(N3CCOCC3)c3cnn(C4CCN(C(=O)NC)CC4)c3n2)cc1,MTOR,IC50,2.0,493.57,2.06,0,False,False,1,MTOR,escape_route,0.003699,0.005548
CHEMBL338923,CHEMBL338923,COc1ccc(-c2nc3c(C(N)=O)cccc3[nH]2)cc1O,PARP1,Ki,2.0,283.29,2.04,0,False,False,1,PARP1,resistant,0.001849,0.009247
CHEMBL387385,CHEMBL387385,O=C(N[C@H](CO)c1ccc(F)c(Cl)c1)c1cc(-c2n[nH]cc2-c2cccc(Cl)c2)c[nH]1,MAPK1,Ki,2.0,459.31,4.98,0,False,False,1,MAPK1,sensitive,0.009247,0.001387
CHEMBL201197,CHEMBL201197,COc1cc2c(Nc3ncc(CC(=O)Nc4cccc(F)c4F)s3)ncnc2cc1OCCCN1CCC[C@H]1CO,AURKA,IC50,2.0,584.65,4.52,1,False,False,1,AURKA,resistant,0.001849,0.009247
CHEMBL115336,CHEMBL115336,CC(C)[C@H](NC(=O)c1ccccc1)C(=O)N(CC(=O)NC(CC(=O)O)C(=O)c1nc2ccccc2o1)C1Cc2ccccc2C1,CD274,IC50,2.0,610.67,3.42,1,False,False,1,CD274,immune,0.004624,0.004624
CHEMBL3951966,CHEMBL3951966,CN(C)CCCOc1ccc(-c2cc3c(cc2F)ncc2c3n(C3(C)CCOCC3)c(=O)n2C)cn1,ATM,IC50,2.03,493.58,3.95,0,False,False,1,ATM,resistant,0.001846,0.009231
CHEMBL562365,CHEMBL562365,CNC(=O)Nc1ccc(-c2nc(N3CCOCC3)c3cnn(C4CCN(C(C)=O)CC4)c3n2)cc1,MTOR,IC50,2.1,478.56,2.26,0,False,False,1,MTOR,escape_route,0.003678,0.005517
CHEMBL5218878,CHEMBL5218878,Nc1nc(Cl)cc(-c2nn(C(F)F)cc2Cc2ccccc2OCCN2CCNC(=O)C2)n1,EZH2,IC50,2.1,477.9,2.37,0,False,False,1,EZH2,resistant,0.001839,0.009194
CHEMBL5218552,CHEMBL5218552,COC(=O)[C@@H]1COCCN1CCOc1ccccc1Cc1cn(C(F)F)nc1-c1cc(Cl)nc(N)n1,EZH2,IC50,2.2,522.94,2.81,1,False,False,1,EZH2,resistant,0.001829,0.009144
CHEMBL176512,CHEMBL176512,CCCCN(CC)CC(=O)[C@H](CC(=O)O)NC(=O)C(CC)n1cccc(NC(=O)c2ccc3ccccc3c2)c1=O,CD274,Ki,2.3,562.67,3.86,1,False,False,1,CD274,immune,0.004548,0.004548
CHEMBL5218615,CHEMBL5218615,Nc1nc(Cl)cc(-c2nn(C(F)F)cc2Cc2ccccc2OCCN2CCS(=O)(=O)CC2)n1,EZH2,IC50,2.4,512.97,2.67,1,False,False,1,EZH2,resistant,0.00181,0.009049
CHEMBL424696,CHEMBL424696,c1ccc(Nc2ncc(-c3ccnc(OC4CCCCC4)n3)s2)nc1,CDK4,IC50,2.5,353.45,4.45,0,False,False,1,CDK4,sensitive,0.009005,0.001351
CHEMBL541643,CHEMBL541643,Cl.Oc1cccc(-c2nc(N3CCOCC3)c3sccc3n2)c1,PIK3CA,IC50,2.5,349.84,2.9,0,False,False,2,PIK3CA;PIK3CB,escape_route,0.003602,0.005403
CHEMBL159124,CHEMBL159124,COC(=O)c1c(C)[nH]c2c1[C@@]13C[C@@H]1CN(C(=O)/C=C/c1cnc(OC)nc1)C3=CC2=O,MAP2K1,IC50,2.5,420.43,1.8,0,False,False,1,MAP2K1,sensitive,0.009005,0.001351
CHEMBL388978,STAUROSPORINE,CN[C@@H]1C[C@H]2O[C@@](C)([C@@H]1OC)n1c3ccccc3c3c4c(c5c6ccccc6n2c5c31)C(=O)NC4,MAPK1,IC50,2.5,466.54,4.35,0,False,False,1,MAPK1,sensitive,0.009005,0.001351
CHEMBL87070,CHEMBL87070,O=C(O)c1c(Cc2cc3c(cc2Cl)OCO3)c(-c2ccccc2)nn1CC1CCCCC1,CHEK2,IC50,2.6,452.94,5.8,1,False,False,1,CHEK2,resistant,0.001793,0.008963
CHEMBL3898577,CHEMBL3898577,CO[C@H]1C[C@@H](n2c(=O)n(C)c3cnc4cc(F)c(-c5ccc(OCCCN(C)C)nc5F)cc4c32)C1,ATM,IC50,2.62,497.55,3.91,0,False,False,1,ATM,resistant,0.001791,0.008954
CHEMBL3702128,CHEMBL3702128,O=C1CNCCN1Cc1ccc(Nc2ncc3c4ccncc4n(C4CCCC4)c3n2)nc1,CDK6,IC50,2.7,442.53,3.17,0,False,False,1,CDK6,sensitive,0.008922,0.001338
CHEMBL717,CHEMBL717,CC(=O)O[C@]1(C(C)=O)CC[C@H]2[C@@H]3C[C@H](C)C4=CC(=O)CC[C@]4(C)[C@H]3CC[C@@]21C,AR,Ki,2.9,0.0,0.0,0,False,False,1,AR,sensitive,0.008844,0.001327
CHEMBL101995,CHEMBL101995,COC(=O)c1c(C)[nH]c2c1[C@@]13C[C@@H]1CN(C(=O)/C=C/c1ccc(OC)cc1)C3=CC2=O,MAP2K1,IC50,2.9,418.45,3.01,0,False,False,1,MAP2K1,sensitive,0.008844,0.001327
CHEMBL431493,CHEMBL431493,Oc1cc(C(F)(F)F)c2cc3c(cc2n1)NC[C@@H]1CCCC[C@H]31,AR,EC50,3.0,322.33,4.66,0,False,False,1,AR,sensitive,0.008807,0.001321
CHEMBL538346,CHEMBL538346,Cl.Oc1cccc(-c2nc(N3CCOCC3)c3oc4ncccc4c3n2)c1,PIK3CB,IC50,3.0,384.82,2.98,0,False,False,1,PIK3CB,escape_route,0.003523,0.005284
CHEMBL195373,CHEMBL195373,N#Cc1cnc(NC(=O)Nc2cc(Cl)ccc2OC2CCOC2)cn1,CHEK1,IC50,3.0,359.77,2.81,0,False,False,1,CHEK1,resistant,0.001761,0.008807
CHEMBL131891,CHEMBL131891,NC(=O)c1cccc2[nH]c(-c3ccc(Cl)cc3)nc12,PARP1,Ki,3.0,271.71,2.98,0,False,False,1,PARP1,resistant,0.001761,0.008807
CHEMBL569181,CHEMBL569181,COc1cccc(Nc2ncc(C)c(-c3c[nH]c(C(=O)N[C@H](CO)c4cccc(Cl)c4)c3)n2)c1OC,MAPK1,Ki,3.0,507.98,4.66,1,False,False,1,MAPK1,sensitive,0.008807,0.001321
CHEMBL381724,CHEMBL381724,COc1cc2c(Nc3cnc(NC(=O)c4ccccc4)nc3)ncnc2cc1OCCCN1CCOCC1,AURKA,IC50,3.0,515.57,3.53,1,False,False,1,AURKA,resistant,0.001761,0.008807
CHEMBL369634,CHEMBL369634,CCC(C(=O)N[C@@H](CC(=O)O)C(=O)CNCc1ccccc1)n1cccc(NC(=O)c2ccc3ccccc3c2)c1=O,CD274,Ki,3.05,568.63,3.52,1,False,False,1,CD274,immune,0.004395,0.004395
CHEMBL3698674,CHEMBL3698674,c1ccc2c(c1)c1cnc(Nc3ccc(N4CCNCC4)cn3)nc1n2C1CCCCCC1,CDK6,IC50,3.1,441.58,5.03,1,False,False,1,CDK6,sensitive,0.008772,0.001316
CHEMBL173677,CHEMBL173677,CCCCN(C)CC(=O)[C@H](CC(=O)O)NC(=O)C(CC)n1cccc(NC(=O)c2ccc3ccccc3c2)c1=O,CD274,Ki,3.1,548.64,3.47,1,False,False,1,CD274,immune,0.004386,0.004386
CHEMBL269732,CHEMBL269732,C=CC[C@@H]1/C=C(\C)C[C@H](C)C[C@H](OC)[C@H]2O[C@@](O)(C(=O)C(=O)N3CCCC[C@H]3C(=O)O[C@H](/C(C)=C/[C@@H]3CC[C@@H](O)[C@H](OC)C3)[C@H](C)[C@@H](O)CC1=O)[C@H](C)C[C@@H]2OC,MTOR,IC50,3.162,0.0,0.0,0,False,False,1,MTOR,escape_route,0.0035,0.00525
CHEMBL313044,CHEMBL313044,O=C(O)c1c(Cc2cc3c(cc2Cl)OCO3)c(-c2ccsc2)nn1CC1CCCCC1,CHEK2,IC50,3.2,458.97,5.86,1,False,False,1,CHEK2,resistant,0.001747,0.008737
CHEMBL314973,CHEMBL314973,O=C(O)COC1CCCCC1Cn1nc(-c2ccccc2)c(Cc2cc3c(cc2Cl)OCO3)c1C(=O)O,CHEK2,IC50,3.2,526.97,4.88,1,False,False,1,CHEK2,resistant,0.001747,0.008737
CHEMBL3907190,CHEMBL3907190,CN(C)CCCOc1ccc(-c2ccc3ncc4[nH]c(=O)n(C5CCOCC5)c4c3c2)cn1,ATM,IC50,3.22,447.54,3.62,0,False,False,1,ATM,resistant,0.001746,0.00873
CHEMBL219410,CHEMBL219410,CO[C@H]1C[C@@H]2CC[C@@H](C)[C@@](O)(O2)C(=O)C(=O)N2CCCC[C@H]2C(=O)O[C@H]([C@H](C)C[C@@H]2CC[C@H](n3cnnn3)[C@H](OC)C2)CC(=O)[C@H](C)/C=C(\C)[C@@H](O)[C@@H](OC)C(=O)[C@H](C)C[C@H](C)/C=C/C=C/C=C/1C,MTOR,IC50,3.3,0.0,0.0,0,False,False,1,MTOR,escape_route,0.003481,0.005222
CHEMBL315280,CHEMBL315280,O=C(O)COc1ccccc1Cn1nc(-c2ccccc2)c(Cc2cc3c(cc2Cl)OCO3)c1C(=O)O,CHEK2,IC50,3.3,520.93,4.73,1,False,False,1,CHEK2,resistant,0.001741,0.008704
CHEMBL5219579,CHEMBL5219579,Nc1nc(Cl)cc(-c2nn(C(F)F)cc2Cc2ccccc2OCCN2CCO[C@@H](CO)C2)n1,EZH2,IC50,3.3,494.93,2.63,0,False,False,1,EZH2,resistant,0.001741,0.008704
CHEMBL158368,CHEMBL158368,COC(=O)c1c(C)[nH]c2c1[C@@]13C[C@@H]1CN(C(=O)/C=C/c1ccc(OC)nc1)C3=CC2=O,MAP2K1,IC50,3.3,419.44,2.41,0,False,False,1,MAP2K1,sensitive,0.008704,0.001306
CHEMBL5219830,CHEMBL5219830,Nc1nc(Cl)cc(-c2nn(C(F)F)cc2Cc2ccccc2OCCN2CCOC[C@H]2CO)n1,EZH2,IC50,3.33,494.93,2.63,0,False,False,1,EZH2,resistant,0.001739,0.008694
CHEMBL155513,CHEMBL155513,CCCCCC[Se](=O)(=O)CC(=O)C(F)(F)F,FOLH1,IC50,3.388,307.17,0.0,0,False,False,1,FOLH1,other,0.004338,0.004338
CHEMBL314454,CHEMBL314454,O=C(O)c1c(Cc2cc3c(cc2Cl)OCO3)c(-c2ccccn2)nn1CC1CCCCC1,CHEK2,IC50,3.4,453.93,5.2,1,False,False,1,CHEK2,resistant,0.001734,0.008671
CHEMBL413,CHEMBL413,CO[C@H]1C[C@@H]2CC[C@@H](C)[C@@](O)(O2)C(=O)C(=O)N2CCCC[C@H]2C(=O)O[C@H]([C@H](C)C[C@@H]2CC[C@@H](O)[C@H](OC)C2)CC(=O)[C@H](C)/C=C(\C)[C@@H](O)[C@@H](OC)C(=O)[C@H](C)C[C@H](C)/C=C/C=C/C=C/1C,MTOR,IC50,3.467,0.0,0.0,0,False,False,1,MTOR,escape_route,0.00346,0.00519
CHEMBL538346,CHEMBL538346,Cl.Oc1cccc(-c2nc(N3CCOCC3)c3oc4ncccc4c3n2)c1,PIK3CA,IC50,3.6,384.82,2.98,0,False,False,2,PIK3CA;PIK3CB,escape_route,0.003444,0.005166
CHEMBL3957991,CHEMBL3957991,CN(C)CCCOc1ccc(-c2cc3c(cc2F)ncc2c3n(C3COC3)c(=O)n2C)cn1,ATM,IC50,3.8,451.5,2.99,0,False,False,1,ATM,resistant,0.00171,0.008551
CHEMBL5218698,CHEMBL5218698,Nc1nc(Cl)cc(-c2nn(C(F)F)cc2Cc2ccccc2OCCN2CCOCC2)n1,EZH2,IC50,3.9,464.9,3.27,0,False,False,1,EZH2,resistant,0.001704,0.008522
CHEMBL390728,CHEMBL390728,CCC1CCNc2cc3[nH]c(=O)cc(C(F)(F)F)c3cc21,AR,EC50,4.0,296.29,3.86,0,False,False,1,AR,sensitive,0.008495,0.001274
CHEMBL4246320,CHEMBL4246320,Cc1ccc2c(c1)CCCN2S(=O)(=O)c1ccc(N2CCCC2=O)cc1,MDM2,EC50,4.0,370.47,3.26,0,False,False,1,MDM2,sensitive,0.008495,0.001274
CHEMBL4238053,CHEMBL4238053,COc1ccc2c(c1)N(C)CCN2S(=O)(=O)c1ccc(N2CCCC2=O)cc1,MDM2,EC50,4.0,401.49,2.47,0,False,False,1,MDM2,sensitive,0.008495,0.001274
CHEMBL298445,CHEMBL298445,Cc1nc(N)sc1-c1ccnc(Nc2cccc([N+](=O)[O-])c2)n1,CDK4,Ki,4.0,328.36,3.14,0,False,False,1,CDK4,sensitive,0.008495,0.001274
CHEMBL1202518,CHEMBL1202518,COc1ccc(O)c(C(=O)c2ccc(C(=O)N[C@@H]3CCCNCC3NC(=O)c3ccncc3)cc2)c1F.Cl.Cl,AKT1,IC50,4.0,579.46,2.45,1,False,False,1,AKT1,escape_route,0.003398,0.005097
CHEMBL383316,CHEMBL383316,COc1cc(-c2ccc3c(c2)NC(=O)/C3=C\c2c[nH]c3ncccc23)ccc1O,CHEK1,IC50,4.0,383.41,4.44,0,False,False,1,CHEK1,resistant,0.001699,0.008495
CHEMBL86505,CHEMBL86505,COc1ccc(Cn2nc(-c3ccccc3)c(Cc3cc4c(cc3Cl)OCO4)c2C(=O)O)c(OCC(=O)O)c1,CHEK2,IC50,4.0,550.95,4.74,1,False,False,1,CHEK2,resistant,0.001699,0.008495
CHEMBL5218702,CHEMBL5218702,CC1(O)CCN(CCOc2ccccc2Cc2cn(C(F)F)nc2-c2cc(Cl)nc(N)n2)CC1,EZH2,IC50,4.0,492.96,3.79,0,False,False,1,EZH2,resistant,0.001699,0.008495
CHEMBL193140,CHEMBL193140,Cc1ccc(C(=O)C(=O)c2ccccc2)cc1C,FOLH1,Ki,4.1,238.29,3.37,0,False,False,1,FOLH1,other,0.004234,0.004234
CHEMBL561708,CHEMBL561708,COC(=O)Nc1ccc(-c2nc(N3CCOCC3)c3cnn(C4CCN(C(=O)OC)CC4)c3n2)cc1,MTOR,IC50,4.3,495.54,2.91,0,False,False,1,MTOR,escape_route,0.003367,0.00505
CHEMBL561103,CHEMBL561103,COC(=O)Nc1ccc(-c2nc(N3CCOCC3)c3cnn(C4CCN(Cc5cccnc5)CC4)c3n2)cc1,MTOR,IC50,4.6,528.62,3.74,1,False,False,1,MTOR,escape_route,0.003337,0.005006
CHEMBL87801,CHEMBL87801,O=C(O)COc1ccccc1Cn1nc(-c2cccs2)c(Cc2cc3c(cc2Cl)OCO3)c1C(=O)O,CHEK2,IC50,4.6,526.95,4.79,1,False,False,1,CHEK2,resistant,0.001669,0.008343
CHEMBL5220647,CHEMBL5220647,Nc1nc(Cl)cc(-c2nn(C(F)F)cc2Cc2ccccc2OCCN2CCOC[C@@H]2CO)n1,EZH2,IC50,4.6,494.93,2.63,0,False,False,1,EZH2,resistant,0.001669,0.008343
CHEMBL367714,CHEMBL367714,CCC(C(=O)N[C@@H](CC(=O)O)C(=O)CN(C)CCc1ccccc1)n1cccc(NC(=O)c2ccc3ccccc3c2)c1=O,CD274,Ki,4.8,596.68,3.91,1,False,False,1,CD274,immune,0.004148,0.004148
CHEMBL3702050,CHEMBL3702050,COCCN1CCN(c2ccc(Nc3ncc4c5ccncc5n(C5CCCC5)c4n3)nc2)CC1,CDK6,IC50,4.9,472.6,4.0,0,False,False,1,CDK6,sensitive,0.008275,0.001241
CHEMBL3702096,CHEMBL3702096,OCCN1CCN(c2ccc(Nc3ncc4c5ccncc5n(C5CCCC5)c4n3)nc2)CC1,CDK6,IC50,4.9,458.57,3.35,0,False,False,1,CDK6,sensitive,0.008275,0.001241
CHEMBL395018,CHEMBL395018,O=C(C(=O)c1cccc(F)c1F)c1cccc(F)c1F,FOLH1,Ki,4.98,282.19,3.31,0,False,False,1,FOLH1,other,0.004128,0.004128
CHEMBL3216643,CHEMBL3216643,COc1ccc(O)c(C(=O)c2ccc(C(=O)O[C@@H]3CCCNCC3NC(=O)c3ccncc3)cc2)c1F.Cl.Cl,AKT1,IC50,5.0,580.44,2.87,1,False,False,1,AKT1,escape_route,0.003301,0.004952
CHEMBL426811,CHEMBL426811,N#Cc1cnc(NC(=O)Nc2cc(Cl)ccc2OC2CCOCC2)cn1,CHEK1,IC50,5.0,373.8,3.2,0,False,False,1,CHEK1,resistant,0.001651,0.008253
CHEMBL200783,CHEMBL200783,O/N=C/c1ccc(-c2[nH]c(-c3ccccc3)nc2-c2ccncc2)cc1,BRAF,Kd,5.0,340.39,4.61,0,False,False,1,BRAF,escape_route,0.003301,0.004952
CHEMBL192928,CHEMBL192928,CC(C)(C)c1ccc(C(=O)Nc2[nH]nc3c2CN(C(=O)Cc2ccsc2)C3)cc1,AURKA,IC50,5.0,408.53,4.11,0,False,False,1,AURKA,resistant,0.001651,0.008253
CHEMBL373013,CHEMBL373013,COc1cc2c(Nc3ncc(CC(=O)Nc4cccc(F)c4)s3)ncnc2cc1OCCCNCCO,AURKA,IC50,5.0,526.59,3.51,1,False,False,1,AURKA,resistant,0.001651,0.008253
CHEMBL3698659,CHEMBL3698659,c1cc2c3cnc(Nc4ccc(N5CCNCC5)cn4)nc3n(C3CC4CCC3C4)c2cn1,CDK6,IC50,5.1,440.56,3.89,0,False,False,1,CDK6,sensitive,0.008231,0.001235
CHEMBL153080,CHEMBL153080,CCCCCCNCC(=O)C(F)(F)F,FOLH1,IC50,5.495,211.23,2.29,0,False,False,1,FOLH1,other,0.004075,0.004075
CHEMBL5219443,CHEMBL5219443,Nc1nc(Cl)cc(-c2nn(C(F)F)cc2Cc2ccccc2OCCN2CCO[C@H](CO)C2)n1,EZH2,IC50,5.5,494.93,2.63,0,False,False,1,EZH2,resistant,0.00163,0.008149
CHEMBL362996,CHEMBL362996,O=C(C(=O)c1ccc(C(=O)C(=O)c2ccccc2)cc1)c1ccccc1,FOLH1,Ki,5.6,342.35,3.82,0,False,False,1,FOLH1,other,0.004065,0.004065
CHEMBL3641995,CHEMBL3641995,C[C@H](O)CNC1CCN(c2ccc(Nc3ncc4c5ccncc5n(C5CCCC5)c4n3)nn2)CC1,CDK6,IC50,5.7,487.61,3.57,0,False,False,1,CDK6,sensitive,0.00811,0.001217
CHEMBL200258,CHEMBL200258,Nc1nccc(-c2[nH]c(-c3ccccc3)nc2-c2ccc(Cl)c(O)c2)n1,BRAF,Kd,5.7,363.81,4.14,0,False,False,1,BRAF,escape_route,0.003244,0.004866
CHEMBL445813,CHEMBL445813,O=C(NC1CCNCC1)c1n[nH]cc1NC(=O)c1c(Cl)cccc1Cl,CDK4,Kd,5.8,0.0,0.0,0,False,False,2,CDK4;ATR,sensitive,0.008091,0.001214
CHEMBL269553,CHEMBL269553,CO[C@H]1C[C@@H]2CC[C@@H](C)[C@@](O)(O2)C(=O)C(=O)N2CCCC[C@H]2C(=O)OC([C@H](C)C[C@@H]2CC[C@@H](OC(=O)N(C)OC)[C@H](OC)C2)CC(=O)[C@H](C)/C=C(\C)[C@@H](O)[C@@H](OC)C(=O)[C@H](C)C[C@H](C)/C=C/C=C/C=C/1C,MTOR,IC50,5.8,1001.26,0.0,1,False,False,1,MTOR,escape_route,0.003237,0.004855
CHEMBL334357,CHEMBL334357,CN(C)c1ccc(-c2nc3c(C(N)=O)cccc3[nH]2)cc1,PARP1,Ki,5.8,280.33,2.39,0,False,False,1,PARP1,resistant,0.001618,0.008091
CHEMBL3971812,CHEMBL3971812,OC1CCC(n2c3cnccc3c3cnc(Nc4ccc(N5CCNCC5)cn4)nc32)CC1,CDK6,IC50,5.9,444.54,3.0,0,False,False,1,CDK6,sensitive,0.008073,0.001211
CHEMBL146858,CHEMBL146858,CC1(C)NC(=O)N(c2ccc(C#N)c(C(F)(F)F)c2)C1=O,AR,IC50,6.0,297.24,2.41,0,False,False,1,AR,sensitive,0.008055,0.001208
CHEMBL27769,CHEMBL27769,C[C@]12CCC(=O)C[C@@H]1CC[C@@H]1[C@@H]2CC[C@]2(C)[C@@H](O)CC[C@@H]12,AR,EC50,6.0,0.0,0.0,0,False,False,1,AR,sensitive,0.008055,0.001208
CHEMBL1083152,CHEMBL1083152,CNc1nc(C)c(-c2ccnc(Nc3cc(OC)c(OC)c(OC)c3)n2)s1,CDK4,Ki,6.0,387.47,3.72,0,False,False,1,CDK4,sensitive,0.008055,0.001208
CHEMBL592445,CHEMBL592445,CN(C)C1CCN(C(=O)c2ccc(NC(=O)Nc3ccc(-c4nc(N5CCOCC5)nc(N5CCOCC5)n4)cc3)cc2)CC1,PIK3CB,IC50,6.0,0.0,0.0,0,False,False,1,PIK3CB,escape_route,0.003222,0.004833
CHEMBL2140173,CHEMBL2140173,C[C@@H]1CN(CC(=O)Nc2ccc3c(c2)Cc2cccc(-c4cc(=O)cc(N5CCOCC5)o4)c2S3)C[C@H](C)O1,ATM,IC50,6.0,547.68,4.25,1,False,False,1,ATM,resistant,0.001611,0.008055
CHEMBL200889,CHEMBL200889,CC(C)(CN)c1nc(-c2ccc(Cl)c(O)c2)c(-c2ccncc2)[nH]1,BRAF,IC50,6.0,342.83,3.73,0,False,False,1,BRAF,escape_route,0.003222,0.004833
CHEMBL381250,CHEMBL381250,Oc1cc(-c2[nH]c(-c3cccnc3)nc2-c2ccncc2)ccc1Cl,BRAF,IC50,6.0,348.79,4.56,0,False,False,1,BRAF,escape_route,0.003222,0.004833
CHEMBL200412,CHEMBL200412,O/N=C/c1ccc(-c2[nH]c(-c3ccccc3)nc2-c2ccncc2)cc1Cl,BRAF,Kd,6.0,374.83,5.27,1,False,False,1,BRAF,escape_route,0.003222,0.004833
CHEMBL359106,CHEMBL359106,NC1=N/C(=C2\CCNC(=O)c3[nH]c(Br)cc32)C(=O)N1,MAPK1,IC50,6.0,324.14,0.07,0,False,False,1,MAPK1,sensitive,0.008055,0.001208
CHEMBL220054,CHEMBL220054,O=C(NC(CO)c1ccc(F)c(Cl)c1)c1cc(-c2[nH]ncc2-c2cccc(Cl)c2)c[nH]1,MAPK1,Ki,6.0,459.31,4.98,0,False,False,1,MAPK1,sensitive,0.008055,0.001208
CHEMBL201655,CHEMBL201655,CCCCc1cnc(Nc2ncnc3cc(OCCCN4CCOCC4)c(OC)cc23)s1,AURKA,IC50,6.0,457.6,4.28,0,False,False,1,AURKA,resistant,0.001611,0.008055
CHEMBL385872,CHEMBL385872,CN1CCN(c2ccc(C(=O)Nc3n[nH]c4c3CN(C(=O)[C@H](O)c3ccccc3)C4)cc2)CC1,AURKA,IC50,6.0,460.54,1.99,0,False,False,1,AURKA,resistant,0.001611,0.008055
CHEMBL3765783,CHEMBL3765783,C[C@@H]1CN(CC(=O)Nc2ccc3c(c2)Sc2cccc(-c4cc(=O)cc(N5CCOCC5)o4)c2S3)C[C@H](C)O1,ATM,IC50,6.3,565.72,4.81,1,False,False,1,ATM,resistant,0.0016,0.008002
CHEMBL314357,CHEMBL314357,O=C(O)c1c(Cc2cc3c(cc2Cl)OCO3)c(-c2cccnc2)nn1CC1CCCCC1,CHEK2,IC50,6.3,453.93,5.2,1,False,False,1,CHEK2,resistant,0.0016,0.008002
CHEMBL428690,CHEMBL428690,CN1CC[C@H](c2c(O)cc(O)c3c(=O)cc(-c4ccccc4Cl)oc23)[C@H](O)C1,CDK4,Kd,6.4,0.0,0.0,0,False,False,3,CDK4;CDK6;ATR,sensitive,0.007985,0.001198
CHEMBL3702047,CHEMBL3702047,CCN1CCN(c2ccc(Nc3ncc4c5ccncc5n(C5CCCC5)c4n3)nc2)CC1,CDK6,IC50,6.4,442.57,4.38,0,False,False,1,CDK6,sensitive,0.007985,0.001198
CHEMBL3698642,CHEMBL3698642,c1cc2c3cnc(Nc4ccc(N5CCNCC5)nn4)nc3n(C3CCCC3)c2cn1,CDK6,IC50,6.6,415.51,3.04,0,False,False,1,CDK6,sensitive,0.007951,0.001193
CHEMBL5220895,CHEMBL5220895,Cn1cc(Cc2ccccc2OCCN2CC3CC(C2)O3)c(-c2cc(Cl)nc(N)n2)n1,EZH2,IC50,6.7,440.94,2.56,0,False,False,1,EZH2,resistant,0.001587,0.007935
CHEMBL440542,CHEMBL440542,CCCCCCSCC(=O)C(F)(F)F,FOLH1,IC50,6.918,228.28,3.43,0,False,False,1,FOLH1,other,0.00395,0.00395
CHEMBL2113261,CHEMBL2113261,CC[C@H]1c2cc3c(C(F)(F)F)cc(O)nc3cc2NC[C@H]1C,AR,EC50,7.0,310.32,4.51,0,False,False,1,AR,sensitive,0.007887,0.001183
CHEMBL418198,CHEMBL418198,CCC1c2cc3c(C(F)(F)F)cc(O)nc3cc2NC[C@@H]1C,AR,EC50,7.0,310.32,4.51,0,False,False,1,AR,sensitive,0.007887,0.001183
CHEMBL3702158,CHEMBL3702158,C1=C(c2ccc(Nc3ncc4c5ccncc5n(C5CCCC5)c4n3)nc2)CCNC1,CDK6,IC50,7.0,411.51,4.61,0,False,False,1,CDK6,sensitive,0.007887,0.001183
CHEMBL589258,CHEMBL589258,CCn1nnc2c(N3CCOCC3)nc(-c3ccc(NC(=O)Nc4ccc(C(=O)N5CCN(C)CC5)cc4)cc3)nc21,PIK3CB,IC50,7.0,570.66,2.78,1,False,False,1,PIK3CB,escape_route,0.003155,0.004732
CHEMBL561844,CHEMBL561844,CC(=O)Nc1ccc(-c2nc(N3CCOCC3)c3cnn(C4CCN(Cc5cccnc5)CC4)c3n2)cc1,MTOR,IC50,7.0,512.62,3.52,1,False,False,1,MTOR,escape_route,0.003155,0.004732
CHEMBL1879463,CHEMBL1879463,Cn1c(=O)n(-c2ccc(C(C)(C)C#N)cc2)c2c3cc(-c4cnc5ccccc5c4)ccc3ncc21,ATM,IC50,7.0,0.0,0.0,0,False,False,1,ATM,resistant,0.001577,0.007887
CHEMBL192161,CHEMBL192161,CC1(COc2ccc(Cl)cc2NC(=O)Nc2cnc(C#N)cn2)COC1,CHEK1,IC50,7.0,373.8,3.06,0,False,False,1,CHEK1,resistant,0.001577,0.007887
CHEMBL202930,CHEMBL202930,COc1cc(-c2ccc3c(c2)NC(=O)/C3=C\c2ccc[nH]2)ccc1O,CHEK1,IC50,7.0,332.36,3.89,0,False,False,1,CHEK1,resistant,0.001577,0.007887
CHEMBL207994,CHEMBL207994,COc1cc(OC)c(NC(=O)Nc2cnc(C#N)cn2)cc1Cl,CHEK1,IC50,7.0,333.74,2.66,0,False,False,1,CHEK1,resistant,0.001577,0.007887
CHEMBL206460,CHEMBL206460,COc1cc(NC(=O)Cc2ccc(S(C)(=O)=O)cc2)c(Cl)cc1NC(=O)Nc1cnc(C#N)cn1,CHEK1,IC50,7.0,514.95,3.24,1,False,False,1,CHEK1,resistant,0.001577,0.007887
CHEMBL220897,CHEMBL220897,O=C(NC(CO)c1cc(Cl)cc(Cl)c1)c1cc(-c2[nH]ncc2-c2cccc(Cl)c2)c[nH]1,MAPK1,Ki,7.0,475.76,5.5,1,False,False,1,MAPK1,sensitive,0.007887,0.001183
CHEMBL424953,CHEMBL424953,CCC(C(=O)NC(CC(=O)O)C(=O)CN1CCCC1)n1cccc(NC(=O)c2ccc3ccccc3c2)c1=O,CD274,Ki,7.3,532.6,2.83,1,False,False,1,CD274,immune,0.003921,0.003921
CHEMBL210540,CHEMBL210540,Cc1cc(-c2cnc(Nc3cnc(CN4CCN(C)CC4)cn3)s2)nc(OC2CCCCC2)n1,CDK6,IC50,7.8,480.64,3.9,0,False,False,1,CDK6,sensitive,0.00777,0.001165
CHEMBL393525,CHEMBL393525,Cc1ccc([N+](=O)[O-])cc1S(=O)(=O)N(C)/N=C/c1cnc2ccc(Br)cn12,PIK3CA,IC50,7.8,452.29,2.97,0,False,False,2,PIK3CA;PIK3CB,escape_route,0.003108,0.004662
CHEMBL5220347,CHEMBL5220347,Cn1cc(Cc2ccccc2OCCN2CC3(COC3)C2)c(-c2cc(Cl)nc(N)n2)n1,EZH2,IC50,7.8,440.94,2.41,0,False,False,1,EZH2,resistant,0.001554,0.00777
CHEMBL191847,CHEMBL191847,Cc1ccc(C(=O)C(=O)c2ccccc2)cc1[N+](=O)[O-],FOLH1,Ki,7.9,269.26,2.97,0,False,False,1,FOLH1,other,0.003878,0.003878
CHEMBL3702123,CHEMBL3702123,O=C(c1ccc(Nc2ncc3c4ccncc4n(C4CCCC4)c3n2)nc1)N1CCNCC1,CDK6,IC50,8.0,442.53,3.28,0,False,False,1,CDK6,sensitive,0.007742,0.001161
CHEMBL425904,CHEMBL425904,CC(CN(C)C)Oc1ccc(Cl)cc1NC(=O)Nc1cnc(C#N)cn1,CHEK1,IC50,8.0,374.83,2.97,0,False,False,1,CHEK1,resistant,0.001548,0.007742
CHEMBL344741,CHEMBL344741,O=C1NCCc2c(-c3ccc[nH]3)[nH]c3cccc1c23,PARP1,Ki,8.0,251.29,2.45,0,False,False,1,PARP1,resistant,0.001548,0.007742
CHEMBL423573,CHEMBL423573,O=C1NCCc2c(-c3ccccc3Cl)[nH]c3cccc1c23,PARP1,Ki,8.0,296.76,3.77,0,False,False,1,PARP1,resistant,0.001548,0.007742
CHEMBL200320,CHEMBL200320,NCc1ccc(-c2nc(-c3ccc(Cl)c(O)c3)c(-c3ccncc3)[nH]2)cc1,BRAF,IC50,8.0,376.85,4.62,0,False,False,1,BRAF,escape_route,0.003097,0.004645
CHEMBL304624,CHEMBL304624,Oc1cccc(-c2nc(-c3ccccc3)[nH]c2-c2ccncc2)c1,BRAF,Kd,8.0,313.36,4.51,0,False,False,1,BRAF,escape_route,0.003097,0.004645
CHEMBL172900,CHEMBL172900,CCOC(=O)C1CCN(CC(=O)C(CC(=O)O)NC(=O)C(CC)n2cccc(NC(=O)c3ccc4ccccc4c3)c2=O)CC1,CD274,Ki,8.0,618.69,3.01,1,False,False,1,CD274,immune,0.003871,0.003871
CHEMBL133855,CHEMBL133855,CCOC(=O)c1ccc(-c2nc3c(C(N)=O)cccc3[nH]2)cc1,PARP1,Ki,8.1,309.33,2.51,0,False,False,1,PARP1,resistant,0.001546,0.007729
CHEMBL103,CHEMBL103,CC(=O)[C@H]1CC[C@H]2[C@@H]3CCC4=CC(=O)CC[C@]4(C)[C@H]3CC[C@]12C,AR,Ki,8.5,0.0,0.0,0,False,False,1,AR,sensitive,0.007676,0.001151
CHEMBL323488,CHEMBL323488,O=C(CCn1c2c(c(=O)[nH]c1=O)CSCC2)NCC(=O)c1ccc2ccccc2c1,PARP1,IC50,8.5,423.49,1.87,0,False,False,1,PARP1,resistant,0.001535,0.007676
CHEMBL314206,CHEMBL314206,COc1ccc(Cn2nc(-c3cccs3)c(Cc3cc4c(cc3Cl)OCO4)c2C(=O)O)c(OCC(=O)O)c1,CHEK2,IC50,8.6,556.98,4.8,1,False,False,1,CHEK2,resistant,0.001533,0.007664
CHEMBL3698731,CHEMBL3698731,NCC1CCN(c2ccc(Nc3ncc4c5ccncc5n(C5CCCC5)c4n3)nn2)CC1,CDK6,IC50,8.8,443.56,3.8,0,False,False,1,CDK6,sensitive,0.007639,0.001146
CHEMBL191822,CHEMBL191822,COc1ccc(C(=O)C(=O)c2ccccc2Cl)cc1OC,FOLH1,Ki,8.9,304.73,3.42,0,False,False,1,FOLH1,other,0.003813,0.003813
CHEMBL1274,CHEMBL1274,CC1(C)NC(=O)N(c2ccc([N+](=O)[O-])c(C(F)(F)F)c2)C1=O,AR,IC50,9.0,0.0,0.0,0,False,False,1,AR,sensitive,0.007614,0.001142
CHEMBL27812,CHEMBL27812,Oc1cc(C(F)(F)F)c2cc3c(cc2n1)NC[C@@H]1CCC[C@H]31,AR,EC50,9.0,308.3,4.27,0,False,False,1,AR,sensitive,0.007614,0.001142
CHEMBL4243509,CHEMBL4243509,COc1ccc2c(c1)CCCN2S(=O)(=O)c1ccc(N2CCCC2=O)cc1,MDM2,EC50,9.0,386.47,2.96,0,False,False,1,MDM2,sensitive,0.007614,0.001142
CHEMBL258721,CHEMBL258721,CC(C)c1nn(-c2c(Cl)cccc2Cl)c2nc(Cc3ccc(OCCO)cc3)[nH]c(=O)c12,CDK4,IC50,9.0,473.36,4.5,0,False,False,1,CDK4,sensitive,0.007614,0.001142
CHEMBL1084715,CHEMBL1084715,CCNc1nc(C)c(-c2ccnc(Nc3ccc(CNC(C)=O)cc3)n2)s1,CDK4,Ki,9.0,382.49,3.72,0,False,False,1,CDK4,sensitive,0.007614,0.001142
CHEMBL361708,HYMENIALDISINE,NC1=NC(=O)/C(=C2\CCNC(=O)c3[nH]c(Br)cc32)N1,MAPK1,IC50,9.0,324.14,0.07,0,False,False,1,MAPK1,sensitive,0.007614,0.001142
CHEMBL385266,CHEMBL385266,CN1CCN(c2ccc(C(=O)Nc3n[nH]c4c3CN(C(=O)[C@H](F)c3ccccc3)C4)cc2)CC1,AURKA,IC50,9.0,462.53,2.97,0,False,False,1,AURKA,resistant,0.001523,0.007614
CHEMBL3698724,CHEMBL3698724,O=S1(=O)CCN(c2ccc(Nc3ncc4c5ccncc5n(C5CCCC5)c4n3)nn2)CC1,CDK6,IC50,9.2,464.56,2.86,0,False,False,1,CDK6,sensitive,0.007591,0.001139
CHEMBL388978,STAUROSPORINE,CN[C@@H]1C[C@H]2O[C@@](C)([C@@H]1OC)n1c3ccccc3c3c4c(c5c6ccccc6n2c5c31)C(=O)NC4,CHEK1,IC50,9.5,466.54,4.35,0,False,False,1,CHEK1,resistant,0.001511,0.007556
CHEMBL371029,CHEMBL371029,CO[C@H]1C[C@@H]2CC[C@@H](C)[C@@](O)(O2)C(=O)C(=O)N2CCCC[C@H]2C(=O)N[C@H](CCc2ccccc2)C(=O)NCC(=O)N(C)CC(=O)O[C@H]1C,MTOR,IC50,9.6,672.78,0.48,1,False,False,1,MTOR,escape_route,0.003018,0.004527
CHEMBL550286,CHEMBL550286,Oc1cccc(-c2nc(N3CCOCC3)c3cnn(C4CCN(Cc5cccnc5)CC4)c3n2)c1,MTOR,IC50,9.6,471.57,3.27,0,False,False,1,MTOR,escape_route,0.003018,0.004527
CHEMBL203624,CHEMBL203624,N[C@H](CNc1cncc(/C=C/c2ccncc2)c1)Cc1c[nH]c2ccccc12,AKT1,IC50,9.7,369.47,4.11,0,False,False,1,AKT1,escape_route,0.003013,0.00452
CHEMBL161770,CHEMBL161770,COC(=O)c1c(C)[nH]c2c1[C@@]13C[C@@H]1CN(C(=O)/C=C/c1ccc(OC)cn1)C3=CC2=O,MAP2K1,IC50,9.7,419.44,2.41,0,False,False,1,MAP2K1,sensitive,0.007533,0.00113
CHEMBL312979,CHEMBL312979,O=C(O)c1c(Cc2cc3c(cc2Cl)OCO3)c(-c2ccco2)nn1CC1CCCCC1,CHEK2,IC50,9.8,442.9,5.39,1,False,False,1,CHEK2,resistant,0.001504,0.007522
CHEMBL1276308,CHEMBL1276308,CC#C[C@]1(O)CC[C@H]2[C@@H]3CCC4=CC(=O)CCC4=C3[C@@H](c3ccc(N(C)C)cc3)C[C@@]21C,AR,IC50,10.0,0.0,0.0,0,False,False,1,AR,sensitive,0.0075,0.001125
CHEMBL436344,CHEMBL436344,CC1c2cc3c(C(F)(F)F)cc(O)nc3cc2NC[C@@H]1C,AR,EC50,10.0,296.29,4.12,0,False,False,1,AR,sensitive,0.0075,0.001125
CHEMBL428496,WORTMANNIN,COC[C@H]1OC(=O)c2coc3c2[C@@]1(C)C1=C(C3=O)[C@@H]2CCC(=O)[C@@]2(C)C[C@H]1OC(C)=O,PIK3CB,IC50,10.0,428.44,2.54,0,False,False,1,PIK3CB,escape_route,0.003,0.0045
CHEMBL525042,CHEMBL525042,CO[C@H]1[C@@H](O)[C@H](C)C[C@H](C)/C=C/C=C/C=C(\C)[C@@H](c2c[nH]c3c(C)cccc23)C[C@@H]2CC[C@@H](C)[C@@](O)(O2)C(=O)C(=O)N2CCCC[C@H]2C(=O)O[C@H]([C@H](C)C[C@@H]2CC[C@@H](O)[C@H](OC)C2)C[C@H](O)[C@H](C)/C=C(\C)[C@H]1O,MTOR,IC50,10.0,1017.36,0.0,1,False,False,1,MTOR,escape_route,0.003,0.0045
CHEMBL193117,CHEMBL193117,CN1CCC(Oc2ccc(Cl)cc2NC(=O)Nc2cnc(C#N)cn2)CC1,CHEK1,IC50,10.0,386.84,3.12,0,False,False,1,CHEK1,resistant,0.0015,0.0075
CHEMBL381028,CHEMBL381028,COc1cc(O)ccc1-c1ccc2c(c1)NC(=O)/C2=C\c1cc[nH]c1,CHEK1,IC50,10.0,332.36,3.89,0,False,False,1,CHEK1,resistant,0.0015,0.0075
CHEMBL205449,CHEMBL205449,COc1cc(CN2CCCCC2)ccc1NC(=O)Nc1cnc(C#N)cn1,CHEK1,IC50,10.0,366.43,2.99,0,False,False,1,CHEK1,resistant,0.0015,0.0075
CHEMBL206812,CHEMBL206812,CN(C)CCOc1cc(N2CCCC2)c(NC(=O)Nc2cnc(C#N)cn2)cc1Cl,CHEK1,IC50,10.0,429.91,3.19,0,False,False,1,CHEK1,resistant,0.0015,0.0075
CHEMBL383970,CHEMBL383970,CN1C(=O)C[C@H](c2ccccc2F)[C@@H]1[C@H](O)c1ccc(-c2ccccc2)s1,KRAS,IC50,10.0,381.47,4.6,0,False,False,1,KRAS,escape_route,0.003,0.0045
CHEMBL373011,CHEMBL373011,Oc1cc(-c2nc(-c3ccccc3)[nH]c2-c2ccncc2)ccc1Cl,BRAF,IC50,10.0,347.81,5.16,1,False,False,1,BRAF,escape_route,0.003,0.0045
CHEMBL26719,CHEMBL26719,O=C(O)C[C@H](NC(=O)C(c1ccccc1)n1cccc(NC(=O)c2cccc3ccccc23)c1=O)C(=O)COc1ccccc1,CD274,IC50,10.0,603.63,4.45,1,False,False,1,CD274,immune,0.00375,0.00375
CHEMBL114791,CHEMBL114791,O=C[C@H](CC(=O)O)NC(=O)[C@@H]1Cc2cccc3c2N1C(=O)[C@@H](NC(=O)c1cccc2ccccc12)CC3,CD274,IC50,10.0,499.52,2.0,0,False,False,1,CD274,immune,0.00375,0.00375
CHEMBL192474,CHEMBL192474,COc1ccc(C(=O)C(=O)c2ccccc2)cc1,FOLH1,Ki,10.3,240.26,2.76,0,False,False,1,FOLH1,other,0.003734,0.003734
CHEMBL1083151,CHEMBL1083151,COc1cc(Nc2nccc(-c3sc(C)nc3C)n2)cc(OC)c1OC,CDK4,Ki,11.0,372.45,3.99,0,False,False,1,CDK4,sensitive,0.007397,0.001109
CHEMBL1086923,CHEMBL1086923,CS(=O)(=O)N1CCN(Cc2cc3nc(-c4cccc(O)c4)nc(N4CCOCC4)c3s2)CC1,PIK3CB,IC50,11.0,489.62,1.98,0,False,False,1,PIK3CB,escape_route,0.002959,0.004438
CHEMBL384304,CHEMBL384304,COc1ccc(F)c(F)c1C(=O)c1cnc(NC2CCN(S(C)(=O)=O)CC2)nc1N,ATR,Kd,11.0,0.0,0.0,0,False,False,1,ATR,resistant,0.001479,0.007397
CHEMBL315622,CHEMBL315622,O=C(O)c1c(Cc2cc3c(cc2Cl)OCO3)c(-c2ccccc2)nn1Cc1cccc(Cl)c1,CHEK2,IC50,11.0,481.33,5.92,1,False,False,1,CHEK2,resistant,0.001479,0.007397
CHEMBL200637,CHEMBL200637,C/C(=N\O)c1ccc(-c2[nH]c(-c3ccccc3)nc2-c2ccncc2)cc1,BRAF,Kd,11.0,354.41,5.0,0,False,False,1,BRAF,escape_route,0.002959,0.004438
CHEMBL360089,LEINAMYCIN,C/C1=C\[C@@H](O)C(=O)/C=C/C=C\c2csc(n2)[C@@H](C)NC(=O)C[C@@]2(CC1)[S+]([O-])SC(=O)[C@]2(C)O,MAP2K1,IC50,11.0,510.66,2.38,1,False,False,1,MAP2K1,sensitive,0.007397,0.001109
CHEMBL410802,CHEMBL410802,CC[C@H](C)[C@H](NC(=O)[C@H](CC(N)=O)NC(=O)[C@H](CCCN=C(N)N)NC(=O)[C@@H](NC(=O)[C@@H](NC(=O)[C@H](CC(=O)O)NC(=O)[C@H](CCC(=O)O)NC(=O)[C@@H](N)CCC(N)=O)[C@@H](C)CC)[C@@H](C)CC)C(=O)N[C@@H](C)C(=O)N[C@@H](CCCN=C(N)N)C(=O)N[C@@H](Cc1c[nH]cn1)C(=O)N[C@@H](CC(C)C)C(=O)N[C@@H](C)C(=O)N[C@@H](CCC(N)=O)C(=O)N[C@H](C(=O)NCC(=O)N[C@@H](CC(=O)O)C(=O)N[C@@H](CO)C(=O)N[C@@H](CCSC)C(=O)N[C@@H](CC(=O)O)C(=O)N[C@@H](CCCN=C(N)N)C(=O)O)C(C)C,BCL2,Ki,11.0,2437.73,0.0,1,False,False,2,BCL2;MCL1,apoptosis,0.002219,0.005178
CHEMBL2371929,CHEMBL2371929,CC[C@H](C)[C@H](NC(=O)[C@H](CCCN=C(N)N)NC(=O)[C@H](CCCN=C(N)N)NC(=O)[C@H](CC(C)C)NC(=O)[C@H](CCC(=O)O)NC(=O)[C@H](CCC(N)=O)NC(=O)[C@H](C)NC(=O)[C@@H](NC(=O)[C@H](Cc1c[nH]c2ccccc12)NC(=O)[C@@H](NC(=O)[C@H](CCC(=O)O)NC(=O)[C@@H]1CCCN1C(=O)[C@H](CCCN=C(N)N)NC(=O)[C@H](CCSC)NC(=O)[C@@H](N)CC(=O)O)[C@@H](C)CC)[C@@H](C)CC)C(=O)NCC(=O)N[C@@H](CC(=O)O)C(=O)N[C@@H](CCC(=O)O)C(=O)N[C@@H](Cc1ccccc1)C(=O)N[C@@H](CC(N)=O)C(=O)N[C@@H](C)C(=O)N[C@@H](Cc1ccc(O)cc1)C(=O)N[C@@H](Cc1ccc(O)cc1)C(=O)N[C@@H](C)C(=O)N[C@@H](CCCN=C(N)N)C(=O)N[C@@H](CCCN=C(N)N)C(=O)O,BCL2,IC50,11.0,3269.7,0.0,1,False,False,1,BCL2,apoptosis,0.002219,0.005178
CHEMBL172196,CHEMBL172196,CCC(C(=O)NC(CC(=O)O)C(=O)CN1CCSCC1)n1cccc(NC(=O)c2ccc3ccccc3c2)c1=O,CD274,Ki,11.25,564.66,2.78,1,False,False,1,CD274,immune,0.003686,0.003686
CHEMBL369589,CHEMBL369589,CCC(C(=O)NC(CC(=O)O)C(=O)CN1CCC(C(N)=O)CC1)n1cccc(NC(=O)c2ccc3ccccc3c2)c1=O,CD274,Ki,11.6,589.65,1.93,1,False,False,1,CD274,immune,0.003669,0.003669
CHEMBL4240212,CHEMBL4240212,O=C1CCCN1c1ccc(S(=O)(=O)N2CCCc3ccccc32)cc1,MDM2,EC50,12.0,356.45,2.95,0,False,False,1,MDM2,sensitive,0.007302,0.001095
CHEMBL215803,CHEMBL215803,C[C@@H]1C[C@H]2CN1CCn1nc3c(cccc3c1O)-c1nc3c(cccc3nc1O)O2,CDK6,IC50,12.0,403.44,2.91,0,False,False,1,CDK6,sensitive,0.007302,0.001095
CHEMBL3702209,CHEMBL3702209,CN(C)C1CCN(c2ccc(Nc3ncc4c5ccccc5n(C5CCCC5)c4n3)nc2)CC1,CDK6,IC50,12.0,455.61,5.37,1,False,False,1,CDK6,sensitive,0.007302,0.001095
CHEMBL1084926,CHEMBL1084926,CC(C)(O)c1cc2nc(-c3cnc(N)nc3)nc(N3CCOCC3)c2s1,PIK3CB,IC50,12.0,372.45,1.79,0,False,False,1,PIK3CB,escape_route,0.002921,0.004381
CHEMBL202635,CHEMBL202635,COc1cc(CN2CCCCC2)c(Cl)cc1NC(=O)Nc1cnc(C#N)cn1,CHEK1,IC50,12.0,400.87,3.64,0,False,False,1,CHEK1,resistant,0.00146,0.007302
CHEMBL107764,CHEMBL107764,O=C(CCn1c2c(c(=O)[nH]c1=O)CSCC2)NCC(=O)c1ccc(-c2cccnc2)cc1,PARP1,IC50,12.0,450.52,1.78,0,False,False,1,PARP1,resistant,0.00146,0.007302
CHEMBL108919,CHEMBL108919,O=C(CCn1c2c(c(=O)[nH]c1=O)CSCC2)NCC(=O)c1ccc(N2CCCC2)cc1,PARP1,IC50,12.0,442.54,1.32,0,False,False,1,PARP1,resistant,0.00146,0.007302
CHEMBL200172,CHEMBL200172,CC(C)(C)c1nc(-c2ccc(Cl)c(O)c2)c(-c2ccncc2)[nH]1,BRAF,IC50,12.0,327.82,4.8,0,False,False,1,BRAF,escape_route,0.002921,0.004381
CHEMBL410802,CHEMBL410802,CC[C@H](C)[C@H](NC(=O)[C@H](CC(N)=O)NC(=O)[C@H](CCCN=C(N)N)NC(=O)[C@@H](NC(=O)[C@@H](NC(=O)[C@H](CC(=O)O)NC(=O)[C@H](CCC(=O)O)NC(=O)[C@@H](N)CCC(N)=O)[C@@H](C)CC)[C@@H](C)CC)C(=O)N[C@@H](C)C(=O)N[C@@H](CCCN=C(N)N)C(=O)N[C@@H](Cc1c[nH]cn1)C(=O)N[C@@H](CC(C)C)C(=O)N[C@@H](C)C(=O)N[C@@H](CCC(N)=O)C(=O)N[C@H](C(=O)NCC(=O)N[C@@H](CC(=O)O)C(=O)N[C@@H](CO)C(=O)N[C@@H](CCSC)C(=O)N[C@@H](CC(=O)O)C(=O)N[C@@H](CCCN=C(N)N)C(=O)O)C(C)C,MCL1,Ki,12.0,2437.73,0.0,1,False,False,1,MCL1,apoptosis,0.002191,0.005111
CHEMBL5220723,CHEMBL5220723,Cn1cc(Cc2ccccc2OCCN2CCOCC2)c(-c2cc(Cl)nc(N)n2)n1,EZH2,IC50,12.3,428.92,2.41,0,False,False,1,EZH2,resistant,0.001455,0.007275
CHEMBL3698726,CHEMBL3698726,c1cc2c3cnc(Nc4ccc(NC5CCNCC5)nn4)nc3n(C3CCCC3)c2cn1,CDK6,IC50,12.4,429.53,3.79,0,False,False,1,CDK6,sensitive,0.007266,0.00109
CHEMBL281945,CHEMBL281945,C[C@H]1CNc2cc3nc(O)cc(C(F)(F)F)c3cc2C1CCC(F)(F)F,AR,EC50,13.0,378.32,5.45,1,False,False,1,AR,sensitive,0.007215,0.001082
CHEMBL410643,CHEMBL410643,COC[C@H]1OC(=O)/C(=C/N(C)CCCN(C)C)C2=C(O)C(=O)C3=C([C@H](OC(C)=O)C[C@]4(C)[C@@H](O)CC[C@@H]34)[C@]21C,PIK3CB,IC50,13.0,546.66,2.14,1,False,False,1,PIK3CB,escape_route,0.002886,0.004329
CHEMBL222102,KU-55933,O=c1cc(-c2cccc3c2Sc2ccccc2S3)oc(N2CCOCC2)c1,ATM,IC50,13.0,395.51,4.76,0,False,False,1,ATM,resistant,0.001443,0.007215
CHEMBL207778,CHEMBL207778,COc1cc(CN2CCCC2)ccc1NC(=O)Nc1cnc(C#N)cn1,CHEK1,IC50,13.0,352.4,2.6,0,False,False,1,CHEK1,resistant,0.001443,0.007215
CHEMBL388978,STAUROSPORINE,CN[C@@H]1C[C@H]2O[C@@](C)([C@@H]1OC)n1c3ccccc3c3c4c(c5c6ccccc6n2c5c31)C(=O)NC4,PARP2,Kd,13.0,466.54,4.35,0,False,False,1,PARP2,resistant,0.001443,0.007215
CHEMBL200863,CHEMBL200863,CC(C)(CNC(=O)Nc1ccc(Cl)cc1)c1nc(-c2ccc(Cl)c(O)c2)c(-c2ccncc2)[nH]1,BRAF,IC50,13.0,496.4,6.25,1,False,False,1,BRAF,escape_route,0.002886,0.004329
CHEMBL371952,CHEMBL371952,Oc1cc(-c2[nH]c(-c3ccco3)nc2-c2ccncc2)ccc1Cl,BRAF,IC50,13.0,337.77,4.76,0,False,False,1,BRAF,escape_route,0.002886,0.004329
CHEMBL402548,CHEMBL402548,CO[C@@H](C(=O)N1Cc2[nH]nc(NC(=O)c3ccc(N4CCN(C)CC4)cc3)c2C1)c1ccccc1,AURKA,IC50,13.0,0.0,0.0,0,False,False,1,AURKA,resistant,0.001443,0.007215
CHEMBL3642038,CHEMBL3642038,CN(C)C1CN(c2ccc(Nc3ncc4c5ccncc5n(C5CCCC5)c4n3)nn2)CCC1O,CDK6,IC50,13.3,473.59,3.13,0,False,False,1,CDK6,sensitive,0.00719,0.001079
CHEMBL242931,CHEMBL242931,O=C(C(=O)c1ccc(F)c(F)c1F)c1ccc(F)c(F)c1F,FOLH1,Ki,13.6,318.17,3.59,0,False,False,1,FOLH1,other,0.003583,0.003583
CHEMBL1085160,CHEMBL1085160,CS(=O)(=O)N1CCN(Cc2cc3nc(-c4cccc(CO)c4)nc(N4CCOCC4)c3s2)CC1,PIK3CB,IC50,14.0,503.65,1.76,1,False,False,1,PIK3CB,escape_route,0.002854,0.004281
CHEMBL1086924,CHEMBL1086924,CS(=O)(=O)N1CCN(Cc2cc3nc(-c4cccnc4)nc(N4CCOCC4)c3s2)CC1,PIK3CB,IC50,14.0,474.61,1.67,0,False,False,1,PIK3CB,escape_route,0.002854,0.004281
CHEMBL383541,CHEMBL383541,N[C@H](COc1cncc(/C=C/c2ccncc2)c1)Cc1c[nH]c2ccccc12,AKT1,IC50,14.0,370.46,4.08,0,False,False,1,AKT1,escape_route,0.002854,0.004281
CHEMBL207995,CHEMBL207995,COc1cc(C=O)c(Cl)cc1NC(=O)Nc1cnc(C#N)cn1,CHEK1,IC50,14.0,331.72,2.47,0,False,False,1,CHEK1,resistant,0.001427,0.007135
CHEMBL381447,CHEMBL381447,CC(C)(CNS(C)(=O)=O)c1nc(-c2ccc(Cl)c(O)c2)c(-c2ccncc2)[nH]1,BRAF,IC50,14.0,420.92,3.32,0,False,False,1,BRAF,escape_route,0.002854,0.004281
CHEMBL370353,CHEMBL370353,Oc1cc(-c2[nH]c(-c3ccccc3)nc2-c2ccncn2)ccc1Cl,BRAF,Kd,14.0,348.79,4.56,0,False,False,1,BRAF,escape_route,0.002854,0.004281
CHEMBL375544,CHEMBL375544,O=C(NC(CO)c1ccc(Cl)cc1)c1cc(-c2[nH]ncc2-c2cccc(Cl)c2)c[nH]1,MAPK1,Ki,14.0,441.32,4.84,0,False,False,1,MAPK1,sensitive,0.007135,0.00107
CHEMBL189886,BENZIL,O=C(C(=O)c1ccccc1)c1ccccc1,FOLH1,Ki,14.7,210.23,2.75,0,False,False,1,FOLH1,other,0.003541,0.003541
CHEMBL315936,CHEMBL315936,O=C(O)c1c(Cc2cc3c(cc2Cl)OCO3)c(-c2ccccc2)nn1CC1CCCC(C(=O)O)C1,CHEK2,IC50,14.8,496.95,5.11,1,False,False,1,CHEK2,resistant,0.001415,0.007074
CHEMBL283449,CHEMBL283449,CC1CCNc2cc3nc(O)cc(C(F)(F)F)c3cc21,AR,EC50,15.0,282.27,3.88,0,False,False,1,AR,sensitive,0.00706,0.001059
CHEMBL384304,CHEMBL384304,COc1ccc(F)c(F)c1C(=O)c1cnc(NC2CCN(S(C)(=O)=O)CC2)nc1N,CDK4,Kd,15.0,0.0,0.0,0,False,False,2,CDK4;ATR,sensitive,0.00706,0.001059
CHEMBL208728,CHEMBL208728,N#Cc1cnc(NC(=O)Nc2cc(Cl)c(OCC3CCCO3)cc2N2CCCC2)cn1,CHEK1,IC50,15.0,442.91,3.8,0,False,False,1,CHEK1,resistant,0.001412,0.00706
CHEMBL321638,CHEMBL321638,COc1ccc(-c2ccc(C(=O)CNC(=O)CCn3c4c(c(=O)[nH]c3=O)CSCC4)cc2)cc1,PARP1,IC50,15.0,479.56,2.39,0,False,False,1,PARP1,resistant,0.001412,0.00706
CHEMBL322133,CHEMBL322133,O=C(CCn1c2c(c(=O)[nH]c1=O)CSCC2)NCC(=O)c1ccc(Br)cc1,PARP1,IC50,15.0,452.33,1.48,0,False,False,1,PARP1,resistant,0.001412,0.00706
CHEMBL321703,CHEMBL321703,O=C(CCn1c2c(c(=O)[nH]c1=O)CSCC2)NCC(=O)c1ccc(-c2ccncc2)cc1,PARP1,IC50,15.0,450.52,1.78,0,False,False,1,PARP1,resistant,0.001412,0.00706
CHEMBL571722,CHEMBL571722,Cc1cnc(Nc2cccc3c2OCCO3)nc1-c1c[nH]c(C(=O)N[C@H](CO)c2cccc(Cl)c2)c1,MAPK1,Ki,15.0,505.96,4.41,1,False,False,1,MAPK1,sensitive,0.00706,0.001059
CHEMBL244378,CHEMBL244378,O=C(O)c1ccccc1Nc1ccnc(Nc2ccc3cn[nH]c3c2)n1,CDK4,Ki,15.85,346.35,3.54,0,False,False,1,CDK4,sensitive,0.007,0.00105
CHEMBL189963,CHEMBL189963,CC(=O)c1c(C)c2cnc(Nc3ccc(N4CCNCC4)cn3)nc2n(C2CCCC2)c1=O,CDK6,IC50,16.0,0.0,0.0,0,False,False,1,CDK6,sensitive,0.00699,0.001048
CHEMBL3702070,CHEMBL3702070,CCC(CC)n1c2cnccc2c2cnc(Nc3ccc(N4CCC(N(C)C)CC4)nn3)nc21,CDK6,IC50,16.0,459.6,4.4,0,False,False,1,CDK6,sensitive,0.00699,0.001048
CHEMBL3216006,CHEMBL3216006,Cl.Cl.c1cc(OCCN2CCOCC2)cc(-c2nc(N3CCOCC3)c3oc4ncccc4c3n2)c1,PIK3CA,IC50,16.0,534.44,2.99,1,False,False,1,PIK3CA,escape_route,0.002796,0.004194
CHEMBL541643,CHEMBL541643,Cl.Oc1cccc(-c2nc(N3CCOCC3)c3sccc3n2)c1,PIK3CB,IC50,16.0,349.84,2.9,0,False,False,1,PIK3CB,escape_route,0.002796,0.004194
CHEMBL445813,CHEMBL445813,O=C(NC1CCNCC1)c1n[nH]cc1NC(=O)c1c(Cl)cccc1Cl,ATR,Kd,16.0,0.0,0.0,0,False,False,1,ATR,resistant,0.001398,0.00699
CHEMBL388978,STAUROSPORINE,CN[C@@H]1C[C@H]2O[C@@](C)([C@@H]1OC)n1c3ccccc3c3c4c(c5c6ccccc6n2c5c31)C(=O)NC4,AURKA,Kd,16.0,466.54,4.35,0,False,False,1,AURKA,resistant,0.001398,0.00699
CHEMBL5219922,CHEMBL5219922,Cn1cc(Cc2ccccc2OCCN2CCNC(=O)C2)c(-c2cc(Cl)nc(N)n2)n1,EZH2,IC50,16.9,441.92,1.51,0,False,False,1,EZH2,resistant,0.001386,0.00693
CHEMBL3702141,CHEMBL3702141,c1cc2c3cnc(Nc4ccc(N5CCNCC5)cn4)cc3n(C3CCSC3)c2cn1,CDK6,IC50,17.0,431.57,3.81,0,False,False,1,CDK6,sensitive,0.006924,0.001039
CHEMBL574738,CHEMBL574738,CCN1CCN(Cc2ccc(NC(=O)Nc3ccc(Oc4cc(NC)ncn4)cc3)cc2C(F)(F)F)CC1,ATR,Kd,17.0,0.0,0.0,0,False,False,1,ATR,resistant,0.001385,0.006924
CHEMBL200164,CHEMBL200164,O/N=C1/CCCc2cc(-c3[nH]c(-c4ccccc4)nc3-c3ccncc3)ccc21,BRAF,Kd,17.0,380.45,5.32,1,False,False,1,BRAF,escape_route,0.00277,0.004154
CHEMBL204318,CHEMBL204318,CCCCC(=O)Nc1ncc(Nc2ncnc3cc(OCCCN4CCOCC4)c(OC)cc23)cn1,AURKA,IC50,17.0,495.58,3.4,0,False,False,1,AURKA,resistant,0.001385,0.006924
CHEMBL4248974,CHEMBL4248974,CN1CCN(S(=O)(=O)c2ccc(N3CCCC3=O)cc2)c2ccccc21,MDM2,EC50,18.0,371.46,2.46,0,False,False,1,MDM2,sensitive,0.006862,0.001029
CHEMBL3642007,CHEMBL3642007,O[C@@H]1CCCN(C2CCN(c3ccc(Nc4ncc5c6ccncc6n(C6CCCC6)c5n4)nn3)CC2)C1,CDK6,IC50,18.0,513.65,4.05,1,False,False,1,CDK6,sensitive,0.006862,0.001029
CHEMBL199299,CHEMBL199299,COc1cc(-c2ccc3c(c2)NC(=O)/C3=C\c2ncc[nH]2)ccc1O,CHEK1,IC50,18.0,333.35,3.28,0,False,False,1,CHEK1,resistant,0.001372,0.006862
CHEMBL122187,CHEMBL122187,COc1ccc(NS(=O)(=O)c2c(F)c(F)c(F)c(F)c2F)cc1NC(=O)[C@H](CO)NC(C)=O,MAP2K1,IC50,18.0,497.4,1.63,0,False,False,1,MAP2K1,sensitive,0.006862,0.001029
CHEMBL192180,CHEMBL192180,O=C(C(=O)c1ccc(Cl)cc1)c1ccccc1,FOLH1,Ki,18.2,244.68,3.41,0,False,False,1,FOLH1,other,0.003425,0.003425
CHEMBL503885,CHEMBL503885,CO[C@@H]1C[C@H](C[C@@H](C)[C@@H]2CC(=O)[C@H](C)/C=C(\C)[C@@H](O)[C@@H](OC)C(=O)[C@H](C)C[C@H](C)/C=C/C=C/C=C(\C)[C@@H](c3cccc4c(C)c[nH]c34)C[C@@H]3CC[C@@H](C)[C@@](O)(O3)C(=O)C(=O)N3CCCC[C@H]3C(=O)O2)CC[C@H]1O,MTOR,EC50,18.4,1013.32,0.0,1,False,False,1,MTOR,escape_route,0.002735,0.004103
CHEMBL193228,CHEMBL193228,O=C(C(=O)c1ccc(Br)cc1)c1ccc(Br)cc1,FOLH1,Ki,18.6,368.02,4.28,0,False,False,1,FOLH1,other,0.003413,0.003413
CHEMBL280865,CHEMBL280865,CCCC1CCNc2cc3nc(O)cc(C(F)(F)F)c3cc21,AR,EC50,19.0,310.32,4.66,0,False,False,1,AR,sensitive,0.006803,0.00102
CHEMBL3641990,CHEMBL3641990,CNC1CCN(c2ccc(Nc3ncc4c5ccncc5n(C5CCC5)c4n3)nn2)CC1,CDK6,IC50,19.0,429.53,3.43,0,False,False,1,CDK6,sensitive,0.006803,0.00102
CHEMBL203384,CHEMBL203384,N[C@H](CNc1cnc(Cl)c(/C=C/c2ccncc2)c1)Cc1c[nH]c2ccccc12,AKT1,IC50,19.0,403.92,4.76,0,False,False,1,AKT1,escape_route,0.002721,0.004082
CHEMBL27297,CHEMBL27297,CCC1CCNc2cc3c(cc21)c(C(F)(F)F)cc(=O)n3C,AR,IC50,20.0,310.32,3.87,0,False,False,1,AR,sensitive,0.006747,0.001012
CHEMBL108702,CHEMBL108702,Nc1cccc(-c2ccc(C(=O)CNC(=O)CCn3c4c(c(=O)[nH]c3=O)CSCC4)cc2)c1,PARP1,IC50,20.0,464.55,1.96,0,False,False,1,PARP1,resistant,0.001349,0.006747
CHEMBL108341,CHEMBL108341,O=C(CCn1c2c(c(=O)[nH]c1=O)CSCC2)NCC(=O)c1ccc(-c2ccccc2)cc1,PARP1,IC50,20.0,449.53,2.38,0,False,False,1,PARP1,resistant,0.001349,0.006747
CHEMBL108623,CHEMBL108623,O=C(CCn1c2c(c(=O)[nH]c1=O)CSCC2)NCC(=O)N1CCN(c2cc(C(F)(F)F)ccn2)CC1,PARP1,IC50,20.0,526.54,0.59,1,False,False,1,PARP1,resistant,0.001349,0.006747
CHEMBL108339,CHEMBL108339,COc1ccc(N2CCN(C(=O)CNC(=O)CCn3c4c(c(=O)[nH]c3=O)CSCC4)CC2)cc1,PARP1,IC50,20.0,487.58,0.19,0,False,False,1,PARP1,resistant,0.001349,0.006747
CHEMBL108239,CHEMBL108239,O=C(CCn1c2c(c(=O)[nH]c1=O)CSCC2)NCC(=O)N1CCN(c2cccnn2)CC1,PARP1,IC50,20.0,459.53,-1.03,0,False,False,1,PARP1,resistant,0.001349,0.006747
CHEMBL107601,CHEMBL107601,O=C(CCn1c2c(c(=O)[nH]c1=O)CSCC2)NCC(=O)N1CCN(c2ncccn2)CC1,PARP1,IC50,20.0,459.53,-1.03,0,False,False,1,PARP1,resistant,0.001349,0.006747
CHEMBL3702217,CHEMBL3702217,CC[C@@H](C)n1c2cnccc2c2cnc(Nc3ccc(N4CCN[C@@H](C)C4)nn3)nc21,CDK6,IC50,21.0,417.52,3.28,0,False,False,1,CDK6,sensitive,0.006694,0.001004
CHEMBL3698670,CHEMBL3698670,c1cnc2c(c1)c1cnc(Nc3ccc(N4CCNCC4)cn3)nc1n2C1CCCC1,CDK6,IC50,21.0,414.52,3.64,0,False,False,1,CDK6,sensitive,0.006694,0.001004
CHEMBL5219530,CHEMBL5219530,COC(=O)c1ccccc1Cc1cn(C)nc1-c1cc(Cl)nc(N)n1,EZH2,IC50,21.0,357.8,2.49,0,False,False,1,EZH2,resistant,0.001339,0.006694
CHEMBL192241,CHEMBL192241,O=C(C(=O)c1ccc(CBr)cc1)c1ccccc1,FOLH1,Ki,21.3,303.15,3.65,0,False,False,1,FOLH1,other,0.00334,0.00334
CHEMBL282204,CHEMBL282204,CC1c2cc3c(C(F)(F)F)cc(O)nc3cc2NC[C@H]1C,AR,EC50,22.0,296.29,4.12,0,False,False,1,AR,sensitive,0.006644,0.000997
CHEMBL564099,CHEMBL564099,CNC(=O)Nc1ccc(-c2nc(N3CCOCC3)c3cnn(C4CCN(C)CC4)c3n2)cc1,MTOR,IC50,22.0,450.55,2.35,0,False,False,1,MTOR,escape_route,0.002658,0.003986
CHEMBL427196,CHEMBL427196,OCc1ccc(-c2[nH]c(-c3ccccc3)nc2-c2ccncc2)cc1O,BRAF,Kd,22.0,343.39,4.0,0,False,False,1,BRAF,escape_route,0.002658,0.003986
CHEMBL219790,CHEMBL219790,O=C(NC(CO)c1ccc(F)c(F)c1)c1cc(-c2[nH]ncc2-c2cccc(Cl)c2)c[nH]1,MAPK1,Ki,22.0,442.85,4.47,0,False,False,1,MAPK1,sensitive,0.006644,0.000997
CHEMBL192252,CHEMBL192252,Cc1ccc(C(=O)C(=O)c2ccc(Cl)cc2)cc1,FOLH1,Ki,22.8,258.7,3.71,0,False,False,1,FOLH1,other,0.003303,0.003303
CHEMBL490428,CHEMBL490428,Cc1ccc(Nc2ccc3c(c2)N(c2nc4c(s2)C(=O)NC(C)(C)C4)CCO3)nn1,PIK3CB,IC50,23.0,422.51,3.58,0,False,False,1,PIK3CB,escape_route,0.002638,0.003957
CHEMBL379914,CHEMBL379914,N[C@H](COc1cnc(Cl)c(/C=C/c2ccncc2)c1)Cc1c[nH]c2ccccc12,AKT1,IC50,23.0,404.9,4.73,0,False,False,1,AKT1,escape_route,0.002638,0.003957
CHEMBL193229,CHEMBL193229,O=C(C(=O)c1cc(F)cc(F)c1)c1cc(F)cc(F)c1,FOLH1,Ki,23.4,282.19,3.31,0,False,False,1,FOLH1,other,0.003288,0.003288
CHEMBL3702160,CHEMBL3702160,CN(C)[C@H]1CN(c2ccc(Nc3ncc4c5ccncc5n(C5CCCC5)c4n3)nn2)CC[C@@H]1O,CDK6,IC50,24.0,473.59,3.13,0,False,False,1,CDK6,sensitive,0.006549,0.000982
CHEMBL3698696,CHEMBL3698696,O=S1(=O)CCC(Nc2ccc(Nc3ncc4c5ccncc5n(C5CCCC5)c4n3)nc2)C1,CDK6,IC50,24.0,463.57,3.83,0,False,False,1,CDK6,sensitive,0.006549,0.000982
CHEMBL534951,CHEMBL534951,Cl.O=C(O)COc1cccc(-c2nc(N3CCOCC3)c3oc4ncccc4c3n2)c1,PIK3CA,IC50,24.0,442.86,2.74,0,False,False,1,PIK3CA,escape_route,0.00262,0.00393
CHEMBL394503,CHEMBL394503,CNC(=O)Nc1cc(CNc2ccccc2C(=O)Nc2ccc3c(c2)OC(F)(F)O3)ccn1,BRAF,IC50,24.0,455.42,4.02,0,False,False,1,BRAF,escape_route,0.00262,0.00393
CHEMBL219849,CHEMBL219849,O=C(NC(CO)c1cccc(F)c1)c1cc(-c2[nH]ncc2-c2cccc(Cl)c2)c[nH]1,MAPK1,Ki,24.0,424.86,4.33,0,False,False,1,MAPK1,sensitive,0.006549,0.000982
CHEMBL427787,CHEMBL427787,C[C@@H](C(=O)N1Cc2[nH]nc(NC(=O)c3ccc(N4CCN(C)CC4)cc3)c2C1)c1ccccc1,AURKA,IC50,24.0,458.57,3.06,0,False,False,1,AURKA,resistant,0.00131,0.006549
CHEMBL5220632,CHEMBL5220632,Nc1nc(Cl)cc(-c2nn(C(F)F)cc2Cc2ccccc2OCC(=O)N2CCOCC2)n1,EZH2,IC50,24.2,478.89,2.8,0,False,False,1,EZH2,resistant,0.001308,0.00654
CHEMBL282813,CHEMBL282813,CC(C)CC1CCNc2cc3nc(O)cc(C(F)(F)F)c3cc21,AR,EC50,25.0,324.35,4.9,0,False,False,1,AR,sensitive,0.006505,0.000976
CHEMBL1085178,CHEMBL1085178,Cc1nc(N)ncc1-c1nc(N2CCOCC2)c2sc(C(C)(C)O)cc2n1,PIK3CB,IC50,25.0,386.48,2.1,0,False,False,1,PIK3CB,escape_route,0.002602,0.003903
CHEMBL199918,CHEMBL199918,COc1cc(-c2ccc3c(c2)NC(=O)/C3=C\c2cc[nH]c2)ccc1O,CHEK1,IC50,25.0,332.36,3.89,0,False,False,1,CHEK1,resistant,0.001301,0.006505
CHEMBL206663,CHEMBL206663,CN(C)CCOCCOc1cc(N2CCCC2)c(NC(=O)Nc2cnc(C#N)cn2)cc1Cl,CHEK1,IC50,25.0,473.97,3.2,0,False,False,1,CHEK1,resistant,0.001301,0.006505
CHEMBL108840,CHEMBL108840,O=C(CCn1c2c(c(=O)[nH]c1=O)CSCC2)NCC(=O)c1ccc(-c2cccnn2)cc1,PARP1,IC50,25.0,451.51,1.17,0,False,False,1,PARP1,resistant,0.001301,0.006505
CHEMBL108137,CHEMBL108137,O=C(CCn1c2c(c(=O)[nH]c1=O)CSCC2)NCC(=O)c1ccc(-c2cncnc2)cc1,PARP1,IC50,25.0,451.51,1.17,0,False,False,1,PARP1,resistant,0.001301,0.006505
CHEMBL432211,CHEMBL432211,O=C(CCn1c2c(c(=O)[nH]c1=O)CCCC2)NCC(=O)c1ccc2ccccc2c1,PARP1,IC50,25.0,405.45,1.96,0,False,False,1,PARP1,resistant,0.001301,0.006505
CHEMBL433356,CHEMBL433356,COc1ccc(C(=O)CNC(=O)CCn2c3c(c(=O)[nH]c2=O)CSCC3)cc1,PARP1,IC50,25.0,403.46,0.72,0,False,False,1,PARP1,resistant,0.001301,0.006505
CHEMBL367715,CHEMBL367715,CCC(C(=O)N[C@@H](CC(=O)O)C(=O)CN[C@H](Cc1ccccc1)C(N)=O)n1cccc(NC(=O)c2ccc3ccccc3c2)c1=O,CD274,Ki,25.0,625.68,2.42,1,False,False,1,CD274,immune,0.003253,0.003253
CHEMBL212049,CHEMBL212049,Cc1cnc(OC2CCCCC2)nc1-c1cnc(Nc2ccccn2)s1,CDK4,IC50,26.0,367.48,4.76,0,False,False,1,CDK4,sensitive,0.006463,0.000969
CHEMBL3702136,CHEMBL3702136,FC(F)(F)c1cccc(-n2c3cnccc3c3cnc(Nc4ccc(N5CCNCC5)cn4)cc32)c1,CDK6,IC50,26.0,489.51,5.14,1,False,False,1,CDK6,sensitive,0.006463,0.000969
CHEMBL541906,CHEMBL541906,Cl.Oc1ccc(-c2nc(N3CCOCC3)c3oc4ncccc4c3n2)cc1,PIK3CA,IC50,26.0,384.82,2.98,0,False,False,1,PIK3CA,escape_route,0.002585,0.003878
CHEMBL381187,CHEMBL381187,N[C@@H](COc1cncc(-c2ccc3cnccc3c2)c1)Cc1c[nH]c2ccccc12,AKT1,IC50,26.0,394.48,4.73,0,False,False,1,AKT1,escape_route,0.002585,0.003878
CHEMBL332838,CHEMBL332838,COc1ccc(NS(=O)(=O)c2c(F)c(F)c(F)c(F)c2F)cc1NC(=O)CNC(C)=O,MAP2K1,IC50,26.0,467.37,2.27,0,False,False,1,MAP2K1,sensitive,0.006463,0.000969
CHEMBL3702247,CHEMBL3702247,CN(C)C1CCN(c2ccc(Nc3ncc4c5ccncc5n(C5CCC5)c4n3)nn2)CC1,CDK6,IC50,27.0,443.56,3.77,0,False,False,1,CDK6,sensitive,0.006422,0.000963
CHEMBL200942,CHEMBL200942,O/N=C/c1ccc(-c2[nH]c(-c3ccccc3)nc2-c2ccncc2)cc1O,BRAF,Kd,27.0,356.38,4.32,0,False,False,1,BRAF,escape_route,0.002569,0.003853
CHEMBL118433,CHEMBL118433,COc1ccc(NS(=O)(=O)c2c(F)c(F)c(F)c(F)c2F)cc1N,MAP2K1,IC50,27.0,368.28,2.77,0,False,False,1,MAP2K1,sensitive,0.006422,0.000963
CHEMBL121130,CHEMBL121130,COc1ccc(NS(=O)(=O)c2c(F)c(F)c(F)c(F)c2F)cc1NC(=O)[C@@H](NC(C)=O)[C@@H](C)O,MAP2K1,IC50,27.0,511.43,2.02,1,False,False,1,MAP2K1,sensitive,0.006422,0.000963
CHEMBL363160,PHA-680632,CCc1cccc(CC)c1NC(=O)N1Cc2[nH]nc(NC(=O)c3ccc(N4CCN(C)CC4)cc3)c2C1,AURKA,IC50,27.0,501.64,4.09,1,False,False,1,AURKA,resistant,0.001284,0.006422
CHEMBL524266,CHEMBL524266,Nc1nccc(-c2cc3c([nH]2)[C@@H](CCF)CNC3=O)n1,CDK4,IC50,28.0,275.29,1.24,0,False,False,2,CDK4;MAPK1,sensitive,0.006382,0.000957
CHEMBL4878379,CHEMBL4878379,COC(=O)c1c(Cc2ccccc2)c(-c2cc(Cl)nc(N)n2)nn1C,EZH2,IC50,28.0,357.8,2.49,0,False,False,1,EZH2,resistant,0.001276,0.006382
CHEMBL402272,CHEMBL402272,Nc1nccc(-c2cc3c([nH]2)CCNC3=O)n1,CDK4,IC50,29.0,229.24,0.34,0,False,False,1,CDK4,sensitive,0.006344,0.000952
CHEMBL2426395,CHEMBL2426395,COc1ccc(NC(=S)NC(=O)c2cn(-c3ccccc3)nc2-c2ccc(OC)cc2)cc1,CDK6,IC50,29.0,458.54,4.68,0,False,False,1,CDK6,sensitive,0.006344,0.000952
CHEMBL199643,CHEMBL199643,O=C1Nc2cc(-c3ccc(O)cc3)ccc2/C1=C/c1cc[nH]c1,CHEK1,IC50,29.0,302.33,3.88,0,False,False,1,CHEK1,resistant,0.001269,0.006344
CHEMBL108968,CHEMBL108968,O=C(CCn1c2c(c(=O)[nH]c1=O)CSCC2)NCC(=O)c1ccc(OC(=O)c2ccccc2)cc1,PARP1,IC50,30.0,493.54,1.93,0,False,False,1,PARP1,resistant,0.001261,0.006307
CHEMBL326660,CHEMBL326660,O=C(CCn1c2c(c(=O)[nH]c1=O)CSCC2)NCC(=O)N1CCN(c2ccccc2)CC1,PARP1,IC50,30.0,457.56,0.18,0,False,False,1,PARP1,resistant,0.001261,0.006307
CHEMBL107935,CHEMBL107935,O=C(CCn1c2c(c(=O)[nH]c1=O)CSCC2)NCC(=O)c1ccc(Oc2ccccc2)cc1,PARP1,IC50,30.0,465.53,2.51,0,False,False,1,PARP1,resistant,0.001261,0.006307
CHEMBL110115,CHEMBL110115,O=C(CCn1c2c(c(=O)[nH]c1=O)CSCC2)NCC(=O)c1ccc(OC(F)F)cc1,PARP1,IC50,30.0,439.44,1.32,0,False,False,1,PARP1,resistant,0.001261,0.006307
CHEMBL379484,CHEMBL379484,CN1C(=O)C[C@H](c2ccccc2)[C@@H]1[C@H](O)c1ccc(-c2ccc(C#N)cc2)s1,KRAS,IC50,30.0,388.49,4.33,0,False,False,1,KRAS,escape_route,0.002523,0.003784
CHEMBL214803,CHEMBL214803,CN1C(=O)C[C@H](c2ccccc2F)[C@@H]1[C@H](O)c1ccc(-c2cccnc2)s1,KRAS,IC50,30.0,382.46,4.0,0,False,False,1,KRAS,escape_route,0.002523,0.003784
CHEMBL192589,CHEMBL192589,O=C(C(=O)c1ccc([N+](=O)[O-])cc1)c1ccccc1,FOLH1,Ki,30.6,255.23,2.66,0,False,False,1,FOLH1,other,0.003143,0.003143
CHEMBL3698700,CHEMBL3698700,c1cc2c3cnc(Nc4ccc(NC5CCNCC5)cn4)nc3n(C3CCCC3)c2cn1,CDK6,IC50,31.0,428.54,4.4,0,False,False,1,CDK6,sensitive,0.006272,0.000941
CHEMBL1230609,CHEMBL1230609,COc1cc2c(Oc3ccc(NC(=O)C4(C(=O)Nc5ccc(F)cc5)CC4)cc3F)ccnc2cc1OCCCN1CCOCC1,ATR,Kd,31.0,0.0,0.0,0,False,False,1,ATR,resistant,0.001254,0.006272
CHEMBL315752,CHEMBL315752,CCC(CC)Cn1nc(-c2ccccc2)c(Cc2cc3c(cc2Cl)OCO3)c1C(=O)O,CHEK2,IC50,31.0,440.93,5.66,1,False,False,1,CHEK2,resistant,0.001254,0.006272
CHEMBL243298,CHEMBL243298,O=C(O)c1ccccc1Nc1ccnc(Nc2cccc(F)c2)n1,CDK4,Ki,31.62,324.32,3.8,0,False,False,1,CDK4,sensitive,0.00625,0.000938
CHEMBL1995813,CHEMBL1995813,NC1CCCCC1Nc1nccc(-c2c[nH]c3ncccc23)n1,CDK4,Ki,31.62,308.39,2.7,0,False,False,1,CDK4,sensitive,0.00625,0.000938
CHEMBL242930,CHEMBL242930,O=C(C(=O)c1cc(F)cc(F)c1F)c1cc(F)cc(F)c1F,FOLH1,Ki,31.9,318.17,3.59,0,False,False,1,FOLH1,other,0.00312,0.00312
CHEMBL205950,CHEMBL205950,CN(C)CCOc1cc(OCC2(C)COC2)c(NC(=O)Nc2cnc(C#N)cn2)cc1Cl,CHEK1,IC50,32.0,460.92,3.0,0,False,False,1,CHEK1,resistant,0.001247,0.006237
CHEMBL131737,CHEMBL131737,COc1ccc(-c2nc3c(C(N)=O)cccc3n2C)cc1,PARP1,Ki,32.0,281.31,2.35,0,False,False,1,PARP1,resistant,0.001247,0.006237
CHEMBL371958,CHEMBL371958,CC(=O)Nc1cccc(-c2cncc(Nc3ccc4c(c3)OCO4)n2)c1,BRAF,IC50,32.0,348.36,3.57,0,False,False,1,BRAF,escape_route,0.002495,0.003742
CHEMBL153015,CHEMBL153015,CCCCCCCC(F)(F)C(=O)C(F)(F)F,FOLH1,IC50,32.36,246.22,4.11,0,False,False,1,FOLH1,other,0.003112,0.003112
CHEMBL2426391,CHEMBL2426391,COc1ccc(NC(=S)NC(=O)c2cn(-c3ccccc3)nc2-c2ccc(F)cc2)cc1,CDK6,IC50,33.0,446.51,4.81,0,False,False,1,CDK6,sensitive,0.006204,0.000931
CHEMBL3702114,CHEMBL3702114,c1cc2c3cnc(Nc4ccc(CN5CCNCC5)cn4)nc3n(C3CCCC3)c2cn1,CDK6,IC50,33.0,428.54,3.64,0,False,False,1,CDK6,sensitive,0.006204,0.000931
CHEMBL410071,CHEMBL410071,COC[C@H]1OC(=O)/C(=C/N2CCC(C(=O)O)CC2)C2=C(O)C(=O)C3=C([C@H](OC(C)=O)C[C@]4(C)[C@@H](O)CC[C@@H]34)[C@]21C,PIK3CA,IC50,33.0,559.61,2.05,1,False,False,2,PIK3CA;MTOR,escape_route,0.002481,0.003722
CHEMBL521851,CHEMBL521851,CS(=O)(=O)N1CCN(Cc2cc3nc(-c4cccc5[nH]ncc45)nc(N4CCOCC4)c3s2)CC1,PIK3CB,IC50,33.0,0.0,0.0,0,False,False,2,PIK3CB;MTOR,escape_route,0.002481,0.003722
CHEMBL200118,CHEMBL200118,Oc1cc(-c2[nH]cnc2-c2ccncc2)ccc1Cl,BRAF,IC50,33.0,271.71,3.5,0,False,False,1,BRAF,escape_route,0.002481,0.003722
CHEMBL297089,CHEMBL297089,CCOC(=O)/C=C/[C@H](CCC(N)=O)NC(=O)[C@H](Cc1ccccc1)n1cccc(NC(=O)OCc2ccccc2)c1=O,MAP2K1,EC50,33.0,574.63,3.25,1,False,False,1,MAP2K1,sensitive,0.006204,0.000931
CHEMBL371858,CHEMBL371858,Cc1ccc(C(=O)C(=O)c2ccccc2)cc1,FOLH1,Ki,33.3,224.26,3.06,0,False,False,1,FOLH1,other,0.003097,0.003097
CHEMBL225519,CHEMBL225519,O=C1NCCc2[nH]c(-c3ccncc3)cc21,CDK4,IC50,34.0,213.24,1.36,0,False,False,1,CDK4,sensitive,0.006171,0.000926
CHEMBL26474,CHEMBL26474,COc1cccc(Cn2nc(-c3ccccc3)c(Cc3cc4c(cc3Cl)OCO4)c2C(=O)O)c1,CHEK2,IC50,34.0,476.92,5.28,1,False,False,1,CHEK2,resistant,0.001234,0.006171
CHEMBL248051,CHEMBL248051,NC(=O)c1cc(CNc2ccccc2C(=O)Nc2ccc3c(c2)OC(F)(F)O3)ccn1,BRAF,IC50,34.0,426.38,3.37,0,False,False,1,BRAF,escape_route,0.002469,0.003703
CHEMBL366506,CHEMBL366506,CCCCCC(=O)NCC(=O)C(CC(=O)O)NC(=O)C(CC)n1cccc(NC(=O)c2ccc3ccccc3c2)c1=O,CD274,Ki,34.3,576.65,3.43,1,False,False,1,CD274,immune,0.003081,0.003081
CHEMBL430707,CHEMBL430707,O=C(CCn1c2c(c(=O)[nH]c1=O)CSCC2)NCC(=O)N1CCN(c2ccccn2)CC1,PARP1,IC50,35.0,458.54,-0.42,0,False,False,1,PARP1,resistant,0.001228,0.00614
CHEMBL220112,CHEMBL220112,O=C(N[C@H](CO)c1ccccc1)c1cc(-c2[nH]ncc2-c2cccc(Cl)c2)c[nH]1,MAPK1,Ki,35.0,406.87,4.19,0,False,False,1,MAPK1,sensitive,0.00614,0.000921
CHEMBL303615,CHEMBL303615,COC(=O)c1c(C)[nH]c2c1[C@@]13C[C@@H]1Cn1c(O)c4nc5c(OC)c(OC)c(OC)cc5c-4c(c13)C2=O,MAP2K1,IC50,36.0,489.48,3.16,0,False,False,1,MAP2K1,sensitive,0.006109,0.000916
CHEMBL411950,CHEMBL411950,COC[C@H]1OC(=O)/C(=C/N2CCOCC2)C2=C(O)C(=O)C3=C([C@H](OC(C)=O)C[C@]4(C)[C@@H](O)CC[C@@H]34)[C@]21C,PIK3CA,IC50,37.0,517.58,1.58,1,False,False,2,PIK3CA;MTOR,escape_route,0.002432,0.003648
CHEMBL542770,CHEMBL542770,COC(=O)c1c(C)[nH]c2c1C1CCN(C(=O)/C=C/c3ccc(OC)cc3)C1=CC2C(=O)ON1CCN(C)CC1.Cl,MAP2K1,IC50,37.0,571.07,2.83,1,False,False,1,MAP2K1,sensitive,0.006079,0.000912
CHEMBL174581,CHEMBL174581,CCC(C(=O)N[C@@H](CC(=O)O)C(=O)CN(C)CCCC(N)=O)n1cccc(NC(=O)c2ccc3ccccc3c2)c1=O,CD274,Ki,37.0,577.64,1.93,1,False,False,1,CD274,immune,0.00304,0.00304
CHEMBL1083192,CHEMBL1083192,CS(=O)(=O)N1CCN(Cc2cc3nc(-c4cnc(N)nc4)nc(N4CCOCC4)c3s2)CC1,PIK3CB,IC50,38.0,490.62,0.64,1,False,False,1,PIK3CB,escape_route,0.00242,0.00363
CHEMBL205699,CHEMBL205699,CN1CCN(c2cc(OCc3cccnc3)c(NC(=O)Nc3cnc(C#N)cn3)cc2Cl)CC1,CHEK1,IC50,38.0,478.94,3.37,0,False,False,1,CHEK1,resistant,0.00121,0.006051
CHEMBL205744,CHEMBL205744,N#Cc1cnc(NC(=O)Nc2cc(Cl)c(OCc3cccnc3)cc2N2CCCC2)cn1,CHEK1,IC50,38.0,449.9,4.22,0,False,False,1,CHEK1,resistant,0.00121,0.006051
CHEMBL3545110,CHEMBL3545110,CN(C)C(=O)c1cc2cnc(Nc3ccc(N4CCNCC4)cn3)nc2n1C1CCCC1,CDK6,IC50,39.0,0.0,0.0,0,False,False,1,CDK6,sensitive,0.006022,0.000903
CHEMBL428496,WORTMANNIN,COC[C@H]1OC(=O)c2coc3c2[C@@]1(C)C1=C(C3=O)[C@@H]2CCC(=O)[C@@]2(C)C[C@H]1OC(C)=O,MTOR,IC50,40.0,428.44,2.54,0,False,False,1,MTOR,escape_route,0.002398,0.003597
CHEMBL281865,CHEMBL281865,COc1cccc(Cn2nc(-c3ccccc3)c(Cc3ccc4c(c3)OCO4)c2C(=O)O)c1,CHEK2,IC50,40.0,442.47,4.62,0,False,False,1,CHEK2,resistant,0.001199,0.005995
CHEMBL110178,CHEMBL110178,O=C(CCn1c2c(c(=O)[nH]c1=O)CSCC2)NCC(=O)N1CCN(c2ccncc2)CC1,PARP1,IC50,40.0,458.54,-0.42,0,False,False,1,PARP1,resistant,0.001199,0.005995
CHEMBL419020,CHEMBL419020,O=C(CCn1c2c(c(=O)[nH]c1=O)CSCC2)NCC(=O)N1CCN(c2ncccc2C(F)(F)F)CC1,PARP1,IC50,40.0,526.54,0.59,1,False,False,1,PARP1,resistant,0.001199,0.005995
CHEMBL215309,CHEMBL215309,COc1ccccc1[C@H]1CC(=O)N(C)[C@H]1[C@H](O)c1ccc(S(=O)(=O)c2ccccc2)s1,KRAS,IC50,40.0,457.57,3.64,0,False,False,1,KRAS,escape_route,0.002398,0.003597
CHEMBL426476,CHEMBL426476,CN(C)CCCNC(=O)c1nc(-c2ccc(Cl)c(O)c2)c(-c2ccncc2)[nH]1,BRAF,IC50,40.0,399.88,3.18,0,False,False,1,BRAF,escape_route,0.002398,0.003597
CHEMBL222249,CHEMBL222249,O=C(NCc1ccc(F)c(F)c1)c1cc(-c2[nH]ncc2-c2cccc(Cl)c2)c[nH]1,MAPK1,Ki,40.0,412.83,4.93,0,False,False,1,MAPK1,sensitive,0.005995,0.000899
CHEMBL242722,CHEMBL242722,O=C(C(=O)c1c(F)ccc(F)c1F)c1cc(F)cc(F)c1F,FOLH1,Ki,40.7,318.17,3.59,0,False,False,1,FOLH1,other,0.002988,0.002988
CHEMBL191816,CHEMBL191816,CC(C)(C)c1ccc(C(=O)Nc2n[nH]c3c2CN(C(=O)c2ccco2)C3)cc1,AURKA,IC50,41.0,378.43,3.71,0,False,False,1,AURKA,resistant,0.001194,0.005968
CHEMBL2426387,CHEMBL2426387,COc1ccc(NC(=S)NC(=O)c2cn(-c3ccccc3)nc2-c2ccc(Cl)cc2)cc1,CDK6,IC50,42.0,462.96,5.33,1,False,False,1,CDK6,sensitive,0.005942,0.000891
CHEMBL206139,CHEMBL206139,COc1cc([N+](=O)[O-])c(Cl)cc1NC(=O)Nc1cnc(C#N)cn1,CHEK1,IC50,42.0,348.71,2.56,0,False,False,1,CHEK1,resistant,0.001188,0.005942
CHEMBL205491,CHEMBL205491,COc1cc(NC(=O)c2cccs2)c(Cl)cc1NC(=O)Nc1cnc(C#N)cn1,CHEK1,IC50,42.0,428.86,3.97,0,False,False,1,CHEK1,resistant,0.001188,0.005942
CHEMBL311315,CHEMBL311315,CC(=O)N[C@@H](Cc1ccccc1)C(=O)N[C@H](C(=O)N[C@@H](C)C(=O)N[C@H](C=O)CC(=O)O)C(C)C,CD274,Ki,42.0,476.53,-0.46,0,False,False,1,CD274,immune,0.002971,0.002971
CHEMBL2426383,CHEMBL2426383,COc1ccc(NC(=S)NC(=O)c2cn(-c3ccccc3)nc2-c2ccc(C)cc2)cc1,CDK6,IC50,43.0,442.54,4.98,0,False,False,1,CDK6,sensitive,0.005916,0.000887
CHEMBL271544,CHEMBL271544,COC[C@H]1OC(=O)/C(=C/N2CCN(C3CCCCC3)CC2)C2=C(O)C(=O)C3=C([C@H](OC(C)=O)C[C@]4(C)[C@@H](O)CC[C@@H]34)[C@]21C,PIK3CA,IC50,43.0,598.74,3.2,1,False,False,2,PIK3CA;MTOR,escape_route,0.002367,0.00355
CHEMBL205590,CHEMBL205590,CN(C)CCOc1cc(N2CCN(C)CC2)c(Cl)cc1NC(=O)Nc1cnc(C#N)cn1,CHEK1,IC50,43.0,458.95,2.34,0,False,False,1,CHEK1,resistant,0.001183,0.005916
CHEMBL120186,CHEMBL120186,COc1ccc(NS(=O)(=O)c2c(F)c(F)c(F)c(F)c2F)cc1NC(=O)[C@H](C)NC(C)=O,MAP2K1,IC50,43.0,481.4,2.65,0,False,False,1,MAP2K1,sensitive,0.005916,0.000887
CHEMBL201654,CHEMBL201654,COc1cc2c(Nc3ncc(C)s3)ncnc2cc1OCCCN1CCOCC1,AURKA,IC50,43.0,415.52,3.25,0,False,False,1,AURKA,resistant,0.001183,0.005916
CHEMBL586702,CHEMBL586702,FC(F)c1nc2ccccc2n1-c1nc(N2CCOCC2)nc(N2CCOCC2)n1,PIK3CB,IC50,44.0,0.0,0.0,0,False,False,1,PIK3CB,escape_route,0.002357,0.003535
CHEMBL312854,CHEMBL312854,O=C(O)c1cc2c(c(Cn3nc(-c4ccccc4)c(Cc4cc5c(cc4Cl)OCO5)c3C(=O)O)c1)OCOC2,CHEK2,IC50,44.0,548.94,4.83,1,False,False,1,CHEK2,resistant,0.001178,0.005891
CHEMBL27684,CHEMBL27684,O=C1c2cccc3c2c(cc2ccoc23)C(=O)N1CCNCCCNCCN1C(=O)c2cccc3c2c(cc2ccoc23)C1=O,MAP2K1,IC50,44.0,600.63,4.95,1,False,False,1,MAP2K1,sensitive,0.005891,0.000884
CHEMBL222465,CHEMBL222465,O=C(NC(CO)c1ccc(C(F)(F)F)cc1)c1cc(-c2[nH]ncc2-c2cccc(Cl)c2)c[nH]1,MAPK1,Ki,44.0,474.87,5.21,1,False,False,1,MAPK1,sensitive,0.005891,0.000884
CHEMBL205951,CHEMBL205951,COc1cc(C=O)ccc1NC(=O)Nc1cnc(C#N)cn1,CHEK1,IC50,45.0,297.27,1.81,0,False,False,1,CHEK1,resistant,0.001173,0.005867
CHEMBL562165,CHEMBL562165,CCOC(=O)Nc1ccc(-c2nc(N3CCOCC3)c3cnn(C4CCN(Cc5ccccc5)CC4)c3n2)cc1,MTOR,IC50,46.0,541.66,4.74,1,False,False,1,MTOR,escape_route,0.002337,0.003506
CHEMBL1336,CHEMBL1336,CNC(=O)c1cc(Oc2ccc(NC(=O)Nc3ccc(Cl)c(C(F)(F)F)c3)cc2)ccn1,BRAF,IC50,46.0,0.0,0.0,0,False,False,1,BRAF,escape_route,0.002337,0.003506
CHEMBL324470,CHEMBL324470,CCCCC(C(=O)N[C@@H](CC(=O)O)C(=O)COc1ccccc1)n1cncc(NC(=O)c2cccc3ccccc23)c1=O,CD274,IC50,46.0,584.63,3.99,1,False,False,1,CD274,immune,0.002922,0.002922
CHEMBL155621,CHEMBL155621,CCCCCCS(=O)(=O)CC(=O)C(F)(F)F,FOLH1,IC50,46.77,260.28,2.11,0,False,False,1,FOLH1,other,0.002913,0.002913
CHEMBL199620,CHEMBL199620,COc1cc(-c2ccc3c(c2)NC(=O)/C3=C\c2[nH]c(C)c(CCO)c2C)ccc1O,CHEK1,IC50,47.0,404.47,4.04,0,False,False,1,CHEK1,resistant,0.001164,0.00582
CHEMBL421992,CHEMBL421992,CCCCCCOCC(=O)C(F)(F)F,FOLH1,IC50,47.86,212.21,2.71,0,False,False,1,FOLH1,other,0.0029,0.0029
CHEMBL151601,CHEMBL151601,CC1(C)C(=O)N(c2ccc(C#N)c(C(F)(F)F)c2)C(=O)N1CC#CCOCc1ccc(O)c(C(N)=O)c1,AR,IC50,49.0,514.46,3.15,1,False,False,1,AR,sensitive,0.005775,0.000866
CHEMBL437858,CHEMBL437858,CSCC[C@H](NC(=O)[C@H](CCCN=C(N)N)NC(=O)[C@H](CCCN=C(N)N)NC(=O)[C@H](CC(C)C)NC(=O)[C@H](CCC(=O)O)NC(=O)[C@H](CCCN=C(N)N)NC(=O)CNC(=O)[C@H](Cc1ccc(O)cc1)NC(=O)[C@H](CCCN=C(N)N)NC(=O)[C@H](CCC(N)=O)NC(=O)[C@H](C)NC(=O)[C@H](C)NC(=O)[C@H](Cc1c[nH]c2ccccc12)NC(=O)[C@H](CCCN=C(N)N)NC(=O)[C@@H](N)CC(N)=O)C(=O)N[C@@H](CO)C(=O)N[C@@H](CC(=O)O)C(=O)N[C@@H](CCC(=O)O)C(=O)N[C@@H](Cc1ccccc1)C(=O)N[C@@H](CCC(=O)O)C(=O)NCC(=O)N[C@@H](CO)C(=O)N[C@@H](Cc1ccccc1)C(=O)N[C@@H](CCCCN)C(=O)NCC(=O)N[C@@H](CC(C)C)C(=O)O,BCL2,IC50,49.0,3160.54,0.0,1,False,False,1,BCL2,apoptosis,0.001732,0.004042
CHEMBL2426399,CHEMBL2426399,COc1ccc(NC(=S)NC(=O)c2cn(-c3ccccc3)nc2-c2ccccc2)cc1,CDK6,IC50,50.0,428.52,4.67,0,False,False,1,CDK6,sensitive,0.005753,0.000863
CHEMBL3702222,CHEMBL3702222,CC[C@@H](C)n1c2cnccc2c2cnc(Nc3ccc(N4CC[C@@H](O)C4)cn3)nc21,CDK6,IC50,50.0,403.49,3.66,0,False,False,1,CDK6,sensitive,0.005753,0.000863
CHEMBL4522598,CHEMBL4522598,CN(C)C/C=C/C(=O)Nc1cccc(S(=O)(=O)N2CCC(NC(=O)c3n[nH]cc3NC(=O)c3c(Cl)cccc3Cl)CC2)c1.O=C(O)C(F)(F)F,ATR,IC50,50.0,762.59,3.61,1,False,False,1,ATR,resistant,0.001151,0.005753
CHEMBL4542127,CHEMBL4542127,COc1cccc(Cl)c1C(=O)Nc1c[nH]nc1C(=O)NC1CCN(S(=O)(=O)c2cccc(NC(=O)/C=C/CN(C)C)c2)CC1.O=C(O)C(F)(F)F,ATR,IC50,50.0,758.18,2.96,1,False,False,1,ATR,resistant,0.001151,0.005753
CHEMBL108316,CHEMBL108316,O=C(CCn1c2c(c(=O)[nH]c1=O)CSCC2)NCC(=O)N1CCN(c2ncncn2)CC1,PARP1,IC50,50.0,460.52,-1.63,0,False,False,1,PARP1,resistant,0.001151,0.005753
CHEMBL381527,CHEMBL381527,COc1cccc(CCC(=O)Nc2cc(OC)c(NC(=O)Nc3cnc(C#N)cn3)cc2Cl)c1,CHEK1,IC50,51.0,480.91,4.23,0,False,False,1,CHEK1,resistant,0.001146,0.005731
CHEMBL200431,CHEMBL200431,N/C(=N\O)c1ccc(-c2[nH]c(-c3ccccc3)nc2-c2ccncc2)cc1,BRAF,Kd,53.0,355.4,3.9,0,False,False,1,BRAF,escape_route,0.002276,0.003414
CHEMBL146032,CHEMBL146032,CC(=O)c1ccc([C@H]2C[C@@]3(C)[C@@H](CC[C@@]3(O)C(F)(F)C(F)(F)F)[C@@H]3CCC4=CC(=O)CCC4=C32)cc1,AR,IC50,54.0,0.0,0.0,0,False,False,1,AR,sensitive,0.005669,0.00085
CHEMBL202026,CHEMBL202026,CCN(C(=O)Cc1cnc(Nc2ncnc3cc(OCCCN4CCOCC4)c(OC)cc23)s1)c1ccccc1,AURKA,IC50,55.0,562.7,4.54,1,False,False,1,AURKA,resistant,0.00113,0.005649
CHEMBL2113248,CHEMBL2113248,CC(C)C[C@H]1c2cc3c(C(F)(F)F)cc(O)nc3cc2NC[C@@H]1C,AR,EC50,56.0,338.37,5.15,1,False,False,1,AR,sensitive,0.00563,0.000844
CHEMBL270638,CHEMBL270638,Cc1nc2cnc3ccc(C#Cc4cccnc4)cc3c2n1-c1ccc(C(C)C#N)cc1,PIK3CA,IC50,56.0,413.48,5.3,1,False,False,2,PIK3CA;PIK3CB,escape_route,0.002252,0.003378
CHEMBL271184,CHEMBL271184,COC[C@H]1OC(=O)/C(=C/N2CCN(c3ccccc3)CC2)C2=C(O)C(=O)C3=C([C@H](OC(C)=O)C[C@]4(C)[C@@H](O)CC[C@@H]34)[C@]21C,PIK3CA,IC50,56.0,592.69,3.07,1,False,False,2,PIK3CA;MTOR,escape_route,0.002252,0.003378
CHEMBL3698656,CHEMBL3698656,c1cc2c3cnc(Nc4ccc(N5CCNCC5)cn4)nc3n(C3CCOCC3)c2cn1,CDK6,IC50,57.0,430.52,2.88,0,False,False,1,CDK6,sensitive,0.00561,0.000842
CHEMBL192627,CHLORANIL,O=C1C(Cl)=C(Cl)C(=O)C(Cl)=C1Cl,FOLH1,Ki,57.4,245.88,2.52,0,False,False,1,FOLH1,other,0.002801,0.002801
CHEMBL202837,CHEMBL202837,COc1cc(NC(=O)Cc2ccsc2)c(Cl)cc1NC(=O)Nc1cnc(C#N)cn1,CHEK1,IC50,58.0,442.89,3.9,0,False,False,1,CHEK1,resistant,0.001118,0.005591
CHEMBL172040,CHEMBL172040,CCC(C(=O)N[C@@H](CC(=O)O)C(=O)CN(C)Cc1ccccc1)n1cccc(NC(=O)c2ccc3ccccc3c2)c1=O,CD274,Ki,58.0,582.66,3.87,1,False,False,1,CD274,immune,0.002796,0.002796
CHEMBL80694,CHEMBL80694,CC(=O)N[C@@H](Cc1ccc(O)cc1)C(=O)N[C@H](C(=O)N(C)[C@@H](C)C(=O)N[C@H](C=O)CC(=O)O)C(C)C,CD274,Ki,59.0,506.56,-0.41,1,False,False,1,CD274,immune,0.002786,0.002786
CHEMBL260313,CHEMBL260313,COC[C@H]1OC(=O)/C(=C/N2CCC(=O)CC2)C2=C(O)C(=O)C3=C([C@H](OC(C)=O)C[C@]4(C)[C@@H](O)CC[C@@H]34)[C@]21C,PIK3CA,IC50,60.0,529.59,1.92,1,False,False,2,PIK3CA;MTOR,escape_route,0.002222,0.003333
CHEMBL1083810,CHEMBL1083810,CS(=O)(=O)N1CCN(Cc2cc3nc(-c4ccc(N)nc4)nc(N4CCOCC4)c3s2)CC1,PIK3CB,IC50,60.0,489.63,1.25,0,False,False,1,PIK3CB,escape_route,0.002222,0.003333
CHEMBL412460,CHEMBL412460,CC[C@H](C)[C@H](NC(=O)[C@H](CC(=O)O)NC(=O)[C@H](CC(C)C)NC(=O)[C@H](Cc1c[nH]cn1)NC(=O)[C@H]1CSSC[C@H](N)C(=O)N[C@@H](CO)C(=O)N[C@@H](CO)C(=O)N[C@@H](CO)C(=O)N[C@@H](C(C)C)C(=O)N[C@H](Cc2ccc(O)cc2)C(=O)N[C@@H](Cc2ccccc2)C(=O)N1)C(=O)N[C@H](C(=O)N[C@@H](Cc1c[nH]c2ccccc12)C(=O)O)[C@@H](C)CC,CHEK2,IC50,60.0,1670.93,0.0,1,False,False,1,CHEK2,resistant,0.001111,0.005555
CHEMBL320579,CHEMBL320579,O=C(Cn1c2c(c(=O)[nH]c1=O)CSCC2)NCCC(=O)N1CCN(c2ncccn2)CC1,PARP1,IC50,60.0,459.53,-1.03,0,False,False,1,PARP1,resistant,0.001111,0.005555
CHEMBL111606,CHEMBL111606,O=C(CCn1c2c(c(=O)[nH]c1=O)CSCC2)NCC(=O)c1ccc(Cl)cc1,PARP1,IC50,60.0,407.88,1.37,0,False,False,1,PARP1,resistant,0.001111,0.005555
CHEMBL215578,CHEMBL215578,CN1C(=O)C[C@H](c2ccccc2F)[C@@H]1[C@H](O)c1ccc(S(=O)(=O)c2ccccc2)s1,KRAS,IC50,60.0,445.54,3.77,0,False,False,1,KRAS,escape_route,0.002222,0.003333
CHEMBL213311,CHEMBL213311,CN1C(=O)C[C@H](c2ccccc2F)[C@@H]1[C@H](O)c1ccc(-c2ccc(F)cc2)s1,KRAS,IC50,60.0,399.46,4.74,0,False,False,1,KRAS,escape_route,0.002222,0.003333
CHEMBL192625,CHEMBL192625,Cc1ccc(C(=O)C(=O)c2ccc(C)cc2)cc1,FOLH1,Ki,60.4,238.29,3.37,0,False,False,1,FOLH1,other,0.002774,0.002774
CHEMBL3698663,CHEMBL3698663,C[C@H](C1CCCCC1)n1c2cnccc2c2cnc(Nc3ccc(N4CCNCC4)cn3)nc21,CDK6,IC50,61.0,456.6,4.67,0,False,False,1,CDK6,sensitive,0.005537,0.000831
CHEMBL247618,CHEMBL247618,CNC(=O)c1cc(CNc2ccsc2C(=O)Nc2ccc3c(c2)OC(F)(F)O3)ccn1,BRAF,IC50,61.0,446.44,3.69,0,False,False,1,BRAF,escape_route,0.002215,0.003322
CHEMBL242721,CHEMBL242721,O=C(C(=O)c1cc(F)ccc1F)c1cc(F)ccc1F,FOLH1,Ki,61.4,282.19,3.31,0,False,False,1,FOLH1,other,0.002765,0.002765
CHEMBL115252,CHEMBL115252,O=C[C@H](CC(=O)O)NS(=O)(=O)c1ccccc1OCCc1cccc2ccccc12,CD274,IC50,62.0,427.48,2.78,0,False,False,1,CD274,immune,0.00276,0.00276
CHEMBL171846,CHEMBL171846,CCC(C(=O)NC(CC(=O)O)C(=O)CN1CCN(C)CC1)n1cccc(NC(=O)c2ccc3ccccc3c2)c1=O,CD274,Ki,62.5,561.64,1.98,1,False,False,1,CD274,immune,0.002755,0.002755
CHEMBL405230,CHEMBL405230,COC[C@H]1OC(=O)/C(=C/N2CCC(N3CCCCC3)CC2)C2=C(O)C(=O)C3=C([C@H](OC(C)=O)C[C@]4(C)[C@@H](O)CC[C@@H]34)[C@]21C,PIK3CA,IC50,63.0,598.74,3.2,1,False,False,2,PIK3CA;MTOR,escape_route,0.002201,0.003301
CHEMBL374677,CHEMBL374677,O=C(NC(CO)c1ccc(F)cc1)c1cc(-c2[nH]ncc2-c2cccc(Cl)c2)c[nH]1,MAPK1,Ki,63.0,424.86,4.33,0,False,False,1,MAPK1,sensitive,0.005502,0.000825
CHEMBL1084546,CHEMBL1084546,CN(c1ncccc1CNc1nc(Nc2ccc3c(c2)CC(=O)N3)ncc1C(F)(F)F)S(C)(=O)=O,CDK4,Ki,63.1,0.0,0.0,0,False,False,1,CDK4,sensitive,0.0055,0.000825
CHEMBL272265,CHEMBL272265,N#CCc1ccc(-n2cnc3cnc4ccc(C#Cc5cccnc5)cc4c32)cc1,PIK3CA,IC50,64.0,385.43,4.43,0,False,False,2,PIK3CA;PIK3CB,escape_route,0.002194,0.003291
CHEMBL377304,CHEMBL377304,CN(C)CCOCCN(C)CCOc1cc(N2CCCC2)c(NC(=O)Nc2cnc(C#N)cn2)cc1Cl,CHEK1,IC50,64.0,531.06,3.13,1,False,False,1,CHEK1,resistant,0.001097,0.005485
CHEMBL5221008,CHEMBL5221008,Cn1cc(Cc2ccccc2Cl)c(-c2cc(Cl)nc(N)n2)n1,EZH2,IC50,64.0,334.21,3.36,0,False,False,1,EZH2,resistant,0.001097,0.005485
CHEMBL4244338,CHEMBL4244338,CN1CCN(S(=O)(=O)c2ccc(N3CCCC3)cc2)c2ccccc21,MDM2,EC50,65.0,357.48,2.93,0,False,False,1,MDM2,sensitive,0.005468,0.00082
CHEMBL363857,CHEMBL363857,CN1CCN(c2ccc(C(=O)Nc3[nH]nc4c3CN(C(=O)Cc3ccsc3)C4)cc2)CC1,AURKA,IC50,65.0,450.57,2.56,0,False,False,1,AURKA,resistant,0.001094,0.005468
CHEMBL205543,CHEMBL205543,CN1CCN(c2cc(OC3CCOC3)c(NC(=O)Nc3cnc(C#N)cn3)cc2Cl)CC1,CHEK1,IC50,66.0,457.92,2.57,0,False,False,1,CHEK1,resistant,0.00109,0.005451
CHEMBL5220075,CHEMBL5220075,COc1ccccc1Cc1cn(C)nc1-c1cc(Cl)nc(N)n1,EZH2,IC50,67.0,329.79,2.71,0,False,False,1,EZH2,resistant,0.001087,0.005435
CHEMBL281028,CHEMBL281028,CC1(C)CCNc2cc3nc(O)cc(C(F)(F)F)c3cc21,AR,EC50,68.0,296.29,4.05,0,False,False,1,AR,sensitive,0.005419,0.000813
CHEMBL210516,CHEMBL210516,COc1cc(NC(=O)CCc2ccccc2)c(Cl)cc1NC(=O)Nc1cnc(C#N)cn1,CHEK1,IC50,68.0,450.89,4.23,0,False,False,1,CHEK1,resistant,0.001084,0.005419
CHEMBL203275,CHEMBL203275,N[C@H](COc1cncc(/C=C/c2ccnc(NC3CC3)c2)c1)Cc1c[nH]c2ccccc12,AKT1,IC50,69.0,425.54,4.65,0,False,False,1,AKT1,escape_route,0.002161,0.003242
CHEMBL247250,CHEMBL247250,CNC(=O)Nc1ccc(CNc2ncsc2C(=O)Nc2ccc3c(c2)OC(F)(F)O3)cn1,BRAF,IC50,69.0,462.44,3.48,0,False,False,2,BRAF;MAPK1,escape_route,0.002161,0.003242
CHEMBL177538,CHEMBL177538,CCCS(=O)(=O)NCCCOc1nc(C2CC2)nc(NS(=O)(=O)c2ccc(C(C)C)cn2)c1Oc1ccccc1OC,CHEK2,Kd,69.18,619.77,4.57,1,False,False,1,CHEK2,resistant,0.00108,0.0054
CHEMBL322957,CHEMBL322957,O=C(CCn1c2c(c(=O)[nH]c1=O)CSCC2)NCC(=O)c1cccc(Br)c1,PARP1,IC50,70.0,452.33,1.48,0,False,False,1,PARP1,resistant,0.001077,0.005387
CHEMBL410733,CHEMBL410733,Nc1cccnc1N1CCN(C(=O)CNC(=O)CCn2c3c(c(=O)[nH]c2=O)CSCC3)CC1,PARP1,IC50,70.0,473.56,-0.84,0,False,False,1,PARP1,resistant,0.001077,0.005387
CHEMBL107616,CHEMBL107616,O=C(CCn1c2c(c(=O)[nH]c1=O)CSCC2)NCC(=O)c1cccc(-c2ccccc2)c1,PARP1,IC50,70.0,449.53,2.38,0,False,False,1,PARP1,resistant,0.001077,0.005387
CHEMBL214282,CHEMBL214282,CN1C(=O)C[C@H](c2ccccc2)[C@@H]1[C@H](O)c1ccc(S(=O)(=O)N2CCOCC2)s1,KRAS,IC50,70.0,436.56,1.82,0,False,False,1,KRAS,escape_route,0.002155,0.003232
CHEMBL31400,CHEMBL31400,O=C1c2cccc3cccc(c23)C(=O)N1CCNCCCNCCN1C(=O)c2cccc3cccc(c23)C1=O,MAP2K1,IC50,70.0,0.0,0.0,0,False,False,1,MAP2K1,sensitive,0.005387,0.000808
CHEMBL203007,CHEMBL203007,COc1cc2c(Nc3cnc(NC(=O)c4ccc(C)c(Br)c4)nc3)ncnc2cc1OCCCN1CCOCC1,AURKA,IC50,70.0,608.5,4.6,1,False,False,1,AURKA,resistant,0.001077,0.005387
CHEMBL191513,CHEMBL191513,COc1ccc(C(=O)C(=O)c2ccc(OC)cc2)cc1,FOLH1,Ki,70.2,270.28,2.77,0,False,False,1,FOLH1,other,0.002692,0.002692
CHEMBL141247,CHEMBL141247,O=C(Nc1ccccn1)Nc1cccc2c1[C@H]1CCCN1C2=O,CDK6,IC50,71.0,308.34,3.02,0,False,False,1,CDK6,sensitive,0.005372,0.000806
CHEMBL200226,CHEMBL200226,OCc1ccc(-c2[nH]c(-c3ccccc3)nc2-c2ccncc2)cc1,BRAF,Kd,71.0,327.39,4.3,0,False,False,1,BRAF,escape_route,0.002149,0.003223
CHEMBL370059,CHEMBL370059,O=C(O)c1ccc(C(=O)C(=O)c2ccccc2)cc1,FOLH1,Ki,71.5,254.24,2.45,0,False,False,1,FOLH1,other,0.002682,0.002682
CHEMBL255592,CHEMBL255592,Cn1c(=O)n(-c2ccc(C(C)(C)C#N)cc2)c2c3cc(C#Cc4cccnc4)ccc3ncc21,PIK3CA,IC50,72.0,443.51,4.47,0,False,False,1,PIK3CA,escape_route,0.002143,0.003214
CHEMBL206143,CHEMBL206143,COc1ccc(CCC(=O)Nc2cc(OC)c(NC(=O)Nc3cnc(C#N)cn3)cc2Cl)cc1,CHEK1,IC50,72.0,480.91,4.23,0,False,False,1,CHEK1,resistant,0.001071,0.005357
CHEMBL366205,CHEMBL366205,O=C(C(=O)c1cc(Br)ccc1O)c1cc(Br)ccc1O,FOLH1,Ki,72.7,400.02,3.69,0,False,False,1,FOLH1,other,0.002673,0.002673
CHEMBL282866,CHEMBL282866,CCC1(CC)CCNc2cc3nc(O)cc(C(F)(F)F)c3cc21,AR,IC50,73.0,324.35,4.83,0,False,False,1,AR,sensitive,0.005342,0.000801
CHEMBL526092,CHEMBL526092,CCC1CNC(=O)c2cc(-c3ccnc(N)n3)[nH]c21,CDK4,IC50,73.0,257.3,1.29,0,False,False,1,CDK4,sensitive,0.005342,0.000801
CHEMBL445340,CHEMBL445340,CC(C)C1CNC(=O)c2cc(-c3ccnc(N)n3)[nH]c21,CDK4,IC50,73.0,271.32,1.54,0,False,False,1,CDK4,sensitive,0.005342,0.000801
CHEMBL208537,CHEMBL208537,COc1cc(CN2CCN(C)CC2)ccc1NC(=O)Nc1cnc(C#N)cn1,CHEK1,IC50,73.0,381.44,1.75,0,False,False,1,CHEK1,resistant,0.001068,0.005342
CHEMBL4240141,CHEMBL4240141,CN1CCN(S(=O)(=O)c2ccc(N3CCC=N3)cc2)c2ccccc21,MDM2,EC50,74.0,356.45,2.53,0,False,False,1,MDM2,sensitive,0.005327,0.000799
CHEMBL4848035,CHEMBL4848035,Cc1c(Cc2cccs2)c(-c2cc(Cl)nc(N)n2)nn1C,EZH2,IC50,74.0,319.82,3.07,0,False,False,1,EZH2,resistant,0.001065,0.005327
CHEMBL200847,CHEMBL200847,COC(=O)CCc1c(C)[nH]c(/C=C2\C(=O)Nc3cc(-c4ccc(O)c(OC)c4)ccc32)c1C,CHEK1,IC50,75.0,446.5,4.61,0,False,False,1,CHEK1,resistant,0.001062,0.005312
CHEMBL543394,CHEMBL543394,Cl.Oc1nc2ccc(N3CCC(N4CCCC4)CC3)nc2c2ccccc12,PARP1,IC50,75.0,384.91,3.55,0,False,False,1,PARP1,resistant,0.001062,0.005312
CHEMBL146794,CHEMBL146794,CC1(C)C(=O)N(c2ccc(C#N)c(C(F)(F)F)c2)C(=O)N1CCOCCOCc1ccc(O)c(C(N)=O)c1,AR,IC50,77.0,534.49,3.16,1,False,False,1,AR,sensitive,0.005284,0.000793
CHEMBL173116,CHEMBL173116,CCC(C(=O)N[C@@H](CC(=O)O)C(=O)CN[C@@H](Cc1ccccc1)C(N)=O)n1cccc(NC(=O)c2ccc3ccccc3c2)c1=O,CD274,Ki,78.0,625.68,2.42,1,False,False,1,CD274,immune,0.002635,0.002635
CHEMBL3215760,CHEMBL3215760,Cl.Cl.c1cc(OCCN2CCSCC2)cc(-c2nc(N3CCOCC3)c3oc4ncccc4c3n2)c1,PIK3CA,IC50,79.0,550.51,3.7,1,False,False,1,PIK3CA,escape_route,0.002102,0.003154
CHEMBL381703,CHEMBL381703,N[C@H](CNc1cnc(Cl)c(/C=C/c2ccncc2)c1)CC1CNc2ccccc21,AKT1,IC50,79.0,405.93,4.64,0,False,False,1,AKT1,escape_route,0.002102,0.003154
CHEMBL2436173,CHEMBL2436173,CC(=O)c1ccc2c(c1)c1c3c(ccc1n2CC[C@H]1CCCN1C)C(=O)CC3,MDM2,EC50,80.0,374.48,4.61,0,False,False,1,MDM2,sensitive,0.005242,0.000786
CHEMBL428690,CHEMBL428690,CN1CC[C@H](c2c(O)cc(O)c3c(=O)cc(-c4ccccc4Cl)oc23)[C@H](O)C1,CDK6,IC50,80.0,0.0,0.0,0,False,False,1,CDK6,sensitive,0.005242,0.000786
CHEMBL421605,CHEMBL421605,O=C(CCn1c2c(c(=O)[nH]c1=O)CCCC2)NCC(=O)c1ccc(Br)cc1,PARP1,IC50,80.0,434.29,1.57,0,False,False,1,PARP1,resistant,0.001048,0.005242
CHEMBL172921,CHEMBL172921,CCCC(=O)NCC(=O)C(CC(=O)O)NC(=O)C(CC)n1cccc(NC(=O)c2ccc3ccccc3c2)c1=O,CD274,Ki,81.0,548.6,2.65,1,False,False,1,CD274,immune,0.002614,0.002614
CHEMBL2113247,CHEMBL2113247,C[C@@H]1CNc2cc3nc(O)cc(C(F)(F)F)c3cc2[C@@H]1CCC(F)(F)F,AR,EC50,82.0,378.32,5.45,1,False,False,1,AR,sensitive,0.005215,0.000782
CHEMBL204217,CHEMBL204217,CCc1ccc(C(=O)Nc2ncc(Nc3ncnc4cc(OCCCN5CCOCC5)c(OC)cc34)cn2)cc1,AURKA,IC50,85.0,543.63,4.09,1,False,False,1,AURKA,resistant,0.001035,0.005176
CHEMBL189162,CHEMBL189162,O=C(C(=O)c1ccc2ccccc2c1)c1ccc2ccccc2c1,FOLH1,Ki,85.0,310.35,5.06,1,False,False,1,FOLH1,other,0.002588,0.002588
CHEMBL220320,CHEMBL220320,O=C(NCc1ccccc1)c1cc(-c2n[nH]cc2-c2cccc(Cl)c2)c[nH]1,MAPK1,Ki,86.0,376.85,4.66,0,False,False,1,MAPK1,sensitive,0.005164,0.000775
CHEMBL406237,CHEMBL406237,COC[C@H]1OC(=O)/C(=C/N2CCN(Cc3ccccc3)CC2)C2=C(O)C(=O)C3=C([C@H](OC(C)=O)C[C@]4(C)[C@@H](O)CC[C@@H]34)[C@]21C,PIK3CA,IC50,87.0,606.72,3.07,1,False,False,2,PIK3CA;MTOR,escape_route,0.00206,0.003091
CHEMBL381421,CHEMBL381421,Oc1cc(-c2[nH]c(-c3ccccc3)nc2-c2ccnnc2)ccc1Cl,BRAF,Kd,87.0,348.79,4.56,0,False,False,1,BRAF,escape_route,0.00206,0.003091
CHEMBL5221093,CHEMBL5221093,Cn1cc(Cc2ccccc2Oc2ccccc2)c(-c2cc(Cl)nc(N)n2)n1,EZH2,IC50,87.1,391.86,4.5,0,False,False,1,EZH2,resistant,0.00103,0.00515
CHEMBL4580787,CHEMBL4580787,CN(C)C/C=C/C(=O)Nc1cccc(S(=O)(=O)N2CCC(NC(=O)c3n[nH]cc3NC(=O)c3c(Cl)cc(Cl)cc3Cl)CC2)c1,ATR,IC50,88.0,683.02,4.26,1,False,False,1,ATR,resistant,0.001028,0.005139
CHEMBL315638,CHEMBL315638,O=C(O)c1cccc(Cn2nc(-c3cccs3)c(Cc3cc4c(cc3Cl)OCO4)c2C(=O)O)c1,CHEK2,IC50,89.0,496.93,5.03,1,False,False,1,CHEK2,resistant,0.001025,0.005127
CHEMBL332551,CHEMBL332551,Nc1nc(C2=C3C(=Nc4ccccc43)C(=O)NCC2)c(O)[nH]1,MAPK1,IC50,89.0,295.3,1.21,0,False,False,1,MAPK1,sensitive,0.005127,0.000769
CHEMBL2112885,CHEMBL2112885,COc1cccc2c1C(=O)c1c(O)c3c(c(O)c1C2=O)C[C@@](O)(C(=O)CO)C[C@@H]3OC1C[C@H](NCNC(=O)c2cc(COCC#CCN3C(=O)N(c4ccc(C#N)c(C(F)(F)F)c4)C(=O)C3(C)C)ccc2O)[C@H](O)[C@H](C)O1,AR,IC50,90.0,1070.0,0.0,1,False,False,1,AR,sensitive,0.005114,0.000767
CHEMBL410637,CHEMBL410637,COC[C@H]1OC(=O)/C(=C/N2CCN(C)CC2)C2=C(O)C(=O)C3=C([C@H](OC(C)=O)C[C@]4(C)[C@@H](O)CC[C@@H]34)[C@]21C,PIK3CA,IC50,90.0,530.62,1.5,1,False,False,2,PIK3CA;MTOR,escape_route,0.002046,0.003069
CHEMBL107260,CHEMBL107260,O=C(CCn1c2c(c(=O)[nH]c1=O)CCCC2)NCC(=O)N1CCN(c2ncccn2)CC1,PARP1,IC50,90.0,441.49,-0.94,0,False,False,1,PARP1,resistant,0.001023,0.005114
CHEMBL247793,CHEMBL247793,CCNC(=O)Nc1cc(CNc2ccccc2C(=O)Nc2ccc3c(c2)OC(F)(F)O3)ccn1,BRAF,IC50,90.0,469.45,4.41,0,False,False,1,BRAF,escape_route,0.002046,0.003069
CHEMBL541110,CHEMBL541110,COC(=O)c1c(C)[nH]c2c(OC(=O)N3CCN(C)CC3)cc3c(c12)[C@H](CBr)CN3C(=O)/C=C/c1ccc(OC)nn1.Cl,MAP2K1,IC50,90.0,663.96,3.35,1,False,False,1,MAP2K1,sensitive,0.005114,0.000767
CHEMBL202838,CHEMBL202838,COc1cc(NC(=O)CCCc2cccs2)c(Cl)cc1NC(=O)Nc1cnc(C#N)cn1,CHEK1,IC50,91.0,470.94,4.68,0,False,False,1,CHEK1,resistant,0.00102,0.005102
CHEMBL199296,CHEMBL199296,COc1cc(-c2ccc3c(c2)NC(=O)/C3=C\c2c[nH]c3ccccc23)ccc1O,CHEK1,IC50,92.0,382.42,5.04,1,False,False,1,CHEK1,resistant,0.001018,0.005091
CHEMBL451570,CHEMBL451570,Nc1nccc(-c2cc3c([nH]2)[C@H](CCF)CNC3=O)n1,CDK4,IC50,96.0,275.29,1.24,0,False,False,1,CDK4,sensitive,0.005044,0.000757
CHEMBL497995,CHEMBL497995,Nc1nccc(-c2cc3c([nH]2)C(C2CCC2)CNC3=O)n1,CDK4,IC50,96.0,283.34,1.68,0,False,False,1,CDK4,sensitive,0.005044,0.000757
CHEMBL381172,CHEMBL381172,COc1cc(CN2CCOCC2)ccc1NC(=O)Nc1cnc(C#N)cn1,CHEK1,IC50,96.0,368.4,1.83,0,False,False,1,CHEK1,resistant,0.001009,0.005044
CHEMBL267231,CHEMBL267231,C=CCC1Oc2cccc(OC(F)F)c2-c2ccc3c(c21)C(C)=CC(C)(C)N3,AR,Ki,96.3,383.44,6.57,1,False,False,1,AR,sensitive,0.005041,0.000756
CHEMBL388978,STAUROSPORINE,CN[C@@H]1C[C@H]2O[C@@](C)([C@@H]1OC)n1c3ccccc3c3c4c(c5c6ccccc6n2c5c31)C(=O)NC4,CDK4,Kd,100.0,466.54,4.35,0,False,False,7,CDK4;AKT1;ATR;CHEK1;PARP2;MAPK1;AURKA,sensitive,0.005,0.00075
CHEMBL211819,CHEMBL211819,O=C1NC(=O)/C(=C/c2ccc(-c3cc(O)ccc3O)o2)S1,PIK3CA,IC50,100.0,303.3,2.68,0,False,False,1,PIK3CA,escape_route,0.002,0.003
CHEMBL537877,CHEMBL537877,COc1cccc(-c2nc(N3CCOCC3)c3oc4ncccc4c3n2)c1.Cl,PIK3CA,IC50,100.0,398.85,3.28,0,False,False,1,PIK3CA,escape_route,0.002,0.003
CHEMBL364872,CHEMBL364872,CN1C(=O)C[C@H](c2ccccc2)[C@@H]1[C@@H](O)c1ccc(-c2ccccc2)s1,KRAS,IC50,100.0,363.48,4.46,0,False,False,1,KRAS,escape_route,0.002,0.003
CHEMBL212781,CHEMBL212781,CN1C(=O)C[C@H](c2ccccc2)[C@@H]1[C@H](O)c1ccc(-c2ccccc2)s1,KRAS,IC50,100.0,363.48,4.46,0,False,False,1,KRAS,escape_route,0.002,0.003
CHEMBL373628,CHEMBL373628,C[C@@H](NC(=O)c1cc(-c2[nH]ncc2-c2cccc(Cl)c2)c[nH]1)c1ccccc1,MAPK1,Ki,100.0,390.87,5.22,1,False,False,1,MAPK1,sensitive,0.005,0.00075
CHEMBL191402,CHEMBL191402,CCc1cccc(CC)c1NC(=O)N1Cc2[nH]nc(NC(=O)c3ccc(C(C)(C)C)cc3)c2C1,AURKA,IC50,100.0,459.59,5.63,1,False,False,1,AURKA,resistant,0.001,0.005
CHEMBL90884,CHEMBL90884,CC(C)[C@H](NC(=O)CCc1ccccc1)C(=O)N[C@@H](C)C(=O)N[C@@H](CC(=O)O)C(=O)CCCc1ccccc1,CD274,Ki,100.0,537.66,2.82,1,False,False,1,CD274,immune,0.0025,0.0025
CHEMBL153177,CHEMBL153177,CCCCCC[Se]CC(=O)C(F)(F)F,FOLH1,IC50,100.0,275.17,0.0,0,False,False,1,FOLH1,other,0.0025,0.0025
CHEMBL247424,CHEMBL247424,O=C(Nc1ccc2c(c1)OC(F)(F)O2)c1ccccc1NCc1ccnc(NCCCn2ccnc2)c1,BRAF,IC50,101.0,506.51,4.97,1,False,False,1,BRAF,escape_route,0.001996,0.002994
CHEMBL79280,CHEMBL79280,COc1ccc(NS(=O)(=O)c2c(F)c(F)c(F)c(F)c2F)cc1F,MAP2K1,IC50,101.0,0.0,0.0,0,False,False,1,MAP2K1,sensitive,0.004989,0.000748
CHEMBL270039,CHEMBL270039,COC[C@H]1OC(=O)/C(=C/N2CCCCC2)C2=C(O)C(=O)C3=C([C@H](OC(C)=O)C[C@]4(C)[C@@H](O)CC[C@@H]34)[C@]21C,PIK3CA,IC50,104.0,515.6,2.74,1,False,False,1,PIK3CA,escape_route,0.001983,0.002974
CHEMBL192139,CHEMBL192139,O=C(C(=O)c1ccc(Cl)cc1)c1ccc(Cl)cc1,FOLH1,Ki,106.0,279.12,4.06,0,False,False,1,FOLH1,other,0.002468,0.002468
CHEMBL1922219,CHEMBL1922219,CC[C@H](Nc1nc(NCc2cccnc2)c2ncn(C(C)C)c2n1)[C@@H](C)O,CDK4,IC50,107.0,369.47,2.99,0,False,False,1,CDK4,sensitive,0.004927,0.000739
CHEMBL4868801,CHEMBL4868801,Cc1c(Cc2cccc(Cl)c2)c(-c2cc(Cl)nc(N)n2)nn1C,EZH2,IC50,107.0,348.24,3.67,0,False,False,1,EZH2,resistant,0.000985,0.004927
CHEMBL428690,CHEMBL428690,CN1CC[C@H](c2c(O)cc(O)c3c(=O)cc(-c4ccccc4Cl)oc23)[C@H](O)C1,ATR,Kd,110.0,0.0,0.0,0,False,False,1,ATR,resistant,0.000979,0.004897
CHEMBL202721,CHEMBL202721,COc1cc2c(Nc3ccc(NC(=O)c4ccccc4)cc3)ncnc2cc1OCCCN1CCOCC1,AURKA,IC50,110.0,513.6,4.74,1,False,False,1,AURKA,resistant,0.000979,0.004897
CHEMBL205754,CHEMBL205754,COc1cc(NC(=O)c2ccco2)c(Cl)cc1NC(=O)Nc1cnc(C#N)cn1,CHEK1,IC50,111.0,412.79,3.5,0,False,False,1,CHEK1,resistant,0.000977,0.004887
CHEMBL201263,CHEMBL201263,COc1cc2c(Nc3ncc(CNC(=O)c4cccc(F)c4)s3)ncnc2cc1OCCCN1CCC(CO)CC1,AURKA,IC50,111.0,580.69,4.38,1,False,False,1,AURKA,resistant,0.000977,0.004887
CHEMBL3698685,CHEMBL3698685,O=C(c1cnc(Nc2ncc3c4ccncc4n(C4CCCC4)c3n2)s1)N1CCNCC1,CDK6,IC50,112.0,448.56,3.34,0,False,False,1,CDK6,sensitive,0.004877,0.000732
CHEMBL383670,CHEMBL383670,COc1cc(CN(C)CCN(C)C)ccc1NC(=O)Nc1cnc(C#N)cn1,CHEK1,IC50,112.0,383.46,1.99,0,False,False,1,CHEK1,resistant,0.000975,0.004877
CHEMBL5219193,CHEMBL5219193,Nc1nc(Cl)cc(-c2nn3ccccc3c2Cc2ccccc2)n1,EZH2,IC50,112.0,335.8,3.62,0,False,False,1,EZH2,resistant,0.000975,0.004877
CHEMBL174395,CHEMBL174395,CCC(C(=O)NC(CC(=O)O)C(=O)CNC(C)=O)n1cccc(NC(=O)c2ccc3ccccc3c2)c1=O,CD274,Ki,117.0,520.54,1.87,1,False,False,1,CD274,immune,0.002415,0.002415
CHEMBL452602,CHEMBL452602,C[C@@H]1CNC[C@H](C(=O)Nc2ncc(SCc3ncc(C(C)(C)C)o3)s2)C1,CDK4,IC50,120.0,394.57,3.91,0,False,False,1,CDK4,sensitive,0.004802,0.00072
CHEMBL428496,WORTMANNIN,COC[C@H]1OC(=O)c2coc3c2[C@@]1(C)C1=C(C3=O)[C@@H]2CCC(=O)[C@@]2(C)C[C@H]1OC(C)=O,PIK3CA,Ki,120.0,428.44,2.54,0,False,False,3,PIK3CA;PIK3CB;MTOR,escape_route,0.001921,0.002881
CHEMBL1766804,CHEMBL1766804,CS(=O)(=O)c1ccc(-c2cnc(N)c(-c3cc4ccccc4[nH]3)n2)cc1,ATM,IC50,120.0,364.43,3.28,0,False,False,1,ATM,resistant,0.00096,0.004802
CHEMBL373252,CHEMBL373252,COc1cc(-c2ccc3c(c2)NC(=O)/C3=C\c2[nH]c(C)cc2C)ccc1O,CHEK1,IC50,120.0,360.41,4.51,0,False,False,1,CHEK1,resistant,0.00096,0.004802
CHEMBL383928,CHEMBL383928,CN1C(=O)C[C@H](c2ccccc2)[C@@H]1[C@H](O)c1ccc(-c2ccccc2F)s1,KRAS,IC50,120.0,381.47,4.6,0,False,False,1,KRAS,escape_route,0.001921,0.002881
CHEMBL215923,CHEMBL215923,COc1ccccc1[C@H]1CC(=O)N(C)[C@H]1[C@H](O)c1ccc(-c2ccc(F)cc2)s1,KRAS,IC50,120.0,411.5,4.61,0,False,False,1,KRAS,escape_route,0.001921,0.002881
CHEMBL77475,CHEMBL77475,CC(=O)N(C)[C@@H](Cc1ccc(O)cc1)C(=O)N[C@H](C(=O)N[C@@H](C)C(=O)N[C@H](C=O)CC(=O)O)C(C)C,CD274,Ki,120.0,506.56,-0.41,1,False,False,1,CD274,immune,0.002401,0.002401
CHEMBL381075,CHEMBL381075,Nc1cc(/C=C/c2cncc(OC[C@@H](N)Cc3c[nH]c4ccccc34)c2)ccn1,AKT1,IC50,121.0,385.47,3.66,0,False,False,1,AKT1,escape_route,0.001917,0.002876
CHEMBL247798,CHEMBL247798,CCNC(=O)Nc1ccc(CNc2ncsc2C(=O)Nc2ccc3c(c2)OC(F)(F)O3)cn1,BRAF,IC50,122.0,476.47,3.87,0,False,False,2,BRAF;MAPK1,escape_route,0.001914,0.00287
CHEMBL1966204,CHEMBL1966204,O=C(Nc1n[nH]c2ccc(-c3cn(Cc4ccccc4)nn3)cc12)c1ccc(F)cc1,CDK4,Ki,125.89,412.43,4.26,0,False,False,1,CDK4,sensitive,0.00475,0.000713
CHEMBL4864668,CHEMBL4864668,Cc1c(Cc2cccc(F)c2)c(-c2cc(Cl)nc(N)n2)nn1C,EZH2,IC50,126.0,331.78,3.15,0,False,False,1,EZH2,resistant,0.00095,0.004749
CHEMBL3355072,CHEMBL3355072,C[C@@H]1Cn2ncc(-c3ccc(S(C)(=O)=O)cc3)c2CN1c1ccnc2[nH]ccc12,ATM,IC50,130.0,407.5,3.24,0,False,False,1,ATM,resistant,0.000943,0.004715
CHEMBL192575,CHEMBL192575,CC(C)(C)c1ccc(C(=O)Nc2n[nH]c3c2CN(C(=O)Cc2ccccc2)C3)cc1,AURKA,IC50,130.0,402.5,4.04,0,False,False,1,AURKA,resistant,0.000943,0.004715
CHEMBL315175,CHEMBL315175,O=C(O)c1c(Cc2cc3c(cc2Cl)OCO3)c(-c2ccccc2)nn1C1CCCCC1,CHEK2,IC50,131.0,438.91,5.73,1,False,False,1,CHEK2,resistant,0.000941,0.004707
CHEMBL4857305,CHEMBL4857305,Cn1cc(Cc2ccccc2F)c(-c2cc(Cl)nc(N)n2)n1,EZH2,IC50,132.0,317.75,2.84,0,False,False,1,EZH2,resistant,0.00094,0.004699
CHEMBL435744,CHEMBL435744,OCc1ccc(-c2[nH]c(-c3ccccc3)nc2-c2ccncc2)cc1Cl,BRAF,Kd,132.0,361.83,4.95,0,False,False,1,BRAF,escape_route,0.001879,0.002819
CHEMBL27372,CHEMBL27372,CCC1CCN(C=O)c2cc3nc(O)cc(C(F)(F)F)c3cc21,AR,EC50,137.0,324.3,3.82,0,False,False,1,AR,sensitive,0.004658,0.000699
CHEMBL435109,CHEMBL435109,COc1cccc(C(=O)C(=O)c2cccc(OC)c2)c1,FOLH1,Ki,139.0,270.28,2.77,0,False,False,1,FOLH1,other,0.002321,0.002321
CHEMBL3216649,CHEMBL3216649,Cl.Cl.Nc1cccc(-c2nc(N3CCOCC3)c3oc4ncccc4c3n2)c1,PIK3CA,IC50,140.0,420.3,2.86,0,False,False,1,PIK3CA,escape_route,0.001854,0.002781
CHEMBL213667,CHEMBL213667,CN1C(=O)C[C@H](c2ccccc2)[C@@H]1[C@H](O)c1ccc(-c2ccc(F)cc2)s1,KRAS,IC50,140.0,381.47,4.6,0,False,False,1,KRAS,escape_route,0.001854,0.002781
CHEMBL285957,CHEMBL285957,CN(C)CCN1C(=O)c2cccc3c2c(cc2occc23)C1=O,MAP2K1,IC50,140.0,308.34,2.74,0,False,False,1,MAP2K1,sensitive,0.004635,0.000695
CHEMBL190252,CHEMBL190252,CN1CCN(c2ccc(C(=O)Nc3n[nH]c4c3CN(C(=O)Cc3ccccc3)C4)cc2)CC1,AURKA,IC50,140.0,444.54,2.5,0,False,False,1,AURKA,resistant,0.000927,0.004635
CHEMBL551440,CHEMBL551440,CNC(=O)Nc1ccc(-c2nc(N3CCOCC3)c3cnn(C4CCN(Cc5cccnc5)CC4)c3n2)cc1,PIK3CB,IC50,141.0,527.63,3.31,1,False,False,2,PIK3CB;MTOR,escape_route,0.001851,0.002776
CHEMBL4849033,CHEMBL4849033,Cn1cc(Cc2cccs2)c(-c2cc(Cl)nc(N)n2)n1,EZH2,IC50,141.0,305.79,2.77,0,False,False,1,EZH2,resistant,0.000925,0.004627
CHEMBL206183,CHEMBL206183,N[C@H](COc1cncc(/C=C/c2ccncc2)c1)Cc1csc2ccccc12,AKT1,IC50,142.0,387.51,4.81,0,False,False,1,AKT1,escape_route,0.001848,0.002772
CHEMBL395700,CHEMBL395700,O=C(Nc1ccc2c(c1)OC(F)(F)O2)c1ccccc1NCc1ccnc(NCCCO)c1,BRAF,IC50,142.0,456.45,4.06,0,False,False,1,BRAF,escape_route,0.001848,0.002772
CHEMBL381328,CHEMBL381328,N[C@H](COc1cncc(/C=C/c2ccncc2)c1)Cc1ccc2ccccc2c1,AKT1,IC50,146.0,381.48,4.75,0,False,False,1,AKT1,escape_route,0.001836,0.002753
CHEMBL247792,CHEMBL247792,O=C(Nc1ccc2c(c1)OC(F)(F)O2)c1ccccc1NCc1ccnc(NCCc2cnc[nH]2)c1,BRAF,IC50,146.0,492.49,4.65,0,False,False,1,BRAF,escape_route,0.001836,0.002753
CHEMBL381610,CHEMBL381610,N[C@H](COc1cncc(/C=C/c2ccnc(NCc3ccccc3)c2)c1)Cc1c[nH]c2ccccc12,AKT1,IC50,147.0,475.6,5.69,1,False,False,1,AKT1,escape_route,0.001833,0.002749
CHEMBL432406,CHEMBL432406,O=C(Cn1c2c(c(=O)[nH]c1=O)CSCC2)NCC(=O)N1CCN(c2ncccn2)CC1,PARP1,IC50,150.0,445.51,-1.42,0,False,False,1,PARP1,resistant,0.000912,0.00456
CHEMBL384399,CHEMBL384399,CN1C(=O)C[C@H](c2ccccc2)[C@@H]1[C@H](O)c1ccc(-c2ccccn2)s1,KRAS,IC50,150.0,364.47,3.86,0,False,False,1,KRAS,escape_route,0.001824,0.002736
CHEMBL215525,CHEMBL215525,CN(C)c1cccc(-c2ccc([C@@H](O)[C@H]3[C@@H](c4ccccc4)CC(=O)N3C)s2)c1,KRAS,IC50,150.0,406.55,4.53,0,False,False,1,KRAS,escape_route,0.001824,0.002736
CHEMBL538554,CHEMBL538554,COC(=O)c1c(C)[nH]c2c(OC(=O)N3CCN(C)CC3)cc3c(c12)[C@H](CBr)CN3C(=O)/C=C/c1ccc(OC)cn1.Cl,MAP2K1,IC50,150.0,662.97,3.95,1,False,False,1,MAP2K1,sensitive,0.00456,0.000684
CHEMBL220574,CHEMBL220574,O=C(N[C@@H](CO)c1ccc(F)c(Cl)c1)c1cc(-c2[nH]ncc2-c2cccc(Cl)c2)c[nH]1,MAPK1,Ki,150.0,459.31,4.98,0,False,False,1,MAPK1,sensitive,0.00456,0.000684
CHEMBL376055,CHEMBL376055,CN(CCCc1ccccc1)S(=O)(=O)c1cc(C(=O)N2CCc3ccc(S(=O)(=O)NCCc4ccccc4)cc3C2)c(O)c(O)c1O,MCL1,Ki,150.0,679.82,3.78,1,False,False,1,MCL1,apoptosis,0.001368,0.003192
CHEMBL259034,CHEMBL259034,O=C(c1ccc(Oc2ccccc2)cc1)c1cc(C(=O)c2cccc3ccccc23)c(O)c(O)c1O,MCL1,Ki,150.0,476.48,6.21,1,False,False,1,MCL1,apoptosis,0.001368,0.003192
CHEMBL397739,CHEMBL397739,O=C(C(=O)c1ccc(F)c(F)c1)c1ccc(F)c(F)c1,FOLH1,Ki,150.0,282.19,3.31,0,False,False,1,FOLH1,other,0.00228,0.00228
CHEMBL4240977,CHEMBL4240977,CC(C)(C)c1ccc2c(c1)CCCN2S(=O)(=O)c1ccc(N2CCCC2=O)cc1,MDM2,EC50,152.0,412.56,4.25,0,False,False,1,MDM2,sensitive,0.004545,0.000682
CHEMBL373345,CHEMBL373345,O=C(C(=O)c1ccccn1)c1ccccn1,FOLH1,Ki,152.0,212.21,1.54,0,False,False,1,FOLH1,other,0.002273,0.002273
CHEMBL806,CHEMBL806,CC(C)C(=O)Nc1ccc([N+](=O)[O-])c(C(F)(F)F)c1,AR,IC50,154.0,0.0,0.0,0,False,False,1,AR,sensitive,0.004531,0.00068
CHEMBL247797,CHEMBL247797,CNC(=O)Nc1ccc(CNc2c(C(=O)Nc3ccc(SC(F)(F)F)cc3)cnn2C)cn1,BRAF,IC50,154.0,479.49,4.04,0,False,False,2,BRAF;MAPK1,escape_route,0.001812,0.002719
CHEMBL512092,CHEMBL512092,CC1(C)Cc2nc(N3CCOc4ccc(-c5cn[nH]c5)cc43)sc2C(=O)N1,PIK3CB,IC50,156.0,381.46,3.13,0,False,False,1,PIK3CB,escape_route,0.001807,0.00271
CHEMBL247591,CHEMBL247591,COCCCNc1cc(CNc2ccccc2C(=O)Nc2ccc3c(c2)OC(F)(F)O3)ccn1,BRAF,IC50,156.0,470.48,4.72,0,False,False,1,BRAF,escape_route,0.001807,0.00271
CHEMBL27945,CHEMBL27945,CCC1CCN(C)c2cc3nc(O)cc(C(F)(F)F)c3cc21,AR,EC50,158.0,310.32,4.29,0,False,False,1,AR,sensitive,0.004503,0.000676
CHEMBL4243377,CHEMBL4243377,CCCN(c1ccccc1)S(=O)(=O)c1ccc(N2CCCC2=O)cc1,MDM2,EC50,158.0,358.46,3.42,0,False,False,1,MDM2,sensitive,0.004503,0.000676
CHEMBL424850,CHEMBL424850,COc1cc2c(Nc3ncc(CC(=O)NCCC(C)C)s3)ncnc2cc1OCCCN1CCOCC1,AURKA,IC50,158.0,528.68,3.64,1,False,False,1,AURKA,resistant,0.000901,0.004503
CHEMBL1980407,CHEMBL1980407,NC(COc1cncc(-c2ccc3c(c2)C(=Cc2ccc[nH]2)C(=O)N3)c1)Cc1ccccc1,CDK4,Ki,158.49,436.52,4.52,0,False,False,1,CDK4,sensitive,0.0045,0.000675
CHEMBL388480,CHEMBL388480,c1ccc(-c2nc(N3CCOCC3)c3oc4ncccc4c3n2)cc1,PIK3CA,IC50,160.0,332.36,3.27,0,False,False,1,PIK3CA,escape_route,0.001796,0.002694
CHEMBL1204095,CHEMBL1204095,COc1ccc(O)c(C(=O)c2ccc(/C=C/[C@@H]3CCCNC[C@H]3NC(=O)c3ccncc3)cc2)c1F.Cl,AKT1,IC50,160.0,526.01,3.98,1,False,False,1,AKT1,escape_route,0.001796,0.002694
CHEMBL388978,STAUROSPORINE,CN[C@@H]1C[C@H]2O[C@@](C)([C@@H]1OC)n1c3ccccc3c3c4c(c5c6ccccc6n2c5c31)C(=O)NC4,ATR,Kd,160.0,466.54,4.35,0,False,False,1,ATR,resistant,0.000898,0.00449
CHEMBL384404,CHEMBL384404,CN1C(=O)C[C@H](c2ccccc2)[C@@H]1[C@H](O)c1ccc(S(=O)(=O)c2ccccc2)s1,KRAS,IC50,160.0,427.55,3.63,0,False,False,1,KRAS,escape_route,0.001796,0.002694
CHEMBL221109,CHEMBL221109,O=C(NCc1ccncc1)c1cc(-c2[nH]ncc2-c2cccc(Cl)c2)c[nH]1,MAPK1,Ki,160.0,377.84,4.05,0,False,False,1,MAPK1,sensitive,0.00449,0.000673
CHEMBL427170,CHEMBL427170,CN1CCN(c2ccc(C(=O)Nc3n[nH]c4c3CN(C(=O)c3ccco3)C4)cc2)CC1,AURKA,IC50,160.0,420.47,2.16,0,False,False,1,AURKA,resistant,0.000898,0.00449
CHEMBL204087,CHEMBL204087,CC(C)C(=O)N1Cc2n[nH]c(NC(=O)c3ccc4c(c3)OCO4)c2C1,AURKA,IC50,160.0,342.36,1.89,0,False,False,1,AURKA,resistant,0.000898,0.00449
CHEMBL112370,CHEMBL112370,CC(C)[C@H](NC(=O)OCc1ccccc1)C(=O)N[C@@H](C)C(=O)N[C@@H](CC(=O)O)C(=O)c1ncc(-c2c(Cl)cccc2Cl)o1,CD274,Ki,160.0,633.49,4.25,1,False,False,1,CD274,immune,0.002245,0.002245
CHEMBL422198,CHEMBL422198,CCOC(=O)/C=C/[C@H](C[C@@H]1CCNC1=O)NC(=O)[C@@H]1CCc2ccc(NC(=O)c3cc(C)on3)c(=O)n21,MAP2K1,EC50,162.0,511.54,1.01,1,False,False,1,MAP2K1,sensitive,0.004476,0.000671
CHEMBL382914,CHEMBL382914,CCNc1cc(/C=C/c2cncc(OC[C@@H](N)Cc3c[nH]c4ccccc34)c2)ccn1,AKT1,IC50,163.0,413.53,4.51,0,False,False,1,AKT1,escape_route,0.001788,0.002682
CHEMBL247423,CHEMBL247423,O=C(Nc1ccc2c(c1)OC(F)(F)O2)c1ccccc1NCc1ccnc(NCCOCCO)c1,BRAF,IC50,165.0,486.48,3.69,0,False,False,1,BRAF,escape_route,0.001783,0.002674
CHEMBL192410,CHEMBL192410,O=C(C(=O)c1ccc(F)cc1)c1ccc(F)cc1,FOLH1,Ki,167.0,246.21,3.03,0,False,False,1,FOLH1,other,0.002222,0.002222
CHEMBL3216005,CHEMBL3216005,Cl.Cl.c1cc(OCCN2CCCCC2)cc(-c2nc(N3CCOCC3)c3oc4ncccc4c3n2)c1,PIK3CA,IC50,170.0,532.47,4.14,1,False,False,1,PIK3CA,escape_route,0.00177,0.002654
CHEMBL541133,CHEMBL541133,Cc1ccc([N+](=O)[O-])cc1S(=O)(=O)c1nc(-c2cnc3ccc(Cl)cn23)cs1.Cl,PIK3CB,IC50,170.0,471.35,4.16,0,False,False,1,PIK3CB,escape_route,0.00177,0.002654
CHEMBL539574,CHEMBL539574,COC(=O)c1c(C)[nH]c2c(OC(=O)N3CCN(C)CC3)cc3c(c12)[C@H](CBr)CN3C(=O)/C=C/c1cnc(OC)nc1.Cl,MAP2K1,IC50,170.0,663.96,3.35,1,False,False,1,MAP2K1,sensitive,0.004424,0.000664
CHEMBL220272,CHEMBL220272,O=C(NOCc1ccccc1)c1cc(-c2[nH]ncc2-c2cccc(Cl)c2)c[nH]1,MAPK1,Ki,170.0,392.85,4.59,0,False,False,1,MAPK1,sensitive,0.004424,0.000664
CHEMBL270553,CHEMBL270553,COC[C@H]1OC(=O)/C(=C/N2CCC(c3ccccc3)CC2)C2=C(O)C(=O)C3=C([C@H](OC(C)=O)C[C@]4(C)[C@@H](O)CC[C@@H]34)[C@]21C,PIK3CA,IC50,172.0,591.7,4.13,1,False,False,1,PIK3CA,escape_route,0.001764,0.002647
CHEMBL202787,CHEMBL202787,CNc1cc(/C=C/c2cncc(OC[C@@H](N)Cc3c[nH]c4ccccc34)c2)ccn1,AKT1,IC50,176.0,399.5,4.12,0,False,False,1,AKT1,escape_route,0.001754,0.002632
CHEMBL315788,CHEMBL315788,COc1ccc(-c2nn(CC3CCCCC3)c(C(=O)O)c2Cc2cc3c(cc2Cl)OCO3)cc1,CHEK2,IC50,178.0,482.96,5.81,1,False,False,1,CHEK2,resistant,0.000875,0.004374
CHEMBL379218,CHEMBL379218,Cc1n[nH]c2ccc(-c3cncc(OC[C@@H](N)Cc4ccccc4)c3)cc12,CDK4,Kd,180.0,358.45,3.88,0,False,False,3,CDK4;ATR;MAPK1,sensitive,0.004362,0.000654
CHEMBL51483,CHEMBL51483,Cc1cc2c(C(C)C)c(O)c(O)c(C=O)c2c(O)c1-c1c(C)cc2c(C(C)C)c(O)c(O)c(C=O)c2c1O,MCL1,Ki,180.0,0.0,0.0,0,False,False,1,MCL1,apoptosis,0.001309,0.003053
CHEMBL242932,CHEMBL242932,O=C(C(=O)c1ccc(C(F)(F)F)cc1)c1ccc(C(F)(F)F)cc1,FOLH1,Ki,180.0,346.23,4.79,0,False,False,1,FOLH1,other,0.002181,0.002181
CHEMBL378528,CHEMBL378528,O=C1NC(=O)/C(=C/c2ccc(-c3ccccn3)o2)S1,PIK3CA,IC50,185.0,272.29,2.67,0,False,False,1,PIK3CA,escape_route,0.001733,0.002599
CHEMBL574738,CHEMBL574738,CCN1CCN(Cc2ccc(NC(=O)Nc3ccc(Oc4cc(NC)ncn4)cc3)cc2C(F)(F)F)CC1,CDK4,Kd,190.0,0.0,0.0,0,False,False,2,CDK4;ATR,sensitive,0.004303,0.000645
CHEMBL211173,CHEMBL211173,O=C1NC(=O)/C(=C/c2ccc(-c3ccc(O)cc3O)o2)S1,PIK3CA,IC50,190.0,303.3,2.68,0,False,False,1,PIK3CA,escape_route,0.001721,0.002582
CHEMBL207496,CHEMBL207496,N[C@H](COc1cncc2nc(-c3ccncc3)ccc12)Cc1c[nH]c2ccccc12,AKT1,IC50,190.0,395.47,4.12,0,False,False,1,AKT1,escape_route,0.001721,0.002582
CHEMBL334603,CHEMBL334603,NC(=O)c1cccc2[nH]c(-c3ccccc3C(F)(F)F)nc12,PARP1,Ki,190.0,305.26,3.35,0,False,False,1,PARP1,resistant,0.000861,0.004303
CHEMBL190983,CHEMBL190983,CN1C(=O)C[C@H](c2ccc(N)cc2)[C@@H]1[C@@H](O)c1ccc(-c2ccccc2)s1,KRAS,IC50,190.0,378.5,4.05,0,False,False,1,KRAS,escape_route,0.001721,0.002582
CHEMBL385543,CHEMBL385543,COc1ccccc1[C@H]1CC(=O)N(C)[C@H]1[C@H](O)c1ccc(S(=O)(=O)c2ccc(Cl)cc2)s1,KRAS,IC50,190.0,492.02,4.29,0,False,False,1,KRAS,escape_route,0.001721,0.002582
CHEMBL247619,CHEMBL247619,CNC(=O)Nc1ccc(CNc2c(C(=O)Nc3ccc4c(c3)OC(F)(F)C(F)(F)O4)cnn2C)cn1,BRAF,IC50,191.0,509.42,3.39,1,False,False,2,BRAF;MAPK1,escape_route,0.001719,0.002578
CHEMBL247434,CHEMBL247434,CNC(=O)c1cc(CNc2ncsc2C(=O)Nc2ccc3c(c2)OC(F)(F)C(F)(F)O3)ccn1,BRAF,IC50,192.0,497.43,3.72,0,False,False,1,BRAF,escape_route,0.001717,0.002575
CHEMBL273832,CHEMBL273832,COC[C@H]1OC(=O)c2coc3c2[C@@]1(C)C1=C(C3=O)[C@@H]2CC[C@H](O)[C@@]2(C)C[C@H]1OC(C)=O,MTOR,IC50,193.0,430.45,2.33,0,False,False,1,MTOR,escape_route,0.001714,0.002572
CHEMBL4854762,CHEMBL4854762,Cc1c(Cc2ccccc2)c(-c2cc(Cl)nc(N)n2)nn1C,EZH2,IC50,195.0,313.79,3.01,0,False,False,1,EZH2,resistant,0.000855,0.004275
CHEMBL203329,CHEMBL203329,N[C@H](CCc1cnc(Cl)c(/C=C/c2ccncc2)c1)Cc1c[nH]c2ccccc12,AKT1,IC50,198.0,402.93,5.28,1,False,False,1,AKT1,escape_route,0.001703,0.002555
CHEMBL247435,CHEMBL247435,CNC(=O)c1cc(CNc2c(C(=O)Nc3ccc4c(c3)OC(F)(F)O4)cnn2C)ccn1,BRAF,IC50,199.0,444.4,2.36,0,False,False,1,BRAF,escape_route,0.001701,0.002552
CHEMBL260876,THIOUREA,NC(N)=S,ATM,IC50,200.0,76.12,-0.81,0,False,False,1,ATM,resistant,0.000849,0.004247
CHEMBL322268,CHEMBL322268,O=C(CCn1c2c(c(=O)[nH]c1=O)CCCC2)NCC(=O)N1CCN(c2ccccc2)CC1,PARP1,IC50,200.0,439.52,0.27,0,False,False,1,PARP1,resistant,0.000849,0.004247
CHEMBL220110,CHEMBL220110,O=C(c1cc(-c2[nH]ncc2-c2cccc(Cl)c2)c[nH]1)N1CCCC1,MAPK1,Ki,200.0,340.81,3.96,0,False,False,1,MAPK1,sensitive,0.004247,0.000637
CHEMBL132363,CHEMBL132363,CC1=CC(C)(C)Nc2ccc3c(c21)/C(=C/c1ncccc1C)Oc1ccc(F)cc1-3,AR,IC50,203.0,398.48,6.69,1,False,False,1,AR,sensitive,0.004231,0.000635
CHEMBL365517,CHEMBL365517,O=C(C(=O)c1ccc([N+](=O)[O-])cc1[N+](=O)[O-])c1ccccc1,FOLH1,Ki,209.0,300.23,2.57,0,False,False,1,FOLH1,other,0.0021,0.0021
CHEMBL377152,CHEMBL377152,COC(=O)c1ccc(-c2ccc(/C=C3\SC(=O)NC3=O)o2)c(O)c1,PIK3CA,IC50,210.0,345.33,2.76,0,False,False,1,PIK3CA,escape_route,0.001678,0.002517
CHEMBL206732,CHEMBL206732,N[C@H](CNc1cncc(Oc2cccc3cnccc23)c1)Cc1c[nH]c2ccccc12,AKT1,IC50,210.0,409.49,4.89,0,False,False,1,AKT1,escape_route,0.001678,0.002517
CHEMBL437943,CHEMBL437943,CC1CNC(=O)c2[nH]c3ccc(C(=O)Nc4cccnc4)cc3c21,MAPK1,IC50,210.0,320.35,2.66,0,False,False,1,MAPK1,sensitive,0.004194,0.000629
CHEMBL27413,CHEMBL27413,CCC1CCN(C)c2cc3c(cc21)c(C(F)(F)F)cc(=O)n3C,AR,IC50,216.0,324.35,3.89,0,False,False,1,AR,sensitive,0.004164,0.000625
CHEMBL378999,CHEMBL378999,N#Cc1ccc(O)c(-c2ccc(/C=C3\SC(=O)NC3=O)o2)c1,PIK3CA,IC50,220.0,312.31,2.85,0,False,False,1,PIK3CA,escape_route,0.001658,0.002486
CHEMBL1213084,CHEMBL1213084,Cc1ccccc1-n1c(Cn2nc(-c3cc(O)cc(F)c3)c3c(N)ncnc32)nc2cccc(C)c2c1=O,PIK3CB,IC50,220.0,507.53,4.28,1,False,False,1,PIK3CB,escape_route,0.001658,0.002486
CHEMBL11115,CHEMBL11115,COc1ccc(CC2=C(c3ccc4c(c3)OCO4)C(=O)OC2(O)c2ccc(OC)cc2)cc1,CHEK2,IC50,220.0,446.46,3.83,0,False,False,1,CHEK2,resistant,0.000829,0.004144
CHEMBL360217,CHEMBL360217,CN1C(=O)C[C@H](c2ccc(O)cc2)[C@@H]1[C@@H](O)c1ccc(-c2ccccc2)s1,KRAS,IC50,220.0,379.48,4.17,0,False,False,1,KRAS,escape_route,0.001658,0.002486
CHEMBL235345,CHEMBL235345,O=C1N=C(N[C@@H]2C[C@H]2c2ccccc2)S/C1=C\c1ccc2ncccc2c1,MAPK1,Ki,220.0,371.47,4.35,0,False,False,1,MAPK1,sensitive,0.004144,0.000622
CHEMBL496332,CHEMBL496332,COCC(O)Cn1cc(-c2ccc3c(c2)N(c2nc4c(s2)C(=O)NC(C)(C)C4)CCO3)cn1,PIK3CB,IC50,222.0,469.57,2.61,0,False,False,1,PIK3CB,escape_route,0.001654,0.00248
CHEMBL205088,CHEMBL205088,COc1cc(NC(=O)CCCOc2ccccc2)c(Cl)cc1NC(=O)Nc1cnc(C#N)cn1,CHEK1,IC50,228.0,480.91,4.45,0,False,False,1,CHEK1,resistant,0.000821,0.004105
CHEMBL220343,CHEMBL220343,O=C(NCc1cccnc1)c1cc(-c2[nH]ncc2-c2cccc(Cl)c2)c[nH]1,MAPK1,Ki,230.0,377.84,4.05,0,False,False,1,MAPK1,sensitive,0.004096,0.000614
CHEMBL332551,CHEMBL332551,Nc1nc(C2=C3C(=Nc4ccccc43)C(=O)NCC2)c(O)[nH]1,CHEK1,IC50,237.0,295.3,1.21,0,False,False,2,CHEK1;MAPK1,resistant,0.000813,0.004063
CHEMBL192592,CHEMBL192592,O=C(C(=O)c1ccc(Br)s1)c1ccc(Br)s1,FOLH1,Ki,237.0,380.08,4.4,0,False,False,1,FOLH1,other,0.002032,0.002032
CHEMBL267940,CHEMBL267940,C=CCC1Oc2cccc(C=C)c2-c2ccc3c(c21)C(C)=CC(C)(C)N3,AR,Ki,239.0,343.47,6.61,1,False,False,1,AR,sensitive,0.004054,0.000608
CHEMBL438380,CHEMBL438380,CC[C@H](C)[C@H](NC(=O)[C@H](CC(=O)O)NC(=O)[C@H](CC(C)C)NC(=O)[C@H](Cc1c[nH]cn1)NC(=O)[C@H]1CSSC[C@H](N)C(=O)N[C@@H](CO)C(=O)NCCCCCCCC(=O)N[C@H](C(C)C)C(=O)N[C@@H](Cc2ccc(O)cc2)C(=O)N[C@H](Cc2ccccc2)C(=O)N1)C(=O)N[C@H](C(=O)N[C@@H](Cc1c[nH]c2ccccc12)C(=O)O)[C@@H](C)CC,CHEK2,IC50,240.0,1637.99,0.0,1,False,False,1,CHEK2,resistant,0.00081,0.004049
CHEMBL219988,CHEMBL219988,O=C(NC(CO)c1ccccc1F)c1cc(-c2[nH]ncc2-c2cccc(Cl)c2)c[nH]1,MAPK1,Ki,240.0,424.86,4.33,0,False,False,1,MAPK1,sensitive,0.004049,0.000607
CHEMBL115620,CHEMBL115620,CC(C)[C@H](NC(=O)OCc1ccccc1)C(=O)N[C@@H](C)C(=O)N[C@@H](CC(=O)O)C(=O)c1ncc(-c2ccccc2)o1,CD274,Ki,240.0,564.6,2.94,1,False,False,1,CD274,immune,0.002025,0.002025
CHEMBL207582,CHEMBL207582,COc1cc(NC(=O)CCCc2ccccc2)c(Cl)cc1NC(=O)Nc1cnc(C#N)cn1,CHEK1,IC50,243.0,464.91,4.62,0,False,False,1,CHEK1,resistant,0.000807,0.004036
CHEMBL2181114,CHEMBL2181114,C=C1C(=O)OCC1(C(=O)OCC)C(=O)OCC,ATM,IC50,250.0,242.23,0.21,0,False,False,1,ATM,resistant,0.000801,0.004005
CHEMBL105765,CHEMBL105765,O=C(CCCCCn1c2c(c(=O)[nH]c1=O)CSCC2)NCC(=O)N1CCN(c2ncccn2)CC1,PARP1,IC50,250.0,501.61,0.14,1,False,False,1,PARP1,resistant,0.000801,0.004005
CHEMBL605114,CHEMBL605114,COc1cccc(-c2ccc(/C=C3\SC(=S)N([C@@H](Cc4ccccc4)C(=O)O)C3=O)cn2)c1OC,MCL1,Kd,250.0,506.61,4.66,1,False,False,1,MCL1,apoptosis,0.001202,0.002804
CHEMBL395019,CHEMBL395019,O=C(C(=O)c1cccc(C(F)(F)F)c1)c1cccc(C(F)(F)F)c1,FOLH1,Ki,250.0,346.23,4.79,0,False,False,1,FOLH1,other,0.002003,0.002003
CHEMBL367294,CHEMBL367294,CCC(C(=O)N[C@@H](CC(=O)O)C(=O)CN(C)[C@@H](Cc1ccccc1)C(N)=O)n1cccc(NC(=O)c2ccc3ccccc3c2)c1=O,CD274,Ki,255.0,639.71,2.76,1,False,False,1,CD274,immune,0.001992,0.001992
CHEMBL336169,CHEMBL336169,CC1=CC(C)(C)Nc2ccc3c(c21)/C(=C/c1ccco1)Oc1ccc(F)cc1-3,AR,IC50,258.0,373.43,6.58,1,False,False,1,AR,sensitive,0.003971,0.000596
CHEMBL193180,CHEMBL193180,O=C(C(=O)c1cc(F)c(F)c(F)c1)c1cc(F)c(F)c(F)c1,FOLH1,Ki,259.0,318.17,3.59,0,False,False,1,FOLH1,other,0.001983,0.001983
CHEMBL379218,CHEMBL379218,Cc1n[nH]c2ccc(-c3cncc(OC[C@@H](N)Cc4ccccc4)c3)cc12,MAPK1,Ki,260.0,358.45,3.88,0,False,False,1,MAPK1,sensitive,0.003963,0.000594
CHEMBL113012,CHEMBL113012,CC(C)[C@H](NC(=O)OCc1ccccc1)C(=O)N[C@@H](C)C(=O)N[C@@H](CC(=O)O)C(=O)c1ncc(-c2ccccc2Cl)o1,CD274,Ki,260.0,599.04,3.59,1,False,False,1,CD274,immune,0.001981,0.001981
CHEMBL1084969,CHEMBL1084969,CC(=O)N1CCN(c2ccc(Nc3nccc(-c4sc(N)nc4C)n3)cc2)CC1,CDK4,Ki,264.0,409.52,2.9,0,False,False,1,CDK4,sensitive,0.003946,0.000592
CHEMBL172071,CHEMBL172071,CCS(=O)(=O)NCCOc1nc(C2CC2)nc(NS(=O)(=O)c2ccc(C(C)C)cn2)c1Oc1ccccc1OC,CHEK2,Kd,269.15,591.71,3.79,1,False,False,1,CHEK2,resistant,0.000785,0.003925
CHEMBL454646,CHEMBL454646,CC1CNCC(C(=O)Nc2ncc(SCc3ncc(C(C)(C)C)o3)s2)C1,CDK4,IC50,270.0,394.57,3.91,0,False,False,1,CDK4,sensitive,0.003922,0.000588
CHEMBL205994,CHEMBL205994,N[C@H](CNc1cncc(Nc2cccc3cnccc23)c1)Cc1c[nH]c2ccccc12,AKT1,IC50,270.0,408.51,4.84,0,False,False,1,AKT1,escape_route,0.001569,0.002353
CHEMBL535,CHEMBL535,CCN(CC)CCNC(=O)c1c(C)[nH]c(/C=C2\C(=O)Nc3ccc(F)cc32)c1C,ATR,Kd,270.0,0.0,0.0,0,False,False,1,ATR,resistant,0.000784,0.003922
CHEMBL514046,CHEMBL514046,C[C@]12CC[C@@H]3c4ccc(O)cc4CC[C@H]3[C@@H]1CC[C@@]21CCC(=O)O1,KRAS,IC50,270.0,326.44,4.32,0,False,False,1,KRAS,escape_route,0.001569,0.002353
CHEMBL206198,CHEMBL206198,N[C@H](COc1cc(/C=C/c2ccncc2)cnc1Cl)Cc1c[nH]c2ccccc12,AKT1,IC50,273.0,404.9,4.73,0,False,False,1,AKT1,escape_route,0.001564,0.002346
CHEMBL205415,CHEMBL205415,N[C@@H](Cc1c[nH]c2ccccc12)C(=O)Nc1cncc(/C=C/c2ccncc2)c1,AKT1,IC50,278.0,383.46,3.64,0,False,False,1,AKT1,escape_route,0.001556,0.002334
CHEMBL215584,CHEMBL215584,CN1C(=O)C[C@H](c2ccccc2)[C@@H]1[C@H](O)c1ccc(-c2ccccc2C(F)(F)F)s1,KRAS,IC50,280.0,431.48,5.48,1,False,False,1,KRAS,escape_route,0.001553,0.002329
CHEMBL383104,CHEMBL383104,CCCCNC(=O)N1Cc2n[nH]c(NC(=O)Cc3ccc(N4CCCC4)cc3)c2C1,MAPK1,IC50,280.0,410.52,3.02,0,False,False,1,MAPK1,sensitive,0.003882,0.000582
CHEMBL383254,CHEMBL383254,NCC(c1ccccc1)c1cncc(/C=C/c2ccncc2)c1,AKT1,IC50,284.0,301.39,3.74,0,False,False,1,AKT1,escape_route,0.001547,0.00232
CHEMBL335198,CHEMBL335198,NC(=O)c1cccc2[nH]c(-c3ccc(C(=O)O)cc3)nc12,PARP1,Ki,290.0,281.27,2.03,0,False,False,1,PARP1,resistant,0.000769,0.003844
CHEMBL467394,CHEMBL467394,CC1(C)CC(=O)c2sc(N3CCOc4ccc(-c5cn[nH]c5)cc43)nc2C1,PIK3CB,IC50,298.0,380.47,4.22,0,False,False,1,PIK3CB,escape_route,0.001526,0.002289
CHEMBL449084,CHEMBL449084,COc1ccc(C(=O)CNC(=O)CCn2c3c(c(=O)[nH]c2=O)CCCC3)cc1,PARP1,IC50,300.0,385.42,0.81,0,False,False,1,PARP1,resistant,0.000761,0.003807
CHEMBL364812,CHEMBL364812,CN1C(=O)C[C@H](c2ccccc2)[C@@H]1[C@@H](O)C#Cc1ccccc1Cl,KRAS,IC50,300.0,339.82,3.07,0,False,False,1,KRAS,escape_route,0.001523,0.002284
CHEMBL212754,CHEMBL212754,CN1C(=O)C[C@H](c2ccccc2)[C@@H]1[C@H](O)c1ccc(-c2cccnc2)s1,KRAS,IC50,300.0,364.47,3.86,0,False,False,1,KRAS,escape_route,0.001523,0.002284
CHEMBL411747,CHEMBL411747,CSCC[C@H](NC(=O)[C@H](CCCN=C(N)N)NC(=O)[C@H](CCCN=C(N)N)NC(=O)[C@H](CC(C)C)NC(=O)[C@H](CCC(=O)O)NC(=O)[C@H](CCCN=C(N)N)NC(=O)CNC(=O)[C@H](Cc1ccc(O)cc1)NC(=O)[C@H](CCCN=C(N)N)NC(=O)[C@H](CCC(N)=O)NC(=O)[C@H](C)NC(=O)[C@H](C)NC(=O)[C@H](Cc1c[nH]c2ccccc12)NC(=O)[C@H](CC(C)C)NC(=O)[C@@H](N)CC(N)=O)C(=O)N[C@@H](CO)C(=O)N[C@@H](CC(=O)O)C(=O)N[C@@H](CCC(=O)O)C(=O)N[C@@H](Cc1ccccc1)C(=O)N[C@@H](CCC(=O)O)C(=O)NCC(=O)N[C@@H](CO)C(=O)N[C@@H](Cc1ccccc1)C(=O)N[C@@H](CCCCN)C(=O)NCC(=O)N[C@@H](CC(C)C)C(=O)O,BCL2,IC50,300.0,3117.51,0.0,1,False,False,1,BCL2,apoptosis,0.001142,0.002665
CHEMBL98350,CHEMBL98350,O=c1cc(N2CCOCC2)oc2c(-c3ccccc3)cccc12,PIK3CB,IC50,306.0,0.0,0.0,0,False,False,1,PIK3CB,escape_route,0.001514,0.002271
CHEMBL512834,CHEMBL512834,Cc1ccc(-c2ccc3c(c2)N(c2nc4c(s2)C(=O)CC(C)(C)C4)CCO3)cn1,PIK3CB,IC50,308.0,405.52,5.2,1,False,False,1,PIK3CB,escape_route,0.001511,0.002267
CHEMBL155396,CHEMBL155396,CCCCCC[S+]([O-])CC(=O)C(F)(F)F,FOLH1,IC50,309.03,244.28,2.45,0,False,False,1,FOLH1,other,0.001887,0.001887
CHEMBL259551,CHEMBL259551,Nc1n[nH]c2nnc(-c3c(-c4ccccc4)nn4ccccc34)cc12,MAPK1,Ki,310.0,327.35,2.92,0,False,False,1,MAPK1,sensitive,0.003772,0.000566
CHEMBL258819,CHEMBL258819,O=C(c1ccc(Oc2ccccc2)cc1)c1cc(C(=O)c2nc3ccccc3s2)c(O)c(O)c1O,MCL1,IC50,310.0,483.5,5.67,1,False,False,1,MCL1,apoptosis,0.001131,0.00264
CHEMBL3641916,CHEMBL3641916,C[C@@H](O)Cn1c2cnccc2c2cnc(Nc3ccc(N4CCC(N(C)C)CC4)cn3)nc21,CDK6,IC50,314.0,446.56,3.03,0,False,False,1,CDK6,sensitive,0.003758,0.000564
CHEMBL1213120,CHEMBL1213120,CC(C)n1nc(C#Cc2cccc(O)c2)c2c(N)ncnc21,PIK3CB,IC50,316.0,293.33,2.09,0,False,False,1,PIK3CB,escape_route,0.0015,0.00225
CHEMBL286684,CHEMBL286684,Oc1cc(C(F)(F)F)c2cc3c(cc2n1)NCCC3,AR,EC50,317.0,268.24,3.32,0,False,False,1,AR,sensitive,0.003747,0.000562
CHEMBL205410,CHEMBL205410,N#Cc1cccc(C[C@H](N)COc2cncc(/C=C/c3ccncc3)c2)c1,AKT1,IC50,320.0,356.43,3.47,0,False,False,1,AKT1,escape_route,0.001495,0.002242
CHEMBL1766765,CHEMBL1766765,N#Cc1ccccc1-c1cnc(N)c(C(=O)Nc2ccccc2)n1,ATM,IC50,320.0,315.34,2.85,0,False,False,1,ATM,resistant,0.000747,0.003737
CHEMBL188755,CHEMBL188755,CN1C(=O)C[C@H](c2ccccc2)[C@@H]1[C@@H](O)C#Cc1ccccc1F,KRAS,IC50,320.0,323.37,2.55,0,False,False,1,KRAS,escape_route,0.001495,0.002242
CHEMBL215897,CHEMBL215897,Cc1cc(-c2ccccc2)c([C@@H](O)[C@H]2[C@@H](c3ccccc3)CC(=O)N2C)s1,KRAS,IC50,320.0,377.51,4.77,0,False,False,1,KRAS,escape_route,0.001495,0.002242
CHEMBL371270,CHEMBL371270,COc1ccc2c(c1)Oc1ncnc(Nc3cnc(NC(=O)c4cccc(F)c4)nc3)c1NC2,AURKA,IC50,320.0,459.44,4.13,0,False,False,1,AURKA,resistant,0.000747,0.003737
CHEMBL51483,CHEMBL51483,Cc1cc2c(C(C)C)c(O)c(O)c(C=O)c2c(O)c1-c1c(C)cc2c(C(C)C)c(O)c(O)c(C=O)c2c1O,BCL2,Ki,320.0,0.0,0.0,0,False,False,2,BCL2;MCL1,apoptosis,0.001121,0.002616
CHEMBL205871,CHEMBL205871,N[C@H](COc1cncc(/C=C/c2ccncc2)c1)Cc1cccc2ccccc12,AKT1,IC50,324.0,381.48,4.75,0,False,False,1,AKT1,escape_route,0.001489,0.002234
CHEMBL467395,CHEMBL467395,Cc1nc(-c2ccc3c(c2)N(c2nc4c(s2)C(=O)NC(C)(C)C4)CCO3)c[nH]1,PIK3CB,IC50,325.0,395.49,3.44,0,False,False,1,PIK3CB,escape_route,0.001488,0.002232
CHEMBL4866319,CHEMBL4866319,Cc1c(Cn2cccn2)c(-c2cc(Cl)nc(N)n2)nn1C,EZH2,IC50,325.0,303.76,1.67,0,False,False,1,EZH2,resistant,0.000744,0.00372
CHEMBL378800,CHEMBL378800,CCC(C)C(C(=O)Nc1cc(OC)c(NC(=O)Nc2cnc(C#N)cn2)cc1Cl)c1ccccc1,CHEK1,IC50,328.0,492.97,5.42,1,False,False,1,CHEK1,resistant,0.000742,0.00371
CHEMBL208652,CHEMBL208652,O=C1NC(=O)/C(=C/c2ccc(-c3ccccc3O)o2)S1,PIK3CA,IC50,330.0,287.3,2.98,0,False,False,1,PIK3CA,escape_route,0.001481,0.002222
CHEMBL212862,CHEMBL212862,CN1C(=O)C[C@H](c2ccccc2)[C@@H]1[C@H](O)c1ccc(Sc2ccccc2)s1,KRAS,IC50,330.0,395.55,4.95,0,False,False,1,KRAS,escape_route,0.001481,0.002222
CHEMBL373448,CHEMBL373448,O=C(NCCc1cccnc1)c1cc(-c2[nH]ncc2-c2cccc(Cl)c2)c[nH]1,MAPK1,Ki,330.0,391.86,4.09,0,False,False,1,MAPK1,sensitive,0.003704,0.000556
CHEMBL199765,CHEMBL199765,COc1ccc2c(c1)Oc1ncnc(Nc3cnc(NC(=O)c4ccc(F)cc4)nc3)c1NC2,AURKA,IC50,330.0,459.44,4.13,0,False,False,1,AURKA,resistant,0.000741,0.003704
CHEMBL348495,CHEMBL348495,CC1(C)C(=O)N(c2ccc(C#N)c(C(F)(F)F)c2)C(=O)N1CCOCCOCCOCc1ccc(O)c(C(N)=O)c1,AR,IC50,332.0,578.54,3.18,1,False,False,1,AR,sensitive,0.003697,0.000555
CHEMBL504616,CHEMBL504616,Cn1cc(-c2ccc3c(c2)N(c2nc4c(s2)C(=O)CC(C)(C)C4)CCO3)cn1,PIK3CB,IC50,336.0,394.5,4.23,0,False,False,1,PIK3CB,escape_route,0.001474,0.00221
CHEMBL1084454,CHEMBL1084454,Cc1nc(C)c(-c2ccnc(Nc3ccc(N)cc3)n2)s1,CDK4,Ki,337.0,297.39,3.54,0,False,False,1,CDK4,sensitive,0.003681,0.000552
CHEMBL68215,CHEMBL68215,Oc1ccc(-c2[nH]c(-c3ccccc3)nc2-c2ccncc2)cc1,BRAF,IC50,339.0,313.36,4.51,0,False,False,1,BRAF,escape_route,0.00147,0.002205
CHEMBL3641908,CHEMBL3641908,CN(C)C1CCN(c2ccc(Nc3ncc4c5ccncc5n([C@@H]5CCNC5)c4n3)nc2)CC1,CDK6,IC50,340.0,457.59,3.18,0,False,False,1,CDK6,sensitive,0.003671,0.000551
CHEMBL209159,CHEMBL209159,O=C1NC(=O)/C(=C/c2ccc(-c3cc(F)cc(F)c3O)s2)S1,PIK3CA,IC50,340.0,339.34,3.72,0,False,False,1,PIK3CA,escape_route,0.001469,0.002203
CHEMBL393525,CHEMBL393525,Cc1ccc([N+](=O)[O-])cc1S(=O)(=O)N(C)/N=C/c1cnc2ccc(Br)cn12,PIK3CB,IC50,340.0,452.29,2.97,0,False,False,1,PIK3CB,escape_route,0.001469,0.002203
CHEMBL215743,CHEMBL215743,COc1cccc(-c2ccc([C@@H](O)[C@H]3[C@@H](c4ccccc4)CC(=O)N3C)s2)c1,KRAS,IC50,340.0,393.51,4.47,0,False,False,1,KRAS,escape_route,0.001469,0.002203
CHEMBL259033,CHEMBL259033,CC(C)C(=O)c1cc(C(=O)c2ccc(Oc3ccccc3)cc2)c(O)c(O)c1O,MCL1,Ki,340.0,392.41,4.67,0,False,False,1,MCL1,apoptosis,0.001101,0.00257
CHEMBL4864843,CHEMBL4864843,Cn1cc(Cc2ccc(F)cc2)c(-c2cc(Cl)nc(N)n2)n1,EZH2,IC50,342.0,317.75,2.84,0,False,False,1,EZH2,resistant,0.000733,0.003665
CHEMBL347556,CHEMBL347556,CC1(C)C(=O)N(c2ccc(C#N)c(C(F)(F)F)c2)C(=O)N1CCOCCN1CCN(CCOCc2ccc(O)c(C(N)=O)c2)CC1,AR,IC50,346.0,646.67,2.78,1,False,False,1,AR,sensitive,0.003652,0.000548
CHEMBL1083150,CHEMBL1083150,CNc1ccc(Nc2nccc(-c3sc(C)nc3C)n2)cc1,CDK4,Ki,348.0,311.41,4.0,0,False,False,1,CDK4,sensitive,0.003646,0.000547
CHEMBL215205,CHEMBL215205,Nc1n[nH]c(N)c1/N=N/c1ccc(O)cc1,CDK4,IC50,350.0,218.22,1.7,0,False,False,1,CDK4,sensitive,0.00364,0.000546
CHEMBL265164,CHEMBL265164,CC[C@H](C)[C@H](NC(=O)[C@H](CC(=O)O)NC(=O)[C@H](CC(C)C)NC(=O)[C@H](Cc1c[nH]cn1)NC(=O)[C@H]1CSSC[C@H](N)C(=O)N[C@@H](CO)C(=O)NCCCCC(=O)N[C@H](C(C)C)C(=O)N[C@@H](Cc2ccc(O)cc2)C(=O)N[C@H](Cc2ccccc2)C(=O)N1)C(=O)N[C@H](C(=O)N[C@@H](Cc1c[nH]c2ccccc12)C(=O)O)[C@@H](C)CC,CHEK2,IC50,350.0,1595.91,0.0,1,False,False,1,CHEK2,resistant,0.000728,0.00364
CHEMBL4867202,CHEMBL4867202,COc1cccc(Cc2cn(C)nc2-c2cc(Cl)nc(N)n2)c1,EZH2,IC50,351.0,329.79,2.71,0,False,False,1,EZH2,resistant,0.000727,0.003637
CHEMBL365392,CHEMBL365392,O=C(C(=O)c1ccccc1Cl)c1ccccc1Cl,FOLH1,Ki,353.0,279.12,4.06,0,False,False,1,FOLH1,other,0.001815,0.001815
CHEMBL384575,CHEMBL384575,CO[C@H](C(=O)N1Cc2[nH]nc(NC(=O)c3ccc(N4CCN(C)CC4)cc3)c2C1)c1ccccc1,AURKA,IC50,354.0,474.57,2.64,0,False,False,1,AURKA,resistant,0.000725,0.003627
CHEMBL496567,CHEMBL496567,CC(C)(C)c1cnc(CSc2cnc(N[C@H]3CC[C@H](N)CC3)s2)o1,CDK4,IC50,355.0,366.56,4.4,0,False,False,1,CDK4,sensitive,0.003624,0.000544
CHEMBL1202525,CHEMBL1202525,COc1ccc(O)c(C(=O)c2ccc(CO[C@@H]3CCCNCC3NC(=O)c3ccncc3)cc2)c1F.Cl.Cl,AKT1,IC50,355.0,566.46,3.23,1,False,False,1,AKT1,escape_route,0.00145,0.002175
CHEMBL381808,CHEMBL381808,N[C@@H](COc1cncc(/C=C/c2ccncc2)c1)Cc1c[nH]c2ccccc12,AKT1,IC50,360.0,370.46,4.08,0,False,False,1,AKT1,escape_route,0.001444,0.002166
CHEMBL171950,CHEMBL171950,CCCS(=O)(=O)NCCOc1nc(C2CC2)nc(NS(=O)(=O)c2ccc(C(C)C)cn2)c1Oc1ccccc1OC,CHEK2,Kd,363.08,605.74,4.18,1,False,False,1,CHEK2,resistant,0.00072,0.0036
CHEMBL454645,CHEMBL454645,CC1CCC(C(=O)Nc2ncc(SCc3ncc(C(C)(C)C)o3)s2)CN1,CDK4,IC50,370.0,394.57,4.05,0,False,False,1,CDK4,sensitive,0.003579,0.000537
CHEMBL361081,CHEMBL361081,CN1C(=O)C[C@H](c2ccccc2)[C@@H]1[C@@H](O)C#Cc1cccc(N)c1,KRAS,IC50,370.0,320.39,2.0,0,False,False,1,KRAS,escape_route,0.001432,0.002148
CHEMBL512648,CHEMBL512648,CC1(C)CC(=O)c2sc(N3CCOc4ccc(-c5cccnc5)cc43)nc2C1,PIK3CB,IC50,376.0,391.5,4.89,0,False,False,1,PIK3CB,escape_route,0.001425,0.002137
CHEMBL1766801,CHEMBL1766801,CS(=O)(=O)c1ccc(-c2cnc(N)c(-c3nc4ccccc4[nH]3)n2)cc1,ATM,IC50,380.0,365.42,2.67,0,False,False,1,ATM,resistant,0.00071,0.003551
CHEMBL386312,CHEMBL386312,CN1C(=O)C[C@H](c2ccccc2)[C@@H]1[C@H](O)c1ccc(-c2ccc(C(=O)O)cc2)s1,KRAS,IC50,380.0,407.49,4.16,0,False,False,1,KRAS,escape_route,0.00142,0.00213
CHEMBL380946,CHEMBL380946,CCCCNC(=O)N1Cc2n[nH]c(NC(=O)[C@@H](C)c3ccc4ccccc4c3)c2C1,MAPK1,IC50,380.0,405.5,4.13,0,False,False,1,MAPK1,sensitive,0.003551,0.000533
CHEMBL270268,CHEMBL270268,CC(C)c1cc(C(=O)c2ccc(Oc3ccccc3)cc2)c(O)c(O)c1O,MCL1,Ki,380.0,364.4,4.95,0,False,False,1,MCL1,apoptosis,0.001065,0.002485
CHEMBL195713,CHEMBL195713,O=C(C(=O)c1c(Cl)c(Cl)c(Cl)c(Cl)c1Cl)c1c(F)c(F)c(F)c(F)c1F,FOLH1,Ki,380.0,472.41,6.71,1,False,False,1,FOLH1,other,0.001775,0.001775
CHEMBL272197,CHEMBL272197,CCN(/C=C1/C(=O)O[C@H](COC)[C@@]2(C)C1=C(O)C(=O)C1=C2[C@H](OC(C)=O)C[C@]2(C)[C@@H](O)CC[C@@H]12)CC,PIK3CA,IC50,382.0,503.59,2.59,1,False,False,1,PIK3CA,escape_route,0.001418,0.002127
CHEMBL5219159,CHEMBL5219159,Cn1cc(Cc2cccc(Cl)c2)c(-c2cc(Cl)nc(N)n2)n1,EZH2,IC50,389.0,334.21,3.36,0,False,False,1,EZH2,resistant,0.000705,0.003525
CHEMBL439514,CHEMBL439514,CC(C)NC(=O)N1Cc2n[nH]c(NC(=O)c3ccc4c(c3)OCO4)c2C1,AURKA,IC50,390.0,357.37,1.82,0,False,False,1,AURKA,resistant,0.000704,0.003522
CHEMBL4874288,CHEMBL4874288,Cn1cc(Cc2cccc(F)c2)c(-c2cc(Cl)nc(N)n2)n1,EZH2,IC50,392.0,317.75,2.84,0,False,False,1,EZH2,resistant,0.000703,0.003517
CHEMBL382590,ANILINOQUINAZOLINE1,COc1cc2ncnc(Nc3ccc(NC(=O)c4ccccc4)cc3)c2cc1OC,AURKA,IC50,393.0,400.44,4.64,0,False,False,1,AURKA,resistant,0.000703,0.003514
CHEMBL498200,CHEMBL498200,Nc1nccc(-c2cc3c([nH]2)C(CCC(F)(F)F)CNC3=O)n1,CDK4,IC50,395.0,325.29,2.22,0,False,False,1,CDK4,sensitive,0.003509,0.000526
CHEMBL172549,CHEMBL172549,CCC(C(=O)NC(CC(=O)O)C(=O)Cn1ccc(=O)cc1)n1cccc(NC(=O)c2ccc3ccccc3c2)c1=O,CD274,Ki,395.0,556.58,2.6,1,False,False,1,CD274,immune,0.001754,0.001754
CHEMBL191796,CHEMBL191796,O=C(C(=O)c1cccc([N+](=O)[O-])c1)c1cccc([N+](=O)[O-])c1,FOLH1,Ki,397.0,300.23,2.57,0,False,False,1,FOLH1,other,0.001752,0.001752
CHEMBL1973013,CHEMBL1973013,Cc1cnc(Nc2nc(NC(C)C)ncc2Br)s1,CDK4,Ki,398.11,328.24,3.57,0,False,False,1,CDK4,sensitive,0.0035,0.000525
CHEMBL390623,CHEMBL390623,Oc1ccccc1-c1nc(N2CCOCC2)c2oc3ncccc3c2n1,PIK3CA,IC50,400.0,348.36,2.98,0,False,False,1,PIK3CA,escape_route,0.001398,0.002097
CHEMBL2143829,CHEMBL2143829,COc1cc2ncnc(-n3nc(-c4ccccn4)nc3N)c2cc1OC,ATM,IC50,400.0,349.35,1.87,0,False,False,1,ATM,resistant,0.000699,0.003495
CHEMBL110681,CHEMBL110681,CN(CC(=O)c1ccc2ccccc2c1)C(=O)CCn1c2c(c(=O)[nH]c1=O)CCCC2,PARP1,IC50,400.0,419.48,2.3,0,False,False,1,PARP1,resistant,0.000699,0.003495
CHEMBL188290,CHEMBL188290,CN1C(=O)C[C@H](c2ccccc2)[C@@H]1[C@@H](O)c1cccs1,KRAS,IC50,400.0,287.38,2.8,0,False,False,1,KRAS,escape_route,0.001398,0.002097
CHEMBL89223,CHEMBL89223,Nc1nc(=O)n([C@@H]2C=C[C@H](CO)S2)cc1F,MAP2K1,IC50,400.0,243.26,0.13,0,False,False,1,MAP2K1,sensitive,0.003495,0.000524
CHEMBL389660,CHEMBL389660,Cc1oc2c(CC(C)C)c(O)c(O)c(O)c2c(=O)c1-c1ccccc1,MCL1,Ki,400.0,340.38,4.08,0,False,False,1,MCL1,apoptosis,0.001048,0.002446
CHEMBL1082152,CHEMBL1082152,Cn1cc(C2=C(c3cccc(NCC(O)CO)c3)C(=O)NC2=O)c2cc(F)ccc21,CDK4,Kd,410.0,409.42,1.65,0,False,False,1,CDK4,sensitive,0.003468,0.00052
CHEMBL173528,CHEMBL173528,CCC(C(=O)NC(CC(=O)O)C(=O)CN1CCNCC1)n1cccc(NC(=O)c2ccc3ccccc3c2)c1=O,CD274,Ki,410.0,547.61,1.64,1,False,False,1,CD274,immune,0.001734,0.001734
CHEMBL409227,CHEMBL409227,CSCC[C@H](NC(=O)[C@H](CCCN=C(N)N)NC(=O)[C@H](CCCN=C(N)N)NC(=O)[C@H](CC(C)C)NC(=O)[C@H](CCC(=O)O)NC(=O)[C@H](CCCN=C(N)N)NC(=O)CNC(=O)[C@H](Cc1ccc(O)cc1)NC(=O)[C@H](CCCN=C(N)N)NC(=O)[C@H](CCC(N)=O)NC(=O)[C@H](C)NC(=O)[C@H](C)NC(=O)[C@H](C)NC(=O)[C@H](CC(C)C)NC(=O)[C@@H](C)CC(N)=O)C(=O)N[C@@H](CO)C(=O)N[C@@H](CC(=O)O)C(=O)N[C@@H](CCC(=O)O)C(=O)N[C@@H](Cc1ccccc1)C(=O)N[C@@H](CCC(=O)O)C(=O)NCC(=O)N[C@@H](CO)C(=O)N[C@@H](Cc1ccccc1)C(=O)N[C@@H](CCCCN)C(=O)NCC(=O)N[C@@H](CC(C)C)C(=O)O,BCL2,IC50,410.0,3001.38,0.0,1,False,False,1,BCL2,apoptosis,0.00104,0.002428
CHEMBL1610008,CHEMBL1610008,O=C(O)c1ccc(N2C(=O)/C(=C/c3ccc(-c4ccc([N+](=O)[O-])cc4)o3)C=C2c2ccccc2)cc1,MCL1,IC50,416.66,478.46,6.02,1,False,False,1,MCL1,apoptosis,0.001035,0.002415
CHEMBL188252,CHEMBL188252,CN1C(=O)C[C@H](c2ccccc2)[C@@H]1[C@@H](O)c1cccc(-c2ccccc2)c1,KRAS,IC50,420.0,357.45,4.4,0,False,False,1,KRAS,escape_route,0.001377,0.002065
CHEMBL188447,CHEMBL188447,CN1C(=O)C[C@H](c2ccccc2)[C@@H]1[C@@H](O)C#Cc1ccccc1,KRAS,IC50,430.0,305.38,2.41,0,False,False,1,KRAS,escape_route,0.001367,0.00205
CHEMBL219683,CHEMBL219683,O=C(NCC1CCCO1)c1cc(-c2[nH]ncc2-c2cccc(Cl)c2)c[nH]1,MAPK1,Ki,430.0,370.84,3.63,0,False,False,1,MAPK1,sensitive,0.003416,0.000512
CHEMBL272265,CHEMBL272265,N#CCc1ccc(-n2cnc3cnc4ccc(C#Cc5cccnc5)cc4c32)cc1,PIK3CB,IC50,432.0,385.43,4.43,0,False,False,1,PIK3CB,escape_route,0.001365,0.002047
CHEMBL3210158,CHEMBL3210158,CCCCN(CC)CC/N=c1/c(N2CCN(C(=O)OCC)CC2)c(O)c1=O,MCL1,IC50,433.42,380.49,0.93,0,False,False,1,MCL1,apoptosis,0.001022,0.002385
CHEMBL5219933,CHEMBL5219933,COC(=O)c1cccc(Cc2cn(C)nc2-c2cc(Cl)nc(N)n2)c1,EZH2,IC50,436.0,357.8,2.49,0,False,False,1,EZH2,resistant,0.00068,0.003401
CHEMBL335996,CHEMBL335996,COc1ccccc1/C=C1\Oc2ccc(F)cc2-c2ccc3c(c21)C(C)=CC(C)(C)N3,AR,Ki,439.0,413.49,7.0,1,False,False,1,AR,sensitive,0.003394,0.000509
CHEMBL88019,CHEMBL88019,O=C(O)c1cc(Cn2nc(-c3ccccc3)c(Cc3cc4c(cc3Cl)OCO4)c2C(=O)O)on1,CHEK2,IC50,440.0,481.85,3.96,0,False,False,1,CHEK2,resistant,0.000678,0.003391
CHEMBL188676,CHEMBL188676,CN1C(=O)C[C@H](c2ccccc2)[C@@H]1[C@@H](O)c1ccc(Cl)c(Cl)c1,KRAS,IC50,440.0,350.25,4.04,0,False,False,1,KRAS,escape_route,0.001357,0.002035
CHEMBL373797,CHEMBL373797,CN(Cc1ccccc1)C(=O)c1cc(-c2[nH]ncc2-c2cccc(Cl)c2)c[nH]1,MAPK1,Ki,440.0,390.87,5.0,0,False,False,1,MAPK1,sensitive,0.003391,0.000509
CHEMBL204555,CHEMBL204555,Cc1ccc(C(=O)Nc2[nH]nc3c2CN(C(=O)c2cccc4cccnc24)C3)cc1,AURKA,IC50,440.0,397.44,3.67,0,False,False,1,AURKA,resistant,0.000678,0.003391
CHEMBL458328,CHEMBL458328,CCCCCC#CCC#CCC#CCC#CCCCC(=O)O,MCL1,IC50,441.49,296.41,4.01,0,False,False,1,MCL1,apoptosis,0.001016,0.002371
CHEMBL201597,CHEMBL201597,COc1cc(-c2ccc3c(c2)NC(=O)/C3=C\c2c[nH]c3nc(C#N)ccc23)ccc1O,CHEK1,IC50,445.0,408.42,4.31,0,False,False,1,CHEK1,resistant,0.000676,0.003379
CHEMBL270638,CHEMBL270638,Cc1nc2cnc3ccc(C#Cc4cccnc4)cc3c2n1-c1ccc(C(C)C#N)cc1,PIK3CB,IC50,446.0,413.48,5.3,1,False,False,1,PIK3CB,escape_route,0.001351,0.002026
CHEMBL1083785,CHEMBL1083785,CNc1nc(C)c(-c2ccnc(Nc3ccc(N4CCN(C(C)=O)CC4)cc3)n2)s1,CDK4,Ki,448.0,423.55,3.36,0,False,False,1,CDK4,sensitive,0.003372,0.000506
CHEMBL247619,CHEMBL247619,CNC(=O)Nc1ccc(CNc2c(C(=O)Nc3ccc4c(c3)OC(F)(F)C(F)(F)O4)cnn2C)cn1,MAPK1,IC50,448.0,509.42,3.39,1,False,False,1,MAPK1,sensitive,0.003372,0.000506
CHEMBL1366030,CHEMBL1366030,COc1ccccc1Nc1nc(-c2sc(NC(=O)c3ccc([N+](=O)[O-])cc3)nc2C)cs1,MCL1,IC50,449.41,467.53,5.49,1,False,False,1,MCL1,apoptosis,0.001011,0.002358
CHEMBL449049,CHEMBL449049,CC1(C)Cc2nc(N3CCOCC3)sc2C(=O)N1,PIK3CB,IC50,450.0,267.35,1.04,0,False,False,1,PIK3CB,escape_route,0.001347,0.00202
CHEMBL58905,CHEMBL58905,COc1ccc(Nc2nc(Nc3ccc(C(=O)O)cc3)ncc2Br)cc1,CHEK1,IC50,450.0,415.25,4.43,0,False,False,1,CHEK1,resistant,0.000673,0.003367
CHEMBL105925,CHEMBL105925,O=C(CCn1c2c(c(=O)[nH]c1=O)CCCC2)NCC(=O)c1ccccc1,PARP1,IC50,450.0,355.39,0.8,0,False,False,1,PARP1,resistant,0.000673,0.003367
CHEMBL469202,CHEMBL469202,Cc1ccc(-c2ccc3c(c2)N(c2nc4c(s2)C(=O)NC(C)(C)C4)CCO3)cn1,PIK3CB,IC50,452.0,406.51,4.11,0,False,False,1,PIK3CB,escape_route,0.001345,0.002017
CHEMBL217748,CHEMBL217748,C[C@H](C(=O)N1Cc2[nH]nc(NC(=O)c3ccc(N4CCN(C)CC4)cc3)c2C1)c1ccccc1,AURKA,IC50,452.0,458.57,3.06,0,False,False,1,AURKA,resistant,0.000672,0.003362
CHEMBL377175,CHEMBL377175,O=C1NC(=O)/C(=C/c2ccc(-c3cc(F)ccc3O)o2)S1,PIK3CA,IC50,455.0,305.29,3.12,0,False,False,1,PIK3CA,escape_route,0.001342,0.002013
CHEMBL1330018,CHEMBL1330018,CN(C)c1ccc(NC(=O)Nc2ccc3snnc3c2)cc1,MCL1,IC50,455.14,313.39,3.4,0,False,False,1,MCL1,apoptosis,0.001006,0.002348
CHEMBL296468,CHEMBL296468,CC(C)(C)c1cnc(CSc2cnc(NC(=O)C3CCNCC3)s2)o1,CDK4,IC50,458.0,0.0,0.0,0,False,False,2,CDK4;ATR,sensitive,0.003348,0.000502
CHEMBL5220308,CHEMBL5220308,Nc1nc(Cl)cc(-c2nn(C(F)(F)F)cc2Cc2ccccc2)n1,EZH2,IC50,469.0,353.74,3.64,0,False,False,1,EZH2,resistant,0.000664,0.003322
CHEMBL191003,JNJ-7706621,Nc1nc(Nc2ccc(S(N)(=O)=O)cc2)nn1C(=O)c1c(F)cccc1F,CDK4,Kd,470.0,394.36,1.22,0,False,False,1,CDK4,sensitive,0.00332,0.000498
CHEMBL502835,CHEMBL502835,COC(=O)c1ccc2c(c1)NC(=O)/C2=C(\Nc1ccc(N(C)C(=O)CN2CCN(C)CC2)cc1)c1ccccc1,ATR,Kd,470.0,0.0,0.0,0,False,False,1,ATR,resistant,0.000664,0.00332
CHEMBL439512,CHEMBL439512,COc1cc2c(cc1OC)Oc1ncnc(Nc3cnc(NC(=O)c4ccccc4)nc3)c1NC2,AURKA,IC50,470.0,471.48,4.0,0,False,False,1,AURKA,resistant,0.000664,0.00332
CHEMBL1272224,CHEMBL1272224,CC1=C(C2=C(C)C(=O)c3c(cc(O)c(O)c3CC(C)C)C2=O)C(=O)c2cc(O)c(O)c(CC(C)C)c2C1=O,MCL1,IC50,470.0,518.56,5.0,1,False,False,1,MCL1,apoptosis,0.000996,0.002324
CHEMBL202502,CHEMBL202502,COc1cc2c(Nc3ncc(CC(=O)Nc4cccc(F)c4)o3)ncnc2cc1OCCCN1CCOCC1,AURKA,IC50,472.0,536.56,3.79,1,False,False,1,AURKA,resistant,0.000663,0.003315
CHEMBL1540071,CHEMBL1540071,CCCCOC(=O)Nc1ccc(N(C)C)cc1,MCL1,IC50,473.03,236.31,3.1,0,False,False,1,MCL1,apoptosis,0.000994,0.002319
CHEMBL482967,CHEMBL482967,Cc1nc(N)sc1-c1ccnc(Nc2ccc(N3CCOCC3)cc2)n1,CDK4,Ki,480.0,0.0,0.0,0,False,False,1,CDK4,sensitive,0.003297,0.000495
CHEMBL189767,CHEMBL189767,CN1C(=O)C[C@H](c2ccccc2)[C@@H]1[C@@H](O)C#Cc1ccc(F)cc1,KRAS,IC50,480.0,323.37,2.55,0,False,False,1,KRAS,escape_route,0.001319,0.001978
CHEMBL212131,CHEMBL212131,CN1C(=O)C[C@H](c2ccccc2)[C@@H]1[C@H](O)c1ccc(-c2ccc(O)cc2)s1,KRAS,IC50,480.0,379.48,4.17,0,False,False,1,KRAS,escape_route,0.001319,0.001978
CHEMBL380159,CHEMBL380159,CN1C(=O)C[C@H](c2cccc(F)c2)[C@@H]1[C@H](O)c1ccc(-c2ccc(F)cc2)s1,KRAS,IC50,480.0,399.46,4.74,0,False,False,1,KRAS,escape_route,0.001319,0.001978
CHEMBL478425,CHEMBL478425,CC1(C)CC(=O)c2sc(N3CCOCC3Cc3c[nH]c4ncccc34)nc2C1,PIK3CB,IC50,481.0,396.52,3.62,0,False,False,1,PIK3CB,escape_route,0.001318,0.001977
CHEMBL223471,CHEMBL223471,COc1ccc(CNC(=O)c2cc(-c3[nH]ncc3-c3cccc(Cl)c3)c[nH]2)cc1,MAPK1,Ki,490.0,406.87,4.66,0,False,False,1,MAPK1,sensitive,0.003275,0.000491
CHEMBL377104,CHEMBL377104,Cc1ccc(O)c(-c2ccc(/C=C3\SC(=O)NC3=O)o2)c1,PIK3CA,IC50,500.0,301.32,3.28,0,False,False,1,PIK3CA,escape_route,0.001301,0.001952
CHEMBL204012,CHEMBL204012,Cn1cc(C[C@H](N)COc2cncc(/C=C/c3ccncc3)c2)c2ccccc21,AKT1,IC50,500.0,384.48,4.09,0,False,False,1,AKT1,escape_route,0.001301,0.001952
CHEMBL4554744,CHEMBL4554744,C=CC(=O)Nc1cccc(C(=O)N2CCC(NC(=O)c3n[nH]cc3NC(=O)c3c(Cl)cccc3Cl)CC2)c1.O=C(O)C(F)(F)F,ATR,IC50,500.0,669.44,4.13,1,False,False,1,ATR,resistant,0.000651,0.003253
CHEMBL4534124,CHEMBL4534124,CN(C)C/C=C/C(=O)Nc1cccc(CN2CCC(NC(=O)c3n[nH]cc3NC(=O)c3c(Cl)cccc3Cl)CC2)c1.O=C(O)C(F)(F)F,ATR,IC50,500.0,712.56,4.42,1,False,False,1,ATR,resistant,0.000651,0.003253
CHEMBL274383,PD-155080,COc1ccc(C2(O)OC(=O)C(c3ccc4c(c3)OCO4)=C2Cc2ccccc2)cc1,CHEK2,IC50,500.0,416.43,3.82,0,False,False,1,CHEK2,resistant,0.000651,0.003253
