gene,patient
TP53,37.2
TTN,20.6
MUC16,15.5
AR,13.6
SYNE1,11.5
CSMD3,9.8
FOXA1,9.4
KMT2C,9.1
KMT2D,8.4
AHNAK2,8.2
BRCA2,8.0
USH2A,7.3
HMCN1,7.3
APC,7.0
CACNA1E,6.8
OBSCN,6.8
PLEC,6.6
RYR1,6.3
PTEN,6.3
LRP1B,6.3
DCHS2,6.3
MUC4,6.1
CDK12,6.1
FAT3,6.1
RYR2,5.9
MACF1,5.9
SPOP,5.9
ABCA13,5.9
ATM,5.9
RYR3,5.9
MUC17,5.6
TENM3,5.6
ANK2,5.6
LRP2,5.4
CSMD1,5.4
ZFHX3,5.2
DST,5.2
FAT4,5.2
FCGBP,5.2
PKHD1,5.2
ZFHX4,5.2
DNAH3,4.9
SYNE2,4.9
ANK3,4.9
MYO15A,4.9
SCN5A,4.9
PCLO,4.9
NEB,4.7
FREM2,4.7
GRIN2A,4.7
MUC5B,4.7
CTNNB1,4.4
DNAH11,4.4
DNAH2,4.4
LRRK2,4.4
SPEG,4.2
MUC2,4.2
EPPK1,4.2
VCAN,4.2
FSIP2,4.2
DNAH10,4.2
PKD1L1,4.2
DCHS1,4.2
CACNA1I,4.0
CSMD2,4.0
ASPM,4.0
SPTA1,4.0
DNAH8,4.0
HECTD4,4.0
TG,4.0
CPS1,4.0
VPS13B,4.0
PKHD1L1,3.7
FLG,3.7
XIRP2,3.7
BSN,3.7
WDR87,3.7
AHNAK,3.7
PCDH15,3.7
FNDC1,3.7
DYNC1H1,3.7
RB1,3.7
FLG2,3.7
MGA,3.7
PDE4DIP,3.5
EYS,3.5
HSPG2,3.5
APOB,3.5
WDFY4,3.5
FBN2,3.5
FAM186A,3.5
COL12A1,3.5
RP1,3.5
DNAH5,3.5
RNF213,3.5
SVEP1,3.5
PLXNB1,3.5
RELN,3.3
PIEZO1,3.3
PIK3CA,3.3
LAMA5,3.3
PLXNA2,3.3
TENM2,3.3
CNOT1,3.3
TNIK,3.3
ADAMTS12,3.3
CNTN6,3.3
CNTNAP5,3.3
COL11A1,3.3
PREX2,3.3
PRKDC,3.3
FAT2,3.3
CPSF1,3.3
FLNC,3.3
CTNNA2,3.3
HERC1,3.3
DNAH7,3.3
DNAH6,3.3
ROBO2,3.3
MEGF8,3.0
DNAH1,3.0
CELSR1,3.0
GSE1,3.0
BLTP1,3.0
SMG1,3.0
CELSR3,3.0
GRM3,3.0
MYH2,3.0
SIGLEC1,3.0
DNAH14,3.0
GNAS,3.0
NYNRIN,3.0
IGSF10,3.0
BOD1L1,3.0
EPHA5,3.0
IGF2R,3.0
PXDNL,3.0
UBR4,3.0
CACNA1B,3.0
MROH2B,3.0
CACNA1A,3.0
SETD1B,3.0
NAV2,3.0
SHANK1,3.0
TAF1L,3.0
ZNF831,3.0
SPTBN2,3.0
ADGRV1,3.0
SACS,3.0
LAMA1,3.0
DYSF,3.0
SMC4,3.0
USP7,3.0
TCHH,2.8
ERF,2.8
TENM4,2.8
TRPM2,2.8
MYPN,2.8
CACNA1H,2.8
NCOR2,2.8
DNAH17,2.8
UNC13A,2.8
KAT6B,2.8
SAMD9L,2.8
PCDH17,2.8
ABCA2,2.8
COL6A3,2.8
SPEN,2.8
CASZ1,2.8
NCOR1,2.8
TRIOBP,2.8
LRP1,2.8
PPFIA2,2.8
DMD,2.8
LAMB4,2.8
SDK2,2.8
NOTCH4,2.8
TRPM1,2.8
SIPA1L3,2.8
CHD4,2.8
KMT2A,2.8
MUC6,2.8
MYO16,2.8
GRM4,2.8
KIAA1549,2.8
ZNF536,2.8
CHD6,2.8
CHD5,2.8
RBP3,2.8
CRYBG1,2.8
CHD1,2.8
DNHD1,2.8
ZNF780B,2.8
COL22A1,2.8
VWF,2.8
PIEZO2,2.8
LOXHD1,2.8
RNF43,2.6
SZT2,2.6
LAMA2,2.6
FLNB,2.6
SPTAN1,2.6
COL7A1,2.6
FAM135B,2.6
JCAD,2.6
BCL9L,2.6
JAK1,2.6
FMN2,2.6
ZNF521,2.6
PTPRC,2.6
ARID1A,2.6
CDH23,2.6
ADGRB3,2.6
FASN,2.6
FAT1,2.6
DOCK4,2.6
DOCK3,2.6
NALCN,2.6
FRAS1,2.6
ARID1B,2.6
KIF26B,2.6
CPAMD8,2.6
KIAA1549L,2.6
FN1,2.6
PRRC2A,2.6
UTP20,2.6
SAMD9,2.6
PRUNE2,2.6
ADAM29,2.6
ZFYVE26,2.6
CELSR2,2.6
GLI2,2.6
HERC2,2.6
IGSF9B,2.6
PLXNA1,2.6
DLGAP3,2.6
MKI67,2.6
ZFPM2,2.6
DIP2A,2.6
ANKHD1,2.6
ZMYM3,2.6
STAB1,2.6
MICAL3,2.6
TTC28,2.6
MTUS2,2.6
MGAM,2.6
CHD9,2.6
PLCH1,2.6
PCDHA10,2.6
CMYA5,2.6
TMEM132C,2.6
BMP6,2.6
DCC,2.6
HCN4,2.6
ITGAX,2.6
DSCAML1,2.6
MYO18B,2.6
ANKRD11,2.6
IQSEC3,2.6
SCN11A,2.6
HECW1,2.6
NRXN3,2.6
ZNF804A,2.3
TMEM131,2.3
MYH7B,2.3
CPLANE1,2.3
DLC1,2.3
HIVEP2,2.3
ZNF646,2.3
TMEM132B,2.3
ANKRD17,2.3
CRACD,2.3
MYO7B,2.3
MYO7A,2.3
DNAH9,2.3
ARPP21,2.3
ZNF638,2.3
NAV3,2.3
COL4A2,2.3
KDM6A,2.3
THSD7B,2.3
COL5A1,2.3
ARHGAP22,2.3
COL6A2,2.3
PPL,2.3
COL11A2,2.3
PATJ,2.3
TNRC18,2.3
CNTRL,2.3
CNTNAP4,2.3
KALRN,2.3
CDH11,2.3
CNTNAP2,2.3
MYH14,2.3
GCN1,2.3
TECTA,2.3
MYH6,2.3
KCNB2,2.3
SPATA31D1,2.3
KCNH5,2.3
KCNMA1,2.3
THBS2,2.3
FRYL,2.3
FRY,2.3
THBS3,2.3
MYOM3,2.3
FRMPD1,2.3
PDZD2,2.3
KDM2B,2.3
MYOM1,2.3
LAMB3,2.3
UNC80,2.3
ATAD2,2.3
ADGRF3,2.3
ADGRL3,2.3
MED12,2.3
BCLAF1,2.3
ZNF469,2.3
NRXN2,2.3
MDN1,2.3
CRYBG3,2.3
TRPS1,2.3
HCN1,2.3
ZDBF2,2.3
CAMTA1,2.3
PTPRS,2.3
ASXL3,2.3
TRRAP,2.3
CUL9,2.3
NOTCH1,2.3
DSP,2.3
ADGRB1,2.3
STAB2,2.3
ERICH3,2.3
TRIO,2.3
SORCS1,2.3
ADAMTS20,2.3
DAAM2,2.3
TRPA1,2.3
CARD10,2.3
RGS12,2.3
SEMA6A,2.3
EFCAB5,2.3
LRRK1,2.3
DYNC2H1,2.3
SRCAP,2.3
MTCL2,2.3
ABCA5,2.1
SHANK2,2.1
ITGAM,2.1
MTCL3,2.1
CACNA1S,2.1
WNT2,2.1
TNS3,2.1
CARD11,2.1
ABCA7,2.1
DROSHA,2.1
ABCA1,2.1
MYCBP2,2.1
TNN,2.1
CENPF,2.1
PCDH7,2.1
CACNA1C,2.1
MYH13,2.1
NSD1,2.1
MYH1,2.1
ASH1L,2.1
SI,2.1
PCDH10,2.1
RANBP2,2.1
COL15A1,2.1
COL14A1,2.1
IRS2,2.1
MUCL3,2.1
TSHZ3,2.1
MTCL1,2.1
WDFY3,2.1
DGKI,2.1
SBNO2,2.1
MED13,2.1
GRM8,2.1
HKDC1,2.1
MSC,2.1
GUCY2D,2.1
TLN2,2.1
MON2,2.1
SRCIN1,2.1
PIKFYVE,2.1
SPTBN4,2.1
PIK3CB,2.1
NF1,2.1
SPTB,2.1
E2F8,2.1
MED12L,2.1
GRM5,2.1
SCN10A,2.1
PDZRN4,2.1
USP28,2.1
EPRS1,2.1
APC2,2.1
GAD2,2.1
MAST2,2.1
EP400,2.1
NOD1,2.1
CHD8,2.1
GRM1,2.1
PLCL2,2.1
MDGA2,2.1
PLCH2,2.1
PER1,2.1
PLCG2,2.1
PLCG1,2.1
SCN1A,2.1
TNXB,2.1
ALDH1L1,2.1
SLC12A3,2.1
PRIM2,2.1
CSPG4,2.1
FAM83B,2.1
SLC4A2,2.1
PYHIN1,2.1
AFF2,2.1
FBXO24,2.1
PRSS48,2.1
SLCO6A1,2.1
KLHL40,2.1
ADCY5,2.1
ASXL1,2.1
OR5F1,2.1
PRRC2C,2.1
LOXL3,2.1
ADCY8,2.1
ASXL2,2.1
OTOG,2.1
ROS1,2.1
DOCK6,2.1
KCNT2,2.1
ZNF786,2.1
ATAD5,2.1
PTPRZ1,2.1
ARMC5,2.1
COL4A1,2.1
ADGRB2,2.1
LIPE,2.1
CROCC,2.1
PTPRD,2.1
SEMA5A,2.1
ADAMTSL4,2.1
CARD14,2.1
COL5A3,2.1
FCRL5,2.1
NBPF1,2.1
PTPN23,2.1
LCOR,2.1
CCDC88C,2.1
JADE2,2.1
ATP10A,2.1
LRRC4B,2.1
MVP,2.1
UNC13C,2.1
BIRC6,1.9
MCC,1.9
KIF1B,1.9
SPTBN5,1.9
WDR97,1.9
SLC12A7,1.9
THSD7A,1.9
LAMA4,1.9
BAIAP3,1.9
C6,1.9
MCM3AP,1.9
NOD2,1.9
MTA1,1.9
SPATA31F1,1.9
LAMA3,1.9
NID2,1.9
L3MBTL4,1.9
LGR6,1.9
NIPBL,1.9
SYMPK,1.9
MIDEAS,1.9
NID1,1.9
PHF2,1.9
NBEA,1.9
SRRT,1.9
HIVEP3,1.9
HRNR,1.9
BDP1,1.9
OR4C6,1.9
SLC4A7,1.9
HELZ2,1.9
MXRA5,1.9
KMT2B,1.9
PHRF1,1.9
CCDC141,1.9
NLRP5,1.9
ANKS1A,1.9
LILRB1,1.9
TACC2,1.9
KIF5A,1.9
SUPT16H,1.9
ITPRID1,1.9
MATN4,1.9
LTBP4,1.9
SLITRK3,1.9
MAGI1,1.9
NRXN1,1.9
KAT2A,1.9
IQCN,1.9
MAGEC1,1.9
XPO4,1.9
ATP2B4,1.9
PABPC3,1.9
WWC1,1.9
LRP4,1.9
JMJD1C,1.9
CAND2,1.9
NUP210L,1.9
MTMR4,1.9
NUP210,1.9
LRTM3,1.9
ARHGEF18,1.9
ARHGEF17,1.9
TCF20,1.9
LRRIQ1,1.9
LRRCC1,1.9
PARP14,1.9
ARHGAP29,1.9
ITPR2,1.9
ITSN1,1.9
MYBPC3,1.9
PAMR1,1.9
CDC42BPB,1.9
SPHKAP,1.9
BCL9,1.9
NPR2,1.9
HUWE1,1.9
MYBBP1A,1.9
LMTK2,1.9
KCNV1,1.9
CFAP65,1.9
PCNX3,1.9
LMTK3,1.9
PCNT,1.9
PCED1A,1.9
NPAS3,1.9
BRCA1,1.9
PCDHGA12,1.9
NPR1,1.9
PCDHB4,1.9
ARID4A,1.9
KCNH1,1.9
MYH4,1.9
ZNF407,1.9
PCDHA4,1.9
SMOX,1.9
INSRR,1.9
PCDHA2,1.9
ZFP36L2,1.9
PCDHA13,1.9
BCL11A,1.9
BICRA,1.9
MYBPC2,1.9
MAML3,1.9
ICE1,1.9
RTL1,1.9
FGD1,1.9
PMS1,1.9
SCN8A,1.9
RIMS2,1.9
RBMXL3,1.9
FBXL17,1.9
PTPRF,1.9
AMOTL2,1.9
AMPD2,1.9
GRIN2B,1.9
RIPK4,1.9
PLEKHG5,1.9
ADAMTS5,1.9
COL20A1,1.9
ZNRF3,1.9
PLCE1,1.9
PTPN14,1.9
SKIC3,1.9
FGD5,1.9
SALL3,1.9
SBNO1,1.9
TSPOAP1,1.9
UMODL1,1.9
VWA5B2,1.9
PPRC1,1.9
COL4A4,1.9
ADCY2,1.9
EIF2AK3,1.9
ELP1,1.9
DAG1,1.9
COL6A5,1.9
SIPA1L2,1.9
PYGB,1.9
USP9Y,1.9
PLIN4,1.9
RAB14,1.9
EDIL3,1.9
TTBK1,1.9
PREX1,1.9
ADGRA2,1.9
ADAMTS9,1.9
UNC5D,1.9
CYP11B1,1.9
ELMO1,1.9
CUX1,1.9
UBR2,1.9
EYA1,1.9
TRPM6,1.9
PITPNM2,1.9
PRX,1.9
TSC2,1.9
UBR5,1.9
EPHB1,1.9
DGKB,1.9
SETD5,1.9
RADIL,1.9
CUBN,1.9
PKD1,1.9
AGAP1,1.9
RP1L1,1.9
USP34,1.9
GYS1,1.9
CRB2,1.9
GALNT9,1.9
PRRT4,1.9
DHX57,1.9
TRPM3,1.9
ZSWIM8,1.9
PRR12,1.9
UBE3B,1.9
ACVR2A,1.9
DIDO1,1.9
PIK3CG,1.9
ZFC3H1,1.6
LRIG2,1.6
LRP10,1.6
ADAM19,1.6
TRPC7,1.6
ADAMTSL1,1.6
ATP12A,1.6
ATG2B,1.6
ADAMTS2,1.6
ADAMTS10,1.6
USP9X,1.6
NUMA1,1.6
ADAMTS1,1.6
LRRC14B,1.6
CAMSAP3,1.6
F13B,1.6
LRP5,1.6
STK33,1.6
RAI1,1.6
USP48,1.6
RALGAPA2,1.6
TMC4,1.6
PTPRQ,1.6
CASR,1.6
SLC6A15,1.6
PTCH2,1.6
ADRB3,1.6
KRTAP4-6,1.6
CCDC80,1.6
PTCH1,1.6
FIRRM,1.6
CPXM2,1.6
KRT6B,1.6
KRT15,1.6
FLAD1,1.6
KMT2E,1.6
FLNA,1.6
ARSI,1.6
SETBP1,1.6
FMN1,1.6
KLHL30,1.6
KIRREL2,1.6
PRSS12,1.6
ZNF516,1.6
KIF4B,1.6
KIF2B,1.6
CR2,1.6
FGD6,1.6
QRFPR,1.6
LAMB1,1.6
CATSPER1,1.6
SLITRK2,1.6
SLIT3,1.6
ADCY6,1.6
FAM83H,1.6
ZNF462,1.6
FARP2,1.6
FBF1,1.6
SDK1,1.6
FBN3,1.6
ADGRG4,1.6
ADGRG7,1.6
ZC3HAV1,1.6
TMC8,1.6
FCRL3,1.6
ZC3H18,1.6
FDXR,1.6
PTPN21,1.6
SYNM,1.6
SLC8A2,1.6
CCDC40,1.6
EXPH5,1.6
CABIN1,1.6
TRPV2,1.6
DNER,1.6
NBEAL1,1.6
NBEAL2,1.6
ZNF292,1.6
NBPF10,1.6
DOCK2,1.6
NCAN,1.6
NCAPD3,1.6
BRPF1,1.6
DOCK8,1.6
DPP3,1.6
DPP6,1.6
SPEF2,1.6
UBA6,1.6
SOX17,1.6
NDST4,1.6
SORL1,1.6
ABTB3,1.6
MTOR,1.6
UNC5B,1.6
ACACB,1.6
RIMBP2,1.6
ROBO1,1.6
DNAJC13,1.6
NELL2,1.6
ABCC8,1.6
MYO3A,1.6
RTN4,1.6
BLTP3B,1.6
DISP1,1.6
MYO9A,1.6
SPATA31E1,1.6
DMBT1,1.6
RPS6KA4,1.6
RUSC1,1.6
DMXL2,1.6
ABCA4,1.6
ABCA8,1.6
NAALADL1,1.6
DENND4B,1.6
SPAG9,1.6
SPAG17,1.6
DNAAF9,1.6
RPL22,1.6
DNAH12,1.6
ABCC12,1.6
BRD10,1.6
MST1R,1.6
SCAF1,1.6
CTTNBP2,1.6
RBMXL2,1.6
SCN9A,1.6
MAST4,1.6
SNAPC4,1.6
NOS2,1.6
NOTCH3,1.6
RBL2,1.6
CACHD1,1.6
ATXN1,1.6
TSKS,1.6
USP35,1.6
ERN2,1.6
NPHS1,1.6
ATP9B,1.6
NPHS2,1.6
STARD8,1.6
ZNFX1,1.6
MAP3K6,1.6
DHX30,1.6
NRAP,1.6
NRG3,1.6
MAGI2,1.6
ZFYVE28,1.6
AXDND1,1.6
UNC93B1,1.6
NMUR2,1.6
TUBGCP6,1.6
ACHE,1.6
NFATC1,1.6
EHBP1,1.6
EHBP1L1,1.6
NHS,1.6
MMP16,1.6
EHMT1,1.6
NINL,1.6
EIF3A,1.6
EIF4G1,1.6
RERE,1.6
SRRM2,1.6
NKAPL,1.6
USF3,1.6
MET,1.6
NLRP1,1.6
MED24,1.6
EML3,1.6
SCN3A,1.6
MDC1,1.6
AGAP2,1.6
MYO19,1.6
PCDHGA10,1.6
POLR2A,1.6
COL5A2,1.6
COL6A1,1.6
TIAM1,1.6
COL6A6,1.6
JHY,1.6
HOMEZ,1.6
SIPA1L1,1.6
GRM6,1.6
PCNX2,1.6
POLR1A,1.6
ARHGEF28,1.6
JPH3,1.6
CEMIP2,1.6
SIPA1,1.6
CHRM2,1.6
CFAP54,1.6
GPR158,1.6
TECPR1,1.6
WDR6,1.6
PKDREJ,1.6
INTS1,1.6
KAT6A,1.6
TMPRSS9,1.6
FZD10,1.6
ANO5,1.6
CDH8,1.6
SH2D3C,1.6
HEPHL1,1.6
AOX1,1.6
ITGAD,1.6
TNR,1.6
THBS1,1.6
HRC,1.6
COL18A1,1.6
CGNL1,1.6
CDKN1B,1.6
CLIC6,1.6
ITGB4,1.6
COL19A1,1.6
GRID2IP,1.6
GRIK2,1.6
COL1A1,1.6
XIRP1,1.6
ARHGAP35,1.6
TNS1,1.6
GRIK5,1.6
ARHGAP39,1.6
ITPR1,1.6
SH3PXD2A,1.6
CHD7,1.6
PPP4R1,1.6
IKZF1,1.6
PLCL1,1.6
ARHGEF10,1.6
MYO1A,1.6
CNGA4,1.6
CEP131,1.6
PIGQ,1.6
PCDHB6,1.6
OTOF,1.6
KCNH7,1.6
HECTD1,1.6
PCDHA9,1.6
KCNH8,1.6
AGT,1.6
ANKRD35,1.6
HEATR5A,1.6
KCNQ5,1.6
PIK3C2B,1.6
TMEM132D,1.6
VPS13C,1.6
KIAA0586,1.6
ALMS1,1.6
PML,1.6
AGRN,1.6
PIK3R1,1.6
CEP250,1.6
CIC,1.6
GMIP,1.6
KDM5A,1.6
IGFN1,1.6
CEP350,1.6
PITPNM1,1.6
PLXNA4,1.6
ANKRD12,1.6
KIF20B,1.6
PRRC2B,1.6
GLI1,1.6
ANLN,1.6
CD1E,1.6
GLI3,1.6
CKAP5,1.6
KCND2,1.6
INSC,1.6
KCNH2,1.6
SETDB1,1.6
ANO1,1.6
HEG1,1.6
HTR5A,1.4
EML5,1.4
WAPL,1.4
EEF2,1.4
VSTM2A,1.4
IKBKB,1.4
MRC2,1.4
ENPP4,1.4
SPTBN1,1.4
EML6,1.4
MPRIP,1.4
UPF2,1.4
CGN,1.4
DBH,1.4
MGAT5B,1.4
GON4L,1.4
MPHOSPH9,1.4
VWA3A,1.4
CLTC,1.4
CYP7B1,1.4
MIA3,1.4
IGF2BP1,1.4
IGF1R,1.4
CFAP46,1.4
GREB1,1.4
TTF1,1.4
TEX15,1.4
C1ORF94,1.4
ZMYND10,1.4
ZMYND8,1.4
MOXD1,1.4
MEOX2,1.4
SREBF2,1.4
MOGS,1.4
TTLL4,1.4
CLMN,1.4
C2ORF78,1.4
GPR37L1,1.4
TET3,1.4
CFB,1.4
TMEM43,1.4
TTC21B,1.4
UNC79,1.4
TPR,1.4
THBS4,1.4
DCST1,1.4
UBQLNL,1.4
MYH3,1.4
DNAAF11,1.4
MYH10,1.4
MYEOV,1.4
MYCBPAP,1.4
BPIFB4,1.4
TMEM132E,1.4
SPATC1,1.4
BPTF,1.4
CHST1,1.4
CHRNG,1.4
UBN2,1.4
TLN1,1.4
HFM1,1.4
HEATR6,1.4
BOC,1.4
TLR9,1.4
DISP2,1.4
CILP2,1.4
DHX37,1.4
MYO18A,1.4
HDAC2,1.4
DIP2B,1.4
HDAC5,1.4
DISP3,1.4
HDLBP,1.4
HDAC9,1.4
MYLK,1.4
DLEC1,1.4
DLG5,1.4
DLGAP1,1.4
MYH7,1.4
HIP1,1.4
HIPK2,1.4
DNM1,1.4
WDTC1,1.4
DSCAM,1.4
CLEC16A,1.4
MTSS1,1.4
CHD3,1.4
DDB1,1.4
GRIA1,1.4
MTERF4,1.4
UBA7,1.4
UNC5C,1.4
THEMIS,1.4
UNC5CL,1.4
TMEM200C,1.4
MSH6,1.4
MSH2,1.4
GRIP1,1.4
DDR2,1.4
GUCY1A2,1.4
CLCN7,1.4
GTF3C1,1.4
DNMBP,1.4
GSDMC,1.4
UMOD,1.4
WDR7,1.4
WDR72,1.4
BRINP3,1.4
GRK6,1.4
TLE1,1.4
DOCK7,1.4
BRWD3,1.4
DOP1B,1.4
UBASH3B,1.4
CHEK2,1.4
ZNF208,1.4
TMPRSS2,1.4
GOLGB1,1.4
SVIL,1.4
SUSD2,1.4
TRIM32,1.4
GABBR2,1.4
GAA,1.4
FBXL7,1.4
LIG4,1.4
KANSL1L,1.4
TONSL,1.4
SUPT5H,1.4
FZD2,1.4
TRDN,1.4
VPS13D,1.4
SYNJ1,1.4
CCDC171,1.4
KCNA4,1.4
CCDC183,1.4
CRYBB1,1.4
CDH12,1.4
LRFN5,1.4
CATSPERT,1.4
JAG2,1.4
STYXL2,1.4
CDH9,1.4
UTRN,1.4
LPA,1.4
JAKMIP1,1.4
CATSPERG,1.4
SUCO,1.4
COL9A3,1.4
FANCM,1.4
COL9A1,1.4
LMX1A,1.4
CDH18,1.4
FBLN2,1.4
FBN1,1.4
COL9A2,1.4
KCNB1,1.4
CCDC191,1.4
CCDC3,1.4
TBC1D32,1.4
ZBTB21,1.4
KPRP,1.4
VIRMA,1.4
FOXA2,1.4
FLT1,1.4
FLT4,1.4
FNDC3B,1.4
ZBTB16,1.4
TOPAZ1,1.4
KIAA1217,1.4
KLHL29,1.4
TASOR,1.4
TASOR2,1.4
KIRREL1,1.4
KIF18A,1.4
KIF1A,1.4
KCTD19,1.4
TP53BP2,1.4
KRT71,1.4
KRT72,1.4
SYTL2,1.4
VPS11,1.4
LAMC1,1.4
KCNC2,1.4
FTCD,1.4
CREBBP,1.4
CREB5,1.4
FSTL5,1.4
TOX,1.4
FILIP1L,1.4
KSR1,1.4
CD93,1.4
KCNN3,1.4
KRT74,1.4
KCNT1,1.4
FAM47A,1.4
COL4A3,1.4
MCM5,1.4
CUL7,1.4
GIGYF1,1.4
MAPK7,1.4
MAPK4,1.4
IPO11,1.4
TNC,1.4
STARD9,1.4
TNFAIP3,1.4
MAP3K13,1.4
CUX2,1.4
CADPS,1.4
STAT5B,1.4
ESPNL,1.4
MAP1B,1.4
CUL3,1.4
MAP1A,1.4
CEMIP,1.4
CNGA3,1.4
TECPR2,1.4
TRIM67,1.4
IMPG2,1.4
WNT10B,1.4
GOLGA3,1.4
GLIS3,1.4
MBD6,1.4
EPB41L3,1.4
EPB41L4B,1.4
ILF3,1.4
MAST1,1.4
CACNA1G,1.4
CYP11B2,1.4
CEP120,1.4
INPPL1,1.4
STAG3,1.4
ERBIN,1.4
ERCC5,1.4
KIF26A,1.4
VPS53,1.4
TRPV3,1.4
GEMIN5,1.4
CDK5RAP2,1.4
LTBP3,1.4
LTBP1,1.4
TRPM4,1.4
CTNNA3,1.4
ITGB5,1.4
ITIH5,1.4
STRIP2,1.4
TCHHL1,1.4
STIL,1.4
LRRC41,1.4
ITPKB,1.4
CARMIL2,1.4
TRIP12,1.4
COL27A1,1.4
TRIM72,1.4
CDK13,1.4
CAPN1,1.4
GALNT17,1.4
TNRC6B,1.4
LZTR1,1.4
CNTN2,1.4
TDRD6,1.4
MAGEE2,1.4
CNTNAP1,1.4
WRN,1.4
USP44,1.4
GAS6,1.4
ISLR2,1.4
WWC3,1.4
TRPM5,1.4
MAEL,1.4
MADD,1.4
CAMSAP1,1.4
TNRC6A,1.4
ITGA4,1.4
CRMP1,1.4
CAD,1.4
NPAP1,1.4
PRDM9,1.4
ADARB2,1.4
PAX7,1.4
OR4D10,1.4
ANKFY1,1.4
ZNF675,1.4
NOX3,1.4
NOVA1,1.4
PAK5,1.4
AUTS2,1.4
QRICH2,1.4
PKD2L1,1.4
POLR1F,1.4
ARFGEF2,1.4
ARFGEF1,1.4
PAX6,1.4
NPC1L1,1.4
ATR,1.4
ARHGAP18,1.4
ATP8B3,1.4
ARHGAP21,1.4
ACAN,1.4
ARHGAP25,1.4
ADAMTS8,1.4
SLC26A1,1.4
ARHGAP31,1.4
SEC31A,1.4
PRICKLE2,1.4
PAPPA,1.4
ACAP3,1.4
PALD1,1.4
PALB2,1.4
PIWIL1,1.4
PCDH9,1.4
PRDM2,1.4
ADGRD1,1.4
AGBL4,1.4
PPP4R3B,1.4
AKAP9,1.4
ZNF34,1.4
ROBO4,1.4
ABCG4,1.4
PTPRJ,1.4
PCDHGB2,1.4
PCDHB8,1.4
PCDHB7,1.4
PPP6R3,1.4
SH2B2,1.4
NLRC3,1.4
PCDHB2,1.4
ADGRA1,1.4
SARDH,1.4
NLRP11,1.4
PRR35,1.4
SHROOM3,1.4
ADD2,1.4
PCDHAC2,1.4
NLRP4,1.4
NLRP7,1.4
PCDHA8,1.4
SEMA3C,1.4
PCDHA6,1.4
PCDHA5,1.4
PCDHA3,1.4
PIK3R2,1.4
PCDHA11,1.4
PLA2G4A,1.4
ARHGEF12,1.4
ANKRD30A,1.4
SLF2,1.4
OPLAH,1.4
PRMT1,1.4
AHDC1,1.4
SH3PXD2B,1.4
RASAL1,1.4
RELCH,1.4
PLEKHG1,1.4
PADI1,1.4
PRPF40A,1.4
ASTN1,1.4
ASTN2,1.4
OGDHL,1.4
PLEKHA7,1.4
SIN3A,1.4
SLC39A6,1.4
PLEKHG4B,1.4
SIN3B,1.4
OR5AK2,1.4
SCN2A,1.4
RB1CC1,1.4
ARSB,1.4
RBFOX1,1.4
OR10X1,1.4
PRPF38B,1.4
SLC6A3,1.4
PLK1,1.4
OR2T2,1.4
SLC4A4,1.4
SCNN1G,1.4
SLC5A5,1.4
OR4Q3,1.4
ATAD2B,1.4
OGDH,1.4
PRPF40B,1.4
PNPLA5,1.4
SMCHD1,1.4
ATP2A3,1.4
NSUN2,1.4
SMC1B,1.4
ARHGEF40,1.4
RGS3,1.4
ATP13A5,1.4
P3H1,1.4
ARID2,1.4
ACIN1,1.4
SMARCA2,1.4
ATP11B,1.4
OVCH1,1.4
PNPLA6,1.4
SFSWAP,1.4
PLXND1,1.4
PRPF8,1.4
OTOP1,1.4
NUP214,1.4
PLCB2,1.4
RALGAPA1,1.4
ZNF687,1.4
ADAM18,1.4
OSBPL5,1.4
SLITRK5,1.4
PRKCQ,1.4
RFC1,1.4
ADAD2,1.4
PLEKHA5,1.4
OSBPL10,1.4
ROR2,1.4
ASAP1,1.4
SPATA13,1.4
PCSK5,1.4
PDGFD,1.4
NAV1,1.4
NEK8,1.4
MYORG,1.4
ZYG11A,1.4
A2M,1.4
SLC13A3,1.4
NCKAP5L,1.4
PTK7,1.4
PPP1R26,1.4
RPGR,1.4
PTPRB,1.4
PPP1R13B,1.4
MYO9B,1.4
NES,1.4
PSMD11,1.4
BAZ2A,1.4
PDE8B,1.4
ZNF276,1.4
NELFB,1.4
NELL1,1.4
PER2,1.4
SORBS2,1.4
SP8,1.4
PEG3,1.4
PPIG,1.4
RPRD2,1.4
PTK2B,1.4
ZNF257,1.4
ABCC11,1.4
SON,1.4
PPFIBP2,1.4
RUNX1T1,1.4
ABCC9,1.4
SOX6,1.4
MYT1L,1.4
ABCC6,1.4
PDE4C,1.4
SETD1A,1.4
ABCD2,1.4
MYO1H,1.4
AFDN,1.4
BAIAP2L2,1.4
ZXDC,1.4
PSAPL1,1.4
PPEF2,1.4
PCNX1,1.4
MYO5B,1.4
PLD4,1.2
PLEKHA6,1.2
KCNU1,1.2
KEAP1,1.2
FOXM1,1.2
PTCHD3,1.2
EVPL,1.2
KDR,1.2
PHACTR4,1.2
ZNF628,1.2
FIP1L1,1.2
KDM3B,1.2
FLRT2,1.2
TBC1D4,1.2
KDM6B,1.2
TBC1D8,1.2
HIVEP1,1.2
KDM4D,1.2
KDM4B,1.2
OR8I2,1.2
ETV5,1.2
ZNF804B,1.2
SLC17A2,1.2
IDH2,1.2
EXOC3,1.2
CDC42BPG,1.2
AFF1,1.2
SEC14L1,1.2
VEPH1,1.2
SLC14A2,1.2
RABGGTA,1.2
KCNA1,1.2
ADAMTS13,1.2
RABGAP1,1.2
RABEP2,1.2
RAD54L2,1.2
PGAP6,1.2
FGFR3,1.2
KBTBD11,1.2
TJP1,1.2
F5,1.2
TBX5,1.2
SEC16A,1.2
PSD,1.2
CTNND2,1.2
KCNG2,1.2
TLR6,1.2
PLCB4,1.2
KCNQ3,1.2
OSBPL7,1.2
GRIN3A,1.2
OSBPL8,1.2
CLDN5,1.2
CHRD,1.2
KCNK10,1.2
CD74,1.2
ZNF92,1.2
PTGFRN,1.2
ZNF91,1.2
SLC15A1,1.2
OSTM1,1.2
EYA2,1.2
OTOGL,1.2
GRM2,1.2
CDAN1,1.2
CRB1,1.2
TRAF5,1.2
RASA1,1.2
FPR2,1.2
CHST11,1.2
SLC49A3,1.2
ARSG,1.2
CCND2,1.2
GPSM1,1.2
SLC16A11,1.2
ERBB2,1.2
PLEKHG7,1.2
KLHL6,1.2
KLHL4,1.2
HELQ,1.2
PHLDB1,1.2
SLC44A4,1.2
ERC2,1.2
ACTL9,1.2
SCUBE2,1.2
USP32,1.2
KLHL11,1.2
KLHDC8A,1.2
TP63,1.2
ZBTB20,1.2
ACTN1,1.2
TAOK1,1.2
CCDC93,1.2
RBM25,1.2
CYFIP2,1.2
SLC4A8,1.2
TANC1,1.2
CCIN,1.2
KRT33A,1.2
CYFIP1,1.2
PHLPP1,1.2
KNDC1,1.2
GPRIN1,1.2
FRMPD4,1.2
KRABD3,1.2
PHLDB2,1.2
RBM20,1.2
ANO4,1.2
SCRIB,1.2
USP24,1.2
SLC3A1,1.2
CXCR1,1.2
PHF21B,1.2
HGF,1.2
KIF16B,1.2
KIF13B,1.2
KIF13A,1.2
CD1D,1.2
GRID2,1.2
AEBP1,1.2
KIDINS220,1.2
PHIP,1.2
FKBP15,1.2
KIF18B,1.2
KIAA1210,1.2
ESRP1,1.2
RAPGEF4,1.2
SEPTIN12,1.2
TLE6,1.2
KIAA0319L,1.2
HID1,1.2
KIAA0232,1.2
SLC38A10,1.2
OR5L2,1.2
ACTN2,1.2
KIF7,1.2
ANO8,1.2
SCUBE3,1.2
OR5AS1,1.2
RASIP1,1.2
USP36,1.2
TSHZ1,1.2
KIFC3,1.2
HECW2,1.2
ERMN,1.2
KIF20A,1.2
RASGRP3,1.2
ZNF518B,1.2
GRIA2,1.2
CCT8L2,1.2
ESF1,1.2
KIF21A,1.2
FLCN,1.2
OR5L1,1.2
SEC16B,1.2
JPH4,1.2
P4HA1,1.2
ZNF609,1.2
PCDHAC1,1.2
SEMA5B,1.2
CEP162,1.2
FARP1,1.2
TRHDE,1.2
ZNF835,1.2
CEP192,1.2
PCDHB11,1.2
PCDHB13,1.2
TGM7,1.2
TEKT5,1.2
TMC1,1.2
IL2RB,1.2
ADGB,1.2
TPRX1,1.2
ADGRA3,1.2
PIK3C2A,1.2
HYDIN,1.2
INO80,1.2
SLC12A4,1.2
IPO8,1.2
FAM83F,1.2
PDCL2,1.2
SLC12A5,1.2
PZP,1.2
ARAP3,1.2
PJA1,1.2
TEAD2,1.2
INTS7,1.2
PCSK4,1.2
THADA,1.2
HSPA12B,1.2
HSPA12A,1.2
CSF3R,1.2
PCDHA12,1.2
PIK3CD,1.2
CEP104,1.2
CFTR,1.2
PCDHA7,1.2
TRIM42,1.2
IBTK,1.2
ICAM4,1.2
PCDHB5,1.2
CFAP251,1.2
TMEM108,1.2
TEX2,1.2
ADGRG6,1.2
ADGRL1,1.2
SETD2,1.2
PCGF2,1.2
PCIF1,1.2
FBXL18,1.2
FNBP1,1.2
IL1RL1,1.2
WHRN,1.2
CRX,1.2
PTPRG,1.2
IFIH1,1.2
ZNF606,1.2
TFIP11,1.2
CFAP43,1.2
CFAP44,1.2
TMEM129,1.2
CIT,1.2
IGSF3,1.2
IGSF8,1.2
IL17RD,1.2
APCDD1,1.2
VILL,1.2
WNT16,1.2
IL16,1.2
FBLL1,1.2
APCS,1.2
SEMA4G,1.2
IL11,1.2
FBLN7,1.2
PTPRU,1.2
ADGRF4,1.2
PCDHGA6,1.2
PTPRN,1.2
WNK2,1.2
IGSF9,1.2
WNK1,1.2
ARFGEF3,1.2
TDRD9,1.2
PLA2R1,1.2
PER3,1.2
CTBP2,1.2
SLC28A1,1.2
PAK4,1.2
CHID1,1.2
CDHR2,1.2
SLC27A5,1.2
WDR90,1.2
SEC23IP,1.2
FAM135A,1.2
ANKAR,1.2
ADAMTS3,1.2
CPD,1.2
PALS1,1.2
SLC26A9,1.2
XKR4,1.2
VCP,1.2
ZNF568,1.2
PAPLN,1.2
TCERG1,1.2
SLC2A10,1.2
IQCE,1.2
CDH13,1.2
XPO1,1.2
CREBRF,1.2
CDCP1,1.2
KANSL1,1.2
KANK4,1.2
KANK1,1.2
TRPC6,1.2
TRANK1,1.2
SLC2A2,1.2
CDH24,1.2
JUP,1.2
TRPC4,1.2
SKIDA1,1.2
CHL1,1.2
HEATR1,1.2
CDH20,1.2
JPH1,1.2
GRM7,1.2
CHERP,1.2
FNIP2,1.2
HOXB3,1.2
QSER1,1.2
ITGA10,1.2
TCOF1,1.2
TMEM143,1.2
PTPN5,1.2
FAM20C,1.2
ISG20L2,1.2
CIITA,1.2
IRS1,1.2
PDE6B,1.2
PENK,1.2
HR,1.2
IQSEC2,1.2
IQSEC1,1.2
CEL,1.2
FAM47B,1.2
TRIM58,1.2
PDE3A,1.2
PCARE,1.2
HOXD13,1.2
TMEM151A,1.2
HDAC4,1.2
ITGA3,1.2
XDH,1.2
SEC31B,1.2
ITIH3,1.2
TPO,1.2
FGA,1.2
CLCA4,1.2
GTF3C3,1.2
PIAS1,1.2
FAM180B,1.2
FER1L6,1.2
ITGAV,1.2
ARHGAP20,1.2
PDS5A,1.2
R3HDM2,1.2
FAM187A,1.2
WWP2,1.2
SEL1L2,1.2
COL1A2,1.2
OR10P1,1.2
CLIP1,1.2
CACNG4,1.2
SAFB2,1.2
C2CD3,1.2
GBP7,1.2
SALL1,1.2
MERTK,1.2
DOK3,1.2
SGSM1,1.2
SSH2,1.2
DOP1A,1.2
SAMD11,1.2
MEGF10,1.2
C3ORF20,1.2
SSTR4,1.2
NLRP14,1.2
MED23,1.2
DOT1L,1.2
MED13L,1.2
NLRP2,1.2
NLRP3,1.2
DPP10,1.2
NLRX1,1.2
SNRNP200,1.2
MDGA1,1.2
GBF1,1.2
MFSD6,1.2
NKTR,1.2
POM121L12,1.2
NIBAN3,1.2
CNTN4,1.2
DNAJC2,1.2
ABCF3,1.2
ABCG5,1.2
MKRN3,1.2
SNX13,1.2
B4GALNT4,1.2
AKAP6,1.2
ABHD1,1.2
A1CF,1.2
DDX46,1.2
DNMT3B,1.2
B4GALNT3,1.2
DOCK10,1.2
CNTLN,1.2
MIB2,1.2
B4GALNT1,1.2
SNTG2,1.2
GABRB2,1.2
SNTG1,1.2
MGAT3,1.2
ZIC4,1.2
NMNAT2,1.2
PRDM14,1.2
RIF1,1.2
VPS8,1.2
TOGARAM1,1.2
GGT5,1.2
DSG4,1.2
MARF1,1.2
STAG1,1.2
MARCHF10,1.2
MAPKBP1,1.2
ATXN2L,1.2
ATXN2,1.2
POLQ,1.2
NOS1,1.2
MAPK8IP3,1.2
SBF1,1.2
CACNA1F,1.2
KRT85,1.2
ATP8B4,1.2
CACNA2D1,1.2
CACNA2D2,1.2
CACNA2D3,1.2
NPIPA5,1.2
SMURF2,1.2
NOS3,1.2
TYW1,1.2
ABL1,1.2
NOL4L,1.2
ZHX3,1.2
MCOLN1,1.2
GDPD5,1.2
ABL2,1.2
PRDM15,1.2
AXIN1,1.2
GFI1,1.2
MCCC2,1.2
DRC9,1.2
PRDM5,1.2
MCAM,1.2
CNOT3,1.2
MBTPS1,1.2
MBOAT2,1.2
PRDM8,1.2
GABRB1,1.2
DDI1,1.2
MATR3,1.2
SART3,1.2
MATN2,1.2
ZFX,1.2
RIN2,1.2
MMP24,1.2
GATAD2A,1.2
MN1,1.2
BDH1,1.2
SHANK3,1.2
RTP5,1.2
MYBL1,1.2
SP140,1.2
UGT1A6,1.2
BRD3,1.2
BRD4,1.2
MXRA8,1.2
BDKRB1,1.2
BRF1,1.2
DGKH,1.2
NAGPA,1.2
AAK1,1.2
COIL,1.2
MUC5AC,1.2
BRWD1,1.2
RRBP1,1.2
NCKAP5,1.2
PPARGC1B,1.2
GAL3ST3,1.2
GAPVD1,1.2
MUC12,1.2
BRAF,1.2
RSPH4A,1.2
COG1,1.2
ZNF274,1.2
ZNF250,1.2
MYO5A,1.2
BMAL1,1.2
BMPR1B,1.2
DHX36,1.2
UFL1,1.2
SPATA31G1,1.2
SH3RF3,1.2
MYH8,1.2
UGGT2,1.2
MYRF,1.2
RSPH6A,1.2
MYT1,1.2
ZNF28,1.2
COL17A1,1.2
DHRS4L2,1.2
N4BP3,1.2
ZNF226,1.2
SPATA18,1.2
PPP1R3A,1.2
NACAD,1.2
PPM1J,1.2
SOX11,1.2
DET1,1.2
ULK1,1.2
ABCC1,1.2
SPRED3,1.2
ABCB11,1.2
DENND2B,1.2
ABCB4,1.2
NEO1,1.2
RPGRIP1L,1.2
ZNF143,1.2
NEURL1,1.2
NEURL4,1.2
NFASC,1.2
RPAP1,1.2
SHOC1,1.2
RORB,1.2
PPP2R5D,1.2
NGEF,1.2
SQSTM1,1.2
S1PR3,1.2
ZNF107,1.2
ZNF106,1.2
NGLY1,1.2
BACH2,1.2
NHSL3,1.2
VPS35L,1.2
POU2F1,1.2
SOS1,1.2
ZNF326,1.2
SORCS3,1.2
RPTN,1.2
DMRT2,1.2
NEBL,1.2
POU4F2,1.2
TNKS1BP1,1.2
SPHK2,1.2
NECAB2,1.2
NEFH,1.2
NEK1,1.2
ALDH4A1,1.2
DENND4C,1.2
SPINK5,1.2
ZNF184,1.2
DMXL1,1.2
MSN,1.2
C10ORF71,1.2
MSLNL,1.2
ABCA3,1.2
RPRD1B,1.2
UBQLN3,1.2
MS4A14,1.2
POLG,1.2
TYRP1,1.2
NYAP2,1.2
LIG1,1.2
UROC1,1.2
CLSTN3,1.2
CC2D1A,1.2
LIMCH1,1.2
REN,1.2
GPATCH8,1.2
ELL,1.2
SLCO5A1,1.2
SLCO4C1,1.2
ZPLD1,1.2
OLFML3,1.2
LRBA,1.2
SLCO2A1,1.2
SWAP70,1.2
LHCGR,1.2
ELN,1.2
CCDC136,1.2
SYCP2,1.2
USH1C,1.2
LENG8,1.2
ZC3H4,1.2
ZC3H3,1.2
LINGO3,1.2
SULF1,1.2
EIF4G3,1.2
LMOD2,1.2
URB2,1.2
DAGLA,1.2
LPIN3,1.2
LPIN1,1.2
EHHADH,1.2
DACH2,1.2
ACAP1,1.2
SLIT2,1.2
OC90,1.2
CATSPERB,1.2
PMEPA1,1.2
DAB2IP,1.2
ZRANB3,1.2
LONP2,1.2
DAAM1,1.2
VPS13A,1.2
CLUH,1.2
CBARP,1.2
GP5,1.2
CBLB,1.2
SFMBT2,1.2
SYNC,1.2
PROB1,1.2
ZNF479,1.2
GPR179,1.2
PLOD3,1.2
SF3B2,1.2
VWA8,1.2
LAMB2,1.2
SF3B1,1.2
SLC6A17,1.2
EPHA1,1.2
EPHA10,1.2
ASB15,1.2
KYNU,1.2
EPHA3,1.2
RBM27,1.2
OR4A15,1.2
ZBTB41,1.2
TAF1C,1.2
ASAP3,1.2
EPHA6,1.2
TAF3,1.2
GPRC5C,1.2
CCDC88B,1.2
OR4C15,1.2
AMBRA1,1.2
GPR17,1.2
REDIC1,1.2
LARP1,1.2
GPR142,1.2
TTC21A,1.2
EMILIN1,1.2
FSHR,1.2
ZC3H13,1.2
SLC9A5,1.2
RECQL4,1.2
GPR155,1.2
TTC14,1.2
CCDC180,1.2
EMSY,1.2
ZC3H12B,1.2
SYNPO2,1.2
CYP2E1,1.2
CYP2D6,1.2
PROM1,1.2
ENAM,1.2
ENOX1,1.2
ENPP2,1.2
SYT3,1.2
VWA5A,1.2
STXBP5,1.2
CPT1A,1.2
LRCH4,1.2
CAND1,1.2
PRKAG3,1.2
LYST,1.2
STK32B,1.2
LYPD4,1.2
DCAF4L2,1.2
TULP4,1.2
FZD8,1.2
ECE2,1.2
SCAF8,1.2
PRICKLE3,1.2
ZEB1,1.2
LTBP2,1.2
NTRK3,1.2
GABBR1,1.2
DCAF12L1,1.2
RGS7,1.2
SIGLEC10,1.2
LRFN2,1.2
SMC5,1.2
SMARCAL1,1.2
RGSL1,1.2
NRG2,1.2
DCBLD2,1.2
NRROS,1.2
DZANK1,1.2
ZNF423,1.2
RGS9,1.2
MAMDC4,1.2
ZNF429,1.2
ALK,1.2
ATP4A,1.2
GJA8,1.2
ATP2B3,1.2
NSD2,1.2
MAML2,1.2
SMG8,1.2
POGZ,1.2
NSUN7,1.2
ECPAS,1.2
LSR,1.2
DCLK1,1.2
SCARF1,1.2
DBX2,1.2
TTLL9,1.2
GIGYF2,1.2
TMEM87A,1.2
MAP3K20,1.2
CASK,1.2
NWD1,1.2
NPY4R,1.2
COPA,1.2
MAP3K21,1.2
TXNDC2,1.2
CACTIN,1.2
RFTN1,1.2
MAP3K4,1.2
ATG2A,1.2
TMEM63C,1.2
ATG9A,1.2
SIK2,1.2
MAGI3,1.2
RGS20,1.2
DCLK3,1.2
ATOSB,1.2
CADPS2,1.2
ZFP37,1.2
NR3C2,1.2
SCAPER,1.2
TUBA3C,1.2
SMPD4,1.2
ATP11A,1.2
FYB1,1.2
NUP153,1.2
EFHB,1.2
LRP6,1.2
LRRC7,1.2
PRG4,0.9
FLRT3,0.9
PRICKLE1,0.9
FSCB,0.9
PSKH2,0.9
TOGARAM2,0.9
SH3BP4,0.9
FOSB,0.9
SF3A1,0.9
PRR14L,0.9
PRPF39,0.9
FNDC7,0.9
PPP2R5C,0.9
PPP2R3B,0.9
FMNL1,0.9
FMNL2,0.9
FTSJ3,0.9
PRPSAP1,0.9
FXR1,0.9
PRKCSH,0.9
FUT7,0.9
TOP6BL,0.9
SH2D5,0.9
TPCN1,0.9
FNBP4,0.9
TOPBP1,0.9
TPH2,0.9
GABRR2,0.9
FOXD2,0.9
FOXD4,0.9
FYCO1,0.9
FZD1,0.9
PSD2,0.9
PRDM10,0.9
PROKR1,0.9
TNS4,0.9
FLYWCH1,0.9
FNDC3A,0.9
FREM1,0.9
GAK,0.9
PRKAG2,0.9
SEZ6L,0.9
SH3BP2,0.9
TOB1,0.9
FSTL4,0.9
SFT2D2,0.9
TP73,0.9
PRSS1,0.9
PRKCG,0.9
SEZ6,0.9
MYO1B,0.9
PSMD1,0.9
SCML4,0.9
RGL3,0.9
EEF1D,0.9
TUBGCP3,0.9
TUBGCP5,0.9
ECEL1,0.9
TULP2,0.9
EBF1,0.9
TUT7,0.9
RGS4,0.9
E2F7,0.9
TWNK,0.9
DYNC2I1,0.9
SCAF4,0.9
SCAF11,0.9
RHBDF1,0.9
DYM,0.9
TXNDC11,0.9
RHBDL3,0.9
DUSP22,0.9
DUS3L,0.9
RHPN1,0.9
RIMS1,0.9
RIMS3,0.9
DSG2,0.9
DSE,0.9
RFX4,0.9
EFCAB6,0.9
TUB,0.9
RET,0.9
SCLY,0.9
REEP1,0.9
ELOA2,0.9
SCLT1,0.9
ELMO2,0.9
ELFN1,0.9
ELF2,0.9
ELAPOR1,0.9
RESF1,0.9
TTC6,0.9
TTC7A,0.9
EIF3D,0.9
EFHC2,0.9
REV1,0.9
TTLL10,0.9
TTLL12,0.9
REV3L,0.9
SCARF2,0.9
EHD3,0.9
RFX1,0.9
EGFR,0.9
TTLL8,0.9
EFR3A,0.9
RFX2,0.9
RIN1,0.9
RIOK3,0.9
DRD5,0.9
RUFY1,0.9
DMRTB1,0.9
DMRTA2,0.9
RUNX1,0.9
DMPK,0.9
RPS6KB2,0.9
RPTOR,0.9
DLL4,0.9
DLK2,0.9
DLGAP4,0.9
RRAD,0.9
RREB1,0.9
RUBCNL,0.9
RPL3L,0.9
DLD,0.9
RRP1B,0.9
DIPK1C,0.9
DIP2C,0.9
DIO3,0.9
RTN4R,0.9
DICER1,0.9
DIAPH1,0.9
DHX9,0.9
DHX8,0.9
RTL9,0.9
UBR1,0.9
DNAAF5,0.9
U2SURP,0.9
RNF19A,0.9
DRD1,0.9
RIPOR1,0.9
DPYD,0.9
SAR1A,0.9
UBAP2L,0.9
SAMD4B,0.9
RNF139,0.9
SAMD12,0.9
DOLK,0.9
RNF157,0.9
SALL4,0.9
SAFB,0.9
DNAAF8,0.9
RNF26,0.9
RNF40,0.9
DOCK11,0.9
DNMT3A,0.9
DNM3,0.9
S1PR5,0.9
UBE4B,0.9
UBN1,0.9
S1PR4,0.9
DNAJA3,0.9
RORA,0.9
EMILIN3,0.9
RCVRN,0.9
TPTE,0.9
TTC13,0.9
TRIM17,0.9
FBXO28,0.9
PTPRH,0.9
FBXL13,0.9
FBRS,0.9
PTPRM,0.9
PTPRO,0.9
SEMA3E,0.9
PWP1,0.9
FANCA,0.9
PWWP2A,0.9
SEMA3A,0.9
PYGL,0.9
PYGM,0.9
FAM83D,0.9
TRIM60,0.9
TRIM62,0.9
QTMAN,0.9
TRIM71,0.9
SEL1L3,0.9
TRIML1,0.9
FAM178B,0.9
RAB11FIP2,0.9
FAM171B,0.9
TRMT1,0.9
FBXO5,0.9
TRIM15,0.9
FBXW2,0.9
PTH1R,0.9
FLI1,0.9
PSME4,0.9
SEPTIN8,0.9
PTGER1,0.9
TRAF3IP3,0.9
FHOD3,0.9
FHIP1B,0.9
FHAD1,0.9
TRAIP,0.9
TRAK2,0.9
PTGS2,0.9
FGF12,0.9
FBXW7,0.9
PTK2,0.9
TRARG1,0.9
PTPN13,0.9
FEM1C,0.9
SEMA6B,0.9
TREH,0.9
FCSK,0.9
PTPN7,0.9
FCRL1,0.9
FCHO1,0.9
PTPRE,0.9
FAM13A,0.9
RAB3GAP1,0.9
FAM120C,0.9
EPHA7,0.9
TSC22D1,0.9
RASGRP4,0.9
ERG,0.9
ERBB4,0.9
ERBB3,0.9
EPX,0.9
EPS8L1,0.9
EPS15L1,0.9
EPN3,0.9
EPHB4,0.9
EPHA8,0.9
RBM26,0.9
RASGRF1,0.9
RBM42,0.9
EPB41L4A,0.9
RBM46,0.9
EPB41L2,0.9
EPB41,0.9
RBM47,0.9
EP300,0.9
SCN4A,0.9
ENTPD8,0.9
RC3H2,0.9
TTBK2,0.9
RASGRP2,0.9
RAPGEF6,0.9
FAM120B,0.9
EXT1,0.9
TRO,0.9
FADS2,0.9
RAB40B,0.9
TRPC1,0.9
FAAH,0.9
RAD50,0.9
RAD54B,0.9
EYA4,0.9
EYA3,0.9
RALGAPB,0.9
EXTL1,0.9
EXOC7,0.9
ESR2,0.9
TRPM8,0.9
EXOC3L2,0.9
RALGDS,0.9
RANBP10,0.9
EXD3,0.9
RANBP17,0.9
RANBP3L,0.9
SDHA,0.9
ETV3,0.9
RAPGEF1,0.9
ESX1,0.9
RASGEF1C,0.9
PDE6A,0.9
PPP1R12C,0.9
OR5D16,0.9
ODAD1,0.9
OCSTAMP,0.9
LOXL2,0.9
NYAP1,0.9
NXPH4,0.9
NXPE3,0.9
LPCAT1,0.9
LPCAT4,0.9
LPO,0.9
STXBP5L,0.9
LRFN3,0.9
STXBP2,0.9
LRIG1,0.9
LRIT1,0.9
LRIT3,0.9
ODAD3,0.9
LONRF2,0.9
SUCLG2,0.9
OGFR,0.9
SVOP,0.9
LIG3,0.9
LILRA2,0.9
LILRA6,0.9
SV2B,0.9
SUZ12,0.9
LINC00955,0.9
SLIT1,0.9
SULF2,0.9
LMBR1,0.9
LMNA,0.9
LMOD3,0.9
SLFN14,0.9
LMX1B,0.9
SLMAP,0.9
NUTM1,0.9
NUP98,0.9
MAD1L1,0.9
LUM,0.9
LVRN,0.9
LY9,0.9
NTF4,0.9
SMC2,0.9
STK11IP,0.9
MAGEA3,0.9
NTNG2,0.9
MAGEL2,0.9
NRP2,0.9
NRIP1,0.9
NRG1,0.9
MAML1,0.9
STEAP4,0.9
STON1-GTF2A1L,0.9
LSS,0.9
NUP160,0.9
STUM,0.9
NUP155,0.9
LRPPRC,0.9
LRRC32,0.9
NUP107,0.9
SLX4,0.9
LRRC4C,0.9
LRRC66,0.9
LSP1,0.9
SMAD5,0.9
SMARCA1,0.9
LRRIQ3,0.9
LRRIQ4,0.9
NUDCD1,0.9
NTSR1,0.9
OPHN1,0.9
SYCP1,0.9
SYDE2,0.9
SLC4A5,0.9
SLC44A5,0.9
SLC45A4,0.9
SLC4A10,0.9
SLC4A3,0.9
KNL1,0.9
KPNA7,0.9
KRAS,0.9
TAS1R1,0.9
KRT10,0.9
KRT26,0.9
KRT7,0.9
OR4D6,0.9
KRT83,0.9
TAF6,0.9
KMO,0.9
TAS1R2,0.9
OR4C12,0.9
KIRREL3,0.9
OR5B3,0.9
KIFC1,0.9
TBC1D12,0.9
TBC1D10C,0.9
KIR3DL2,0.9
OR5B12,0.9
KIT,0.9
KLHL38,0.9
KL,0.9
KLF17,0.9
KLHL17,0.9
KLHL25,0.9
TAS2R38,0.9
OR52N4,0.9
TAF2,0.9
TAAR8,0.9
OPRM1,0.9
SLC9A1,0.9
SYT15,0.9
SYT14,0.9
SLC8A3,0.9
SYNPO,0.9
SLC8B1,0.9
SYNJ2,0.9
SLC9A4,0.9
SYT16,0.9
LCT,0.9
LDB2,0.9
SYNGAP1,0.9
SYNE3,0.9
SLC9A9,0.9
SLC9C2,0.9
SLC8A1,0.9
LATS1,0.9
OR2Z1,0.9
OR14J1,0.9
KSR2,0.9
OR2J1,0.9
SLC6A13,0.9
SLC6A20,0.9
SLC6A4,0.9
SLC6A5,0.9
OR13C5,0.9
LAS1L,0.9
LAMC2,0.9
LAMC3,0.9
SYTL5,0.9
OR10W1,0.9
LARP1B,0.9
LARS1,0.9
MAN2A1,0.9
MAN2A2,0.9
MAN2B2,0.9
SPINT1,0.9
SOBP,0.9
SPOCD1,0.9
MSH3,0.9
MSI2,0.9
MSL2,0.9
MST1,0.9
NEK5,0.9
SPPL3,0.9
MTAP,0.9
MTHFD1,0.9
MTHFR,0.9
MTMR6,0.9
MTMR8,0.9
MTNR1A,0.9
SPPL2A,0.9
MROH9,0.9
MTR,0.9
MPP4,0.9
NHSL1,0.9
MORN1,0.9
SNX20,0.9
MPHOSPH8,0.9
NFKB1,0.9
MPP3,0.9
MPP7,0.9
MROH7-TTC4,0.9
NFE2L3,0.9
NFE2L1,0.9
NFATC2,0.9
NEUROG3,0.9
MRE11,0.9
SPRYD3,0.9
SPG11,0.9
NDST3,0.9
NIBAN1,0.9
N4BP2,0.9
NAGLU,0.9
MYBPH,0.9
NADSYN1,0.9
NAB1,0.9
NAA25,0.9
MYH11,0.9
MYPOP,0.9
MYBPC1,0.9
MYOF,0.9
MYH9,0.9
SPATA31H1,0.9
MYOD1,0.9
MYLK3,0.9
MYO10,0.9
NALF1,0.9
SP9,0.9
NDN,0.9
MUC3A,0.9
NCOA7,0.9
NCOA2,0.9
NCL,0.9
MUC19,0.9
SOX5,0.9
MUC20,0.9
NCAPH,0.9
SP1,0.9
NCAPG2,0.9
NCAM1,0.9
NBPF3,0.9
MUS81,0.9
MUSK,0.9
MYADML2,0.9
MOCS1,0.9
MNDA,0.9
MAP10,0.9
NOLC1,0.9
MASP1,0.9
NOTCH2,0.9
MASP2,0.9
MAST3,0.9
NOP2,0.9
MATCAP2,0.9
MAZ,0.9
MARK1,0.9
MBD5,0.9
NOL8,0.9
NOL6,0.9
ST6GAL2,0.9
SNCAIP,0.9
MCF2L,0.9
MARS1,0.9
NPAS4,0.9
MCHR1,0.9
MAP3K3,0.9
NRDE2,0.9
NRDC,0.9
MAP2,0.9
NR2C2,0.9
MAP3K12,0.9
NR1D1,0.9
SMTN,0.9
NPAT,0.9
STAT3,0.9
STAT1,0.9
NPSR1,0.9
MAPK8IP1,0.9
NPHP3,0.9
NPC1,0.9
MCF2L2,0.9
SNHG28,0.9
MMRN2,0.9
MINK1,0.9
SRRM4,0.9
NISCH,0.9
MICALL2,0.9
MICU3,0.9
MIEF2,0.9
MIGA2,0.9
MIPEP,0.9
NLGN1,0.9
MKS1,0.9
SRMS,0.9
NIN,0.9
MLH3,0.9
SRGAP3,0.9
SRGAP1,0.9
NKRF,0.9
SRSF4,0.9
MCM7,0.9
MED25,0.9
MCM8,0.9
MCPH1,0.9
MCTP1,0.9
ST18,0.9
MECOM,0.9
MED15,0.9
NLRP12,0.9
MEX3B,0.9
SSH3,0.9
NLRC5,0.9
SSH1,0.9
METAP1D,0.9
METRNL,0.9
METTL25,0.9
OR5D14,0.9
KIF24,0.9
PPM1N,0.9
OR5M3,0.9
HACD2,0.9
TMCC2,0.9
TMC6,0.9
TMC3,0.9
HAUS5,0.9
SLC12A1,0.9
SLC12A6,0.9
PIDD1,0.9
PI4KB,0.9
SLC13A4,0.9
PI3,0.9
HEATR5B,0.9
HEBP2,0.9
TLR7,0.9
PHTF2,0.9
PIK3C2G,0.9
TMEM131L,0.9
PIK3C3,0.9
PLA2G4D,0.9
GRIN2C,0.9
GRIN2D,0.9
PLCZ1,0.9
GRK7,0.9
PLCB1,0.9
PLB1,0.9
GRWD1,0.9
H1-2,0.9
SKOR1,0.9
PKN1,0.9
GSTK1,0.9
TMEM163,0.9
PKMYT1,0.9
GYPB,0.9
PHTF1,0.9
HELZ,0.9
PHLPP2,0.9
PFAS,0.9
PGBD1,0.9
TKTL2,0.9
HLTF,0.9
TJP3,0.9
TJP2,0.9
TINAGL1,0.9
TIMP3,0.9
SLC17A3,0.9
HNRNPH1,0.9
HNRNPL,0.9
SLC1A6,0.9
TIAM2,0.9
PEX1,0.9
HOXA10,0.9
SLC17A6,0.9
HK3,0.9
HEPH,0.9
HGS,0.9
HERC3,0.9
TLR1,0.9
SLC16A14,0.9
PHKA2,0.9
HEYL,0.9
TLL2,0.9
HHIP,0.9
PGR,0.9
HHIPL2,0.9
HIPK1,0.9
HIPK3,0.9
PHF20,0.9
PHF14,0.9
HK2,0.9
PLD2,0.9
GRIN1,0.9
GRIK3,0.9
GGNBP2,0.9
GDF5,0.9
POLR3B,0.9
GFRA3,0.9
POLR2B,0.9
GGA3,0.9
GGCX,0.9
POLR1E,0.9
GCK,0.9
GHDC,0.9
GHSR,0.9
GIMAP1,0.9
GIMAP5,0.9
TMTC4,0.9
GIT1,0.9
TNFRSF25,0.9
POLRMT,0.9
POLD1,0.9
POU5F2,0.9
SHC3,0.9
PPFIA3,0.9
SHFL,0.9
GAREM1,0.9
GAREM2,0.9
GARIN4,0.9
GATAD1,0.9
TNK1,0.9
SHOX,0.9
SHPRH,0.9
SHROOM1,0.9
GBA2,0.9
TNK2,0.9
GBE1,0.9
GJA4,0.9
TMPRSS6,0.9
GRIK1,0.9
GPR31,0.9
GPR132,0.9
GPR146,0.9
PLPPR1,0.9
GPR161,0.9
GPR20,0.9
GPR22,0.9
GPR55,0.9
GPD2,0.9
SIRT3,0.9
PLG,0.9
PLEKHM1,0.9
PLEKHH1,0.9
GRHL2,0.9
GRID1,0.9
GPNMB,0.9
GPC1,0.9
PODXL2,0.9
GLYR1,0.9
TMPRSS15,0.9
SIGLEC12,0.9
PNPLA7,0.9
TMPRSS11A,0.9
GLP2R,0.9
GLS2,0.9
SIK3,0.9
GPATCH3,0.9
GNAZ,0.9
GOLGA2,0.9
PMFBP1,0.9
SIM1,0.9
PLXNB2,0.9
GPAA1,0.9
HOXB13,0.9
PEAR1,0.9
SLC22A12,0.9
KAZN,0.9
PACS1,0.9
SLC2A13,0.9
SLC2A5,0.9
SLC2A6,0.9
P2RY4,0.9
TBXA2R,0.9
TBX3,0.9
PACS2,0.9
P2RX1,0.9
KBTBD4,0.9
OTUD7A,0.9
OTUD4,0.9
SLC32A1,0.9
OTOP2,0.9
JPH2,0.9
PADI3,0.9
TBRG4,0.9
SLC26A3,0.9
PARP15,0.9
ITGB8,0.9
ITGBL1,0.9
ITIH1,0.9
PARP10,0.9
ITLN1,0.9
PAPPA2,0.9
PAFAH1B1,0.9
ITPRIP,0.9
PALM2AKAP2,0.9
SLC27A3,0.9
IVL,0.9
TCF3,0.9
JAG1,0.9
TBX18,0.9
SLC34A2,0.9
ITGB3,0.9
OR8D2,0.9
TBCD,0.9
KDM4A,0.9
ORC5,0.9
KEL,0.9
SLC35F4,0.9
KHDRBS2,0.9
KIAA0825,0.9
KCTD18,0.9
OR8D1,0.9
OR8B12,0.9
SLC36A2,0.9
TBC1D22B,0.9
TBC1D2,0.9
OR6P1,0.9
OSBPL11,0.9
KCTD16,0.9
KCNH4,0.9
KCNJ8,0.9
KCNH6,0.9
OSMR,0.9
OSGIN2,0.9
TBR1,0.9
KCNJ12,0.9
TBL1XR1,0.9
KCNK18,0.9
KCTD13,0.9
KCNK9,0.9
KCNMB1,0.9
KCNN1,0.9
OSBPL3,0.9
OSBPL2,0.9
OSBPL1A,0.9
PARP4,0.9
ITGAL,0.9
PDS5B,0.9
PCDHGC5,0.9
PCK1,0.9
TFR2,0.9
TFAP2D,0.9
TF,0.9
IFRD2,0.9
IFT172,0.9
IGFALS,0.9
SLC25A24,0.9
PCDHGB4,0.9
TEX14,0.9
PCDHGB3,0.9
PCDHGB1,0.9
PCDHGA7,0.9
TET2,0.9
IDE,0.9
TGFBR2,0.9
PCDHGA3,0.9
PDCD4,0.9
SLC22A25,0.9
THRAP3,0.9
SLC22A9,0.9
HOXD4,0.9
PDE7A,0.9
MYO1C,0.9
PDCD11,0.9
HTRA4,0.9
HSPA14,0.9
TGM4,0.9
PCSK1,0.9
HTR3E,0.9
HTR4,0.9
SLC25A23,0.9
IKBKE,0.9
IKZF5,0.9
ITGA6,0.9
IRAG1,0.9
PCCA,0.9
IPO9,0.9
TDRD5,0.9
PC,0.9
SLC25A4,0.9
PBRM1,0.9
SLC25A41,0.9
PCDH8,0.9
IRX4,0.9
PAXIP1,0.9
ISM1,0.9
ITGA11,0.9
ITGA2B,0.9
PARP8,0.9
IPO4,0.9
INTU,0.9
IL12RB1,0.9
TELO2,0.9
IL12RB2,0.9
IL17RA,0.9
PCDHB15,0.9
IL23R,0.9
TENM1,0.9
PCDHB14,0.9
TEKT3,0.9
PCDHA1,0.9
TEFM,0.9
INPP5E,0.9
INPP5F,0.9
INSM2,0.9
INTS15,0.9
INTS3,0.9
DHX34,0.9
ZZEF1,0.9
DHX29,0.9
CCDC91,0.9
AOC1,0.9
CCDC57,0.9
ZBTB49,0.9
CCDC66,0.9
ZBTB45,0.9
CCDC78,0.9
ANXA13,0.9
CCDC88A,0.9
ANO3,0.9
CNGB3,0.9
ANKRD53,0.9
ANKRD52,0.9
ZNF655,0.9
CNGB1,0.9
ZBTB39,0.9
AP1M1,0.9
CCER1,0.9
CNGA1,0.9
ANKRD34C,0.9
CNDP2,0.9
CCKBR,0.9
CYP4A22,0.9
ZBTB2,0.9
ANKRD13A,0.9
ANKMY1,0.9
CYP51A1,0.9
ANK1,0.9
ANGEL2,0.9
AMZ1,0.9
VSIG2,0.9
AP1G2,0.9
AP2A1,0.9
ADRA1D,0.9
APP,0.9
CC2D1B,0.9
CC2D2A,0.9
ARHGAP17,0.9
USP31,0.9
ZNF572,0.9
ZNF574,0.9
CCDC120,0.9
CXXC1,0.9
ARAP1,0.9
ZNF579,0.9
ZNF583,0.9
USP26,0.9
ZC3H7A,0.9
CNPPD1,0.9
ZNF592,0.9
AP3B1,0.9
ZNF599,0.9
API5,0.9
APCDD1L,0.9
APBB2,0.9
APBB1,0.9
CCDC174,0.9
CYLC1,0.9
CCDC181,0.9
USP19,0.9
AP5Z1,0.9
USP16,0.9
CYP1B1,0.9
AP4B1,0.9
AP3D1,0.9
ZNF697,0.9
CCPG1,0.9
ZBED4,0.9
CDH5,0.9
UPF1,0.9
DCAF12L2,0.9
AK7,0.9
AJM1,0.9
AIRE,0.9
AIM2,0.9
CDH1,0.9
AIFM2,0.9
CDH15,0.9
DCAF6,0.9
CDH17,0.9
CDH22,0.9
DCAF8L1,0.9
CDH4,0.9
CDH6,0.9
AMER3,0.9
VTN,0.9
ZNF784,0.9
DCDC1,0.9
VWA3B,0.9
AGGF1,0.9
AFP,0.9
AFM,0.9
CDON,0.9
XAB2,0.9
AFAP1L2,0.9
WWP1,0.9
DCST2,0.9
ZNF800,0.9
WRNIP1,0.9
CLSPN,0.9
AKAP3,0.9
XRN1,0.9
ZNF768,0.9
AMER2,0.9
AMER1,0.9
AMBN,0.9
ZBBX,0.9
ALPP,0.9
ALPK3,0.9
ZAR1L,0.9
ALPG,0.9
DACT1,0.9
ZNF711,0.9
CD163,0.9
CD163L1,0.9
ZNF716,0.9
VSIR,0.9
URB1,0.9
ZNF729,0.9
ALDH9A1,0.9
ZNF74,0.9
ALDH5A1,0.9
ALDH3A1,0.9
YJU2B,0.9
ALDH1A1,0.9
ALB,0.9
AKT1,0.9
CLU,0.9
XYLT2,0.9
XYLT1,0.9
CLTCL1,0.9
CD84,0.9
ARHGAP30,0.9
ARHGAP36,0.9
ARHGEF11,0.9
B3GAT1,0.9
BAZ1A,0.9
VIM,0.9
C1ORF159,0.9
BARD1,0.9
BAP1,0.9
ZNF335,0.9
BAHD1,0.9
BAG6,0.9
BACH1,0.9
B4GALT2,0.9
B3GNT9,0.9
C1S,0.9
B3GAT3,0.9
ZMIZ1,0.9
ZNF366,0.9
C6ORF118,0.9
ATXN7L2,0.9
ATXN3,0.9
ZNF395,0.9
CSDE1,0.9
ATRIP,0.9
ATP9A,0.9
ATP8B2,0.9
C3,0.9
ATP6V0A4,0.9
CORO2B,0.9
ZKSCAN2,0.9
CORO1B,0.9
ZNF432,0.9
ZNF438,0.9
BAZ1B,0.9
BAZ2B,0.9
CPNE3,0.9
BBS12,0.9
BNC2,0.9
BPI,0.9
ZNF236,0.9
BMP7,0.9
BMP2,0.9
ZNF254,0.9
BLZF1,0.9
BLVRA,0.9
BRAT1,0.9
BLTP2,0.9
BID,0.9
CR1L,0.9
BRINP1,0.9
BRINP2,0.9
BRIP1,0.9
BRSK1,0.9
ZNF205,0.9
BTBD8,0.9
CPT2,0.9
BCL7C,0.9
CPT1B,0.9
C11ORF16,0.9
BCL11B,0.9
CRIM1,0.9
VGLL3,0.9
BCAR3,0.9
CPNE6,0.9
C15ORF39,0.9
ZNF142,0.9
ATP1A2,0.9
ATP13A4,0.9
CNR2,0.9
ZNF532,0.9
COG7,0.9
ARVCF,0.9
CAPN2,0.9
USP47,0.9
ARSD,0.9
CAPRIN2,0.9
ZNF513,0.9
ZDHHC5,0.9
ARNT,0.9
ARMH4,0.9
ZDHHC4,0.9
COBL,0.9
COASY,0.9
CARMIL1,0.9
CARMIL3,0.9
ATP13A3,0.9
CASC3,0.9
CASKIN1,0.9
CASP1,0.9
ZNF540,0.9
CNTN5,0.9
CUL1,0.9
ZNF555,0.9
CNTN3,0.9
ARID4B,0.9
CAVIN2,0.9
CNST,0.9
CBFA2T2,0.9
ZCCHC8,0.9
ARHGEF2,0.9
CTNND1,0.9
ZEB2,0.9
USP5,0.9
COL21A1,0.9
C7,0.9
ATP13A2,0.9
ATP13A1,0.9
VNN2,0.9
CSNK1G2,0.9
ATP10D,0.9
ZGRF1,0.9
ATL3,0.9
COPG1,0.9
COPE,0.9
ZFR,0.9
VPS16,0.9
CACNA1D,0.9
CACNA2D4,0.9
CACNB1,0.9
ASPHD2,0.9
ASPHD1,0.9
CACNG3,0.9
CADM4,0.9
CALCOCO1,0.9
CALD1,0.9
COL4A6,0.9
CALHM1,0.9
CAMK2A,0.9
CTCFL,0.9
ZFAT,0.9
COL24A1,0.9
CAMSAP2,0.9
CTDSPL2,0.9
CELA3B,0.9
ZNF234,0.9
ACO2,0.9
ABCA6,0.9
ACADL,0.9
ADCY4,0.9
ADCY3,0.9
ACTG1,0.9
WDR17,0.9
WDR48,0.9
CFHR4,0.9
WDR49,0.9
DDX54,0.9
ADCK2,0.9
ACAD9,0.9
ZNF862,0.9
CERKL,0.9
CLCN6,0.9
ABCF2,0.9
CHRNA4,0.9
ADCY7,0.9
DGKG,0.9
ABCB5,0.9
ACSL4,0.9
ZSCAN20,0.9
ZSCAN21,0.9
CHLSN,0.9
ACSM4,0.9
DGKZ,0.9
UNC45B,0.9
CHTF18,0.9
ACSS1,0.9
CEP295,0.9
CEP68,0.9
ACTA2,0.9
WDR45B,0.9
WFIKKN1,0.9
ACAD8,0.9
ZSCAN29,0.9
WNK4,0.9
CKM,0.9
WDHD1,0.9
CFAP69,0.9
CHRM3,0.9
ACVR1C,0.9
WDR62,0.9
ADAM8,0.9
WDR20,0.9
ZSWIM2,0.9
CFAP58,0.9
DDX27,0.9
ABI3BP,0.9
DDX25,0.9
ADAM2,0.9
DES,0.9
WIPF3,0.9
ZNF99,0.9
CFH,0.9
CLEC17A,0.9
ABCG8,0.9
ADAMTS7,0.9
WASHC5,0.9
DDX43,0.9
WIZ,0.9
ABTB2,0.9
ADAMTS16,0.9
WDR3,0.9
DDX4,0.9
DDX10,0.9
DDX39B,0.9
DDX11,0.9
ADAMTS14,0.9
UNC13B,0.9
CEP170B,0.9
DDX60,0.9
ABLIM1,0.9
DCTN1,0.9
ABAT,0.9
UNC5A,0.9
CEP126,0.9
DEAF1,0.9
ZNF813,0.9
CENPE,0.9
DEDD2,0.9
WNT5A,0.9
ADGRL2,0.9
CLIP2,0.9
ZXDB,0.9
ABCA10,0.9
WDR1,0.9
UHRF2,0.9
ACSBG1,0.9
CEP164,0.9
CHD2,0.9
AARS2,0.9
CHGB,0.9
ACP4,0.9
WNT6,0.9
CHDH,0.9
UGGT1,0.9
ZNF841,0.9
ACLY,0.9
ACOT11,0.9
DEF6,0.9
CEP152,0.9
DHX15,0.9
ADRA1A,0.9
A2ML1,0.9
HOXB5,0.7
CABP4,0.7
MARK3,0.7
HIF3A,0.7
MCCC1,0.7
CABP2,0.7
MARVELD3,0.7
MARCHF6,0.7
LRRFIP1,0.7
WDR73,0.7
ZFP91,0.7
LRRFIP2,0.7
TLE2,0.7
MARCHF11,0.7
CA9,0.7
HMBS,0.7
HIF1AN,0.7
WDR81,0.7
MCM4,0.7
CACNB2,0.7
MCM6,0.7
ZHX2,0.7
LRRC40,0.7
LRRC34,0.7
CARD8,0.7
ST8SIA5,0.7
CHRNA1,0.7
MC4R,0.7
MC3R,0.7
LRRC47,0.7
CHD1L,0.7
ST3GAL6,0.7
HK1,0.7
LRRC43,0.7
STT3A,0.7
CARD17P,0.7
STS,0.7
MC2R,0.7
C9,0.7
HIRA,0.7
MBOAT7,0.7
MBNL2,0.7
C8A,0.7
MAP7D1,0.7
MBL2,0.7
MCHR2,0.7
CAPZB,0.7
MCM10,0.7
LRRC8D,0.7
ST7L,0.7
HIPK4,0.7
ST8SIA3,0.7
MCM3,0.7
THSD4,0.7
ZFYVE1,0.7
STARD13,0.7
CAPN10,0.7
MAP6,0.7
MAP4K3,0.7
CHIT1,0.7
MAGEA10,0.7
HOXA2,0.7
MAGEA11,0.7
CAPN15,0.7
MAGEA4,0.7
MAGEB10,0.7
MAGEB3,0.7
MAGEB6,0.7
CHML,0.7
MAGEC3,0.7
HOXA4,0.7
MAGED1,0.7
MAGED2,0.7
CAMK1D,0.7
MAFA,0.7
TIGD3,0.7
TICAM1,0.7
STK24,0.7
STK38L,0.7
TIE1,0.7
STK31,0.7
CAMTA2,0.7
HNRNPUL2,0.7
LUZP1,0.7
TICRR,0.7
CAMK4,0.7
MAB21L2,0.7
LUC7L,0.7
HNRNPU,0.7
MACO1,0.7
LTK,0.7
LTF,0.7
MAK,0.7
THUMPD1,0.7
CALHM3,0.7
LRSAM1,0.7
MAP3K15,0.7
STAT4,0.7
LRTM2,0.7
ZFP62,0.7
MAP3K5,0.7
LRTM1,0.7
STAT2,0.7
MAP3K10,0.7
MAP3K8,0.7
MAP4K1,0.7
LRRTM2,0.7
LRRN2,0.7
LRRN1,0.7
MAP4K2,0.7
TIMM44,0.7
LRWD1,0.7
CAPN6,0.7
MAN2C1,0.7
STC2,0.7
HNRNPA2B1,0.7
MAN2B1,0.7
STOX1,0.7
TIMELESS,0.7
ZDHHC8,0.7
MANEA,0.7
MAP3K1,0.7
STPG3,0.7
CALCR,0.7
MAP1S,0.7
MAP2K1,0.7
CAGE1,0.7
STAT5A,0.7
LRRTM1,0.7
IQCF2,0.7
MCMDC2,0.7
MSH5,0.7
MRGPRX1,0.7
MRI1,0.7
SPSB4,0.7
MRM3,0.7
HDAC7,0.7
ZNF148,0.7
MRPL24,0.7
MRPL35,0.7
TM4SF20,0.7
SPRED2,0.7
MRPL9,0.7
MRPS25,0.7
MRS2,0.7
MRTFA,0.7
ZNF160,0.7
SPMIP9,0.7
SPMAP2,0.7
HDAC11,0.7
ZNF169,0.7
HDC,0.7
MR1,0.7
TLX3,0.7
SRD5A3,0.7
MMP25,0.7
MMP27,0.7
MMP8,0.7
C1ORF174,0.7
MMS22L,0.7
C1ORF167,0.7
HECTD3,0.7
SREBF1,0.7
MOGAT2,0.7
C16ORF96,0.7
CIAO1,0.7
HEATR4,0.7
HDHD3,0.7
MON1A,0.7
MORC3,0.7
MPDZ,0.7
MPO,0.7
MPP2,0.7
HCK,0.7
HCFC1,0.7
MCRS1,0.7
MSLN,0.7
SPDYE3,0.7
TMC5,0.7
ZNF217,0.7
BRD9,0.7
BRD8,0.7
BRD7,0.7
HARS2,0.7
BRD2,0.7
HARS1,0.7
WDR35,0.7
HAPLN1,0.7
MYC,0.7
SPATA9,0.7
ZNF225,0.7
TMCC1,0.7
CIPC,0.7
ZNF229,0.7
HAL,0.7
MYH15,0.7
TMC2,0.7
HAUS3,0.7
TMA16,0.7
SPHK1,0.7
MSRB3,0.7
HCAR1,0.7
BUB1,0.7
SPIB,0.7
BTNL8,0.7
BTNL3,0.7
MTFR2,0.7
ZNF197,0.7
MTIF2,0.7
SPECC1,0.7
MTMR11,0.7
MTMR12,0.7
BTN3A1,0.7
BTBD9,0.7
HBQ1,0.7
MTRR,0.7
TM9SF4,0.7
BTBD1,0.7
C1ORF198,0.7
MMP15,0.7
CHSY3,0.7
MMP14,0.7
LRRC31,0.7
MEGF6,0.7
CHRNB1,0.7
MEI1,0.7
MEIOC,0.7
HGD,0.7
SSMEM1,0.7
C2ORF81,0.7
CHRNB3,0.7
MEN1,0.7
CHRNB4,0.7
ZKSCAN5,0.7
CHRNE,0.7
MEP1B,0.7
C2ORF69,0.7
MESD,0.7
SSC5D,0.7
CHST12,0.7
C2CD5,0.7
MEF2C,0.7
MEDAG,0.7
SSRP1,0.7
C5ORF34,0.7
ZIC3,0.7
HIBCH,0.7
MDH1B,0.7
MDM1,0.7
MDM2,0.7
TLK2,0.7
ME2,0.7
HHIPL1,0.7
C5AR2,0.7
MED29,0.7
ST14,0.7
WDR59,0.7
MED14,0.7
TLL1,0.7
HGFAC,0.7
ZKSCAN3,0.7
C4BPA,0.7
SSTR2,0.7
METAP2,0.7
SSBP4,0.7
METTL17,0.7
ZMYM5,0.7
CHST2,0.7
MINDY1,0.7
CHST3,0.7
MINDY2,0.7
MINDY4,0.7
MIP,0.7
MITF,0.7
ZMYM4,0.7
MLH1,0.7
SRRM1,0.7
TLR5,0.7
MLKL,0.7
MLLT1,0.7
MLLT10,0.7
MLLT6,0.7
MME,0.7
SRGAP2,0.7
MMP13,0.7
SRPRA,0.7
MID2,0.7
METTL25B,0.7
MFSD6L,0.7
METTL9,0.7
MEX3A,0.7
SRSF6,0.7
MEX3D,0.7
C2CD2L,0.7
SRSF3,0.7
MFHAS1,0.7
MFN2,0.7
C22ORF31,0.7
MICU1,0.7
MGAT1,0.7
MGAT4A,0.7
TLR2,0.7
SRRM5,0.7
HERC4,0.7
CHST13,0.7
MIA2,0.7
MICALL1,0.7
MEFV,0.7
ZCCHC7,0.7
LRRC17,0.7
CEPT1,0.7
CEP97,0.7
KIAA0408,0.7
KIAA0513,0.7
CD22,0.7
KIAA1586,0.7
KIAA1614,0.7
KIAA1755,0.7
KIAA1958,0.7
TBC1D21,0.7
CD248,0.7
CD2,0.7
CD19,0.7
IL10RA,0.7
KIF17,0.7
CD180,0.7
TET1,0.7
CERK,0.7
KIF1C,0.7
CEP70,0.7
KIAA0319,0.7
CCT7,0.7
KCTD8,0.7
KCNV2,0.7
CD44,0.7
TERF2,0.7
KCTD17,0.7
YIPF7,0.7
TBC1D9B,0.7
TBC1D9,0.7
IL17RE,0.7
KDM1A,0.7
TBC1D2B,0.7
YLPM1,0.7
KDM4E,0.7
KDM5B,0.7
KDM5C,0.7
CD300E,0.7
YOD1,0.7
YTHDC1,0.7
TBC1D31,0.7
KIF21B,0.7
KIF3A,0.7
KLKB1,0.7
ZBTB10,0.7
ZBED5,0.7
KLHL12,0.7
CETP,0.7
KLHL18,0.7
KLHL20,0.7
KLHL21,0.7
ZBTB1,0.7
WIPI2,0.7
KLHL3,0.7
KLHDC2,0.7
CCNL2,0.7
CCNK,0.7
KLHL41,0.7
WIPI1,0.7
TAS2R3,0.7
KLHL7,0.7
KLK10,0.7
KLK8,0.7
KLHDC7A,0.7
KLF9,0.7
TBC1D16,0.7
CCR8,0.7
ZAP70,0.7
KIF5C,0.7
KIF6,0.7
IHH,0.7
KIF9,0.7
KIFAP3,0.7
CES1,0.7
KIR2DL1,0.7
KISS1R,0.7
KLF15,0.7
ZBED10P,0.7
CCR6,0.7
IGSF22,0.7
KLB,0.7
KLC1,0.7
TAX1BP1,0.7
TATDN1,0.7
IGSF21,0.7
KCNN4,0.7
TBK1,0.7
KCNK2,0.7
CDK17,0.7
CDKL1,0.7
ITIH2,0.7
CDK8,0.7
ITIH4,0.7
CENPN,0.7
ITK,0.7
INSYN1,0.7
WNT5B,0.7
CENPU,0.7
CDKN2A,0.7
ITPR3,0.7
CDK15,0.7
ITPRID2,0.7
CDK10,0.7
TCF7,0.7
TCF4,0.7
CDHR4,0.7
CDH26,0.7
ITGB6,0.7
ITGB2,0.7
KCNK16,0.7
IRX2,0.7
TDRD3,0.7
CELA3A,0.7
IQGAP2,0.7
CECR2,0.7
CELF3,0.7
TDRKH,0.7
WSCD1,0.7
IRX1,0.7
IRX6,0.7
INTS4,0.7
WT1,0.7
ISLR,0.7
CELF6,0.7
ITGA7,0.7
IPO5,0.7
ITGA9,0.7
CDR2,0.7
XAGE5,0.7
JMJD4,0.7
JMJD6,0.7
JMY,0.7
IL6ST,0.7
CDC25B,0.7
TBX2,0.7
CDC23,0.7
KCNF1,0.7
KCNG1,0.7
ILDR2,0.7
CDC123,0.7
KCNH3,0.7
XRRA1,0.7
CDH2,0.7
CD96,0.7
XYLB,0.7
CEP290,0.7
KCNJ3,0.7
IL4R,0.7
KCNJ5,0.7
WNT2B,0.7
TENT4A,0.7
KCNC1,0.7
CDC27,0.7
KCNA6,0.7
CDC37,0.7
JUNB,0.7
INPP5D,0.7
CDH16,0.7
INPP5B,0.7
INPP4A,0.7
CDH10,0.7
TCAIM,0.7
CEP135,0.7
XPNPEP3,0.7
INHBB,0.7
INF2,0.7
KAT14,0.7
KAT5,0.7
TEK,0.7
IMMT,0.7
XPOT,0.7
KBTBD6,0.7
TAS1R3,0.7
CCNG2,0.7
HOXD11,0.7
SV2C,0.7
HSF4,0.7
LHX4,0.7
HSF2BP,0.7
LIAS,0.7
LIF,0.7
LIFR,0.7
LILRA3,0.7
LILRA4,0.7
THAP9,0.7
LHFPL6,0.7
CCAR1,0.7
HSD17B2,0.7
LILRB3,0.7
HS6ST2,0.7
CGREF1,0.7
LIMD1,0.7
SUSD1,0.7
SUPT7L,0.7
LHX1,0.7
LHFPL3,0.7
SUPT6H,0.7
CCDC14,0.7
LCTL,0.7
CCDC158,0.7
LDHD,0.7
LDLRAD1,0.7
LEMD3,0.7
CCDC142,0.7
ZC3H6,0.7
LEPR,0.7
HSPA4L,0.7
HSF5,0.7
LGALS14,0.7
HSPA2,0.7
LGALS3BP,0.7
CFHR5,0.7
HSP90AA1,0.7
LGI3,0.7
CCDC13,0.7
CCDC125,0.7
HS3ST4,0.7
CBX8,0.7
WIPF1,0.7
LRCH3,0.7
CATSPERE,0.7
LOXL1,0.7
LOXL4,0.7
CAT,0.7
HPSE,0.7
CHAT,0.7
LPIN2,0.7
CASP5,0.7
LRFN1,0.7
HRAS,0.7
THG1L,0.7
CASP14,0.7
HPS3,0.7
HPR,0.7
CASKIN2,0.7
HPDL,0.7
ZDHHC18,0.7
HOXD9,0.7
SUCLA2,0.7
LNPEP,0.7
SUPT3H,0.7
LIPT1,0.7
SUPT20H,0.7
ZCCHC2,0.7
SULT6B1,0.7
SULT4A1,0.7
LINGO1,0.7
LINGO2,0.7
SULT2A1,0.7
CHADL,0.7
SULT1B1,0.7
CAVIN3,0.7
LMBRD2,0.7
HRH4,0.7
SUGT1,0.7
SUGP2,0.7
LMO7,0.7
CBLIF,0.7
CELF2,0.7
CHAF1B,0.7
ZC3H14,0.7
CFHR3,0.7
TGM3,0.7
KRT79,0.7
KRT38,0.7
KRT5,0.7
KRT6A,0.7
IFI16,0.7
TFPI2,0.7
CFAP45,0.7
WFS1,0.7
KRT75,0.7
BOLL,0.7
TFDP1,0.7
CCDC90B,0.7
TGFB1I1,0.7
TAF6L,0.7
ICAM5,0.7
KRTAP10-10,0.7
TAF5,0.7
CCDC86,0.7
ZBTB40,0.7
IFI44L,0.7
CCHCR1,0.7
TGM2,0.7
TARM1,0.7
CCNF,0.7
ZBTB17,0.7
CFAP210,0.7
KMT5B,0.7
TEX44,0.7
CCN3,0.7
KNSTRN,0.7
KNTC1,0.7
CCM2L,0.7
KRT36,0.7
KRT1,0.7
TAOK2,0.7
KRT12,0.7
WHR1,0.7
TFAP2C,0.7
TANGO6,0.7
KRT23,0.7
KRT35,0.7
TAF1A,0.7
TAF1,0.7
TADA3,0.7
LCE2A,0.7
LATS2,0.7
LAX1,0.7
LBP,0.7
TGFBR1,0.7
HUNK,0.7
LBR,0.7
CCDC186,0.7
LCA5L,0.7
LCE2C,0.7
TADA2B,0.7
SYNRG,0.7
TGFBR3,0.7
SYNPO2L,0.7
HTR1E,0.7
HTATSF1,0.7
HSPH1,0.7
CCDC178,0.7
LCP1,0.7
ZC2HC1C,0.7
LARP4,0.7
HYAL1,0.7
ZBTB9,0.7
CCDC8,0.7
KRTAP5-5,0.7
KY,0.7
L1TD1,0.7
TAAR6,0.7
L3MBTL1,0.7
CFAP70,0.7
ZBTB7A,0.7
CCDC6,0.7
CCDC50,0.7
IBSP,0.7
CCDC39,0.7
ZBTB8B,0.7
IARS1,0.7
SYT4,0.7
LARGE1,0.7
LARGE2,0.7
KRT8,0.7
NFKBIE,0.7
ZNF233,0.7
SH2D3A,0.7
PPP2R2B,0.7
PPP2R3A,0.7
PPP2R5B,0.7
SH3BP1,0.7
PPP3R1,0.7
AKNAD1,0.7
PPP6R1,0.7
PPP6R2,0.7
AKAP4,0.7
AKAP13,0.7
PRAG1,0.7
PPP2CA,0.7
AKAP12,0.7
SGSM3,0.7
PRDM1,0.7
AKAP10,0.7
PRDM11,0.7
SGO2,0.7
AKAP1,0.7
AK9,0.7
PRDM16,0.7
PRELP,0.7
PPP2R2A,0.7
PPP1R36,0.7
SLC16A7,0.7
ZNF750,0.7
SHMT2,0.7
POTEG,0.7
SHKBP1,0.7
POU2F2,0.7
POU6F2,0.7
PPAN,0.7
PPARGC1A,0.7
ALDH2,0.7
ZNF749,0.7
PPFIA1,0.7
PPFIA4,0.7
SH3RF2,0.7
PPHLN1,0.7
ALDH16A1,0.7
PPIP5K2,0.7
PPM1D,0.7
PPM1F,0.7
PPP1CA,0.7
SH3TC2,0.7
PPP1R13L,0.7
SH3TC1,0.7
PPP1R18,0.7
PREPL,0.7
ZNF772,0.7
PRKAB1,0.7
AFF3,0.7
PRR23B,0.7
SETD6,0.7
PRR7,0.7
AGBL3,0.7
AGBL2,0.7
ZNF788P,0.7
ZNF790,0.7
PRSS58,0.7
ZNF799,0.7
SERPINI2,0.7
SERPINC1,0.7
PRKACG,0.7
SERPINB6,0.7
SERPINA6,0.7
SERPINA3,0.7
PSMC4,0.7
AFAP1L1,0.7
AFAP1,0.7
PSMD5,0.7
SERINC2,0.7
SERF2,0.7
SEPTIN9,0.7
SETX,0.7
AGK,0.7
AGO1,0.7
AGO2,0.7
ZNF775,0.7
PRKAR1B,0.7
ZNF777,0.7
PRKD1,0.7
PRKG1,0.7
PRKG2,0.7
PRKN,0.7
PRKRA,0.7
PRLR,0.7
AHCTF1,0.7
PRND,0.7
SFI1,0.7
PROCR,0.7
PROKR2,0.7
AGTPBP1,0.7
PROM2,0.7
PROS1,0.7
ZNF783,0.7
AGO4,0.7
SF1,0.7
SEZ6L2,0.7
POT1,0.7
POR,0.7
POMGNT1,0.7
PISD,0.7
ZNF668,0.7
ANKRD26,0.7
ZNF669,0.7
ANKRD23,0.7
ANKRD18B,0.7
PIK3R3,0.7
PIK3R4,0.7
PIK3R5,0.7
PIP4K2A,0.7
PIP5K1A,0.7
ANKRD13C,0.7
ZNF679,0.7
PIWIL3,0.7
PJVK,0.7
ANKLE2,0.7
PKD1L2,0.7
ANKLE1,0.7
ANKEF1,0.7
PKN3,0.7
PKP3,0.7
PLA2G15,0.7
SKIC8,0.7
ZNF667,0.7
ANKRD30B,0.7
ZNF662,0.7
ANKRD34B,0.7
PHF10,0.7
PHF12,0.7
PHF21A,0.7
PHF3,0.7
PHF8,0.7
PHKB,0.7
PHKG1,0.7
ZNF644,0.7
PHOSPHO2,0.7
ANKS1B,0.7
SLC15A4,0.7
ZNF649,0.7
SLC13A2,0.7
PICK1,0.7
ANKRD44,0.7
PIGB,0.7
PIGG,0.7
PIGM,0.7
PIGO,0.7
ANKRD36,0.7
PIGT,0.7
PLA2G5,0.7
PLAT,0.7
POM121L2,0.7
PODN,0.7
PMEL,0.7
PMPCA,0.7
PNKD,0.7
PNKP,0.7
SIGLEC9,0.7
PNMA3,0.7
PNMA5,0.7
ZNF71,0.7
ALKBH8,0.7
POC1B,0.7
SIDT2,0.7
PLCD3,0.7
ZNF721,0.7
SIAE,0.7
POLM,0.7
POLN,0.7
POLR1B,0.7
ALG13,0.7
POLR3C,0.7
POLR3E,0.7
POLR3GL,0.7
SHROOM2,0.7
ZNF708,0.7
PLXNC1,0.7
PLXNA3,0.7
PLXDC1,0.7
ANAPC2,0.7
AMT,0.7
PLD5,0.7
AMPD3,0.7
PLEKHG2,0.7
PLEKHG3,0.7
ZNF7,0.7
AMIGO3,0.7
PLEKHH2,0.7
PLEKHH3,0.7
PLEKHN1,0.7
PLEKHO1,0.7
PLEKHS1,0.7
PLIN5,0.7
AMDHD2,0.7
PLPBP,0.7
PLPP1,0.7
PLPPR3,0.7
AMACR,0.7
ALX1,0.7
PLTP,0.7
PTAR1,0.7
PTBP3,0.7
SEPTIN10,0.7
RIN3,0.7
ACBD4,0.7
ZSCAN25,0.7
RHBG,0.7
RHO,0.7
SBF2,0.7
SAXO1,0.7
RIBC2,0.7
RIC1,0.7
SATB2,0.7
ACAD10,0.7
RIPOR2,0.7
RNF112,0.7
RIPOR3,0.7
ABR,0.7
RLF,0.7
RMDN2,0.7
RMI1,0.7
RMND1,0.7
SAP130,0.7
SAMM50,0.7
SAMHD1,0.7
RNASEH2A,0.7
SCAI,0.7
ZSCAN18,0.7
RGS6,0.7
ACE,0.7
SCMH1,0.7
RECK,0.7
RECQL,0.7
ACP7,0.7
ACP3,0.7
REPIN1,0.7
REST,0.7
ACOX2,0.7
ZRSR2,0.7
REXO1,0.7
REXO4,0.7
SCFD2,0.7
SCARB2,0.7
RFX5,0.7
RFX7,0.7
RFX8,0.7
RFXANK,0.7
RGL1,0.7
RGL2,0.7
ZSCAN12,0.7
ACE2,0.7
RNASEL,0.7
RNF123,0.7
ACSF2,0.7
RPS6KA5,0.7
RPH3A,0.7
ABCB6,0.7
ABCB1,0.7
RXRA,0.7
RXFP4,0.7
ABCA12,0.7
RWDD2A,0.7
RUSC2,0.7
RPS6KA1,0.7
AATK,0.7
AASS,0.7
SAMD4A,0.7
RUNDC3B,0.7
RRAGA,0.7
RRN3,0.7
AADACL4,0.7
RTTN,0.7
RSC1A1,0.7
AAAS,0.7
A3GALT2,0.7
RTEL1,0.7
RTF1,0.7
RPF1,0.7
RPAP3,0.7
RPA4,0.7
ABCC4,0.7
ABI1,0.7
ZSCAN5B,0.7
RNF152,0.7
ABHD5,0.7
SALL2,0.7
SAGE1,0.7
ZSWIM4,0.7
RNF25,0.7
ZSWIM5,0.7
RNFT2,0.7
RNH1,0.7
SAAL1,0.7
ZSWIM6,0.7
ROBO3,0.7
ROCK1,0.7
ROCK2,0.7
ROMO1,0.7
ROR1,0.7
ZUP1,0.7
ABCD1,0.7
ABCC5,0.7
ACSBG2,0.7
ACSL3,0.7
ADRA2A,0.7
SELP,0.7
SEMA3G,0.7
PUS7,0.7
ADGRD2,0.7
ADD3,0.7
PWWP2B,0.7
ADCYAP1,0.7
PWWP3B,0.7
PXDN,0.7
ADCY9,0.7
SELPLG,0.7
PXYLP1,0.7
ZNF875,0.7
PYROXD1,0.7
PYROXD2,0.7
QARS1,0.7
SELENON,0.7
QSOX2,0.7
ADAR,0.7
SECISBP2L,0.7
RAB11FIP1,0.7
RAB11FIP3,0.7
SEC62,0.7
PURA,0.7
PUM1,0.7
PUF60,0.7
PTX4,0.7
PTGES2,0.7
PTGES3L-AARSD1,0.7
ZNF805,0.7
SENP5,0.7
ZNF808,0.7
PTK6,0.7
SENP1,0.7
PTPDC1,0.7
PTPN12,0.7
ADO,0.7
PTPN22,0.7
ADNP,0.7
ZNF814,0.7
ZNF827,0.7
PTPRK,0.7
ZNF844,0.7
PTPRR,0.7
ADGRF2P,0.7
PTPRT,0.7
ZNF845,0.7
ADGRE1,0.7
SEC24B,0.7
RAB3IP,0.7
RCC2,0.7
SCP2,0.7
SDAD1,0.7
SCYL3,0.7
ACTN4,0.7
RASSF5,0.7
RASSF6,0.7
RAVER1,0.7
RBBP8NL,0.7
SCPEP1,0.7
RBM12B,0.7
RBM19,0.7
ACTG2,0.7
ADAMTS18,0.7
RBM28,0.7
ACTB,0.7
RBM39,0.7
SCNN1D,0.7
SCNN1B,0.7
RBM5,0.7
RBM6,0.7
RBMS3,0.7
SCN7A,0.7
ZP4,0.7
RASAL2,0.7
ACTR6,0.7
RASA3,0.7
SDCBP2,0.7
ADAMTS17,0.7
SEC14L5,0.7
RABGAP1L,0.7
RACK1,0.7
RAD17,0.7
ADAM9,0.7
ADAM7,0.7
ADAM33,0.7
RAF1,0.7
RAG1,0.7
ADAM30,0.7
RAI14,0.7
RALBP1,0.7
ADAM17,0.7
ADAM11,0.7
ADAD1,0.7
ADA2,0.7
RANBP6,0.7
RANGAP1,0.7
ZNF98,0.7
RARA,0.7
SLC16A6,0.7
PHC3,0.7
MYL1,0.7
NR6A1,0.7
ATRN,0.7
NPHP1,0.7
NPHP4,0.7
SMYD3,0.7
ATP8B1,0.7
NPLOC4,0.7
ATP7A,0.7
ATP6V1H,0.7
SMPD3,0.7
NR5A2,0.7
NRBP1,0.7
NOXO1,0.7
NRBP2,0.7
ATP6V1B1,0.7
ZNF416,0.7
ATP6V0A2,0.7
ATP6V0A1,0.7
NRK,0.7
SMCR8,0.7
ATP2B2,0.7
SMC6,0.7
NSRP1,0.7
ATXN1L,0.7
NOX4,0.7
PHACTR1,0.7
NOC3L,0.7
B3GLCT,0.7
NLRP10,0.7
NLRP13,0.7
NLRP9,0.7
NMD3,0.7
SNPH,0.7
NMUR1,0.7
AZGP1,0.7
SND1,0.7
NOBOX,0.7
AXL,0.7
NOVA2,0.7
AXIN2,0.7
AWAT2,0.7
ZNF384,0.7
AVPR1B,0.7
AVL9,0.7
AVIL,0.7
NOM1,0.7
AURKA,0.7
SNAP91,0.7
ATXN7,0.7
ATP2A1,0.7
NT5C1B,0.7
NT5C3A,0.7
ODAD2,0.7
NXPH1,0.7
ZNF445,0.7
ATF7IP,0.7
NYX,0.7
SLITRK1,0.7
OASL,0.7
ZNF454,0.7
ATF2,0.7
OCA2,0.7
OCRL,0.7
ATAT1,0.7
ATP1A3,0.7
ODF2,0.7
ODF2L,0.7
SLFNL1,0.7
ZNF467,0.7
OGFOD1,0.7
OGFOD3,0.7
OGFRL1,0.7
OIT3,0.7
OLFM1,0.7
ZNF471,0.7
NXPE1,0.7
SLITRK4,0.7
ATG16L2,0.7
SLITRK6,0.7
SMC1A,0.7
NTMT2,0.7
ZNF440,0.7
NTRK1,0.7
NTSR2,0.7
NUAK1,0.7
NUAK2,0.7
SMARCB1,0.7
SMARCA4,0.7
ATP11C,0.7
SMAD7,0.7
ATP10B,0.7
ATOSA,0.7
ATOH1,0.7
NUP188,0.7
NUP42,0.7
NUP88,0.7
NUP93,0.7
ATG7,0.7
NUTM2F,0.7
NVL,0.7
NLGN4X,0.7
NKX2-5,0.7
NKD2,0.7
NBR1,0.7
BEST3,0.7
BEST2,0.7
BEND5,0.7
SP6,0.7
BEND3,0.7
ZNF282,0.7
NBAS,0.7
NBN,0.7
BCORL1,0.7
NBPF14,0.7
NCBP3,0.7
NDRG3,0.7
NCDN,0.7
NCKAP1L,0.7
ZNF311,0.7
BCKDK,0.7
NCOA6,0.7
BCKDHA,0.7
ZNF318,0.7
NCR2,0.7
SOX13,0.7
NDNF,0.7
BFAR,0.7
BFSP1,0.7
BFSP2,0.7
ZNF281,0.7
BNC1,0.7
BMS1,0.7
MYO1D,0.7
MYO1F,0.7
ZNF253,0.7
MYO6,0.7
BLTP3A,0.7
BLK,0.7
MYOM2,0.7
ZNF267,0.7
ZNF268,0.7
BICRAL,0.7
MYRIP,0.7
SPATA22,0.7
SPATA21,0.7
SPATA20,0.7
SPATA17,0.7
SPATA16,0.7
NAA50,0.7
NAA80,0.7
NAB2,0.7
NDOR1,0.7
NDST2,0.7
NKD1,0.7
NFKBIZ,0.7
SNX33,0.7
SNX32,0.7
SNX31,0.7
NFATC4,0.7
ZNF334,0.7
NFIC,0.7
ZNF337,0.7
NFKB2,0.7
NFKBIB,0.7
HACD3,0.7
NFRKB,0.7
NDUFAF5,0.7
NGF,0.7
NHERF2,0.7
NHLRC2,0.7
SNX16,0.7
BAAT,0.7
NIPA1,0.7
NIPA2,0.7
B4GALT3,0.7
ZNF346,0.7
NKAIN3,0.7
NEXMIF,0.7
BARHL1,0.7
NEUROD6,0.7
ZNF330,0.7
SOS2,0.7
BCAN,0.7
BCAM,0.7
NDUFS2,0.7
NDUFS3,0.7
BBX,0.7
BBS9,0.7
NDUFV1,0.7
ZNF324,0.7
NECAB1,0.7
NECTIN2,0.7
NEDD4L,0.7
NEFM,0.7
NEIL3,0.7
NEK10,0.7
SOCS6,0.7
BBOF1,0.7
BAX,0.7
NEMP1,0.7
BASP1,0.7
BARX2,0.7
ASPRV1,0.7
SLCO4A1,0.7
SLCO3A1,0.7
PATL2,0.7
SLC27A1,0.7
PAN3,0.7
ARHGAP4,0.7
ARHGAP33,0.7
ARHGAP32,0.7
PARD3B,0.7
PARM1,0.7
ARHGAP27,0.7
SLC25A53,0.7
PARVG,0.7
PATZ1,0.7
AQP2,0.7
PAXBP1,0.7
ARHGAP10,0.7
PBX2,0.7
PBX4,0.7
ARFIP2,0.7
PCDH1,0.7
ZNF577,0.7
PCDH12,0.7
PCDH18,0.7
AQR,0.7
PAM,0.7
ARHGAP45,0.7
SLC27A2,0.7
ARHGAP6,0.7
ARID5A,0.7
ZNF560,0.7
OXR1,0.7
OXSR1,0.7
ARID3A,0.7
SLC30A3,0.7
SLC30A10,0.7
SLC2A9,0.7
P3H4,0.7
P4HA2,0.7
P4HB,0.7
PABIR1,0.7
SLC2A4,0.7
PADI2,0.7
ARHGEF19,0.7
SLC28A2,0.7
PAK1,0.7
ARHGEF15,0.7
ARHGEF10L,0.7
ARHGAP9,0.7
SLC27A4,0.7
AQP6,0.7
ZNF585B,0.7
ARID5B,0.7
ANXA7,0.7
PDGFRB,0.7
AP2A2,0.7
PDLIM4,0.7
AP1S1,0.7
PDZD4,0.7
PDZD7,0.7
PDZRN3,0.7
SLC20A2,0.7
PEPD,0.7
SLC1A7,0.7
PEX16,0.7
APPL2,0.7
SLC1A3,0.7
PEX7,0.7
PFKL,0.7
SLC18A3,0.7
ANXA5,0.7
PGBD2,0.7
PGBD5,0.7
SLC17A8,0.7
PGGT1B,0.7
PGS1,0.7
PDGFRA,0.7
SLC22A6,0.7
ZNF615,0.7
ZNF614,0.7
APPBP2,0.7
PCDHB3,0.7
APOBR,0.7
PCDHGA2,0.7
ZNF594,0.7
PCDHGB6,0.7
SLC25A3,0.7
APMAP,0.7
SLC25A29,0.7
APLNR,0.7
PCK2,0.7
PCMTD2,0.7
PCYOX1L,0.7
SLC25A20,0.7
APBA1,0.7
APAF1,0.7
SLC24A2,0.7
PDE10A,0.7
PDE11A,0.7
PDE4B,0.7
PDE4D,0.7
OTOP3,0.7
ARIH1,0.7
ONECUT2,0.7
SLC6A11,0.7
OR1C1,0.7
OR1J2,0.7
OR1L3,0.7
ASCC3,0.7
SLC6A2,0.7
OR2B6,0.7
OR2C1,0.7
ZNF491,0.7
SLC6A14,0.7
ASB2,0.7
SLC6A1,0.7
SLC5A12,0.7
OR2J2,0.7
SLC67A2,0.7
OR2M2,0.7
OR2M7,0.7
OR2T1,0.7
ZNF496,0.7
OR2T6,0.7
OR2V2,0.7
OR3A1,0.7
ZNF500,0.7
SLC7A14,0.7
OR13F1,0.7
OR13C8,0.7
OR12D3,0.7
SLCO2B1,0.7
OPA1,0.7
OPCML,0.7
ZNF473,0.7
ASPA,0.7
ASNSD1,0.7
OPTN,0.7
OR10A2,0.7
OR10A3,0.7
ZNF48,0.7
SLC9A8,0.7
ZNF483,0.7
OR10G4,0.7
SLC9A3,0.7
ASIC4,0.7
OR10K1,0.7
OR10K2,0.7
OR10Q1,0.7
OR10S1,0.7
OR10Z1,0.7
SLC7A4,0.7
OR4C13,0.7
OR4D5,0.7
ARL14,0.7
OR7G3,0.7
SLC39A10,0.7
OR6B3,0.7
OR6C3,0.7
OR6C65,0.7
SLC38A12,0.7
OR6C70,0.7
OR6C76,0.7
SLC37A3,0.7
OR6N2,0.7
ZNF527,0.7
OR8H2,0.7
ZNF502,0.7
ZNF534,0.7
ARMC12,0.7
OR8K1,0.7
OR9Q1,0.7
ORC3,0.7
ZNF543,0.7
ZNF546,0.7
ZNF549,0.7
OSCAR,0.7
SLC35A3,0.7
OR5T3,0.7
ARMCX4,0.7
ARMH3,0.7
OR5K3,0.7
OR4K2,0.7
OR4N2,0.7
OR4S2,0.7
ART5,0.7
OR51F1,0.7
OR51G2,0.7
ARSJ,0.7
SLC4A1,0.7
ARSH,0.7
SLC47A1,0.7
SLC46A2,0.7
SLC45A1,0.7
SLC44A2,0.7
SLC43A3,0.7
SLC3A2,0.7
ZNF512B,0.7
OR5AP2,0.7
SLC39A8,0.7
ZNF517,0.7
OR5H1,0.7
OR5J2,0.7
TMCC3,0.7
HLA-G,0.7
TSPAN13,0.7
GRSF1,0.7
EME1,0.7
TOPORS,0.7
TMEM62,0.7
DZIP1,0.7
DDX52,0.7
TWF2,0.7
TTC16,0.7
TMPRSS4,0.7
CRY2,0.7
FURIN,0.7
GASK1A,0.7
EMILIN2,0.7
TMTC1,0.7
GJB7,0.7
USP40,0.7
VIL1,0.7
FUT2,0.7
EML1,0.7
FBXL19,0.7
GNPTAB,0.7
ESPN,0.7
DNMT1,0.7
E2F1,0.7
ESPL1,0.7
EML4,0.7
GRXCR1,0.7
DDX55,0.7
FBXL2,0.7
TTF2,0.7
TTC17,0.7
TMTC2,0.7
GLCCI1,0.7
DYRK4,0.7
FTMT,0.7
TRIM66,0.7
TSC1,0.7
FOLR3,0.7
FOCAD,0.7
CRYGA,0.7
FAM181A,0.7
CSRNP3,0.7
FUBP1,0.7
TNRC6C,0.7
FNTB,0.7
VWA5B1,0.7
GPR162,0.7
CLCNKA,0.7
TRIM33,0.7
FUBP3,0.7
FPGS,0.7
ESRP2,0.7
DOCK9,0.7
CPEB2,0.7
CUL4A,0.7
GLB1L2,0.7
USHBP1,0.7
CPEB4,0.7
CPED1,0.7
TRIML2,0.7
GKN1,0.7
GRXCR2,0.7
GATA2,0.7
TRIM2,0.7
ULK3,0.7
CTNS,0.7
TMEM174,0.7
GPR141,0.7
GOLGA1,0.7
FPR3,0.7
VASH1,0.7
FBXO3,0.7
TMEM171,0.7
DUS1L,0.7
GSTA4,0.7
GAD1,0.7
EHF,0.7
DNAJC14,0.7
FBXO33,0.7
DACT3,0.7
FMO1,0.7
ENGASE,0.7
FBXO34,0.7
TRIM22,0.7
CNTN1,0.7
GPR137C,0.7
TYR,0.7
GSTM2,0.7
ERN1,0.7
DNAJC10,0.7
FBXO40,0.7
ENKD1,0.7
FOXP4,0.7
ENC1,0.7
EARS2,0.7
FUT3,0.7
E2F5,0.7
VPS33A,0.7
TRIM3,0.7
TTC38,0.7
CUZD1,0.7
TMEM177,0.7
GSDMA,0.7
CYP2F1,0.7
FPGT-TNNI3K,0.7
GALNT15,0.7
FBXL9P,0.7
FBXO10,0.7
DVL2,0.7
COL28A1,0.7
GSDMD,0.7
TRIM63,0.7
CPNE2,0.7
GPR148,0.7
USP49,0.7
DNAJC6,0.7
CYP2C9,0.7
UNK,0.7
FBXO17,0.7
TRIP11,0.7
TYRO3,0.7
GSG1L,0.7
COL2A1,0.7
GSN,0.7
TMEM175,0.7
USP42,0.7
FAM83E,0.7
FAM184B,0.7
GLRA3,0.7
CTTN,0.7
EVC2,0.7
U2AF1,0.7
TNS2,0.7
TMLHE,0.7
GNB1,0.7
GPR39,0.7
FANCD2,0.7
DRC5,0.7
DCLRE1B,0.7
CLIP4,0.7
GALP,0.7
DRC11,0.7
GALR2,0.7
FOXK2,0.7
TNPO3,0.7
UBA3,0.7
FOXJ1,0.7
COG8,0.7
EWSR1,0.7
EVC,0.7
GPR37,0.7
UTS2R,0.7
CTU1,0.7
COQ8B,0.7
CTU2,0.7
TMPPE,0.7
DCLRE1A,0.7
DAB2,0.7
DSC1,0.7
CRYM,0.7
DCX,0.7
VIPR2,0.7
FOXP2,0.7
DCLRE1C,0.7
DCTN2,0.7
GLYCTK,0.7
FOXQ1,0.7
TMEM94,0.7
DSTYK,0.7
GNAQ,0.7
GRB14,0.7
FOXO1,0.7
DSG1,0.7
DSEL,0.7
EVI5L,0.7
DTL,0.7
COQ9,0.7
FAM9A,0.7
UTP25,0.7
DTHD1,0.7
TRIM45,0.7
GREB1L,0.7
FOXN3,0.7
FAN1,0.7
VSIG8,0.7
TMF1,0.7
GLUD1,0.7
DSC2,0.7
CP,0.7
TRIM7,0.7
FOXG1,0.7
CMTR1,0.7
TXLNB,0.7
TMPRSS12,0.7
DPP7,0.7
DDX20,0.7
GRIPAP1,0.7
TRPV6,0.7
CTSD,0.7
GLI4,0.7
ETFDH,0.7
CRYZL1,0.7
VWC2,0.7
GALC,0.7
GRK1,0.7
COL25A1,0.7
EIF1AX,0.7
GRIA4,0.7
COLEC12,0.7
GMCL1,0.7
VNN1,0.7
DTX1,0.7
FOXA3,0.7
DYRK1B,0.7
TMPRSS13,0.7
FAM186B,0.7
DVL3,0.7
CSRNP2,0.7
CNDP1,0.7
GRK2,0.7
DDX23,0.7
UNC93A,0.7
TMPRSS11F,0.7
CPA5,0.7
DPPA4,0.7
VSIG10L,0.7
TTC3,0.7
FAM20A,0.7
CLEC4F,0.7
TRIM41,0.7
ELAPOR2,0.7
GPX1,0.7
UNC13D,0.7
CLEC4C,0.7
UXS1,0.7
FOXE1,0.7
FSIP1,0.7
CTSE,0.7
DPY19L4,0.7
CLEC14A,0.7
DACH1,0.7
EIF2AK4,0.7
CLEC12A,0.7
GNL1,0.7
FOXD3,0.7
DCLK2,0.7
FAM193B,0.7
ETS1,0.7
FAM193A,0.7
TMPRSS11E,0.7
ELMO3,0.7
FASTKD3,0.7
TMEM168,0.7
GSTM5,0.7
FBXO43,0.7
EPB41L1,0.7
FRMD5,0.7
GABRA6,0.7
CORO6,0.7
USP53,0.7
TRNT1,0.7
UCKL1,0.7
EPC1,0.7
CPZ,0.7
GABRA4,0.7
EXOC3L4,0.7
GDA,0.7
VEGFB,0.7
FGF11,0.7
H2BC21,0.7
H2BC4,0.7
FAM107B,0.7
CREG2,0.7
TRAPPC6B,0.7
FAIM2,0.7
COLGALT2,0.7
GDAP1L1,0.7
TMEM121B,0.7
DKK2,0.7
TP53I13,0.7
TMEM121,0.7
EEF2K,0.7
EQTN,0.7
FZD9,0.7
TMEM229B,0.7
UBXN7,0.7
CITED2,0.7
TMEM132A,0.7
GABRE,0.7
ERCC3,0.7
WDR24,0.7
TRAPPC9,0.7
TUBB4A,0.7
DLL3,0.7
TRA2B,0.7
GZF1,0.7
EDNRB,0.7
DUSP11,0.7
H1-1,0.7
TMEM259,0.7
WDR25,0.7
DGAT1,0.7
GPC5,0.7
DGCR2,0.7
H1-7,0.7
H1-8,0.7
UTP3,0.7
CKAP2,0.7
ERC1,0.7
GCSAM,0.7
CYP20A1,0.7
TNFRSF10A,0.7
TRADD,0.7
H2AC21,0.7
VPS18,0.7
H2AC25,0.7
EPB42,0.7
EPHA2,0.7
TRAF3IP1,0.7
GFI1B,0.7
COLEC11,0.7
TMEM74,0.7
GAB1,0.7
VEGFC,0.7
CYBB,0.7
TTYH1,0.7
FGFR4,0.7
FGFRL1,0.7
CRAT,0.7
EPHX4,0.7
FGG,0.7
H4C2,0.7
FABP6,0.7
FHOD1,0.7
VPS4B,0.7
TRAM1,0.7
GEMIN4,0.7
GP1BA,0.7
GEM,0.7
TTC7B,0.7
FGR,0.7
GDPD4,0.7
TTYH2,0.7
CTCF,0.7
GP2,0.7
DHX38,0.7
FHIP1A,0.7
USP22,0.7
TSPAN15,0.7
GEMIN8,0.7
CYB5R4,0.7
EPS8L3,0.7
DIRAS3,0.7
CR1,0.7
EPS8L2,0.7
TRPC5,0.7
GABRA3,0.7
GABRA2,0.7
USP2,0.7
FAM234B,0.7
DIS3L2,0.7
TNFRSF11B,0.7
USP54,0.7
FAM222B,0.7
DIS3,0.7
EPHB2,0.7
GPATCH1,0.7
DIMT1,0.7
GABRA1,0.7
FILIP1,0.7
FIGNL1,0.7
TRAP1,0.7
H3C2,0.7
FIGN,0.7
GPAT3,0.7
G6PC1,0.7
GPR83,0.7
EPHB6,0.7
FICD,0.7
TRAM1L1,0.7
FAF2,0.7
VPS37B,0.7
FZD3,0.7
F7,0.7
FYB2,0.7
ENPP5,0.7
GCC1,0.7
FHDC1,0.7
FCGR3A,0.7
EGR4,0.7
CWF19L2,0.7
GCC2,0.7
UGT2B4,0.7
GABRG3,0.7
DCAF13,0.7
FAM221A,0.7
DENND1C,0.7
GPRC6A,0.7
TNIP2,0.7
ECT2L,0.7
TRERF1,0.7
FLT3,0.7
TTLL5,0.7
GPRC5B,0.7
EGLN2,0.7
CPSF2,0.7
FAM124B,0.7
DCAF10,0.7
VAV1,0.7
DENND5A,0.7
DENND5B,0.7
UBQLN4,0.7
TNFSF13B,0.7
USP8,0.7
FBXW5,0.7
TRIM55,0.7
TPSG1,0.7
TTLL3,0.7
WDR11,0.7
GOLGA4,0.7
TOP3A,0.7
GBP1,0.7
CRTAC1,0.7
UBL7,0.7
TRIM14,0.7
EIF5AL1,0.7
EZHIP,0.7
FAM53B,0.7
ERLIN2,0.7
CPNE8,0.7
TRIM10,0.7
TTC39B,0.7
GBP3,0.7
FAM13B,0.7
DNAI4,0.7
CSTF1,0.7
DNAI3,0.7
DNAI2,0.7
CNKSR2,0.7
UHMK1,0.7
GBP4,0.7
GTF2F1,0.7
CSTF3,0.7
COX18,0.7
VAV2,0.7
FCRL2,0.7
DNA2,0.7
EIF4ENIF1,0.7
DEPTOR,0.7
GMPS,0.7
GPR6,0.7
EDEM1,0.7
DMGDH,0.7
UGT2A1,0.7
FERD3L,0.7
EOGT,0.7
FES,0.7
EDEM2,0.7
VPS39,0.7
GORASP2,0.7
TUBB4B,0.7
WDR19,0.7
GGT6,0.7
DEUP1,0.7
DBX1,0.7
EPAS1,0.7
EDN2,0.7
TNFAIP2,0.7
ERCC6,0.7
CPVL,0.7
DLX6,0.7
CYP26B1,0.7
EXOC8,0.7
FEZF2,0.7
TRAT1,0.7
TTLL6,0.7
GALNT5,0.7
CYTH2,0.7
GHRHR,0.7
CNN3,0.7
TUBGCP2,0.7
GABRG2,0.7
FREM3,0.7
GCH1,0.7
VPS37D,0.7
DMWD,0.7
UGT2B11,0.7
GPHA2,0.7
EGFLAM,0.7
TRMT2A,0.7
GUCY1A1,0.7
TMEM225,0.7
VWDE,0.7
TSHZ2,0.7
UBR3,0.7
DEPDC5,0.7
FEN1,0.7
CNNM2,0.7
TRDMT1,0.7
GUCY2C,0.7
DEPP1,0.7
CTNNA1,0.7
ERCC6L2,0.7
ARRB2,0.5
SLC41A3,0.5
EXOG,0.5
ARRDC5,0.5
OR5AC2,0.5
OR56B1,0.5
CTSG,0.5
OR56A4,0.5
EXOC6,0.5
OR5A1,0.5
OR4P4,0.5
OR52N2,0.5
OR4D11,0.5
F13A1,0.5
SLC5A2,0.5
OR4C3,0.5
OR4C16,0.5
ASAP2,0.5
CTNNAL1,0.5
ASB10,0.5
SLC5A3,0.5
OR4B1,0.5
OR4A5,0.5
F2RL2,0.5
ASB14,0.5
SLC5A7,0.5
SLC5A9,0.5
CTIF,0.5
OR2T4,0.5
SLC60A1,0.5
USP50,0.5
OR2T11,0.5
CTH,0.5
SLC66A1,0.5
OR2M5,0.5
OR2M4,0.5
OR2M3,0.5
OR2L8,0.5
SLC66A1LP,0.5
TRPC4AP,0.5
SLC68A1,0.5
ASB18,0.5
ASAH1,0.5
F12,0.5
EXOSC10,0.5
OR4E2,0.5
SLC44A1,0.5
EXOSC4,0.5
ARSA,0.5
EXOSC5,0.5
EXOSC7,0.5
SLC45A3,0.5
ARSF,0.5
OR52D1,0.5
TRPM7,0.5
OR52A1,0.5
SLC49A4,0.5
EXT2,0.5
CTSC,0.5
OR51L1,0.5
OR51J1,0.5
OR51I2,0.5
SLC4A1AP,0.5
CTSA,0.5
OR51E2,0.5
OR51E1,0.5
CTR9,0.5
OR51A4,0.5
OR4X2,0.5
ZNF506,0.5
CTPS1,0.5
SLC4A9,0.5
OR4M1,0.5
EZH2,0.5
SLC52A3,0.5
ZNF514,0.5
ZNF550,0.5
OR5B2,0.5
ARHGAP24,0.5
ERICH1,0.5
PAPSS2,0.5
SLC26A2,0.5
PAQR9,0.5
PARD3,0.5
TSHR,0.5
PARD6A,0.5
ERGIC1,0.5
PARP1,0.5
CX3CL1,0.5
PARP12,0.5
PARP16,0.5
PAPOLB,0.5
ARHGAP23,0.5
CXCL17,0.5
PARP9,0.5
PARVB,0.5
CXCR2,0.5
PASK,0.5
PATL1,0.5
ERCC6L,0.5
SLC25A47,0.5
PAX1,0.5
PAX2,0.5
ERICH2,0.5
PAPOLA,0.5
USP39,0.5
ERMP1,0.5
TSC22D2,0.5
PAFAH2,0.5
SLC29A1,0.5
PAGR1,0.5
ERRFI1,0.5
PAK1IP1,0.5
ARHGEF16,0.5
PAK3,0.5
TSEN2,0.5
USP38,0.5
ARHGEF1,0.5
CWF19L1,0.5
SLC26A6,0.5
ERMARD,0.5
ARHGAP5,0.5
PALM3,0.5
PALS2,0.5
TSEN54,0.5
ARHGAP44,0.5
PANK1,0.5
ZNF567,0.5
PANK4,0.5
SLC26A8,0.5
SLC26A7,0.5
PAX3,0.5
PAX4,0.5
PAX5,0.5
APOE,0.5
AQP10,0.5
EPYC,0.5
APPL1,0.5
PCDHB1,0.5
PCDHB10,0.5
CYB5D2,0.5
PCDHB12,0.5
APOL6,0.5
PCDHB17P,0.5
APOL5,0.5
USP25,0.5
EPS15,0.5
ZNF570,0.5
PCDHGA1,0.5
PCDHGA11,0.5
APOBEC4,0.5
PCDHGA5,0.5
EPPIN-WFDC6,0.5
APOBEC3D,0.5
PCDHGA8,0.5
PCDHGA9,0.5
ZNF595,0.5
ZNF598,0.5
APOA4,0.5
AQP3,0.5
ERAL1,0.5
AQP8,0.5
AQP9,0.5
PAX8,0.5
ARHGAP11A,0.5
USP3,0.5
ARGFX,0.5
ZNF573,0.5
PBX3,0.5
ERCC2,0.5
SLC25A39,0.5
ERCC1,0.5
USP29,0.5
SLC25A33,0.5
PCBP3,0.5
PCBP4,0.5
CXXC4,0.5
SLC25A31,0.5
CXXC5,0.5
ARFGAP1,0.5
AREL1,0.5
PCDH19,0.5
PCDH20,0.5
ARC,0.5
ARAP2,0.5
ERAP2,0.5
PAEP,0.5
ESAM,0.5
ARPC5L,0.5
ARMC6,0.5
OR6K2,0.5
SLC38A1,0.5
EVI2B,0.5
OR6Q1,0.5
ARMC8,0.5
OR6X1,0.5
OR6Y1,0.5
SLC36A1,0.5
OR7C2,0.5
OR7D4,0.5
OR8B8,0.5
OR8D4,0.5
EVI5,0.5
ETV4,0.5
CUEDC1,0.5
OR8S1,0.5
SLC35E4,0.5
OR9I1,0.5
SLC35D3,0.5
TRPV5,0.5
ORAI1,0.5
ETV1,0.5
ORC4,0.5
ARMC10,0.5
OR6F1,0.5
SLC38A11,0.5
ARHGEF25,0.5
SLC39A3,0.5
CTSH,0.5
CTSK,0.5
CTSL,0.5
USP43,0.5
SLC39A5,0.5
EXOC1,0.5
OR5K1,0.5
EXO1,0.5
CTSV,0.5
OR5M1,0.5
ARMCX3,0.5
SLC39A14,0.5
CTSZ,0.5
OR5P3,0.5
OR5T1,0.5
OR5T2,0.5
SLC39A11,0.5
OR5W2,0.5
OR6A2,0.5
OR6B2,0.5
EVX2,0.5
OR6C2,0.5
EVX1,0.5
EVPLL,0.5
SLC35D1,0.5
OSBP2,0.5
ARL6IP5,0.5
ARHGEF6,0.5
SLC30A5,0.5
SLC30A4,0.5
P2RX4,0.5
ESR1,0.5
P2RX7,0.5
P2RY1,0.5
CUL5,0.5
P2RY14,0.5
SLC30A1,0.5
ARHGEF7,0.5
SLC2A8,0.5
SLC2A7,0.5
ETNPPL,0.5
ARHGEF4,0.5
ESCO2,0.5
ESCO1,0.5
PABPC1,0.5
ARHGEF39,0.5
ARHGEF38,0.5
PABPC4L,0.5
ARHGEF37,0.5
SLC2A11,0.5
ZNF565,0.5
PACSIN2,0.5
OXNAD1,0.5
OXER1,0.5
OXCT2,0.5
OVGP1,0.5
OSBPL6,0.5
SLC35A5,0.5
ETFBKMT,0.5
OSCP1,0.5
OSER1,0.5
ETFB,0.5
ETAA1,0.5
SLC34A3,0.5
OSR2,0.5
ZNF554,0.5
OSTN,0.5
OTOA,0.5
ESYT3,0.5
ARK2C,0.5
ESYT1,0.5
SLC34A1,0.5
TSBP1,0.5
OTUB1,0.5
OTUD6B,0.5
SLC31A1,0.5
OTULIN,0.5
OTX1,0.5
ESRRA,0.5
CTDNEP1,0.5
WDR33,0.5
OR2H1,0.5
TRIM27,0.5
NFAT5,0.5
FBXO45,0.5
TRIM21,0.5
NFIA,0.5
NFIB,0.5
FBXO39,0.5
NFIL3,0.5
NFKBIA,0.5
NFKBID,0.5
FBXO30,0.5
SNX30,0.5
NFX1,0.5
SNX29,0.5
SNX25,0.5
SNX21,0.5
FBXO22,0.5
BAG3,0.5
NHERF1,0.5
FBXO21,0.5
NHLH1,0.5
NHLH2,0.5
NHLRC1,0.5
SNX19,0.5
ZNF33B,0.5
BACE2,0.5
NIBAN2,0.5
BACE1,0.5
CRTC1,0.5
VASN,0.5
NEXN,0.5
FCAMR,0.5
NECTIN1,0.5
SOD3,0.5
SOD1,0.5
NEDD4,0.5
CRNKL1,0.5
NEDD9,0.5
BBS10,0.5
NEGR1,0.5
NEIL1,0.5
NEK11,0.5
CROT,0.5
NEK9,0.5
TRIB2,0.5
FBXW10,0.5
NEMP2,0.5
CRPPA,0.5
TRIB3,0.5
SOAT2,0.5
NETO1,0.5
NEU1,0.5
SNX8,0.5
BARX1,0.5
NEURL1B,0.5
NEUROD1,0.5
SNX7,0.5
SNX5,0.5
BABAM1,0.5
NIF3L1,0.5
NONO,0.5
SNX15,0.5
B3GALT6,0.5
ZNF354B,0.5
ZNF358,0.5
ZNF362,0.5
ZNF365,0.5
NLRP8,0.5
FBRSL1,0.5
ZNF367,0.5
FBP2,0.5
SNRK,0.5
NMI,0.5
NMNAT1,0.5
ZNF382,0.5
NMRAL1,0.5
NMRK2,0.5
NMT2,0.5
NMU,0.5
SNED1,0.5
CRYGC,0.5
FBLN1,0.5
NODAL,0.5
SNCB,0.5
CRYL1,0.5
TRIM36,0.5
TRIM37,0.5
NOL9,0.5
FAXC,0.5
CRYBB2,0.5
ZNF350,0.5
FBXL15,0.5
SNTB1,0.5
NIPAL2,0.5
CRY1,0.5
TRIM28,0.5
SNX10,0.5
TRIM29,0.5
FBXL3,0.5
NKAIN4,0.5
B3GNT8,0.5
B3GNT7,0.5
NKG7,0.5
NKIRAS2,0.5
NKPD1,0.5
NKX2-1,0.5
FBXL16,0.5
NKX2-8,0.5
NKX3-1,0.5
NKX3-2,0.5
SNRPB,0.5
SNRNP70,0.5
B3GNT4,0.5
NLGN2,0.5
SNRNP48,0.5
SNRNP40,0.5
B3GNT3,0.5
NLRC4,0.5
B3GNT2,0.5
BBS2,0.5
FCHSD2,0.5
BBS5,0.5
SORBS1,0.5
FGF3,0.5
FGF23,0.5
FGF22,0.5
BICDL1,0.5
BICD1,0.5
MZF1,0.5
N4BP1,0.5
BICC1,0.5
FGF21,0.5
TRAPPC11,0.5
BHMT2,0.5
BHMT,0.5
TRAPPC12,0.5
BHLHE40,0.5
FGF18,0.5
BHLHE22,0.5
NAALADL2,0.5
SPARCL1,0.5
NAGA,0.5
VDR,0.5
NAGS,0.5
NAIF1,0.5
TRAPPC8,0.5
BEST1,0.5
SPAG1,0.5
BEND7,0.5
NAP1L1,0.5
FGF6,0.5
MYOZ2,0.5
MYOZ1,0.5
MYO1E,0.5
MYLIP,0.5
MYLK2,0.5
FH,0.5
MYLK4,0.5
MYNN,0.5
BMPR2,0.5
FGL2,0.5
ZNF239,0.5
ZNF24,0.5
ZNF251,0.5
BMP10,0.5
FGGY,0.5
MYO1G,0.5
MYOT,0.5
MYO3B,0.5
BMF,0.5
FGFR2,0.5
TRAK1,0.5
CREB3L4,0.5
BLM,0.5
MYOC,0.5
BIRC8,0.5
MYOG,0.5
BIRC7,0.5
CREBZF,0.5
TRAPPC10,0.5
FGD3,0.5
FGD2,0.5
SP3,0.5
FEM1A,0.5
SOX30,0.5
NCLN,0.5
NCOA1,0.5
ZNF317,0.5
NCOA3,0.5
SOX21,0.5
SOX2,0.5
BCHE,0.5
NCR1,0.5
CRIP2,0.5
NCSTN,0.5
ZNF319,0.5
ZNF32,0.5
ZNF304,0.5
BCAS3,0.5
SOX10,0.5
VAX1,0.5
NDRG4,0.5
FDCSP,0.5
CRISPLD1,0.5
SOWAHB,0.5
CRK,0.5
BCAP29,0.5
FCRL4,0.5
FCN2,0.5
FCN1,0.5
SOX4,0.5
NCEH1,0.5
NAPRT,0.5
ZNF287,0.5
SP2,0.5
VCPIP1,0.5
NASP,0.5
SP100,0.5
NAT10,0.5
NAT16,0.5
NAT8L,0.5
CRHR1,0.5
BEGAIN,0.5
BECN1,0.5
ZNF284,0.5
NAXE,0.5
BCS1L,0.5
BCL2L13,0.5
BCR,0.5
SOX9,0.5
VCL,0.5
BCO1,0.5
NBPF20,0.5
FEZF1,0.5
FEZ2,0.5
ZNF296,0.5
NCAM2,0.5
NCAPD2,0.5
ZNF30,0.5
NCBP1,0.5
NOMO2,0.5
NOP14,0.5
OR2G3,0.5
SLCO1A2,0.5
FAM184A,0.5
ZNF460,0.5
ATCAY,0.5
ODF4,0.5
CST1,0.5
SLFN13,0.5
SLFN12L,0.5
ATAD3A,0.5
CST5,0.5
ASRGL1,0.5
OGN,0.5
OGT,0.5
OIP5,0.5
SLF1,0.5
OLAH,0.5
OLFM2,0.5
TRIP13,0.5
TRIP4,0.5
TRIR,0.5
FAM163A,0.5
FAM161B,0.5
FAM161A,0.5
FAM151B,0.5
ASPH,0.5
ASPDH,0.5
SLCO1C1,0.5
SLCO1B7,0.5
OBSL1,0.5
ATF5,0.5
UTP18,0.5
CSNK2A2,0.5
ATG9B,0.5
NUP37,0.5
NUP50,0.5
NUP62,0.5
SLTM,0.5
NUP85,0.5
FAM217A,0.5
FAM210B,0.5
NUS1,0.5
ZNF444,0.5
ATG4C,0.5
TRIM68,0.5
ATG3,0.5
PCDHGB7,0.5
NWD2,0.5
NXF1,0.5
NXN,0.5
CSPP1,0.5
ATG16L1,0.5
ATG13,0.5
FAM200B,0.5
NXPH2,0.5
ATG10,0.5
ATF6B,0.5
OARD1,0.5
FAM187B,0.5
OPN4,0.5
SLC9D1,0.5
NOP16,0.5
OPRL1,0.5
OR13D1,0.5
TRMU,0.5
OR14C36,0.5
SLC7A13,0.5
ZNF487,0.5
OR14K1,0.5
OR1A1,0.5
OR1B1,0.5
OR1F1,0.5
SLC7A1,0.5
OR1L4,0.5
SLC71A2,0.5
SLC71A1,0.5
SLC6A9,0.5
OR1S1,0.5
SLC6A6,0.5
ASCC2,0.5
OR2A14,0.5
ASB8,0.5
OR2AE1,0.5
ASB6,0.5
OR2AK2,0.5
TROAP,0.5
FADS6,0.5
FADS3,0.5
CTC1,0.5
SLC6A12,0.5
TRMT61A,0.5
ASCL2,0.5
OR13C3,0.5
ASIP,0.5
TRMT10C,0.5
FAM13C,0.5
OPTC,0.5
OR10A5,0.5
SLC9B1,0.5
TRMT11,0.5
FAM133A,0.5
TRMT1L,0.5
OR10G7,0.5
OR10G8,0.5
OR10G9,0.5
FAM131B,0.5
OR10H5,0.5
OR12D2,0.5
ASIC3,0.5
ASIC2,0.5
USP6NL,0.5
USP6,0.5
ZNF486,0.5
OR10R2,0.5
SLC7A6OS,0.5
ASGR2,0.5
ASCL4,0.5
FAM118A,0.5
OR11A1,0.5
FAM117A,0.5
ZNF442,0.5
ATL1,0.5
ATMIN,0.5
ZNF441,0.5
SMYD1,0.5
FANCG,0.5
FANCF,0.5
NPM2,0.5
SMTNL2,0.5
ATP8A2,0.5
ATP8A1,0.5
NPR3,0.5
SMTNL1,0.5
NPS,0.5
ZNF404,0.5
FANCE,0.5
NPTX2,0.5
NPVF,0.5
NPY1R,0.5
NPY2R,0.5
CSF2RA,0.5
NR0B1,0.5
NR1H2,0.5
ATP6V1F,0.5
NR2E1,0.5
NR2F1,0.5
ATP6V1D,0.5
SMO,0.5
SMIM8,0.5
SMIM2,0.5
NR4A3,0.5
UVSSA,0.5
CSF1R,0.5
ZNF398,0.5
CSDC2,0.5
AVEN,0.5
NOP58,0.5
ZNF385B,0.5
TRIM39,0.5
AUP1,0.5
VAMP2,0.5
NOSTRIN,0.5
ZNF385D,0.5
NOTCH2NLA,0.5
ATXN7L1,0.5
NOTUM,0.5
VAC14,0.5
NOX1,0.5
ZNF396,0.5
FASTKD5,0.5
NOX5,0.5
SNAP47,0.5
FASTKD2,0.5
NPAS2,0.5
ATRX,0.5
FASTK,0.5
FARSA,0.5
NPEPL1,0.5
SNAI2,0.5
NPFFR1,0.5
SNAI1,0.5
NR5A1,0.5
FANCB,0.5
UVRAG,0.5
NUB1,0.5
NTMT1,0.5
NTN1,0.5
NTN3,0.5
SMARCD2,0.5
NTN5,0.5
FAM50A,0.5
NTPCR,0.5
UTP4,0.5
SMARCC2,0.5
FAM47C,0.5
CSNK1D,0.5
FAM43B,0.5
TRIM6,0.5
ZNF44,0.5
SMARCA5,0.5
FAM234A,0.5
CSNK1G3,0.5
NUDT12,0.5
NUDT13,0.5
NUDT16,0.5
SMAP1,0.5
NUDT6,0.5
FAM222A,0.5
SMAD4,0.5
NUFIP2,0.5
ATOH8,0.5
TRIM51,0.5
NTAN1,0.5
ATP6V1C1,0.5
ZNF43,0.5
NRCAM,0.5
ATP6V1B2,0.5
FAM91A1,0.5
SMG7,0.5
ZNF418,0.5
NRIP2,0.5
SMG6,0.5
SMG5,0.5
ZNF420,0.5
ZNF425,0.5
SMDT1,0.5
ATP5F1B,0.5
TRIM50,0.5
ZNF439,0.5
ZNF430,0.5
NSD3,0.5
SMCP,0.5
NSMAF,0.5
ZNF431,0.5
FAM83C,0.5
NSUN6,0.5
CSNK1A1,0.5
FAM83A,0.5
FAM78B,0.5
NT5C2,0.5
FAM78A,0.5
OAS3,0.5
ENPP7,0.5
PCDHGC3,0.5
RAB6B,0.5
RAB21,0.5
SEC61A2,0.5
SEC61A1,0.5
ADAMTS6,0.5
SEC24D,0.5
RAB32,0.5
SEC24C,0.5
DDR1,0.5
UBALD1,0.5
UBAP1,0.5
DPT,0.5
SEC23B,0.5
RAB44,0.5
RAB9B,0.5
SEC63,0.5
UBAP1L,0.5
RABEP1,0.5
ADAMTS15,0.5
ADAMDEC1,0.5
RABL3,0.5
RABL6,0.5
SEC14L3,0.5
DPM1,0.5
DPH7,0.5
DPH5,0.5
RAD51AP2,0.5
DPH2,0.5
DDX21,0.5
ADAMTSL3,0.5
SECISBP2,0.5
DPF2,0.5
SELENOI,0.5
ADCYAP1R1,0.5
DDIAS,0.5
SEM1,0.5
DDN,0.5
DRC7,0.5
PYCR2,0.5
UBA1,0.5
DRC2,0.5
ADCY10,0.5
PYM1,0.5
DRC1,0.5
SELENOO,0.5
UBA5,0.5
ADCK5,0.5
DPYS,0.5
DRAM1,0.5
ADCK1,0.5
DDO,0.5
SELE,0.5
ZNF853,0.5
QTRT1,0.5
QTRT2,0.5
DPYSL5,0.5
DPYSL4,0.5
SEH1L,0.5
DPYSL3,0.5
DPYSL2,0.5
ADAMTSL5,0.5
RAD54L,0.5
RAD9A,0.5
DRGX,0.5
SCYL1,0.5
DDX3X,0.5
DOCK5,0.5
RASAL3,0.5
RASEF,0.5
DDX51,0.5
ACTR3B,0.5
ACTR3,0.5
RASGRF2,0.5
ACTR1B,0.5
SCYL2,0.5
RASL10B,0.5
RASL11B,0.5
RASL12,0.5
ACTMAP,0.5
RARRES2,0.5
RASSF4,0.5
DOC2A,0.5
SCUBE1,0.5
RAVER2,0.5
ZNHIT2,0.5
ACTL7B,0.5
SCRT1,0.5
RBBP5,0.5
RBBP6,0.5
RBCK1,0.5
ZNHIT3,0.5
RBFOX2,0.5
RBL1,0.5
RASA2,0.5
SDCCAG8,0.5
ZNF879,0.5
DOK5,0.5
DPF1,0.5
DPEP3,0.5
RAG2,0.5
DPEP2,0.5
DPEP1,0.5
DPAGT1,0.5
ZNF90,0.5
SDR16C5,0.5
ADAM12,0.5
RALYL,0.5
RAMP2,0.5
RANBP3,0.5
ACYP1,0.5
DOK4,0.5
RARG,0.5
RAP1GAP2,0.5
RAP1GDS1,0.5
DDX31,0.5
RAPGEF2,0.5
RAPGEF3,0.5
ACTRT2,0.5
RAPGEF5,0.5
ACTRT1,0.5
SDF4,0.5
SDF2,0.5
RAPSN,0.5
DOK1,0.5
SDE2,0.5
PVRIG,0.5
PUS7L,0.5
DDX53,0.5
PSMD2,0.5
SERPINE3,0.5
SERPINE2,0.5
PSG6,0.5
SERPINB7,0.5
DCN,0.5
PSMA2,0.5
SERPINB3,0.5
DUT,0.5
DUSP9,0.5
DUSP8,0.5
PSMC6,0.5
DUSP7,0.5
SERPINA10,0.5
SERPINA1,0.5
PSD4,0.5
DUSP28,0.5
PSMD6,0.5
SERINC3,0.5
PSME2,0.5
DUSP23,0.5
SERGEF,0.5
PSORS1C2,0.5
PSPC1,0.5
TXNRD1,0.5
TXNRD2,0.5
ADSS1,0.5
PSTPIP1,0.5
SEPTIN5,0.5
PSG1,0.5
TXNDC12,0.5
SEPTIN4,0.5
PRSS35,0.5
PRR25,0.5
ZNF787,0.5
PRR5L,0.5
DYNC1LI1,0.5
AGBL1,0.5
SETD4,0.5
PRRG3,0.5
SETD3,0.5
DYNC1I2,0.5
AGAP3,0.5
DYNC1I1,0.5
AFTPH,0.5
PRSS16,0.5
PRSS36,0.5
PRXL2B,0.5
PRSS38,0.5
PRSS45P,0.5
PRSS50,0.5
PRSS53,0.5
SESN3,0.5
PRSS56,0.5
SESN1,0.5
PRSS8,0.5
PRTG,0.5
PRTN3,0.5
AFG3L2,0.5
ZNF793,0.5
SERTAD4,0.5
PTBP1,0.5
DUSP10,0.5
DDHD2,0.5
ADGRG1,0.5
ADNP2,0.5
PTPN4,0.5
ADIPOR1,0.5
PTPRA,0.5
ADHFE1,0.5
ZNF830,0.5
ADH1B,0.5
ZNF837,0.5
ADGRG5,0.5
DSN1,0.5
ADGRG3,0.5
DCTN4,0.5
PTPRN2,0.5
DSG3,0.5
ADORA1,0.5
ADGRF1,0.5
ADGRE5,0.5
DDAH2,0.5
TYW2,0.5
SEMA4F,0.5
SEMA4D,0.5
DDB2,0.5
SEMA4C,0.5
DDHD1,0.5
SEMA4B,0.5
SEMA4A,0.5
PURG,0.5
PUS1,0.5
DTNA,0.5
DTNBP1,0.5
ADSL,0.5
PTGIS,0.5
ADRM1,0.5
ADRB2,0.5
ADRB1,0.5
PTCHD4,0.5
PTDSS1,0.5
PTER,0.5
PTGDR2,0.5
SEPTIN1,0.5
DCSTAMP,0.5
SEPSECS,0.5
SENP7,0.5
PTGER4,0.5
DUOXA2,0.5
SENP6,0.5
PTPN11,0.5
PTGS1,0.5
DUOX2,0.5
DUOX1,0.5
ZNF81,0.5
DTX3L,0.5
DTX3,0.5
DCT,0.5
PTN,0.5
SEMG2,0.5
SEMG1,0.5
SEMA7A,0.5
SEMA6D,0.5
SEMA6C,0.5
ACTL6A,0.5
RBM14,0.5
DYNC2LI1,0.5
DGKA,0.5
RNF31,0.5
RNF34,0.5
RNF38,0.5
SAE1,0.5
ABHD12,0.5
ABHD11,0.5
RNF6,0.5
RNF7,0.5
DLGAP5,0.5
RNGTT,0.5
ABHD10,0.5
RNPEP,0.5
DGCR8,0.5
DLG4,0.5
RNF216,0.5
DLG2,0.5
ABCF1,0.5
ABCE1,0.5
DLEU2L,0.5
DGKD,0.5
DGKE,0.5
DLAT,0.5
RORC,0.5
UCMA,0.5
ABCC3,0.5
ZW10,0.5
S1PR2,0.5
S1PR1,0.5
UBXN2A,0.5
ABHD16B,0.5
ABCC10,0.5
RNF14,0.5
RNASE9,0.5
DMP1,0.5
SAMD7,0.5
RND3,0.5
RNF10,0.5
RNF103,0.5
DMC1,0.5
RNF113A,0.5
SAMD5,0.5
DMBX1,0.5
RNF133,0.5
SAMD15,0.5
ABI2,0.5
SAMD14,0.5
SAG,0.5
RNF145,0.5
DLX5,0.5
DLX3,0.5
RNF167,0.5
SAMD1,0.5
ZSWIM1,0.5
RNF175,0.5
RNF180,0.5
DFFB,0.5
ABHD17B,0.5
RNF19B,0.5
RNF20,0.5
RNF207,0.5
UCN,0.5
ABCB9,0.5
RNASE3,0.5
DHRS7B,0.5
RRM1,0.5
UGT1A1,0.5
DHRS4,0.5
AANAT,0.5
RRP12,0.5
DIAPH2,0.5
RRP8,0.5
RRP9,0.5
UGP2,0.5
AACS,0.5
RSAD2,0.5
RSBN1,0.5
RSBN1L,0.5
RSL1D1,0.5
DIO2,0.5
RTP2,0.5
RSPH1,0.5
RSPH14,0.5
DHX58,0.5
ZYX,0.5
RSPO1,0.5
RSPO3,0.5
RSRC1,0.5
RSRC2,0.5
UFSP1,0.5
DHX16,0.5
RTKN,0.5
RTKN2,0.5
AARS1,0.5
RPUSD1,0.5
RPGRIP1,0.5
RPL7L1,0.5
ABCB8,0.5
UCP3,0.5
RPL13A,0.5
DIXDC1,0.5
UGT1A7,0.5
DHCR24,0.5
RPL24,0.5
RPL28,0.5
RYBP,0.5
RPL3,0.5
RXRG,0.5
ABCA9,0.5
RPL7A,0.5
RPLP0,0.5
AASDH,0.5
RPP30,0.5
DIS3L,0.5
RPS12,0.5
DIRAS2,0.5
RUNX2,0.5
DHDDS,0.5
DIPK1B,0.5
RPS6KA2,0.5
UGT1A4,0.5
AATF,0.5
UGT1A10,0.5
RPS6KC1,0.5
DHRS2,0.5
DERL1,0.5
SAMSN1,0.5
RBM15,0.5
REG1B,0.5
RCOR2,0.5
ACSF3,0.5
RDH10,0.5
RDH16,0.5
DDX60L,0.5
RDX,0.5
REC114,0.5
DNAJC16,0.5
UBE3C,0.5
ACRBP,0.5
ACR,0.5
REEP3,0.5
ACP6,0.5
RELA,0.5
RCN1,0.5
RELB,0.5
DNAJC11,0.5
RELL1,0.5
RELT,0.5
ACOX3,0.5
RETREG1,0.5
SCG3,0.5
RETSAT,0.5
ACOT7,0.5
DNAJB5,0.5
DNAJB2,0.5
ACOT2,0.5
SCG2,0.5
RCN3,0.5
RCL1,0.5
RFNG,0.5
UBE2O,0.5
RBM15B,0.5
ACTL10,0.5
RBM22,0.5
DNM2,0.5
DDX59,0.5
UBE2NL,0.5
DNASE1L3,0.5
DNASE1L2,0.5
RBM44,0.5
ACTA1,0.5
ACSS3,0.5
RBM4B,0.5
DNASE1,0.5
RBMS2,0.5
ZPBP2,0.5
ACSS2,0.5
UBE2S,0.5
ZNRF4,0.5
ACSM5,0.5
DNAJC7,0.5
ZP1,0.5
ZP2,0.5
RBSN,0.5
ZPBP,0.5
RCAN2,0.5
RCBTB2,0.5
RCC1,0.5
DNAJC4,0.5
SCFD1,0.5
RFPL1,0.5
RNASE11,0.5
DENND6A,0.5
RHOBTB3,0.5
DENND3,0.5
ACADM,0.5
RHOU,0.5
UBQLN1,0.5
DENND4A,0.5
DNAAF3,0.5
RIMBP3,0.5
SATB1,0.5
DNAAF1,0.5
ACACA,0.5
RIMS4,0.5
ZSCAN30,0.5
SASH1,0.5
RHOBTB1,0.5
DENND6B,0.5
SART1,0.5
SARS2,0.5
RIPK3,0.5
ABRAXAS1,0.5
RIT1,0.5
RIT2,0.5
DEPDC4,0.5
ABLIM3,0.5
RMC1,0.5
RMI2,0.5
UGT2A3,0.5
RMND5B,0.5
RHOBTB2,0.5
DENND2C,0.5
ZRSR2P1,0.5
SCAND3,0.5
RFT1,0.5
RFTN2,0.5
DEFB115,0.5
ACO1,0.5
DNAI7,0.5
ACKR5,0.5
SCARB1,0.5
DNAI1,0.5
ZSCAN1,0.5
SCARA3,0.5
RGMA,0.5
ACKR3,0.5
SCAP,0.5
RGPD4,0.5
ACADS,0.5
RGS14,0.5
SCAMP1,0.5
RGS21,0.5
RGS22,0.5
ZSCAN2,0.5
DEK,0.5
ACCS,0.5
ACBD6,0.5
DENND1A,0.5
DENND1B,0.5
ACAP2,0.5
DENND2A,0.5
ACADSB,0.5
PRR23E,0.5
PRR23A,0.5
ZNF600,0.5
EMC2,0.5
CYP3A43,0.5
EMID1,0.5
EME2,0.5
ANKRD31,0.5
PIGX,0.5
PIH1D1,0.5
EMD,0.5
EMCN,0.5
EMC7,0.5
ANKRD2,0.5
PIK3IP1,0.5
USH1G,0.5
ANKRD13D,0.5
EMC1,0.5
USO1,0.5
PILRA,0.5
PINLYP,0.5
ELP4,0.5
PIP4K2B,0.5
SLAMF8,0.5
PIP4P2,0.5
ELP3,0.5
PIP5K1B,0.5
SLAMF7,0.5
PIP5KL1,0.5
PIPOX,0.5
PITPNA,0.5
TTC23L,0.5
ANKRD37,0.5
SLC12A8,0.5
PITPNM3,0.5
ANKS6,0.5
PHF24,0.5
ENDOU,0.5
PHGR1,0.5
ANP32A,0.5
USP13,0.5
ANO7,0.5
SLC16A12,0.5
PHLDB3,0.5
ZNF641,0.5
ENAH,0.5
ANKUB1,0.5
EN2,0.5
PHOX2B,0.5
SLC15A5,0.5
EML2,0.5
PHYHD1,0.5
TTC12,0.5
EMX1,0.5
ANKRD6,0.5
PI16,0.5
ZNF652,0.5
CYP2R1,0.5
PIAS4,0.5
SLC12A9,0.5
CYP2U1,0.5
PID1,0.5
ZNF660,0.5
CYP2W1,0.5
ANKRD13B,0.5
PITRM1,0.5
ANP32E,0.5
PLCD1,0.5
PLAAT4,0.5
ANGPTL7,0.5
SKIC2,0.5
PLAG1,0.5
PLAGL2,0.5
ELF5,0.5
ZNF680,0.5
SKA1,0.5
PLBD2,0.5
ANGPTL3,0.5
ANGPTL2,0.5
PLCB3,0.5
ZNF681,0.5
USB1,0.5
PLAA,0.5
SIX6,0.5
ZNF682,0.5
ANAPC7,0.5
ANAPC5,0.5
ELF1,0.5
SIX5,0.5
PLCXD2,0.5
PLD3,0.5
ELAVL3,0.5
ELAVL2,0.5
SIX4,0.5
ZNF696,0.5
SIX1,0.5
PLAAT1,0.5
CYP8B1,0.5
PITX1,0.5
CYP4F3,0.5
PITX2,0.5
ELOVL2,0.5
ELOVL1,0.5
ZNF672,0.5
TTC24,0.5
CYP4F11,0.5
CYP4F2,0.5
SLAIN1,0.5
ELMOD1,0.5
ANKHD1-EIF4EBP3,0.5
PKLR,0.5
ANKFN1,0.5
PKN2,0.5
PKNOX2,0.5
PLA2G7,0.5
PKP2,0.5
USE1,0.5
PKP4,0.5
ELL2,0.5
PLA2G1B,0.5
PLA2G2F,0.5
PLA2G3,0.5
ELK4,0.5
ELK3,0.5
ANHX,0.5
PLA2G4E,0.5
ELFN2,0.5
PLA2G6,0.5
PHF23,0.5
PHF20L1,0.5
AMOTL1,0.5
CYP21A2,0.5
TSPAN5,0.5
AP5B1,0.5
EPG5,0.5
TSPAN8,0.5
PDE5A,0.5
PDE6C,0.5
SLC23A2,0.5
PDE6H,0.5
PDE7B,0.5
SLC23A1,0.5
SLC22A8,0.5
SLC22A7,0.5
AP2M1,0.5
CYP24A1,0.5
PDE3B,0.5
PDHB,0.5
PDHX,0.5
PDIA4,0.5
PDIA6,0.5
PDILT,0.5
SLC22A4,0.5
SLC22A3,0.5
PDK4,0.5
CYP26A1,0.5
SLC22A24,0.5
PDLIM7,0.5
SLC22A23,0.5
PDPR,0.5
PDE4A,0.5
ZNF613,0.5
PDXK,0.5
PCSK2,0.5
TSPAN17,0.5
PCF11,0.5
TSPAN2,0.5
PCGF5,0.5
APLF,0.5
APIP,0.5
PCM1,0.5
PCMTD1,0.5
APEX1,0.5
APEH,0.5
APBB3,0.5
PCOLCE,0.5
PCP4L1,0.5
APBA2,0.5
SLC23A3,0.5
PCSK6,0.5
PCSK9,0.5
PDAP1,0.5
USP20,0.5
SLC25A1,0.5
SLC24A4,0.5
PDCD7,0.5
USP17L2,0.5
EPHA4,0.5
SLC24A1,0.5
CYP1A1,0.5
PDE1A,0.5
PDE1C,0.5
ZNF618,0.5
USP15,0.5
ANTKMT,0.5
ZNF624,0.5
SLC19A1,0.5
ENTPD2,0.5
PGAP1,0.5
PGAP4,0.5
ANXA4,0.5
TSPYL6,0.5
ENPP6,0.5
PGGHG,0.5
PGK2,0.5
PGLS,0.5
PGLYRP3,0.5
PGM1,0.5
PGM2,0.5
PGM5,0.5
ENTPD3,0.5
PGP,0.5
ZNF626,0.5
CYP2A7,0.5
CYP2B6,0.5
TSR1,0.5
ANXA11,0.5
SLC17A1,0.5
PHC1,0.5
USP14,0.5
SLC16A8,0.5
TSSK6,0.5
SLC16A3,0.5
ANTXR2,0.5
PFKM,0.5
PFKFB1,0.5
CYP27A1,0.5
CYP27B1,0.5
SLC22A14,0.5
EOMES,0.5
AP1M2,0.5
PEAK3,0.5
TSPO,0.5
SLC22A11,0.5
ENTREP3,0.5
AP1G1,0.5
PELI1,0.5
PELI2,0.5
SLC20A1,0.5
PELP1,0.5
AP1B1,0.5
ZNF619,0.5
PFDN5,0.5
ZNF620,0.5
TSPY1,0.5
CYP2A6,0.5
ENTPD7,0.5
SLC1A5,0.5
PEX12,0.5
PEX13,0.5
TSPYL2,0.5
PEX2,0.5
PEX6,0.5
ENTPD4,0.5
SLC1A2,0.5
ANXA6,0.5
PLEKHA4,0.5
PLEKHB1,0.5
TXLNA,0.5
PRAMEF1,0.5
EEF1A2,0.5
ZNF766,0.5
AKR1B15,0.5
PPP2R5A,0.5
EEA1,0.5
PPP2R5E,0.5
PPP4R1L,0.5
PPP4R3A,0.5
PPP5D1P,0.5
AKAP8L,0.5
PPTC7,0.5
SH2B3,0.5
TUBD1,0.5
PRAMEF11,0.5
SH3BP5,0.5
PRAMEF4,0.5
SGTA,0.5
EDC3,0.5
AKAP11,0.5
PRC1,0.5
SGPL1,0.5
TUBG2,0.5
EDA2R,0.5
TUBGCP4,0.5
DCAF11,0.5
AK2,0.5
AJUBA,0.5
PRDX1,0.5
AKR1C2,0.5
TUBB,0.5
SGIP1,0.5
PPOX,0.5
SHC4,0.5
ZNF75A,0.5
SHB,0.5
EFCAB8,0.5
PPIH,0.5
PPIL2,0.5
SHARPIN,0.5
ALCAM,0.5
DBN1,0.5
UPK1B,0.5
ALAS1,0.5
ALAD,0.5
AKT2,0.5
EFCAB13,0.5
EEF1G,0.5
PPP1R12B,0.5
AKT1S1,0.5
EFCAB12,0.5
EEPD1,0.5
PPP1R16B,0.5
ZNF76,0.5
ZNF763,0.5
SH3RF1,0.5
ZNF764,0.5
AKR1C4,0.5
SH3GLB1,0.5
PPP1R3G,0.5
PPP1R9A,0.5
PRDX6,0.5
TUFT1,0.5
PPFIBP1,0.5
PRP4K,0.5
PRMT6,0.5
PRMT7,0.5
E2F3,0.5
AGXT,0.5
PRODH,0.5
PRODH2,0.5
SF3B4,0.5
DZIP3,0.5
PRORP,0.5
SF3B3,0.5
PROX1,0.5
ZNF782,0.5
AGPS,0.5
PRPF18,0.5
SFMBT1,0.5
PRPF3,0.5
DYTN,0.5
AGPAT4,0.5
AGPAT3,0.5
PRPF4,0.5
AGPAT1,0.5
AGO3,0.5
DYRK3,0.5
PRPS1L1,0.5
PRPS2,0.5
DYRK2,0.5
AGMO,0.5
PRR14,0.5
PRMT5,0.5
SFPQ,0.5
AJAP1,0.5
EBF4,0.5
PRG2,0.5
DCAF15,0.5
ECE1,0.5
ZNF773,0.5
ECD,0.5
PRICKLE4,0.5
ZNF774,0.5
PRIMPOL,0.5
PRKAA2,0.5
UPB1,0.5
SGCA,0.5
DCAF4L1,0.5
TUSC1,0.5
SFTPD,0.5
DCAF8,0.5
PRKAR2B,0.5
PRKCA,0.5
PRKCD,0.5
AICDA,0.5
AHSG,0.5
PRKCI,0.5
EBF2,0.5
AHRR,0.5
PRKD2,0.5
PRKD3,0.5
AHR,0.5
TUT4,0.5
EAF1,0.5
DBF4,0.5
ALDH1A2,0.5
PLEKHD1,0.5
SIGMAR1,0.5
ALS2CL,0.5
EIF3B,0.5
DAB1,0.5
ALPK2,0.5
TTK,0.5
TTLL1,0.5
ALPI,0.5
EIF2B3,0.5
ALOXE3,0.5
ALOX5AP,0.5
PMP22,0.5
ALOX5,0.5
ALOX15B,0.5
PNLDC1,0.5
PLSCR2,0.5
SIGLEC7,0.5
EIF2AK1,0.5
PNMA8A,0.5
PNMA8B,0.5
SIGLEC6,0.5
PNN,0.5
PNO1,0.5
SIGLEC5,0.5
PNPLA3,0.5
SIGLEC15,0.5
ZNF709,0.5
EIF1AD,0.5
PNPLA8,0.5
EIF3E,0.5
ALX4,0.5
EI24,0.5
EIF4A3,0.5
ZNF699,0.5
URM1,0.5
PLEKHG4,0.5
ZNF700,0.5
PLEKHG6,0.5
AMMECR1L,0.5
TTC39A,0.5
AMH,0.5
SIRT7,0.5
SIRT5,0.5
CYTH3,0.5
PLIN1,0.5
TTC5,0.5
PLK2,0.5
SINHCAF,0.5
SIRT1,0.5
SIRPG,0.5
CYTH4,0.5
SIRPA,0.5
CYTL1,0.5
AMDHD1,0.5
AMBP,0.5
PLPP6,0.5
TTC8,0.5
PLPPR4,0.5
PLPPR5,0.5
PLRG1,0.5
URI1,0.5
EID1,0.5
POC1B-GALNT4,0.5
EFHC1,0.5
POU3F4,0.5
POP4,0.5
ALDH7A1,0.5
SHOC2,0.5
POPDC3,0.5
EFTUD2,0.5
PORCN,0.5
EFS,0.5
EFR3B,0.5
DARS2,0.5
EFNB1,0.5
SHISA9,0.5
POU2AF2,0.5
DAXX,0.5
POU4F1,0.5
POMT2,0.5
ZNF747,0.5
ALDH3B1,0.5
TTR,0.5
EFNA2,0.5
PP2D1,0.5
SHE,0.5
EFNA1,0.5
PPARA,0.5
EFL1,0.5
PPAT,0.5
PPCDC,0.5
PPEF1,0.5
DAZAP1,0.5
SHOX2,0.5
SHPK,0.5
SIGLEC11,0.5
ZNF724,0.5
EHMT2,0.5
ALKBH5,0.5
ZNF713,0.5
POFUT1,0.5
POFUT2,0.5
POGK,0.5
SIAH3,0.5
SIAH1,0.5
POLE,0.5
POLE2,0.5
POLK,0.5
UQCRC1,0.5
EHD1,0.5
ZNF727,0.5
DAPP1,0.5
UQCC6,0.5
POLR1G,0.5
ALG14,0.5
POLR2C,0.5
POLR2D,0.5
ZNF730,0.5
POLR3D,0.5
ZNF732,0.5
ALDOC,0.5
DAPK1,0.5
ALDOB,0.5
POMC,0.5
POMK,0.5
CRCT1,0.5
SNX4,0.5
MYL2,0.5
ZBTB14,0.5
CMTM7,0.5
TMPO,0.5
KLHL5,0.5
ZBTB12,0.5
KLK11,0.5
TAS2R19,0.5
KLK13,0.5
KLK14,0.5
TAS2R16,0.5
KLK2,0.5
KLK5,0.5
TAS2R1,0.5
CCNE1,0.5
GLRA1,0.5
CCNA2,0.5
CNBD1,0.5
KMT5C,0.5
CNBD2,0.5
CCN1,0.5
GLG1,0.5
KPLCE,0.5
KPNA1,0.5
TARBP1,0.5
KPNB1,0.5
CCM2,0.5
CCL5,0.5
CCNL1,0.5
TAS2R30,0.5
TAP2,0.5
KLF4,0.5
GMPPA,0.5
GMNC,0.5
TMEM87B,0.5
CMTM2,0.5
GMEB2,0.5
GMEB1,0.5
TMEM8B,0.5
TATDN2,0.5
KLF12,0.5
KLF14,0.5
CMTM5,0.5
CCR5,0.5
KLF7,0.5
KLHL34,0.5
CCR4,0.5
TMEM98,0.5
TAS2R60,0.5
KLHDC8B,0.5
TAS2R50,0.5
TAS2R46,0.5
KLHL22,0.5
TAS2R41,0.5
ZBP1,0.5
TAS2R39,0.5
GLRA2,0.5
KLHL32,0.5
ZBTB22,0.5
KREMEN2,0.5
CCRL2,0.5
KRTAP13-3,0.5
GIT2,0.5
ZBTB4,0.5
TAF7L,0.5
TAF7,0.5
CNIH2,0.5
TMTC3,0.5
TAF5L,0.5
KRTAP10-5,0.5
KRTAP10-9,0.5
GIPC1,0.5
CCDC85A,0.5
KRTAP13-1,0.5
KRTAP16-1,0.5
KRT80,0.5
CCDC83,0.5
TAF1D,0.5
GINS4,0.5
TAF15,0.5
TAF12,0.5
KRTAP23-1,0.5
KRTAP27-1,0.5
GIN1,0.5
GIMAP8,0.5
TADA1,0.5
KRTAP4-3,0.5
TACR3,0.5
TAGAP,0.5
GJA1,0.5
TAP1,0.5
KRT31,0.5
KRIT1,0.5
TAOK3,0.5
GLCE,0.5
ZBTB24,0.5
GLB1L3,0.5
KRT13,0.5
KRT14,0.5
KRT16,0.5
TANK,0.5
KRT24,0.5
CCKAR,0.5
KRT28,0.5
KRT32,0.5
GJA3,0.5
TANC2,0.5
GK5,0.5
GJD2,0.5
CNGA2,0.5
GJB6,0.5
ZBTB38,0.5
CCDC97,0.5
GJB4,0.5
KRT73,0.5
GJA9,0.5
TAL1,0.5
KRT78,0.5
ZBED1,0.5
TBC1D10B,0.5
KRTAP5-3,0.5
CD5,0.5
KCNK4,0.5
KCNK5,0.5
KCNK6,0.5
CD7,0.5
CD6,0.5
GOT2,0.5
CD5L,0.5
GOT1,0.5
KCNQ2,0.5
KCNS1,0.5
KCNS2,0.5
KCNS3,0.5
CD48,0.5
YAP1,0.5
GOSR1,0.5
KCTD1,0.5
KCTD11,0.5
KCTD14,0.5
KCTD15,0.5
CD4,0.5
VSTM4,0.5
VSTM2B,0.5
KCTD7,0.5
KDF1,0.5
CLXN,0.5
CD36,0.5
KCNK3,0.5
KCNK17,0.5
KDM3A,0.5
CDC16,0.5
KCNA2,0.5
KCNA7,0.5
KCNAB1,0.5
TBX20,0.5
KCNAB3,0.5
CLSTN1,0.5
GPBP1,0.5
KCND1,0.5
CDC25A,0.5
GPBAR1,0.5
TBX15,0.5
GPATCH4,0.5
KCNG4,0.5
YAE1,0.5
CDC14A,0.5
VSX1,0.5
TMEM270,0.5
TBL3,0.5
KCNJ10,0.5
CD83,0.5
KCNJ14,0.5
KCNJ15,0.5
KCNJ4,0.5
TMEM39A,0.5
GP9,0.5
GP6,0.5
YJU2,0.5
TMEM45A,0.5
CCSAP,0.5
KIF2C,0.5
CD1A,0.5
KIF15,0.5
GNAT3,0.5
KIF19,0.5
CD160,0.5
CD109,0.5
KIF22,0.5
CCZ1B,0.5
CCT8,0.5
KIF27,0.5
KIF2A,0.5
CCT6B,0.5
TBC1D17,0.5
TBC1D22A,0.5
KIF4A,0.5
TMEM79,0.5
CCT5,0.5
GNA15,0.5
GNA13,0.5
CCT4,0.5
GNA11,0.5
KIFBP,0.5
ZAR1,0.5
VSIG4,0.5
GMPR,0.5
CCSER1,0.5
GNB3,0.5
GNB5,0.5
YKT6,0.5
KHDC4,0.5
TMEM45B,0.5
CD300LD,0.5
TMEM54,0.5
GOLGA5,0.5
CD300C,0.5
CD300A,0.5
CMA1,0.5
KDSR,0.5
CD28,0.5
TMEM59L,0.5
KHDC1L,0.5
KHDC3L,0.5
YTHDF1,0.5
VSNL1,0.5
KHDRBS3,0.5
GNRH2,0.5
KHNYN,0.5
TBC1D28,0.5
TMEM61,0.5
GNPAT,0.5
KIAA0753,0.5
TBC1D26,0.5
YWHAG,0.5
TMEM63A,0.5
TBC1D24,0.5
CD200R1L,0.5
KRTAP4-7,0.5
GIMAP4,0.5
ZDHHC6,0.5
GC,0.5
CBS,0.5
LMBR1L,0.5
LMBRD1,0.5
TNIP1,0.5
GCFC2,0.5
CBLN4,0.5
SUGCT,0.5
LMNTD2,0.5
SUFU,0.5
LMOD1,0.5
ZCCHC4,0.5
GCA,0.5
CNTD1,0.5
LMAN1L,0.5
LNX2,0.5
CATSPERZ,0.5
LONRF3,0.5
SUCLG1,0.5
GBP2,0.5
ZCWPW1,0.5
CATSPER4,0.5
ZCWPW2,0.5
LPAR1,0.5
LPAR2,0.5
LPCAT3,0.5
CASS4,0.5
LMAN2,0.5
LMAN1,0.5
TNKS,0.5
LINC02694,0.5
SUSD5,0.5
LIMK1,0.5
SUSD4,0.5
LIN28B,0.5
LIN37,0.5
LIN7B,0.5
SURF4,0.5
CBY1,0.5
SUPV3L1,0.5
TNFSF10,0.5
GCNT4,0.5
LINC01588,0.5
GCNT2,0.5
LLGL2,0.5
SUN5,0.5
SUN3,0.5
LINC02909,0.5
GCM2,0.5
GCM1,0.5
TNFSF14,0.5
CBX6,0.5
LINGO4,0.5
LINS1,0.5
CBX4,0.5
ZCCHC24,0.5
LLGL1,0.5
CASQ2,0.5
CASQ1,0.5
LIMA1,0.5
VPS28,0.5
GAS2,0.5
CARD9,0.5
GAS1,0.5
LRRC36,0.5
LRRC37A2,0.5
TNNC2,0.5
LRRC45,0.5
TNNI3,0.5
STX11,0.5
CARD6,0.5
TNNI3K,0.5
LRRC53,0.5
LRRC59,0.5
STX19,0.5
TNNT2,0.5
LRRC69,0.5
CARD16,0.5
LRRC73,0.5
STRN,0.5
COCH,0.5
LRRC8C,0.5
COG2,0.5
LRRC8E,0.5
CAPZA3,0.5
COG3,0.5
TNPO1,0.5
LRRC30,0.5
LRRC27,0.5
LPP,0.5
CARS2,0.5
CASP6,0.5
GATC,0.5
GATB,0.5
GATAD2B,0.5
CNTNAP3,0.5
LRGUK,0.5
LRIF1,0.5
GATA6,0.5
GATA5,0.5
LRIG3,0.5
LRIT2,0.5
GAST,0.5
CARS1,0.5
LRRC23,0.5
STXBP1,0.5
GAS7,0.5
LRP5L,0.5
ZDHHC20,0.5
LRP8,0.5
STX7,0.5
LRRC1,0.5
LRRC14,0.5
CARF,0.5
STX5,0.5
GAS2L3,0.5
STX1A,0.5
SUV39H2,0.5
GDAP1,0.5
KRTAP9-3,0.5
CCDC22,0.5
SYT5,0.5
VPS9D1,0.5
TNFAIP1,0.5
CCDC33,0.5
CNOT10,0.5
LARP4B,0.5
ZC2HC1A,0.5
LARP7,0.5
CNOT4,0.5
LARS2,0.5
CCDC28A,0.5
SYT17,0.5
CNOT6,0.5
SYT9,0.5
GGA2,0.5
ZC3H11A,0.5
GGA1,0.5
SYT12,0.5
LCE1B,0.5
SYT11,0.5
LCE1E,0.5
SYT1,0.5
LCE2D,0.5
SYPL2,0.5
LCE3D,0.5
GFRA2,0.5
LAPTM4A,0.5
SYTL1,0.5
GFPT2,0.5
SZRD1,0.5
CCDC71,0.5
GIMAP2,0.5
KTI12,0.5
KTN1,0.5
VRTN,0.5
KYAT3,0.5
L1CAM,0.5
L3HYPDH,0.5
L3MBTL2,0.5
CCDC69,0.5
LACRT,0.5
ZBTB47,0.5
LAIR1,0.5
LAMTOR2,0.5
SYVN1,0.5
CCDC62,0.5
ZBTB5,0.5
GHR,0.5
TMX4,0.5
CNNM1,0.5
CCDC54,0.5
GH2,0.5
ZBTB7B,0.5
GGT7,0.5
LAMP3,0.5
ZBTB8OS,0.5
SYNPR,0.5
LCN12,0.5
CC2D2B,0.5
LHX6,0.5
SYCE1L,0.5
SYCE1,0.5
SYBU,0.5
GDNF,0.5
LGSN,0.5
GDI1,0.5
LHFPL1,0.5
SYAP1,0.5
GDF6,0.5
LHX2,0.5
LHX3,0.5
ZC3H7B,0.5
LHX8,0.5
CCDC134,0.5
TNFRSF19,0.5
CCDC116,0.5
TNFRSF1A,0.5
TNFRSF21,0.5
CCDC110,0.5
ZC3HC1,0.5
ZCCHC12,0.5
ZCCHC14,0.5
CNPY3,0.5
TNFRSF6B,0.5
CCAR2,0.5
LILRB2,0.5
LGI4,0.5
SYDE1,0.5
GFPT1,0.5
SYNDIG1,0.5
GFOD2,0.5
CCDC17,0.5
GFOD1,0.5
SYNGR4,0.5
TNFRSF10D,0.5
TNFRSF11A,0.5
LDHAL6A,0.5
LDHAL6B,0.5
CCDC157,0.5
LDLRAD2,0.5
CCDC150,0.5
CCDC15,0.5
LEF1,0.5
LGALS2,0.5
LEFTY1,0.5
SYNCRIP,0.5
GFAP,0.5
CCDC146,0.5
GET3,0.5
SYN3,0.5
TNFRSF13B,0.5
LETM1,0.5
LETM2,0.5
SYF2,0.5
LEUTX,0.5
LFNG,0.5
TBX22,0.5
CDC37L1,0.5
KBTBD8,0.5
HPX,0.5
GTF2E1,0.5
WDR91,0.5
GTF2B,0.5
HP,0.5
HP1BP3,0.5
THOC1,0.5
GTF2A1,0.5
HPN,0.5
HPS1,0.5
GSTP1,0.5
THEMIS2,0.5
HPSE2,0.5
WEE1,0.5
THRA,0.5
HRCT1,0.5
HRG,0.5
HRH1,0.5
HRH3,0.5
CHAF1A,0.5
HS2ST1,0.5
HS3ST1,0.5
CHAD,0.5
GSTA2,0.5
HS6ST3,0.5
HSD11B2,0.5
HSD17B14,0.5
HOXD1,0.5
TMEM161A,0.5
HSD17B4,0.5
HOXA1,0.5
TIGAR,0.5
GTPBP3,0.5
TIFA,0.5
GTPBP10,0.5
HOMER2,0.5
CLBA1,0.5
CHKB,0.5
HOOK1,0.5
CHKA,0.5
TMEM156,0.5
TIAL1,0.5
TIA1,0.5
WDR88,0.5
HOXC10,0.5
TMEM158,0.5
HOXA3,0.5
WDR12,0.5
THUMPD3,0.5
CLCA1,0.5
GTF3A,0.5
HOXB1,0.5
CHFR,0.5
GTF2IRD1,0.5
GTF2H4,0.5
HOXB7,0.5
HOXB8,0.5
HSD17B3,0.5
GSR,0.5
TIGD2,0.5
TMEM184C,0.5
HTT,0.5
CFAP92,0.5
CFAP91,0.5
HYAL3,0.5
HYAL4,0.5
CFAP77,0.5
HYKK,0.5
HYLS1,0.5
HYOU1,0.5
TMEM184B,0.5
IARS2,0.5
IBA57,0.5
ICA1,0.5
HTRA3,0.5
ICAM1,0.5
WDCP,0.5
CLDN16,0.5
CFAP61,0.5
CLDN17,0.5
ID4,0.5
WFIKKN2,0.5
CLDN19,0.5
IDNK,0.5
TFRC,0.5
IDS,0.5
CLDN20,0.5
CFAP97,0.5
HTRA2,0.5
HSD3B7,0.5
HSPBAP1,0.5
GSKIP,0.5
TH,0.5
TMEM176A,0.5
CFP,0.5
HSPA13,0.5
CLCN3,0.5
HSPA1L,0.5
GSDME,0.5
HSPA4,0.5
TGM6,0.5
TGM5,0.5
HSPB6,0.5
CFHR2,0.5
HTRA1,0.5
TMEM178A,0.5
TGM1,0.5
TMEM181,0.5
HTR1D,0.5
HTR2A,0.5
TGFBRAP1,0.5
HTR3C,0.5
HTR3D,0.5
CFHR1,0.5
GRTP1,0.5
CFDP1,0.5
HTR7,0.5
GTPBP4,0.5
GTPBP8,0.5
KBTBD7,0.5
CIAO3,0.5
HDAC10,0.5
CIROZ,0.5
CILP,0.5
CIDEC,0.5
H3C11,0.5
CIDEA,0.5
TMEM11,0.5
HDGF,0.5
TMEM119,0.5
WDR41,0.5
CIB3,0.5
WDR43,0.5
WDR44,0.5
HCRTR2,0.5
HEATR9,0.5
TLR8,0.5
CHUK,0.5
H2BC18,0.5
CHSY1,0.5
H2BC12,0.5
CISH,0.5
CHST6,0.5
HEMGN,0.5
HEPACAM2,0.5
TMEM130,0.5
CITED1,0.5
TM6SF1,0.5
TM7SF2,0.5
TLR10,0.5
CIMIP2A,0.5
HACE1,0.5
HACL2,0.5
H6PD,0.5
TMED5,0.5
CIP2A,0.5
HAPLN3,0.5
H4C5,0.5
H4C4,0.5
TMEFF2,0.5
HAS2,0.5
HAS3,0.5
WDR36,0.5
H4C16,0.5
CIMAP1A,0.5
CIMIP1,0.5
TMEM101,0.5
CIMAP2,0.5
HAUS8,0.5
H4C13,0.5
TMEM102,0.5
TM9SF3,0.5
H3C7,0.5
HCAR3,0.5
HCFC2,0.5
HCLS1,0.5
HCN3,0.5
HERC6,0.5
HEXB,0.5
GUCA1A,0.5
CHMP1B,0.5
WDR74,0.5
TLDC2,0.5
HLA-DPB1,0.5
HLA-DRA,0.5
HLCS,0.5
WDR77,0.5
CLASP2,0.5
HMG20A,0.5
TJAP1,0.5
HMGB2,0.5
TIPARP,0.5
TINAG,0.5
HMGXB3,0.5
HLA-C,0.5
HMGXB4,0.5
HMMR,0.5
HMX3,0.5
HNF1A,0.5
HNF1B,0.5
HNF4A,0.5
TMEM147,0.5
HNRNPA1,0.5
TIGIT,0.5
TIGD6,0.5
HNRNPDL,0.5
TIGD5,0.5
HLA-DOA,0.5
TMEM139,0.5
H2AC20,0.5
HIF1A,0.5
HEXIM1,0.5
CHRND,0.5
HEY2,0.5
CHRNB2,0.5
H1-6,0.5
CHRNA9,0.5
HGSNAT,0.5
H1-3,0.5
CHRNA6,0.5
GZMK,0.5
CHRNA5,0.5
GYS2,0.5
GYPC,0.5
WDR70,0.5
HINFP,0.5
HINT2,0.5
CHRNA3,0.5
HIP1R,0.5
CHRNA10,0.5
TMEM135,0.5
GUSB,0.5
GULP1,0.5
WDR64,0.5
TLE3,0.5
GUF1,0.5
CHRDL1,0.5
WBP2NL,0.5
IER5L,0.5
TFPI,0.5
ITGA1,0.5
IRF9,0.5
GPR52,0.5
GPR4,0.5
WSCD2,0.5
ISG15,0.5
TCP10L2,0.5
CEACAM1,0.5
ISM2,0.5
TCP10L,0.5
TCP1,0.5
CDYL2,0.5
TCN1,0.5
CDX4,0.5
IRF6,0.5
ITGA2,0.5
CDX2,0.5
WWOX,0.5
GPR35,0.5
ITGA5,0.5
ITGA8,0.5
GPR3,0.5
GPR25,0.5
CLMP,0.5
XBP1,0.5
TCIRG1,0.5
CLN3,0.5
IRF7,0.5
IRF5,0.5
CDKL5,0.5
GPR78,0.5
INTS6L,0.5
INTS9,0.5
CENPB,0.5
INVS,0.5
TEC,0.5
TEAD3,0.5
IPCEF1,0.5
WNT9A,0.5
CEMP1,0.5
IPO7,0.5
CELF5,0.5
IPP,0.5
TMEM232,0.5
IRF3,0.5
GPR68,0.5
IQCH,0.5
GPR63,0.5
IQGAP1,0.5
IQGAP3,0.5
CEBPG,0.5
IQUB,0.5
CEBPE,0.5
IRAG2,0.5
IRAK3,0.5
TDG,0.5
TCTN3,0.5
GPR176,0.5
TMEM239,0.5
CFAP418,0.5
CDCA2,0.5
GPR108,0.5
CDH19,0.5
JUN,0.5
GPN3,0.5
GPM6A,0.5
KANK3,0.5
TMEM252,0.5
GPHN,0.5
XPO5,0.5
KANSL3,0.5
KARS1,0.5
CDCA4,0.5
XPO6,0.5
GPR12,0.5
TBXAS1,0.5
KATNA1,0.5
KATNAL1,0.5
KATNAL2,0.5
CDC5L,0.5
TBX4,0.5
GPD1,0.5
XRCC1,0.5
KBTBD12,0.5
KBTBD13,0.5
XRCC2,0.5
XRCC3,0.5
GPR119,0.5
VTI1A,0.5
ITGB7,0.5
TMEM244,0.5
CDKAL1,0.5
CDK7,0.5
ITIH6,0.5
CDK6,0.5
CDK5,0.5
ITM2C,0.5
TCFL5,0.5
CDK20,0.5
CDK2,0.5
GPR156,0.5
GPR153,0.5
TMEM243,0.5
ITSN2,0.5
GPR135,0.5
GPR149,0.5
CDK1,0.5
CDHR5,0.5
CLPX,0.5
CDHR1,0.5
JAK2,0.5
TCF15,0.5
JAKMIP2,0.5
JAKMIP3,0.5
TCF12,0.5
JAM3,0.5
GPR137B,0.5
INTS6,0.5
WNT7A,0.5
INTS2,0.5
CERS2,0.5
CFAP119,0.5
IGFBP5,0.5
IGFBP6,0.5
IGFL1,0.5
WBP1L,0.5
IGHMBP2,0.5
IGLON5,0.5
IGSF1,0.5
IGSF11,0.5
CLEC19A,0.5
WBP1,0.5
CLEC4E,0.5
IKZF2,0.5
WIPF2,0.5
IKZF3,0.5
CLEC5A,0.5
IL11RA,0.5
IL12A,0.5
IL12B,0.5
CEP85L,0.5
IL13RA1,0.5
WNT11,0.5
CEP76,0.5
TMEM196,0.5
TERT,0.5
IL19,0.5
GRIN3B,0.5
IGFBP1,0.5
CLINT1,0.5
IFNLR1,0.5
TFG,0.5
IFI30,0.5
TMEM187,0.5
TFCP2L1,0.5
IFNA14,0.5
CFAP36,0.5
TFAP2B,0.5
TFAP2A,0.5
TFAM,0.5
TEX9,0.5
IFNGR1,0.5
IFNL1,0.5
IFT122,0.5
CFAP184,0.5
CFAP221,0.5
IFT46,0.5
IFT70A,0.5
IFT70B,0.5
IFT80,0.5
IFT81,0.5
TEX35,0.5
TEX26,0.5
IGF1,0.5
CFAP20DC,0.5
IGF2BP3,0.5
CLDN6,0.5
TEP1,0.5
IL1B,0.5
IL1RAPL1,0.5
GPT,0.5
ING3,0.5
ING5,0.5
TEDC1,0.5
TMEM209,0.5
TMEM213,0.5
INKA1,0.5
INKA2,0.5
INO80B,0.5
INO80D,0.5
INPP1,0.5
GPT2,0.5
INPP4B,0.5
CEP128,0.5
TMEM200A,0.5
CEP112,0.5
INSL6,0.5
INSM1,0.5
INSR,0.5
TMEM222,0.5
GPRIN2,0.5
INSYN2B,0.5
CENPP,0.5
INTS10,0.5
INTS11,0.5
INTS13,0.5
INTS14,0.5
ING1,0.5
GRAMD1A,0.5
INCENP,0.5
TMEM208,0.5
TENT4B,0.5
WASF3,0.5
TENT2,0.5
CEP63,0.5
IL22RA1,0.5
CEP57,0.5
WNT3A,0.5
IL27RA,0.5
CEP44,0.5
CEP295NL,0.5
IL31RA,0.5
IL3RA,0.5
IL4,0.5
IL4I1,0.5
TEKTL1,0.5
GRB7,0.5
IL6R,0.5
TMEM203,0.5
IL7R,0.5
ILDR1,0.5
TEKT4,0.5
GRB10,0.5
TEKT2,0.5
IMPDH2,0.5
CEP170,0.5
CAPS2,0.5
CALN1,0.5
COPB2,0.5
C2CD2,0.5
ZNF185,0.5
MPHOSPH10,0.5
C10ORF120,0.5
ZNF12,0.5
MPIG6B,0.5
MAPKAPK2,0.5
MFSD1,0.5
STAM,0.5
CACFD1,0.5
MFRP,0.5
MPL,0.5
CABYR,0.5
MAPRE3,0.5
CPT1C,0.5
MSR1,0.5
SPINK14,0.5
MFSD12,0.5
MPC1,0.5
STAMBP,0.5
BUB1B,0.5
STARD10,0.5
ZMAT3,0.5
SPTY2D1,0.5
STAR,0.5
SPIDR,0.5
FZD5,0.5
FOXN4,0.5
TPPP,0.5
STAP2,0.5
FZD4,0.5
SPTLC3,0.5
MTA2,0.5
STAP1,0.5
ZNF189,0.5
MAPT,0.5
MFN1,0.5
MARCHF1,0.5
MPLKIP,0.5
MARK2,0.5
MARK4,0.5
MFAP3,0.5
COMP,0.5
STAC,0.5
ZNF132,0.5
MSH5-SAPCD1,0.5
METTL8,0.5
SRSF9,0.5
MAS1,0.5
MSH4,0.5
ZFPM1,0.5
TPBG,0.5
C11ORF24,0.5
TOP2B,0.5
COMMD7,0.5
CPSF6,0.5
FOXO4,0.5
SPTLC1,0.5
C10ORF88,0.5
FOXO3,0.5
COMMD10,0.5
MARCHF4,0.5
STAG2,0.5
COMMD5,0.5
MARCHF7,0.5
ZFP92,0.5
TOP1MT,0.5
STAC3,0.5
MFGE8,0.5
TPPP2,0.5
SRSF12,0.5
ZNF17,0.5
MAPK15,0.5
FOXN1,0.5
COPB1,0.5
CALCRL,0.5
SPG7,0.5
MTIF3,0.5
MAP1LC3C,0.5
MTHFSD,0.5
BTN3A3,0.5
GABPB2,0.5
FKBP9,0.5
COLEC10,0.5
MAP2K6,0.5
MAP2K7,0.5
TOLLIP,0.5
MTHFD1L,0.5
MAP3K11,0.5
TOM1L1,0.5
CADM3,0.5
TRABD,0.5
MTMR3,0.5
FZD7,0.5
MORN5,0.5
MTNAP1,0.5
MAN1A2,0.5
MTMR9,0.5
BTN1A1,0.5
MTMR7,0.5
C1RL,0.5
MAN1C1,0.5
ZNF2,0.5
C19ORF18,0.5
GABRB3,0.5
COL8A1,0.5
COL8A2,0.5
MANBA,0.5
TRABD2A,0.5
STAU2,0.5
FKRP,0.5
FKTN,0.5
MGRN1,0.5
MGME1,0.5
FZR1,0.5
MGAT5,0.5
MAP4K5,0.5
MAP7,0.5
ZFP82,0.5
MOV10,0.5
MOV10L1,0.5
CACNB4,0.5
BTRC,0.5
C18ORF63,0.5
MGAT4B,0.5
MAPK11,0.5
VGF,0.5
C21ORF91,0.5
MGAT2,0.5
ZMAT4,0.5
MTERF1,0.5
MGLL,0.5
SQOR,0.5
GAB2,0.5
MAP3K2,0.5
CADM2,0.5
ZFP57,0.5
COLGALT1,0.5
CPXM1,0.5
ZFP64,0.5
TOMM70,0.5
G6PC3,0.5
BTNL9,0.5
TOMM40L,0.5
MAP3K9,0.5
MTERF3,0.5
MAP4,0.5
C2CD4C,0.5
CA6,0.5
GABRG1,0.5
ST3GAL2,0.5
SPRYD7,0.5
CORO7,0.5
MRPS18A,0.5
SSTR1,0.5
MCTP2,0.5
MRPS16,0.5
MED30,0.5
TP53I11,0.5
C6ORF141,0.5
MDFIC,0.5
ZNF155,0.5
ZIC5,0.5
FSD1L,0.5
MDH2,0.5
SPRED1,0.5
ZIC1,0.5
C6ORF89,0.5
C7ORF57,0.5
SPSB1,0.5
TP53TG5,0.5
MEGF9,0.5
MRGPRF,0.5
ZHX1,0.5
MRGPRG,0.5
FMO2,0.5
FRMD4A,0.5
C3AR1,0.5
MRGPRX3,0.5
TOR4A,0.5
MRGPRX4,0.5
FMNL3,0.5
ST3GAL4,0.5
VN1R2,0.5
C11ORF87,0.5
CPNE9,0.5
C12ORF42,0.5
FRMPD3,0.5
SPRING1,0.5
MED1,0.5
MED10,0.5
C3ORF52,0.5
C4ORF46,0.5
SSU72,0.5
SPRR3,0.5
SSUH2,0.5
C12ORF60,0.5
SPRY1,0.5
FRS3,0.5
MRPL15,0.5
MRPL13,0.5
FRS2,0.5
MROH8,0.5
FRRS1,0.5
C3ORF49,0.5
SSX5,0.5
SPRY4,0.5
TPRXL,0.5
ZIK1,0.5
MDP1,0.5
SSTR3,0.5
MDS2,0.5
C14ORF39,0.5
ME1,0.5
MRPL3,0.5
MRPL21,0.5
CPNE7,0.5
ME3,0.5
MEA1,0.5
MRPL23,0.5
CORO1A,0.5
TP53BP1,0.5
CPOX,0.5
MEIOB,0.5
ZFR2,0.5
MAU2,0.5
ZNF134,0.5
SPIRE2,0.5
ST8SIA2,0.5
FLRT1,0.5
MBD1,0.5
SPMIP6,0.5
ST7,0.5
C9ORF78,0.5
FOXRED2,0.5
METTL13,0.5
SPMIP8,0.5
C9ORF50,0.5
MBLAC1,0.5
SSC4D,0.5
FPR1,0.5
FUT8,0.5
MPPED1,0.5
MCM2,0.5
SSB,0.5
METTL24,0.5
CA4,0.5
CA3,0.5
ST8SIA6,0.5
MAT2B,0.5
FLOT2,0.5
CA2,0.5
SS18,0.5
MATK,0.5
SS18L1,0.5
FMOD,0.5
ST8SIA4,0.5
FUZ,0.5
CA12,0.5
ZFYVE16,0.5
FUT4,0.5
CPSF3,0.5
SPNS1,0.5
VIT,0.5
C8ORF82,0.5
VKORC1L1,0.5
ZFYVE9,0.5
MRPS30,0.5
ST3GAL5,0.5
SPON2,0.5
C8G,0.5
C2ORF74,0.5
VMA12,0.5
MCIDAS,0.5
MEIS3,0.5
FRK,0.5
MCL1,0.5
MRGBP,0.5
FTL,0.5
COPS3,0.5
MRPS31,0.5
ST6GALNAC1,0.5
MESP2,0.5
MS4A13,0.5
MPZ,0.5
TPRA1,0.5
C2ORF15,0.5
MBOAT4,0.5
MRTFB,0.5
MEPE,0.5
MEP1A,0.5
ST6GALNAC2,0.5
C16ORF78,0.5
ZNF16,0.5
MRPS6,0.5
SPOCK1,0.5
MRC1,0.5
STEAP3,0.5
ZFP42,0.5
C12ORF56,0.5
MLF2,0.5
MAB21L1,0.5
MUC22,0.5
ZNF227,0.5
TPK1,0.5
BPIFB1,0.5
STRA6,0.5
MINDY3,0.5
MMP9,0.5
LSM12,0.5
SPATA4,0.5
ZNF223,0.5
FNDC8,0.5
LSM14B,0.5
MMP3,0.5
MYB,0.5
LZTS3,0.5
MYEF2,0.5
GALNTL5,0.5
GALNT10,0.5
LZTFL1,0.5
BROX,0.5
FITM2,0.5
C1QTNF1,0.5
MMP28,0.5
MYD88,0.5
VPS26C,0.5
LSAMP,0.5
MAB21L3,0.5
LY6G6D,0.5
LTN1,0.5
CAMKK1,0.5
FHIP2B,0.5
ZNF213,0.5
GAL3ST2,0.5
LRRTM4,0.5
C1QB,0.5
BSCL2,0.5
C1ORF87,0.5
MMS19,0.5
FHL1,0.5
BORCS5,0.5
MMRN1,0.5
MIF4GD,0.5
MACROH2A1,0.5
BRSK2,0.5
MACROD2,0.5
MACC1,0.5
STON1,0.5
GALNTL6,0.5
ZMYM1,0.5
MIIP,0.5
CRACR2A,0.5
CPA1,0.5
FNIP1,0.5
ZNF215,0.5
STMN2,0.5
MLF1,0.5
CRACDL,0.5
MORN3,0.5
ZFAND1,0.5
MMP2,0.5
FIBCD1,0.5
GALNT13,0.5
LY96,0.5
MIPOL1,0.5
LYPD3,0.5
LYPD2,0.5
MX1,0.5
MX2,0.5
STON2,0.5
LYN,0.5
GALNT12,0.5
STK39,0.5
MIR1-1HG,0.5
C1QA,0.5
COG6,0.5
MISP,0.5
CAPN5,0.5
CAPN14,0.5
GALNT3,0.5
BPIFB6,0.5
COL16A1,0.5
CRAMP1,0.5
LYPLAL1,0.5
LY75-CD302,0.5
LY75,0.5
BRF2,0.5
LY6H,0.5
VIP,0.5
STK26,0.5
MYADM,0.5
MINPP1,0.5
STK3,0.5
STMN1,0.5
CAPN9,0.5
ZMYM6,0.5
SPDEF,0.5
GALNT11,0.5
LTB4R,0.5
COG4,0.5
MLEC,0.5
STK32A,0.5
MLC1,0.5
MVB12B,0.5
STPG1,0.5
LTV1,0.5
MYCT1,0.5
COG5,0.5
MMP21,0.5
MMP20,0.5
C1QTNF2,0.5
MAEA,0.5
MMUT,0.5
MAGEE1,0.5
MKNK1,0.5
CALU,0.5
CAMK1,0.5
MOGAT3,0.5
MICOS13,0.5
CPN2,0.5
CAMK1G,0.5
MICU2,0.5
MKRN1,0.5
FOSL1,0.5
MOGAT1,0.5
TOE1,0.5
CALR,0.5
GABRQ,0.5
GAN,0.5
MAGEC2,0.5
CPM,0.5
FOXB2,0.5
MLX,0.5
TPM1,0.5
MLPH,0.5
C1ORF115,0.5
MKLN1,0.5
SPATC1L,0.5
MMD2,0.5
DHX35,0.5
CAPN11,0.5
MICAL2,0.5
C1R,0.5
MYL11,0.5
MLXIPL,0.5
MICAL1,0.5
ZFP30,0.5
C1ORF74,0.5
GANC,0.5
MMAB,0.5
ZFP28,0.5
MORC2,0.5
GALNT14,0.5
MORC1,0.5
TPP2,0.5
ZFP2,0.5
C1QTNF9B,0.5
MALSU1,0.5
ZMIZ2,0.5
MALRD1,0.5
CAPRIN1,0.5
MTO1,0.5
MICB,0.5
GANAB,0.5
MTPAP,0.5
MON1B,0.5
BOK,0.5
COL4A5,0.5
MMEL1,0.5
BTAF1,0.5
SPECC1L,0.5
GADL1,0.5
TPP1,0.5
MAG,0.5
MAFG,0.5
C1QTNF6,0.5
C1ORF116,0.5
CPAP,0.5
MIEF1,0.5
MOB3C,0.5
FOXC2,0.5
MUC15,0.5
MOB3B,0.5
VPS26B,0.5
BST2,0.5
C1QTNF5,0.5
STK10,0.5
BNIP3,0.5
TRAFD1,0.5
LUC7L3,0.5
MOB1B,0.5
BNIP5,0.5
ZNF23,0.5
GAL3ST1,0.5
STRADA,0.5
CPB1,0.5
MIR9-1HG,0.5
SPEF1,0.5
MAGEB18,0.5
ZNF221,0.5
CPB2,0.5
BTBD7,0.5
STRBP,0.5
FKBP1A,0.5
MAGEB4,0.5
MID1,0.5
TPH1,0.5
FOSL2,0.5
GAD1-AS1,0.5
COL3A1,0.5
MTSS2,0.5
GAMT,0.5
MMP10,0.5
MOCOS,0.5
BTBD19,0.5
BNIP2,0.5
MAGEB16,0.5
FKBP11,0.5
MTX3,0.5
TRIM24,0.2
TEX10,0.2
TEX101,0.2
SEC24A,0.2
VARS2,0.2
SERPINB12,0.2
SERPINB2,0.2
TPRKB,0.2
SERPINB10,0.2
SERPINB4,0.2
ZNF865,0.2
SERPINB1,0.2
TDRD10,0.2
TEX12,0.2
SERPINF1,0.2
TDRD1,0.2
SEC14L2,0.2
SERPINF2,0.2
TDP1,0.2
SERPINH1,0.2
ZNF8,0.2
SEC13,0.2
TEX46,0.2
SERTAD2,0.2
TCP11L2,0.2
TEX47,0.2
SPRY3,0.2
TEX55,0.2
TEX56P,0.2
SDSL,0.2
SDR42E1,0.2
ZNF333,0.2
WIF1,0.2
ZNF331,0.2
SPRYD4,0.2
VAMP4,0.2
VAMP7,0.2
ZNF140,0.2
VHLL,0.2
TXNDC5,0.2
SNCG,0.2
ZNF146,0.2
SEC23A,0.2
SEC22A,0.2
TRIM35,0.2
SERPINB8,0.2
SERPINB9,0.2
TDRD15,0.2
SPSB3,0.2
UBASH3A,0.2
VHL,0.2
SPSB2,0.2
SEC14L4,0.2
TDRD12,0.2
TEX261,0.2
TEX29,0.2
SERPIND1,0.2
SERPINA7,0.2
TEDC2,0.2
WBP11,0.2
SPTLC2,0.2
TMEM219,0.2
VAPA,0.2
WASF1,0.2
SNTN,0.2
SREK1,0.2
SNW1,0.2
TEN1,0.2
SREK1IP1,0.2
SNRNP27,0.2
SNX1,0.2
TYW3,0.2
TPM4,0.2
TYMSOS,0.2
SNX11,0.2
TXNRD3,0.2
SNX2,0.2
ZNF117,0.2
TMEM202,0.2
SEMA3F,0.2
VANGL2,0.2
ZNF345,0.2
SEMA3D,0.2
ZNF343,0.2
ZNF85,0.2
SEPTIN11,0.2
TENT5A,0.2
WNT8A,0.2
U2AF2,0.2
UACA,0.2
UAP1,0.2
TRIM31,0.2
VARS1,0.2
SPZ1,0.2
SQLE,0.2
ZNF112,0.2
TYSND1,0.2
SNRPB2,0.2
ZNF101,0.2
ZNF816,0.2
SNRPN,0.2
ZNF100,0.2
ZNF83,0.2
TEF,0.2
ZNF35,0.2
ZNF836,0.2
ZNF10,0.2
TMEM207,0.2
ZNF347,0.2
ZNF839,0.2
TMEM215,0.2
ZNF114,0.2
WARS1,0.2
TECRL,0.2
ZNF812P,0.2
TEKT1,0.2
ZNF880,0.2
TMEM205,0.2
SENP2,0.2
TMEM217,0.2
SENP3,0.2
SNTB2,0.2
WNT4,0.2
TECR,0.2
UNC45A,0.2
SEPTIN14,0.2
TENT5B,0.2
TESPA1,0.2
SERINC5,0.2
SRFBP1,0.2
VANGL1,0.2
ZNF33A,0.2
ZNF383,0.2
WASHC2C,0.2
SNX18,0.2
TXNL1,0.2
TRIM25,0.2
SERPINA11,0.2
ZNF860,0.2
ZNF135,0.2
ZMYND15,0.2
TMEM233,0.2
TMEM190,0.2
SEL1L,0.2
WNT1,0.2
SNF8,0.2
ZNF138,0.2
ZNF14,0.2
SERPINA12,0.2
WASHC3,0.2
TMEM236,0.2
SERPINA4,0.2
SERPINA5,0.2
WASHC4,0.2
WNK3,0.2
WLS,0.2
SEC61B,0.2
SELENBP1,0.2
WRAP73,0.2
SNORC,0.2
SELENOH,0.2
TENT5C,0.2
TEAD4,0.2
SELL,0.2
SELENOW,0.2
ZNF124,0.2
SELENOV,0.2
SEPTIN7,0.2
TERB1,0.2
WNT9B,0.2
WASH4P,0.2
ZNF131,0.2
TMEM198,0.2
UBA2,0.2
TDRP,0.2
TES,0.2
ZNF850,0.2
SNORA81,0.2
TMEM229A,0.2
TRIM26,0.2
SELENOS,0.2
SERINC1,0.2
TXNL4A,0.2
SNHG32,0.2
TESC,0.2
TDRD7,0.2
SERINC4,0.2
TMEM230,0.2
TESK2,0.2
TESMIN,0.2
SELENOP,0.2
SLC35F1,0.2
TRIM16L,0.2
UBTF,0.2
SPAG6,0.2
UBXN1,0.2
WDR5B,0.2
SPAG5,0.2
ZSCAN9,0.2
TMEM132E-DT,0.2
TMEM134,0.2
SAMD13,0.2
SPEM2,0.2
SPAG11B,0.2
ZSCAN5A,0.2
ZNF202,0.2
SPACDR,0.2
SPESP1,0.2
TLCD4,0.2
TLCD3B,0.2
SAMD8,0.2
TRAF1,0.2
WDR75,0.2
TKTL1,0.2
UBXN11,0.2
ZNF280D,0.2
TLE4,0.2
ZNF211,0.2
ZNF214,0.2
SPATA2,0.2
UGT1A9,0.2
TLNRD1,0.2
SPATA19,0.2
TRAF3,0.2
ZNF280A,0.2
TRAPPC13,0.2
WDR27,0.2
TRAF2,0.2
TRAPPC14,0.2
UBXN6,0.2
SPATA12,0.2
SPAST,0.2
ZSWIM3,0.2
TLK1,0.2
ZNF280C,0.2
TRAPPC4,0.2
SPART,0.2
TKT,0.2
RTL3,0.2
SPRY2,0.2
UBQLN2,0.2
TIMM29,0.2
SASH3,0.2
ZSCAN31,0.2
SPG21,0.2
SAT1,0.2
TMEM14A,0.2
TPX2,0.2
SATL1,0.2
TMEM150A,0.2
SAXO5,0.2
SP5,0.2
SAYSD1,0.2
SBDS,0.2
SOX8,0.2
TPTE2,0.2
TMEM150B,0.2
SPI1,0.2
SBK3,0.2
SPIC,0.2
SBSN,0.2
ZSCAN32,0.2
TIMP2,0.2
SARS1,0.2
ZSCAN4,0.2
TKFC,0.2
WDR76,0.2
SAMTOR,0.2
TK1,0.2
SP4,0.2
SAP25,0.2
WDR83,0.2
WDR83OS,0.2
SAP30L,0.2
ZNF200,0.2
SP140L,0.2
SAPCD2,0.2
TIPRL,0.2
ZNF20,0.2
TINF2,0.2
WDR86,0.2
SARAF,0.2
UGT2B10,0.2
SP110,0.2
SAC3D1,0.2
TLR3,0.2
WDR55,0.2
RUNDC3A,0.2
TMBIM4,0.2
TMBIM1,0.2
ZXDA,0.2
TM9SF2,0.2
RUFY3,0.2
TMEM106A,0.2
TM9SF1,0.2
ZWINT,0.2
RUFY4,0.2
SPATA6,0.2
WDR54,0.2
TMEM106C,0.2
UGT1A3,0.2
TM7SF3,0.2
ZNF224,0.2
WDR37,0.2
RUNX3,0.2
UFD1,0.2
RUVBL2,0.2
ZNF256,0.2
TRAF7,0.2
RUBCN,0.2
VENTX,0.2
ZNF25,0.2
ZNF235,0.2
TMCO6,0.2
RTL5,0.2
TMCO4,0.2
TMCO2,0.2
RTN2,0.2
RTN3,0.2
TMCO1,0.2
TMED4,0.2
UGDH,0.2
SPATA32,0.2
VEZF1,0.2
TMED6,0.2
ZYG11B,0.2
TMED7,0.2
RTN4RL1,0.2
RTN4RL2,0.2
TMC7,0.2
RTP4,0.2
TM6SF2,0.2
ZNF222,0.2
RWDD2B,0.2
S100A7L2,0.2
ZNF273,0.2
ZNF277,0.2
S100A8,0.2
UCP2,0.2
S100P,0.2
SPATS2L,0.2
S100Z,0.2
WDR45,0.2
SPATA31A6,0.2
TMEM126B,0.2
WDR47,0.2
SPCS1,0.2
TMEM128,0.2
SPDYC,0.2
TLR4,0.2
ZSWIM9,0.2
WDR5,0.2
UCHL1,0.2
TRAF3IP2,0.2
TLX1,0.2
S100A5,0.2
RWDD4,0.2
S100A4,0.2
ZNF22,0.2
RXFP1,0.2
RXFP3,0.2
ZNF264,0.2
TMEM109,0.2
WDR38,0.2
UFC1,0.2
TM2D3,0.2
RXRB,0.2
ZNF219,0.2
RXYLT1,0.2
TM2D2,0.2
TM2D1,0.2
TMEM117,0.2
SPATS1,0.2
ZWILCH,0.2
S100A14,0.2
S100A3,0.2
SPATS2,0.2
ZNF3,0.2
SBSPON,0.2
SPICE1,0.2
ZNF157,0.2
SPOCK2,0.2
SOCS7,0.2
SPOCK3,0.2
ZNRF1,0.2
SCRN1,0.2
TRH,0.2
UBE2L6,0.2
SCRN2,0.2
SCRN3,0.2
ZNF324B,0.2
SPMIP7,0.2
VAT1L,0.2
TMEM183A,0.2
TMEM184A,0.2
SCT,0.2
SCTR,0.2
UBE2J1,0.2
SPOUT1,0.2
TGFBI,0.2
UBE2I,0.2
SOD2,0.2
TRGV9,0.2
SPO11,0.2
UMAD1,0.2
SORBS3,0.2
TGS1,0.2
TGOLN2,0.2
SCNM1,0.2
UBE2QL1,0.2
WDPCP,0.2
SPNS2,0.2
TMEM176B,0.2
TREML2,0.2
SCNN1A,0.2
SPNS3,0.2
TPST1,0.2
UBE2N,0.2
ULK4,0.2
SCO1,0.2
UBE2M,0.2
ZNRF2,0.2
TGIF2LX,0.2
TGIF2,0.2
TRHR,0.2
SOCS5,0.2
SOCS4,0.2
SPRR2B,0.2
WBP2,0.2
TFF3,0.2
UBE2E2,0.2
TMEM185B,0.2
WHAMM,0.2
TFEC,0.2
SDHAF3,0.2
SDHAP3,0.2
SPRR2G,0.2
SDHB,0.2
TFB2M,0.2
TMED3,0.2
UBE2A,0.2
UNC119,0.2
ZNF93,0.2
SDHC,0.2
UBD,0.2
TMEM19,0.2
UBC,0.2
SPRR2D,0.2
SNX9,0.2
TRIB1,0.2
SOAT1,0.2
TGFB3,0.2
TGFB2,0.2
SPP1,0.2
SOCS3,0.2
ZNG1F,0.2
ZNG1C,0.2
SPP2,0.2
ZNG1A,0.2
SOCS2,0.2
SOCS1,0.2
VAT1,0.2
UMODL1-AS1,0.2
ZNF329,0.2
SDC1,0.2
SDC3,0.2
UMPS,0.2
SDC4,0.2
WBP4,0.2
UBE2H,0.2
TREML1,0.2
SORCS2,0.2
SOX7,0.2
SCCPDH,0.2
THPO,0.2
THOP1,0.2
SPINK6,0.2
UBOX5,0.2
THOC7,0.2
ZNF180,0.2
ULBP2,0.2
WDR93,0.2
THOC5,0.2
SCEL,0.2
SCN4B,0.2
TRBV7-6,0.2
ZNF18,0.2
THNSL2,0.2
ZNF177,0.2
UBL4A,0.2
THNSL1,0.2
SOX18,0.2
TMEM165,0.2
VGLL1,0.2
THRB,0.2
SOX3,0.2
SCARA5,0.2
ULBP1,0.2
ZNF300,0.2
ZNF302,0.2
THY1,0.2
TRAV19,0.2
UBP1,0.2
UGT2B7,0.2
UGT3A1,0.2
UGT3A2,0.2
TRAV22,0.2
UGT8,0.2
THUMPD2,0.2
SCAMP2,0.2
ZSCAN10,0.2
SPIN4,0.2
ZNF195,0.2
TRAV40,0.2
TRBV4-2,0.2
TMEM160,0.2
SPINDOC,0.2
ZNF174,0.2
UBIAD1,0.2
UBFD1,0.2
WEE2,0.2
ZNF320,0.2
THBD,0.2
UBE3A,0.2
SOWAHC,0.2
UBE2Z,0.2
UBE2W,0.2
SPIRE1,0.2
SCN1B,0.2
SOWAHA,0.2
SOST,0.2
THAP7,0.2
THAP12,0.2
TREM2,0.2
THAP10,0.2
ZNF165,0.2
SCN2B,0.2
WFDC9,0.2
UBE2U,0.2
SERTM1,0.2
SCML1,0.2
SOWAHD,0.2
SOX14,0.2
TMEM170A,0.2
SCG5,0.2
ZRANB2,0.2
UBE4A,0.2
ZRANB1,0.2
SCGB2A2,0.2
SOX12,0.2
TMEM169,0.2
SPINT3,0.2
VCAM1,0.2
SCGN,0.2
SCHIP1,0.2
SCIMP,0.2
SCIN,0.2
VAX2,0.2
TMEM17,0.2
UBE3D,0.2
THEM6,0.2
THEM4,0.2
VGLL2,0.2
TCP11L1,0.2
SH2B1,0.2
WSB2,0.2
SLC22A16,0.2
ZBTB7C,0.2
ZFP69,0.2
SYTL3,0.2
SLC22A10,0.2
SLC6A7,0.2
TOMM5,0.2
SYT8,0.2
SYT7,0.2
ZNF488,0.2
SLC22A17,0.2
SLC75A1,0.2
SLC22A2,0.2
SLC6A19,0.2
SLC6A18,0.2
SLC6A16,0.2
TOM1L2,0.2
SLC22A31,0.2
TNFAIP6,0.2
ZC3H10,0.2
VPS54,0.2
SLC71A3P,0.2
STARD7,0.2
TNFAIP8,0.2
VRK1,0.2
SLC7A2,0.2
TSPYL5,0.2
TRMT61B,0.2
SLC18A1,0.2
SLC18B1,0.2
ZBTB46,0.2
VRK2,0.2
SLC19A2,0.2
SLC19A3,0.2
SLC1A1,0.2
SLC7A10,0.2
TMX2-CTNND1,0.2
TAAR2,0.2
TSPYL4,0.2
SLC1A4,0.2
TAAR1,0.2
STARD3,0.2
STARD4,0.2
SLC7A11,0.2
ZNF621,0.2
SLC22A5,0.2
TRPC3,0.2
VSIG10,0.2
STEEP1,0.2
SLC25A17,0.2
TSPAN4,0.2
SLC25A21,0.2
SLC5A8,0.2
ZFP36,0.2
ZNF611,0.2
USP21,0.2
ZNF497,0.2
SLC25A22,0.2
TSPAN33,0.2
SLC25A10,0.2
SYK,0.2
ZNF608,0.2
SLC25A25,0.2
SLC25A27,0.2
TSPAN32,0.2
STH,0.2
TSPAN31,0.2
SLC25A28,0.2
STIM1,0.2
SLC25A13,0.2
ZC3H15,0.2
TSPEAR,0.2
STAU1,0.2
VPS51,0.2
ZFP41,0.2
ZNF616,0.2
SYP,0.2
SLC66A2,0.2
STAT6,0.2
TSPAN9,0.2
TNFRSF10C,0.2
ZC3H12A,0.2
ZC3H12D,0.2
SLC24A5,0.2
SYNJ2BP,0.2
STC1,0.2
ZFP36L1,0.2
SYNGR1,0.2
SLC61A1,0.2
STEAP2,0.2
SLC24A3,0.2
SYNE4,0.2
VPS50,0.2
SLC17A9,0.2
ZBTB42,0.2
SLC17A7,0.2
ZNF658,0.2
SLCO1B3,0.2
SLC11A2,0.2
ZNF664,0.2
SLC12A2,0.2
ZBTB3,0.2
TAMM41,0.2
TAMALIN,0.2
TALDO1,0.2
SLC9C1,0.2
SLC9B1P1,0.2
TMPRSS3,0.2
TAGLN3,0.2
ZFPL1,0.2
SLC13A1,0.2
USP1,0.2
SLC9A7,0.2
ZNF653,0.2
USP11,0.2
ZNF480,0.2
SLC14A1,0.2
TANGO2,0.2
ZNF670,0.2
TAAR9,0.2
TRIP6,0.2
TRIP10,0.2
ST6GALNAC4,0.2
TARDBP,0.2
TARBP2,0.2
TOP3B,0.2
TTC23,0.2
TAPBPL,0.2
TAPBP,0.2
UST,0.2
SLC10A2,0.2
SLC11A1,0.2
SLC10A4,0.2
SLC10A5,0.2
SLC10A7,0.2
ZFYVE21,0.2
ZNF671,0.2
TTC22,0.2
TRMO,0.2
USPL1,0.2
ZBTB25,0.2
TAGLN2,0.2
TOP2A,0.2
TAFA1,0.2
TMX2,0.2
SLC16A4,0.2
SLC16A5,0.2
SPATA31J1,0.2
TSR3,0.2
SLC16A9,0.2
TMX1,0.2
TADA2A,0.2
SLC7A6,0.2
TACSTD2,0.2
TACR1,0.2
SLC15A2,0.2
TRMT44,0.2
SLC17A4,0.2
STAM2,0.2
TACC1,0.2
ZNF623,0.2
TAB3,0.2
TAB2,0.2
SLC7A3,0.2
TAB1,0.2
TAF11,0.2
ZNF627,0.2
SLC16A2,0.2
SLC7A9,0.2
TAF9,0.2
ZNF648,0.2
SLC9A2,0.2
SLC16A1,0.2
VSIG1,0.2
TMUB1,0.2
STAC2,0.2
TAF4B,0.2
USP12,0.2
ZNF639,0.2
TAF4,0.2
SLC16A13,0.2
ZNF484,0.2
ZNF629,0.2
TSTD2,0.2
ZFP90,0.2
TAF1B,0.2
TMUB2,0.2
TRMT2B,0.2
ZNF501,0.2
SYCE2,0.2
TNFRSF13C,0.2
SLC2A4RG,0.2
STOML3,0.2
ZNF564,0.2
ZDHHC14,0.2
SLC2A12,0.2
ZDHHC15,0.2
ZDHHC16,0.2
SLC2A3,0.2
ZDHHC17,0.2
TRPV1,0.2
ZNF563,0.2
STXBP3,0.2
USP4,0.2
SLC38A8,0.2
ZDHHC2,0.2
ZNF562,0.2
STX8,0.2
SLC38A5,0.2
SLC38A4,0.2
ZDHHC22,0.2
STOX2,0.2
ZNF566,0.2
SLC39A12,0.2
SLC39A9,0.2
TRPT1,0.2
TSG101,0.2
SUCNR1,0.2
STK40,0.2
ZCRB1,0.2
TSEN34,0.2
ZNF525,0.2
VPS37C,0.2
STKLD1,0.2
SLC27A6,0.2
STYXL1,0.2
ZDHHC13,0.2
ZDHHC1,0.2
TSC22D4,0.2
STOM,0.2
SLC28A3,0.2
SLC39A4,0.2
SLC29A2,0.2
ZDHHC12,0.2
STOML2,0.2
SLC29A3,0.2
STX6,0.2
SLC30A6,0.2
ZDHHC9,0.2
STRN4,0.2
SLC35G3,0.2
TNPO2,0.2
SLC35G2,0.2
ZNF528,0.2
SLC35F6,0.2
ZNF548,0.2
TNNT3,0.2
ZNF544,0.2
ZNF541,0.2
STRN3,0.2
SLC30A8,0.2
STRIP1,0.2
SLC35B3,0.2
SLC35B4,0.2
SLC35F5,0.2
TRPV4,0.2
TNP1,0.2
SLC35F2,0.2
SLC35D4,0.2
SLC35E1,0.2
SLC35G5,0.2
SLC35A2,0.2
ZDHHC23,0.2
SLC35A1,0.2
ZNF526,0.2
STX2,0.2
STX1B,0.2
SLC37A4,0.2
STPG4,0.2
ZNF559,0.2
SLC31A2,0.2
SLC36A3,0.2
STRA8,0.2
TRUB2,0.2
STX18,0.2
ZNF557,0.2
TNKS2,0.2
ZNF556,0.2
TNMD,0.2
ZDHHC7,0.2
STX17,0.2
SLC35H1,0.2
SLC35G6,0.2
TSGA10,0.2
ZCCHC9,0.2
TOB2,0.2
TSPAN1,0.2
ZNF507,0.2
ZNF585A,0.2
TNFRSF4,0.2
ZNF510,0.2
ZNF582,0.2
ZNF511,0.2
TNFRSF8,0.2
ZNF581,0.2
STIP1,0.2
ZNF512,0.2
STING1,0.2
TSNAXIP1,0.2
TNFRSF9,0.2
USP46,0.2
SLC4A11,0.2
USP27X,0.2
STK11,0.2
ZCCHC17,0.2
SURF6,0.2
SLC25A32,0.2
ZC4H2,0.2
ZFHX2,0.2
TNIP3,0.2
ZNF593,0.2
TSPAN12,0.2
SLC5A11,0.2
SLC5A10,0.2
SLC5A1,0.2
TNFRSF14,0.2
SWT1,0.2
TNFRSF17,0.2
SWI5,0.2
SLC25A30,0.2
SLC52A2,0.2
TSPAN11,0.2
SLC52A1,0.2
VPS41,0.2
SLC51A,0.2
ZNF589,0.2
ZNF587B,0.2
ZNF587,0.2
TNFRSF18,0.2
STIMATE,0.2
ZNF586,0.2
ZNF575,0.2
ZFAND5,0.2
SURF1,0.2
SLC41A1,0.2
SLC25A52,0.2
SLC43A1,0.2
ZNF569,0.2
SLC41A2,0.2
ZFAND3,0.2
SLC25A6,0.2
USP37,0.2
ZCCHC3,0.2
SLC26A10P,0.2
SLC40A1,0.2
SLC25A37,0.2
SUGT1P4-STRA6LP-CCDC180,0.2
SLC26A11,0.2
TSHB,0.2
SLC26A4,0.2
STK36,0.2
SLC26A5,0.2
ZER1,0.2
SUDS3,0.2
STK38,0.2
SULT1C2,0.2
SULT1C3,0.2
SLC25A5,0.2
SULT1C4,0.2
SLC47A2,0.2
STK16,0.2
TNFSF11,0.2
TNFSF12-TNFSF13,0.2
STK17A,0.2
SUN2,0.2
SUN1,0.2
TSNARE1,0.2
SUMF2,0.2
SLC45A2,0.2
SUMF1,0.2
STK17B,0.2
STK25,0.2
ZFAND4,0.2
SLC43A2,0.2
ZNF57,0.2
TNFSF8,0.2
SLC25A48,0.2
SULT1E1,0.2
SLAMF6,0.2
SLAMF1,0.2
TXN2,0.2
TPD52,0.2
TBX6,0.2
TPD52L3,0.2
SH2D2A,0.2
TPD52L1,0.2
ZNF41,0.2
SRRM3,0.2
SH2D4B,0.2
TUBB6,0.2
SMPD1,0.2
TMEM255B,0.2
TUBG1,0.2
SH2D6,0.2
SH3BGR,0.2
ZNF770,0.2
SMLR1,0.2
SH3BGRL3,0.2
ZNF415,0.2
TUBB3,0.2
ZNF77,0.2
TBX21,0.2
SMPDL3A,0.2
SLC35E2B,0.2
TMEM260,0.2
SGMS1,0.2
TULP1,0.2
TMEM248,0.2
SGCG,0.2
SGCZ,0.2
ZMPSTE24,0.2
TMEM250,0.2
SGK1,0.2
SGK3,0.2
TPGS1,0.2
TUFM,0.2
ZNF408,0.2
SGO1,0.2
ZNF771,0.2
TCAF2,0.2
TC2N,0.2
TBXT,0.2
TMEM253,0.2
SGSH,0.2
SMPDL3B,0.2
XPO7,0.2
TUBB1,0.2
XRCC5,0.2
ST6GALNAC3,0.2
TMEM37,0.2
TBPL2,0.2
TUBA1A,0.2
UTY,0.2
UPP1,0.2
TBL2,0.2
TBL1Y,0.2
ZNF419,0.2
SHBG,0.2
SHC2,0.2
SHCBP1,0.2
TMEM30A,0.2
TTYH3,0.2
TPCN2,0.2
UPRT,0.2
ZNF426,0.2
ZMAT1,0.2
TBL1X,0.2
SRSF7,0.2
SHCBP1L,0.2
SRY,0.2
TMEM30B,0.2
ZNF75D,0.2
UPF3A,0.2
TBX10,0.2
SH3BP5L,0.2
SH3D19,0.2
TMEM266,0.2
SH3GL3,0.2
TBX19,0.2
ZMAT2,0.2
ZNF765,0.2
UPK1A,0.2
SMIM12,0.2
XRCC6,0.2
XXYLT1,0.2
VSX2,0.2
TUBAL3,0.2
TRIM48,0.2
TUBA4A,0.2
TRIM49C,0.2
TRIM5,0.2
TMEM267,0.2
SH3YL1,0.2
TUBA3D,0.2
TMEM247,0.2
TCEA3,0.2
SGCE,0.2
TCHP,0.2
TCL1A,0.2
SETDB2,0.2
SETMAR,0.2
VWA7,0.2
TXK,0.2
TWIST1,0.2
TMEM238,0.2
TCIM,0.2
SRP14,0.2
UNCX,0.2
ZNF385C,0.2
XCL1,0.2
ZNF391,0.2
TMEM240,0.2
SRP72,0.2
XCR1,0.2
SF3A2,0.2
TMEM242,0.2
SRP9,0.2
VWA2,0.2
SRM,0.2
WWTR1,0.2
SGCD,0.2
ZNF792,0.2
TCP11,0.2
SESN2,0.2
TMEM237,0.2
TRIM38,0.2
TCP10L3,0.2
SESTD1,0.2
SNCA,0.2
SET,0.2
WTAP,0.2
SRL,0.2
SETD7,0.2
ZNF385A,0.2
ZNF789,0.2
TCN2,0.2
TCL1B,0.2
SNAPC3,0.2
WWC2,0.2
SNAPC1,0.2
TXLNG,0.2
ZNF785,0.2
SRPK2,0.2
UNG,0.2
XK,0.2
XPNPEP1,0.2
XKRX,0.2
SFRP2,0.2
TPI1,0.2
ZNF776,0.2
SRPRB,0.2
SFTPA1,0.2
TCERG1L,0.2
TCEANC2,0.2
TUSC3,0.2
SMURF1,0.2
TRIM39-RPP21,0.2
SFXN5,0.2
SRRD,0.2
SMUG1,0.2
TCEAL6,0.2
TMEM245,0.2
SGCB,0.2
VTA1,0.2
TCEAL2,0.2
TCEAL1,0.2
TRIM40,0.2
VIPAS39,0.2
XKR8,0.2
TCF23,0.2
ZNF781,0.2
TCF7L2,0.2
SNAP25,0.2
SNAP23,0.2
SNAI3,0.2
SF3B5,0.2
TRIM4,0.2
ZMYM2,0.2
TWF1,0.2
XKR6,0.2
XKR7,0.2
SRPK3,0.2
TCF7L1,0.2
ZNF780A,0.2
SFN,0.2
TVP23C,0.2
VTI1B,0.2
SFRP1,0.2
TCF25,0.2
SHD,0.2
YARS1,0.2
TBKBP1,0.2
TASP1,0.2
VMP1,0.2
TTC31,0.2
TBC1D1,0.2
TAX1BP3,0.2
ST3GAL1,0.2
TRIM77,0.2
TAT,0.2
SIVA1,0.2
ZNF446,0.2
ST3GAL3,0.2
TBC1D10A,0.2
ZBED2,0.2
ZNF692,0.2
ZNF689,0.2
TASL,0.2
TTC29,0.2
ZNF688,0.2
TOR3A,0.2
TMEM9B,0.2
VN1R4,0.2
UTP23,0.2
ST20-AS1,0.2
TBC1D19,0.2
SIRPB2,0.2
TMEM71,0.2
ZIM2,0.2
SLU7,0.2
TTC9B,0.2
TMEM72,0.2
VMA22,0.2
ZNF703,0.2
TBC1D14,0.2
SIRPB1,0.2
SIRPD,0.2
SLK,0.2
TMEM86A,0.2
ZNF701,0.2
SIRT2,0.2
TTC4,0.2
TBC1D13,0.2
TTC39C,0.2
ST20,0.2
TOX4,0.2
TOX2,0.2
UROD,0.2
TAS2R5,0.2
ZNF451,0.2
ZNF676,0.2
UTP11,0.2
SKOR2,0.2
TMPRSS11B,0.2
SKP2,0.2
TMPRSS11BNL,0.2
TMPRSS11D,0.2
SLFN11,0.2
ZBTB18,0.2
SLA,0.2
ZNF470,0.2
TAS2R43,0.2
ZNF674,0.2
SLA2,0.2
TARS3,0.2
UTF1,0.2
TTC27,0.2
TARS2,0.2
ZFYVE27,0.2
TARS1,0.2
SLAIN2,0.2
ZNF468,0.2
TAS2R10,0.2
ZNF677,0.2
TAS2R14,0.2
TMIE,0.2
TMIGD1,0.2
TMIGD2,0.2
TOR1B,0.2
SKAP1,0.2
TMOD1,0.2
SKI,0.2
ZBTB11,0.2
TAS2R31,0.2
TOR1AIP1,0.2
ZNF461,0.2
TRIM9,0.2
VPREB1,0.2
SLIRP,0.2
UTP14C,0.2
ZGPAT,0.2
ZGLP1,0.2
ZNF678,0.2
SKIL,0.2
TRIM65,0.2
TTI1,0.2
UTP6,0.2
VLDLR,0.2
TTLL7,0.2
TMEM42,0.2
YJEFN3,0.2
TBCCD1,0.2
TRIM54,0.2
SMARCE1,0.2
VKORC1,0.2
TMEM44,0.2
TBC1D8B,0.2
SHROOM4,0.2
TMEM41A,0.2
SHTN1,0.2
SMARCD1,0.2
TBC1D7,0.2
ZNF728,0.2
UQCR11,0.2
ZNF726,0.2
YME1L1,0.2
TBC1D5,0.2
VSTM1,0.2
UQCC1,0.2
YIF1A,0.2
TRIM64C,0.2
TBCK,0.2
YARS2,0.2
SHH,0.2
SHISA2,0.2
SHISA3,0.2
SSBP1,0.2
YBX1,0.2
SHISA5,0.2
SHISA6,0.2
TTPAL,0.2
YBX2,0.2
ZKSCAN7,0.2
SHISA7,0.2
ZKSCAN8,0.2
SHLD2,0.2
SHMT1,0.2
ZNF740,0.2
YBX3,0.2
YEATS2,0.2
SMC3,0.2
TBCEL,0.2
TP53INP2,0.2
TRIM59,0.2
SIAH2,0.2
TMEM67,0.2
SSX2IP,0.2
YWHAZ,0.2
SIK1,0.2
TRIM64B,0.2
TMEM64,0.2
TTLL11,0.2
YY1,0.2
SMAD1,0.2
TMEM65,0.2
SIKE1,0.2
ZNF717,0.2
SLURP1,0.2
YY1AP1,0.2
ZIM3,0.2
ZNF707,0.2
ZAN,0.2
URGCP-MRPS24,0.2
ZNF704,0.2
TMEM70,0.2
SIM2,0.2
SMAD2,0.2
YWHAQ,0.2
SIGLECL1,0.2
TTLL13,0.2
TP53INP1,0.2
YTHDC2,0.2
URGCP,0.2
ZNF714,0.2
SMARCC1,0.2
SSNA1,0.2
TRIM6-TRIM34,0.2
SMARCAD1,0.2
SSPN,0.2
YTHDF2,0.2
TTLL2,0.2
YTHDF3,0.2
ZKSCAN4,0.2
YWHAE,0.2
TBC1D25,0.2
SMAD9,0.2
SSTR5,0.2
YWHAH,0.2
TMEM63B,0.2
TSSK1B,0.2
A1BG,0.2
RTL10,0.2
DPF3,0.2
EGLN1,0.2
EGFL7,0.2
EGFL6,0.2
EGF,0.2
EFNA5,0.2
EFNA4,0.2
EFNA3,0.2
EFHD2,0.2
EFHD1,0.2
EFEMP2,0.2
EFEMP1,0.2
EFCAB3,0.2
EFCAB2-AS1,0.2
EFCAB14,0.2
EEIG1,0.2
EEF2KMT,0.2
EEF1AKMT1,0.2
EEF1A1,0.2
EDRF1,0.2
EDN3,0.2
EDF1,0.2
EDEM3,0.2
EDDM3B,0.2
EDDM3A,0.2
EDARADD,0.2
EGR1,0.2
EHD2,0.2
EHD4,0.2
EIF4A1,0.2
ELF3,0.2
ELAVL4,0.2
ELAVL1,0.2
ELANE,0.2
EIPR1,0.2
EIF5B,0.2
EIF5A2,0.2
EIF4EBP3,0.2
EIF4E1B,0.2
EIF4B,0.2
EIF4A2,0.2
EIF3K,0.2
EID3,0.2
EIF3J,0.2
EIF3I,0.2
EIF3H,0.2
EIF3G,0.2
EIF3F,0.2
EIF2S3,0.2
EIF2S1,0.2
EIF2B5,0.2
EIF2B2,0.2
EIF2B1,0.2
EIF2AK2,0.2
EDAR,0.2
ECSIT,0.2
ECRG4,0.2
DRD4,0.2
DUSP1,0.2
DUS4L,0.2
DUS2,0.2
DUOXA1,0.2
DTX2,0.2
DTD1,0.2
DSCR8,0.2
DSCR4,0.2
DSC3,0.2
DRG2,0.2
DRG1,0.2
DRD3,0.2
DUSP15,0.2
DRD2,0.2
DRC3,0.2
DRC10,0.2
DRAXIN,0.2
DRAM2,0.2
DQX1,0.2
DPY19L3,0.2
DPY19L2P1,0.2
DPY19L1,0.2
DPP9,0.2
DPP8,0.2
DUSP12,0.2
DUSP16,0.2
ECM2,0.2
E2F4,0.2
ECM1,0.2
ECI2,0.2
ECI1,0.2
ECHDC3,0.2
EBPL,0.2
EBLN1,0.2
EBI3,0.2
EBF3,0.2
EAF2,0.2
E4F1,0.2
E2F6,0.2
DZIP1L,0.2
DUSP4,0.2
DYRK1A,0.2
DYNLT5,0.2
DYNLT4,0.2
DYNLT2,0.2
DYNLT1,0.2
DYNC1LI2,0.2
DYDC2,0.2
DYDC1,0.2
DXO,0.2
DVL1,0.2
DUXA,0.2
ELOA,0.2
ELOA3P,0.2
ELOVL4,0.2
EXTL2,0.2
FABP9,0.2
FABP7,0.2
FABP5,0.2
FABP3,0.2
FAAP20,0.2
F9,0.2
F8,0.2
F3,0.2
F2,0.2
EZH1,0.2
EXTL3,0.2
EXOSC9,0.2
FADS1,0.2
EXOC5,0.2
EXOC2,0.2
EXO5,0.2
EXD2,0.2
EVI2A,0.2
EVA1C,0.2
ETV6,0.2
ETV2,0.2
ETHE1,0.2
ETFA,0.2
ESS2,0.2
FADD,0.2
FAF1,0.2
ESRRB,0.2
FAM163B,0.2
FAM181B,0.2
FAM180A,0.2
FAM177B,0.2
FAM177A1,0.2
FAM174A,0.2
FAM171A1,0.2
FAM170B,0.2
FAM168B,0.2
FAM168A,0.2
FAM167A-AS1,0.2
FAM167A,0.2
FAM151A,0.2
FAHD2B,0.2
FAM149B1,0.2
FAM149A,0.2
FAM133B,0.2
FAM131C,0.2
FAM120AOS,0.2
FAM120A,0.2
FAM114A2,0.2
FAM111B,0.2
FAM110C,0.2
FAM110B,0.2
FAM110A,0.2
ESRRG,0.2
ESM1,0.2
ELOVL5,0.2
ENO4,0.2
EPC2,0.2
EPB41L5,0.2
ENY2,0.2
ENTREP2,0.2
ENTR1,0.2
ENTPD6,0.2
ENTPD5,0.2
ENTPD1,0.2
ENTHD1,0.2
ENPP1,0.2
ENOPH1,0.2
ENO2,0.2
EPGN,0.2
ENDOV,0.2
ENDOD1,0.2
EN1,0.2
EMX2,0.2
EMP3,0.2
EMP1,0.2
EMG1,0.2
EMC8,0.2
EMC6,0.2
EMC4,0.2
EMB,0.2
EPCAM,0.2
EPHB3,0.2
ERVV-2,0.2
EREG,0.2
ERVMER34-1,0.2
ERV3-1,0.2
ERO1B,0.2
ERLEC1,0.2
ERICH6,0.2
ERICH5,0.2
ERICH4,0.2
ERI2,0.2
ERGIC2,0.2
ERG28,0.2
ERFE,0.2
ERCC8,0.2
EPHX1,0.2
ERCC6-PGBD3,0.2
ERAS,0.2
ERAP1,0.2
EPS8,0.2
EPPIN,0.2
EPOR,0.2
EPOP,0.2
EPN2,0.2
EPN1,0.2
EPM2A,0.2
EPHX3,0.2
DPP4,0.2
DONSON,0.2
RTEL1-TNFRSF6B,0.2
DOLPP1,0.2
CYP19A1,0.2
CYP17A1,0.2
CYP11A1,0.2
CYLC2,0.2
CYGB,0.2
CYCS,0.2
CYC1,0.2
CYB5R2,0.2
CYB5R1,0.2
CYB561D2,0.2
CYB561,0.2
CXORF65,0.2
CXORF58,0.2
CXCR5,0.2
CXCR4,0.2
CXCR3,0.2
CXCL8,0.2
CXCL14,0.2
CXCL13,0.2
CWH43,0.2
CWC25,0.2
CWC22,0.2
CUTC,0.2
CUL4B,0.2
CUL2,0.2
CYP26C1,0.2
CYP2C18,0.2
CYP2C19,0.2
CYTH1,0.2
DBF4B,0.2
DAZAP2,0.2
DAPK3,0.2
DAP3,0.2
DAO,0.2
DAND5,0.2
DALRD3,0.2
DAGLB,0.2
DACT2,0.2
CZIB,0.2
CYYR1,0.2
CYSLTR1,0.2
CYP2C8,0.2
CYRIB,0.2
CYRIA,0.2
CYP4Z1,0.2
CYP4F12,0.2
CYP4B1,0.2
CYP46A1,0.2
CYP3A7,0.2
CYP3A5,0.2
CYP3A4,0.2
CYP2S1,0.2
CYP2J2,0.2
CTSS,0.2
CTSO,0.2
CTSB,0.2
CRTC2,0.2
CSF2,0.2
CSE1L,0.2
CSAG1,0.2
CRYZ,0.2
CRYGS,0.2
CRYGD,0.2
CRYBG2,0.2
CRYBB3,0.2
CRYBA4,0.2
CRYAB,0.2
CRTC3,0.2
CRTAP,0.2
CSH2,0.2
CRP,0.2
CRNN,0.2
CRLF3,0.2
CRLF1,0.2
CRISP3,0.2
CRISP1,0.2
CRIP3,0.2
CRIP1,0.2
CRHR2,0.2
CRH,0.2
CREM,0.2
CSF2RB,0.2
CSKMT,0.2
CTRL,0.2
CST9L,0.2
CTRB2,0.2
CTPS2,0.2
CTLA4,0.2
CTHRC1,0.2
CTDSP2,0.2
CTBS,0.2
CTBP1,0.2
CTAG2,0.2
CT83,0.2
CSTPP1,0.2
CSTF2T,0.2
CST9,0.2
CSN2,0.2
CST8,0.2
CST6,0.2
CST2,0.2
CSRP3,0.2
CSRNP1,0.2
CSPG5,0.2
CSNK2A3,0.2
CSNK2A1,0.2
CSNK1G1,0.2
CSNK1A1L,0.2
CSN3,0.2
DBNDD1,0.2
DBNL,0.2
DBT,0.2
DMAC2,0.2
DNAH17-AS1,0.2
DNAAF6,0.2
DNAAF4,0.2
DNAAF19,0.2
DNAAF10,0.2
DMTN,0.2
DMTF1,0.2
DMRTC2,0.2
DMRTC1,0.2
DMRT3,0.2
DMKN,0.2
DLX2,0.2
DNAJB1,0.2
DLST,0.2
DLL1,0.2
DLK1,0.2
DLGAP2,0.2
DLG1,0.2
DLEU7,0.2
DKKL1,0.2
DKK4,0.2
DKK3,0.2
DKC1,0.2
DISC1,0.2
DNAJA1,0.2
DNAJB11,0.2
DHX40,0.2
DNAJC8,0.2
DOK7,0.2
DOK2,0.2
DOCK8-AS1,0.2
DOCK1,0.2
DNTTIP2,0.2
DNMT3L,0.2
DNLZ,0.2
DND1,0.2
DNASE2B,0.2
DNAL4,0.2
DNAL1,0.2
DNAJC5B,0.2
DNAJB12,0.2
DNAJC30,0.2
DNAJC3,0.2
DNAJC27,0.2
DNAJC17,0.2
DNAJC15,0.2
DNAJC12,0.2
DNAJC1,0.2
DNAJB8,0.2
DNAJB7,0.2
DNAJB6,0.2
DNAJB13,0.2
DIPK2B,0.2
DHTKD1,0.2
DCAF1,0.2
DCUN1D3,0.2
DDX5,0.2
DDX42,0.2
DDX41,0.2
DDX28,0.2
DDX24,0.2
DDX17,0.2
DDX1,0.2
DDOST,0.2
DDIT4L,0.2
DDI2,0.2
DCUN1D5,0.2
DCTN6,0.2
DDX56,0.2
DCTN3,0.2
DCP2,0.2
DCP1B,0.2
DCK,0.2
DCDC2B,0.2
DCDC2,0.2
DCD,0.2
DCAKD,0.2
DCAF8L2,0.2
DCAF17,0.2
DCAF12,0.2
DDX50,0.2
DDX6,0.2
DHRSX,0.2
DEPDC7,0.2
DHRS9,0.2
DHRS7C,0.2
DHRS7,0.2
DHRS3,0.2
DHRS12,0.2
DHODH,0.2
DHH,0.2
DGLUCY,0.2
DGKQ,0.2
DGAT2L6,0.2
DESI1,0.2
DEPDC1B,0.2
DECR2,0.2
DEPDC1,0.2
DENND11,0.2
DEGS2,0.2
DEFB131A,0.2
DEFB129,0.2
DEFB127,0.2
DEFB126,0.2
DEFB121,0.2
DEFB116,0.2
DEFB114,0.2
DEFB1,0.2
FAM199X,0.2
FAM209A,0.2
FAM209B,0.2
FAM20B,0.2
GPR173,0.2
GPR171,0.2
GPR152,0.2
GPR151,0.2
GPR107,0.2
GPN1,0.2
GPM6B,0.2
GPKOW,0.2
GPIHBP1,0.2
GPER1,0.2
GPCPD1,0.2
GPC6,0.2
GPC4,0.2
GPBP1L1,0.2
GPATCH2L,0.2
GPATCH2,0.2
GPAT2,0.2
GPANK1,0.2
GPAM,0.2
GPA33,0.2
GORASP1,0.2
GORAB,0.2
GOLPH3L,0.2
GOLIM4,0.2
GOLGA6L2,0.2
GPR174,0.2
GPR19,0.2
GPR45,0.2
GRAMD1B,0.2
GRK4,0.2
GRK3,0.2
GRIA3,0.2
GRHPR,0.2
GRHL3,0.2
GRHL1,0.2
GREM2,0.2
GREM1,0.2
GRB2,0.2
GRAMD4,0.2
GRAMD1C,0.2
GPX4,0.2
GPR61,0.2
GPX3,0.2
GPSM3,0.2
GPS2,0.2
GPS1,0.2
GPRIN3,0.2
GPRASP3,0.2
GPRASP1,0.2
GPR87,0.2
GPR75-ASB3,0.2
GPR75,0.2
GPR62,0.2
GOLGA6L1,0.2
GOLGA6B,0.2
GNS,0.2
GJC3,0.2
GLIS2,0.2
GLIS1,0.2
GLIPR2,0.2
GLIPR1L2,0.2
GLIPR1L1,0.2
GLIPR1,0.2
GLE1,0.2
GLDC,0.2
GLB1L,0.2
GLB1,0.2
GK,0.2
GJC2,0.2
GLOD5,0.2
GJC1,0.2
GJA5,0.2
GIPR,0.2
GIPC3,0.2
GIPC2,0.2
GINM1,0.2
GIMAP7,0.2
GIMAP6,0.2
GID4,0.2
GHITM,0.2
GGTLC1,0.2
GLOD4,0.2
GLP1R,0.2
GNPTG,0.2
GNAI1,0.2
GNMT,0.2
GNL3L,0.2
GNL3,0.2
GNL2,0.2
GNB2,0.2
GNB1L,0.2
GNAT1,0.2
GNAO1,0.2
GNAL,0.2
GNAI3,0.2
GNAI2,0.2
GNA12,0.2
GLRA4,0.2
GMPR2,0.2
GML,0.2
GMDS,0.2
GLYATL3,0.2
GLYATL2,0.2
GLUL,0.2
GLUD2,0.2
GLT8D2,0.2
GLT6D1,0.2
GLT1D1,0.2
GLRB,0.2
GRK5,0.2
GRN,0.2
GRP,0.2
HASPIN,0.2
HCG27,0.2
HBS1L,0.2
HBB,0.2
HBA2,0.2
HAX1,0.2
HAVCR1,0.2
HAUS6,0.2
HAUS4,0.2
HAUS2,0.2
HAUS1,0.2
HAT1,0.2
HAS1,0.2
HCST,0.2
HAPLN4,0.2
HAPLN2,0.2
HAP1,0.2
HAO2,0.2
HAO1,0.2
HAGHL,0.2
HAGH,0.2
HADHB,0.2
HADHA,0.2
HADH,0.2
HACD1,0.2
HCRTR1,0.2
HDAC1,0.2
H4C9,0.2
HERPUD1,0.2
HIGD1A,0.2
HIC2,0.2
HIC1,0.2
HHLA1,0.2
HHATL,0.2
HFE,0.2
HEY1,0.2
HEXD,0.2
HES7,0.2
HES6,0.2
HES1,0.2
HERC5,0.2
HDAC3,0.2
HELT,0.2
HELLS,0.2
HECTD2,0.2
HECA,0.2
HEBP1,0.2
HEATR3,0.2
HDX,0.2
HDHD2,0.2
HDGFL2,0.2
HDGFL1,0.2
HDAC6,0.2
HABP4,0.2
H4C8,0.2
GRPEL1,0.2
GSTO2,0.2
GUCA1C,0.2
GUCA1B,0.2
GTSE1,0.2
GTPBP2,0.2
GTPBP1,0.2
GTF3C5,0.2
GTF3C4,0.2
GTF2H5,0.2
GTF2E2,0.2
GSX2,0.2
GSTT1,0.2
GSTM4,0.2
GUCY2F,0.2
GSTCD,0.2
GSTA5,0.2
GSTA3,0.2
GSS,0.2
GSPT2,0.2
GSG1,0.2
GSDMB,0.2
GSC2,0.2
GSC,0.2
GSAP,0.2
GRPEL2,0.2
GUCA2B,0.2
GXYLT2,0.2
H4C7,0.2
H2BC7,0.2
H4C3,0.2
H4C14,0.2
H4C1,0.2
H3C8,0.2
H3C6,0.2
H3C13,0.2
H3C12,0.2
H3C10,0.2
H3C1,0.2
H3-3A,0.2
H2BC9,0.2
H2BC6,0.2
GYG2,0.2
H2BC17,0.2
H2BC11,0.2
H2BC10,0.2
H2BC1,0.2
H2AX,0.2
H2AC4,0.2
H2AC16,0.2
H2AC14,0.2
H2AC11,0.2
H1-4,0.2
GYPA,0.2
GGT1,0.2
GGPS1,0.2
GGN,0.2
FFAR1,0.2
FGF9,0.2
FGF7,0.2
FGF20,0.2
FGF2,0.2
FGF19,0.2
FGF17,0.2
FGF16,0.2
FGF14,0.2
FGD4,0.2
FFAR3,0.2
FFAR2,0.2
FEZ1,0.2
FGFBP2,0.2
FEV,0.2
FERMT2,0.2
FERMT1,0.2
FER1L5,0.2
FER,0.2
FDX2,0.2
FDFT1,0.2
FCRL6,0.2
FCN3,0.2
FCMR,0.2
FCHSD1,0.2
FGFBP1,0.2
FGFBP3,0.2
FCGR3B,0.2
FKBP4,0.2
FMO5,0.2
FMO4,0.2
FMO3,0.2
FMC1-LUC7L2,0.2
FLVCR1,0.2
FLT3LG,0.2
FLII,0.2
FLACC1,0.2
FKBP8,0.2
FKBP6,0.2
FKBP5,0.2
FKBP1C,0.2
FGFR1,0.2
FKBP1B,0.2
FKBP10,0.2
FJX1,0.2
FIZ1,0.2
FITM1,0.2
FIG4,0.2
FIBIN,0.2
FHL5,0.2
FHIP2A,0.2
FGL1,0.2
FGFR1OP2,0.2
FCHO2,0.2
FCGR2A,0.2
FMR1,0.2
FAM47E,0.2
FARS2,0.2
FAR2,0.2
FANCD2OS,0.2
FAM9C,0.2
FAM98C,0.2
FAM90A1,0.2
FAM89A,0.2
FAM83G,0.2
FAM72A,0.2
FAM53A,0.2
FAM50B,0.2
FAM3D,0.2
FASTKD1,0.2
FAM3C,0.2
FAM24B,0.2
FAM229B,0.2
FAM228A,0.2
FAM227A,0.2
FAM221B,0.2
FAM220A,0.2
FAM219B,0.2
FAM219A,0.2
FAM216A,0.2
FAM210A,0.2
FARSB,0.2
FAU,0.2
FCER1A,0.2
FBXO27,0.2
FCAR,0.2
FBXW8,0.2
FBXW11,0.2
FBXW10B,0.2
FBXO9,0.2
FBXO7,0.2
FBXO47,0.2
FBXO46,0.2
FBXO42,0.2
FBXO41,0.2
FBXO38,0.2
FBXO2,0.2
FAXDC2,0.2
FBXO15,0.2
FBXO11,0.2
FBXL6,0.2
FBXL5,0.2
FBXL4,0.2
FBXL20,0.2
FBXL14,0.2
FBP1,0.2
FBLN5,0.2
FBL,0.2
FBH1,0.2
FMO6P,0.2
FN3K,0.2
GGCT,0.2
GARIN2,0.2
GBX2,0.2
GBX1,0.2
GBA3,0.2
GATM,0.2
GATA4,0.2
GART,0.2
GARRE1,0.2
GARNL3,0.2
GARIN6,0.2
GARIN5B,0.2
GARIN5A,0.2
GARIN1A,0.2
GCG,0.2
GAR1,0.2
GAP43,0.2
GALT,0.2
GALR3,0.2
GALNT7,0.2
GALNT6,0.2
GALNT2,0.2
GALNT18,0.2
GALNT16,0.2
GALNS,0.2
GALK1,0.2
GCDH,0.2
GCGR,0.2
GAL3ST4,0.2
GDF2,0.2
GFRAL,0.2
GFRA4,0.2
GFRA1,0.2
GFM2,0.2
GFM1,0.2
GFER,0.2
GEMIN7,0.2
GDPD3,0.2
GDF9,0.2
GDF7,0.2
GDF3,0.2
GDF15,0.2
GCKR,0.2
GDF11,0.2
GDF10,0.2
GDF1,0.2
GDE1,0.2
GDAP2,0.2
GCSAML,0.2
GCOM1,0.2
GCNT3,0.2
GCNT2P1,0.2
GCNA,0.2
GCLC,0.2
GALE,0.2
GADD45G,0.2
FNBP1L,0.2
FOXP1,0.2
FSAF1,0.2
FRRS1L,0.2
FRMPD2,0.2
FRMD6,0.2
FRMD4B,0.2
FRMD3,0.2
FRMD1,0.2
FRG1,0.2
FRAT1,0.2
FOXRED1,0.2
FOXP3,0.2
FOXK1,0.2
FSCN3,0.2
FOXJ3,0.2
FOXJ2,0.2
FOXI1,0.2
FOXH1,0.2
FOXF2,0.2
FOXE3,0.2
FOXB1,0.2
FOLH1,0.2
FNDC5,0.2
FNDC4,0.2
FNDC11,0.2
FSCN1,0.2
FSD1,0.2
GADD45A,0.2
FYN,0.2
GABRR1,0.2
GABRP,0.2
GABRA5,0.2
GABPA,0.2
GABARAPL3,0.2
GAB4,0.2
GAB3,0.2
G3BP2,0.2
G3BP1,0.2
G2E3,0.2
FZD6,0.2
FXYD2,0.2
FSD2,0.2
FXR2,0.2
FXN,0.2
FUT6,0.2
FUOM,0.2
FUNDC1,0.2
FUCA2,0.2
FUCA1,0.2
FTO,0.2
FTH1,0.2
FSTL1,0.2
FST,0.2
CRELD2,0.2
CRELD1,0.2
CREB3L3,0.2
C17ORF67,0.2
ATP2A2,0.2
ATP1B4,0.2
ATP1B2,0.2
ATP1A4,0.2
ATP1A1,0.2
ATN1,0.2
ATIC,0.2
ATG5,0.2
ATG101,0.2
ATF7,0.2
ATF6,0.2
ATF3,0.2
ATF1,0.2
ATE1,0.2
ATAD3C,0.2
ATAD3B,0.2
ASZ1,0.2
ASTL,0.2
ASS1,0.2
ASPSCR1,0.2
ASPG,0.2
ASNS,0.2
ASMTL,0.2
ASMT,0.2
ASL,0.2
ATP2B1,0.2
ATP2C1,0.2
ATP2C2,0.2
ATPAF1,0.2
B3GALNT1,0.2
B2M,0.2
AZIN2,0.2
AVPR2,0.2
AURKC,0.2
AURKAIP1,0.2
AUH,0.2
ATXN7L3,0.2
ATXN3L,0.2
ATRNL1,0.2
ATPAF2,0.2
ATP7B,0.2
ATP5F1A,0.2
ATP6V1G3,0.2
ATP6V1G2-DDX39B,0.2
ATP6V1E1,0.2
ATP6V1C2,0.2
ATP6V0D1,0.2
ATP6AP2,0.2
ATP6AP1,0.2
ATP5PO,0.2
ATP5PF,0.2
ATP5ME,0.2
ATP5F1C,0.2
ASIC1,0.2
ASH2L,0.2
ASCL1,0.2
ARHGEF9,0.2
ARL5A,0.2
ARL4D,0.2
ARL2BP,0.2
ARL15,0.2
ARL14EP,0.2
ARL13B,0.2
ARL11,0.2
ARL10,0.2
ARIH2,0.2
ARID3C,0.2
ARID3B,0.2
ARHGEF5,0.2
ARL6IP1,0.2
ARHGEF33,0.2
ARHGEF3,0.2
ARHGEF26,0.2
ARHGAP42,0.2
ARHGAP40,0.2
ARHGAP26,0.2
ARHGAP15,0.2
ARHGAP12,0.2
ARHGAP11B,0.2
ARG2,0.2
ARFRP1,0.2
ARL5B,0.2
ARLN,0.2
ASCC1,0.2
ARRDC2,0.2
ASB4,0.2
ASB16,0.2
ASB13,0.2
ASB11,0.2
ASAH2,0.2
ARX,0.2
ARV1,0.2
ART4,0.2
ART1,0.2
ARSL,0.2
ARSK,0.2
ARR3,0.2
ARMC1,0.2
ARPIN,0.2
ARPC4,0.2
ARPC2,0.2
ARPC1B,0.2
ARNT2,0.2
ARMS2,0.2
ARMCX1,0.2
ARMC9,0.2
ARMC7,0.2
ARMC3,0.2
ARMC2,0.2
B3GALNT2,0.2
B3GALT1,0.2
B3GALT4,0.2
BPNT1,0.2
BTBD6,0.2
BTBD3,0.2
BTBD18,0.2
BSPRY,0.2
BSND,0.2
BRPF3,0.2
BRICD5,0.2
BRDT,0.2
BRD1,0.2
BRAP,0.2
BPNT2,0.2
BPIFC,0.2
BTLA,0.2
BPIFB3,0.2
BPIFB2,0.2
BPIFA2,0.2
BPIFA1,0.2
BORCS6,0.2
BOD1L2,0.2
BNIP3L,0.2
BNIP1,0.2
BMX,0.2
BMPR1A,0.2
BMP5,0.2
BTD,0.2
BTN2A2,0.2
BMP3,0.2
C11ORF65,0.2
C16ORF95,0.2
C16ORF92,0.2
C16ORF89,0.2
C16ORF87,0.2
C16ORF86,0.2
C16ORF54,0.2
C16ORF46,0.2
C14ORF93,0.2
C12ORF76,0.2
C11ORF96,0.2
C11ORF68,0.2
C11ORF58,0.2
BTNL2,0.2
C11ORF52,0.2
C11ORF42,0.2
C10ORF95,0.2
C10ORF90,0.2
C10ORF67,0.2
C10ORF62,0.2
C10ORF53,0.2
BZW2,0.2
BUD23,0.2
BUD13,0.2
BUB3,0.2
BMP4,0.2
BMP2K,0.2
B3GALT5,0.2
BAK1,0.2
BCCIP,0.2
BCAT2,0.2
BCAT1,0.2
BCAS1,0.2
BBS4,0.2
BBS1,0.2
BBOX1,0.2
BATF,0.2
BARHL2,0.2
BANK1,0.2
BAMBI,0.2
BAIAP2L1,0.2
BCL2,0.2
BAIAP2,0.2
BAG1,0.2
BAD,0.2
BAALC-AS2,0.2
BAALC,0.2
B4GALT7,0.2
B4GALNT2,0.2
B3GNT6,0.2
B3GNT5,0.2
B3GAT2,0.2
B3GALT5-AS1,0.2
BCKDHB,0.2
BCL2L10,0.2
BMP15,0.2
BICD2,0.2
BMP1,0.2
BMI1,0.2
BLOC1S2,0.2
BLNK,0.2
BIVM,0.2
BIRC5,0.2
BIRC3,0.2
BIRC2,0.2
BIN3,0.2
BIN1,0.2
BIK,0.2
BHLHE41,0.2
BCL2L15,0.2
BHLHA9,0.2
BGN,0.2
BGLAP,0.2
BEND2,0.2
BEAN1,0.2
BDKRB2,0.2
BCO2,0.2
BCL7B,0.2
BCL7A,0.2
BCL6B,0.2
BCL6,0.2
ARFGAP3,0.2
ARFGAP2,0.2
ARAF,0.2
ADCY1,0.2
ADI1,0.2
ADH7,0.2
ADH6,0.2
ADH5,0.2
ADH4,0.2
ADH1A,0.2
ADGRL4,0.2
ADGRG2,0.2
ADGRF5,0.2
ADGRE2,0.2
ADD1,0.2
ADAT3,0.2
ADM,0.2
ADARB1,0.2
ADAP2,0.2
ADAMTS4,0.2
ADAMTS19,0.2
ADAM32,0.2
ADAM28,0.2
ADAM23,0.2
ADAM21,0.2
ADAM20,0.2
ADAM10,0.2
ACVR1B,0.2
ADISSP,0.2
ADM5,0.2
ACTR5,0.2
AGAP2-AS1,0.2
AHSA1,0.2
AHI1,0.2
AHCYL2,0.2
AGTR2,0.2
AGR2,0.2
AGPAT5,0.2
AGL,0.2
AGFG1,0.2
AGER,0.2
AGBL5,0.2
AGAP5,0.2
AGA,0.2
ADPGK,0.2
AFMID,0.2
AFG2B,0.2
AFG2A,0.2
AFF4,0.2
AEN,0.2
ADSS2,0.2
ADRA2C,0.2
ADRA1B,0.2
ADPRS,0.2
ADPRM,0.2
ADPRH,0.2
ACTR8,0.2
ACTR2,0.2
AIFM3,0.2
ABCG2,0.2
ACAA1,0.2
ABTB1,0.2
ABRA,0.2
ABLIM2,0.2
ABHD8,0.2
ABHD6,0.2
ABHD3,0.2
ABHD17C,0.2
ABHD17A,0.2
ABHD16A,0.2
ABHD14B,0.2
ABCG1,0.2
ACAD11,0.2
ABCD4,0.2
ABCD3,0.2
ABCC2,0.2
ABCB7,0.2
AASDHPPT,0.2
AARD,0.2
AAR2,0.2
AADACL3,0.2
AADAC,0.2
A4GNT,0.2
A4GALT,0.2
ACAA2,0.2
ACADVL,0.2
ACTR1A,0.2
ACSL5,0.2
ACTR10,0.2
ACTL8,0.2
ACTL7A,0.2
ACTL6B,0.2
ACTC1,0.2
ACTBL2,0.2
ACSM6,0.2
ACSM3,0.2
ACSM2B,0.2
ACSM2A,0.2
ACSL6,0.2
ACP5,0.2
ACAT1,0.2
ACP2,0.2
ACP1,0.2
ACOT9,0.2
ACOT4,0.2
ACOT12,0.2
ACKR4,0.2
ACKR2,0.2
ACKR1,0.2
ACD,0.2
ACCSL,0.2
ACBD3,0.2
AHSP,0.2
AIG1,0.2
AQP7,0.2
ANKRD62,0.2
ANXA2R,0.2
ANXA2,0.2
ANXA1,0.2
ANPEP,0.2
ANP32B,0.2
ANO9,0.2
ANO6,0.2
ANO10,0.2
ANKZF1,0.2
ANKRD9,0.2
ANKRD65,0.2
ANKRD55,0.2
ANXA9,0.2
ANKRD50,0.2
ANKRD45,0.2
ANKRD42,0.2
ANKRD39,0.2
ANKRD33,0.2
ANKRD30BL,0.2
ANKRD29,0.2
ANKRD27,0.2
ANKRD24,0.2
ANKRD22,0.2
ANKRD13C-DT,0.2
ANXA3,0.2
AOC2,0.2
ANKK1,0.2
APOBEC2,0.2
AQP11,0.2
APTX,0.2
APRT,0.2
APRG1,0.2
APOM,0.2
APOL4,0.2
APOL3,0.2
APOL2,0.2
APOD,0.2
APOBEC3H,0.2
APOBEC3F,0.2
APOBEC1,0.2
AOC3,0.2
APOA1,0.2
APLP1,0.2
APH1B,0.2
APEX2,0.2
APBB1IP,0.2
APBA3,0.2
AP5M1,0.2
AP4S1,0.2
AP4M1,0.2
AP3M2,0.2
AP1S2,0.2
ANKMY2,0.2
ANKIB1,0.2
AIP,0.2
ALDH1A3,0.2
ALG8,0.2
ALG6,0.2
ALG5,0.2
ALG2,0.2
ALG1L1P,0.2
ALG11,0.2
ALG10B,0.2
ALDH8A1,0.2
ALDH6A1,0.2
ALDH3B2,0.2
ALDH1L2,0.2
ALDH18A1,0.2
ALKAL2,0.2
AKTIP,0.2
AKR1E2,0.2
AKR1D1,0.2
AKR1C8,0.2
AKR1C3,0.2
AKR1C1,0.2
AKR1B10,0.2
AKR1B1,0.2
AKNA,0.2
AK8,0.2
AIPL1,0.2
ALG9,0.2
ALKBH1,0.2
ANKH,0.2
AMPD1,0.2
ANKDD1B,0.2
ANKDD1A,0.2
ANGPTL8,0.2
ANGPTL6,0.2
ANGPT1,0.2
ANGEL1,0.2
ANAPC4,0.2
ANAPC1,0.2
AMY2A,0.2
AMTN,0.2
AMPH,0.2
AMOT,0.2
ALKBH2,0.2
AMN1,0.2
AMN,0.2
AMELY,0.2
AMD1,0.2
ALS2,0.2
ALPL,0.2
ALPK1,0.2
ALOX15,0.2
ALOX12B,0.2
ALKBH7,0.2
ALKBH3,0.2
C17ORF107,0.2
C17ORF78,0.2
CREB3L2,0.2
C17ORF99,0.2
CHN2,0.2
CHMP7,0.2
CHMP6,0.2
CHMP5,0.2
CHMP4B,0.2
CHMP3,0.2
CHMP2A,0.2
CHIC1,0.2
CHI3L1,0.2
CHCT1,0.2
CHCHD7,0.2
CHCHD3,0.2
CHCHD10,0.2
CHAMP1,0.2
CGRRF1,0.2
CGB3,0.2
CGAS,0.2
CFAP57,0.2
CFAP53,0.2
CFAP410,0.2
CFAP300,0.2
CFAP299,0.2
CFAP276,0.2
CFAP20,0.2
CFAP161,0.2
CHORDC1,0.2
CHP1,0.2
CHPF,0.2
CHTF8,0.2
CIZ1,0.2
CIRBP,0.2
CIMIP4,0.2
CIMIP2B,0.2
CIMAP1D,0.2
CIDEB,0.2
CIBAR2,0.2
CIAPIN1,0.2
CIAO2B,0.2
CHURC1,0.2
CHTOP,0.2
CHST9,0.2
CHPF2,0.2
CHST8,0.2
CHST7,0.2
CHST5,0.2
CHST4,0.2
CHRNA7,0.2
CHRNA2,0.2
CHRM5,0.2
CHRM4,0.2
CHRM1,0.2
CHRAC1,0.2
CHPT1,0.2
CFAP126,0.2
CFAP107,0.2
CFAP100,0.2
CDK9,0.2
CEACAM16,0.2
CDYL,0.2
CDX1,0.2
CDV3,0.2
CDSN,0.2
CDS1,0.2
CDRT4,0.2
CDR2L,0.2
CDNF,0.2
CDKN2AIP,0.2
CDKL2,0.2
CDK5RAP3,0.2
CEACAM4,0.2
CDK5R2,0.2
CDK5R1,0.2
CDK4,0.2
CDK18,0.2
CDK14,0.2
CDK11B,0.2
CDIP1,0.2
CDH7,0.2
CDH3,0.2
CDCP2,0.2
CDCA8,0.2
CEACAM3,0.2
CEACAM6,0.2
CES5A,0.2
CEP55,0.2
CES3,0.2
CES2,0.2
CERS6,0.2
CERS5,0.2
CERS3,0.2
CER1,0.2
CEP89,0.2
CEP83,0.2
CEP78,0.2
CEP72,0.2
CEP57L1,0.2
CEP20,0.2
CEACAM8,0.2
CENPV,0.2
CENPQ,0.2
CENPM,0.2
CENPI,0.2
CENPBD1P,0.2
CEND1,0.2
CENATAC,0.2
CELF1,0.2
CELA1,0.2
CEBPZ,0.2
CEBPB,0.2
CKAP4,0.2
CKB,0.2
CKMT1A,0.2
CNTFR,0.2
COPS7A,0.2
COPS6,0.2
COP1,0.2
COMMD3-BMI1,0.2
COMMD2,0.2
COLQ,0.2
COL26A1,0.2
COL23A1,0.2
COBLL1,0.2
CNTROB,0.2
CNTNAP3B,0.2
CNTF,0.2
COPZ2,0.2
CNR1,0.2
CNPY4,0.2
CNPY1,0.2
CNP,0.2
CNOT9,0.2
CNOT8,0.2
CNOT7,0.2
CNOT6L,0.2
CNOT11,0.2
CNNM3,0.2
CNN2,0.2
COPZ1,0.2
COQ10B,0.2
CNKSR3,0.2
CPEB1,0.2
CREB3L1,0.2
CRBN,0.2
CPTP,0.2
CPSF7,0.2
CPSF4,0.2
CPPED1,0.2
CPNE5,0.2
CPNE4,0.2
CPNE1,0.2
CPN1,0.2
CPLANE2,0.2
CPA4,0.2
COQ3,0.2
COX7B2,0.2
COX7A2,0.2
COX7A1,0.2
COX6A2,0.2
COX11,0.2
COX10,0.2
CORO7-PAM16,0.2
CORO2A,0.2
COQ6,0.2
COQ5,0.2
COQ4,0.2
CNN1,0.2
CNIH3,0.2
CKMT2,0.2
CLDN3,0.2
CLHC1,0.2
CLECL1,0.2
CLEC9A,0.2
CLEC7A,0.2
CLEC6A,0.2
CLEC4M,0.2
CLEC4D,0.2
CLEC4A,0.2
CLEC2D,0.2
CLEC1A,0.2
CLEC11A,0.2
CLDN23,0.2
CLIC3,0.2
CLDN18,0.2
CLDN15,0.2
CLDN14,0.2
CLDN10,0.2
CLCNKB,0.2
CLCN4,0.2
CLCN2,0.2
CLCN1,0.2
CLC,0.2
CLASRP,0.2
CLASP1,0.2
CLIC2,0.2
CLIP3,0.2
CNBP,0.2
CLSTN2,0.2
CMTR2,0.2
CMTM6,0.2
CMTM1,0.2
CMSS1,0.2
CMPK1,0.2
CMKLR1,0.2
CLYBL,0.2
CLVS2,0.2
CLVS1,0.2
CLUL1,0.2
CLTB,0.2
CLRN2,0.2
CLK1,0.2
CLRN1,0.2
CLPTM1L,0.2
CLPSL1,0.2
CLPP,0.2
CLPB,0.2
CLOCK,0.2
CLN6,0.2
CLN5,0.2
CLK4,0.2
CLK3,0.2
CLK2,0.2
CDCA7L,0.2
CDCA5,0.2
CDC73,0.2
CALHM2,0.2
CANT1,0.2
CAMLG,0.2
CAMKMT,0.2
CAMK2N1,0.2
CAMK2B,0.2
CALML6,0.2
CALML5,0.2
CALM3,0.2
CALM1,0.2
CALHM5,0.2
CALHM4,0.2
CALCOCO2,0.2
CAP1,0.2
CALCA,0.2
CALB1,0.2
CACYBP,0.2
CACUL1,0.2
CACNG7,0.2
CACNG5,0.2
CACNG2,0.2
CACNG1,0.2
CABS1,0.2
CABP7,0.2
CABP5,0.2
CANX,0.2
CAPG,0.2
CABLES2,0.2
CASP10,0.2
CAVIN4,0.2
CAV1,0.2
CATSPERD,0.2
CATSPER3,0.2
CATSPER2,0.2
CAST,0.2
CASP8,0.2
CASP7,0.2
CASP4,0.2
CASP2,0.2
CASP16P,0.2
CASD1,0.2
CAPN12,0.2
CARNS1,0.2
CARM1,0.2
CARINH,0.2
CARD19,0.2
CARD18,0.2
CAPSL,0.2
CAPS,0.2
CAPNS1,0.2
CAPN8,0.2
CAPN7,0.2
CAPN3,0.2
CABP1,0.2
CAB39L,0.2
CBL,0.2
C1QBP,0.2
C2CD4B,0.2
C22ORF46P,0.2
C22ORF23,0.2
C21ORF58,0.2
C20ORF96,0.2
C1QTNF9,0.2
C1QTNF7,0.2
C1QTNF12,0.2
C1QL4,0.2
C1QL1,0.2
C1QC,0.2
C1ORF56,0.2
C2ORF42,0.2
C1ORF52,0.2
C1ORF50,0.2
C1ORF141,0.2
C1ORF105,0.2
C1GALT1,0.2
C19ORF81,0.2
C19ORF47,0.2
C19ORF44,0.2
C19ORF38,0.2
C19ORF12,0.2
C18ORF54,0.2
C2CD4D,0.2
C2ORF72,0.2
CAAP1,0.2
C8B,0.2
CA5B,0.2
CA14,0.2
CA13,0.2
CA11,0.2
CA1,0.2
C9ORF57,0.2
C9ORF40,0.2
C8ORF76,0.2
C8ORF74,0.2
C8ORF44,0.2
C8ORF17,0.2
C7ORF33,0.2
C3ORF22,0.2
C7ORF25,0.2
C6ORF62,0.2
C6ORF58,0.2
C6ORF15,0.2
C6ORF132,0.2
C5ORF58,0.2
C5ORF47,0.2
C5,0.2
C4ORF33,0.2
C4ORF17,0.2
C4BPB,0.2
CBFB,0.2
CBLL1,0.2
CDC6,0.2
CD1B,0.2
CD2BP2,0.2
CD2AP,0.2
CD276,0.2
CD274,0.2
CD27,0.2
CD247,0.2
CD244,0.2
CD226,0.2
CD209,0.2
CD200R1,0.2
CD200,0.2
CD14,0.2
CD300LD-AS1,0.2
CD101,0.2
CCT6A,0.2
CCT3,0.2
CCT2,0.2
CCSER2,0.2
CCR9,0.2
CCR7,0.2
CCR3,0.2
CCR2,0.2
CCR1,0.2
CCP110,0.2
CD300LB,0.2
CD300LG,0.2
CCNT1,0.2
CD79B,0.2
CDC45,0.2
CDC42SE2,0.2
CDC42EP4,0.2
CDC42BPA,0.2
CDC25C,0.2
CDC20B,0.2
CDA,0.2
CD99L2,0.2
CD99,0.2
CD9,0.2
CD82,0.2
CD72,0.2
CD320,0.2
CD70,0.2
CD69,0.2
CD59,0.2
CD58,0.2
CD53,0.2
CD47,0.2
CD46,0.2
CD40,0.2
CD3D,0.2
CD38,0.2
CD33,0.2
CCNYL1,0.2
CCNO,0.2
CBR3,0.2
CCDC144NL,0.2
CCDC30,0.2
CCDC28B,0.2
CCDC198,0.2
CCDC190,0.2
CCDC185,0.2
CCDC184,0.2
CCDC18,0.2
CCDC169,0.2
CCDC166,0.2
CCDC154,0.2
CCDC149,0.2
CCDC144A,0.2
CCDC34,0.2
CCDC140,0.2
CCDC138,0.2
CCDC122,0.2
CCDC112,0.2
CCDC107,0.2
CCDC106,0.2
CCDC102B,0.2
CCDC102A,0.2
CBY2,0.2
CBX7,0.2
CBX2,0.2
CCDC32,0.2
CCDC38,0.2
CCNJL,0.2
CCDC9B,0.2
CCNG1,0.2
CCNE2,0.2
CCND1,0.2
CCNB2,0.2
CCN6,0.2
CCN4,0.2
CCL8,0.2
CCL24,0.2
CCL22,0.2
CCL11,0.2
CCK,0.2
CCDC92,0.2
CCDC43,0.2
CCDC89,0.2
CCDC82,0.2
CCDC81,0.2
CCDC77,0.2
CCDC70,0.2
CCDC7,0.2
CCDC68,0.2
CCDC63,0.2
CCDC61,0.2
CCDC60,0.2
CCDC47,0.2
HJURP,0.2
HLA-B,0.2
HLA-DOB,0.2
PNMA2,0.2
PCYT1B,0.2
PCTP,0.2
PCP4,0.2
PCOLCE2,0.2
PCNX4,0.2
PCNP,0.2
PCNA,0.2
PCGF6,0.2
PCED1B,0.2
PCDHGC4,0.2
PCDHGA4,0.2
PCDH11X,0.2
PCCB,0.2
PCBP2,0.2
PCBP1,0.2
PBXIP1,0.2
PBX1,0.2
PBLD,0.2
PAWR,0.2
PASD1,0.2
PARVA,0.2
PARP2,0.2
PARP11,0.2
PARN,0.2
PARL,0.2
PCYT2,0.2
PDCD1,0.2
PDCD1LG2,0.2
PDGFRL,0.2
PEAK1,0.2
PDZD8,0.2
PDYN,0.2
PDX1,0.2
PDSS1,0.2
PDP2,0.2
PDLIM5,0.2
PDLIM2,0.2
PDK3,0.2
PDK2,0.2
PDK1,0.2
PDGFB,0.2
PDCD2,0.2
PDGFA,0.2
PDF,0.2
PDE9A,0.2
PDE8A,0.2
PDE6G,0.2
PDE2A,0.2
PDCL3,0.2
PDCL,0.2
PDCD6IP,0.2
PDCD6,0.2
PDCD2L,0.2
PARD6G,0.2
PAQR8,0.2
PAQR5,0.2
OTUD1,0.2
P4HA3,0.2
P3H3,0.2
P3H2,0.2
P2RY2,0.2
P2RY12,0.2
P2RX6,0.2
P2RX3,0.2
OXTR,0.2
OXT,0.2
OXGR1,0.2
OTUD7B,0.2
OTP,0.2
PA2G4,0.2
OTOR,0.2
OTOL1,0.2
OSR1,0.2
OSM,0.2
OSGEPL1,0.2
OSGEP,0.2
OSBPL9,0.2
OSBP,0.2
ORMDL3,0.2
ORM1,0.2
OR9K2,0.2
P4HTM,0.2
PAAF1,0.2
PAQR4,0.2
PAK6,0.2
PAQR3,0.2
PAPSS1,0.2
PANX3,0.2
PANX2,0.2
PANX1,0.2
PANK2,0.2
PAN2,0.2
PALMD,0.2
PALM,0.2
PALLD,0.2
PAK6-AS1,0.2
PAK2,0.2
PABIR2,0.2
PAICS,0.2
PAGE3,0.2
PAG1,0.2
PAFAH1B2,0.2
PADI4,0.2
PACSIN1,0.2
PACRG,0.2
PABPN1L,0.2
PABPC5,0.2
PABPC4,0.2
PABPC1L,0.2
PEBP1,0.2
PECR,0.2
PEDS1,0.2
PKP1,0.2
PLCXD1,0.2
PLCD4,0.2
PLBD1,0.2
PLAU,0.2
PLAGL1,0.2
PLAC1,0.2
PLAAT5,0.2
PLA2G4C,0.2
PLA2G4B,0.2
PLA2G2E,0.2
PLA2G12B,0.2
PKNOX1,0.2
PLEKHA2,0.2
PKIG,0.2
PKD2L2,0.2
PKD2,0.2
PIWIL4,0.2
PIWIL2,0.2
PITX3,0.2
PIP5K1C,0.2
PIP4P1,0.2
PIP4K2C,0.2
PINX1,0.2
PINK1,0.2
PLD6,0.2
PLEKHA3,0.2
PIK3CD-AS1,0.2
PLS1,0.2
PNLIP,0.2
PNCK,0.2
PMS2,0.2
PMPCB,0.2
PMM1,0.2
PM20D1,0.2
PLXNB3,0.2
PLXDC2,0.2
PLSCR4,0.2
PLSCR1,0.2
PLS3,0.2
PLPP5,0.2
PLEKHM2,0.2
PLPP4,0.2
PLPP3,0.2
PLP2,0.2
PLOD2,0.2
PLOD1,0.2
PLLP,0.2
PLK4,0.2
PLK3,0.2
PLIN3,0.2
PLIN2,0.2
PLEKHM3,0.2
PILRB,0.2
PIK3AP1,0.2
PELI3,0.2
PGAM4,0.2
PHETA2,0.2
PHETA1,0.2
PHC2,0.2
PHAF1,0.2
PHACTR2,0.2
PGM3,0.2
PGM2L1,0.2
PGLYRP4,0.2
PGF,0.2
PGC,0.2
PGBD4,0.2
PGAM2,0.2
PHF1,0.2
PFN3,0.2
PFKP,0.2
PFKFB4,0.2
PFKFB3,0.2
PFDN2,0.2
PF4,0.2
PEX5,0.2
PEX26,0.2
PEX11G,0.2
PEX11B,0.2
PERM1,0.2
PHEX,0.2
PHF11,0.2
PIH1D2,0.2
PI4KA,0.2
PIGZ,0.2
PIGW,0.2
PIGV,0.2
PIGU,0.2
PIGR,0.2
PIGP,0.2
PIGH,0.2
PICALM,0.2
PIBF1,0.2
PIAS3,0.2
PIAS2,0.2
PI4K2B,0.2
PHF13,0.2
PI15,0.2
PHYKPL,0.2
PHYHIPL,0.2
PHYHIP,0.2
PHYH,0.2
PHOX2A,0.2
PHOSPHO1,0.2
PHLDA3,0.2
PHLDA2,0.2
PHLDA1,0.2
PHF19,0.2
OR9G4,0.2
OR9A4,0.2
OR8U3,0.2
OFD1,0.2
OPALIN,0.2
OOSP2,0.2
OMG,0.2
OLIG3,0.2
OLFML1,0.2
OLFM4,0.2
OLFM3,0.2
OLA1,0.2
OGG1,0.2
OGFOD2,0.2
OGA,0.2
OFCC1,0.2
OPN1SW,0.2
ODR4,0.2
ODC1,0.2
ODAM,0.2
OBI1,0.2
OAZ1,0.2
OAS2,0.2
OAF,0.2
NXPE4,0.2
NXNL2,0.2
NXNL1,0.2
NXF5,0.2
OPN1LW,0.2
OPN5,0.2
NUTM2E,0.2
OR10H3,0.2
OR13H1,0.2
OR13C9,0.2
OR13C4,0.2
OR11L1,0.2
OR11G2,0.2
OR10V1,0.2
OR10T2,0.2
OR10J5,0.2
OR10J3,0.2
OR10J1,0.2
OR10H4,0.2
OR10H2,0.2
OPRD1,0.2
OR10H1,0.2
OR10G2,0.2
OR10D3,0.2
OR10C1,0.2
OR10AG1,0.2
OR10AD1,0.2
OR10A7,0.2
OR10A6,0.2
OR10A4,0.2
OPRPN,0.2
OPRK1,0.2
NXF3,0.2
NUP62CL,0.2
OR1E1,0.2
NR4A1,0.2
NSMCE4A,0.2
NSL1,0.2
NSA2,0.2
NRSN2,0.2
NRSN1,0.2
NRP1,0.2
NRN1,0.2
NRG4,0.2
NRF1,0.2
NREP,0.2
NR4A2,0.2
NR3C1,0.2
NT5C1A,0.2
NR2F6,0.2
NR2F2,0.2
NR2E3,0.2
NR1I2,0.2
NR1H4,0.2
NR1H3,0.2
NR0B2,0.2
NPTX1,0.2
NPRL3,0.2
NPPB,0.2
NPNT,0.2
NSMF,0.2
NT5DC2,0.2
NUP35,0.2
NUDCD3,0.2
NUP133,0.2
NUMBL,0.2
NUMB,0.2
NUFIP1,0.2
NUF2,0.2
NUDT7,0.2
NUDT22,0.2
NUDT21,0.2
NUDT17,0.2
NUDT14,0.2
NUDT1,0.2
NUCKS1,0.2
NT5DC4,0.2
NUCB2,0.2
NUCB1,0.2
NUBP2,0.2
NUBP1,0.2
NTRK2,0.2
NTNG1,0.2
NTN4,0.2
NTM,0.2
NTHL1,0.2
NTF3,0.2
NTAQ1,0.2
OR14I1,0.2
OR1G1,0.2
OR8U1,0.2
OR52N1,0.2
OR5I1,0.2
OR5H15,0.2
OR5D13,0.2
OR5C1,0.2
OR5AN1,0.2
OR5A2,0.2
OR56B4,0.2
OR56B3P,0.2
OR56A3,0.2
OR52W1,0.2
OR52R1,0.2
OR52L1,0.2
OR5M8,0.2
OR52K2,0.2
OR52K1,0.2
OR52I2,0.2
OR52H1,0.2
OR52E8,0.2
OR52E6,0.2
OR52E4,0.2
OR52E2,0.2
OR52B6,0.2
OR52B4,0.2
OR52B2,0.2
OR5M11,0.2
OR5M9,0.2
OR51V1,0.2
OR6T1,0.2
OR8K5,0.2
OR8K3,0.2
OR8H3,0.2
OR8G5,0.2
OR8B2,0.2
OR8A1,0.2
OR7G2,0.2
OR7G1,0.2
OR7E24,0.2
OR7D2,0.2
OR7C1,0.2
OR6S1,0.2
OR5P2,0.2
OR6N1,0.2
OR6M1,0.2
OR6K6,0.2
OR6K3,0.2
OR6C74,0.2
OR6C68,0.2
OR6C6,0.2
OR6C4,0.2
OR6C1,0.2
OR6B1,0.2
OR5V1,0.2
OR52A5,0.2
OR51S1,0.2
OR1I1,0.2
OR2A7,0.2
OR2K2,0.2
OR2J3,0.2
OR2H2,0.2
OR2G6,0.2
OR2G2,0.2
OR2F2,0.2
OR2D2,0.2
OR2C3,0.2
OR2B2,0.2
OR2AJ1,0.2
OR2AG2,0.2
OR2A42,0.2
OR2L3,0.2
OR2A25,0.2
OR2A2,0.2
OR2A12,0.2
OR2A1,0.2
OR1S2,0.2
OR1Q1,0.2
OR1M1,0.2
OR1L8,0.2
OR1L6,0.2
OR1L1,0.2
OR1K1,0.2
OR2L13,0.2
OR2S2,0.2
OR51M1,0.2
OR4K5,0.2
OR51I1,0.2
OR51G1,0.2
OR51F2,0.2
OR51D1,0.2
OR51B6,0.2
OR51B4,0.2
OR51A7,0.2
OR4N5,0.2
OR4N4,0.2
OR4M2,0.2
OR4L1,0.2
OR4K15,0.2
OR2T27,0.2
OR4K14,0.2
OR4F6,0.2
OR4F4,0.2
OR4D1,0.2
OR4C46,0.2
OR4C11,0.2
OR4A16,0.2
OR2Y1,0.2
OR2W3,0.2
OR2W1,0.2
OR2T33,0.2
PNLIPRP3,0.2
PNMT,0.2
NPIPB6,0.2
PNPLA1,0.2
RDM1,0.2
RDH8,0.2
RDH12,0.2
RD3,0.2
RCSD1,0.2
RCOR1,0.2
RCE1,0.2
RCAN3,0.2
RC3H1,0.2
RBPMS2,0.2
RBPJL,0.2
RBPJ,0.2
RBP7,0.2
RBP4,0.2
RBMX2,0.2
RBMX,0.2
RBM43,0.2
RBM41,0.2
RBM4,0.2
RBM34,0.2
RBM33,0.2
RBM23,0.2
RBM12,0.2
RBKS,0.2
RBFOX3,0.2
REC8,0.2
RECQL5,0.2
REEP4,0.2
RFWD3,0.2
RHAG,0.2
RGS9BP,0.2
RGS19,0.2
RGS18,0.2
RGPD3,0.2
RGP1,0.2
RGMB,0.2
RGL4,0.2
RGCC,0.2
RFX6,0.2
RFX3,0.2
RFPL4B,0.2
REG3A,0.2
RFPL3,0.2
RFPL2,0.2
RFK,0.2
RFC5,0.2
RFC4,0.2
RETREG3,0.2
RERGL,0.2
REM1,0.2
REL,0.2
REG4,0.2
REG3G,0.2
RBBP8,0.2
RBBP7,0.2
RBAK-RBAKDN,0.2
RAB3A,0.2
RAD23A,0.2
RAC1,0.2
RABL2A,0.2
RABEPK,0.2
RABAC1,0.2
RAB8A,0.2
RAB4B-EGLN2,0.2
RAB4A,0.2
RAB43,0.2
RAB3IL1,0.2
RAB3C,0.2
RAB38,0.2
RAD52,0.2
RAB30,0.2
RAB29,0.2
RAB28,0.2
RAB27A,0.2
RAB26,0.2
RAB18,0.2
RAB12,0.2
RAB11FIP5,0.2
RAB11FIP4,0.2
RAB11B,0.2
RAB10,0.2
RAD51D,0.2
RADX,0.2
RAX2,0.2
RARS2,0.2
RAX,0.2
RASSF8,0.2
RASSF3,0.2
RASSF2,0.2
RASSF1,0.2
RASL10A,0.2
RASGEF1B,0.2
RASGEF1A,0.2
RASD2,0.2
RASD1,0.2
RASA4,0.2
RARRES1,0.2
RAE1,0.2
RARB,0.2
RAPH1,0.2
RAPGEFL1,0.2
RAP2A,0.2
RAP1GAP,0.2
RAP1B,0.2
RANBP9,0.2
RANBP1,0.2
RAMP3,0.2
RALGPS2,0.2
RALGPS1,0.2
RHBDD1,0.2
RHBDD2,0.2
RHBDD3,0.2
RPL17-C18ORF32,0.2
RPP25,0.2
RPN1,0.2
RPL8,0.2
RPL5,0.2
RPL38,0.2
RPL37,0.2
RPL31,0.2
RPL29,0.2
RPL23,0.2
RPL21,0.2
RPL18,0.2
RPL14,0.2
RPP40,0.2
RPL13,0.2
RPL11,0.2
RPH3AL,0.2
RPE,0.2
RPAP2,0.2
RPA3,0.2
RPA2,0.2
RP9,0.2
ROPN1B,0.2
ROPN1,0.2
ROM1,0.2
RPP38,0.2
RPS15A,0.2
RNPEPL1,0.2
RRP7A,0.2
RTCB,0.2
RTCA,0.2
RTBDN,0.2
RSPO4,0.2
RSPH9,0.2
RSPH10B2,0.2
RSPH10B,0.2
RSL24D1,0.2
RSF1,0.2
RSAD1,0.2
RRS1,0.2
RRP1,0.2
RPS19BP1,0.2
RRM2B,0.2
RPUSD4,0.2
RPSA2,0.2
RPS8,0.2
RPS6KL1,0.2
RPS6KA6,0.2
RPS6,0.2
RPS5,0.2
RPS4Y2,0.2
RPS4X,0.2
RPS2,0.2
RNPS1,0.2
RNLS,0.2
RHBDL2,0.2
RIMKLA,0.2
RLN1,0.2
RLIM,0.2
RIPPLY2,0.2
RIPPLY1,0.2
RIPK2,0.2
RIPK1,0.2
RIOX2,0.2
RINT1,0.2
RINL,0.2
RING1,0.2
RIMKLB,0.2
RICTOR,0.2
RMP64,0.2
RIC3,0.2
RHPN2,0.2
RHOT1,0.2
RHOJ,0.2
RHOH,0.2
RHOG,0.2
RHOF,0.2
RHOA,0.2
RHNO1,0.2
RHD,0.2
RHCE,0.2
RMDN3,0.2
RNASE10,0.2
RNF39,0.2
RNF146,0.2
RNF220,0.2
RNF214,0.2
RNF212,0.2
RNF208,0.2
RNF182,0.2
RNF181,0.2
RNF17,0.2
RNF169,0.2
RNF168,0.2
RNF150,0.2
RNF148,0.2
RNF141,0.2
RNASE12,0.2
RNF138,0.2
RNF126,0.2
RNF121,0.2
RNF114,0.2
RND2,0.2
RND1,0.2
RNASEH2B,0.2
RNASE8,0.2
RNASE6,0.2
RNASE4,0.2
RNASE13,0.2
R3HDML,0.2
R3HDM1,0.2
R3HCC1L,0.2
PPWD1,0.2
PRDM12,0.2
PRCC,0.2
PRB4,0.2
PRB3,0.2
PRAMENP,0.2
PRAMEF6,0.2
PRAMEF2,0.2
PRAMEF12,0.2
PRADC1,0.2
PQBP1,0.2
PPY,0.2
PPT1,0.2
PRDM7,0.2
PPP6C,0.2
PPP5C,0.2
PPP4R4,0.2
PPP4R2,0.2
PPP3CA,0.2
PPP2R3C,0.2
PPP2R2D,0.2
PPP2R2C,0.2
PPP2R1B,0.2
PPP2R1A,0.2
PPP1R42,0.2
PRDM4,0.2
PRDX3,0.2
PPP1R3D,0.2
PRKCZ,0.2
PROZ,0.2
PROX2,0.2
PROSER1,0.2
PROK1,0.2
PROCA1,0.2
PRNT,0.2
PRMT3,0.2
PRM3,0.2
PRM2,0.2
PRLHR,0.2
PRKRIP1,0.2
PRKCH,0.2
PRDX5,0.2
PRKCE,0.2
PRKCB,0.2
PRKAR2A,0.2
PRKAG1,0.2
PRKACB,0.2
PRIM1,0.2
PRH2,0.2
PRF1,0.2
PRELID3A,0.2
PRELID2,0.2
PRELID1,0.2
PPP1R3F,0.2
PPP1R37,0.2
PRPF31,0.2
POLR3A,0.2
POTEE,0.2
POTED,0.2
POSTN,0.2
POPDC2,0.2
POPDC1,0.2
POP1,0.2
POMT1,0.2
POMP,0.2
POMGNT2,0.2
POM121C,0.2
POLR3G,0.2
POLR2L,0.2
POTEH,0.2
POLR1C,0.2
POLL,0.2
POLDIP3,0.2
POLD3,0.2
POLA2,0.2
POLA1,0.2
POGLUT1,0.2
PODNL1,0.2
POC5,0.2
PNPT1,0.2
PNPLA4,0.2
POTEF,0.2
POU1F1,0.2
PPP1R27,0.2
PPID,0.2
PPP1R1C,0.2
PPP1R1A,0.2
PPP1R16A,0.2
PPP1R12A,0.2
PPP1CC,0.2
PPME1,0.2
PPM1G,0.2
PPM1E,0.2
PPIL6,0.2
PPIF,0.2
PPIE,0.2
PPIC,0.2
POU2AF1,0.2
PPIB,0.2
PPIA,0.2
PPBP,0.2
PPARD,0.2
PPA1,0.2
POU6F1,0.2
POU5F1B,0.2
POU5F1,0.2
POU4F3,0.2
POU3F2,0.2
POU2F3,0.2
PRPF19,0.2
PRPF6,0.2
QTGAL,0.2
PTGER3,0.2
PTPN3,0.2
PTPN1,0.2
PTPA,0.2
PTP4A3,0.2
PTP4A1,0.2
PTOV1,0.2
PTMA,0.2
PTH2R,0.2
PTH,0.2
PTGR2,0.2
PTGR1,0.2
PTGER2,0.2
PTPRCAP,0.2
PTGDS,0.2
PTDSS2,0.2
PTCHD1,0.2
PTCD3,0.2
PTCD1,0.2
PTBP2,0.2
PTAFR,0.2
PSTPIP2,0.2
PSTK,0.2
PSRC1,0.2
PSPN,0.2
PTPN6,0.2
PTRHD1,0.2
PSMG2,0.2
PXMP2,0.2
QRSL1,0.2
QRICH1,0.2
QPRT,0.2
QPCT,0.2
QNG1,0.2
QKI,0.2
QDPR,0.2
PYCR3,0.2
PYCR1,0.2
PYCARD-AS1,0.2
PXN,0.2
PXK,0.2
PTS,0.2
PWWP3A,0.2
PWP2,0.2
PVR,0.2
PUSL1,0.2
PUS3,0.2
PUS10,0.2
PUM3,0.2
PUM2,0.2
PUDP,0.2
PTX3,0.2
PTTG2,0.2
PSORS1C1,0.2
PSME3IP1,0.2
PRPH,0.2
PRRX1,0.2
PSCA,0.2
PSAP,0.2
PRXL2A,0.2
PRTFDC1,0.2
PRSS57,0.2
PRSS55,0.2
PRSS54,0.2
PRSS44P,0.2
PRSS37,0.2
PRSS23,0.2
PRSS21,0.2
PRRT3,0.2
PSEN1,0.2
PRRT2,0.2
PRRG2,0.2
PRR5,0.2
PRR30,0.2
PRR27,0.2
PRR23C,0.2
PRR22,0.2
PRR19,0.2
PRR16,0.2
PRR11,0.2
PRPSAP2,0.2
PSD3,0.2
PSG11,0.2
PSMD9,0.2
PSMB11,0.2
PSMD8,0.2
PSMD4,0.2
PSMD3,0.2
PSMD12,0.2
PSMD10,0.2
PSMC3IP,0.2
PSMC2,0.2
PSMB8,0.2
PSMB7,0.2
PSMB6,0.2
PSMB5,0.2
PSMB10,0.2
PSG2,0.2
PSMA7,0.2
PSMA5,0.2
PSMA4,0.2
PSMA3,0.2
PSMA1,0.2
PSKH1,0.2
PSIP1,0.2
PSG9,0.2
PSG5,0.2
PSG4,0.2
PSG3,0.2
NPL,0.2
NPIPB4,0.2
HLA-DPA1,0.2
LINC02906,0.2
KNG1,0.2
KNCN,0.2
KMT5A,0.2
KLRF1,0.2
KLRB1,0.2
KLK9,0.2
KLK7,0.2
KLK4,0.2
KLK3,0.2
KLK15,0.2
KLK12,0.2
KLHL42,0.2
KLHL36,0.2
KLHL31,0.2
KLHL28,0.2
KLHL26,0.2
KLHL24,0.2
KLHL15,0.2
KLHL13,0.2
KLHL10,0.2
KLHL1,0.2
KLHDC7B,0.2
KLHDC4,0.2
KLHDC3,0.2
KLHDC1,0.2
KPNA2,0.2
KPNA3,0.2
KPNA4,0.2
KRT4,0.2
KRTAP1-4,0.2
KRTAP1-1,0.2
KRT9,0.2
KRT86,0.2
KRT84,0.2
KRT82,0.2
KRT81,0.2
KRT77,0.2
KRT76,0.2
KRT6C,0.2
KRT40,0.2
KRT37,0.2
KPNA6,0.2
KRT34,0.2
KRT25,0.2
KRT222,0.2
KRT20,0.2
KRT18,0.2
KRT10-AS1,0.2
KRR1,0.2
KRI1,0.2
KRCC1,0.2
KRABD2,0.2
KRABD1,0.2
KLF6,0.2
KLF16,0.2
KLF13,0.2
KCNJ11,0.2
KCTD6,0.2
KCTD3,0.2
KCTD20,0.2
KCTD2,0.2
KCTD10,0.2
KCNQ4,0.2
KCNMB3,0.2
KCNMB2,0.2
KCNK12,0.2
KCNJ6,0.2
KCNJ13,0.2
KCNIP3,0.2
KDM2A,0.2
KCNIP2,0.2
KCNIP1,0.2
KCNE4,0.2
KCNE2,0.2
KCNE1,0.2
KCND3,0.2
KCNC4,0.2
KCNC3,0.2
KCNAB2,0.2
KCNA5,0.2
KCNA10,0.2
KDM1B,0.2
KDM4C,0.2
KLF11,0.2
KIF23,0.2
KLF10,0.2
KLF1,0.2
KLC2,0.2
KITLG,0.2
KIR3DX1,0.2
KIR3DL1,0.2
KIR2DL4,0.2
KIFC2,0.2
KIF5B,0.2
KIF3C,0.2
KIF3B,0.2
KIF12,0.2
KDM5D,0.2
KIF11,0.2
KICS2,0.2
KIAA1671,0.2
KIAA1328,0.2
KIAA1143,0.2
KIAA0930,0.2
KHSRP,0.2
KHK,0.2
KHDC1,0.2
KERA,0.2
KDM7A,0.2
KRTAP1-5,0.2
KRTAP10-3,0.2
KRTAP10-4,0.2
LELP1,0.2
LGMN,0.2
LGI2,0.2
LGI1,0.2
LGALS9,0.2
LGALS8,0.2
LGALS12,0.2
LETMD1,0.2
LEPROTL1,0.2
LEO1,0.2
LENG9,0.2
LENG1,0.2
LDOC1,0.2
LGR5,0.2
LDLRAP1,0.2
LDLRAD3,0.2
LDLR,0.2
LDHC,0.2
LDHB,0.2
LDB3,0.2
LCP2,0.2
LCORL,0.2
LCNL1,0.2
LCN9,0.2
LCN6,0.2
LGR4,0.2
LHFPL4,0.2
LCLAT1,0.2
LIN9,0.2
LINC02897,0.2
LINC02875,0.2
LINC02873,0.2
LINC02693,0.2
LINC01600,0.2
LINC01554,0.2
LINC01551,0.2
LINC01548,0.2
LINC01547,0.2
LINC00923,0.2
LINC00668,0.2
LIN7A,0.2
LHFPL5,0.2
LIMK2,0.2
LIME1,0.2
LIMD2,0.2
LIM2,0.2
LILRB5,0.2
LILRA5,0.2
LILRA1,0.2
LIAT1,0.2
LHX9,0.2
LHX5,0.2
LHPP,0.2
LCN1,0.2
LCE5A,0.2
KRTAP10-6,0.2
KRTAP4-11,0.2
KRTAP9-4,0.2
KRTAP9-2,0.2
KRTAP9-1,0.2
KRTAP6-2,0.2
KRTAP5-7,0.2
KRTAP4-8,0.2
KRTAP4-5,0.2
KRTAP4-4,0.2
KRTAP4-2,0.2
KRTAP4-16,0.2
KRTAP4-12,0.2
KRTAP3-2,0.2
KRTCAP3,0.2
KRTAP25-1,0.2
KRTAP21-2,0.2
KRTAP20-4,0.2
KRTAP2-3,0.2
KRTAP19-6,0.2
KRTAP19-5,0.2
KRTAP19-4,0.2
KRTAP17-1,0.2
KRTAP12-4,0.2
KRTAP12-1,0.2
KRTAP10-7,0.2
KRTAP9-8,0.2
L2HGDH,0.2
LCE4A,0.2
LAPTM5,0.2
LCE3E,0.2
LCE3B,0.2
LCE3A,0.2
LCE2B,0.2
LCE1C,0.2
LCAT,0.2
LBX2,0.2
LBX1,0.2
LBH,0.2
LASP1,0.2
LARP6,0.2
LAPTM4B,0.2
L3MBTL3,0.2
LANCL2,0.2
LANCL1,0.2
LAMTOR5,0.2
LAMTOR4,0.2
LAMTOR1,0.2
LAMP5,0.2
LAMP1,0.2
LALBA,0.2
LAG3,0.2
LAD1,0.2
LACC1,0.2
KBTBD3,0.2
KAZALD1,0.2
KATNIP,0.2
HSPA5,0.2
HTR3A,0.2
HTR1B,0.2
HTR1A,0.2
HTATIP2,0.2
HSPD1,0.2
HSPBP1,0.2
HSPB8,0.2
HSPB3,0.2
HSPB2,0.2
HSPA9,0.2
HSPA6,0.2
HSP90B1,0.2
HUS1B,0.2
HSP90AB1,0.2
HSF2,0.2
HSD3B2,0.2
HSD17B7,0.2
HSD17B6,0.2
HSBP1L1,0.2
HS3ST6,0.2
HS3ST5,0.2
HS3ST3A1,0.2
HS3ST2,0.2
HS1BP3,0.2
HTR3B,0.2
HVCN1,0.2
HPS6,0.2
IFIT2,0.2
IFT25,0.2
IFT20,0.2
IFNG,0.2
IFNAR2,0.2
IFNA8,0.2
IFNA7,0.2
IFNA21,0.2
IFNA2,0.2
IFNA16,0.2
IFITM2,0.2
IFIT3,0.2
IFIT1,0.2
HYCC2,0.2
IFI35,0.2
IFI27,0.2
IFFO2,0.2
IFFO1,0.2
IER3,0.2
IDUA,0.2
IDO1,0.2
ICMT,0.2
ICE2,0.2
IAH1,0.2
HYPK,0.2
HROB,0.2
HPS5,0.2
IFT57,0.2
HMGB4,0.2
HNRNPF,0.2
HNRNPAB,0.2
HNRNPA1L2,0.2
HNF4G,0.2
HMSD,0.2
HMOX2,0.2
HMOX1,0.2
HMGN5,0.2
HMGCS2,0.2
HMGCS1,0.2
HMGCR,0.2
HMGB3,0.2
HNRNPR,0.2
HMGB1,0.2
HMGA2,0.2
HMCN2,0.2
HM13,0.2
HLX,0.2
HLF,0.2
HLA-F,0.2
HLA-E,0.2
HLA-DRB5,0.2
HLA-DQB2,0.2
HLA-DQA2,0.2
HNRNPH2,0.2
HNRNPUL1,0.2
HPS4,0.2
HOXB4,0.2
HPGDS,0.2
HPD,0.2
HPCA,0.2
HOXD8,0.2
HOXD12,0.2
HOXC9,0.2
HOXC6,0.2
HOXC5,0.2
HOXC4,0.2
HOXC13,0.2
HOXB6,0.2
HOXA9,0.2
HOATZ,0.2
HOXA7,0.2
HOXA6,0.2
HOXA5,0.2
HOXA13,0.2
HORMAD1,0.2
HOPX,0.2
HOOK3,0.2
HOOK2,0.2
HOMER3,0.2
HOMER1,0.2
HOGA1,0.2
IFT56,0.2
IFT74,0.2
KATNB1,0.2
IRGC,0.2
ITGB1,0.2
ITGAE,0.2
ITFG2,0.2
ITFG1,0.2
ITCH,0.2
ISYNA1,0.2
ISY1,0.2
ISX,0.2
ISL2,0.2
ISL1,0.2
IRS4,0.2
IRF4,0.2
ITGB3BP,0.2
IRF2BPL,0.2
IRF2BP1,0.2
IREB2,0.2
IRAK4,0.2
IRAK2,0.2
IRAK1BP1,0.2
IRAK1,0.2
IQCJ-SCHIP1,0.2
IQCF5,0.2
IQCF1,0.2
IQCC,0.2
ITGB1BP2,0.2
ITM2A,0.2
IPPK,0.2
JARID2,0.2
KAT8,0.2
KAT7,0.2
KAT2B,0.2
KASH5,0.2
KANSL2,0.2
KANK2,0.2
JUND,0.2
JTB,0.2
JRKL,0.2
JOSD2,0.2
JCHAIN,0.2
JAML,0.2
ITM2B,0.2
JAM2,0.2
JAK3,0.2
JADE3,0.2
JADE1,0.2
IZUMO3,0.2
IZUMO2,0.2
IWS1,0.2
IVNS1ABP,0.2
IVD,0.2
ITPKC,0.2
ITPA,0.2
IQCB1,0.2
IPO13,0.2
IFT88,0.2
IL15,0.2
IL1RAPL2,0.2
IL1R2,0.2
IL1R1,0.2
IL1A,0.2
IL18R1,0.2
IL18BP,0.2
IL17REL,0.2
IL17RB,0.2
IL17C,0.2
IL17B,0.2
IL15RA,0.2
IKZF4,0.2
IL2,0.2
IKBIP,0.2
IGLL5,0.2
IGHV4-39,0.2
IGHM,0.2
IGFLR1,0.2
IGFBP4,0.2
IGFBP3,0.2
IGFBP2,0.2
IGDCC4,0.2
IGDCC3,0.2
IFTAP,0.2
IL1RN,0.2
IL20,0.2
IPMK,0.2
INAFM1,0.2
IP6K3,0.2
IP6K2,0.2
IP6K1,0.2
INTS8,0.2
INTS5,0.2
INSL4,0.2
INPP5J,0.2
INIP,0.2
INHA,0.2
ING4,0.2
INCA1,0.2
INA,0.2
IL21R,0.2
IMPACT,0.2
ILRUN,0.2
ILK,0.2
ILF2,0.2
IL6,0.2
IL5,0.2
IL33,0.2
IL32,0.2
IL2RA,0.2
IL22RA2,0.2
IL22,0.2
LINC02902,0.2
LINC02907,0.2
NPIPB1P,0.2
LINC02908,0.2
MYL9,0.2
MYL5,0.2
MYL12A,0.2
MYL10,0.2
MYF5,0.2
MYCN,0.2
MYCL,0.2
MYBPHL,0.2
MYBL2,0.2
MXI1,0.2
MXD1,0.2
MVK,0.2
MVD,0.2
MUTYH,0.2
MUSTN1,0.2
MUL1,0.2
MUC21,0.2
MUC13,0.2
MUC1,0.2
MTX1,0.2
MTUS1,0.2
MTTP,0.2
MTRF1L,0.2
MTREX,0.2
MTNR1B,0.2
MYO5C,0.2
MYOCD,0.2
MYOZ3,0.2
NACA2,0.2
NAP1L4,0.2
NAP1L3,0.2
NAP1L2,0.2
NANOS2,0.2
NANOS1,0.2
NANOGNB,0.2
NALF2,0.2
NAGK,0.2
NAE1,0.2
NADK2,0.2
NACC1,0.2
NABP1,0.2
MYRFL,0.2
NAALAD2,0.2
NAAA,0.2
NAA40,0.2
NAA35,0.2
NAA20,0.2
NAA16,0.2
NAA15,0.2
NAA10,0.2
N4BP2L2,0.2
N4BP2L1,0.2
MYSM1,0.2
MTMR14,0.2
MTMR10,0.2
MTHFD2,0.2
MRPL38,0.2
MRPS27,0.2
MRPS26,0.2
MRPS23,0.2
MRPS22,0.2
MRPS18C,0.2
MRPS18B,0.2
MRPL58,0.2
MRPL48,0.2
MRPL46,0.2
MRPL4,0.2
MRPL39,0.2
MRPL37,0.2
MRPS35,0.2
MRPL19,0.2
MRPL18,0.2
MRPL17,0.2
MRPL10,0.2
MROH7,0.2
MROH6,0.2
MROH5,0.2
MROH2A,0.2
MROH1,0.2
MRO,0.2
MRNIP,0.2
MRPS34,0.2
MRPS5,0.2
MTFR1L,0.2
MSTN,0.2
MTFR1,0.2
MTFMT,0.2
MTF2,0.2
MTERF2,0.2
MTDH,0.2
MTBP,0.2
MTARC2,0.2
MTA3,0.2
MT1X,0.2
MT1HL1,0.2
MSX2,0.2
MSI1,0.2
MRPS9,0.2
MSGN1,0.2
MSANTD4,0.2
MSANTD3,0.2
MSANTD1,0.2
MS4A7,0.2
MS4A6A,0.2
MS4A5,0.2
MS4A4A,0.2
MS4A15,0.2
MS4A12,0.2
MRRF,0.2
NAP1L6P,0.2
NAPEPLD,0.2
NAPSA,0.2
NIPSNAP1,0.2
NKX6-1,0.2
NKX2-3,0.2
NKX2-2,0.2
NKX1-1,0.2
NKIRAS1,0.2
NKAP,0.2
NKAIN2,0.2
NKAIN1,0.2
NIT2,0.2
NIPSNAP3B,0.2
NIPSNAP2,0.2
NIPAL3,0.2
NLGN3,0.2
NIM1K,0.2
NHSL2,0.2
NHP2,0.2
NHLRC4,0.2
NGRN,0.2
NGFR,0.2
NFYB,0.2
NFYA,0.2
NFXL1,0.2
NFKBIL1,0.2
NFATC3,0.2
NKX6-2,0.2
NLN,0.2
NF2,0.2
NOL4,0.2
NPFFR2,0.2
NPFF,0.2
NPBWR2,0.2
NPBWR1,0.2
NPB,0.2
NOXRED1,0.2
NOSIP,0.2
NOS1AP,0.2
NOP9,0.2
NOP56,0.2
NOMO3,0.2
NOG,0.2
NLRP6,0.2
NOC2L,0.2
NOA1,0.2
NNT,0.2
NNMT,0.2
NNAT,0.2
NMT1,0.2
NMNAT3,0.2
NME8,0.2
NME7,0.2
NME5,0.2
NMBR,0.2
NFATC2IP,0.2
NEUROG2,0.2
NARF,0.2
NCOA4,0.2
NDUFA6,0.2
NDUFA2,0.2
NDST1,0.2
NDP,0.2
NDFIP1,0.2
NDEL1,0.2
NDE1,0.2
NDC80,0.2
NDC1,0.2
NCS1,0.2
NCOA5,0.2
NCMAP,0.2
NDUFA9,0.2
NCKIPSD,0.2
NCK1,0.2
NCF2,0.2
NCCRP1,0.2
NCAPG,0.2
NBPF11,0.2
NBL1,0.2
NATD1,0.2
NAT1,0.2
NARS2,0.2
NARS1,0.2
NDUFA8,0.2
NDUFAF6,0.2
NEUROD4,0.2
NEK4,0.2
NEUROD2,0.2
NEU4,0.2
NEU2,0.2
NETO2,0.2
NET1,0.2
NEMF,0.2
NELFE,0.2
NELFCD,0.2
NELFA,0.2
NEK7,0.2
NEK6,0.2
NEDD8,0.2
NDUFAF7,0.2
NEDD1,0.2
NECTIN4,0.2
NECTIN3,0.2
NECAP1,0.2
NDUFV1-DT,0.2
NDUFS8,0.2
NDUFS7,0.2
NDUFS6,0.2
NDUFS1,0.2
NDUFB7,0.2
NDUFB3,0.2
MRM2,0.2
MRM1,0.2
MRGPRE,0.2
LYL1,0.2
M1AP,0.2
LZTS2,0.2
LZTS1,0.2
LYSMD4,0.2
LYSMD3,0.2
LYSMD2,0.2
LYRM4,0.2
LYRM2,0.2
LYPD8,0.2
LYPD6,0.2
LYNX1,0.2
LYG2,0.2
MAB21L4,0.2
LYAR,0.2
LY6S-AS1,0.2
LY6K,0.2
LY6E,0.2
LY6D,0.2
LUZP2,0.2
LURAP1,0.2
LUC7L2,0.2
LTO1,0.2
LTB4R2,0.2
LTB,0.2
M6PR,0.2
MACROH2A2,0.2
LST1,0.2
MANF,0.2
MAPDA,0.2
MAP7D3,0.2
MAP4K4,0.2
MAP3K7CL,0.2
MAP3K7,0.2
MAP3K19,0.2
MAP2K3,0.2
MAP2K2,0.2
MAP1LC3B2,0.2
MANSC4,0.2
MANSC1,0.2
MAN1B1-DT,0.2
MADCAM1,0.2
MAN1B1,0.2
MAN1A1,0.2
MAMSTR,0.2
MALT1,0.2
MAK16,0.2
MAGOH,0.2
MAGEH1,0.2
MAGEB17,0.2
MAGEA12,0.2
MAF1,0.2
MAF,0.2
LTAP1,0.2
LSM4,0.2
MAPK12,0.2
LMF2,0.2
LPAR5,0.2
LPAR3,0.2
LOX,0.2
LORICRIN,0.2
LONP1,0.2
LNX1,0.2
LNP1,0.2
LMO3,0.2
LMO2,0.2
LMNTD1,0.2
LMLN,0.2
LMCD1,0.2
LRAT,0.2
LMAN2L,0.2
LLCFC1,0.2
LITAF,0.2
LIPN,0.2
LIPI,0.2
LIPH,0.2
LIPG,0.2
LIPF,0.2
LINC03042,0.2
LINC02914,0.2
LINC02912,0.2
LPXN,0.2
LRCH1,0.2
LSM14A,0.2
LRRC52,0.2
LSM10,0.2
LSG1,0.2
LRRTM3,0.2
LRRN4CL,0.2
LRRN3,0.2
LRRC8B,0.2
LRRC8A,0.2
LRRC75B,0.2
LRRC75A,0.2
LRRC71,0.2
LRRC55,0.2
LRRC49,0.2
LRG1,0.2
LRRC46,0.2
LRRC4,0.2
LRRC28,0.2
LRRC2,0.2
LRRC19,0.2
LRRC18,0.2
LRRC15,0.2
LRRC10,0.2
LRR1,0.2
LRP3,0.2
LRP2BP,0.2
MAPK1,0.2
MAPK13,0.2
MRAS,0.2
MGAT4C,0.2
MIX23,0.2
MIS18BP1,0.2
MIR3654,0.2
MIOS,0.2
MINAR1,0.2
MIER3,0.2
MIER1,0.2
MIEN1,0.2
MIB1,0.2
MGST1,0.2
MGMT,0.2
MFSD11,0.2
MKX,0.2
MFAP4,0.2
MFAP3L,0.2
MFAP1,0.2
MEX3C,0.2
METTL4,0.2
METTL2B,0.2
METTL27,0.2
METTL23,0.2
METTL22,0.2
METTL21C,0.2
METTL18,0.2
MKNK2,0.2
MLANA,0.2
METRN,0.2
MOSMO,0.2
MRAP,0.2
MPV17,0.2
MPST,0.2
MPPED2,0.2
MPPE1,0.2
MPND,0.2
MPG,0.2
MPEG1,0.2
MPC2,0.2
MOSPD3,0.2
MOSPD2,0.2
MOS,0.2
MLIP,0.2
MORN4,0.2
MORF4L1,0.2
MOCS3,0.2
MOBP,0.2
MOB4,0.2
MOB2,0.2
MNS1,0.2
MMP19,0.2
MMP11,0.2
MMP1,0.2
MLYCD,0.2
METTL16,0.2
METAP1,0.2
MAPK14,0.2
MARS2,0.2
MBOAT1,0.2
MBLAC2,0.2
MBD3L1,0.2
MBD3,0.2
MB21D2,0.2
MAVS,0.2
MATN1,0.2
MATCAP1,0.2
MAT2A,0.2
MASTL,0.2
MAS1L,0.2
MARCKSL1,0.2
MBTPS2,0.2
MARCKS,0.2
MARCHF9,0.2
MARCHF5,0.2
MAPKAPK5,0.2
MAPKAPK3,0.2
MAPKAP1,0.2
MAPK9,0.2
MAPK8IP2,0.2
MAPK8,0.2
MAPK6,0.2
MAPK1IP1L,0.2
MBTD1,0.2
MCAT,0.2
MEPCE,0.2
MED21,0.2
MEMO1,0.2
MELTF,0.2
MELK,0.2
MEF2B,0.2
MEF2A,0.2
MED9,0.2
MED8,0.2
MED28,0.2
MED27,0.2
MED26,0.2
MED22,0.2
MED17,0.2
MCEE,0.2
MED15P1,0.2
MECR,0.2
MECP2,0.2
MEAK7,0.2
MDM4,0.2
MCU,0.2
MCRIP2,0.2
MCOLN2,0.2
MCMBP,0.2
MCM9,0.2
MCF2,0.2
MIER2,0.2
