gene,n_diseases,max_score
TNF,210,0.2888588491949433
IFNG,198,0.38142458440862964
CD4,198,0.737292353424631
IL6,184,0.11837766714107537
CD40LG,174,0.11832544470678169
IL10,171,0.1380959911439398
CD8A,167,0.1202676181307153
IL17A,163,0.11868740887825664
CRP,163,0.5221282238712007
IL1B,158,0.26990333499444713
NFKB1,156,0.3727039610926894
CD79A,154,0.11767964376556396
TLR4,152,0.40799940256935363
IFNA1,146,0.1200588825600436
CXCL8,144,0.11526574927149766
IL4,135,0.12267569728463795
TLR2,133,0.47093219852210155
IL2,131,0.10287404123293553
TGFB1,131,0.11281463902213285
CXCL10,130,0.1113895336317661
CCL2,127,0.38047520308303384
ALB,125,0.11834362953991003
IL18,122,0.10638307446763712
NLRP3,119,0.11405611001142307
C3,115,0.1079694409684907
CALCA,115,0.11987543215833127
FASLG,115,0.11162486979045595
MMP9,112,0.12070642446946035
VEGFA,111,0.10965803621670861
IL2RA,111,0.3787297992228674
IL1A,109,0.10822725129941888
FOXP3,109,0.1015624106346409
CSF2,108,0.10589872772348577
MYD88,107,0.7342487630457787
NOS2,107,0.11370336464818855
IFNB1,107,0.11796502087577383
PDCD1,106,0.12667507533240077
ICAM1,106,0.11599210174100222
CD274,106,0.12074377168264051
RPL17,106,0.1353608276194327
INS,105,0.10492348775687196
SNCA,105,0.15663218838411794
STAT1,104,0.743287449387608
IFNA2,104,0.11305066142415182
IGHE,102,0.10326351274582625
IL22,102,0.11708683524784073
GPT,101,0.11295599566914011
PIK3CD,100,0.2986269746156221
SPATA2,99,0.11613688198081729
RPL17-C18orf32,99,0.11613688198081729
PIK3CG,98,0.29862673085787816
GOT1,98,0.08482978407219993
IFNA17,98,0.11303458014589682
CP,98,0.10871597195681948
MPO,98,0.1004191788750554
CD14,98,0.13222675589831173
IL13,98,0.22525006969130407
SLC17A5,97,0.08482978407219993
IL23A,97,0.1038327703891254
AKT1,97,0.10704654835905737
MAPK1,97,0.37257879208632616
IL33,97,0.34058088279998877
TF,96,0.10922110863033367
FAS,96,0.10037893101865245
MBL2,95,0.11426708224980305
MTOR,95,0.30351977424854665
STAT3,95,0.7501053781625562
PRH2,95,0.07983224079945814
PTGS2,95,0.3486895039947134
ERVW-1,95,0.1176457600465071
HIF1A,94,0.19868018931349152
CSF3,94,0.1031051473615541
CCL5,93,0.1044060518718847
UROD,92,0.11985893036049176
TLR9,92,0.5787776067592489
GSTM1,92,0.09787064890632449
CXCL9,91,0.09514914157014742
ISYNA1,90,0.10417915998576333
NR1I2,90,0.08155565457914983
TNFRSF1A,89,0.3585229611586454
ITGAM,89,0.11385521958237287
CASP3,89,0.07611129138275903
IL37,88,0.10133588444178909
CASP1,88,0.11281609526982493
PIK3CA,88,0.2986297905614363
ISG20,88,0.09598500976760507
PRF1,88,0.37002489600532784
PROS1,87,0.0837150148721117
NFE2L2,87,0.11331491228750976
IL5,87,0.07965873720750642
IL15,87,0.19894714369432534
FN1,87,0.46687340140858874
MBL3P,87,0.10995706571032951
CAT,86,0.08798047432056563
STING1,86,0.18636070458574075
PIK3CB,86,0.29862673085787816
ACTB,85,0.0944375335316566
HP,85,0.10661889080786913
LCN2,85,0.1155601731521196
SLPI,85,0.10101458194181723
ESR1,85,0.31740061524513813
HMGB1,83,0.11666547695892625
PPIB,83,0.09341633640115311
CCR2,83,0.3972210616194455
EGFR,83,0.5423619191863996
TP53,83,0.11571894691674423
CCL3,83,0.10099886973133572
MUC5AC,83,0.24030356198719247
LGALS3,82,0.12077300851327241
PTGER2,82,0.08922368290018443
CTLA4,82,0.10149663305010292
TLR7,82,0.5621542011253496
HSPA1A,81,0.0975581108496602
FOS,81,0.07240563822265347
SOD1,81,0.08873884779473958
PRH1,81,0.07983224079945814
CD40,81,0.36817943306108036
CCR5,81,0.7446602153448927
SAA1,81,0.11236522837140786
MTCO2P12,81,0.08891543249646883
SOAT1,81,0.07633172022814076
S100A8,81,0.11793446018712994
MT-CO2,81,0.11504082806371098
TLR3,80,0.3988935008481208
FXN,80,0.09982527017789218
NOD2,80,0.10649984025002257
ADA,79,0.10983503143265474
SAA2,79,0.1110844687751871
MS4A1,79,0.37002489600532784
CCL27,79,0.08889575539061308
IDO1,79,0.11263507802008069
PTPRC,79,0.31410995117628715
LTF,79,0.5052470217619437
CXCR2,78,0.25901742720372944
ITGB2,78,0.07571104443479722
GABPA,78,0.11224421562589675
NECTIN1,78,0.08659072211420243
CD19,78,0.47556519557610083
MMP2,77,0.10528546040222163
IFNAR1,77,0.6712067602294953
FANCA,77,0.09969566379757507
HLA-C,77,0.0688755718300715
RELA,77,0.10529826753217074
BCL2,76,0.10202815184379058
CCL4,76,0.08910532448486765
ACE,76,0.10410184227671558
FCGR3A,75,0.09741584050829072
IFIH1,75,0.3870223414244441
FCGR3B,75,0.0955718206902956
KRT20,75,0.10671604160720802
CXCR3,75,0.10778930486055135
ASAH1,74,0.10142030003599904
CXCL1,74,0.06439369261832352
LYZ,74,0.055915509105369236
MAPK8,73,0.09268792510034411
RENBP,73,0.1034506834578704
SPP1,73,0.115971911453552
HSPA4,73,0.09691975426226782
ATP6AP2,73,0.07332161142660557
PRKAA1,73,0.10686714361420592
NAT10,72,0.08936321393432553
IL1R1,72,0.220083992857511
MIF,72,0.10157117981437258
LEP,72,0.11001166402335281
EPHB2,72,0.0789924921217094
NLRP1,71,0.06806402392631336
ERVK13-1,71,0.043901558247472515
PRKAA2,71,0.10595128456145848
PRKAB1,71,0.10580820436067788
ERV3-1,71,0.044020192909403795
TIMP1,71,0.11563791239480124
ATRNL1,71,0.2275771141054382
ERVFRD-1,71,0.043901558247472515
ASRGL1,71,0.08854241804779854
HMOX1,71,0.10818452680125067
ITGAX,71,0.11181430551389064
PSAP,71,0.07983224079945814
BTK,70,0.09003229606496527
LTA,70,0.07833290818858833
ALPP,70,0.08855518170386849
PDLIM3,70,0.32677308842400365
JUN,70,0.09257550596429372
CD28,70,0.5112044323034394
IL6R,70,0.5739982647978944
RIGI,70,0.09574969538029585
CXCR4,69,0.5784407482763565
MAPK14,69,0.10167344731009999
ATG5,68,0.11026639074656443
IGHG3,68,0.10820454539609237
CFTR,68,0.11070131603763296
CD69,68,0.09682426972786302
IL9,68,0.10345614532710865
S100B,68,0.1044299096574792
WNK1,67,0.10398743967581071
APOE,67,0.44265637203303265
CMPK1,67,0.09890995900193261
F2,67,0.06052962206199153
SERPINE1,67,0.10985990885825682
GZMB,67,0.06121957249557006
AVP,67,0.10224399262519458
IGF1,67,0.10004475816631751
CHKA,67,0.10153100866249669
SFTPA1,66,0.11094788374640772
AOPEP,66,0.10522427808771996
TG,66,0.22018207064086617
IL1RL1,66,0.3352542021187197
CHI3L1,66,0.09703799724958252
ATM,66,0.08162281960655322
PTX3,66,0.11523557754488598
SFTPA2,66,0.112471868575616
CXCL2,65,0.04635790354986084
CASP8,65,0.6837060024226188
VDR,65,0.3578081901488309
GH1,65,0.10277092846289532
CHKB,65,0.09890831674968416
IFNGR1,65,0.5403000421702082
S100A9,65,0.11974663365433247
PPARG,65,0.32352625339215585
JUNB,65,0.09784113878835496
MKI67,65,0.07253725047576236
SERPINA1,65,0.4997597151428234
DUSP4,64,0.17159436055635904
FCGR2A,64,0.07625358790881014
AHR,64,0.2286515112392656
ELANE,64,0.06951860069549044
NR3C1,64,0.6151335970007665
CD163,64,0.11132025428812829
GORASP1,64,0.10398743967581071
GRAP2,64,0.1016534102378247
SYT1,64,0.10398743967581071
CCR6,64,0.260705086886799
SDC1,63,0.08594620176756633
CTSB,63,0.2822431837156557
ACE2,63,0.11740490870433078
CD38,63,0.10984452341479152
SGCG,63,0.17005677108755446
TNFSF10,63,0.11053876707704059
IL18R1,63,0.32164207972892933
IL27,63,0.11494073013113855
HOXD13,63,0.09594033831737038
IRF3,63,0.10765429627456151
C5,63,0.13429424172512316
AGO2,63,0.08275840551283746
SOCS1,63,0.07011139730536106
HLA-B,62,0.09120341015281712
SELL,62,0.09193497402940705
HLA-DRB1,62,0.10535763608004159
AIMP2,62,0.1016534102378247
CD68,62,0.05093460228544524
MX1,62,0.0943949863922677
RNF19A,62,0.1016534102378247
NFKBIA,62,0.25155153825488086
CRK,62,0.10341744597046383
CD44,62,0.09269863605553623
ADSL,61,0.08004111310184583
IRF1,61,0.11777042012508439
IL7,61,0.10195720450973585
CD209,61,0.23862899288545436
BAX,61,0.061074993063304814
AHSA1,61,0.1016534102378247
CXCL13,61,0.0842988103662984
CYBB,61,0.09608214975111438
VCAM1,61,0.08500746745259803
ATP12A,61,0.07292622067731798
IL21,61,0.10985588218514879
RPSA,61,0.10089891507054218
TGM2,61,0.10299180326990792
MUC1,61,0.1029677444814753
FPR2,61,0.10039314059420552
POLDIP2,61,0.1016534102378247
MAPK3,61,0.37557013021074104
DSP,61,0.09634132441803185
TNC,61,0.25904234517149644
HAMP,61,0.10713702569311556
TFRC,61,0.08166895335536854
CD74,60,0.0940769058844464
LBP,60,0.08352340197781151
APRT,60,0.08075874324482868
SFTPD,60,0.0960091756849009
B2M,60,0.5319859471679133
C4A,60,0.037716581162386666
SQSTM1,60,0.10538778410612061
EBI3,60,0.05057130253704816
GSTK1,60,0.04792802977309113
LGALS9,60,0.10044218680006402
AFP,60,0.26750020655144763
ART4,59,0.02726439711850731
AIM2,59,0.08903463833235639
SULT2A1,59,0.0720145661436296
MFAP1,59,0.08004111310184583
EPO,59,0.09871549952354672
CGAS,59,0.08611032211974858
SLCO6A1,59,0.04792802977309113
CCR7,59,0.08064335946872599
CGA,59,0.08414171678803518
SDCBP2,59,0.26990050105695634
TNFRSF1B,58,0.07456001654507358
GGH,58,0.10276230590959375
HSPD1,58,0.09626441330123806
XK,58,0.07370245749847434
FOSB,58,0.06707337020130469
HSPA5,58,0.07258944562406087
CEBPB,58,0.08758083340384092
TNFSF13B,58,0.09530505120083893
CD86,58,0.2802298518798017
AGER,58,0.09897330313023353
VIM,58,0.10059036467101778
S100A12,58,0.10756995687028643
MAP3K14,58,0.07909097049808007
MOK,57,0.09850324720987931
C5AR1,57,0.11429114215049979
CCL20,57,0.05877569993191837
IRF7,57,0.0983914639728086
MAVS,57,0.39352796851244654
TLR1,57,0.17401582805625285
PTPN11,57,0.11723844534032957
CAMP,57,0.09588640142634064
PRKCA,57,0.1052386970508181
IL17RA,57,0.094229552889488
CD34,57,0.08223844104862289
NPPB,56,0.1833536872514098
SOCS3,56,0.09123976714844445
IL7R,56,0.09364410439046808
CDKN1A,56,0.08398804532590262
MMP1,56,0.5562220309288631
CXCL11,56,0.04192529248709371
HAVCR2,56,0.49968332914373803
JUND,56,0.0670745472142329
ATP4A,56,0.5616514303462384
JAK1,56,0.24092927408597573
PRTN3,56,0.06868110150523139
G6PD,56,0.4872534387316568
TP63,56,0.09633338732433185
SH2D1A,56,0.09023087264956962
PRKCB,56,0.08583795519441749
TICAM1,55,0.06822423670421378
GSR,55,0.06192630971757294
CD9,55,0.10222904644872861
PTH,55,0.07836036521055414
TMPRSS11D,55,0.10647486265972134
ASPM,55,0.10638686503552948
PYCARD,55,0.07524236070815063
APOA1,55,0.09506093766546238
EGF,55,0.0793396477868851
SELE,55,0.07970196824150717
IL1RN,55,0.07631952883756951
ISG15,55,0.11647987142125753
HGF,55,0.09872373214279428
HSP90AA1,55,0.09430412518357557
LACTB,55,0.03985731749823754
AR,55,0.3705799333493358
FMO5,55,0.08740726710143806
TLR5,55,0.050396519071036344
CXCL12,55,0.3679871598562566
VWF,55,0.09582542969155732
CD36,54,0.10098213385349576
IGF2BP2,54,0.0975236614720737
GCG,54,0.07265312830705638
ABCB1,54,0.07955128399910735
CD177,54,0.07240415691155312
GFAP,54,0.0526365651157318
DPP4,54,0.10251922756207939
AGT,54,0.06031283673717101
PPARA,54,0.3703959807783701
FCGR2B,54,0.07667738122777071
TBXT,54,0.08307608658885697
CLEC4D,54,0.061796007757369785
POMC,54,0.10712996491094501
KHDRBS1,54,0.09927060458429232
CD80,53,0.0940913179860887
WEE1,53,0.03795931699971629
BDNF,53,0.08724727099691154
NCAM1,53,0.41489615403187036
BECN1,53,0.09625974000380197
BCR,53,0.07688180355406156
RIPK3,53,0.3812097526550361
RPS27A,53,0.5753236847224324
SELP,53,0.27672883197483095
CD1D,53,0.09785714021829633
HLA-G,53,0.08468614837528615
CTNND1,53,0.05090344362216034
GTF2H1,53,0.5977635471259612
CD27,53,0.1043008716962556
KIT,53,0.2656778513357651
UBC,53,0.5752603693513382
CR2,53,0.38629038100426205
NUP62,53,0.5455451775785218
DEFB4A,53,0.08772665735023512
HLA-A,53,0.5305135922848343
RBP4,53,0.09116305256329271
APP,52,0.09031825706141833
DEFB4B,52,0.08770166152174903
DCTN4,52,0.09751254858983481
HSP90AB1,52,0.0591782932047342
AICDA,52,0.08991711694693717
PTEN,52,0.0769587293917372
NOS1,52,0.2927984721748168
IL4R,52,0.4576548329306724
UBA52,52,0.5752603693513382
UBB,52,0.5752603693513382
MMP8,52,0.5558336667296258
PRL,52,0.067400180495216
ARG1,52,0.10521972240026549
MYC,52,0.22196130817283555
TNFAIP3,52,0.10199764285278867
THBS1,52,0.09860485232430656
HPGDS,51,0.04916399245492062
ASPA,51,0.10640830421673905
BCAR1,51,0.04902275688200308
TREM1,51,0.11177278716774114
CYGB,51,0.07173594375261601
GGTLC3,51,0.05377015816671962
NT5E,51,0.17025724185053687
CAD,51,0.0691473352149118
GGTLC4P,51,0.05377015816671962
RIPK1,51,0.3812160029037836
GGT1,51,0.053812730251759915
PPBP,51,0.0709267785848626
BRD2,51,0.039519991029849946
PRKN,51,0.25225756939681304
ANXA5,51,0.07747694129328415
CDH1,51,0.1100263283603619
GGTLC5P,51,0.05377015816671962
LTB,51,0.0771589090147995
APC,50,0.21013101917332386
ABCG2,50,0.03418640866779725
KIR3DL1,50,0.09927057229491759
ICOS,50,0.47424425808970844
GSDMD,50,0.11087080482880259
STAT6,50,0.7315532547572903
LAMC2,50,0.37129104060580687
SETD2,50,0.1076875622685339
ZNF185,50,0.0670056128044418
LGALS1,50,0.11087298107345896
BCHE,50,0.3227519293865785
MBP,50,0.2572223719176822
GAPDH,50,0.10592176037702349
TNFRSF9,50,0.05768898837344399
VIPR1,49,0.04395233266632963
A1CF,49,0.10638498669009142
FCGR1A,49,0.37841381076155006
LAP3,49,0.0634485674709261
SRC,49,0.2912170038806694
HPD,49,0.08050145574408997
LAT,49,0.07998930670300672
KLRK1,49,0.0677530123777731
PRKCG,49,0.08582149314624815
RAG1,49,0.08681105009924235
IL16,49,0.09297062733847347
CAV1,49,0.06357658069975769
CALM1,49,0.5050390060995728
NOS3,49,0.09446396690810115
STS,49,0.07538718596328252
PTPN6,49,0.06378362526597653
ASIP,49,0.10638498669009142
BTG3,49,0.0872324945368748
ROPN1L,49,0.10638498669009142
JAK2,49,0.38775854910382995
PARP1,49,0.08305023778391583
SMN1,49,0.11727653912027357
TTR,49,0.09387600434222755
TLR8,49,0.11870395343701058
RAG2,49,0.1001642241675937
CALM3,49,0.5050390060995728
ITGAL,49,0.06332500653905437
SUGP1,48,0.0834594110622009
WNK2,48,0.015539221324602405
MAP3K20,48,0.04796329250027128
CXCR1,48,0.2593874520997348
CX3CL1,48,0.10073329855656037
CCN6,48,0.08050145574408997
SYK,48,0.2685298316242316
GEM,48,0.09786089767010411
SIRT1,48,0.12250883188434576
CX3CR1,48,0.2153147308453093
CAMKMT,48,0.06303963169080627
CALM2,48,0.5050390060995728
MRC1,48,0.3725340214002005
PLAT,48,0.19090244082295807
CSE1L,48,0.05106314178004167
MAP1LC3A,48,0.09115790881345943
SMAD3,48,0.3167152044735059
ABO,48,0.449727516904415
KNG1,48,0.0743750040970709
CHP1,48,0.08949412028697619
PDC,48,0.07441687223782402
NCR1,48,0.07845108768076964
CFH,47,0.2853726178295179
ANGPT2,47,0.11648850804524719
HSP90B2P,47,0.07823970856645987
REN,47,0.0482169218248119
PGR,47,0.30006615887082166
ADAMTS13,47,0.08414016454987015
VSX1,47,0.08050145574408997
NPPA,47,0.07676670498239714
TMEM37,47,0.09645967175797361
KRIT1,47,0.06302721793636168
CPOX,47,0.05200743755887091
CALR,47,0.07596288939747664
CSF1,47,0.06481106617101388
ERN1,47,0.10324879331058175
YY1AP1,47,0.09631363881133906
SLC2A1,47,0.2991351965110286
TFF2,47,0.08511868961816925
PIK3C2A,47,0.03632164379188298
ITGAE,47,0.09796265177710074
PRRT2,47,0.08582354142908404
TBK1,47,0.0965774534555962
TBX21,47,0.09570998502712
CYP3A4,47,0.6040165877214425
KLRB1,47,0.07948305026408495
IL17F,46,0.0789395899315687
EIF2AK2,46,0.5118490068775616
VTN,46,0.05175840935382576
APOB,46,0.3330224064047951
NFKB2,46,0.07668142888899425
CD59,46,0.05061139349973444
CYRIB,46,0.09706243279431627
CISH,46,0.07878502058941518
P4HB,46,0.04911776323253598
STAT4,46,0.2813701058482477
KRT88P,46,0.10493744216774084
CD55,46,0.10085897289152508
CTSS,46,0.09933036960855883
IL21R,46,0.26641792512383605
CD47,46,0.10398197957230809
SIGLEC1,46,0.11322735122559432
TGFB3,46,0.03692108412341162
PCNA,45,0.10545359426314337
IFNL3,45,0.08980586709555449
CD5,45,0.08961319463038366
PLG,45,0.35654961730042795
BRD4,45,0.09758416923680283
NRP1,45,0.18937196754654995
MOG,45,0.03799837108935699
HDAC9,45,0.245292801114654
CXCR5,45,0.1026631087303783
A4GALT,45,0.04804443111250484
CDKN2A,45,0.06314313466109614
YAP1,45,0.10369922970054722
PLAUR,45,0.05395703033549691
MMP3,45,0.1030416550681503
ARHGEF2,45,0.09707344372643512
CYLD,45,0.05887836145236777
IL3,45,0.09046242727685261
FUT1,45,0.08454231187492846
CCL18,45,0.06775696517691834
TRIM69,45,0.06820881900021357
IL6ST,45,0.6581812541673234
TCN2,44,0.07312103083838618
TYK2,44,0.14800995840213113
FGF2,44,0.07724461452336176
TGFB2,44,0.04025882500892861
EEF1A1,44,0.06647061080710613
REL,44,0.08052326787550397
NSG1,44,0.07720866495114549
EDNRA,44,0.20038896023637914
TRAF6,44,0.07456001654507358
ATF3,44,0.09547405487458673
IGHA1,44,0.06034736028950892
CXCL5,44,0.08350014461441704
IRF8,44,0.1043850479716296
IL2RB,44,0.3720768158336141
CCL11,44,0.07716345126354922
GZMA,44,0.0888901559972096
GAL,44,0.09926768643279689
EREG,44,0.04803663199941166
TXN,44,0.08562119295442575
BCL6,44,0.07041614884858724
KLHL2,44,0.10663931645504765
RNF130,44,0.2065280920135328
CXCR6,43,0.08018698175407177
REG1A,43,0.056771283756584155
CYCS,43,0.03897381954756201
MARK2,43,0.060974296425027164
EBNA1BP2,43,0.0935960177098557
TRIM21,43,0.08899467592526507
ANXA1,43,0.08869100353180338
P2RX7,43,0.10744296259706429
IL10RA,43,0.09962567786371378
CLOCK,43,0.05011781647005496
CCR1,43,0.08305858647656038
CCR4,43,0.5411035660765073
PIGR,43,0.0760195591904279
RBM45,43,0.0837743697294021
APCS,43,0.19808570441252765
STAT5B,43,0.04359633324734773
RAC1,43,0.37227060992735667
RELB,43,0.37002489600532784
PML,43,0.4763894122874977
SOD2,43,0.07558497292112751
IFNAR2,43,0.6056229341179445
IRF4,43,0.08881701605582062
PDCD1LG2,43,0.08525888771007133
EDN1,43,0.08608692270037321
MMP7,43,0.56031682016352
PLAU,43,0.05514669376621872
GC,43,0.08735508678746458
ADM,43,0.06412533021417963
GATA3,43,0.07635502966338976
SERPINB6,43,0.0949319838104731
OCA2,43,0.11840796672170491
RORC,43,0.0669482446878173
AGTR1,43,0.4699865502189796
EPB42,43,0.05151432831986042
CBLIF,42,0.04475203271089391
IL25,42,0.09692421101239021
AMY2A,42,0.05118940962681839
AQP4,42,0.07823179687527312
OCLN,42,0.7971064580815753
LPA,42,0.10244106532018471
TJP1,42,0.23664131711209185
PCLAF,42,0.03767593491126249
RNASEL,42,0.1065032314496942
ATP5MK,42,0.09675819447510307
TNFRSF11B,42,0.10301666652996111
IKBKB,42,0.08568858496892696
FCN2,42,0.08517431427764724
VPREB1,42,0.10590316049239867
HAVCR1,42,0.09916726315151222
KRAS,42,0.09916288014746866
IL2RG,42,0.3725542795767979
CTBS,42,0.08187499126037527
ADIPOQ,42,0.1109859289821683
IVNS1ABP,42,0.11673188692491454
SERPINB2,42,0.05098943066953418
THBD,42,0.09587190535080635
EIF2AK3,42,0.08307168435789901
CD2,42,0.0935031174048802
PCYT1B,42,0.08187499126037527
ITGA2B,41,0.09305804961950004
MAPT,41,0.10206621761478314
WDR26,41,0.037059477416997784
COX5A,41,0.18661837196792955
PECAM1,41,0.04405927582891172
TCEAL1,41,0.07721072941525191
SLC11A1,41,0.11178309607831881
PLA2G2A,41,0.0938032589745343
PIEZO1,41,0.08832127750805818
LANCL1,41,0.09343308708161135
ADAM17,41,0.37002489600532784
CLEC7A,41,0.11601924777625451
MEFV,41,0.05479143647598893
B3GAT1,41,0.05772996670060904
RNASE3,41,0.05580536660533294
BCL2L11,41,0.31950546453899675
NELFCD,41,0.594143142785321
TREM2,41,0.10030918434477017
CLEC4E,41,0.09089498191685569
XBP1,41,0.08541064002702735
H3P16,41,0.07720866495114549
KDR,41,0.08730793933580326
DUSP1,41,0.09076155661666684
IGHM,41,0.10577413232311852
NLRC4,41,0.10743933271235638
PRKDC,41,0.08542394429830992
FLT3LG,41,0.07003829973000765
MAP2K7,41,0.3711998792271848
IDO2,41,0.03960746486841029
DPP7,40,0.05509916364422177
NOD1,40,0.07743599962235119
STAT5A,40,0.04722814273859056
VDAC1,40,0.045165870267624
TPO,40,0.09629684186437334
RB1,40,0.06270340070261199
IL32,40,0.07941750578150267
DEFB1,40,0.15685862914802576
RABEPK,40,0.09343308708161135
ARMH1,40,0.09343308708161135
SPI1,40,0.0650067841665465
CD1C,40,0.09663421238487138
KITLG,40,0.06337956670650664
CEACAM5,40,0.05573546318161951
TPPP,40,0.08948812641835065
DDIT3,40,0.07865290123258958
COX8A,40,0.05200535226367961
DEFA1,40,0.09607126264353777
GDF15,40,0.11303117637236575
IGKV1-16,40,0.09705892356854819
TSLP,40,0.4137229138990207
KLK3,40,0.04545924673016053
LNPEP,40,0.09493891774601071
BRMS1L,40,0.09343728831785265
IL12B,40,0.06110591132631983
IFIT1,40,0.09922671991887431
H3P28,40,0.09343308708161135
LAMP1,40,0.0988544671618997
CCL19,40,0.07525895245975028
CREB1,40,0.4629011449026652
CREBBP,40,0.1780434451216279
ABL1,40,0.07742770948911486
NOTCH1,40,0.06886841693635162
ARHGAP4,40,0.06012904560086578
PSMD7,40,0.47740207796146955
EGR1,40,0.11442420019890846
DNAH8,40,0.11840796672170491
GSK3B,40,0.3020989984405075
CSF1R,40,0.03718821815414187
CFP,40,0.046801230552827325
CST3,40,0.08100858164913385
TYMS,40,0.04266260503867036
FUT2,40,0.3610526413990361
BLOC1S6,40,0.05118940962681839
LCK,40,0.4814717807914541
CR1,40,0.1015919042381981
HSPA14,40,0.042182838144607375
GCNT2,40,0.039700462066016545
CD46,39,0.1057794821659755
NEAT1,39,0.11509303091130009
CAP1,39,0.2598880739659651
EIF4E,39,0.07184076125574228
TKT,39,0.08902691956468936
RAF1,39,0.10723449368679065
IFI27,39,0.06058449018201524
TRGC1,39,0.048032186508817756
TAC1,39,0.21393200143235966
PPIA,39,0.6227433376350221
PPIG,39,0.05728095291679496
MCL1,39,0.10789579539058014
DEFA1B,39,0.0839328723148848
CD83,39,0.06210740056372494
PGP,39,0.044990665345564736
TNFSF11,39,0.08882324853217953
GLP1R,39,0.3628218270015105
KRT18,39,0.10696359344361646
IFIT3,39,0.04483468323264555
MDM2,39,0.08695415302129884
CCL22,39,0.0745394596064066
GPBAR1,39,0.09263540640579523
MUC2,39,0.05473817223690266
NAMPT,39,0.07548507878508688
PADI4,39,0.0778426450322875
SSTR2,38,0.07992537753715083
S100A1,38,0.09541929478450993
CD1A,38,0.08628097055871353
MT-CO1,38,0.11100746880159836
GSDMB,38,0.23626872275957234
ZAP70,38,0.06881248298741052
IGKV1-27,38,0.10159156861458281
FCGR2C,38,0.06312069688506886
UBXN11,38,0.040332713664580744
SCYL1,38,0.06372729216386941
DHX58,38,0.08449514324108476
HLA-DQA1,38,0.0889838570446587
PTGS1,38,0.34527946593530023
MUC16,38,0.09129404918152344
JAK3,38,0.07510991465441481
EHMT1,38,0.07590966183526048
ATN1,38,0.07202858183817008
TNFSF14,38,0.07102839513268215
HSP90B1,38,0.052221084094066623
LAMB2,38,0.37080801258384577
ANXA2,38,0.09633975550173093
LY96,38,0.3286847481105579
SORBS1,38,0.09492281172196652
TNFRSF8,38,0.11284713996597841
TNFRSF4,38,0.10596393663055341
IFITM3,38,0.11208823965488816
TIMP2,38,0.051621145394769946
NRSN1,38,0.2472813863914618
TRIM27,38,0.3746550261944778
CCL7,38,0.08537503704488103
CFB,38,0.07400497920106557
ACKR3,38,0.03427330137272685
IFNL1,38,0.09336186043238243
HPSE,38,0.05993540309373588
FOXO3,38,0.1001495736845011
TSC1,38,0.10321981230116918
PNP,38,0.0975424661934276
NGF,38,0.3186804287319369
HACD1,38,0.09492281172196652
ERBB2,38,0.0658093281390614
TAF8,38,0.579883991399647
C4B,38,0.03370186752816526
PLA2G4A,38,0.07867490960277285
CALHM3,37,0.031582843106796044
PCYT1A,37,0.05159791605407628
USP18,37,0.735580713544458
ADAR,37,0.09164153384277783
SLC5A2,37,0.3008884688910677
LDHA,37,0.056184580209448984
PTK2B,37,0.08299991816706954
H3C10,37,0.5088882011427547
NR4A1,37,0.052493623447432365
BTLA,37,0.09601307089922023
STAT2,37,0.7554748346088798
HLA-E,37,0.07829301052923837
CEBPA,37,0.054858554880736536
BCL2L1,37,0.07920580154823101
ENTPD1,37,0.08449670477401935
MAP2K1,37,0.3719675267093558
GAD1,37,0.03997804480693048
IRAK1,37,0.08798952636833153
AIF1,37,0.060916624915344726
ITGB1,37,0.5279322463439312
F2R,37,0.061799858524921834
ZFP36,37,0.06037567454734858
MST1,37,0.06452531729230775
CACNA1C,37,0.2825429132955607
KLRC1,37,0.09169269365717041
MARCO,37,0.2730041705522517
HLA-DQB1,37,0.08116501917467595
CD81,37,0.380454047699238
TBXAS1,37,0.3137981544047997
MUL1,37,0.044771698694651155
CCND1,37,0.07897975835847053
PLA2G1B,37,0.07386102340196082
ANPEP,37,0.1049267281965363
A2M,37,0.03539904838450971
TRAF2,37,0.06372729216386941
PRKCD,37,0.09586792939182814
HSPG2,37,0.09654881109565351
PF4,37,0.067337220204005
ANGPT1,37,0.2347618830323796
NEFL,36,0.0790643103971114
CORT,36,0.07992537753715083
ACP5,36,0.06372729216386941
CCL21,36,0.03874673326054375
MR1,36,0.10219138033448896
HLA-DPA1,36,0.10850216012656039
PLOD1,36,0.03992157489124149
TRPV1,36,0.3663847446261733
FYN,36,0.3890994509839729
ACTA1,36,0.053838656028180755
H3C3,36,0.5088882011427547
H3C6,36,0.5088882011427547
LAG3,36,0.06376743426201628
SNORD12C,36,0.05277235480446715
SELPLG,36,0.07214565753243231
LEPR,36,0.23103031106600988
PFDN4,36,0.03884548076641988
ADRB2,36,0.5975387408667883
ACP2,36,0.0320515564919815
DNMT1,36,0.09658484776114638
SPN,36,0.08734309763176415
MAP3K7,36,0.18585146635375943
HLA-DPB1,36,0.07424586408061203
MSMB,36,0.06824985447832783
PICALM,36,0.261902750547312
CTSL,36,0.057281292887331435
PSAT1,36,0.12549653923638607
DNASE1,36,0.0636338089615344
ENO2,36,0.07817863557979776
CXCL16,36,0.05412861376742813
TMED2,36,0.08948812641835065
LYN,36,0.09066058575848876
KRT1,36,0.04379219642942874
PON1,36,0.059996770356676166
ALOX5,36,0.06967556759361193
COL11A2,36,0.047668258197010115
SPHK1,36,0.09616596911620985
ITIH4,36,0.07509566861774711
XDH,36,0.08689646257980456
TRBC1,36,0.09657743808639838
CBLL2,36,0.020824293666601285
CCR3,36,0.08381832580082411
TXNRD1,36,0.26044356482375003
CUX1,36,0.24475635242462476
GRN,36,0.09573754174691476
RSAD2,36,0.07980431042484905
CEACAM3,36,0.04626020469423211
NBR1,36,0.09113990140390335
MMP13,36,0.5558635041318535
NLRP6,36,0.1042010614253737
PSMA6,36,0.47640705360685964
CLEC4M,35,0.10794426210129598
SERPINC1,35,0.3479504239583003
TOP2A,35,0.3764706473645531
FCER1G,35,0.06215575418404163
KLK8,35,0.0975424661934276
ORM1,35,0.0567467720384252
MCAT,35,0.06498183952170757
IFIT2,35,0.05939545679385818
BIRC3,35,0.07878101640430508
FLT3,35,0.2852772952443801
LIF,35,0.07990482059848385
H3P19,35,0.08948812641835065
TRRAP,35,0.06372729216386941
TAT,35,0.11033555046011498
PAK2,35,0.3708285695225128
EZH2,35,0.48596563312131713
ITGB3,35,0.34042290432490163
GBP1,35,0.5292910285833835
ITK,35,0.0834214448820401
TNFSF4,35,0.04334955421046168
H3C1,35,0.5088882011427547
CCL28,35,0.09523886257245623
SLC40A1,35,0.05355596446210447
ENO4,35,0.05485859619966399
RETN,35,0.11402084990046289
H3C12,35,0.5088882011427547
VPS51,35,0.11386428483519313
H3C4,35,0.5088882011427547
H3C2,35,0.5088990936774828
BPI,35,0.4065703610082582
CEL,35,0.015889905281271346
PTPN22,35,0.07164628222549989
TM7SF2,35,0.10594532937858686
H3C11,35,0.5088882011427547
IL11,35,0.06556679748264287
TAP1,35,0.06249472243426445
AQP1,35,0.08404894203963693
H3C7,35,0.5088882011427547
RIPK2,35,0.09487587965445439
H3C8,35,0.5088882011427547
BIRC5,34,0.09250601229745188
PTBP1,34,0.08682465388439164
BTF3P11,34,0.10019615103198853
TSC2,34,0.10321981230116918
CEACAM7,34,0.04625442305523203
C3AR1,34,0.07247506217508307
ATG7,34,0.09373145290389281
CPAP,34,0.025901742720372947
IFI16,34,0.11165493358869723
LDLR,34,0.10358765384874194
ACHE,34,0.10100394852278766
FGFR1,34,0.07465252276907489
CASP9,34,0.08502863756122431
CDK1,34,0.07923351488749295
FUT4,34,0.04313750237630112
CCL17,34,0.07763256276247321
TNFSF13,34,0.09461331021469564
ABCB6,34,0.0845105669270478
NR3C2,34,0.09407488807723358
KLF4,34,0.09787402114332566
DDX41,34,0.0675224770738801
IGF1R,34,0.03700248960053278
TRAF3,34,0.059166655208258125
MME,34,0.0804494207209788
APOH,34,0.280394626297563
DOCK8,34,0.19242866264101138
CD24,34,0.05285324921982146
SERPING1,34,0.18955445438960106
DLAT,34,0.05242266701182696
IL23R,34,0.373340644267058
PRAP1,34,0.05484457791858988
FLNB,34,0.05451630386002446
GBP2,34,0.5281645069835639
TLR6,34,0.06941926567426916
HMGCR,34,0.3701926860608368
ZGLP1,34,0.05583567836419201
FKBP5,34,0.1997825744992717
FPR1,34,0.07901126594478995
LCT,34,0.06035828648845533
GAST,34,0.07174760092821345
RHOA,34,0.07331568654342374
MBTPS1,34,0.06967038211856373
PTK2,34,0.09122502507835674
IL12A,34,0.061454968144884874
CTNNB1,34,0.17003929233958553
SMOC1,34,0.2633308333773778
NR1H4,34,0.4351492777022656
PSG2,34,0.04625442305523203
EP300,34,0.05472119910351747
PADI1,34,0.05353692209095858
GHRL,34,0.11510504723834929
ADRA1D,34,0.5849857544225935
GPX4,34,0.08844512231814228
SETBP1,33,0.17374315094229828
CUBN,33,0.048452704438030986
IFNL4,33,0.20962735529586946
ABCC1,33,0.08429593003083205
ADA2,33,0.02797799352573618
CCL8,33,0.0296755026442053
PI3,33,0.028988073034518443
ARHGEF7,33,0.037505443434333194
MAGT1,33,0.8088685275735449
IFNLR1,33,0.3867176860793043
GJA1,33,0.06419931945692438
MMP10,33,0.13426656995230213
EPCAM,33,0.3706724395733372
FOXO1,33,0.1231732000962693
GATA2,33,0.8175105538146721
KLRD1,33,0.039407701209126
ADRA1A,33,0.585470773183945
PDIA2,33,0.048849918828810894
OXT,33,0.058955078525243246
TMED7,33,0.06058449018201524
HK1,33,0.05214439027691523
PCSK9,33,0.13487523057397094
KRT8,33,0.03624053821439037
PRNP,33,0.09636216789778886
GGTLC1,33,0.1888280421428785
SP1,33,0.07437617872948141
GATM,33,0.034154386279393795
MET,33,0.069895633369267
TYMP,33,0.03789671643254566
TNFAIP8L2,33,0.09368968696038903
GNRH1,33,0.06142413273688443
LPAR2,33,0.043107900384620694
PKD1,33,0.2846385640780852
FH,33,0.04371966139488996
CMA1,33,0.1002136921319746
TRIM63,33,0.030876521877777917
NR2C2,33,0.08803870375090933
ALK,33,0.31236860471933
THY1,33,0.07824432129177915
HLA-DQA2,33,0.0890375730154803
IRAK4,33,0.06414227395212355
HSPB1,33,0.08493928223579254
PAG1,33,0.05163042835261701
PLB1,32,0.04495550344771868
ADRA2B,32,0.586843228697536
ETV5,32,0.014800995840213115
CCL4L2,32,0.03700248960053278
OMP,32,0.03345918086843602
SNORA73A,32,0.04848361716189409
FGFR3,32,0.07561612926908877
PLA2G6,32,0.06174273039243039
CYP27A1,32,0.03143937085847935
CTSG,32,0.37233755160536114
XIAP,32,0.34306363013544716
ID1,32,0.03895741348280379
EIF2A,32,0.1048259246125978
FAP,32,0.14307627866577882
FURIN,32,0.4663570109531582
PRDM1,32,0.0866484163023561
CFLAR,32,0.08084477072960711
OPN1LW,32,0.052065602399752754
GPRC6A,32,0.10353372599514499
KEAP1,32,0.030897078816444875
ACLY,32,0.07337721806831299
TYRP1,32,0.06796148168802685
TXNIP,32,0.0992090365614822
TIGIT,32,0.10185097419496393
IL10RB,32,0.383673103824504
SEPSECS,32,0.10237745480641161
FZD4,32,0.03911491297368453
TET2,32,0.5609446677139722
GSN,32,0.09168592991390102
IL27RA,32,0.18501244800266392
RAP1A,32,0.04079154453562735
PSIP1,32,0.5873633701950317
ABCC8,32,0.24666953096413827
TERT,32,0.05625920189681006
PRDX2,32,0.0846705894770834
MRGPRX3,32,0.039252240968245186
LRP1,32,0.0856360144119994
KLRC2,32,0.07314272874066421
CHUK,32,0.07766985134779043
EPHA2,32,0.10766232031017357
RAC2,32,0.07773515700812408
DHFR,32,0.5267715533409181
IRF5,32,0.09221712115434576
LMLN,32,0.09887965600675974
CCN2,32,0.09534566841507525
GSTP1,32,0.051841502292820224
FCER2,32,0.04294508943037836
MSR1,32,0.28838323060295784
HK2,32,0.04362275021172604
ATF4,32,0.08310572063012381
IL36G,32,0.06823551455904991
ATG16L1,32,0.0881844634422663
SSTR4,32,0.0743750040970709
ACKR1,32,0.04383770744989785
ARHGEF5,31,0.09923751276501916
SSB,31,0.09251383372573614
TERF2IP,31,0.03793536347723955
FGL2,31,0.09477191323309965
DNASE1L3,31,0.059059981544904334
PIAS1,31,0.05898945025501242
TERC,31,0.022178033156195896
GBP5,31,0.0678095467364944
GLS2,31,0.053773207559028056
CDH17,31,0.04137618387131575
GDF10,31,0.05931467214045745
CAPG,31,0.0531429755642852
NOX4,31,0.3052609628354767
ACP3,31,0.030767870639859456
METTL3,31,0.07961096593621515
TBC1D9,31,0.12148253649462142
TNIP1,31,0.05949136936341659
PMEL,31,0.032377178400466194
TMPO,31,0.016281095424234424
TRBV7-9,31,0.09657743808639838
RBMS3,31,0.01755562562158611
TRBV16,31,0.09657743808639838
TMPRSS2,31,0.08157893117685842
NMUR1,31,0.0758159833504294
MLKL,31,0.37304943835494875
KLK4,31,0.038586196155435584
GPR42,31,0.01990249593861908
TBCE,31,0.05451970141311983
BRS3,31,0.01990249593861908
MRGPRX1,31,0.039252240968245186
IKBKG,31,0.04854644407835233
IKZF1,31,0.07139241271722065
HSPA8,31,0.08505778669426718
PDLIM7,31,0.08105917575002329
LGR6,31,0.038786008432085815
TCN1,31,0.048020142662814354
CYP1A1,31,0.0681493680020873
S1PR1,31,0.11883355228982177
MALAT1,31,0.11462582248993121
CELP,31,0.011198472434659342
ENO1,31,0.3705799333493358
TCF7,31,0.08540980284018654
LAIR1,31,0.09065609952130534
CST12P,31,0.052134792607907744
ERG,31,0.017211841622481062
LTBR,31,0.10032758802025721
F2RL1,31,0.037357713500697894
RABGEF1,31,0.03511536263090562
BMAL1,31,0.06808458086498033
TDRD7,31,0.06372729216386941
GLB1,31,0.2292616424790798
LRRC23,31,0.038457227786390484
MRGPRX4,31,0.039252240968245186
RHD,30,0.06136516987760587
PTHLH,30,0.08420497882539485
USO1,30,0.06029350111020148
NXF1,30,0.05981309744594172
RPS6KB1,30,0.042950841386433056
SLC35A2,30,0.0677918817222876
YWHAZ,30,0.019480337741225696
IL12RB1,30,0.024051618240346313
CD3E,30,0.07506880077708089
BPIFA1,30,0.07400497920106557
PEPD,30,0.060663526006206815
ACSBG1,30,0.061546606096541626
PLAG1,30,0.044895350529755226
TFEB,30,0.10315377693205884
SAG,30,0.09527047396295608
MALT1,30,0.08919233011764342
ADAM10,30,0.1075283159046596
YY1,30,0.04703653401986559
CD5L,30,0.04519537495165246
OXER1,30,0.03879948442647636
RUNX1,30,0.09835029032168642
FKBP4,30,0.10575035103804076
CIITA,30,0.06417095088156398
IFNGR2,30,0.5961512213419171
GLUL,30,0.022794754424367396
FASN,30,0.09598552069215675
DICER1,30,0.37055166755866875
MASP2,30,0.07400497920106557
ASCC1,30,0.03733127441923606
PREP,30,0.27637927818844676
AGA,30,0.05366648704197852
CYP19A1,30,0.03168893209389628
SEC14L2,30,0.05547435877477932
ERAL1,30,0.07480669980907712
CYP2C19,30,0.026760868396413673
RHO,30,0.02829523434485748
ZC3H12A,30,0.1583050644649621
CASP4,30,0.5068879858029478
MPP1,30,0.04451399498944095
AP3B1,30,0.33170570675831623
DCLK3,30,0.034184109150807926
CYTIP,30,0.06282020024991082
TCF3,30,0.048424027508590574
DBT,30,0.052080298851649866
CDK4,30,0.046634387346768856
CLEC10A,30,0.05384047249325523
INPP5D,30,0.1901832861520144
LPAR3,30,0.07825999298601541
ZEB1,30,0.07970263052081349
RAPH1,30,0.04127257690043428
GPR151,30,0.03878536519068304
H3P40,30,0.03733127441923606
GPR166P,30,0.03878536519068304
TUFM,30,0.06202408700402766
CD1B,30,0.10197688680010351
H2AX,30,0.09012973555750382
TNFRSF10B,30,0.03760645245856815
ZBP1,30,0.10591271227704246
INSR,30,0.26021008939283996
THPO,30,0.045818437984587505
BCL3,29,0.06186656944934413
PHB2,29,0.06494579667181055
BSG,29,0.07474502899307622
BACH2,29,0.33265990769915826
CLU,29,0.06277848057782409
TEK,29,0.06817730360714978
PTGDR,29,0.045446457727374365
LILRB1,29,0.07980203590514905
PGLYRP1,29,0.07034173273061282
KLRG1,29,0.05894269208451455
PEBP1,29,0.07600928072109443
CILK1,29,0.04115416893371257
TIRAP,29,0.06631754702731192
CSRP3,29,0.03713954945085214
CD160,29,0.07797460796352818
OAS2,29,0.04406584114062035
APOL1,29,0.08273535960062883
PCBP4,29,0.05098951025141715
SIRT2,29,0.10588722653273049
SMAD2,29,0.15473629009575102
LPL,29,0.08819740806755193
MAK16,29,0.01755562562158611
TSPO,29,0.09989592576678052
IL15RA,29,0.061517718200165786
ATF6,29,0.05382341355325743
SRRM2,29,0.01755562562158611
C4BPA,29,0.08471050207558779
IL18BP,29,0.05197061335210831
GNLY,29,0.07718687776111226
IRF9,29,0.480417712340784
PIK3R3,29,0.2816183241047661
HDAC6,29,0.11354367903221327
UTRN,29,0.2492123428357107
DLD,29,0.02770111169173708
ERAS,29,0.07480669980907712
DKK1,29,0.07854485777711898
VAC14,29,0.08125416814143266
CDKN1B,29,0.06587035152652179
AKR1A1,29,0.07409995378482641
VIP,29,0.08388097952414844
DHCR7-DT,29,0.015283538669799425
DEFB103A,29,0.08575738103696813
DEFB103B,29,0.08575738103696813
VCP,29,0.09425907295888468
MASP1,29,0.07870438557914576
MARCKSL1,29,0.0789951310531683
HPX,29,0.08019262444080652
ENPEP,29,0.26021674059338834
AXL,29,0.10847928390151025
WNT5A,29,0.3236920765028831
PPOX,29,0.05487874050026947
TRAT1,29,0.057950824117553694
IFI44L,29,0.031535835914242936
FSCN1,29,0.026228070670913244
NPC1,29,0.05676339421323885
MLN,29,0.17734460397570567
PPARGC1A,29,0.19708275305274542
MYOM2,29,0.34922745760816254
GDNF,29,0.04422242201804634
ENOPH1,29,0.04843597237101109
PLA2G10,29,0.08116184596507944
WAS,29,0.06652954314260127
NPEPPS,29,0.044887424911281365
F9,29,0.03772513462874506
TNFRSF13B,29,0.47169108630727175
PKM,29,0.10305172670318195
F8,29,0.5493620099106133
KAT5,29,0.08373717190692881
PNO1,29,0.0183881816375981
KRT19,28,0.02910841468953476
AZU1,28,0.0465560668999909
MT1JP,28,0.02904695433641824
NCF1,28,0.0670445477720698
RHCE,28,0.06045054487742635
PLAAT4,28,0.08095503853097495
HFE,28,0.08706635220918166
DENR,28,0.0998886824059009
ICOSLG,28,0.08877352817109965
SLC25A3,28,0.04563796299676973
BID,28,0.0749300414410789
SCO2,28,0.01406094604820246
CD22,28,0.06632845298700837
CLDN7,28,0.06029350111020148
APEX1,28,0.0799209620079043
DOCK2,28,0.3703949209013332
SMOX,28,0.07939167805660971
AREG,28,0.09600541561820096
ABCA1,28,0.061185261109574327
SCD,28,0.07568510147277226
NLRP12,28,0.08915943660586188
FCGR1BP,28,0.03798675582390696
ENSG00000279284,28,0.019697645716004596
GAN,28,0.03784323692730953
HES1,28,0.10146605076222795
MTHFR,28,0.0819773631139076
FGFR4,28,0.12662935630986363
PROM1,28,0.19655742018476832
DNMT3A,28,0.05550373440079918
BRAF,28,0.03745076426795501
CLDN1,28,0.08542232260909469
ENSG00000280371,28,0.019697645716004596
TNNI3,28,0.09983721567033473
CDK5R1,28,0.07511505388908155
LIG4,28,0.46253112000665986
CYP2B6,28,0.048011208753234176
PTAFR,28,0.07984035594269824
PSMD12,28,0.47700747226129525
TNFRSF10A,28,0.05253211692545765
SIGLEC7,28,0.05350559996237042
LGALS3BP,28,0.08705102918728008
ULK1,28,0.23725275349056824
CXCL6,28,0.05786079298835312
SLC16A1,28,0.06428859134262775
CEBPE,28,0.7628544142058301
CTSD,28,0.09321966919314612
ZNF384,28,0.09754361641992956
CRYGD,28,0.02873462664786253
NFKBIZ,28,0.054861484244496606
C2,28,0.035107066821074784
CORO1A,28,0.3773012120646278
CS,28,0.02889552206403289
PDPN,28,0.06808458086498033
MB,28,0.036989567382794554
H3P10,28,0.057678503815000774
GUSB,28,0.0565389882183005
TNFRSF14,27,0.0439552573964729
S100A6,27,0.04785540898184607
BHLHE40,27,0.08738738529384939
FGF21,27,0.11231223391409388
KRT7,27,0.03322196386358764
SIRPA,27,0.09555512340057021
FFAR2,27,0.08621562925645974
TYROBP,27,0.049635139550154674
JAG1,27,0.18937196754654995
POMT1,27,0.05733539955455715
ACSM3,27,0.04352080602588332
AGFG1,27,0.044407452875078926
CD247,27,0.37257318236836107
APLN,27,0.06910845187774488
CARD9,27,0.09816582709831272
MTTP,27,0.04015393565594771
RPTOR,27,0.07727110780248055
TREX1,27,0.06587368211134849
CTF2P,27,0.0975424661934276
CCL1,27,0.05219730922226058
IFI44,27,0.04236313621344788
ANP32B,27,0.09461331021469564
TMPRSS13,27,0.06031640441749953
CXCL14,27,0.07340209113809577
IFNL2,27,0.058502339371210924
F3,27,0.0332948401425594
MERTK,27,0.24339180780436145
TOX,27,0.27542408942404784
FABP1,27,0.09204404460328167
IGFBP3,27,0.1662586115849039
IGFBP7,27,0.2353124249967964
BAD,27,0.06080641768374761
TNFRSF13C,27,0.42670253438870387
LCN1,27,0.027150586106924075
PMPCA,27,0.016394007087089733
LPO,27,0.03279160628399216
P2RY1,27,0.05799622803779525
GPER1,27,0.07867344738645199
HDAC2,27,0.11240081602702348
CEACAM1,27,0.08121343243089423
CD63,27,0.08055727972172043
PIK3R1,27,0.3170832130232156
IL20,27,0.035017898591027656
DLL1,27,0.3307386475310569
IL24,27,0.05446179505935772
IRF2,27,0.06602306420237126
SFN,27,0.05059720427976854
IL31RA,27,0.04609030104642364
DDX21,27,0.06795630775541807
PSMB9,27,0.05735385888082582
PSMB8,27,0.08574823347733586
CDC42,27,0.07411948616266792
NCL,27,0.08873946143773007
SDC2,27,0.09305478285407195
SUB1,27,0.05993094908043084
BRCA1,27,0.07429753162890149
DNM2,27,0.03238457889838629
PENK,27,0.04910405151518372
H19,27,0.09627345364220685
IL13RA2,27,0.08187971266013254
CD53,27,0.07860973346246522
ETS1,27,0.08330043358570303
SEMA4D,27,0.06734293499682463
GBA1,27,0.09829338652188371
NPY,27,0.07400497920106557
HCLS1,27,0.04444924063264001
SERPINA3,27,0.0562129487848094
P2RX5,27,0.020903206814348107
CD33,26,0.05638912677445568
PMAIP1,26,0.08440814038370892
MAP1LC3B,26,0.07845197557166722
SARDH,26,0.1149860883820172
PINK1,26,0.06258201958958781
PLCG2,26,0.3163540459738773
ABCG1,26,0.2817053184597683
CFL1,26,0.055557465595679326
CA1,26,0.07385355065069754
NFATC1,26,0.23671848826558495
RUNX2,26,0.042182838144607375
SCN7A,26,0.3757674235455315
LCAT,26,0.050563536980482236
FOXM1,26,0.059617794536218426
GSDME,26,0.07865788664268272
MAP3K8,26,0.0513101189127388
CDKN3,26,0.034346913744311716
MED1,26,0.011214069972151118
NR0B2,26,0.06647085530106799
CCNA2,26,0.07211457323628316
LRPPRC,26,0.051618472992743226
CAMK2B,26,0.19811156208303748
POLG2,26,0.016386697050057287
TNFRSF25,26,0.03484894470578178
CD6,26,0.07400497920106557
PRDX1,26,0.08874635187816508
PLA2G7,26,0.08587414444859648
WWTR1,26,0.08506461220389147
ASGR1,26,0.05270988756730393
APOBEC3G,26,0.5634335665548876
VSIG4,26,0.05110043813833578
FBL,26,0.08754180967334976
CRH,26,0.08458737021075033
HBB,26,0.4629011449026652
BAK1,26,0.09457539835061646
RECQL4,26,0.05739549953213956
HSPA1B,26,0.06156424894511325
NTRK1,26,0.05379605042469805
DNM1L,26,0.10041429772011248
SLC7A5,26,0.035121782856508695
SLAMF1,26,0.08748180816340564
IAPP,26,0.0764218208375552
ASAP1,26,0.3167781753871187
REG3A,26,0.08208236021979487
RAD51,26,0.02730787973617632
OAS1,26,0.07471064492069716
MICA,26,0.08814717042858358
IKZF3,26,0.0457609788889789
RNASE1,26,0.06268576134287139
OLR1,26,0.07777861643215993
ALDH7A1,26,0.014366489514563081
H3P44,26,0.016386697050057287
HLA-DRA,26,0.08664440438997288
MMP12,26,0.1030416550681503
F5,26,0.5496203708694684
SHH,26,0.27779566329199806
P2RY2,26,0.07942545340792564
RNPC3,26,0.03407120510497866
NDUFAB1,26,0.30753521690234453
DHPS,26,0.0318221410564582
F11R,26,0.08607686493646012
RAB7A,26,0.46317866357466914
SLC52A1,26,0.06147239002597308
B3GALNT1,26,0.032377178400466194
IL12RB2,26,0.3711735149533444
PDE4A,26,0.37002489600532784
WLS,26,0.07559160994851648
KMT2A,26,0.07132203314681425
IL31,26,0.07596570001112046
IFITM1,26,0.09747369784131714
TIMD4,26,0.047649955983086106
ZHX2,26,0.03656914791409183
NCR3,26,0.3713637862601495
SNORA62,26,0.052073922708464344
SERPINH1,26,0.07886394922712761
HSPA9,26,0.07511505388908155
TH,26,0.024134014860133873
ASPG,26,0.024075277984283962
OAS3,26,0.07939974796143773
UCHL1,26,0.06403212705931116
IGF2,26,0.0750882881489503
SCN2A,25,0.3846182782017682
P2RX4,25,0.0422050396383677
TNFRSF11A,25,0.031403371736889965
CNR1,25,0.22907199367463163
PPY,25,0.08349123729948382
CNR2,25,0.05624378419280984
EXOSC9,25,0.06939363572126947
XCL1,25,0.14458930897832586
EEF1A2,25,0.047895207998240666
SNCG,25,0.06845460576098567
ANG,25,0.030452648628122685
SAMHD1,25,0.11388491729600277
CARD14,25,0.08418115116367574
GLI3,25,0.05852049131254725
NFASC,25,0.037856784314218114
FTH1,25,0.09543342924992361
BGLAP,25,0.050947529067569865
AMBP,25,0.04862259228759963
GLS,25,0.05896838923024921
MBD2,25,0.044254977562237216
CFD,25,0.7735712204269919
SDHB,25,0.03681221737269829
CD8B,25,0.5041075284605918
OMA1,25,0.023505076991411408
CD58,25,0.02576051655173092
TAFAZZIN,25,0.08506461220389147
TNFRSF18,25,0.08696333187479667
IGBP1,25,0.019789690293328326
CD79B,25,0.0580818828637163
FABP2,25,0.10094198649431088
NR1H3,25,0.08286173488534211
CRIPTO3,25,0.025943791468783506
MX2,25,0.08917062313288232
NFATC2,25,0.3028014769304235
OGG1,25,0.07509593593612128
ELAVL1,25,0.06910042140795436
CHIT1,25,0.06042506551767004
NCKAP1L,25,0.04967748684380863
CD200,25,0.08658407094367654
PBK,25,0.01552048869355681
CD244,25,0.04477301241664467
DNAJC5,25,0.07830505383083217
DAPK2,25,0.10098872530936036
SMG1,25,0.08035508491305987
MPRIP,25,0.09259136470034555
CA2,25,0.01492638058020077
MAPKAPK2,25,0.043662937728628684
CASR,25,0.08031036751989058
IGKV1D-22,25,0.057857503878166405
C9orf72,25,0.3225654526495724
LMNA,25,0.034875440363001484
AGTR2,25,0.04989287418411766
DPYD,25,0.032192165952463526
FCGRT,25,0.07425476424273668
REG3G,25,0.21452933200909347
SLA,25,0.058011357276867105
SFTPC,25,0.06452132792667149
TNFSF15,25,0.19519280146451395
CHRNA4,25,0.2599424894437428
MYB,25,0.060715535061034234
SLC7A11,25,0.17763331988245118
RALBP1,25,0.07756509719717973
PDIA3,25,0.07344994185705757
CAMK2A,25,0.07351470892473523
SPTA1,25,0.07049240049676515
ENG,25,0.07400497920106557
EIF2S1,25,0.05178600337647772
IL26,25,0.08089419997059683
NCF2,25,0.07544396490775296
DCN,24,0.16429789967299593
EDNRB,24,0.032192165952463526
SIRT3,24,0.10520891002835618
CYP2E1,24,0.07568781555429656
STIM1,24,0.0558896600261704
GADD45B,24,0.04543165673153416
ESM1,24,0.02643622312571398
GADD45A,24,0.06499865751942596
STK4,24,0.0675129099789323
PPA1,24,0.08259507210132094
FABP4,24,0.10263796298936824
HADHA,24,0.047441159695067875
MYH14,24,0.02227669987656924
HSPB2,24,0.07339608267775014
PAK1,24,0.041087564452431606
ELK3,24,0.23414941005938644
CYP1A2,24,0.03549278802483105
TNFRSF17,24,0.37002489600532784
DBP,24,0.059019401916134834
TSC22D3,24,0.0541984906311364
NBAS,24,0.046623136896671316
ACOD1,24,0.08876779258586077
C9,24,0.055853202358137545
EZR,24,0.05288549234497418
DCTN6,24,0.06058449018201524
AHSG,24,0.08087200904725872
RAB7B,24,0.049772118908827975
GZMK,24,0.06594192861407777
RASA1,24,0.24191422640062832
ADCY1,24,0.024126719209329232
CRMP1,24,0.0998886824059009
SERPINB1,24,0.06401244889185621
CRISP2,24,0.0946108353410762
OASL,24,0.10180471600324592
IKBKE,24,0.035656010117846734
CAMK2G,24,0.07353538563160025
BST2,24,0.11437038811628533
FCN1,24,0.07196244177511615
CD276,24,0.04625311200066599
CXCL3,24,0.042182838144607375
ODC1,24,0.027381842304394263
NPM1,24,0.5427468643024814
CD226,24,0.04382865566500469
FOLH1,24,0.15904393580339363
ALKBH5,24,0.08700729895610718
NEDD9,24,0.09101489174721634
APOBEC3B,24,0.06543957203796652
FBXW7,24,0.07456001654507358
SMAD4,24,0.06978543236668817
FLT1,24,0.03299261158405713
S100A4,24,0.08345870415522837
DPYS,24,0.03826857456433323
UGCG,24,0.0966176117347245
PGR-AS1,24,0.05147603525286435
KHSRP,24,0.03221436744622385
HNF1A,24,0.4038070387520636
CTNNBL1,24,0.027638642000771745
TIMELESS,24,0.09906977187832743
SIGIRR,24,0.08509219109259383
PWAR1,24,0.060689317175019124
KCNA3,24,0.03367226553648484
PFKFB3,24,0.08103745247476712
CD72,24,0.0522197634487519
IL1R2,24,0.3331739609341872
CTSC,24,0.040924753498189255
IL19,24,0.1215531783377502
ROBO3,24,0.04070273856058607
EIF4EBP1,24,0.08264062813877551
MUC5B,24,0.04618020676612234
HNF4A,24,0.08956913809859697
LRRK2,24,0.06912128819324995
RUNX3,24,0.08298758306064674
CH25H,24,0.03846038769079377
UQCRFS1,24,0.07756509719717973
PTPN2,24,0.08408499319039532
IL13RA1,24,0.049645006880714826
HRH1,24,0.25901742720372944
SLC52A2,24,0.06310790419199368
SPDL1,23,0.05910119866751765
CCNB1,23,0.04484396540906506
IGFBP1,23,0.06671885388653656
OSTM1,23,0.07994439792952085
SPARC,23,0.07020971206424176
ABCC2,23,0.08307101417034231
SMAD7,23,0.13727944075833332
MADCAM1,23,0.05169057470135503
DSP-AS1,23,0.03660998370454978
TRAC,23,0.034351879498877066
AKT2,23,0.036126516724069316
ASAP2,23,0.030767870639859456
SPZ1,23,0.0946108353410762
IL34,23,0.08482025756091084
AKR1B1,23,0.07493004144107888
CASP12,23,0.21492463993057723
IL1RL2,23,0.2580754696849739
IL17RB,23,0.09740007627525436
IL5RA,23,0.06250460543321999
GAS5,23,0.11031323316329658
P2RX3,23,0.020903206814348107
EOMES,23,0.04478527762351911
GCLC,23,0.032775287582302935
P2RX1,23,0.032046982060511
EPAS1,23,0.08995634178950207
IFNE,23,0.09621229734192988
VCAN,23,0.0743750040970709
DOCK3,23,0.041442788352596724
PANX1,23,0.09004043328261459
ZNRD2,23,0.06058449018201524
TOLLIP,23,0.05953236787017638
SLC4A1,23,0.18501244800266392
HSPB3,23,0.07339608267775014
OSM,23,0.04687700250332749
HBEGF,23,0.021068185276697918
RERE,23,0.21236345748686816
CYP3A5,23,0.6013395707531605
TNFSF12,23,0.04639372146114801
PRSS55,23,0.0946108353410762
TAP2,23,0.032473384873427574
MIP,23,0.04086956657239131
JCHAIN,23,0.06582619558302782
EXT1,23,0.0745394596064066
WIPF1,23,0.05591631215984512
TNFRSF21,23,0.05880065622420665
ACTA2,23,0.03240678039214662
GJB2,23,0.07400497920106557
PPIL2,23,0.03170224702653477
SGSM3,23,0.03727367255528498
C1QA,23,0.08599558196697388
OPRM1,23,0.3873468045716827
PLK1,23,0.0831535316926724
COL1A1,23,0.0269128762220712
TWIST1,23,0.06876382528787964
UGGT1,23,0.07735027914566739
TNFAIP6,23,0.03386601468342096
FTO,23,0.3674736477633568
COTL1,23,0.012654234735222205
TAAR1,23,0.052366882089878865
PSEN1,23,0.2763588070788256
H3P23,23,0.06058449018201524
BCL2A1,23,0.07480290130586237
RPLP1,23,0.08612329454524006
HBE1,23,0.08866098782213944
POSTN,23,0.06786551125656005
CST4,23,0.020450544811096795
CHMP5,23,0.46253112000665986
TMEM132A,23,0.04738498534232194
USP7,23,0.06480026079474986
PSMD9,23,0.06058449018201524
ELN,23,0.01443097094420779
CSF3R,23,0.5341369274166871
HDAC1,23,0.11240081602702348
GPI,23,0.0594086836081955
MAPK9,23,0.0312671037124502
ITGA4,23,0.08788091280126538
MPEG1,23,0.06905441082456223
EIF6,23,0.04642134305222176
BBC3,23,0.08445429842186496
KRR1,23,0.07756509719717973
TGFA,23,0.023781693281995347
PGPEP1,23,0.024120319736803713
PTPRU,23,0.03795592041590652
KIR3DL2,22,0.01943193432183962
LTB4R,22,0.06373987187771778
RARRES2,22,0.09636230333038458
ANGPTL4,22,0.07548507878508688
GPX1,22,0.01776018638415514
RPA1,22,0.028291827769809697
GYPC,22,0.37349522961843806
PRDX5,22,0.08482061354267052
GYPB,22,0.37575788371451774
CPQ,22,0.2669993329030258
P2RX2,22,0.020903206814348107
ANGPTL2,22,0.07163494381168953
NEDD4,22,0.04496492119342594
MDM4,22,0.07213429778237196
BCL10,22,0.06530939414494037
FCER1A,22,0.07879439668598394
CLEC5A,22,0.09164313314472251
CLDN5,22,0.02579144936884673
CLDN4,22,0.07548317456421919
CCNE1,22,0.04641962320386838
CMPK2,22,0.05997349119346957
PROCR,22,0.06919856687228064
SERPINF2,22,0.034817804964531254
IGFBP2,22,0.07916672640680186
ADAM11,22,0.015541045632223771
CCNL2,22,0.07901387984670176
HRH2,22,0.08366674037453802
PRKAR1A,22,0.07777158535314894
MFSD11,22,0.07998024673384048
ALPI,22,0.025317692078268002
CARD16,22,0.022430939957656135
NEU1,22,0.07205351234250275
DUOX1,22,0.08422186640390723
TFPI2,22,0.04112456694203214
UCN2,22,0.01985586677923315
HPRT1,22,0.04453619648320126
GSDMA,22,0.07196244177511615
MAF,22,0.20873350198596524
APOBEC3A,22,0.06922714161136334
FCMR,22,0.0546230751483065
SPG7,22,0.07555783776208713
FLG,22,0.055440830168478276
MICB,22,0.02589905488757253
ACSL4,22,0.09840891492574332
NFAT5,22,0.08769755937051185
NLRC5,22,0.048448261687715974
PAX5,22,0.09034581174570176
FABP6,22,0.03999430083173528
JUP,22,0.0656187817905471
TUBB,22,0.37002489600532784
RETNLB,22,0.09376827622243092
F10,22,0.07957302665435585
PAEP,22,0.0266899768962441
CACNA1A,22,0.25901742720372944
INHBE,22,0.03907797391436823
HFM1,22,0.013190227431247084
PAM,22,0.03485352112076478
RTL1,22,0.10037141947451578
SLAMF7,22,0.07927893279134036
VAV1,22,0.07420705808131357
MST1R,22,0.05961841124437843
CCL24,22,0.0763484702090993
RRM2,22,0.3483839559376784
ESR2,22,0.03828411194172457
CDH2,22,0.16888894811600294
CDH5,22,0.17318811359829026
CCL13,22,0.05168836658421091
DCK,22,0.3248300146750682
MPL,22,0.47234705822013445
EPHA8,22,0.010297299320553682
ERN2,22,0.017133328231094612
SDHA,22,0.02911305849248117
DDX3X,22,0.07887901677312159
SST,22,0.022386506208322336
CST7,22,0.08326836327117744
CALB2,22,0.04317366439970709
PTMA,22,0.016386305230345087
ZNF569,22,0.028797630594643023
PTPN1,22,0.08963874629915981
CD48,22,0.03767129277871556
NLRX1,22,0.07007512557999171
MT1G,22,0.030013130453765486
SREBF2,22,0.10583859090367351
ZNF763,22,0.020721394176298362
CD52,22,0.07650814623019495
PCYT2,22,0.09112150771414661
CTH,22,0.14620151119713531
SHBG,22,0.04671520577266113
SLC3A2,22,0.03483126573852819
ALDH2,22,0.4635898023480084
TACR1,22,0.10191960492299738
PTGDS,22,0.04813991799692937
CD70,22,0.0620178171255863
HM13,22,0.03162891535099625
SLC6A8,22,0.02367604603684682
GPR183,22,0.04801073025669129
PHGDH,22,0.03145211616045287
SOCS2,21,0.08368155438825925
ID3,21,0.04182415204663122
GIMAP5,21,0.062175283275775234
SOD3,21,0.033279829863868605
TRAF3IP2,21,0.30668276963712354
IBSP,21,0.0353214333551611
IFI6,21,0.05155627566739486
SORD,21,0.03659182932373643
IDH1,21,0.037277394224945894
GLI2,21,0.09313368348441328
SNORA63,21,0.027677221016545257
TRADD,21,0.04332991532222389
EBP,21,0.02684103034859048
SMPD1,21,0.10393848097647974
IDH2,21,0.25238593543919624
HSD17B6,21,0.02760921675318621
PRKG1,21,0.04964031643274414
E2F1,21,0.08368551210151158
RO60,21,0.05556027027794031
LILRB4,21,0.05289505888396162
PPP1R3B,21,0.07994745467584136
KCNMA1,21,0.06419907252708253
PPP1CB,21,0.28050166019522005
SHCBP1,21,0.034854879788154644
PVR,21,0.06019490217731501
CXADR,21,0.07558096431808746
CYP7A1,21,0.032155163462863
H6PD,21,0.040132900220737865
FADD,21,0.02180144314797976
SYNM,21,0.08367627736050226
JTB,21,0.02429566513870163
POU2AF1,21,0.07055778615600261
CYP2D6,21,0.08524850910637922
PTGER4,21,0.27709152889747957
H2BC21,21,0.5049980960060253
LILRB2,21,0.0625844725194832
TBP,21,0.5800978863464767
SGCB,21,0.04825205415620581
PSMD10,21,0.08030813313778047
PSMD1,21,0.47661262299352924
KIR2DL3,21,0.06625191719693979
KLF2,21,0.06715951862496701
KLF6,21,0.07284104533374215
PSMB6,21,0.47640705360685964
SETMAR,21,0.09783613618297203
GRP,21,0.05778555459283203
COL1A2,21,0.011330833997853102
TLR10,21,0.07191598309372882
LCP2,21,0.06276236683147116
FGF23,21,0.05032338585672459
HBD,21,0.02561631774900653
RAB27A,21,0.04744274204132311
TPT1,21,0.07400497920106557
TPI1,21,0.05751130913206244
HLA-DMA,21,0.04122817391291363
DLK1,21,0.0479626270202106
DNAJB6,21,0.04602927375119636
SRA1,21,0.03483126573852819
IKZF2,21,0.07474502899307622
S100A10,21,0.02656824224687614
CD300A,21,0.04711525519160951
SLBP,21,0.022201493760319675
RASGRP1,21,0.08760664431473927
SPINK1,21,0.07472447205440925
DROSHA,21,0.05213485725217102
HRAS,21,0.03811256428854878
CCR10,21,0.03597382038963798
ENPP2,21,0.07874785721148596
GOLM1,21,0.09682535998814623
RLN2,21,0.2904785622363962
RNASE2,21,0.024386386252243472
LOX,21,0.019714081479779454
CDCA5,21,0.05513370950479385
HERPUD1,21,0.06093146825991333
STIP1,21,0.0360580231214566
DEFA3,21,0.07991761724579417
CDKN2B,21,0.03507836014130508
DDX19A,21,0.014681300480488463
POLD1,21,0.26080639164475167
HDLBP,21,0.029532937519689315
IRGM,21,0.09700023388500795
FYB1,21,0.07586490322129681
POLI,21,0.023201261754186422
RAB5A,21,0.37131998314134645
CEACAM8,21,0.10353852112486109
MAP3K5,21,0.19155869761207847
GIP,21,0.03353069558683902
WT1,21,0.24078215811275902
NPDC1,21,0.04634560377115377
LY6E,21,0.08105422262573854
NAGLU,21,0.046623136896671316
VEGFC,21,0.04855126237305826
ZUP1,21,0.03750408893197132
YWHAQ,21,0.03918152509923083
ABCC11,21,0.06477574703196533
CARD11,21,0.2775186720039959
MNAT1,21,0.5946294171694879
MDK,21,0.08921372643624026
BRCA2,21,0.21250200793798749
XPO1,21,0.5602351030205291
NR1I3,21,0.0758713310767583
P2RX6,21,0.020903206814348107
ZNF436,21,0.020721394176298362
UNC93B1,21,0.05030118436296427
BLNK,21,0.06760948534406042
ATR,21,0.04631574361457135
MAP4K4,21,0.07745041232046103
TRIM22,21,0.061215587356394936
NR1D1,21,0.07638958408643323
AASS,21,0.037635507175508225
PDGFRB,21,0.08460469987936597
BIRC2,21,0.05228785005855576
ACACA,21,0.1263902461237882
YTHDF1,21,0.07474502899307622
VCL,21,0.04189751628588474
YWHAG,21,0.034042290432490165
UCN3,21,0.044988860272647785
OPTN,21,0.10922500927691904
METTL14,21,0.07622512857709755
ALDH9A1,21,0.02767788249314947
ARF1,21,0.37002489600532784
NUCKS1,21,0.038052587505694346
ZEB2,21,0.07941750002510414
ZNF629,21,0.020721394176298362
P2RX5-TAX1BP3,21,0.020903206814348107
NOTCH4,21,0.037064160416533674
TRIM13,21,0.07869020129146555
YTHDF2,21,0.07410885909910328
TRPV4,21,0.09042503440391474
NFIL3,21,0.0800927480482441
ADORA2A,21,0.33444778997905794
C1S,21,0.035704409122526606
CDK15,20,0.09276643128024348
AIRE,20,0.06102464358068775
TACR3,20,0.051963787842484024
KRT90P,20,0.05837352878576119
GCHFR,20,0.05513370950479385
CMKLR1,20,0.08069358742173688
EFHD2,20,0.07490948450241193
ATP7B,20,0.019133133676733322
PAPSS1,20,0.16166596855075727
ANXA3,20,0.10795102220225769
PDAP1,20,0.08197792738803346
RARA,20,0.269609389851882
CDK2,20,0.03429204290337394
AOC3,20,0.041884902077162285
EFS,20,0.059792322945500936
RNASE7,20,0.08768085785917759
HCK,20,0.3901135094115678
ATXN1,20,0.05382678220436614
NEK1,20,0.01552048869355681
SGPL1,20,0.047111569759398356
KCNA2,20,0.043662937728628684
ITGAV,20,0.014690875207977731
CLEC12A,20,0.057575873818429026
DNAJC14,20,0.04535131790460245
ASS1,20,0.03639359307721735
CLDN2,20,0.08935515961812258
AQP3,20,0.07421002207838771
DNMT3B,20,0.03774253939254344
ITGA1,20,0.17494793605125186
SREBF1,20,0.06621389944628672
MT1H,20,0.030013130453765486
NRAS,20,0.05948945016939608
ATG12,20,0.02137612008696031
SPINK5,20,0.045675873162897666
CCR9,20,0.04374989357918993
SCARB1,20,0.10681901131451853
SCGB1A1,20,0.0537154863061601
PRM1,20,0.032377178400466194
IRAK3,20,0.08748755445772582
CANX,20,0.05558239406621683
MAP2K3,20,0.37002489600532784
DDX46,20,0.03448632030769656
CD207,20,0.055501669193890164
PLP1,20,0.08581756327122111
FBP1,20,0.059708563942375815
CKB,20,0.010189114008049597
MT1B,20,0.037340189999625184
CKAP4,20,0.05324946570170866
CXADRP1,20,0.07555783776208713
SOX2,20,0.07572868818077287
CCL3L3,20,0.059125623608789944
EPB41,20,0.2325601342235596
CASP2,20,0.07400497920106557
HLA-S,20,0.013315456723374926
RGS1,20,0.08485767853104853
CBL,20,0.05425305025230117
SDS,20,0.036545576211735764
UMOD,20,0.4208904027858176
TCIRG1,20,0.05015317440456213
ACAT1,20,0.04678633730017807
TRPA1,20,0.37224504538135983
GRB2,20,0.015171020736218442
PDIA6,20,0.037831345367584715
GK,20,0.06660448128095903
NOTCH2,20,0.01812038568056254
ENSG00000223804,20,0.023201261754186422
TXNRD2,20,0.023674575136899606
BATF,20,0.06872242866616442
BGN,20,0.02429767227389485
POU2F1,20,0.1777217038277848
CALML3,20,0.012654234735222205
CD3G,20,0.0743750040970709
TNFSF9,20,0.025048629765694
GP1BA,20,0.03175802263065003
G3BP1,20,0.08363969650691812
COLEC11,20,0.4401309190173484
MAL,20,0.06287011772520058
ST6GAL1,20,0.07277156288104782
TGFBR2,20,0.20866508674785847
TGFBR1,20,0.02104269912766299
KLRF1,20,0.015325155053394133
CLEC4A,20,0.052166109838831125
CFI,20,0.051551987444490896
TRH,20,0.26658866503276535
CLEC4C,20,0.052652075868918125
ALDH18A1,20,0.07100513611775187
MAFB,20,0.07289490451304959
CPT1A,20,0.09576987132387317
PRP4K,20,0.01552048869355681
IMPA1,20,0.038949808401603565
DMBX1,20,0.07744970541348851
IL1F10,20,0.06911515667327303
CRIPTO,20,0.014586096205955364
THBS2,20,0.20839312404602273
NPC2,20,0.0743750040970709
ARR3,20,0.07555783776208713
ELF4,20,0.0443437835372785
PDE4B,20,0.37002489600532784
CSF2RB,20,0.28734631566930957
CD82,20,0.05491909506511076
CSH1,20,0.019980101608356105
ARTN,20,0.02673337923293816
LIPF,20,0.07994439792952085
DMBT1,20,0.03774253939254344
TRIM25,20,0.09056138471364475
OGA,20,0.023098073084774483
PSMD2,20,0.47640705360685964
OLFM4,20,0.08627427718605578
PSMD4,20,0.05550373440079918
HSF1,20,0.07846348221736137
SAMSN1,20,0.09092683440354922
TMEFF2,20,0.020105029284026053
GPLD1,20,0.038678660659572726
SNAI1,20,0.04623056842746093
CGB5,19,0.016783658238829918
PAPOLA,19,0.08208404834503022
RACK1,19,0.06618516444381652
UBE3A,19,0.03245905693065012
BMI1,19,0.05355901912725319
TIMP3,19,0.04084180522509503
ARRB2,19,0.07052858274252903
NRGN,19,0.0876987114366085
GCH1,19,0.3003376240952783
MRPS30,19,0.030767870639859456
STMN1,19,0.11607324267678737
MEG3,19,0.10412925714972177
VHL,19,0.07874093311711894
CD7,19,0.04119610508859318
CLEC6A,19,0.09757118477531103
DKK3,19,0.03411544750453908
IRS1,19,0.1544077668271439
ZNF146,19,0.011128498747360237
CDK9,19,0.5946303966994156
UPK3B,19,0.05513370950479385
THEMIS,19,0.056228229973955685
SERPINF1,19,0.05299846028545645
GSTO1,19,0.044182469236741725
ACTG1,19,0.05159791605407628
PDGFRA,19,0.10175459144079237
FGF7,19,0.23604214819012057
BATF3,19,0.10280089983667037
CPN1,19,0.05780782259319517
CPE,19,0.01738010005706332
LAMP3,19,0.047748115224607
MFN2,19,0.23324014499048382
FHIT,19,0.2782022068393939
TNFRSF6B,19,0.10786098831223495
PSMB10,19,0.056368564810518294
FKBP1A,19,0.287679992085326
TFAM,19,0.07400497920106557
TFAP2A,19,0.06950822777628082
TFF3,19,0.04407000371514646
GALNS,19,0.05377107758846546
CENPF,19,0.025840071904372063
LIPC,19,0.02580624315438409
NTF3,19,0.02066336420674631
GAS6,19,0.09058230325383225
GNAS,19,0.014949507136201103
MPPE1,19,0.20086630098375005
LAMP2,19,0.0257841321262169
ITGA2,19,0.01990726586642499
SHARPIN,19,0.05813276128691704
SULT1A1,19,0.05962678940381907
SH3BP4,19,0.1991557215342587
GOLPH3,19,0.03520951355611044
CLPP,19,0.03519347899784007
SH2B3,19,0.39989130684668406
CA9,19,0.0318221410564582
C1QBP,19,0.08140024723252132
MMUT,19,0.042532306101945735
NTS,19,0.0636442821129164
TIA1,19,0.04041843186151067
NEDD4L,19,0.4629011449026652
PTTG1,19,0.036025623875078724
PIK3AP1,19,0.07300420297468176
DHX16,19,0.021262922303336384
CTCF,19,0.08393418614659523
CDK16,19,0.01930296540827794
URI1,19,0.11299880436215598
DHRS4,19,0.02723794541485743
TFPI,19,0.058436695573423764
DIAPH1,19,0.0642147371609246
MT1X,19,0.03024439601376881
CCN1,19,0.08363868214035479
SLC1A5,19,0.04814988632095887
ORAI1,19,0.051483092965740475
EPHA4,19,0.20070809080372334
SORT1,19,0.06975064262534107
TUSC2,19,0.031733335081416916
LYST,19,0.26641792512383605
UBE2I,19,0.05967953581949474
TLK1,19,0.03422730288049283
SOX9,19,0.02570970807056666
CETP,19,0.10365260570070943
DUOX2,19,0.04191258448558683
HEBP1,19,0.01902175774584119
IGKC,19,0.639982725967615
APOC3,19,0.0523585227847539
VTCN1,19,0.05040479133384576
LRIT1,19,0.03485352112076478
SAT1,19,0.033370305310367186
PLSCR1,19,0.06081739377686496
GPR135,19,0.07502025135838707
SLC22A1,19,0.055813116032327734
CCL25,19,0.03444931781809602
ALDH1A1,19,0.019409236737694156
GABARAPL1,19,0.0752260721031778
RICTOR,19,0.024868470649773298
SLC7A1,19,0.08446289802322868
TRDJ1,19,0.06503391483172265
TRDD3,19,0.06503391483172265
PLCB1,19,0.035727525763592165
NAP1L1,19,0.05891898944148117
CHEK2,19,0.06013160893041816
NKG7,19,0.03212497000104002
GPNMB,19,0.039757119381905785
TYR,19,0.03791388478305557
AKR1B10,19,0.0741979270598083
RET,19,0.02332937961796276
TRAF1,19,0.08874955957689847
ANK1,19,0.10946634260373536
NUP210,19,0.5415725491811313
OMG,19,0.010636014369906483
EIF4G1,19,0.05662922679281538
SLC10A1,19,0.48026848530709637
GPR15,19,0.04632711697986706
MT1F,19,0.030013130453765486
DNAJA2,19,0.046348456793947626
MSTN,19,0.325808140850051
PIN1,19,0.08754310941976583
IL22RA1,19,0.05587375929680451
NRG1,19,0.04802499285092252
IL17C,19,0.03307641831503808
IL18RAP,19,0.15755867368093357
SRGN,19,0.05219893399097351
MT1M,19,0.044074076501967936
HBS1L,19,0.04790540051917816
ABCB11,19,0.05454864157653101
CD200R1,19,0.09386775054504155
DNAJB1,19,0.04459634319358559
MT-CYB,19,0.04782535435078209
ELP1,18,0.05985835732951456
ABCB7,18,0.01036452703389835
TBPL1,18,0.05740139873889597
TNNT2,18,0.06505387139731002
AKT3,18,0.2730041705522517
STAM2,18,0.01902175774584119
SRSF2,18,0.6377436502113212
SLC2A3,18,0.024835968235184264
XRCC6,18,0.5054951218206118
ALCAM,18,0.07836398578264443
DES,18,0.032664530397378565
PGF,18,0.07960981504415338
ZDHHC2,18,0.04601629606722257
KDM6B,18,0.07456001654507358
LIPA,18,0.034582526780657936
TNPO1,18,0.04528457858485546
LGALS2,18,0.042996892915819096
PAGR1,18,0.05993711048168882
HTRA1,18,0.038567561696282705
CRYGFP,18,0.032377178400466194
PDE5A,18,0.3281144372980577
PSME3,18,0.025882624767412675
FUT3,18,0.34133951322730205
PSTPIP1,18,0.37002489600532784
CCL14,18,0.03832504207554607
TRIM28,18,0.3764875669635712
F7,18,0.01757184507612338
LIAS,18,0.02603094697535004
HLA-DRB5,18,0.021461443968309016
NF1,18,0.041087564452431606
IMMT,18,0.03778091084462161
NOX1,18,0.03605373073196302
BMP2,18,0.055298165014129555
PDXP,18,0.08416032920010175
LTA4H,18,0.047897667094023
SLC39A8,18,0.06692536462750276
NKX2-1,18,0.37002489600532784
PLAC8,18,0.2325395346644391
CBS,18,0.28517471649762494
TEAD1,18,0.06748842964363841
FLNA,18,0.08157546404691642
COL3A1,18,0.2007321832974421
COL18A1,18,0.024051618240346313
FLT4,18,0.03494679573383652
HNRNPA2B1,18,0.08181178036374542
VLDLR,18,0.09860339022807905
NAIP,18,0.07916797565495726
TDO2,18,0.04160066845374441
NKTR,18,0.03157629608832736
YBX1,18,0.05846393356884181
MYLK,18,0.033302240640479513
CNP,18,0.026456780064380944
GHR,18,0.5259218921805889
HPS4,18,0.039642036405725965
TCIM,18,0.2822061303536232
NOTCH3,18,0.042212440136287804
MAPKAP1,18,0.01863551644216534
ARID1A,18,0.04391560191559084
YLPM1,18,0.07856058979317036
SLURP1,18,0.06217881586323574
SERPINB3,18,0.04977616014941005
CEBPD,18,0.37242491859469573
TST,18,0.037330243693505565
IL22RA2,18,0.12478893114747627
OPN1SW,18,0.03599475132113022
LARS1,18,0.016210891629642156
CASP6,18,0.08895893231560323
ROCK1,18,0.08360988785324307
MT1E,18,0.02904695433641824
MATK,18,0.06163415043704551
EPRS1,18,0.024018622422388447
CYP27B1,18,0.02474216385003603
BLOC1S3,18,0.07314275350086279
GNAI1,18,0.29014520926073517
GPR18,18,0.05110043813833578
IQGAP1,18,0.053489991967192015
MTPAP,18,0.030767870639859456
CYP2C9,18,0.011470771776165165
ABCA4,18,0.07273044900371388
UVRAG,18,0.0370772153829276
CYP4F3,18,0.016157753792232648
ITPR3,18,0.44932936848206023
SH2D3C,18,0.056837352599039215
NTRK2,18,0.04215213404263957
ITLN1,18,0.024511682527712936
APOC1,18,0.057395567088278115
SH3BP2,18,0.06292951735546609
SPIB,18,0.04614950502978448
ACSL1,18,0.04241046659424226
RBFOX3,18,0.021803357407164776
NCR2,18,0.03581765501353861
CES2,18,0.03570740246451414
SLC11A2,18,0.05277534866732852
RASSF1,18,0.02818356291240581
GCA,18,0.030342041472436885
ACP1,18,0.02952433465082241
DCLK1,18,0.03714740142579959
DDAH2,18,0.04116781030301688
IGFALS,18,0.016916633571315662
FST,18,0.033500203959842365
DDX5,18,0.07472447205440925
STK11,18,0.06956664130977501
AURKA,18,0.07560842041708865
EPHX2,18,0.041988818514793934
PIR,18,0.08291431450670764
PNPLA3,18,0.4530271491683273
TANK,18,0.1884127647352988
NELFE,18,0.59292319126013
MCPH1,18,0.02742295618172819
NCAPG2,18,0.019830198975023795
PLA2G2D,18,0.04071753955642628
MYH9,18,0.08400078983216885
TARDBP,18,0.0938986371782606
SLAMF6,18,0.04564627117121725
CCL26,18,0.067714555968975
ZC3HAV1,18,0.07856058979317036
MT1A,18,0.03078401565377658
IREB2,18,0.37067527867093686
RPE65,18,0.06928410280863385
ETFA,18,0.06874881201673505
MCTS1,18,0.06369567445958381
FCAR,18,0.06078306798409726
MLC1,18,0.04295381128428967
CALCR,18,0.047743131611733006
PCSK1,18,0.08802084644446845
TPX2,18,0.02602075516744455
NQO1,18,0.029088268869146148
LBR,17,0.05925229216671984
PRMT1,17,0.059009692842791873
PPP3CA,17,0.23499730026369858
PRMT5,17,0.05853588285417617
RREB1,17,0.01563498902187074
TIPRL,17,0.04894543061599989
GPR132,17,0.054867291579670026
CNTN2,17,0.06912128981733656
TGFBI,17,0.07993318917384425
SELENOS,17,0.036475820831885206
NR4A2,17,0.03256219084846885
PRB2,17,0.02220839982438647
PRKCE,17,0.03140031267501212
PRKCH,17,0.05116704261961674
KRT14,17,0.01985647554447017
CLTC,17,0.045780846701039504
PRG4,17,0.026004000904360274
CSTB,17,0.024216073749682016
PELI1,17,0.2719029542922031
WFDC2,17,0.03920722127256454
IFI35,17,0.0647595714050868
IFITM2,17,0.04272806995044491
NCF4,17,0.06967568791780324
AOC1,17,0.023112256589222585
EDARADD,17,0.015808850792057544
MVP,17,0.048470246833394084
HEPH,17,0.050528749674007556
EBF1,17,0.06442231084911428
IGF2BP1,17,0.03217342926353672
SLC16A3,17,0.06068408294487377
SP100,17,0.07818503115129513
EPOR,17,0.4735896387188936
IGFBP6,17,0.07567009123308956
DUSP5,17,0.04603479731202284
ERAP1,17,0.07678016592110554
APOBEC1,17,0.013951285302356965
MTNR1A,17,0.06677988336013486
AHI1,17,0.3170832130232156
HDAC5,17,0.10721439897052334
DNLZ,17,0.04789767402609567
DNER,17,0.2774855892002692
AKAP13,17,0.04096175598778979
ZBTB16,17,0.018131219904261066
UGDH,17,0.07507394001174764
ICAM3,17,0.03200715350446086
HNRNPA1,17,0.04227646712331051
RHOV,17,0.0749300414410789
HNRNPD,17,0.08970018617328458
NUPR1,17,0.022315414934825497
RHOB,17,0.036199003892262785
SLC6A2,17,0.25901742720372944
YTHDF3,17,0.11558204200834947
SLCO1B1,17,0.24342736820680375
SLC33A1,17,0.03444931781809602
SMARCA4,17,0.07863029040113217
ALOX15,17,0.04860586691327083
HLA-F,17,0.038778609101358365
HRC,17,0.046746374958371265
HRG,17,0.3224488467940372
NAT2,17,0.3141669235281519
OGT,17,0.028101335157737956
SNAP25,17,0.027005734920965724
SNCB,17,0.06845460576098567
NBEAL2,17,0.05396268549910781
NBN,17,0.02144088702964206
EIF4A2,17,0.0579705670408347
AGR2,17,0.6659726118066394
SQLE,17,0.017458284825423675
MT2A,17,0.01880360834856054
SLAMF8,17,0.05110043813833578
SYP,17,0.016710231021299954
SFRP1,17,0.05494869705679119
GYPA,17,0.37702203775055426
CTSK,17,0.01406094604820246
PTPA,17,0.04433502212548244
FCRL5,17,0.08441385196403621
SESN2,17,0.07757088688678357
CRYL1,17,0.029833473347169973
PDE7A,17,0.37002489600532784
BAG3,17,0.03201455400238097
KIF1B,17,0.05381806543010824
TBX22,17,0.026835637345459247
MIR155,17,0.06639803822439605
FGG,17,0.055740550334242585
KL,17,0.09080047743432453
PDP1,17,0.04633969563650081
BCAP31,17,0.06261787416527495
KLHL1,17,0.08224201926271643
PSMB5,17,0.47640705360685964
PSEN2,17,0.08263064495805172
UGT1A1,17,0.076707792911117
CYBA,17,0.04586088561090034
JAM3,17,0.07782458085539203
CYP2A6,17,0.14879622306242135
DEFA4,17,0.013831119582240228
ARHGAP24,17,0.2901974580354208
P2RY12,17,0.07709622885311009
SRSF1,17,0.04626676977899869
MSN,17,0.04978869988199689
EXOSC10,17,0.029735611781761484
ILK,17,0.04403296262463402
AFM,17,0.03196446160189495
DEFB104B,17,0.020742896978906477
DEFB104A,17,0.020742896978906477
DDIT4,17,0.07619429316909708
SYCE1L,17,0.08224201926271643
STX11,17,0.32012162593828314
ASXL1,17,0.4117018728582882
DCPS,17,0.06217881586323574
DCLRE1C,17,0.06185323154117237
ITFG1,17,0.04893108770585644
ATG3,17,0.04768037271605022
FANCD2,17,0.0782409726845711
ADH5,17,0.04112456694203214
RAB11A,17,0.09773909214521721
PPP1R3A,17,0.32375338996578984
NUSAP1,17,0.02812189209640492
PPHLN1,17,0.0145814439423246
GFER,17,0.07400632048265013
PPIL3,17,0.03156973178389655
CD3D,17,0.07400497920106557
PIM1,17,0.04440298752063935
CBLN1,17,0.12476758171147131
CDA,17,0.014529899513866113
PLEK,17,0.011470771776165165
PPIL4,17,0.03156880672165654
CDK6,17,0.05390851596024288
CDH13,17,0.019674084265663576
GIMAP1-GIMAP5,17,0.062175283275775234
PPIP5K1,17,0.05244487568192014
GFI1,17,0.1262087017246089
LRG1,17,0.0527479176939744
MAFK,17,0.05281994312281526
SDC4,17,0.07369662512106112
CES1,17,0.053118603006084036
GLUD1,17,0.029833473347169973
GNAI2,17,0.26641792512383605
S100A7,17,0.02474027568568956
TNNT1,17,0.028287254907508875
CDKN2D,17,0.03779343820393626
POLE3,17,0.2593874520997348
TRAV29DV5,17,0.034323047260943366
ABL2,17,0.058797413697894645
CCR8,17,0.026410562818984656
CCRL2,17,0.32446292788491704
PLIN2,17,0.052223370748155785
CASP7,17,0.08988549225506723
C1QL1,17,0.018534649891680254
PMCH,17,0.022201493760319675
ABCB4,17,0.052528425882836335
GATA1,17,0.0640385507716092
PPP1R15A,17,0.04679371861530289
CCND2,17,0.0338572779844875
GIT2,17,0.052891358635001565
GABARAPL2,17,0.03951125839544891
LUM,17,0.07015622564600951
POU5F1,17,0.031997254877454806
PPIL1,17,0.01592162982560843
TRAJ60,17,0.034323047260943366
PDCD6IP,16,0.46253112000665986
CRLF2,16,0.2982016782459561
PSTPIP2,16,0.2095212255978998
HDAC4,16,0.3170832130232156
SLC12A2,16,0.33131940988680114
MECP2,16,0.03255992642922261
LINC01194,16,0.03115785665310187
HSPE1,16,0.01924129459227705
RETREG1,16,0.09709394872532455
MZB1,16,0.05716884643282315
VSIR,16,0.05475668176518221
MT1IP,16,0.02904695433641824
FCN3,16,0.0717848298250336
TAPBP,16,0.07807525305712418
S1PR3,16,0.19266743384657373
NME1,16,0.0526260689265568
RPS6KA3,16,0.020500540170644406
UBE2V1,16,0.015620346186157475
PDE6B,16,0.3281144372980577
NR5A2,16,0.04522933473518705
PIWIL4,16,0.0506375398994262
SPTB,16,0.22550692457943794
ARAF,16,0.04050976740795159
PDCD4,16,0.02107882503397184
TSHR,16,0.010895177493490211
ACOT7,16,0.05159791605407628
CSF2RA,16,0.3920214464680147
TARP,16,0.2537701151831965
CD101,16,0.051928067259409925
NR4A3,16,0.04329291283262336
BPIFA2,16,0.048912935848291574
FGF19,16,0.10192532305675456
CETN1,16,0.010744477231395485
BNIP3,16,0.06208993522116409
LY86,16,0.3269862194907578
CCK,16,0.020199338132970025
TRIM29,16,0.1631218655495594
SLC12A3,16,0.030905801658700285
CLEC1B,16,0.04484595763301707
TNFSF8,16,0.22271449333767945
FKBP6,16,0.01739117011225041
NRP2,16,0.2943934823632896
APBB3,16,0.05648404624634819
KLKB1,16,0.08334808292021906
ZNF253,16,0.015610824254019898
KMO,16,0.03581193571863384
PROC,16,0.04336331851507443
RCAN1,16,0.046260512498586086
LYVE1,16,0.04110154636049688
CASP5,16,0.07400497920106557
MGMT,16,0.19253413220275772
MGLL,16,0.03862804679582664
EPHB6,16,0.01519217550422419
GLI1,16,0.04625311200066599
UCP2,16,0.09377358150120023
MGAM,16,0.10535431066818363
RPLP2,16,0.02204484988767742
IER3,16,0.04207183067580578
TUBA1B,16,0.4629011449026652
NCKIPSD,16,0.052653754517318886
PLK4,16,0.027361285365727298
ACTG2,16,0.05159791605407628
MAS1,16,0.03700248960053278
KRT5,16,0.052119707753994854
RTP4,16,0.03774253939254344
FKBP2,16,0.01592162982560843
SP3,16,0.047890240547692656
LAMTOR2,16,0.010774431194604866
SCN1A,16,0.37238008803964967
CLEC3B,16,0.024421643136351638
BMP4,16,0.04752721847336352
GPR84,16,0.07432114491776347
XRCC5,16,0.5036449973405852
CPS1,16,0.04683273441460981
DRD2,16,0.2631802072837894
FGFR2,16,0.1647704809076707
RPS3,16,0.09140599025054826
IGHV3-7,16,0.10548910436462029
FOXP1,16,0.03297661873199482
CPA1,16,0.0614824978818837
TICAM2,16,0.08246525466722363
APOA4,16,0.06667396373365335
BBS9,16,0.04545164203228596
HIVEP2-DT,16,0.030678529364881607
RUBCN,16,0.04555422912406426
C1QB,16,0.025427737048584004
DUSP22,16,0.09394423034003434
EIF2S2,16,0.026628829055142602
IARS1,16,0.02375874590555165
TEP1,16,0.042522027632612265
TERF1,16,0.0538211562363821
LAIR2,16,0.053322437638847774
UBD,16,0.04088035051066863
NGFR,16,0.02645441105431508
RORA,16,0.18677100472156738
VNN1,16,0.07238498603120537
DAXX,16,0.46569046065351355
DCX,16,0.06416864832615479
GOT2,16,0.2730041705522517
PABPC1,16,0.057436203109176354
STUB1,16,0.05384643400546866
MCC,16,0.020488058599766604
SUMO1,16,0.06911872184990324
CUL9,16,0.02869350513288722
IL3RA,16,0.060366878545940715
SIRT6,16,0.08433089067097681
CYP24A1,16,0.314044116396871
NPS,16,0.009774824336140743
FAH,16,0.04289513606941764
SAMD9L,16,0.06301061447850727
LNPK,16,0.027160858701968788
ATP2A2,16,0.07400497920106557
RAB6A,16,0.044972029454099664
ASH1L,16,0.05213095747371062
H1-0,16,0.010607380352152732
ATP6V0A1,16,0.06588374672951776
HPGD,16,0.05169226248871865
PADI2,16,0.09788953153826413
MAP2,16,0.04671862372016619
ALG1,16,0.029211409845753943
HMGA1,16,0.5816398392045344
DHDDS,16,0.011052387794355028
SCAF11,16,0.08843288423961944
ST13,16,0.03188381187245909
MRS2,16,0.0787133278474659
SHMT2,16,0.012395834016178484
TSG101,16,0.5288221079729476
F11,16,0.033585496376489034
CHMP2B,16,0.4646125100466898
PIP,16,0.03802500774561297
GAB1,16,0.0266476032270991
RGS6,16,0.2347618830323796
ARHGEF28,16,0.06628373805205404
IL1RAP,16,0.02454062806452371
LEF1,16,0.048103236480692625
RFC4,16,0.018650828973006572
RHBDF2,16,0.18556748534667195
GLRX,16,0.08475319263698562
ALPL,16,0.04206131160383803
RAB40B,16,0.01191274595750486
DMD,16,0.04760653505853435
ADCK1,16,0.01592423811968387
LPP,16,0.049671176043990156
DBI,16,0.035152365120506145
PRCP,16,0.011082307549648994
F13A1,16,0.022585909997995167
CYP2R1,15,0.030712066368442214
NLRC3,15,0.08246134884887689
MANF,15,0.05218152499873034
TRPM2,15,0.07209563341984937
DUT,15,0.027987889295646724
ADH1B,15,0.023681593344340987
PAH,15,0.046483893223793295
SIL1,15,0.028579273668717983
RAD50,15,0.2727386488517495
MIDN,15,0.0318423918731126
SPAG11B,15,0.04609612214706248
ATP1A1,15,0.07465252276907489
SPAG11A,15,0.046057153779091226
BCL11A,15,0.094990147070738
FABP3,15,0.10109193765129526
ERAP2,15,0.07805469611845721
TECR,15,0.01810345682314791
VAPA,15,0.3047926206107195
PTPRA,15,0.046176479763379644
ACTR2,15,0.07315186624638663
COPA,15,0.04665273888835174
GBP4,15,0.5285291715969435
ITGAD,15,0.048602770090299806
KRT10,15,0.0382605742469509
H3P13,15,0.03769968869736558
SULF1,15,0.06042506551767004
GBP3,15,0.4629011449026652
GRIN2A,15,0.5990290730796263
ADORA2B,15,0.3299645617780844
DAPK1,15,0.16765874200422415
RPP14,15,0.010771373137613088
CARMIL2,15,0.0426638705094143
MFN1,15,0.05126432488862085
ATF2,15,0.030438247945398275
METTL8,15,0.04892980734289448
TP53BP1,15,0.040192104204098716
MRAP,15,0.017619070979959676
DAO,15,0.027338355924662182
DEFA5,15,0.017341871035520547
PARP14,15,0.28054899065975164
GNA12,15,0.07259168966771189
DYNC1H1,15,0.47181156191139423
TRPV6,15,0.08112549161652809
SP110,15,0.03961627576207516
CARD8,15,0.07922722218015657
ITGB7,15,0.0882509376972707
WARS1,15,0.09089959307467713
SCTR,15,0.025529133065911615
POR,15,0.030424697838463126
MARCHF8,15,0.04524228811311834
FLI1,15,0.05134835481865935
DAG1,15,0.05038114992363964
TTN,15,0.01961913112497582
RC3H1,15,0.058058756307715974
ERBB4,15,0.25225756939681304
KIR2DL1,15,0.04492728289898206
INHBA,15,0.17728520931541508
CTSA,15,0.033827675992807074
HCRT,15,0.023316405794037594
SF3B6,15,0.010771373137613088
IL36A,15,0.0338572779844875
DNALI1,15,0.02705143455106608
FBXO7,15,0.042797079471976224
MSH3,15,0.04461166605594764
GART,15,0.04688090832167421
MSH2,15,0.042682371754214576
GTF2H4,15,0.5942593922734827
AGRN,15,0.03471360786021167
HAX1,15,0.04282464778668697
USP15,15,0.07644442939280985
CRYAB,15,0.03513642090715843
SPRR2A,15,0.01073072198415451
CDKN1C,15,0.032453519175585734
TADA1,15,0.03851191788404508
RNF34,15,0.27011304227937527
NEURL1,15,0.0651856321678265
HCP5,15,0.01677446195224153
MITF,15,0.09441263070868651
RYR2,15,0.30454388203709987
MT-RNR2,15,0.07667750016194266
AXIN1,15,0.04273787548861536
CD300LF,15,0.08909782153237755
DNAH5,15,0.018110662965594104
IL17B,15,0.21981882169309125
TAS1R1,15,0.05014147318963638
CBX5,15,0.03217336672946116
DLL4,15,0.07551344736044728
CDK5,15,0.08102024009055325
ANO1,15,0.24132312105918216
MT-ND1,15,0.3141966920305621
RPL22,15,0.08325560160119877
GEMIN4,15,0.038019621297519235
CRTAP,15,0.06281419487914174
FGA,15,0.014116074510434293
DSG1,15,0.27775067067892983
ADAMDEC1,15,0.0406361340793051
SPHK2,15,0.0749300414410789
ZFP36L1,15,0.07954557799595639
CADM1,15,0.0499567402697185
ERCC8,15,0.057825559451265385
PNLIP,15,0.24911704089424244
NTM,15,0.2736656942955702
CACUL1,15,0.030050746723967455
FGL1,15,0.03288041225903343
ING1,15,0.015320839099236414
PKLR,15,0.0555814396289603
UMPS,15,0.06178531048271979
FGR,15,0.07427750252689867
GALT,15,0.045332922085709514
PIGG,15,0.044971700700511055
CPB2,15,0.013131393090395972
SFTPB,15,0.0369789110353552
MMP14,15,0.1035966924121583
UPF1,15,0.059609456390177486
NDUFA13,15,0.3052705392043955
GZMH,15,0.014800995840213115
ADGRE1,15,0.026533580773635122
RB1CC1,15,0.07170778303781183
PSPH,15,0.048931848943730684
NT5C,15,0.011100746880159837
PDGFB,15,0.06574415451892542
S1PR2,15,0.033487491480600005
ADGRE2,15,0.056983833984820494
CDKN2C,15,0.07363495430506024
ERMAP,15,0.03642106484432823
DHODH,15,0.03700248960053278
RPL3,15,0.08325560160119877
ARPC1B,15,0.048967244612865064
AHNAK,15,0.038830412586799104
RNF5,15,0.038259896633607175
BUB1B,15,0.040458522129222546
DCD,15,0.02953271479711857
NUP98,15,0.5415725491811313
NANOG,15,0.022201493760319675
SAA3P,15,0.022072066924469176
RGN,15,0.015418898074560667
LGMN,15,0.05721879979378387
HNRNPK,15,0.37306648211987914
RFX5,15,0.04258986553021324
RHOH,15,0.2934939609299614
RIDA,15,0.04925778192788521
SLC5A1,15,0.017576182560253076
LRRC32,15,0.34635366472443896
SECTM1,15,0.017704550795110914
EIF4G2,15,0.03818855639982941
GAD2,15,0.027987889295646724
GABBR1,15,0.02050554632029525
TMEFF1,15,0.05026589388961035
TUBB6,15,0.46253112000665986
RPS6KB2,15,0.049583336064713934
NRF1,15,0.08271470180836533
MYL4,15,0.08963894535738196
SLC7A2,15,0.0380023595996387
BMP7,15,0.03774253939254344
TIAM1,15,0.1673514689232108
TNFRSF12A,15,0.029231966784420905
NR1H2,15,0.026062312339006553
HLA-DMB,15,0.025438343598303256
SLC25A6,15,0.37002489600532784
ACO1,15,0.026106381310783768
CHEK1,15,0.041422231413929755
REEP5,15,0.05064179267858717
EIF2S3,15,0.026480819096740472
PGLYRP2,15,0.046623136896671316
TRIM33,15,0.047538945600886166
HLA-DOA,15,0.00980565974414119
HOPX,15,0.03188381187245909
CAV2,15,0.02415066596100396
SLC25A4,15,0.3709499582453412
CHGA,15,0.025297108848432573
CLCA1,15,0.03978507681849285
LGR5,15,0.055093301508224585
RGCC,15,0.33374629343865864
LAMTOR1,15,0.05292518921655311
PLA2R1,15,0.023833303551703166
LCP1,15,0.052195711830511554
HMGB2,15,0.0570090036488067
BMP1,15,0.012069330688197892
CAST,15,0.05066756104719803
UBE2C,15,0.0160755260375648
RFC1,15,0.015246349330552043
AMH,15,0.02538996227884082
RFC2,15,0.015246349330552043
CBLB,15,0.2734778280808077
PHB1,15,0.07545658167059183
PLA2G15,15,0.045327876447278564
C16orf82,15,0.2525102779068798
POU2F3,15,0.03036171418360473
PHEX,15,0.05328358502476721
N4BP1,15,0.04768140809924656
SDF4,15,0.05789066790718977
HMGCL,15,0.010361632672331948
GPC3,15,0.031289305206210524
POU2F2,15,0.053175455527378984
ATP7A,14,0.08696518502980825
APOD,14,0.026981524586098527
HDGFL2,14,0.08288218299118409
HDC,14,0.016542812590290782
CLEC2D,14,0.020702889738018013
HJV,14,0.03200715350446086
HTT,14,0.03410772406100767
BMP6,14,0.07908857002823128
HDAC8,14,0.10665936162651535
TAB2,14,0.02573214797637051
CPB1,14,0.021662567326142572
DHX9,14,0.07922810222483301
LPIN1,14,0.08180662778004244
FGF1,14,0.3104823335268475
CLEC11A,14,0.016990309808244636
PLD1,14,0.30385362036494407
SLC35A1,14,0.0471781742406793
IGHV4-34,14,0.10548910436462029
IGHV3-64,14,0.10548910436462029
TRIM31,14,0.04340350916265163
BATF2,14,0.09442071016797274
TYRO3,14,0.01599483643906696
CLEC9A,14,0.015533932448051395
ILF3,14,0.06438433190492705
ST8SIA2,14,0.031848571802799354
CHPT1,14,0.04985016689160055
YOD1,14,0.05845100639711999
ERCC2,14,0.594213139161482
RBBP8,14,0.019981344384287707
DHCR7,14,0.05032338585672459
NF2,14,0.027520816607902704
ADGRE5,14,0.056983833984820494
NXT1,14,0.02091447698571727
IGHV6-1,14,0.10548910436462029
CHRDL1,14,0.011100746880159837
PDK1,14,0.08313050004352948
CASZ1,14,0.0471781742406793
TMED5,14,0.016446583666287214
CPZ,14,0.07606750631925041
PLCG1,14,0.054574758301459726
DHRS2,14,0.031803023103497925
MCM2,14,0.04042008065391533
KIR2DS4,14,0.02439799007100381
CLIC4,14,0.05226231631179251
TCF7L2,14,0.4043074531229489
RELN,14,0.026988401578188825
EFEMP1,14,0.38005671588298046
MLIP,14,0.03698193266186583
SLC29A1,14,0.05587375929680451
ZFYVE9,14,0.04147485517067896
FEN1,14,0.3704024276408275
MT3,14,0.02062443405985884
ARF6,14,0.09333652470496454
SMO,14,0.055886825946783646
ADCY10,14,0.013860515896199571
CSNK1A1,14,0.024537412350834443
CSK,14,0.023013492837664695
TMPRSS6,14,0.04577948013377917
HLA-DQB2,14,0.06546660538908983
SKP2,14,0.10525110947460278
XRCC1,14,0.04938804514737778
LEAP2,14,0.06728286025696878
SET,14,0.03130519596327351
SNAI2,14,0.0169113762443347
SLC2A2,14,0.06637074888831564
PIP4K2C,14,0.04697096029891632
SCGN,14,0.05532433958931093
LDHB,14,0.043435123682893484
CIRBP,14,0.09174539986241728
VPS45,14,0.7450573993405236
ENAH,14,0.020428457800294144
PHYH,14,0.2726699460138023
AURKB,14,0.03263850221564387
KCNQ1,14,0.2587582300530918
VPS4A,14,0.46584935922396825
PITX1,14,0.20113394086589884
UBE2B,14,0.21158671736577087
SRPRA,14,0.02905605117423556
BRAP,14,0.03256416731005309
PTN,14,0.03881561159095889
HSH2D,14,0.05552455789090893
TAGLN2,14,0.034175499395052086
FSTL1,14,0.07737631714244744
LECT2,14,0.03564819848115328
GTF3A,14,0.02586730935215982
LRRFIP1,14,0.05178292850207894
IGKV3-7,14,0.1054968619049711
HDAC11,14,0.2803621610395059
SSTR1,14,0.07400497920106557
EXO1,14,0.0479582607716029
IMPDH1,14,0.6013395707531605
PLP2,14,0.018563334677868026
HDAC3,14,0.3807466156844497
ABCC4,14,0.01592278798326927
CTTN,14,0.09262747330409493
OAT,14,0.007652114849390182
PTS,14,0.01406094604820246
PLXNA3,14,0.004440298752063934
TPP2,14,0.3333924313008005
HR,14,0.03993863715033506
XIST,14,0.05879918266103647
HBA1,14,0.46253112000665986
SLC26A3,14,0.015975330975779505
AGXT,14,0.030015173561751367
BNIP3L,14,0.055043451958165054
OTUD7B,14,0.04438818652479913
B4GALT1,14,0.08971401806696207
EMB,14,0.044179305564372266
POLA1,14,0.25901742720372944
DNM1,14,0.038217912843222186
PDE4D,14,0.37002489600532784
ZC3H12C,14,0.2908743321996685
TRAM1,14,0.031949924780752724
NR0B1,14,0.020536381728295697
GNL3,14,0.024337560301448773
GLA,14,0.01446977870410627
CTRL,14,0.01501945546893323
LAX1,14,0.04663793789251153
DNTT,14,0.06559989381838922
TRIM5,14,0.06290286855868195
MSX2,14,0.13209089039281874
AADAT,14,0.024976680480359635
CEACAM6,14,0.021894052156674428
CDK2AP2,14,0.010785239179732987
MIB1,14,0.09508564609749566
H4C14,14,0.5045700595805985
CNBP,14,0.026517448328991652
TUBB2A,14,0.46253112000665986
GMDS,14,0.04225684312380845
BLK,14,0.0743750040970709
RTN4,14,0.049645006880714826
ITPKB,14,0.056291887429290526
PMP2,14,0.007361255629553943
EHMT2,14,0.07736252036485855
OTC,14,0.028657468982747843
ITPR1,14,0.25991520186502093
FOXA2,14,0.2879028347689388
H4C16,14,0.5045700595805985
KRT12,14,0.01847821338475196
RAB1A,14,0.06374592729393413
H4C2,14,0.5045700595805985
FOSL1,14,0.04410244507732834
PAPSS2,14,0.06852655504632002
IGHA2,14,0.06034736028950892
DCTN3,14,0.037054554276709215
ICAM2,14,0.026641792512383605
RPLP0,14,0.08325560160119877
CDC25C,14,0.01443097094420779
LILRB3,14,0.07980203590514905
CFDP1,14,0.038019621297519235
WNT1,14,0.0366119077658605
TRIM38,14,0.03915603449528379
PC,14,0.02330659273545464
FANCB,14,0.015487105072509706
LYPD4,14,0.0159110705282291
GP2,14,0.03319891428283007
NONO,14,0.02556663062062361
TUBB1,14,0.46253112000665986
PROK2,14,0.033219037903997835
PAX6,14,0.033302240640479513
SLC5A7,14,0.0271968298563916
SOS1,14,0.02862625952799603
ADK,14,0.021437116455064797
TP73,14,0.025962300831797434
CCNH,14,0.5935655955934727
MCAM,14,0.031143663951596158
OPRD1,14,0.3460239266123933
ITGB4,14,0.09332850154801046
RHOF,14,0.030479517901420766
IRF6,14,0.0357603691578209
HERC5,14,0.03934012998432454
RBPJ,14,0.2527245883094212
H3P8,14,0.010771373137613088
CHAT,14,0.4255286304061271
MUSK,14,0.0386470446938898
ACTN4,14,0.05405436452668663
SIGLEC14,14,0.04216063665084706
ECM1,14,0.03992568627897487
E2F2,14,0.045328049760652654
PAPPA,14,0.035522390016511474
SARM1,14,0.06452973384757478
EPHB1,14,0.03436051184305474
IGHV2-26,14,0.10548910436462029
PRC1,14,0.041779359311884916
EEF2,14,0.07400497920106557
CD84,14,0.042619467521893675
ROCK2,14,0.017519328290919102
H4C9,14,0.5045700595805985
PSMB7,14,0.47640705360685964
GIT1,14,0.08112549161652809
SEMA7A,14,0.013978718293534607
FHL5,14,0.05159791605407628
IGHV3-30,14,0.10548910436462029
SULF2,14,0.3074434133421229
SLC6A4,14,0.2594799583237361
MAP2K4,14,0.37002489600532784
EEF1E1,14,0.2810365209106704
SGTA,14,0.051947659264322016
NDUFB3,14,0.31224961988182937
GAA,14,0.10535431066818363
HABP2,14,0.21003464865653526
TRIB1,14,0.19951886044316516
FAAH,14,0.3237717840046619
IGHV3-20,14,0.10548910436462029
IGHV3-21,14,0.10548910436462029
DTX1,14,0.044802614408325094
HOXB2,14,0.021844844969699545
TP53BP2,14,0.03829757673655144
TNFRSF10C,14,0.03570740246451414
SGK1,14,0.07565414701974184
SLC38A7,14,0.021374609261681762
IFIT5,14,0.02515100508378142
HOTAIR,14,0.06179415763288975
HNRNPC,14,0.09067162144756513
PPARD,14,0.343446077701111
H4C4,14,0.5045700595805985
TNFRSF10D,14,0.056677892239229685
CYP2C8,14,0.029400166433563357
RANBP2,14,0.5443843786443451
H4C5,14,0.5045700595805985
FNDC5,14,0.10359699161103991
H4C6,14,0.5045700595805985
H4C8,14,0.5045700595805985
NMT1,14,0.3739564105253844
MPG,14,0.07952666312582427
ADORA3,14,0.0779222548946251
IGHV3-35,14,0.10548910436462029
ZNF197,14,0.05241847212901989
H3P9,13,0.008510572608122541
ITCH,13,0.031000685787326367
ADCYAP1,13,0.056983833984820494
NPY1R,13,0.046815549842594076
GAB2,13,0.3251079763919797
H3P24,13,0.016446583666287214
ATF7IP,13,0.035717304750258055
SLC2A4,13,0.032916798040473955
MBOAT7,13,0.08450694171892176
SALL1,13,0.04569807465665798
NMRK1,13,0.04240526422098391
SETDB2,13,0.061536772174898564
LOXL2,13,0.0159110705282291
HNRNPDL,13,0.04821025027724864
PPID,13,0.03700248960053278
ATAD1,13,0.10181923340088715
USF1,13,0.038007174309490535
LMAN2,13,0.060725675318750595
GOSR1,13,0.016446583666287214
CHAF1A,13,0.043477925280626016
ITGA5,13,0.012950871360186477
ITGA6,13,0.041368783373395654
DMRT1,13,0.04247940501586843
ADCY3,13,0.3115059816397583
H3P12,13,0.05241847212901989
SHC1,13,0.08051369856602968
ARHGEF12,13,0.01861803840071282
ARHGAP45,13,0.039518658893369016
LPAR1,13,0.2888723594149527
FTL,13,0.04427717905599754
H3P42,13,0.021191827653062753
PPIF,13,0.03846921458853975
SRPX,13,0.0473588344562341
ADGRG3,13,0.050286383367124064
GUCY2C,13,0.053823821372934996
ALOX12,13,0.059683790554129354
LGALS4,13,0.08416245982362848
GATA6,13,0.018811452877350348
SIRT5,13,0.04899364594513229
MS4A4A,13,0.04041381078762191
SCAP,13,0.037190058608247985
LGALS8,13,0.02744921702968586
DHTKD1,13,0.09629257596386057
MRPL28,13,0.008510572608122541
MS4A2,13,0.051796084942825796
TMED10,13,0.043626034125734015
PRDM9,13,0.02136647091166765
HOXA10,13,0.019097143875317513
NKRF,13,0.00943563484813586
FADS2,13,0.03373262524177852
PCK1,13,0.026004318650841015
FABP5,13,0.040027338592644006
CYP1B1,13,0.18921636809302214
SLC7A4,13,0.10548910436462029
HAS1,13,0.15117611725550886
PAFAH1B1,13,0.027381842304394263
JMJD6,13,0.07567009123308956
PIK3IP1,13,0.03390832110667099
HAP1,13,0.04213103876672754
PXN,13,0.051361150679787186
PMPCB,13,0.021191827653062753
GNAQ,13,0.07791223653349519
MAN2A1,13,0.039252240968245186
SLC8A1,13,0.013646841430366964
MAP2K6,13,0.37002489600532784
CDCA7L,13,0.33951229530018046
HPR,13,0.021461443968309016
GUCY2D,13,0.021461443968309016
TXNDC12,13,0.2632743194794149
ARHGEF6,13,0.042197639140447586
DDR1,13,0.029149389805269137
H4C1,13,0.5045700595805985
HNRNPU,13,0.0759332874057962
PRDX6,13,0.04773361596385631
ATRAID,13,0.05241847212901989
CTSE,13,0.043440922791025495
SIGLEC10,13,0.052556691673503415
H4C11,13,0.5045700595805985
GP5,13,0.03201006415528798
H4C12,13,0.5045700595805985
H4C13,13,0.5045700595805985
GP6,13,0.02499596127988004
STAP1,13,0.033302240640479513
SIGLEC5,13,0.04216063665084706
H4C15,13,0.5045700595805985
NUCB1,13,0.0249931898150215
TACSTD2,13,0.08274837776585735
NDUFB6,13,0.30649917603617316
SCARF1,13,0.036691668687888306
PLD4,13,0.05905371213919696
NEDD8,13,0.015627838615423564
SIGLEC9,13,0.07233986716904159
DDX6,13,0.03801941256173949
LY75,13,0.042182838144607375
CD96,13,0.0413400036592619
H4C3,13,0.5045700595805985
DEF6,13,0.046179107021464924
DHX40,13,0.021091419072303694
CTSW,13,0.014475373931728427
KDM1A,13,0.07326492940905492
PTPN13,13,0.04597812751907158
IGHV3-33,13,0.10548910436462029
ERBB3,13,0.032099469650649824
NINJ1,13,0.04495802486464733
IGHV3-16,13,0.10548910436462029
IGHV3-15,13,0.10548910436462029
ULBP1,13,0.04710796224796159
ENSG00000290929,13,0.012929098420946595
IGHV3-11,13,0.10548910436462029
IGHV2-70,13,0.10548910436462029
IGHV2-5,13,0.10548910436462029
DUSP10,13,0.04110976594619192
IGHV1-58,13,0.10548910436462029
IGHV1-45,13,0.10548910436462029
PDSS1,13,0.01878153838987534
FOXN1,13,0.05053553346376765
KLHDC8B,13,0.011100746880159837
MEN1,13,0.02681145857637734
IGHV1-24,13,0.10548910436462029
BCKDHB,13,0.0208697779192898
MTR,13,0.04016046255583008
DUSP2,13,0.039614865366330396
WNT3A,13,0.057394972758159746
PSMA2,13,0.47640705360685964
WNT2,13,0.011635227285500864
TCP1,13,0.02242586015998875
TCOF1,13,0.015089723884695332
IGHV5-51,13,0.10548910436462029
FHL1,13,0.018673285516849488
IGHV4-59,13,0.10548910436462029
UNC13D,13,0.05184788842826654
IGHV4-4,13,0.10548910436462029
IGHV4-39,13,0.10548910436462029
IGHV4-28,13,0.10548910436462029
IGHV3-74,13,0.10548910436462029
IGHV3-73,13,0.10548910436462029
APOBEC3C,13,0.05385712361357547
IGHV3-72,13,0.10548910436462029
IGHV3-66,13,0.10548910436462029
WTAP,13,0.07601142661377364
C4BPB,13,0.04180751647267624
SCN5A,13,0.38046709388660654
IGHV3-53,13,0.10548910436462029
IGHV3-49,13,0.10548910436462029
IGHV3-48,13,0.10548910436462029
TRIM32,13,0.0792215429610549
NCOA6,13,0.0795161018822172
IGHV3-43,13,0.10548910436462029
PDLIM2,13,0.0481914412391482
IGHV3-38,13,0.10548910436462029
COXFA4,13,0.3166103665281531
TUBB3,13,0.4638702503837725
MID1,13,0.04664059770865741
NCOA4,13,0.02720239958605473
RNF128,13,0.0546864578771703
TPSAB1,13,0.07400497920106557
KRCC1,13,0.01815810955918598
COG6,13,0.05072301274441035
TUBA1A,13,0.46253112000665986
WDR1,13,0.15295833200266967
PER2,13,0.07545177654444642
MVK,13,0.012924092864084621
GRIN2B,13,0.599364408141631
CCND3,13,0.06703783855391046
FOSL2,13,0.018401338078344955
ANXA6,13,0.059843776680486606
PLK3,13,0.05704695022971314
KRT15,13,0.032964715063791034
KRT16,13,0.011100746880159837
RTN1,13,0.021280739065342728
ACTBL2,13,0.05159791605407628
FOLR3,13,0.0372647704312942
FOLR2,13,0.05586245298053767
MFGE8,13,0.04226794387068861
PLA1A,13,0.0372467060318963
ANOS1,13,0.04514303731265
FOLR1,13,0.056237617111209746
SLC1A3,13,0.042306179776609165
AK6,13,0.019233182828544998
RTN3,13,0.08325114731592402
FLVCR1,13,0.037934952338466214
POTEM,13,0.05159791605407628
SNRPN,13,0.11607324267678737
APEH,13,0.01715476531758034
SP140,13,0.07196244177511615
RECK,13,0.057633433246696515
CLYBL,13,0.03358650838327709
BLM,13,0.02755572267157592
IGF2R,13,0.02591494378878606
GOLGA6A,13,0.0231013261069587
CCL23,13,0.02415584191938781
LRPAP1,13,0.0471781742406793
GPX3,13,0.04140244060592941
KMT2B,13,0.07400497920106557
NFKBID,13,0.07890635575350964
MUC13,13,0.08457111634068772
KMT2D,13,0.0950461958084563
ACSS2,13,0.04672796469799201
KMT2E,13,0.043941689816952706
FLOT1,13,0.04398115913919328
RCBTB1,13,0.0231013261069587
WASL,13,0.06675520050651411
PRX,13,0.05345995574102149
TFF1,13,0.06317314261475802
CASD1,13,0.025976364407734032
IGHV4-61,13,0.10548910436462029
APOA2,13,0.04754129997635038
FGF9,13,0.0824538809931872
MAG,13,0.037225975684834864
ERLIN1,13,0.07305936002238529
TPPP2,13,0.05241847212901989
PLVAP,13,0.027949830519762436
PGD,13,0.04301721955945299
CRIP1,13,0.03518320052850659
SPNS2,13,0.047795704678234865
BMS1,13,0.05241954818599776
SCN10A,13,0.37415206118914723
SPPL2A,13,0.07219603438057659
CLDN3,13,0.03535957906226913
SASH3,13,0.04945012710215201
TRIM56,13,0.06882463065699099
IGKV2D-30,13,0.015246349330552043
PLTP,13,0.05041771576521197
TAX1BP1,13,0.09737095646221358
PTBP2,13,0.028766757367881625
ZC3H12D,13,0.04666425077400523
CSH2,13,0.0154827009925571
GNB3,13,0.009034774544130089
PTCH1,13,0.1673514689232108
AQP9,13,0.055907251391504036
GABRG2,13,0.37002489600532784
KIFAP3,13,0.03491057680746256
DOCK10,13,0.2513568569825506
RASEF,13,0.3027518086144285
AGRP,13,0.03700248960053278
UPP1,13,0.05279428092594936
RXRA,13,0.26882308694787066
AQP5,13,0.058830892917429586
CREB5,13,0.30750353582409545
TMSB4X,13,0.05707790270313452
PGM3,13,0.05451761805294499
SATB1,13,0.037254106529816415
SERPINB9,13,0.29633515622441303
DPT,13,0.2149515913880132
MTNR1B,13,0.06767823841932352
NPHS1,13,0.02746235307128982
NCOR1,13,0.37108357834667643
SELENOP,13,0.017963934488988274
MAD2L1,13,0.21888308561728356
MAT1A,13,0.09625485873361957
PSMD14,13,0.47640705360685964
UNG,13,0.06080883466097301
TRAF5,13,0.03851219117623452
HTR5A,13,0.01850124480026639
CAPN1,13,0.02467860486968867
BANF1,13,0.5841786211299043
CD248,13,0.0482768144324415
CSRP1,13,0.03518320052850659
DRAM1,13,0.09620676613343954
HDGF,13,0.023901552588077482
TRIM39,12,0.02425709017881958
PITX2,12,0.021534499830542925
XRN1,12,0.0467638253280683
LPCAT1,12,0.03107112888451314
RNASE4,12,0.06347019375166577
EMP1,12,0.03256219084846885
CCNB2,12,0.009800520509474449
DDX17,12,0.0756289773557556
EPHX1,12,0.03154092213549414
DLX3,12,0.017075209964939192
NDRG1,12,0.06157491069048745
ORMDL3,12,0.08538742306534124
WNK3,12,0.028855386538954093
LY9,12,0.047363186688681974
ADRB3,12,0.5854522628848761
ORM2,12,0.01880199281296406
TRIM14,12,0.03552288332437602
RBX1,12,0.5308403275251827
MT-ND3,12,0.3052705392043955
RNASET2,12,0.015430654871582182
ID2,12,0.03239468041754068
ASNS,12,0.02646124747797538
CAMKK2,12,0.026567376394409203
SPTBN1,12,0.041722979426627414
MUC7,12,0.01095985772784117
S100A11,12,0.08762746399635259
CAPN2,12,0.028602513322438503
AOAH,12,0.010571884206028444
ANKS1B,12,0.17645842593988054
ARG2,12,0.060608692749385365
GFUS,12,0.052881706546310574
MYBL1,12,0.0443585845331187
USP9X,12,0.02648514863974135
SLC19A2,12,0.03899594593405818
SRF,12,0.056339298660191606
RARB,12,0.268638074499868
EPHA3,12,0.030993285289406265
SMURF1,12,0.051569534892835056
MTDH,12,0.06095139986189725
SLC50A1,12,0.02244362844328884
IFNK,12,0.03843078569911335
SRSF3,12,0.08661666107324717
CDC25B,12,0.02107086213363673
DDC,12,0.009128090459797284
MTA2,12,0.03217736495662331
ANTXR2,12,0.5632967819336648
GGTA1,12,0.05568874684880184
ARHGAP15,12,0.2431069320516228
XRCC6P5,12,0.008538941183482949
CDC20,12,0.03131523972923694
E2F4,12,0.031185698235329035
MYLK3,12,0.025005205184609632
ENPP3,12,0.04227904461756877
ELF3,12,0.031082091264447543
PACC1,12,0.020716254941631623
REXO1L1P,12,0.017010389723879464
ARPP21,12,0.377384883713696
RNPS1,12,0.043688232435671534
HDAC7,12,0.10665936162651535
SMARCA1,12,0.03108209126444754
HTATIP2,12,0.03381616410715357
HSPB6,12,0.027391654921370648
ELK4,12,0.03857139515959537
HUWE1,12,0.015907642307846546
ELMO1,12,0.37002489600532784
HIVEP1,12,0.1888280421428785
YTHDC2,12,0.05087842320073258
TREH,12,0.2496360439191065
SLC9A3,12,0.02925910194346129
EIF4A1,12,0.05254353523275655
SLC12A9,12,0.04111559052308722
TRIM26,12,0.07400497920106557
PIK3R2,12,0.282333624689237
RGS2,12,0.032246770238572205
AGFG2,12,0.031964382486152756
RGPD2,12,0.08973699006478843
GHSR,12,0.23089677496258743
SART3,12,0.05939490376343253
AGAP3,12,0.008724946900955457
XAF1,12,0.05226978077125478
STAB1,12,0.06700208498830351
ST8SIA4,12,0.02209006882622511
SLFN12,12,0.05058240328392832
SLIT2,12,0.2734778280808077
SPECC1,12,0.06304081320370987
XCR1,12,0.08763076080753959
DIO2,12,0.20246865555465018
LPCAT3,12,0.03080599852052941
STK38,12,0.05893818214388863
AAK1,12,0.04512623988992521
AMPH,12,0.021618239811399778
DLC1,12,0.0570589924634624
SIGMAR1,12,0.03700248960053278
TPSB2,12,0.07400497920106557
TRIP10,12,0.04531324876481245
LRP5,12,0.03850314612322106
DPEP1,12,0.5781991461418183
IGF2BP3,12,0.020623748717630286
MTHFD2,12,0.02051418023453538
MYLK2,12,0.01850124480026639
RIPK4,12,0.07166148819303182
PARK7,12,0.04606721605046682
MYL9,12,0.0334452112355099
HBG2,12,0.08176411142594725
NDRG2,12,0.02886194188841558
APOM,12,0.10021088196505427
EPX,12,0.007400497920106558
DUSP6,12,0.0238008900478002
TRPV2,12,0.07701614699112146
NUMB,12,0.2290460788117124
MTSS1,12,0.03700248960053278
CCDC6,12,0.018791644766082007
DUSP3,12,0.02441683847634994
IGHG1,12,0.07125690762851551
EIF3A,12,0.07499171225707979
AIFM1,12,0.012771732483808872
OTOR,12,0.01865887479997781
SLC6A3,12,0.024421643136351638
RASSF5,12,0.05790149572691371
SND1,12,0.0837335289052536
PKN1,12,0.048882138886783846
TRIB3,12,0.058248706650001036
STXBP3,12,0.049177178951463806
KIF4A,12,0.01763785337625396
CRYGC,12,0.01258972560571535
KDM5B,12,0.051803485440745894
KDM6A,12,0.043066857328180684
PTGDR2,12,0.039267041964085404
CRTAM,12,0.04673414436547291
BACE1,12,0.09597884245163459
FGB,12,0.013240107487230642
BACH1,12,0.3046859395963022
PSPN,12,0.04926590285172688
NLRP2,12,0.021276431520306355
CRHR1,12,0.02151642048855045
TNP1,12,0.161558195803817
NSUN2,12,0.07400497920106557
CDX2,12,0.04608604375702362
TESC,12,0.030897078816444875
CPT2,12,0.049928583421137485
FGFBP2,12,0.04411847441610585
CPSF4,12,0.05266068835756989
C5AR2,12,0.04115416893371257
TCF4,12,0.2653668068151269
PDK4,12,0.03913269154700542
SCN9A,12,0.3732471445243829
BCAR3,12,0.05017996475578363
ACVRL1,12,0.011873071065877625
NSMAF,12,0.031125889720632495
PSMA7,12,0.47657150911619534
BCL11B,12,0.048538760995018804
COP1,12,0.00976598485251395
PTGER3,12,0.07400497920106557
POLB,12,0.0656794190409457
FES,12,0.04774986270500754
CSNK1A1L,12,0.023861999768009606
KAT2B,12,0.01514741789781517
MMP19,12,0.041487191340117364
H1-5,12,0.03579210920994453
PCK2,12,0.031652682418237786
ATP8B1,12,0.11412340942610429
PNN,12,0.04736059700427207
TAF1,12,0.5790803178824621
CTSZ,12,0.023938555077678017
MLH1,12,0.0431634041190215
KCNH2,12,0.07315186624638663
SF3B1,12,0.10373195913528853
CDHR3,12,0.40837978084768367
LMNB1,12,0.024990059906240255
NEFH,12,0.040450424900390004
CTPS1,12,0.01118195646037682
ATRX,12,0.06330716148655031
PNPLA2,12,0.03156721188377464
KCNJ11,12,0.055227517250404194
KCNJ2,12,0.20291580272981988
NEK2,12,0.010175684640146518
SETDB1,12,0.02201648131231701
RPL13A,12,0.08325560160119877
SLC44A4,12,0.05571820973028643
FCRL4,12,0.020369258696132216
RYR1,12,0.029685376006699356
TAS2R38,12,0.022501715263669838
TAS2R62P,12,0.02302377130699818
COMT,12,0.022348651275259732
TET1,12,0.03105248927276712
MMRN1,12,0.037337277098025534
RRM1,12,0.34820173021807993
RPS6KA5,12,0.018540701536626143
PRKCQ,12,0.17288129264892785
UBE2S,12,0.007400497920106558
UBE2L6,12,0.027011817408388934
ACOX1,12,0.0578115208797742
TLN1,12,0.029962398166625336
MBD3,12,0.009232183069622353
C11orf96,12,0.3251079763919797
BRIP1,12,0.007400497920106558
RRAS,12,0.019279453760235963
UBA1,12,0.10035513597423275
MCM7,12,0.0198466964360191
LGALS13,12,0.04284888295741696
LGI1,12,0.011840796672170494
PDYN,12,0.01994449764513131
CHRM1,12,0.07400497920106557
BST1,12,0.043662937728628684
TWSG1,12,0.02335268232566958
ZNF44,12,0.020721394176298362
TXK,12,0.029316817259881223
LILRA5,12,0.06030727425910833
GPAT3,12,0.1219173777490129
ACCS,12,0.03869106402768345
TMEM127,12,0.042427054575970895
PRB1,12,0.024011497925803343
ZNF501,12,0.020721394176298362
PPRC1,12,0.04292288793661803
PPP2CA,12,0.02888246315869247
SELENBP1,12,0.07491729613910537
PGK1,12,0.37002489600532784
GPR65,12,0.05090906449354422
ACR,12,0.05484303219427522
TFDP1,12,0.0189074393478329
FLOT2,12,0.022736365468185495
BDKRB2,12,0.07135512286112532
SEPTIN9,12,0.03575636494786401
MARCKS,12,0.045572919249309896
FLVCR2,12,0.01630144679351472
GRK2,12,0.05595098074756404
CENPK,12,0.015302566264865777
TGFBR3,12,0.16065276357622293
GRIN1,12,0.6094259102686628
C1R,12,0.018534161714879815
MAS1L,12,0.016162138107122262
BIN1,12,0.027975615993329938
PRPH2,12,0.035366706514881004
PEX7,12,0.03605966834990898
THRB,12,0.35048050432202354
FOXC1,12,0.2385625899109171
METRNL,12,0.037276308023576725
FOXC2,12,0.03304974849194907
GAL3ST1,12,0.0471781742406793
FOXG1,12,0.3334200969939136
C1QC,12,0.019181704058404078
TIAL1,12,0.0289863644054257
CLTA,12,0.021461443968309016
BMF,12,0.05392372809485643
CLIP2,12,0.016651120320239757
CLIP1,12,0.023120840667649953
FBLN2,12,0.25520786101501636
SERPINB4,12,0.027381842304394263
ADIPOR1,12,0.029154729167950994
FAM72A,12,0.014820214502152776
SCD5,12,0.0795436293180442
H3C14,12,0.5058869884639507
FANCI,12,0.04787978255738274
DBNL,12,0.039940487274815084
CYP51A1,12,0.011231734267586004
ITGA3,12,0.009620647296138525
NPY4R2,12,0.04534346746465288
NPY4R,12,0.04534346746465288
LONP1,12,0.07400497920106557
ADGRL1,12,0.28656353259807066
GBA3,12,0.09650652109440855
PBRM1,12,0.03725558187112282
RAB32,12,0.04270584210616914
ATG9A,12,0.050115307018972016
DYNLRB1,11,0.026251210677711318
EPSTI1,11,0.01986828122161941
COL4A3,11,0.37002489600532784
KMT2C,11,0.17451893554380313
TNFSF18,11,0.06856075336638881
APAF1,11,0.057146604123239145
TTK,11,0.013123089301588555
AIFM2,11,0.024383405166493028
RPL9,11,0.08325560160119877
SLC16A4,11,0.01984013370721997
DYNLL1,11,0.46420421469185963
LRP6,11,0.05296721373868266
SOX4,11,0.23653346992884322
PON2,11,0.019869737307312722
GMFG,11,0.03446411881393623
CYTOR,11,0.009620647296138525
DYRK1A,11,0.020515824789628736
COL4A1,11,0.3705799333493358
ABCA3,11,0.010360697088149181
RAMP1,11,0.04995336096071927
GRK6,11,0.04531324876481245
HADH,11,0.025157385260599446
AIP,11,0.020114964485622958
NDUFS6,11,0.3052705392043955
FAM72B,11,0.014820214502152776
WDR48,11,0.016049357319569527
OSBP,11,0.0578606351931029
GREM1,11,0.06722043452119077
FMR1,11,0.07327944756658827
MXI1,11,0.031577924625094685
TUBA4A,11,0.46253112000665986
EDIL3,11,0.2628541505808074
IFNA4,11,0.02688243500493449
TGIF1,11,0.31740206508553326
MRLN,11,0.031030522459678897
CNTNAP2,11,0.019896020502938993
RTN2,11,0.05018065523856025
NDUFS4,11,0.30637547465774473
SEPTIN4,11,0.03797383106046299
FMN1,11,0.02204255658830043
NFKBIE,11,0.03669906918580842
PER1,11,0.08093726060106661
COIL,11,0.040051080130488026
ACTN1,11,0.014800995840213115
NFKBIB,11,0.04995336096071927
ACVR1B,11,0.05725477443645106
ASGR2,11,0.05110043813833578
IGHG2,11,0.38039021840467707
SERPINA12,11,0.050302828918057624
FKBP10,11,0.01576479538981289
AHCY,11,0.019168996082458766
ADAM8,11,0.034042290432490165
DPYSL2,11,0.1095985868779323
TPPP3,11,0.03459732777649816
CRAT,11,0.08112549161652809
MAP4K3,11,0.05070081125065003
ADAMTS1,11,0.0384825891845541
POLD3,11,0.25901742720372944
PSME1,11,0.024421643136351638
RAB20,11,0.02658599170322742
RPL29P31,11,0.014820214502152776
RBCK1,11,0.37002489600532784
SPON2,11,0.06445628119026141
ZMYND10,11,0.02294006860434196
IGKV2D-28,11,0.020106173955624973
GTF2A1L,11,0.010124973733971407
ADH4,11,0.05402523765200703
RAB14,11,0.05583345511113645
SPR,11,0.05254353523275655
RASGRP3,11,0.11023280628057508
STK17B,11,0.03672867117748885
NES,11,0.023630200997673576
ADH1C,11,0.012550011056180702
CRY1,11,0.018367788548453615
PAQR7,11,0.02536716508651048
BASP1,11,0.33470611379557935
TNMD,11,0.010767002916963635
NFIB,11,0.04492718945664688
KLF13,11,0.055198463861594785
PDX1,11,0.015168845854536948
UBR5,11,0.023641990039485652
MARCHF1,11,0.03632164379188298
FIRRM,11,0.3125096083927368
UHRF1,11,0.06638636467832304
MAPRE2,11,0.030242674442648682
SIGLEC16,11,0.052556691673503415
SERPINA7,11,0.036416316418887824
KLF5,11,0.03917798833688432
FHL2,11,0.029967687033430675
COX7A2L,11,0.026762017790325644
CEBPZ,11,0.009482409819304772
MAPK11,11,0.04781544932688419
DSTN,11,0.03501256777845442
DST,11,0.30234098635775064
DSPP,11,0.05254757479761324
KLF10,11,0.06727796836422459
CPA3,11,0.038489989682474204
NR1D2,11,0.31718960732000057
TCHP,11,0.010915734432157173
OTUB1,11,0.032000433393194
DSCAM,11,0.245292801114654
ABR,11,0.210422202674592
ITPA,11,0.45304312194847873
FNIP1,11,0.05866066347188463
THBS4,11,0.07612748311842947
SLC1A2,11,0.04726315099162765
ANLN,11,0.019488183425667268
GABRA6,11,0.37002489600532784
NAPSA,11,0.031529311435248376
CHRNA7,11,0.03243638238382704
ACKR5,11,0.014122616864203347
SMAD6,11,0.014396249645505245
MCM4,11,0.033169031677917585
LGALS14,11,0.04284888295741696
NDUFB8,11,0.3075934732737623
SAC3D1,11,0.04533545025857278
ALOX5AP,11,0.0374687209694995
SHANK3,11,0.034042290432490165
SMC2,11,0.20210734722754994
RRAS2,11,0.04812112101733289
SMC5,11,0.04489524786310266
TM6SF2,11,0.035814671760318266
MCOLN1,11,0.01937244786097227
ACO2,11,0.07629801344661467
GABARAP,11,0.043639284663280875
ALAS2,11,0.015443934485214453
CIB1,11,0.07049251148975336
NAA25,11,0.049583336064713934
SLC2A4RG,11,0.07455414933188784
BRD8,11,0.049583336064713934
MDH2,11,0.023597035690564597
PRIM2,11,0.25901742720372944
TP53INP1,11,0.01422273695782272
NDUFB9,11,0.3092945599484534
DCAF1,11,0.07702570506902283
PRB3,11,0.02050635601196111
HNF1B,11,0.0636983468616105
BTNL2,11,0.01886099122693824
G6PC1,11,0.03186383702025264
HNRNPH1,11,0.04349334298462624
ALDOA,11,0.017452491703767385
CFHR3,11,0.1505900256747941
ATF5,11,0.05909605943285091
CHD1L,11,0.1457740455332827
SHFL,11,0.04178197784060161
TRERF1,11,0.020776426115983956
SDK1,11,0.2782022068393939
MPIG6B,11,0.03921523847864465
HMGA2,11,0.033302240640479513
CHI3L2,11,0.009772357503500709
CHIA,11,0.04237620962566201
LILRA4,11,0.038778609101358365
ADORA1,11,0.014276793904205566
SLC7A7,11,0.03310982769455674
ISCU,11,0.02326855385044309
SLCO1A2,11,0.0607353629668455
RGS16,11,0.04410696760383508
SLCO2B1,11,0.029802421832429118
CHN1,11,0.020104038940734356
PPM1A,11,0.07771550663045233
CIP2A,11,0.017666528557655374
MECOM,11,0.02796842006565358
SMPD3,11,0.024729997216356082
TIE1,11,0.014012721148207206
LAMTOR3,11,0.016574944276597843
H3P11,11,0.014820214502152776
SLC25A21,11,0.00958981188813808
HUNK,11,0.02002472197207125
DAPP1,11,0.07474502899307622
FOXO4,11,0.021461443968309016
OPA1,11,0.08241671292025049
HVCN1,11,0.19481243461940126
BLVRB,11,0.027008296449698706
NIBAN3,11,0.05187008992202686
LAMB1,11,0.37002489600532784
PRM2,11,0.007161891735189791
TUBB4B,11,0.4634561822466732
LAMA2,11,0.37002489600532784
RMDN3,11,0.054895159225489376
PRODH,11,0.018365951731460405
HIC1,11,0.03868980312631709
SAR1A,11,0.04102510073850204
C1QTNF3,11,0.05358123691078402
NOP53,11,0.05491772343717363
CCN3,11,0.03252518835886832
MRE11,11,0.034138786409923155
CNGB1,11,0.01554104563222377
AQP2,11,0.30301064847078596
WWOX,11,0.21146177464369648
EIF5A,11,0.08653498332795385
SIAH1,11,0.041909430860336765
OLAH,11,0.06250420914598213
UBE2E3,11,0.1350759407454752
ZACN,11,0.07714030465920974
STX2,11,0.06832692690655204
UBE2K,11,0.019467902968539518
CKS2,11,0.01428859761274696
AKR1C3,11,0.01961131948828238
TRAF3IP3,11,0.039089430014002835
LOXL1,11,0.02707369379377649
PRKCZ,11,0.026641792512383605
PPFIBP1,11,0.07714030465920974
CCDC88A,11,0.2452329653503137
TK1,11,0.01783937873295975
CCL16,11,0.021091419072303694
DDAH1,11,0.21651787317549628
CCHCR1,11,0.04564643000409831
LAT2,11,0.05700130738268741
BMX,11,0.06797383559496534
RPS6KA1,11,0.02255096171765804
DDB1,11,0.25901742720372944
PPARGC1B,11,0.019680143026057664
ELF1,11,0.03312462869039695
ELAVL2,11,0.014102059925536384
PLK2,11,0.02686872852938605
PI4KB,11,0.06755879412665779
SLC10A5,11,0.024606655584354303
DBH,11,0.039913179059913484
CD37,11,0.040673136568905637
PCBP2,11,0.0366088881866026
MT-ND6,11,0.3209394489951278
PTPRD,11,0.3509850918321544
DNAAF3,11,0.012713438718583056
ADGRG1,11,0.03856995617388869
CTBP1,11,0.017925650517591436
S100P,11,0.04032977176152437
CTSH,11,0.025379686677044617
PTGFR,11,0.020259958260994602
GLYAT,11,0.020658351732360337
NECTIN2,11,0.030967163620798346
ATP11C,11,0.06156659232184648
CD180,11,0.03887851582327981
MAOA,11,0.040332713664580744
DNAI1,11,0.0392680825306047
CSTA,11,0.02142999185214856
ATP6AP1,11,0.017123844441635037
KCTD9,11,0.03639564877108405
CUL3,11,0.0543936597127832
RNF31,11,0.5087842320073258
TPH1,11,0.0738034494434099
TOMM20,11,0.016548335626904942
PCM1,11,0.030342041472436885
VMP1,11,0.0685235617043325
CYP3A7,11,0.6013395707531605
LRBA,11,0.04527446945644582
PWWP3A,11,0.046684807712672194
PIK3R5,11,0.2789242526853494
NEK7,11,0.03597382038963798
RNGTT,11,0.5036449973405852
CTHRC1,11,0.02900995184681771
ADARB1,11,0.02374417663670107
TOP1,11,0.2636889915157967
ESRRA,11,0.07472447205440925
CAMK4,11,0.1529664813999877
VAPB,11,0.041677664775573685
SIPA1,11,0.054249350003341114
LMOD1,11,0.3335918188004576
MAP3K1,11,0.015491801399663916
ARNT,11,0.03853028128226144
AZI2,11,0.031529311435248376
DGAT1,11,0.27341688599506425
FCRL3,11,0.014278232889912255
SFRP4,11,0.024261367847565937
GCNT1,11,0.0818586422482045
ATP8A2,11,0.024925381576027403
IL17RC,11,0.03222176794414395
KDM4A,11,0.011470771776165165
SRPK1,11,0.026436223125713983
ARID3A,11,0.03673607167540895
SIT1,11,0.04093955449402947
IK,11,0.018013496003468923
RPL10,11,0.08325560160119877
PLSCR4,11,0.2730041705522517
ABCD1,11,0.033302240640479513
ETS2,11,0.2892525690505821
CD302,11,0.07538229409175208
SFPQ,11,0.37002489600532784
GDF2,11,0.08526983236607716
NME2,11,0.034996954664183906
EVA1C,11,0.008409905522943845
IL17RE,11,0.07196244177511615
SKIC2,11,0.007400497920106558
MOGAT1,11,0.012580846464181148
FBN1,11,0.040014492254016154
TRPC6,11,0.022389178610349048
ADCYAP1R1,11,0.012580846464181148
SKAP2,11,0.07239925635701551
DNAAF4,11,0.03536583790494506
TARM1,11,0.04990895797319862
FASTK,11,0.03984341493427162
LMO2,11,0.03911163150776316
FAT1,11,0.19308890876605156
PIMREG,11,0.18081825425660134
PTGES3,11,0.017142964201892246
STEAP4,11,0.06555607740894391
INHA,11,0.03248078537134769
DNAL1,11,0.019292164759598298
P2RY13,11,0.02902639739775128
PTGES,11,0.033988431253182724
ETV7,11,0.04847182677399715
B3GNT5,11,0.04504806425600863
CA3,11,0.009250622400133196
MAP3K11,11,0.01651686078064118
PDE3B,11,0.3281144372980577
CXCL17,11,0.04551306220865533
IL36B,10,0.02566879088541207
MEF2A,10,0.08117057679980709
VAMP8,10,0.03880821109303878
RPS4X,10,0.08325560160119877
ELK1,10,0.37002489600532784
RPS6KA2,10,0.2736753765294609
CUL4A,10,0.25901742720372944
CDC25A,10,0.03838544331543288
SELENOK,10,0.08769708709959798
DIABLO,10,0.028764175884582393
XCL2,10,0.062419034319428926
CERS2,10,0.03330751961388281
MEF2C,10,0.019806661386311677
AKNA,10,0.04476561191872457
ANGPTL3,10,0.04549250526998836
HSPH1,10,0.0761206169321681
RPS6,10,0.08325560160119877
IL36RN,10,0.057895945353473637
MYO5B,10,0.09057595819369366
ANGPTL8,10,0.0668745551849187
CUL2,10,0.036336432201842385
LAPTM4B,10,0.012210821568175819
MSRA,10,0.031375497991631626
GYG1,10,0.06406710586811491
EGR2,10,0.0795915711858166
FOXK2,10,0.03466168053452809
CEP55,10,0.01983278507549512
RMDN1,10,0.009415077909468897
FOXK1,10,0.12995364202366452
SNRPB,10,0.014040389109535496
DAPK3,10,0.015599817713931648
NHERF1,10,0.05254353523275655
METAP2,10,0.015171020736218442
ASPH,10,0.010452476929357794
SLC22A5,10,0.04579521567118541
STT3A,10,0.026753296144180115
RLN3,10,0.013769987828309885
MORF4,10,0.027083766693723303
HHIP,10,0.019775774997618078
SUMO2,10,0.046993161792676645
SLC20A1,10,0.03920783798072454
OR10A4,10,0.01400492466861756
HGS,10,0.37002489600532784
HCAR2,10,0.07167013889117912
DLEU7,10,0.13343224369751794
MRGPRF,10,0.07030976199091901
LRRC25,10,0.025881185781705993
ABCC3,10,0.029728077919723594
SLC25A1,10,0.025696173333703328
GOPC,10,0.03001876731005995
CLK1,10,0.027381842304394263
USP13,10,0.07463196583040792
HK3,10,0.04058464232748644
ZNF574,10,0.0540532368084583
HBA2,10,0.46253112000665986
PARP9,10,0.07474502899307622
TOB1,10,0.02069055876829792
CACNA1G-AS1,10,0.025976364407734032
MSI2,10,0.041487191340117364
VAV2,10,0.3036645852244499
TNFAIP8,10,0.034042290432490165
NID1,10,0.02389744120034409
EIF2B5,10,0.021922919722384512
HYAL1,10,0.008325560160119878
PAOX,10,0.014674832465422888
HIRA,10,0.07115998622083317
SLC25A13,10,0.027929172832832503
REG1B,10,0.035996021883398295
MNDA,10,0.03749832296117993
MYO10,10,0.2700248876350449
TIFA,10,0.05739094639464792
SEMA3A,10,0.07947284078033175
DISC1,10,0.07400497920106557
SLC26A4,10,0.029442981695899213
FRZB,10,0.01554104563222377
LATS2,10,0.04901041418406569
TRIM24,10,0.02817361258318126
PLCB2,10,0.049346520131270534
GPC5,10,0.25225756939681304
LIFR,10,0.01852150161189476
GPD2,10,0.30878577571644605
IMPDH2,10,0.2618851201477707
GABRA1,10,0.37002489600532784
PPM1D,10,0.07653552576508786
ATP5F1A,10,0.01913158551986227
PLCE1,10,0.03436791234097485
HOXC4,10,0.05074521423817066
PRDM10,10,0.0051803485440745905
ATP5F1B,10,0.015877528140738447
YTHDC1,10,0.05679882153681782
FUT8,10,0.06913298473699543
SLFN11,10,0.01887126969627172
TMED9,10,0.035522390016511474
U2AF1,10,0.0211501845142615
SYNPR,10,0.15084594461063916
ACKR2,10,0.04712637075523856
YME1L1,10,0.03885261408055943
ATP5IF1,10,0.021502557845642943
SAFB,10,0.20350347789178921
SMAD1,10,0.010678980413003183
DGAT2,10,0.04016032742097982
RAPGEF3,10,0.026754815048128325
ING2,10,0.03179993956269787
CHL1,10,0.011813556980397764
GPC1,10,0.23414941005938644
FBLN5,10,0.017021145216245082
JDP2,10,0.047191125112039496
PPP1R18,10,0.05210320560651021
FBLN1,10,0.017648131845587445
DCC,10,0.2782022068393939
NR2E3,10,0.022601342168480327
PPT1,10,0.21324546708942377
BTN3A2,10,0.021831468864314345
LTBP1,10,0.04732370461206483
TRERNA1,10,0.017631027866629678
QPCT,10,0.014293124084564986
G0S2,10,0.0216131541756712
PYY,10,0.01850124480026639
LSP1,10,0.040399318145861694
RHOG,10,0.03692108412341162
FBN2,10,0.288481166288486
H2AC8,10,0.5048424390179358
NDUFA9,10,0.3052705392043955
YWHAE,10,0.2787745834542703
SHMT1,10,0.011840796672170494
BTN2A1,10,0.06458414534876993
MMP28,10,0.12063324578495152
GBP7,10,0.07196244177511615
SUCNR1,10,0.023646903463330614
H3P17,10,0.016292239533739938
RNH1,10,0.32780450998295124
HLF,10,0.03883425488492784
NR2F6,10,0.07623807944845773
UBE2M,10,0.048473261376697954
ATP6V0D1,10,0.016281095424234424
MMD,10,0.03292481524655408
XRCC4,10,0.46253112000665986
USP22,10,0.06771035231849104
FBXO3,10,0.01346940755217979
SLC29A3,10,0.04893949274566466
TUG1,10,0.1045178877893487
HSF2,10,0.16686107149596907
SEC61A1,10,0.014800995840213115
FBXO32,10,0.032923086374750395
STX1A,10,0.01261733502189649
SMYD3,10,0.03790699490187915
MCU,10,0.03145211616045287
DARS2,10,0.010509208384137169
NPR2,10,0.03108209126444754
SFRP5,10,0.0658849785164647
TOM1L2,10,0.05410689041837907
ZNF77,10,0.010746108223452686
NUP214,10,0.5424976114211446
AMPD1,10,0.03967406934969126
H3P7,10,0.03132710070191463
NORAD,10,0.01850124480026639
HSPA6,10,0.04824526534324823
SIRT7,10,0.08107063710381274
HSD17B13,10,0.043408092740698845
ITGA9,10,0.17272684006592925
FUS,10,0.03502955102575146
MPZ,10,0.03475334096440375
GABRB1,10,0.37002489600532784
TMBIM4,10,0.02742929196035009
TRAPPC9,10,0.2681582455727736
H3P37,10,0.011470771776165165
RIOX2,10,0.038408584205353036
FBLIM1,10,0.029220205081416033
JARID2,10,0.16686107149596907
ABCC6,10,0.04768181923801988
SMC3,10,0.01965751237548623
RPAIN,10,0.014885130232486145
DGKZ,10,0.07316562680941267
PRDX4,10,0.01800600856414616
RRAGC,10,0.04773109728475632
ALPK1,10,0.04515023499476109
MMEL1,10,0.01747287135757077
PLEKHM1,10,0.048843626857340415
ENPP1,10,0.017434188901728216
USP25,10,0.042476395457773944
GZMM,10,0.049635139550154674
ATP6V0A4,10,0.010413593908121613
HRH4,10,0.04851026386629848
AMACR,10,0.032034892615125786
AGBL2,10,0.06216418252889508
ZFP36L2,10,0.16977189506466409
NOP2,10,0.049583336064713934
KRT9,10,0.03668426818996821
SCARB2,10,0.08270542109912779
CYSLTR1,10,0.0639218007849204
DTL,10,0.008420539701515177
MAGEA3,10,0.011100746880159837
SPANXB1,10,0.012088712270556953
CYP3A43,10,0.6013395707531605
TAS1R3,10,0.020321343563958445
MAPRE1,10,0.026735320243368003
NTF4,10,0.013588342028248985
KLB,10,0.12625260974052302
TCL1A,10,0.017731589157875764
SH2D3A,10,0.069002750230693
TAS2R10,10,0.02294154355233033
TCF21,10,0.2222753522010116
ULBP2,10,0.028980745955178928
SCN4A,10,0.37002489600532784
TCF19,10,0.013559973452888577
B3GAT2,10,0.016651120320239757
GNMT,10,0.07414479548592486
PDE2A,10,0.3281144372980577
RNF2,10,0.013115326869522175
ERCC3,10,0.5955493401748345
RNF144A,10,0.01998007306646163
MIR146A,10,0.06576925286292032
MAPK10,10,0.32480870934946826
INVS,10,0.3000714619116959
BCAM,10,0.05751831439016152
PTP4A3,10,0.012470455703539558
POLG,10,0.0400662957394569
RPL4,10,0.08325560160119877
SH3BP5,10,0.04030707353943475
FKBP3,10,0.02159431317816893
COMP,10,0.01903934593945689
SRPX2,10,0.01379953042242724
LITAF,10,0.031563123629254466
IGHD,10,0.05040540804200577
APEX2,10,0.03941875217144757
PSMA1,10,0.47657150911619534
SLC16A10,10,0.02247034426108747
LRP2,10,0.1869169367923985
NDFIP1,10,0.2806298561478817
PITRM1,10,0.01865158849904213
AZGP1,10,0.016651120320239757
TPR,10,0.5424976114211446
KCNN1,10,0.03638532858188638
PIK3C3,10,0.03221311221676046
TRIM8,10,0.04485441789376583
RPL14,10,0.08325560160119877
SERPINA4,10,0.048843286272703276
MIMS2,10,0.03739471599029843
ZBTB20,10,0.2782022068393939
GSK3A,10,0.37002489600532784
VPS4B,10,0.46253112000665986
TRIM7,10,0.06745216611804261
AHSP,10,0.054658227513427006
APOBEC3F,10,0.05385712361357547
TET3,10,0.019426307040279714
GTF2B,10,0.5765107005490917
STK3,10,0.020721394176298362
MTM1,10,0.030712066368442214
CSMD1,10,0.2889256227289526
PDGFA,10,0.023126556000332994
CRISPLD2,10,0.07170086072729522
BAG1,10,0.025141115094103383
CRLS1,10,0.021725271818232784
RAD18,10,0.09505880078072161
IGKV3-15,10,0.07714030465920974
PTCRA,10,0.03649925574196554
MIR223,10,0.054260450750221276
GTF2E2,10,0.5812698143085291
SCN11A,10,0.37230853747919723
SESN1,10,0.044935823370887015
CD93,10,0.05037659115290923
OTULIN,10,0.6824133407746216
TBC1D8,10,0.03174708254378635
IGLL1,10,0.04509863432512935
IGLL5,10,0.15693505042463438
SPRY1,10,0.33820810501166754
PMP22,10,0.02152145764333573
TPMT,10,0.03822819767279859
HCST,10,0.04285628345533707
TPM3,10,0.025975032862561732
NMI,10,0.017761195008255737
CRIP3,10,0.014800995840213115
APOBEC3H,10,0.05385712361357547
FER,10,0.2897283879889816
IPO7,10,0.03886123540891873
ADAM9,10,0.06068840679183917
B3GNT2,10,0.030578857405880292
CDT1,10,0.03214936580017205
NUDT1,10,0.08465493582770932
KIF2C,10,0.011840796672170494
PKD2,10,0.03157052412717458
OTUD1,10,0.05659927557665104
BAMBI,10,0.014849921354240486
CD151,10,0.05720567876799135
PSMD8,10,0.4774207465777672
PTGIR,10,0.016063864630712358
KDELR1,10,0.04759260212420527
DNAJC3,10,0.06638883965201726
ZMYM2,10,0.01152682696755073
KIF20A,10,0.019187435412969606
SYBU,10,0.010176281764673422
PDE3A,10,0.3281144372980577
SPINT2,10,0.24299736180568007
C6,10,0.030140046486876276
PSMG1,10,0.011840796672170494
PDGFC,10,0.19031359236142098
APOL3,10,0.009297715220933329
ADAMTS2,10,0.2839084832125878
SARS2,10,0.0264068442407714
IGFBP5,10,0.03626243980852213
RAB8A,10,0.039259641466165285
ADRB1,10,0.5850046076658455
ATXN3,10,0.020395021310258287
CTF1,10,0.014026683318398186
RNF213,10,0.371996593904369
NEIL2,10,0.067714555968975
TFE3,10,0.037145491315269195
LMBR1L,10,0.061043007093998944
PSCA,10,0.3331754165775512
RNASE6,10,0.087181026652587
TUB,10,0.24917758242506227
ETV6,10,0.06864946822171974
COL4A5,10,0.3703949209013332
ARHGEF1,10,0.05895359984788885
MT-ND4,10,0.30735192924442545
DLGAP5,10,0.009813471380834635
E2F3,10,0.020996392864976884
NEK9,10,0.020101807271966855
GRK5,10,0.16639229919476337
IFNA5,10,0.013181917016883319
CEMIP,10,0.017762107484614934
MT-ND5,10,0.3066118794524148
EDA,10,0.010175684640146518
AOX1,10,0.028306397451742963
NSFL1C,10,0.011470771776165165
IRAK2,10,0.10059537936678177
S1PR5,10,0.03324303665711866
TUBA3C,10,0.46253112000665986
EDAR,10,0.023922610864330302
ADIPOR2,10,0.03163712860845553
AGO1,10,0.06357131217139733
HERC6,10,0.31181574695865233
PCBD1,10,0.012713438718583056
FCGBP,10,0.043480597682652736
CCNE2,10,0.012745301973516848
ANXA4,10,0.07400497920106557
ECE1,10,0.026641792512383605
AIRN,10,0.015453638624054123
HELZ2,10,0.17647119590211904
SOX17,10,0.17267191158414175
RPS15,10,0.0836256264972041
NDN,10,0.17834067205790957
ACAA2,10,0.020925433166079574
PTPRB,10,0.016775557156944437
EEA1,10,0.03648266145459867
COLEC10,10,0.28269822603145617
OSTC,10,0.02330579587402379
MYCN,10,0.08545781571824206
TALDO1,10,0.030495732314923873
AIMP1,10,0.03885261408055943
SYN1,10,0.03245640274429423
PRRX1,10,0.02197671378624172
RPL6,10,0.12666786898513263
MFAP4,10,0.02793584888807057
CNOT8,10,0.061900300070479836
PRSS2,10,0.00888292612515079
FKBPL,10,0.009955539303474696
DYSF,10,0.022209761128938712
CNOT1,10,0.059460945094189484
FAM168B,9,0.026826804960386277
SEMA3C,9,0.022582844918091663
FGF4,9,0.02558578257306174
RNF170,9,0.0370014245851927
NDUFS1,9,0.30712066368442215
NDUFS2,9,0.3052705392043955
FBXL19,9,0.04595503638999502
SCG2,9,0.04523353296750522
AFDN,9,0.07897091887484375
ZDHHC4,9,0.010966098931891231
NPTX1,9,0.017021145216245082
RPS19,9,0.08325560160119877
NGB,9,0.020351369280293036
FAM20A,9,0.0567258159347233
GTF2H3,9,0.594213139161482
ZYX,9,0.014330506461313413
HMGB3,9,0.031348219719289
SIK1,9,0.02109362602981205
FOXF1,9,0.2079890065709002
NDUFA6,9,0.308688130257778
NR2F2,9,0.18743977742249487
GTF2H2,9,0.5944444047214853
GORAB,9,0.3235552019162646
GABRA2,9,0.37002489600532784
SEMA4A,9,0.06449328535181645
ESPL1,9,0.028923612704416464
RMRP,9,0.055804687982883516
GALC,9,0.3206306159012193
HMMR,9,0.020515824789628736
SEMA5A,9,0.2431069320516228
ENSG00000293615,9,0.011002963209874652
GIMAP4,9,0.026641792512383605
HEY2,9,0.06072314644198406
NCKAP1,9,0.032211430245515184
HCAR1,9,0.08431578841585237
HBZ,9,0.03355385756976313
RORB,9,0.016849289208989277
ERF,9,0.02302150820869895
NKX2-3,9,0.05045844494376654
RMDN2,9,0.009415077909468897
RIF1,9,0.03965186785593093
SGMS1,9,0.06843107858815473
ZMAT3,9,0.011840796672170494
SAMD4A,9,0.23019021449579566
SLC10A3,9,0.012588658100874594
RILP,9,0.007400497920106558
GABBR2,9,0.010769643232303611
FARSA,9,0.02464343991868735
AKAP12,9,0.19483715850138633
RPS20,9,0.08325560160119877
HMGCS2,9,0.0564800507758628
NMNAT1,9,0.029802421832429118
RMC1,9,0.09469226966087792
NOLC1,9,0.014800995840213115
GABRA4,9,0.37002489600532784
GABRE,9,0.37002489600532784
GUCY1A1,9,0.31181574695865233
GPR35,9,0.0619533356959416
SERPINA2,9,0.06518361746419789
ZBTB7B,9,0.036691668687888306
GPR171,9,0.01850124480026639
GABRQ,9,0.3705799333493358
GFPT1,9,0.01850124480026639
SLC28A3,9,0.007400497920106558
RPL7,9,0.08325560160119877
NDUFA1,9,0.3101733690764661
NFE2,9,0.038090362794788446
ACOT8,9,0.031529311435248376
GDA,9,0.04723663985236557
HKDC1,9,0.01660240037559905
GABRD,9,0.37002489600532784
AKR1C2,9,0.02090613332725944
RNF20,9,0.037357713500697894
NARS1,9,0.01587199975888105
NDUFV1,9,0.3061956014444088
RPL5,9,0.08325560160119877
SLC25A5,9,0.37108871758134315
GABRG3,9,0.37002489600532784
ROBO1,9,0.036964857816891426
RND3,9,0.014800995840213115
FKBP9,9,0.01573271882209995
GABRP,9,0.37002489600532784
ZNF362,9,0.017983039331656032
HLA-DOB,9,0.025015620581006048
FKBP1B,9,0.01573447875026169
GABRG1,9,0.37002489600532784
SLC25A46,9,0.0445823313570905
ACVR1,9,0.07456001654507358
ACAA1,9,0.15332175224773903
GCLM,9,0.026923143563822974
SCN8A,9,0.37445224073956135
NBL1,9,0.0284028240423101
HMBS,9,0.01287202291451786
RPGR,9,0.01629078899412146
H1-2,9,0.0067609686255348
ADH1A,9,0.03641661684852435
ROMO1,9,0.022807923450995065
RRBP1,9,0.04596043688983023
FKBP7,9,0.01573271882209995
ACSL3,9,0.012237771085474166
H2BC8,9,0.5036449973405852
HCFC1,9,0.05028670564174061
ZBTB46,9,0.0494353261063118
EYA1,9,0.13691251336222487
HIPK2,9,0.08099938531974903
FARP2,9,0.028968105890749617
RLN1,9,0.03579210920994453
EWSR1,9,0.05785295644667865
SETX,9,0.08179291683117858
GLO1,9,0.03733125426222404
ERCC1,9,0.04588308710466066
GSPT1,9,0.02645678006438094
ADAM28,9,0.02090640662430103
EPM2A,9,0.2576125505048346
GABRB3,9,0.37002489600532784
NTN1,9,0.0769651783691082
NPC1L1,9,0.2624430009102879
AARS1,9,0.012580846464181148
NELL2,9,0.02929363760042179
ETF1,9,0.0433253067865395
RNF43,9,0.030897078816444875
NLRP10,9,0.04139098486715597
GABRB2,9,0.37002489600532784
ALAS1,9,0.009250622400133196
FAM215A,9,0.01151188565349909
NUP153,9,0.5438314452400802
FDFT1,9,0.04022683284456506
FDPS,9,0.2953826517055864
NCBP1,9,0.5944207209976141
VPS35,9,0.0341188287035221
SLC46A1,9,0.025840071904372063
DGKA,9,0.0135706630609954
LANCL2,9,0.048014104106427334
RAN,9,0.5651841860046004
LAPTM5,9,0.08042655570185137
LARS2,9,0.27856413271216374
BMPR2,9,0.13607465545197722
IMPA2,9,0.01663056338157279
LATS1,9,0.024791668032356967
CLDN18,9,0.03542618354355009
CLDN11,9,0.026496289172662533
RAPGEF4,9,0.046687480114698914
TKTL1,9,0.009235821404292983
MSI1,9,0.02805145338354915
ILF2,9,0.03231301584684424
DHCR24,9,0.011450214837498203
MRPS7,9,0.05602793633680672
UBE2N,9,0.03486374570162199
CLC,9,0.017212209375273683
TLE4,9,0.19951886044316516
PRKACA,9,0.007256599349437819
VIPR2,9,0.037663690946874835
CKM,9,0.14896887670127024
CITED2,9,0.04498762685632777
ARSF,9,0.008068391958817448
INPP5K,9,0.03992568627897487
CLN5,9,0.010987683717491542
BLVRA,9,0.009281457808133642
DCTN5,9,0.035522390016511474
KRT23,9,0.017987321333592328
CNOT7,9,0.02704797024944888
PRSS1,9,0.03684038380522397
GIPC1,9,0.016132023041435444
STX17,9,0.03575776696424819
METTL9,9,0.081302573744449
ASPRV1,9,0.011002963209874652
BIK,9,0.06444600272092793
PRPF31,9,0.015890513589562137
PFAS,9,0.026641792512383605
ASCL1,9,0.026376104374324152
STMN2,9,0.18244161640786793
KYNU,9,0.026656369854355298
PARD3,9,0.10868699022124381
STK36,9,0.033102659575844046
IPMK,9,0.05517996261679451
PAPOLG,9,0.161558195803817
STIL,9,0.014800995840213115
STEAP3,9,0.07608123000642879
RALA,9,0.06460827306451651
BPGM,9,0.04066573607098553
DIO3,9,0.043078503962326944
DPP9,9,0.02239596240010914
MBOAT2,9,0.19630409412903196
ARFRP1,9,0.07214694528432396
MTA1,9,0.025053908563399188
CHDH,9,0.0321023321304889
BTN2A2,9,0.03975547482681242
SPTAN1,9,0.03986648229561402
CHD1,9,0.06795507215137846
OXA1L,9,0.018957648543918824
BTN3A1,9,0.025716730272370286
LIMK1,9,0.017152298484940303
BTRC,9,0.5267715533409181
CFHR1,9,0.030935979892862956
DIRAS1,9,0.022756531104327665
IGKV3-20,9,0.009718292754806597
DOK3,9,0.03920043748280443
SPOP,9,0.04049099736858209
PPIL6,9,0.01573271882209995
RBFOX2,9,0.07037587221578756
TMEM94,9,0.007400497920106558
TMSB10,9,0.025944366903404854
RBL2,9,0.015171020736218442
PPAT,9,0.07400497920106557
APOF,9,0.012950871360186477
IL11RA,9,0.15822840058112617
BTG2,9,0.05013837340872193
SRI,9,0.022201493760319675
BTG1,9,0.20361620979511852
LDLRAP1,9,0.017735293265535367
VNN2,9,0.018111758170297004
MSRB2,9,0.026961159665587053
P3H3,9,0.025192733905749408
AVPR2,9,0.3723409660499444
MCOLN2,9,0.2585362677891935
MCM8,9,0.27301422772458456
ARID2,9,0.04967728127442196
LGALS16,9,0.04284888295741696
TMC8,9,0.020622958311860673
IL20RB,9,0.03946685540792826
UAP1,9,0.3229749295388987
CHRM3,9,0.07400497920106557
CHRM2,9,0.07400497920106557
PRDM16,9,0.0350214174211976
TXNRD3,9,0.023681593344340987
BTBD8,9,0.19668756000338222
PRB4,9,0.02595083460625505
MT-TP,9,0.03624188286985517
VPS39,9,0.024088036304543644
IL17D,9,0.07821340159349296
ASZ1,9,0.032833570198705725
DCT,9,0.07639124293663059
TGM1,9,0.023616239945832066
CRBN,9,0.25901742720372944
SYVN1,9,0.0318221410564582
CRIPTOP4,9,0.016281095424234424
CRIP2,9,0.012642517280182036
CREM,9,0.03903762652856209
KIF15,9,0.09834287970401266
MMP11,9,0.08029631490951533
BAHD1,9,0.06042506551767004
ATP5MC3,9,0.012506430346206744
SYTL1,9,0.038978422545201244
CREB3,9,0.029600620052489098
KARS1,9,0.0768799572724528
KRT17,9,0.027550703593204724
TBX1,9,0.46213091242882215
BANK1,9,0.04526884577729181
PCDH9,9,0.2431069320516228
CYC1,9,0.00905223535611619
ATP4B,9,0.5583843732610241
PDHB,9,0.2314096686963633
PCDH8,9,0.029912855883408876
CYCSP51,9,0.025840071904372063
CPSF6,9,0.1155355827893816
ATP2B4,9,0.35784772810075405
PCP4,9,0.2954239234785655
CRKL,9,0.013976746505540023
PVT1,9,0.08756813351631783
BACE2,9,0.014103260528596711
USE1,9,0.039129715273839794
TAGLN,9,0.018586969512663008
TAGAP,9,0.013407810386888866
CSPG4,9,0.015356033184221109
PDE1A,9,0.3281144372980577
KCNIP4,9,0.25225756939681304
PTPRT,9,0.3175457441432223
USP10,9,0.04043926596464516
TAF1C,9,0.03963764551663934
PDE6G,9,0.3281144372980577
TAF1B,9,0.03963764551663934
TAF1A,9,0.05336627871274159
USP12,9,0.03661026321076714
PDE7B,9,0.37002489600532784
PDE8A,9,0.37002489600532784
KCNG1,9,0.08397523355098152
CRPPA,9,0.03967406934969126
TAB3,9,0.031529311435248376
PDE9A,9,0.3281144372980577
PUF60,9,0.02862327583049214
PURA,9,0.02033081234162607
PSMC6,9,0.47640705360685964
PZP,9,0.00849001566945558
ATP1B3,9,0.07400497920106557
KLRA1P,9,0.024981751270829463
MORC3,9,0.035300375078908285
SUN2,9,0.09521281603382263
ATG4B,9,0.033302240640479513
SUN1,9,0.2745233770097854
MIAT,9,0.03167538706407921
COL6A2,9,0.01771391404932172
TFCP2,9,0.020149647979673183
MOV10,9,0.051418969412351204
COL5A1,9,0.37002489600532784
DARS1,9,0.011100746880159837
ITGA7,9,0.05591077371774835
BDKRB1,9,0.038648131857613295
MGAT5,9,0.186170963678767
PRSS57,9,0.04826789755941499
SUGT1,9,0.07179851168167402
PRSS3,9,0.014595426453543487
TFR2,9,0.03578880794163531
BEX1,9,0.044999138741981255
ITFG2,9,0.08547008508393329
CNTRL,9,0.03811256428854878
KRT13,9,0.08398731825308067
ITGB5,9,0.02812189209640492
BCL9,9,0.0457535561505926
ATP1B1,9,0.07807525305712418
ITGB8,9,0.07529492710241749
ATP1A3,9,0.07400497920106557
TCHH,9,0.017021145216245082
SYNE1,9,0.026930411931267762
KLF15,9,0.3074068458164036
JAM2,9,0.3105892792036946
KLF3,9,0.039953438146175274
QRSL1,9,0.006426981177845876
PCBP1,9,0.03003741455559686
TDP2,9,0.05225665056777829
RAB13,9,0.08296690229086631
PDPK1,9,0.026434251337719396
BCAT1,9,0.2599179587653315
KLHL3,9,0.016479795646282217
PSMA4,9,0.47666980161514316
PSMA3,9,0.47640705360685964
ATL2,9,0.06435927534226771
RAB27B,9,0.013320896256191803
TERF2,9,0.2310819063322419
UGT1A9,9,0.009754267397473784
TESPA1,9,0.04079154453562735
ATIC,9,0.015043635074252831
TMUB1,9,0.03163712860845553
UBAP2L,9,0.007770522816111886
HSD11B1,9,0.07400497920106557
CA4,9,0.0408528918564256
RCC1,9,0.011605830863207107
CARM1,9,0.05513370950479385
CCNG1,9,0.014800995840213115
SOCS4,9,0.046993161792676645
LRP8,9,0.07689277247650297
AMFR,9,0.0680307216856729
PKN2,9,0.17318811359829026
POLQ,9,0.04562406967745692
HSF4,9,0.04055061631587181
SMR3B,9,0.02346251559055769
CA5A,9,0.017170661518123454
LRP1B,9,0.2782022068393939
EFEMP2,9,0.029892532543781703
CDH11,9,0.17318811359829026
LIPH,9,0.01024516709284085
CDK20,9,0.06236214584825793
RFTN1,9,0.06330490433229616
OCIAD1,9,0.03185174304813863
SOCS6,9,0.016782273588934978
LIPE,9,0.014739875726024006
AOC2,9,0.020174168468983813
CASP14,9,0.07400497920106557
CDK5RAP2,9,0.17371617028377417
CDK7,9,0.5935655955934727
SMARCD3,9,0.024001664879385598
CAVIN1,9,0.025531717824367625
SMARCB1,9,0.03656274911330376
C7,9,0.011771244860654922
MUC4,9,0.03829757673655144
PLIN3,9,0.09423300684935684
HPS1,9,0.016317526330395533
TOP2B,9,0.37002489600532784
CARD17P,9,0.0275710532554547
MYH6,9,0.022806266310020893
WIF1,9,0.052543535232756566
MAMSTR,9,0.17718599734126744
TRPC1,9,0.03941298274416129
CALCOCO2,9,0.04541027751532051
ANKRD1,9,0.019981344384287707
TRPM8,9,0.37002489600532784
ANKRD22,9,0.053427909440957856
EIF2AK4,9,0.09201796550227152
PIKFYVE,9,0.08210365426541168
CALHM6,9,0.08142951615353167
MAOB,9,0.01316671921618958
MYO1F,9,0.03811996478646888
HTRA3,9,0.04733543153652299
LPCAT2,9,0.012210821568175819
EGLN1,9,0.05480479848612245
HTR1A,9,0.031403371736889965
ELOVL7,9,0.25976787311242483
PIWIL1,9,0.04915651525316489
HTN3,9,0.02320901097554893
TRPV3,9,0.04555746519617598
LOXL4,9,0.007400497920106558
TRPV5,9,0.0426638705094143
LORICRIN,9,0.03911903200568325
CD1E,9,0.006836621092471773
MAFF,9,0.01646212253729301
CD163L1,9,0.012422362751794183
MAP2K2,9,0.37002489600532784
CDCA3,9,0.008880597504127868
ELOC,9,0.5886700763845037
CCS,9,0.018223140285439428
AMPD3,9,0.013286076591481039
IFT122,9,0.3737308718690957
SNRNP40,9,0.04957593556679383
LTBP2,9,0.010360697088149181
LY6S,9,0.0170310975710268
TTF1,9,0.009859724492835299
HNRNPM,9,0.03400916885625534
PLCL1,9,0.0393474195942732
TUBB4A,9,0.4634561822466732
LST1,9,0.011247317852855281
LTBP4,9,0.03529297458098817
SPESP1,9,0.019701311697273426
RGS10,9,0.043500079621245635
OTOF,9,0.048843286272703276
APCDD1,9,0.18630922774314204
SPCS1,9,0.044784687646852644
RGS13,9,0.04712637075523856
TUBA1C,9,0.46253112000665986
PIGC,9,0.01850124480026639
PON3,9,0.024112751622524794
TUBB2B,9,0.46253112000665986
MARVELD2,9,0.010084273620848086
SLC9A9,9,0.3083060364216946
IGFBP4,9,0.008460302389286363
SLC7A9,9,0.00888059750412787
SLFN5,9,0.06652225352629117
TUBB8,9,0.4629011449026652
MARS1,9,0.016685212025167224
DSC2,9,0.051070139151088774
WASF1,9,0.05989246275209547
TNFAIP2,9,0.024421643136351638
TRAIP,9,0.033949434984004906
HOXA1,9,0.04403296262463402
DSC1,9,0.04188681822780312
CENPE,9,0.17739865024939383
SLC4A7,9,0.010873581535697455
LRRC8A,9,0.04076934304186703
CBR1,9,0.03536809604215729
CBX4,9,0.008880597504127868
SLU7,9,0.014158064997523038
TPP1,8,0.012041928556554957
MICU1,8,0.06680635041866859
CAPZA1,8,0.05723051724882404
TENT5C,8,0.20895623747585568
KLHL6,8,0.04276562735581577
PTGIS,8,0.02960199168042623
TBC1D1,8,0.012706231204168805
NFIC,8,0.021454144507043242
UGT1A6,8,0.02812189209640492
MAF1,8,0.048566680077058486
B4GALNT2,8,0.03882764926028114
NTAN1,8,0.07400497920106557
CSNK2A1,8,0.07400497920106557
NSUN5,8,0.049583336064713934
COMMD1,8,0.2842082354695539
NPR1,8,0.09523230100746406
HNMT,8,0.09929383386953462
SC5D,8,0.028605754765647307
SALL4,8,0.038473736216467755
CST1,8,0.014011699594214265
MGP,8,0.062328638038230785
CSRP2,8,0.012642517280182036
FCRL6,8,0.009990672192143854
COL4A2,8,0.37002489600532784
TRIP13,8,0.016651120320239757
GDF3,8,0.07509449695041458
PDE10A,8,0.3281144372980577
PLXNA1,8,0.006722850635082564
PDE1B,8,0.3281144372980577
CSRNP1,8,0.005001938505782512
GLRX5,8,0.015335476245554144
GRM1,8,0.010112356683171456
PLXDC2,8,0.2522890421707583
NOG,8,0.026428326698346657
BCLAF1,8,0.10828256397328649
TRIM72,8,0.05549331771984859
SART1,8,0.026641792512383605
FLAD1,8,0.008757255872126094
GTPBP1,8,0.029631933381215336
BCL6B,8,0.03921523847864465
PDE4C,8,0.37002489600532784
LZTR1,8,0.0721012716306603
FIS1,8,0.049561397887133866
CCL15,8,0.007585510368109221
LSAMP,8,0.01527071699525551
CALB1,8,0.026581996740069034
BAP1,8,0.025651459078704343
LYPLA1,8,0.014202377786231164
FFAR4,8,0.038083113560510015
PLA2G5,8,0.008829205157460463
ABAT,8,0.22262519182281992
SAP30,8,0.023013492837664695
GHRH,8,0.020358391152965245
PLAA,8,0.031061534325780574
PSMD3,8,0.4766948507481971
TRAP1,8,0.030860270646411354
PSMC1,8,0.47640705360685964
PLIN5,8,0.08306746389253186
KIF22,8,0.020608434172212003
NEXN,8,0.007400497920106558
SERPIND1,8,0.007201899013762473
LRRC4,8,0.007400497920106558
CRHR2,8,0.009250622400133196
NEUROD1,8,0.03348554328235953
GGT5,8,0.0411756239365031
GSTM2,8,0.03729282093227985
PDGFD,8,0.010633076525486434
GKN2,8,0.03626984030644224
PDIA4,8,0.02960199168042623
CCN4,8,0.058048465252501666
CCNA1,8,0.06708928484719459
TCF12,8,0.09477572639218419
KLF9,8,0.0274989531746711
GJA8,8,0.0057163239833100355
KDM2B,8,0.09216840749268554
SERPINA6,8,0.022150958646382717
PSMC2,8,0.47640705360685964
COX15,8,0.011100746880159837
CCDC8,8,0.008711002760125427
COX4I1,8,0.029288688896410026
NFATC4,8,0.02937586535508964
GIMAP1,8,0.04215323615292695
S1PR4,8,0.0689565139404823
GFM1,8,0.03605112823408805
PLOD2,8,0.023108210207216397
PSMC4,8,0.47640705360685964
NFATC3,8,0.07286406910504914
KLF12,8,0.017682721391664113
ZNF148,8,0.11100138597675314
TCFL5,8,0.012059389368541062
SAMD9,8,0.01753506868291915
GTF2E1,8,0.5812698143085291
TRAV1-2,8,0.014232583900190783
CPN2,8,0.041983737583134534
PSMC5,8,0.47640705360685964
MAT2A,8,0.012580846464181148
SEMA6A,8,0.003679692021386316
UCP1,8,0.02779859880894315
POLD4,8,0.25901742720372944
GAP43,8,0.32818602250591183
FUBP1,8,0.05575274628582565
PRDX3,8,0.031246546773783242
SCN3A,8,0.37446519475739176
CHST3,8,0.012167000711351688
TMBIM6,8,0.026821884871711485
MCM5,8,0.02902639739775128
TSPYL2,8,0.026489396019312852
TNK2,8,0.07718317211779052
LINC02598,8,0.015726058080226434
ACKR4,8,0.03993308677689498
MCM3AP,8,0.03103069891778013
POM121,8,0.5415725491811313
CHMP4A,8,0.46399837150401424
SCNN1G,8,0.3003376240952783
POLE,8,0.25901742720372944
RRAD,8,0.019814556569146786
MAN1C1,8,0.020880504881580653
TSN,8,0.1287735563595316
SEC62,8,0.011053756514834062
TNRC6A,8,0.014285700745601914
PGM1,8,0.009507584133470231
GPR31,8,0.045675873162897666
NMBR,8,0.02238484906734817
RPS7,8,0.08325560160119877
UBE2L3,8,0.06837652009749189
CDKL1,8,0.021603455172872557
CKAP5,8,0.026430157913173238
RUVBL2,8,0.045505661710735223
CIT,8,0.036887654226376944
GARS1,8,0.05883395846484714
SCLT1,8,0.0159110705282291
MAP3K4,8,0.010612314017432803
PGRMC1,8,0.035522390016511474
RTRAF,8,0.07042590064125374
GOLGA2,8,0.033650919988113745
BTD,8,0.005529816501412955
CELF2,8,0.26460777702162463
ACBD3,8,0.019364416320972334
BUB1,8,0.020960471372995136
PPA2,8,0.019564435410021435
TXN2,8,0.011809961264170046
PPP1CA,8,0.025802337336037366
MBL1P,8,0.054245649754381065
GABRA3,8,0.37002489600532784
TMEM41B,8,0.09480437437372423
GABRA5,8,0.37002489600532784
GADD45G,8,0.09795791717224786
ACADVL,8,0.018279731200249057
TUSC3,8,0.023869590258233438
ACAN,8,0.011137403774055202
CERK,8,0.04566107216705746
TNFAIP1,8,0.022201493760319675
MC4R,8,0.1792777755562713
LIN9,8,0.020721394176298362
CHCHD2,8,0.07654643352846215
CENPV,8,0.056868108560458916
PIGA,8,0.022106280556828128
CHGB,8,0.13508930619818074
SCRIB,8,0.03523377059762731
SCT,8,0.0106968127078365
TMEM119,8,0.014928086564874363
FZD1,8,0.005776499765416507
CHD7,8,0.01923636092699698
TMEM154,8,0.01898718242742746
LIMASI,8,0.018459377279454334
NR2F1,8,0.16686107149596907
FZD5,8,0.01781525975694985
SDHD,8,0.03690523760291022
LINC01554,8,0.04560521920817274
GOLGB1,8,0.020931850849300434
TLE1,8,0.031578454889595924
GPR37,8,0.0556818476884676
GPR39,8,0.19264802526838742
GPS2,8,0.37404120789738565
NHEJ1,8,0.041272576900434274
KRT81,8,0.01870241423115156
KRT8P3,8,0.012179986160175375
RPS23,8,0.08325560160119877
BIRC6,8,0.29145427057304796
GMPS,8,0.02307759590884212
MAP1S,8,0.016281095424234424
L1CAM,8,0.025098364971387233
NSD2,8,0.06371376456561073
FOXD3-AS1,8,0.03979885419640206
GPT2,8,0.00887112872646025
CDC6,8,0.02232627437802813
LACC1,8,0.050812079652522046
NRXN1,8,0.2782022068393939
TOR1A,8,0.02082327414793023
CNMD,8,0.01924129459227705
TMT1B,8,0.07360594519513143
CACNA1D,8,0.09250622400133196
NNT,8,0.007400497920106558
BFAR,8,0.011840796672170494
GRIN3A,8,0.5962320446122527
UCA1,8,0.08085215169002705
CNTNAP1,8,0.012210821568175819
CNTF,8,0.01652777868823798
GRHL2,8,0.25870984093884086
TRPS1,8,0.34747189030952674
CACNA1E,8,0.09250622400133196
GMCL1,8,0.24974096051732503
SENP1,8,0.04403296262463402
PLXNA4,8,0.22753364330134138
CD99,8,0.01861779074430633
NPTN,8,0.008605196440279992
CACNA1H,8,0.14551091869694227
THUMPD3-AS1,8,0.05316127123969879
CABIN1,8,0.03714309906101482
CLCN2,8,0.07400497920106557
SEMA3E,8,0.23225383157145557
PRKRA,8,0.024936015649686165
PGAM5,8,0.06549440659294303
LMO7,8,0.07400497920106557
GPR68,8,0.07007208632947931
LASP1,8,0.014800995840213115
FREM1,8,0.023954209127809444
SCGB1D2,8,0.33818640269242284
GATA4,8,0.02038692422843167
GPR55,8,0.2344176454320023
LBH,8,0.06270108543828155
TNXB,8,0.00909397852749094
PRKD1,8,0.17604312647709838
UBE2T,8,0.01554104563222377
LMAN1,8,0.23745963128987232
SEL1L,8,0.030496218512439104
LARGE1,8,0.0743750040970709
CLEC2B,8,0.017898104219777708
CLEC4G,8,0.08223866161149368
CDCA8,8,0.017441534611984468
FOXJ1,8,0.034484480767067095
CMAHP,8,0.03056405641004008
BLOC1S5,8,0.032784487814768296
PFN1,8,0.013046049986214512
LAMB3,8,0.37002489600532784
LAMC1,8,0.37002489600532784
NRIP1,8,0.10985164827123885
CLIC1,8,0.015726058080226434
GPRASP1,8,0.01978153094044483
TIMM8A,8,0.010179087056969321
LAMTOR5,8,0.016468780274263798
RPS29,8,0.08325560160119877
FOXP2,8,0.3380734580004999
CA8,8,0.019981344384287707
AXIN2,8,0.01976809935276274
KCNQ1OT1,8,0.09108850510635409
IL20RA,8,0.0224757558356624
VPS54,8,0.014800995840213115
ETNK1,8,0.19951886044316516
ARHGDIA,8,0.005234413292768701
P2RY14,8,0.013589418527870555
DMPK,8,0.010053255484503932
IL1RAPL1,8,0.011344334017482527
DMAC2L,8,0.019693853533092175
RAPSN,8,0.008973800756418753
MT-ND4L,8,0.3052705392043955
ETV4,8,0.013320896256191803
MT-ND2,8,0.3075831948044288
ARHGEF9,8,0.010545709536151844
SKIL,8,0.03657326072116661
SSBP2,8,0.040399318145861694
HCAR3,8,0.010856106724142165
DLEU2,8,0.026354593200384916
MT-CO3,8,0.027186551387058114
MSX1,8,0.020351369280293036
VPS13B,8,0.25614166699594426
SIX3,8,0.03302913790522735
SRL,8,0.023215963547059754
VRK2,8,0.2513568569825506
OTUD4,8,0.0656794190409457
ESRRG,8,0.025901742720372954
SPINT1,8,0.020291679883788064
OTUD5,8,0.021461443968309016
SPNS1,8,0.04650206620040538
DOT1L,8,0.03526383304809527
APOL6,8,0.012634911212875258
DOK1,8,0.033872078980327715
IGKV5-2,8,0.04879510857384005
NCSTN,8,0.009320268702350011
AGTPBP1,8,0.22414415567312634
MTHFD1L,8,0.24282495628785916
ESAM,8,0.011850438849710859
IGSF6,8,0.03214735436849724
SLC10A4,8,0.015232691552219327
RARRES1,8,0.06919465555299632
AGPS,8,0.015582159509557696
ARC,8,0.03543633181298459
ARF3,8,0.01924129459227705
RARG,8,0.269193111843876
NDC80,8,0.007434303393193447
ARL8B,8,0.02116070963728665
ST3GAL1,8,0.19424435876900933
IL4I1,8,0.04740489684743391
ST3GAL4,8,0.043823898558391
F13B,8,0.005159791605407629
INKA1,8,0.0275710532554547
ARRB1,8,0.04868578700115841
ARRDC3,8,0.07400497920106557
PAK3,8,0.009426795364509067
PAK4,8,0.016281095424234424
AEBP1,8,0.08088924257230218
INSIG1,8,0.06139222203483859
FABP7,8,0.00896796449346246
HAAO,8,0.01674557213696496
NDUFB4,8,0.33625834350779304
FAF1,8,0.048637716886033654
STC1,8,0.0281332657704413
INTS6,8,0.007570709372269009
VASP,8,0.04848177992036393
RAD23B,8,0.3047926206107195
DECR1,8,0.007400497920106558
RACGAP1,8,0.009404799440135418
VAMP5,8,0.07400497920106557
RAP1B,8,0.30028264047548453
HAL,8,0.013451259760865785
STAMBP,8,0.010469155327809489
EXOSC8,8,0.021363022009676495
DHX15,8,0.021324853632809806
MRTFA,8,0.025531717824367625
NDUFA10,8,0.3052705392043955
NDUFA11,8,0.3052705392043955
VIL1,8,0.012580846464181148
IL9R,8,0.05927618641444009
HAT1,8,0.016841683141682495
EXOSC7,8,0.020060899119443372
NDUFA12,8,0.3052705392043955
IMMP1L,8,0.15288260546493931
DGUOK,8,0.016814204201638327
RNF7,8,0.34316880526487464
RAPGEF5,8,0.024146540192730968
DGKB,8,0.2734778280808077
DGCR8,8,0.018962118779298882
STAG2,8,0.03252905245735086
HAO1,8,0.05673837678685102
NDUFA3,8,0.3052705392043955
RBM14,8,0.015324053660134439
DR1,8,0.011613013205859729
STN1,8,0.03500996485233424
HSD17B12,8,0.040599953867251244
SMPD2,8,0.010777194760793517
SMS,8,0.01060058335595165
EMD,8,0.012857036737483056
OGDH,8,0.03145211616045287
HSPA1L,8,0.010967126778824578
HSPA2,8,0.008880597504127868
SLC26A8,8,0.018748932815025585
SLC26A6,8,0.016584515838958792
MYOF,8,0.013260664425897602
MYO9B,8,0.05538039276879741
MYO5A,8,0.01799520423217813
MYO1G,8,0.04104736050468974
ANKH,8,0.04873818104968947
SLC25A20,8,0.004882272933403631
EIF3M,8,0.0345761256471906
HYAL2,8,0.006280006551139978
RIT1,8,0.031163496741568715
OPN1MW,8,0.019546680117641983
WNT4,8,0.2880553244389163
SMN2,8,0.11901998979897073
SLC30A1,8,0.0758551036810922
RNF144B,8,0.06297618160624009
SMC6,8,0.045296812886361365
HMX1,8,0.014635652327064248
NUPR2,8,0.0200501195455959
ALDOB,8,0.034116295411691235
YWHAH,8,0.20143574425669603
RHEB,8,0.019035725205607423
RHAG,8,0.00811999077345025
HMGN2,8,0.024721157732729288
HMGCS1,8,0.005763153246857279
RGS4,8,0.03990615718724127
NUP88,8,0.5415725491811313
SLFN12L,8,0.05058240328392832
SLC36A1,8,0.05573796638298941
ENSG00000236543,8,0.007400497920106558
NAF1,8,0.3061277322931156
YES1,8,0.07400497920106557
ALLC,8,0.026109935671401224
SLC31A1,8,0.04538922476211762
RIOK3,8,0.08615449889830108
ALDH1A2,8,0.010806624861972052
EIF2B2,8,0.05326415761143797
SLC22A4,8,0.021341597015880627
EGR3,8,0.02079334346163273
SLC22A2,8,0.005735385888082583
NCOA2,8,0.048843286272703276
SOX11,8,0.010175684640146518
WASF2,8,0.0351695912291222
WARS2,8,0.0407832063895864
DYRK3,8,0.017894815109590994
DYRK2,8,0.04421797507263667
RBP1,8,0.011840796672170494
EPS15,8,0.035914616406277126
SP4,8,0.17318811359829026
IGHD2-15,8,0.009564650026463133
APH1A,8,0.010257090117267685
MTRR,8,0.02494102264346279
SPARCL1,8,0.04546680909665466
DSG2,8,0.03418987340460925
DRD1,8,0.04628757325454793
RNF139,8,0.033960884955368996
APOBEC3D,8,0.05385712361357547
SLC15A1,8,0.02335268232566958
ERCC6L2,8,0.04878408228934243
EBAG9,8,0.0381495667781493
SLC17A6,8,0.015113374864292184
AP2M1,8,0.5655542109006058
HGFAC,8,0.053854398940326786
SLC22A12,8,0.03433458258338154
ENTPD2,8,0.031084204192069212
RDX,8,0.022062844612109285
SNX10,8,0.05827426703201087
MYH7,8,0.02181378989706076
MYH11,8,0.013135883808189142
AKAP1,8,0.020775458924992475
MYEF2,8,0.0773887646122837
ZBTB24,8,0.012431808658845665
ECD,8,0.01997850417897968
EEIG1,8,0.0365479158873065
ANTXR1,8,0.5552429541580265
MXD1,8,0.046121403770722734
SOCS5,8,0.06931107428504214
NUDT15,8,0.045677723287377694
AP1G1,8,0.5036449973405852
MUS81,8,0.020721394176298362
SORL1,8,0.17344656748860426
VAMP3,8,0.06600803090417098
KRT31,8,0.032652697683205105
MMP25,8,0.04248625855933175
STX8,8,0.01581768231663418
ATG13,8,0.026317765981839845
PAX3,8,0.3046107093006278
H3P14,8,0.026826804960386277
CUL1,8,0.025124467958363605
SH2D1B,8,0.01068689262715963
ATG10,8,0.2485457008738828
USP14,8,0.05317052186209892
USP41P,8,0.07196244177511615
ATP6V0A2,8,0.0064472373581353735
KCNH1,8,0.24210904441521394
SF3B2,8,0.005234413292768701
PTPRVP,8,0.01970689117571888
SUGCT,8,0.3115430784903371
SUFU,8,0.033487253088482175
SUCLG1,8,0.023341908511191764
USP3,8,0.2446550308244112
CYP2J2,8,0.11317976729854087
NDUFV2,8,0.3052705392043955
H2BC12L,8,0.022149840346698122
STXBP2,8,0.03617363383348086
STXBP1,8,0.034042290432490165
GUCY1B1,8,0.2682680496038627
PAWR,8,0.04231604710716929
ZFPM2,8,0.06313351335378951
PAX7,8,0.2258499050332736
SUMO3,8,0.046623136896671316
FANCC,8,0.03922263897656476
MLXIPL,8,0.03476030972266366
H2BC6,8,0.5036449973405852
CYP8B1,8,0.014311423891407944
H2BC7,8,0.5036449973405852
ATP6V1C1,8,0.01978153094044483
ATL1,8,0.022201493760319675
SFTA2,8,0.004964500688071482
SUV39H1,8,0.037552985539212824
ROBO4,8,0.013320896256191804
ITLN2,8,0.025901742720372947
NDUFS8,8,0.3052705392043955
DAB2,8,0.026641792512383605
H2BC5,8,0.5036449973405852
ITGBL1,8,0.02827606913640714
ITGB6,8,0.01678371257464166
ATP6V1E1,8,0.038815187392456145
NECTIN4,8,0.0889552039194211
H2BC4,8,0.5036449973405852
ADI1,8,0.04574200543497987
USP21,8,0.04128737789627448
SH3GLB1,8,0.017463119397584777
ITPR2,8,0.00703047302410123
FBXO11,8,0.007400497920106558
USP4,8,0.039757119381905785
ADGRL2,8,0.011803606279635304
MRO,8,0.018949842380689485
SI,8,0.10535431066818363
SIGLEC11,8,0.052556691673503415
STOM,8,0.03893112430064653
PCSK5,8,0.2775500565571312
RAB9A,8,0.051618472992743226
PTPRH,8,0.0159110705282291
PYHIN1,8,0.03749832296117993
H3P47,8,0.009620647296138525
USF2,8,0.03137326771478425
ROS1,8,0.04065541715808684
QPRT,8,0.024791668032356967
DDHD2,8,0.016269994677354262
PTPRO,8,0.08127185701983687
NTSR1,8,0.05037421288757866
MKNK1,8,0.0512248069904206
KCNJ3,8,0.1871494206817871
DDX1,8,0.01417510441557366
H2AC12,8,0.5046625658045999
GUCY1A2,8,0.2682680496038627
PATZ1,8,0.020721394176298362
RPA2,8,0.03504054542225204
CTAG1A,8,0.078445058049823
IRS2,8,0.04450020770774842
SGMS2,8,0.033509935805587705
ATP2B1,8,0.01889609612814936
KAT2A,8,0.026271767616378283
H2AC4,8,0.5046625658045999
ATP5F1E,8,0.005111071660766925
CTAG1B,8,0.078445058049823
ATXN2,8,0.07968351846137778
NLRP7,7,0.016283424045257348
MAP3K3,7,0.009219950841655234
PCMT1,7,0.03176972086285744
GMCL2,7,0.013506821180553663
RUVBL1,7,0.03491863272786278
IDH3A,7,0.01134823983582925
GSTA1,7,0.02832766705246121
NMT2,7,0.3704874271253345
MAP4K1,7,0.014295911857165841
KIF14,7,0.004763124373778477
MYL12A,7,0.034606749295840254
NCALD,7,0.04464396644077154
PODXL,7,0.02294154355233033
PLXNC1,7,0.29332660605350935
PLXNB1,7,0.022201493760319675
MUC6,7,0.01769589520518716
GMNN,7,0.00998901505116968
PNMA2,7,0.12372025733869356
HHEX,7,0.02281368362282417
RN7SL1,7,0.014800995840213115
RPL31,7,0.08325560160119877
PXDN,7,0.03914123349944359
NUDT21,7,0.09500286420243458
KAT8,7,0.0405177261125834
PNKD,7,0.0138582003272012
MYH10,7,0.008880597504127868
MAP3K13,7,0.011820239733503527
MXRA8,7,0.05952005305773499
NNMT,7,0.018708668540418395
IFIT1B,7,0.040199504702018815
PSMF1,7,0.3150543770018737
IFI30,7,0.052800404703343004
GNA13,7,0.009106723829464458
HEXA,7,0.006238241121401931
IER2,7,0.01613719685356569
GSTM3,7,0.012436947893512408
HHAT,7,0.04234548977118476
LIPG,7,0.07149703268369613
PMM2,7,0.025673581497406554
MAP3K19,7,0.031381262079821406
HESX1,7,0.01537042304128798
IDUA,7,0.009461374850078582
IFNG-AS1,7,0.009428627764789928
KIF5C,7,0.052237360433013295
LOXL3,7,0.014615983392210452
KATNB1,7,0.015147379358172708
IDI1,7,0.017924005962498085
MUTYH,7,0.026066198229708654
IDE,7,0.013023630337186705
PROK1,7,0.06913147490984681
ID4,7,0.17318811359829026
RPL23,7,0.08325560160119877
HLX,7,0.03129670570413063
NEK6,7,0.29978086256376085
RING1,7,0.017182504598899924
PLIN1,7,0.014800995840213115
HPN,7,0.009415077909468897
PTPRN,7,0.007400497920106558
MLANA,7,0.03757018166328817
OBP2A,7,0.02045890316239792
PLEKHA7,7,0.05887836145236777
NAAA,7,0.013947603881287707
LYL1,7,0.06068408294487377
HRH3,7,0.02146144396830902
OCM,7,0.006578013905462655
GTF2I,7,0.06332010341914074
PKNOX1,7,0.03415329790129176
ODF2L,7,0.05679446285983358
LRRCC1,7,0.04199990777882431
RPL18,7,0.08325560160119877
GM2A,7,0.019951742392607278
PDE12,7,0.007400497920106558
PDCD5,7,0.22981055624022834
PLAGL1,7,0.27580376973481757
RPL15,7,0.08325560160119877
LTB4R2,7,0.07400497920106557
HOXA9,7,0.014840452576572866
LXN,7,0.030544759777486448
GJB1,7,0.04014535736305661
PLCB4,7,0.021438275229833853
LRRN3,7,0.038652800636716556
RGS5,7,0.05877228764884624
PTPRF,7,0.00657512424674719
PTPRG,7,0.028451321480950892
RGS3,7,0.0922310908641391
PLCL2,7,0.03919303698488432
GJC1,7,0.009620647296138525
GTPBP4,7,0.013390378708886135
PLN,7,0.028478290829024252
GTF2H5,7,0.5941206329374806
NAT1,7,0.022373663320556823
RIT2,7,0.2275771141054382
ONECUT1,7,0.004440298752063934
PVALB,7,0.027149548897457583
PLXNA2,7,0.31425911051068944
MUC20,7,0.009654935663848166
MLPH,7,0.005920398336085247
MAML2,7,0.22713292232740143
OPLAH,7,0.03402008893872984
MAML3,7,0.005069359731848127
HSD3B7,7,0.03959128846603274
KIF11,7,0.01854235867760032
PIK3R4,7,0.015425515636915441
HIP1,7,0.04010658733924415
MANEA,7,0.03577753658055225
RPL26,7,0.08325560160119877
OPN1MW3,7,0.01881569380664461
REEP6,7,0.044501819659121825
HULC,7,0.04070273856058607
KHDRBS3,7,0.007009916085434267
MAGI2,7,0.011840796672170494
MAGI1,7,0.2758192524869617
KDM4B,7,0.07920588468380714
KDM5A,7,0.2301277321071572
PDE6D,7,0.3281144372980577
OGN,7,0.023311568448335658
RPL23A,7,0.08325560160119877
MACROH2A1,7,0.0700697644320489
MYOG,7,0.010109353086021783
PTTG3P,7,0.035100561635065405
MAEA,7,0.010435318775510254
GLIS3,7,0.32052779454723673
MYOD1,7,0.07433616659433667
OLIG2,7,0.01840598104055236
REPIN1,7,0.029508457609491542
NUP188,7,0.5419425740771366
HTRA2,7,0.07920548321751625
REG4,7,0.2501109854133304
PIF1,7,0.011100746880159837
POLDIP3,7,0.021167986477318993
NDUFA5,7,0.3052705392043955
GPR15LG,7,0.05890688743247355
NR5A1,7,0.019426307040279714
KPNB1,7,0.5518510185146126
KREMEN1,7,0.03966266453040513
RAB33B,7,0.02015442122198272
MGAT1,7,0.010327701453549703
HAUS3,7,0.013320896256191803
MGA,7,0.016835395514917306
NISCH,7,0.008542847001829673
MFSD2B,7,0.03934844744120657
MED23,7,0.024771111093690006
GRIP2,7,0.014230014282857409
H3P22,7,0.02730917015801133
ISM1,7,0.05888432296458119
RAB3A,7,0.004255286304061271
NDUFC1,7,0.3052705392043955
MFSD2A,7,0.05289300319009492
NDUFC2,7,0.3052705392043955
KPNA2,7,0.0414258970854263
MSH6,7,0.014488053227353716
MCM6,7,0.0065165495574271625
PEA15,7,0.010423862938044483
LHB,7,0.012858648318503516
NFIX,7,0.02275735248329562
NDUFS5,7,0.3052705392043955
KCNK3,7,0.008675028117458242
LGALS7,7,0.010057482242811479
NDUFS3,7,0.30739304312175936
PELI2,7,0.03151872064173383
NUCB2,7,0.009970115253476889
PHF13,7,0.05807930066050211
MT-ATP6,7,0.019652433365616305
MCOLN3,7,0.029231966784420905
PEMT,7,0.06695202041517463
PHF11,7,0.062245136848407864
MSRB1,7,0.029980535120097525
PAX2,7,0.22870660513507177
NDUFA2,7,0.3065656263404141
GREM2,7,0.04495035254341427
PYGL,7,0.0309192803102052
RPS14,7,0.08325560160119877
MELK,7,0.04571954407168415
NDUFB2,7,0.30601058899640615
PRPS1,7,0.03757232794038099
PALLD,7,0.21236345748686816
PFKM,7,0.07862659015217212
PFKFB2,7,0.0573309880769535
PRPF8,7,0.01716170281053185
PANK1,7,0.020463938907686736
PARP12,7,0.07854384556063926
PEX13,7,0.00982128301752808
PROX1,7,0.03478234022450082
PRMT6,7,0.008888409140821315
KRT86,7,0.0068322066604548735
IQGAP2,7,0.3061277322931156
IPP,7,0.014112338394869866
METAP1,7,0.016281095424234424
MRPL13,7,0.008485979505112325
RPS2,7,0.08325560160119877
GPRC5A,7,0.06882463065699099
PFN2,7,0.014871573497610351
NDUFB7,7,0.3052705392043955
H3P43,7,0.025536437731150406
PGC,7,0.03080244691091625
MFAP2,7,0.3520799010558812
NDUFA7,7,0.3052705392043955
NDUFA8,7,0.30579277872978844
PAF1,7,0.023952824389579797
NDUFAF1,7,0.30693565123641947
NDUFAF2,7,0.3052705392043955
MRGPRX2,7,0.05920398336085246
PARS2,7,0.015541045632223771
NDUFAF4,7,0.3052705392043955
NDUFB1,7,0.3052705392043955
INPP4B,7,0.029500663904755975
NDUFB10,7,0.3052705392043955
PGAM1,7,0.02142033009097509
NDUFB11,7,0.3061956014444088
NDUFS7,7,0.3052705392043955
NDP,7,0.044431471874618704
LIG1,7,0.37002489600532784
MCEMP1,7,0.06522940466303155
MTPN,7,0.19253413220275772
RBM38,7,0.031762937073097346
JAML,7,0.008397509445454246
RNF135,7,0.010147913894124892
KLF14,7,0.08468182022304793
H2BC10,7,0.5036449973405852
PIAS3,7,0.030342041472436885
NDUFV3,7,0.3061956014444088
NLK,7,0.03564819848115328
NKX6-1,7,0.007400497920106558
PIAS2,7,0.022201493760319675
JAGN1,7,0.005974463084779357
NCOA7,7,0.030805353150126037
RBM24,7,0.022201493760319675
GON4L,7,0.04312270138046091
HDGFL3,7,0.17238778543813585
RBM15,7,0.03163712860845553
POU1F1,7,0.02739109757162004
RBM47,7,0.011100746880159837
IGHG4,7,0.07125690762851551
KISS1,7,0.034412315328495494
JPT1,7,0.00748898020385138
POLH,7,0.022201493760319675
PIGK,7,0.01850124480026639
POLR2A,7,0.6007093390100392
OSMR,7,0.3253227767728995
GSS,7,0.010076279255810935
POLR3A,7,0.1826139337048789
MAPRE3,7,0.009415077909468897
PDLIM5,7,0.009188936767383419
RNF125,7,0.023718316471726997
PDK2,7,0.007400497920106558
NEB,7,0.010116686226172332
RBMX,7,0.04070273856058607
KLF1,7,0.053056430852497276
RBM8A,7,0.009142292413929502
RTN4R,7,0.049768348512716595
RNF149,7,0.07400497920106557
PBX3,7,0.03995213914768143
IGKV1-5,7,0.010447811771591497
GP1BB,7,0.005095024662725878
PSMB2,7,0.47659921192826993
GORASP2,7,0.020351369280293036
OVGP1,7,0.04938188773826018
LIN28B,7,0.2624812143980741
LIN28A,7,0.00795553526411455
LIMS1,7,0.00858766112812365
IGSF8,7,0.058206474853374296
OXR1,7,0.20145398390915065
PPP1R1B,7,0.0547881518141635
MTAP,7,0.009620647296138525
ITIH2,7,0.01924129459227705
RTEL1,7,0.045245517318263644
RNF19B,7,0.07340882797972366
ITIH1,7,0.01924129459227705
PDZK1,7,0.024083892634053437
KLK7,7,0.008880597504127868
PPP4C,7,0.021153089888304583
MC3R,7,0.2452329653503137
PI4KA,7,0.11895719375494959
PPM1B,7,0.22610662759019257
RBL1,7,0.20401494580083487
PPIC,7,0.03360566105520388
RAB1B,7,0.06580045267318849
RBFOX1,7,0.2782022068393939
PPL,7,0.004070273856058606
RBBP4,7,0.46253112000665986
PBX1,7,0.3027415529452732
MILR1,7,0.04685707485870134
IGSF1,7,0.049583336064713934
NCR3LG1,7,0.03105122439174506
MBNL1,7,0.012832142453503947
PPP1R12C,7,0.01611661791250578
PPP1R13B,7,0.015781160178246576
KLHL17,7,0.005347132674433212
NFIA,7,0.07948914041981663
IGLON5,7,0.035440984539390305
PTPN4,7,0.0045787245978061554
NOX5,7,0.040731287533571504
CLPX,7,0.06568206010903156
UCHL5,7,0.018226877026831997
BAG6,7,0.0265416802210755
ZFAS1,7,0.08054552118477876
CTR9,7,0.015425515636915441
FBXO15,7,0.3132568779993911
FBXO2,7,0.04047661223524948
UNC119,7,0.04440298752063935
CTBP2,7,0.2963385527255956
BBOX1,7,0.03610361383325729
SFRP2,7,0.011470771776165165
WDR77,7,0.032377178400466194
CST5,7,0.025738446111454105
FBXO6,7,0.014800995840213115
TAS1R2,7,0.020356665175513596
BCKDK,7,0.04125129615901267
BCL2L12,7,0.03456772578481773
ADGRD1,7,0.060515847536517786
CSP1,7,0.01672286313760873
CSN1S1,7,0.027936879648402257
SF1,7,0.010743359939847949
TBC1D10C,7,0.03953345988920923
ADCY9,7,0.011100746880159837
CRTC1,7,0.021276431520306355
FCRLB,7,0.02294154355233033
FDX1,7,0.07481697827841059
FDXR,7,0.025901742720372947
CRNKL1,7,0.035408716876916047
ADCY7,7,0.0159110705282291
CRLF1,7,0.004697260485400968
ADCY5,7,0.010360697088149181
CTTNBP2,7,0.08155908377324243
ADO,7,0.055361878938116324
ADRA2A,7,0.5867105020544691
FAM3B,7,0.00961156222429
FAM111A,7,0.03096902810177924
SIGLEC8,7,0.058190115145797874
AGO4,7,0.03898521457975132
ATP5PF,7,0.01000689958780994
ATP5PO,7,0.2067595613636071
SUCLA2,7,0.007494452802297057
DBH-AS1,7,0.007400497920106558
SULT1E1,7,0.05772388377683116
DAP,7,0.31977114671560275
DACH1,7,0.1544077668271439
DAB2IP,7,0.30344070286403024
FAM20C,7,0.032747203296471517
USP11,7,0.02960199168042623
FAM3D,7,0.03817916876982973
BAAT,7,0.013320896256191804
CYP7B1,7,0.16314157187297929
USB1,7,0.01688610559367462
SYN2,7,0.009792914442167672
CYP21A2,7,0.008695585056125206
SYNE2,7,0.04292288793661803
CYP17A1,7,0.02812189209640492
AFF3,7,0.01118374339319078
AFF1,7,0.03662506420660735
AZIN2,7,0.007400497920106558
FAR1,7,0.27221628867218406
FAT4,7,0.3215717113912307
SH2B1,7,0.005516831052589265
ADRM1,7,0.47657150911619534
BEX2,7,0.012097758405507525
CREB3L3,7,0.05205016870474945
CLDN8,7,0.027711665799424856
SERPINI2,7,0.032784205786072045
FMOD,7,0.009875448802876524
BMPER,7,0.00943563484813586
ACY1,7,0.011691758866835012
ACVR2B,7,0.03483282202458423
CNTN3,7,0.3377125747493876
ACVR2A,7,0.03631424329396287
TGM6,7,0.07400497920106557
TGS1,7,0.03225043138912482
UBE2D1,7,0.03151872064173383
ACTR3,7,0.024133439936812034
BPIFB1,7,0.030311206064436443
THEMIS2,7,0.007585510368109221
ACTN2,7,0.02504524834046758
FNDC3B,7,0.2738717560523824
BRD1,7,0.07005470606963987
FOXA1,7,0.01925424546363724
CMIP,7,0.2090042737068668
CMC4,7,0.020079300202513264
CLSTN2,7,0.02362106672283805
CLSTN1,7,0.010349596341269023
CLPS,7,0.007400497920106558
CLPB,7,0.03212448878133649
TIFAB,7,0.04193862171324386
TIGAR,7,0.04269676161128144
BRD9,7,0.03493775068082306
UBASH3A,7,0.04612874252173085
UBAC1,7,0.009250622400133196
UBA7,7,0.023722065659348198
TIMP4,7,0.03889372795789335
COL14A1,7,0.009115974451864592
FMO2,7,0.07194826715991844
COL17A1,7,0.060507087702951226
SERPINA5,7,0.015541045632223771
FEZF2,7,0.16186491750476822
FFAR3,7,0.034564189385380154
TBX5,7,0.11561481603924137
ZGPAT,7,0.049934020533108615
BHLHE41,7,0.04170920627772056
FGF10,7,0.018188349314934
CPM,7,0.017761195008255737
TDRD9,7,0.04845907196437185
UBTF,7,0.015726058080226434
FIBCD1,7,0.007400497920106558
ZKSCAN3,7,0.04295125651197844
TEF,7,0.004625311200066598
TENT4A,7,0.008829205157460463
ADAMTS4,7,0.016281095424234424
TFEC,7,0.01807756629434029
COPS5,7,0.010187402095186685
COPG1,7,0.036876681135890974
FKBP8,7,0.015726058080226434
SERINC5,7,0.08289064837769547
COPB2,7,0.014871727200801765
ZKSCAN7,7,0.01125759632218876
BLOC1S4,7,0.02048910076936168
COL8A2,7,0.0051803485440745905
TFAP4,7,0.06429079783399236
SEPTIN6,7,0.07586563619876067
COL6A1,7,0.03494515117874317
UBE4B,7,0.04354519747778044
UBE4A,7,0.04354519747778044
AGTRAP,7,0.03840118370743292
DDB2,7,0.011100746880159837
ATP1B2,7,0.07400497920106557
SIN3A,7,0.012190264629508856
ARF4,7,0.04500188452401919
EFNA5,7,0.008227914701451804
SLC30A10,7,0.009710993293540823
VRK1,7,0.1620073500024128
SNX9,7,0.022512723747799425
SLC2A10,7,0.01891136539915478
ARHGAP31,7,0.015331804880018757
ARHGAP5,7,0.012381842786011473
SLC27A4,7,0.027410210879754676
EDN2,7,0.34936543495490524
ARHGDIB,7,0.031903546533579366
SOCS7,7,0.008140547712117212
SOST,7,0.020166356832290372
SOX1,7,0.2169925577707216
ARHGEF3,7,0.2906656238185582
SOX10,7,0.022236367998444213
ARID4B,7,0.04937776667804431
AMD1,7,0.012309247584526383
SP140L,7,0.07196244177511615
SP2,7,0.014255939133401355
YARS1,7,0.11100746880159836
DUX4,7,0.09416843400853041
SP5,7,0.01406094604820246
SP6,7,0.04051032561466329
SLC22A8,7,0.35310653548241755
DUSP11,7,0.04495022103026514
ARL4C,7,0.04384013369851753
DUOXA1,7,0.28296414560781114
DTX3L,7,0.02871804331774683
SNX1,7,0.014303087906878053
EGLN3,7,0.08991966704716454
EGOT,7,0.010401284456135614
SMR3A,7,0.022217827084648346
SLC9C1,7,0.004879806100763596
ENSG00000254051,7,0.010174313012209385
SLC6A6,7,0.007400497920106558
ENSG00000251605,7,0.010174313012209385
SLC6A19,7,0.008140547712117212
SMC4,7,0.009836103153021015
SMCHD1,7,0.033836721045820535
WIPI1,7,0.022988033010462202
SMOC2,7,0.14474427985858285
SLC51A,7,0.020654615183092296
SLC4A4,7,0.3220852888362835
SMPDL3A,7,0.0227874269067372
WIPI2,7,0.023681593344340987
SMURF2,7,0.16217842118048342
XPA,7,0.017740638069588775
APBB1IP,7,0.03840118370743292
APLNR,7,0.029543700173424572
SLC3A1,7,0.030438247945398275
ELL2,7,0.22555994528621057
APOA5,7,0.08342466983585373
APOC2,7,0.009065609952130533
EIF4B,7,0.05495650869348464
SNRNP70,7,0.014800995840213115
SLC38A1,7,0.01800509265239039
SLC37A4,7,0.25901742720372944
ANGPTL1,7,0.011287198313869188
EIF2AK1,7,0.08051041452715303
AQP8,7,0.012424202591538891
SPAG6,7,0.123853669258522
DSG3,7,0.03188874553773916
DSE,7,0.01638470239511592
ATG14,7,0.05425464807088891
SLA2,7,0.00986814025180794
USP8,7,0.04946244867947139
DHRS9,7,0.34801662699176633
DHRS3,7,0.01554104563222377
SKI,7,0.2596576191552051
USP6,7,0.03598122088755808
DGKE,7,0.01670712539222641
DGCR5,7,0.01484387338891783
DFFA,7,0.015335476245554144
DERL1,7,0.05381806543010824
STAR,7,0.02868717333228288
STARD13,7,0.15600638304122294
SIRT4,7,0.05358781267830656
EXOSC3,7,0.012550880062419435
ZBTB1,7,0.044713808433283826
DELEC1,7,0.039962688768575415
DEGS1,7,0.008559886530819943
ATL3,7,0.019590762549615413
ATOH1,7,0.055860755049335506
USP39,7,0.10923172878520734
STK26,7,0.019030585970940685
DDX60,7,0.04046195822493013
F12,7,0.012118315344174489
DDX56,7,0.03427002599693599
F2RL3,7,0.031585189312371136
STK39,7,0.0749300414410789
DDX39A,7,0.00888059750412787
ATP1A2,7,0.07400497920106557
UTP25,7,0.007400497920106558
ESRRB,7,0.008510572608122541
SLC1A4,7,0.0797097238404469
ARSH,7,0.013320896256191803
SLC1A1,7,0.0720359855606247
EPB41L3,7,0.27037968967741227
SPIC,7,0.04231234685820924
DPP10,7,0.2782022068393939
SLC17A9,7,0.016281095424234424
EPHA5,7,0.2761576013482756
VIM2P,7,0.06326419398944674
SPOCK2,7,0.02417742670498813
DPEP2,7,0.015335476245554144
ALDH5A1,7,0.0989302673347578
SPRED1,7,0.03997748976441562
VDAC2,7,0.052864840184121194
SPSB1,7,0.05240294055102461
ERBIN,7,0.27564431062085504
DKC1,7,0.037535325450780456
DNAJB9,7,0.01182250158151326
ASCC2,7,0.025565115786870554
DNAJA4,7,0.03774253939254344
SRM,7,0.011033181011136355
AKR1C4,7,0.025161692928362296
SRSF11,7,0.025536437731150406
DMP1,7,0.04082114652730776
SRSF5,7,0.03042931347938941
ERO1A,7,0.010360697088149181
ERRFI1,7,0.02867692944041291
SLC10A7,7,0.27543366138192604
DLG4,7,0.01814781299374066
DLG1,7,0.023539737881658123
TIPARP,7,0.07864022419088315
SLC9A1,7,0.030370410047797294
TNIP3,7,0.04440298752063935
SCARA3,7,0.03537329671360852
TMED3,7,0.027373968455893547
ZNFX1,7,0.03320787625101874
CBLL1,7,0.011148850116640529
GGCT,7,0.03706169358389364
FUZ,7,0.012990225311852894
TRIO,7,0.7629745728686341
GGPS1,7,0.024832781909690894
CACNA1G,7,0.09250622400133196
CHST4,7,0.032088558981582034
SAMM50,7,0.04103699438331088
CACNA2D1,7,0.31425911051068944
ACER3,7,0.07653552576508786
TRIP12,7,0.2406513058070043
CBFB,7,0.04477301241664467
TNFSF12-TNFSF13,7,0.04639372146114801
CCNY,7,0.03149125344808956
GALNT14,7,0.040532527108423616
ACSBG2,7,0.017021145216245082
TSPAN18,7,0.2730041705522517
ACD,7,0.01066396798167461
TWF1,7,0.019021430811053692
GDF6,7,0.05444266081479261
TWIST2,7,0.01406094604820246
TMEM268,7,0.04984235349191767
CHD3,7,0.013485351765527504
GDF11,7,0.048483539846031425
GDI1,7,0.019426307040279714
CDC42EP1,7,0.04374217193327163
ZNF346,7,0.022752372401056646
G6PC3,7,0.06384005152679542
SDCBP,7,0.04936748820871082
SAT2,7,0.018871025870145226
FUT7,7,0.051577770254182656
GADL1,7,0.007400497920106558
GBP6,7,0.4635898023480084
C1QTNF6,7,0.042434455073891
CAP2,7,0.014817011373552123
CCDC88B,7,0.037017290596373
ZNF395,7,0.015230224719579294
ABCD2,7,0.10231328899275577
ZNF385A,7,0.009250622400133196
TRAFD1,7,0.03911903200568325
CASP10,7,0.07400497920106557
TNFAIP8L1,7,0.009990672192143854
TRIM6,7,0.02812189209640492
TUBA3E,7,0.46253112000665986
TMEM115,7,0.03657326072116661
TRIM65,7,0.016281095424234424
CAVIN2,7,0.008880597504127868
GATAD2B,7,0.0595838582695892
CBFA2T2,7,0.015537923347939946
TRIM4,7,0.016937260320603057
ABCC5,7,0.01606524756823132
CDK11B,7,0.01060008089088696
FUCA1,7,0.008880597504127868
CCNT1,7,0.5943471923966392
CCDC26,7,0.011100746880159837
CEMIP2,7,0.022455988661016668
CELSR3,7,0.005356521508450461
CAPZB,7,0.019774231479179054
ZNF341,7,0.6789264128689051
TSTD1,7,0.015147379358172708
SCNN1A,7,0.11456849517817665
CALD1,7,0.009250622400133196
ABI1,7,0.014567427297092232
GCGR,7,0.29851267244332363
GCK,7,0.024339864428344255
TMEM165,7,0.0197519289487644
CELA3B,7,0.011655784224167829
CLCF1,7,0.03152036519682718
FRK,7,0.07400497920106557
GALR1,7,0.03436051184305474
CD8B2,7,0.045472359470094745
TRPM4,7,0.027011817408388934
GAPT,7,0.04075454204602681
TSPAN9,7,0.04760740312004549
CLCN3,7,0.04458799996864201
ZNF335,7,0.0414205868588364
SELENOM,7,0.014156124674230499
GAS1,7,0.010561818177875416
GINS1,7,0.007400497920106558
FOXQ1,7,0.1673514689232108
GINS2,7,0.036223998333214914
CADPS,7,0.2347618830323796
TRGV9,7,0.03447943498044515
ZNF639,7,0.0222426076376536
AAGAB,7,0.24808110882190068
CD109,7,0.02975636041869275
CHAF1B,7,0.02704797024944888
GALNT2,7,0.2888723594149527
AADAC,7,0.030689864874681894
TRPM7,7,0.07584996444642547
TLX1,7,0.0383789822136726
TXNDC5,7,0.01406094604820246
CDKN2B-AS1,7,0.037824343422557145
CACNB4,7,0.09250622400133196
CDCP1,7,0.043531990029320136
IGKV4-1,6,0.007400497920106558
SPTLC2,6,0.029807561067095853
RASSF2,6,0.03377587250736633
DNAJC15,6,0.043234621325621704
IHH,6,0.027279941802895554
CDCA7,6,0.46253112000665986
DPP3,6,0.03795588639776455
IGKV2D-29,6,0.007400497920106558
DPP6,6,0.2275771141054382
MS4A6A,6,0.00911219267322305
SPIN1,6,0.03429945393449489
PMS2,6,0.0047897667094023
SPX,6,0.021374753998948063
RBM15B,6,0.01683613276824242
DOK2,6,0.07400497920106557
LNP1,6,0.009620647296138525
RBM10,6,0.03278831717380545
DOCK11,6,0.038907896746294406
ARSB,6,0.015443934485214453
RBBP6,6,0.024964115842791762
PACS1,6,0.5036449973405852
PACRG,6,0.1040936193654152
SPRED2,6,0.03164452910637564
SPRY4,6,0.07472447205440925
SPON1,6,0.007400497920106558
RASD1,6,0.06211347334957851
RASA3,6,0.07764486615964726
RASGRF1,6,0.014596479219683128
CAPNS1,6,0.010430538813421595
RASGRF2,6,0.007400497920106558
MRTFB,6,0.2895898813173792
PAICS,6,0.013875933600199794
DNMBP,6,0.014339245277888948
TOR1AIP1,6,0.05222420519009064
ASL,6,0.021885533613008455
SRD5A1,6,0.008105591783812588
ASPN,6,0.0077598037246997395
CDKL5,6,0.07547993955042014
ST6GAL2,6,0.007803635370196055
TRMO,6,0.031529311435248376
MPV17,6,0.007061052260714469
CDR2,6,0.011270958332322287
STAB2,6,0.012655468151542221
STAC3,6,0.013173692593228129
TRMT1,6,0.04873289551206168
POLE4,6,0.07456574445483143
PASK,6,0.029951459637764594
TNNI3K,6,0.2227312773467701
ATAD3A,6,0.01406094604820246
RAPGEF1,6,0.28970542852319525
RAP2A,6,0.014578351608569094
USP49,6,0.03162972811053543
PILRA,6,0.04705236577603749
TNKS2,6,0.01979633193628504
ATF1,6,0.03219483835449023
DEPDC5,6,0.19989594510166034
RANGAP1,6,0.37002489600532784
POLK,6,0.07525895245975028
DEPDC1,6,0.16314157187297929
DENND2D,6,0.011148850116640529
TNKS,6,0.047284565596914734
MAMLD1,6,0.020205154964191025
ATG16L2,6,0.013524263876156824
RAMAC,6,0.011100746880159837
MOS,6,0.011100746880159837
PAX8,6,0.009250622400133196
TNP2,6,0.006660448128095901
ST20,6,0.018686257248269056
LNCARGI,6,0.01850124480026639
DIAPH2,6,0.01621695761157111
DNAJB4,6,0.06528883720627342
PJA1,6,0.007570709372269009
PARG,6,0.0384825891845541
ASCL2,6,0.028491916992410247
SRPK2,6,0.004625311200066598
SRR,6,0.0422050396383677
CDH3,6,0.008140547712117212
SRRT,6,0.018237772204325486
SRSF10,6,0.013362010133525727
TRIM9,6,0.030815673339323703
ASIC5,6,0.029217988066127364
SRSF6,6,0.03410396124849105
DLX5,6,0.03155261929210223
TNS3,6,0.023300454216995958
DLL3,6,0.03700248960053278
DLGAP4,6,0.27742484917262705
CDK14,6,0.2943391651634942
MRFAP1L2,6,0.012779288280086893
MREG,6,0.07013788726580995
TNS1,6,0.005365360992077254
SSPN,6,0.005365360992077254
SSRP1,6,0.5851722764203676
CDK5R2,6,0.014092876660905806
MRAS,6,0.32054045423346283
ST14,6,0.3475633925807109
CDK8,6,0.07106079556636197
PIM2,6,0.03317823673918156
DIDO1,6,0.0496221886787945
DIAPH3,6,0.1655558335853382
MS4A7,6,0.005075607463084036
CLDN6,6,0.02467306416873107
RBM25,6,0.020385633305526764
APIP,6,0.028563866277744616
SNHG1,6,0.07863006866141171
REST,6,0.015171020736218442
CCDC3,6,0.2681582455727736
SNF8,6,0.46549131917470243
ELOVL2,6,0.005036449973405851
SNAPIN,6,0.0477229331153538
LUCAT1,6,0.01055352117284529
LRSAM1,6,0.04026488468699536
OSR1,6,0.28534039517868814
EML1,6,0.008964264244502407
SMPX,6,0.007400497920106558
EMP2,6,0.023356007299379953
HSDL2,6,0.014800995840213115
LSM1,6,0.016343575931901177
CBX2,6,0.01738170133458279
PLD3,6,0.009916104993087684
HSD17B8,6,0.005622322725414287
EIF3D,6,0.030652438660427203
EIF2B1,6,0.007708325490763507
TRIM16,6,0.013823513406599038
TRIM11,6,0.029231966784420905
EIF2B3,6,0.008140547712117212
IARS2,6,0.021545110708683556
EIF3B,6,0.0112857593281625
MTF1,6,0.020444158686612736
CCDC34,6,0.04508992062163617
OXCT1,6,0.014800995840213115
EIF3H,6,0.07797034581031151
PLEC,6,0.05360180643533179
VTA1,6,0.46253112000665986
HTR2A,6,0.18029722215310873
APOL2,6,0.00525229782940896
SMPDL3B,6,0.038364181217832395
TRIB2,6,0.019964693263967465
PABPC4,6,0.01879960359325572
PLBD1,6,0.27358552363453925
TRDMT1,6,0.01791537204825796
HPSE2,6,0.028563866277744616
SMARCC1,6,0.07267905665704649
SMAP1,6,0.045574116316496216
SLX4,6,0.011655784224167829
MYBL2,6,0.01857319408560076
TREML2,6,0.011100746880159837
LTBP3,6,0.014177503890444136
SLCO4C1,6,0.0051803485440745905
SLCO4A1,6,0.021991066395715204
MYBPC3,6,0.030918548231471034
MYCL,6,0.017776086202908468
ANO6,6,0.07055736243134844
HOXB8,6,0.04617441076750054
SMC1A,6,0.021835869727306518
LSR,6,0.026693184859051013
EN2,6,0.1270610029694179
AP1S2,6,0.5036449973405852
TRHDE,6,0.1350533010801249
LTC4S,6,0.017761195008255737
HSD17B10,6,0.009754267397473784
MUC3A,6,0.005193299415434777
WDFY3,6,0.03580360893747553
AP1S3,6,0.5036449973405852
MUPP,6,0.02699337807787809
ENPP5,6,0.3152403905796275
WDR11,6,0.18314052371939762
AP1M1,6,0.5036449973405852
OSCAR,6,0.019911088583923955
MVB12B,6,0.5267715533409181
ENOSF1,6,0.010545709536151844
ANXA7,6,0.005622322725414287
EHF,6,0.017423444505957543
EHD1,6,0.013277324526483216
PLAAT3,6,0.019398144034305974
VPS11,6,0.011100746880159837
CACYBP,6,0.03726150702773652
P4HA1,6,0.02255096171765804
DUSP26,6,0.17834067205790957
SP7,6,0.019341519170671173
PLS3,6,0.051979052057650736
LRMDA,6,0.22740788453677505
PKP2,6,0.018830332130677033
LZTFL1,6,0.3369049126328463
CCT3,6,0.010073709638477564
P2RY6,6,0.014534565329208462
DYNC1I2,6,0.46253112000665986
DYNLT1,6,0.03478234022450082
ARIH1,6,0.015356033184221109
SOX3,6,0.06604944393695103
LRFN2,6,0.0495944368115941
MSLN,6,0.05892543684191512
CBFA2T3,6,0.04509863432512935
VKORC1,6,0.002220149376031967
SPEN,6,0.012848896358517523
VIRMA,6,0.10037479242610117
SPDEF,6,0.00910496390379695
SPCS3,6,0.13093525292063987
SPATA18,6,0.018366596851997787
CDC37,6,0.008852434498154128
MACROD2,6,0.2782022068393939
DTYMK,6,0.010725582749487768
SPAST,6,0.025531717824367625
TP53I3,6,0.018251122631558633
MACF1,6,0.020306966292772392
ARL5B,6,0.3151954861873692
PA2G4,6,0.07400497920106557
TPH2,6,0.007400497920106558
RBP2,6,0.015171020736218442
SOX18,6,0.034516539007537
RCAN2,6,0.017247271541581673
EFNB2,6,0.04827079620009877
PLEKHO1,6,0.027820475983200574
SNX3,6,0.03442012696518894
LRRC7,6,0.27665163788392727
EFNB1,6,0.009337989389467788
ARF5,6,0.014800995840213115
RDH10,6,0.007400497920106558
IDS,6,0.013727705486530179
VPS33B,6,0.37002489600532784
ARCN1,6,0.06952342746147187
RDH11,6,0.02345278001408109
ARAP3,6,0.007400497920106558
MTARC1,6,0.05052696672706594
REC8,6,0.012580846464181148
EGLN2,6,0.011100746880159837
ARHGAP30,6,0.003700248960053279
CCDC80,6,0.021831468864314342
RCHY1,6,0.008387230976120765
PLA2G4C,6,0.13644309863708118
P2RY10,6,0.05175640620639377
IFNA14,6,0.011457397180150822
CASC2,6,0.08210236701446462
IFNA6,6,0.008811320620820205
IFNA7,6,0.009027168476823312
TRIM37,6,0.08010449542351668
LRRC19,6,0.04088035051066863
ECRG4,6,0.09673433342648868
ECHS1,6,0.0050648185487662594
LRRC15,6,0.05883520155364963
CARS2,6,0.022254202441115138
CARS1,6,0.04033381269737574
IFRD1,6,0.3464563096368015
DUSP12,6,0.022920986613663367
IRF2BP2,6,0.015016843696216222
MOGS,6,0.032011943514643676
CSHL1,6,0.009557760730269635
COX6C,6,0.08063802731301735
COX7A2,6,0.023681593344340987
COX7B,6,0.06257914426353235
COXFA4L2,6,0.3052705392043955
KLF11,6,0.008572243424123428
COXFA4L3,6,0.036351245783563406
BICD2,6,0.06073707812677034
TCL1B,6,0.03058379107116037
CPD,6,0.027066974107239766
TCF20,6,0.005550373440079919
KISS1R,6,0.05316024339276545
KIR2DL4,6,0.05043833165739835
BHMT,6,0.07508678809841449
TBXA2R,6,0.03435311134513464
CHMP7,6,0.4634561822466732
BICDL1,6,0.2446550308244112
METTL5,6,0.024051618240346313
PIAS4,6,0.07606067306776185
LGALS9C,6,0.04284888295741696
TUFT1,6,0.038193969765669945
CHRNA5,6,0.4023212500683834
PSMA5,6,0.47640705360685964
LGALS9B,6,0.04284888295741696
COPS8,6,0.007400497920106558
PSMB1,6,0.47640705360685964
TUBE1,6,0.01406094604820246
METTL4,6,0.032044155994061393
PEX2,6,0.11143911558046199
CHRFAM7A,6,0.03243638238382704
LGR4,6,0.2945899280518186
BIN2,6,0.010969799180851282
KLHDC2,6,0.007770522816111886
TEAD2,6,0.02033081234162607
CPT1B,6,0.02986409264843001
CPVL,6,0.2908654880634723
CHMP4B,6,0.4635486884706745
CRX,6,0.015369462552124187
PTCH2,6,0.04668234088003216
UEVLD,6,0.054270238020595114
LIMA1,6,0.043662937728628684
PELO,6,0.18150371892221676
TTPA,6,0.0542927487178957
CRTC2,6,0.016942296770576466
KEL,6,0.03539904838450971
PTBP3,6,0.007400497920106558
TBC1D4,6,0.022140214391825102
KDM8,6,0.02142167644223373
BCS1L,6,0.007770522816111886
PEG10,6,0.020280273728566348
BCOR,6,0.010438402316310299
CSAD,6,0.01887126969627172
LILRB5,6,0.038778609101358365
CRMA,6,0.015079963170406278
KIF5B,6,0.08232339376106061
LILRA2,6,0.021153089888304583
MFNG,6,0.035551992008191896
CHMP2A,6,0.46253112000665986
KIF3A,6,0.008325560160119878
C1RL,6,0.009454326954006956
PSMD6,6,0.47640705360685964
CREB3L1,6,0.009068282354157239
TBL1X,6,0.37002489600532784
TMEM120A,6,0.051063435648735236
PID1,6,0.03441122817065102
KIF18A,6,0.013926298099933853
KIF13B,6,0.23828987733219692
UCN,6,0.007564953429442258
C1orf162,6,0.03015123028572156
BEST1,6,0.006188448230421624
CHRNB2,6,0.25901742720372944
CHST1,6,0.02645678006438094
COPB1,6,0.03318941301395619
THRA,6,0.010237355456147405
CMSS1,6,0.007400497920106558
KYAT1,6,0.004440298752063934
THSD7A,6,0.026556015926150745
UBASH3B,6,0.014160941220897413
CLCA2,6,0.008880597504127868
CMTM4,6,0.036891482131731185
MCCC2,6,0.029253722561944376
PRMT7,6,0.018264840005596323
CNDP2,6,0.01996385210759956
THOC5,6,0.01554104563222377
PROZ,6,0.023681593344340987
PRKAR2B,6,0.013201377406464838
TLE5,6,0.011544776755366231
KRT6B,6,0.008880597504127868
MDH1,6,0.04152304431926998
CLCA4,6,0.008880597504127868
KRT4,6,0.04452724162900033
CLDN10,6,0.010360697088149181
MCM3,6,0.008436567628921475
TJP2,6,0.21656219460464254
CLDN15,6,0.038757769983039536
CLIC3,6,0.010786622291215279
PRKD2,6,0.03906722852024252
MCHR1,6,0.04372214171198954
MCF2L,6,0.045319210277025866
PRMT3,6,0.06054018437420503
PRKCSH,6,0.006660448128095901
LAMA1,6,0.37002489600532784
BTC,6,0.04454688609130809
CLTCL1,6,0.14230529426423885
CMAS,6,0.023983881063500606
LACRT,6,0.007215485472103895
PRKAR2A,6,0.007137618497124536
CKS1B,6,0.03531682062984185
BISPR,6,0.010545709536151844
C12orf57,6,0.005010753800072147
COL4A4,6,0.37002489600532784
PHLPP1,6,0.010175684640146518
PREB,6,0.012765858912183809
KLRC4-KLRK1,6,0.04301169391165931
COL7A1,6,0.03191094703149948
PFKP,6,0.2210973838363172
KLK6,6,0.04818279183333377
TM2D1,6,0.00795553526411455
PFKL,6,0.008508915467148367
KLK15,6,0.015239493027782994
MBD1,6,0.018543224317772347
UBP1,6,0.009367064871800723
KLK1,6,0.013363449119232413
PFDN1,6,0.03910423100984305
KMT5A,6,0.015767171957560364
C11orf58,6,0.014872945125547484
CNOT3,6,0.023455467019004392
TGFBRAP1,6,0.003700248960053279
PRKAG2,6,0.011874384255962713
PRRX2,6,0.004810323648069262
CKLF,6,0.014374977327605128
CISD2,6,0.033103009327333136
BTNL8,6,0.01406094604820246
MBTPS2,6,0.020249394278624083
CIDEB,6,0.014862666656214003
PRG2,6,0.04280447996989633
COASY,6,0.03726150702773652
COL10A1,6,0.02941697923242357
COL11A1,6,0.007400497920106558
PRSS33,6,0.004440298752063935
PHLDA1,6,0.025716730272370286
BMP5,6,0.007400497920106558
MARCHF5,6,0.04354987456596039
BCL9L,6,0.0627128710182055
INTS10,6,0.0499841963687197
MARCHF3,6,0.1190022966440303
ITIH3,6,0.02812189209640492
CYTL1,6,0.044195926773430615
RAB2A,6,0.03594421839795755
DACT1,6,0.003700248960053279
RAB31,6,0.003700248960053279
PCNT,6,0.29377249608213746
DANCR,6,0.027187990372764797
CACNA2D3,6,0.1481951520215514
ITGA8,6,0.2700248876350449
MMAB,6,0.005194006322407305
ATP6V1A,6,0.037838498576253966
ITGA11,6,0.008880597504127868
SUCO,6,0.0075781697431957845
ATP6V0D2,6,0.02338511189595849
CENPC,6,0.012097758405507525
CEP290,6,0.19600630478508693
ATP8B4,6,0.02107584673192711
MLH3,6,0.05700508386364142
RAB24,6,0.008695585056125206
AUTS2,6,0.3770099164771682
CFAP410,6,0.005466672122241876
QTGAL,6,0.19161690044183446
SVIP,6,0.004625311200066598
RAB18,6,0.17222740827636984
SVEP1,6,0.01886308962016706
PIK3C2B,6,0.013333867152128098
CYTH1,6,0.25655266569424195
SUZ12,6,0.46253112000665986
PCSK1N,6,0.025161692928362296
CA6,6,0.035785271542197745
USP1,6,0.08807128107722523
TSC22D1,6,0.2472813863914618
CYSTM1,6,0.02053600941876797
PORCN,6,0.030866243408444436
ATP5MC1,6,0.008880597504127868
DCHS1,6,0.06660448128095903
TRPC5,6,0.007400497920106558
DDX20,6,0.01817057385592748
DDX39B,6,0.010294484866820334
DDX4,6,0.008736698933459129
RABGAP1L,6,0.014800995840213115
TRPM5,6,0.09850835988825349
IPO8,6,0.007770522816111886
STK16,6,0.0314022246846846
TNIK,6,0.0548460835510369
RAD21,6,0.046623136896671316
MOAP1,6,0.021924612421719836
POLR3K,6,0.025798762264774636
INTU,6,0.05878561804030842
STIM2,6,0.19031359236142098
RAD52,6,0.004625311200066598
PCDH15,6,0.2782022068393939
TRPM6,6,0.3058320823038115
MMP16,6,0.040589675397917774
USP33,6,0.03188874553773916
DCP1A,6,0.020280741862052205
DCP2,6,0.014803962262400005
RAB3IL1,6,0.0038377421385127927
USP31,6,0.0269669512157413
STX6,6,0.042596649319973326
USP32,6,0.03598122088755808
ATP2C1,6,0.015110788905924244
TJAP1,6,0.020784728903615657
CACNB2,6,0.09250622400133196
STX3,6,0.035625996987392966
USP34,6,0.029088068213752163
ATP2A3,6,0.012403645652871931
STT3B,6,0.03855659416375517
DDOST,6,0.05047653504979347
AVPR1A,6,0.38979234544278585
CYP2C18,6,0.008140547712117212
TMEM72,6,0.011840796672170494
CTNNA1,6,0.025901742720372947
TMEM176B,6,0.0054001495100110845
MAPK8IP1,6,0.023681593344340987
BAZ1A,6,0.010281141735508035
TAF7,6,0.5790803178824621
MAPK7,6,0.04255286304061271
PTPRJ,6,0.018257831062816452
CTNNA3,6,0.2782022068393939
TAL1,6,0.038600997151275795
PTPRN2,6,0.008294724752119433
CTNNBIP1,6,0.007400497920106558
MIR155HG,6,0.0177826644232819
KCNH7,6,0.013097442332881917
TAF4,6,0.5794503427784674
MAPK6,6,0.06049907049687111
TSPAN8,6,0.0456033071694033
ULBP3,6,0.02401072402765073
MAPK4,6,0.21415850836187494
PQBP1,6,0.012580846464181148
PDZD8,6,0.0086211689381508
MARCHF2,6,0.060025522535856406
KCTD12,6,0.007400497920106558
TAS2R14,6,0.009381775668828416
TTC7A,6,0.05802874317726221
PDXK,6,0.016734157766573467
CHAC1,6,0.07615317929176318
CSTF2,6,0.019220737653610088
PDS5B,6,0.24695980124845227
PPP6R3,6,0.018636598756928795
CST6,6,0.006639891189428939
PPP6C,6,0.026770241914350085
CST9,6,0.023496580896338323
KCNN4,6,0.030379043962037416
PDHA1,6,0.018002704460129044
PTPRZ1,6,0.03139291217709202
PDCD10,6,0.04329291283262336
PYDC2,6,0.21359790922512523
KAZN,6,0.17536902024076245
UPK1B,6,0.013382567072192694
CXXC5,6,0.07400497920106557
MIR4435-2HG,6,0.06776635945441574
UPRT,6,0.013359496564380088
SYNPO2,6,0.03763153192374184
CYP11A1,6,0.06358095415594134
UPK1A,6,0.37002489600532784
SYNGR2,6,0.013283971379522974
MAP3K2,6,0.004974779157404964
PIGW,6,0.008921711381461795
QKI,6,0.05182495485577207
CA11,6,0.0326178111357927
AZIN1,6,0.008799282225819214
PDE6A,6,0.3281144372980577
PDE6C,6,0.3281144372980577
UNC5C,6,0.22715685222209706
CUL5,6,0.5059011213592843
TSPAN4,6,0.014800995840213115
TSPAN33,6,0.04968694303559543
TSPAN32,6,0.011980797017334864
MIR22HG,6,0.05524191131853691
PDE8B,6,0.37002489600532784
KCNB1,6,0.008510572608122541
PUS1,6,0.0275957119557692
C8B,6,0.10398356390501781
MAPK12,6,0.017206157664247747
MAP9,6,0.012580846464181148
TAB1,6,0.013855376661532831
CUX2,6,0.17620089836807087
PDE6H,6,0.3281144372980577
B4GALT5,6,0.021393606070708036
UGT2B7,6,0.008140547712117212
TREML4,6,0.021164807343344746
NUP205,6,0.5419425740771366
XPNPEP2,6,0.012505034298432282
NLRP4,6,0.019742472756977603
ADAM12,6,0.010698858729220715
ABI2,6,0.011840796672170494
RUFY3,6,0.0293106969319568
XPO4,6,0.1778161993428294
NLRP9,6,0.046341917975707254
ALDH3B1,6,0.027754214425323994
SEPHS1,6,0.009475730551018916
FEZ1,6,0.07975966883409512
ACSL6,6,0.022988167359539142
AMPD2,6,0.012447226362845891
SLC16A2,6,0.023681593344340987
HELLS,6,0.056718711390306084
SERTAD3,6,0.051462787920919406
HBG1,6,0.014542778973988958
SLC2A5,6,0.007287434757438263
FFAR1,6,0.02921188834229683
SIGLEC15,6,0.023095720592332548
SLC27A2,6,0.0093920541381619
SIX2,6,0.22909610001094713
SLC25A47,6,0.0743750040970709
SDC3,6,0.009265050386872954
NCOR2,6,0.37002489600532784
GAK,6,0.03923003947448487
RPL27,6,0.08325560160119877
ADAP2,6,0.015487186452916326
SCP2,6,0.01274530197351685
SLC27A5,6,0.02595741158059522
FGD1,6,0.009620647296138525
NFATC2IP,6,0.04706716677187771
ACSF3,6,0.2971294302314854
SIGLEC6,6,0.04216063665084706
ZNF683,6,0.03439175838982853
SLC30A8,6,0.009375403017841661
ENSG00000275993,6,0.009990672192143854
WWP1,6,0.050680665450756404
XPC,6,0.009620647296138525
RNF115,6,0.047580473530391756
SIAH2,6,0.03922263897656476
MYO7A,6,0.021764086995841026
MYO6,6,0.014187666989203465
SCGB3A2,6,0.011840796672170494
ADCY8,6,0.018774514548539362
NEIL1,6,0.040743852437919996
FCRLA,6,0.005010753800072147
ABCG5,6,0.030926680808125304
SLC38A6,6,0.027381842304394263
AGL,6,0.012243095961882954
NSD1,6,0.23576815164573253
FPR3,6,0.01406094604820246
FCRL1,6,0.013156440746856101
WWP2,6,0.07067475513701763
SEL1L3,6,0.027987889295646724
NRTN,6,0.007400497920106558
HBM,6,0.014055206231607336
SLC35C1,6,0.03333184263215993
SKAP1,6,0.030615859895480824
RINL,6,0.03641785026484437
MYOC,6,0.012560289525514185
SLC34A2,6,0.03473094787783341
HLTF,6,0.013115326869522175
GPR34,6,0.04444739050815998
ABHD2,6,0.004070273856058606
AGMO,6,0.2275771141054382
NME4,6,0.05723416850498984
GNG2,6,0.1873308026670192
GNG11,6,0.005140213401605353
ANAPC5,6,0.02294154355233033
RNF112,6,0.014976029584993248
NDOR1,6,0.056031418430499295
ACACB,6,0.1151303310501709
SLC17A1,6,0.004234729365394308
HACE1,6,0.11298075217892245
RPL29,6,0.08325560160119877
GPHA2,6,0.012210821568175819
ALOX15B,6,0.03574440495411467
NT5C2,6,0.013998748722854082
SLC22A17,6,0.01696975286957768
NKILA,6,0.021071774609995916
GRM2,6,0.05291280520898475
FKBP11,6,0.03346505159472185
NT5C3A,6,0.011396021066840387
NABP1,6,0.10498314158748266
ZNF469,6,0.007400497920106558
SLC18A3,6,0.008027484549448918
NRDC,6,0.034042290432490165
SLC22A6,6,0.3525514981384096
SEC22B,6,0.026462140360008657
NALCN,6,0.039341046943286447
GPHB5,6,0.02136987332849045
SIRPG,6,0.039289243457845714
EXTL3,6,0.02512714378694226
SLC19A1,6,0.004812652269092183
EPB41L4A,6,0.042182838144607375
ALKBH1,6,0.01554104563222377
NYX,6,0.019421662850258422
FLCN,6,0.012841877865387388
SEC13,6,0.5415725491811313
GRM5,6,0.020351369280293036
ZNF398,6,0.010287100334323118
ZNF410,6,0.011820239733503527
EXT2,6,0.21895606628230457
SLC20A2,6,0.04003475288056656
ZMPSTE24,6,0.0760794700807613
GRPEL1,6,0.014099352946046176
RRM2B,6,0.3465760754837263
GRPR,6,0.019411699027945352
FXYD5,6,0.02377888272421552
ADAMTS5,6,0.03809200734988181
EPHA1,6,0.05782339793785187
FGF8,6,0.07400497920106557
FZD7,6,0.05826023440943014
SDHC,6,0.007400497920106558
ADAMTS9,6,0.01850124480026639
FZD9,6,0.03989978453625451
NCOA3,6,0.03721710404021588
SDHAF3,6,0.06187198885448279
YWHAB,6,0.03626243980852213
RPSA2,6,0.024787120600869215
SERPINB8,6,0.1941201659238194
GOSR2,6,0.0477872763333814
NRN1,6,0.012940947882869243
HEPHL1,6,0.007400497920106558
EXOC6,6,0.05171015693919789
SLC25A33,6,0.17540680080261833
NRIR,6,0.011135835810267385
FGFBP1,6,0.020819620417064033
HINT1,6,0.00795553526411455
RPL35,6,0.08325560160119877
NKX3-2,6,0.04188355733964954
ALPK2,6,0.19984765940180332
RNASEH1,6,0.07871251815580001
RSPO3,6,0.04907145570602576
XYLT1,6,0.3345912282458378
NAA50,6,0.00507599166331818
NUDT16,6,0.1253360876383117
GSPT2,6,0.028656372501745953
EXOSC2,6,0.01271722550298597
NLGN1,6,0.0352888009188712
RTKN,6,0.02136987332849045
OCM2,6,0.0293106969319568
GPAA1,6,0.02002245826162163
ADAMTS7,6,0.049192754230041644
NEFM,6,0.19899401278964274
NUP93,6,0.5419425740771366
SGK2,6,0.0047897667094023
RPS21,6,0.08325560160119877
NPNT,6,0.15546725464409183
GPX7,6,0.07463196583040792
WFDC1,6,0.08068742325353513
RPS5,6,0.08325560160119877
GLDC,6,0.019385193162945787
FAR2,6,0.0129919852375204
FBXO21,6,0.033836721045820535
NFYC,6,0.005280666404769367
SH3RF1,6,0.007400497920106558
SAA4,6,0.007400497920106558
OPRK1,6,0.3731070384665798
RPS24,6,0.12594918918457565
SEMA3F,6,0.010360697088149181
MYLIP,6,0.014800995840213115
NUP42,6,0.5415725491811313
ZNF292,6,0.057575873818429026
SBNO1,6,0.01406094604820246
ZBED1,6,0.03173371475548822
ABCB10,6,0.023624788538257304
GH2,6,0.023230276277850574
NUP133,6,0.5415725491811313
SFTA3,6,0.017761195008255737
RPS18,6,0.08325560160119877
ZNF304,6,0.007652114849390182
NUP43,6,0.5415725491811313
NUP107,6,0.5419425740771366
NUAK1,6,0.3003376240952783
NDUFAF3,6,0.3052705392043955
SLC12A5,6,0.013207833093523507
ADH6,6,0.004255286304061271
SBNO2,6,0.016270176081438853
SATB2,6,0.22737780600450996
SLC6A12,6,0.055576336819097606
SLC6A13,6,0.03907907498056106
AFF4,6,0.037062670528791974
ZDHHC20,6,0.028488184110349632
GEN1,6,0.02011916510600997
ZDHHC17,6,0.007400497920106558
ZDHHC16,6,0.00518034854407459
HOMER1,6,0.021461443968309016
GFPT2,6,0.01852180173893336
GPX2,6,0.022574386420742734
HOTAIRM1,6,0.10146130158497638
ZFHX3,6,0.01406094604820246
FOXD3,6,0.007400497920106558
NFYA,6,0.0256769206322503
NUP155,6,0.5419425740771366
SLC67A1,6,0.04976863959727899
SLAMF9,6,0.013568389211861218
SH3KBP1,6,0.038582907045248874
RP1,6,0.014613051115052069
NUP160,6,0.5415725491811313
ESRP1,6,0.22610662759019257
GLP2R,6,0.07400497920106557
S100G,6,0.009600090357471561
SLC5A3,6,0.23414941005938644
SGCA,6,0.005636185368321791
FOXA3,6,0.009792914442167672
HOTTIP,6,0.07509593593612128
NPL,6,0.020539900260993747
FAM53B,6,0.02011916510600997
FAN1,6,0.007652114849390182
ADGRG6,6,0.014800995840213115
NDUFB5,6,0.3052705392043955
SAMD3,6,0.033783273005286434
SCARA5,6,0.03334664362800015
FOXO3B,6,0.0489764952352652
SELENOW,6,0.008820497825813444
AKAP4,6,0.005858201010736866
RPS16,6,0.08915749257352168
GBF1,6,0.034671949463859236
MYO1B,6,0.12343016526041561
ABCC9,6,0.030993285289406265
RPL11,6,0.08325560160119877
H3P29,6,0.019829222139573457
ROR2,6,0.036351245783563406
ALDH1L1,6,0.015196315443261285
ZFPM1,6,0.05809575879731649
GULP1,6,0.04134561440965198
SH2B2,6,0.09203672387844428
HDAC10,6,0.10961956079455798
HMGN3,6,0.020439239853615374
H3P33,6,0.012578466491128086
NUP85,6,0.5419425740771366
H3P36,6,0.02094614887369782
GJA4,6,0.00980565974414119
NAV3,6,0.019200180714943123
ZWINT,6,0.00436565921455697
GRB10,6,0.06359250147796697
SETD7,6,0.05520646848179408
RPL12,6,0.08325560160119877
RPL13,6,0.08325560160119877
RPS27,6,0.08325560160119877
GCDH,6,0.004604754261399636
GML,6,0.08112873900685061
GRIA1,6,0.013020517662403292
SH3YL1,6,0.04308470572215509
FBXO43,6,0.021396277119672576
SCAI,6,0.0037361564890527393
H3C9P,6,0.011377717478072369
NPAT,6,0.012865547478837766
WNT3,6,0.015801386674560037
FBXO5,6,0.005365360992077254
RPS12,6,0.08325560160119877
SF3B4,6,0.004625311200066598
SLC7A10,6,0.3298272172294091
GCNT3,6,0.041168969929552775
SACS,6,0.015127878979963691
HECA,6,0.01961131948828238
SLC44A1,6,0.1969944219667952
FOXN3,6,0.02886194188841558
SKP1,6,0.5036449973405852
NOCT,6,0.03409099039276486
NPAS2,6,0.034271705868013466
ZNF331,6,0.020275504787271137
H3P20,6,0.010487103382129777
RPS15A,6,0.08325560160119877
HMOX2,6,0.03444931781809602
GRIA2,6,0.07185607024635782
PROM2,5,0.03169633259181639
NEUROG2,5,0.016384922659315085
COL8A1,5,0.007400497920106558
THOP1,5,0.03276940479023184
ME1,5,0.02345926514811432
COL9A2,5,0.02051418023453537
ZNF281,5,0.011840796672170494
BPIFB4,5,0.03005227254310482
COLGALT1,5,0.026275118524659538
NSL1,5,0.033234625879038596
SEPHS2,5,0.009101281059549871
FLII,5,0.05032338585672459
KLRC4,5,0.04419577357887635
BPIFB2,5,0.0051803485440745905
COL12A1,5,0.007400497920106558
ACYP2,5,0.17392201148856154
GRHL3,5,0.061106322465093184
PGAP3,5,0.054147318003854764
MED15,5,0.0697496928970043
KRT32,5,0.04103056006812996
BMP8B,5,0.09322804547569859
COCH,5,0.007182183231463414
KRT3,5,0.07198413869580242
NFE2L1,5,0.011100746880159837
GRIA3,5,0.007994239419590134
UBE2O,5,0.03626243980852213
UBE2Q1,5,0.016281095424234424
COLQ,5,0.004419741813396972
RPP30,5,0.00849001566945558
CNTLN,5,0.008880597504127868
BNC2,5,0.015448539408222437
CNTN1,5,0.27733651808667686
PRSS23,5,0.0051218179254876985
CNTN4,5,0.18604743248965167
GRIN3B,5,0.5953069823722393
KPNA4,5,0.027384514706420966
BPIFB3,5,0.01683613276824242
CNKSR2,5,0.0068735129857119765
THOC3,5,0.007585510368109221
SENP3,5,0.043891060514624124
NEUROG3,5,0.018988042780382547
UBL5,5,0.03478234022450082
TFAP2C,5,0.040341780139273246
ME2,5,0.007400497920106558
MEGF9,5,0.03679814318709381
CNKSR1,5,0.007400497920106558
PGA5,5,0.007400497920106558
MEGF10,5,0.11001978610737904
KPNA3,5,0.014872945125547484
ZMYND11,5,0.06569796548126688
COL2A1,5,0.011100746880159837
ZNF135,5,0.00808684927276742
SEPTIN2,5,0.07450820047375202
COL24A1,5,0.021595064069644274
PHACTR1,5,0.005496118215030428
KNTC1,5,0.003700248960053279
PRPF6,5,0.02307861661337478
KPNA1,5,0.5036449973405852
KLK5,5,0.01406094604820246
ANO10,5,0.040091911236526306
ZMIZ1,5,0.05550373440079918
SF3B3,5,0.054763684608788527
PTGR1,5,0.3132568779993911
UGT1A4,5,0.008641725876817764
PDZD11,5,0.003700248960053279
UGT1A7,5,0.008664749648124762
CSNK2B,5,0.01165923573843595
RPH3A,5,0.08695178666964226
PTP4A1,5,0.03463284611417998
TASOR,5,0.25528733667250664
GYPE,5,0.05456206271127113
TARS3,5,0.006362372517424944
MINDY3,5,0.019981344384287707
TARS1,5,0.2320495342308421
MINK1,5,0.05116482864348924
FBXO24,5,0.01475988196287919
NECTIN3,5,0.16314157187297929
PDZK1IP1,5,0.07400497920106557
PDLIM1,5,0.003700248960053279
PEG3,5,0.25098352857009637
KHK,5,0.02005054876555941
UFL1,5,0.02764291542546469
BDH2,5,0.03992157489124149
MGST1,5,0.015431301816413638
UFM1,5,0.036261068180585
KDM5D,5,0.006785832868083558
ADD1,5,0.03674347217332906
RPIA,5,0.03930287839513546
KDM4D,5,0.03700248960053278
SEZ6L2,5,0.009990672192143854
ADGRB1,5,0.0045944757920661555
CSDE1,5,0.02893286332681659
CSGALNACT1,5,0.04152634300951048
PTGES2,5,0.008582521893456912
TAOK2,5,0.010540570301485103
TAOK1,5,0.06498048312626896
ADAMTS18,5,0.0018501244800266394
CUL4B,5,0.021461443968309016
ADNP,5,0.018276305154744217
BAG4,5,0.03789054935094557
BAG2,5,0.006004065076459784
TAC3,5,0.007400497920106558
KCNE1,5,0.05288463405764799
PDF,5,0.004995336096071927
H2AC6,5,0.5036449973405852
TAF15,5,0.5790803178824621
ADPRH,5,0.07400497920106557
PURB,5,0.31125228064557964
ADRA1B,5,0.5863363428748923
CUZD1,5,0.007400497920106558
ADSS2,5,0.04692410293965098
SYTL3,5,0.00703677549410082
H2AC20,5,0.5046625658045999
BANP,5,0.023866605792343648
PDK3,5,0.005550373440079919
CTNNA2,5,0.303706975323625
FBXO22,5,0.004995336096071927
H1-3,5,0.007400497920106558
KCNJ5,5,0.06316077032958863
ADH7,5,0.01229304932284367
KCNJ16,5,0.02043165837776134
PTPRK,5,0.3313612217867879
KCNJ10,5,0.016281095424234424
RP2,5,0.041442788352596724
FBXL4,5,0.22314719435522182
BARD1,5,0.014800995840213115
H2AC11,5,0.5036449973405852
ZFHX2,5,0.012580846464181148
PTPRS,5,0.022447072849237994
RP9,5,0.08129599552407558
BDP1,5,0.04943429825937845
TBCA,5,0.022515293681031855
PTCHD3,5,0.036237059525114516
MEX3C,5,0.01087873194255664
RPL34,5,0.2730041705522517
NT5M,5,0.003700248960053279
NEO1,5,0.14903772201582544
TDRD3,5,0.2764494798979548
MEX3A,5,0.046623136896671316
TDG,5,0.020711115706964878
RPL32,5,0.08325560160119877
KLHDC7B,5,0.01961131948828238
RPL30,5,0.08325560160119877
FGF5,5,0.02221444463167986
FGF18,5,0.06571311740537371
FGF16,5,0.008572243424123428
CPEB1,5,0.06851708626865241
FGF14,5,0.01850124480026639
PEX11G,5,0.008883663259973234
CORIN,5,0.03581369411116462
FECH,5,0.04777946469668796
SERINC3,5,0.016905615220936754
PSD3,5,0.021325852101239422
BLOC1S1,5,0.07463196583040792
BLMH,5,0.009674712044832634
NEURL3,5,0.07400497920106557
UBQLN1,5,0.019434118676973155
PSENEN,5,0.07714142509513369
GRSF1,5,0.07400497920106557
RPL36,5,0.08325560160119877
METTL1,5,0.01663056338157279
RPL36A,5,0.08510572608122541
TENT2,5,0.03192574802733969
METTL16,5,0.01831623235226373
COQ2,5,0.010747338527011244
PSMB4,5,0.47640705360685964
FGF13,5,0.022612632533658923
KIR3DL3,5,0.0067231893269707995
TCEA1,5,0.5848022515243623
FERMT3,5,0.034641730764018795
PSME2,5,0.013371376827105708
TBL1XR1,5,0.3705799333493358
CREBZF,5,0.02753601934439648
CREG1,5,0.013945416052894127
PER3,5,0.01831623235226373
CRHBP,5,0.02498370969477681
SESN3,5,0.02543921160036629
CPO,5,0.048769662266360175
TBCK,5,0.011100746880159837
GTF3C1,5,0.005797056704083469
CRISP1,5,0.05216717355236885
BET1,5,0.010043503524517947
RPL19,5,0.08325560160119877
CRNDE,5,0.040654255800278746
KIF21A,5,0.17922541650557322
KIF23,5,0.009354342677650777
UCHL3,5,0.011175368567520907
SERPINI1,5,0.0028492525280967448
ADARB2,5,0.008880597504127868
PES1,5,0.00495566120444469
TBX19,5,0.03208637848802735
GTF2A2,5,0.5790803178824621
TBX3,5,0.07882098740113358
TBX4,5,0.009516844428352841
SERPINE2,5,0.011470771776165165
CPT1C,5,0.008325560160119878
ADAMTSL4,5,0.024712486645776615
UBE2A,5,0.009620647296138525
NELL1,5,0.010162412828825507
MFF,5,0.010227076986813924
CPP,5,0.013010782250519855
PEX11B,5,0.004386439572756492
MCCC1,5,0.029253722561944376
THRIL,5,0.08765145564587787
SCGB3A1,5,0.005635424860416137
ABCF1,5,0.00811999077345025
LMBR1,5,0.015726058080226434
MAGED4,5,0.004995336096071927
NMU,5,0.008140547712117212
PIP4K2A,5,0.04651086563830111
NPTX2,5,0.015171020736218442
PINLYP,5,0.02886194188841558
LIPN,5,0.007400497920106558
CERS6,5,0.29396940492991863
CAMK1,5,0.02390771966967757
PNPT1,5,0.023286635968682832
GNAT3,5,0.28438139086425934
CDK19,5,0.010822490719432623
TRIP4,5,0.0468501756983671
NPTXR,5,0.009994074608966657
TNPO3,5,0.07141284435195686
TNS4,5,0.007770522816111886
CDIP1,5,0.020766296061786146
TNXA,5,0.007400497920106558
GATA5,5,0.015592437978891177
MAD2L1BP,5,0.007400497920106558
TRIM52,5,0.0383715817157525
CDC50B,5,0.004204696172305282
PMEPA1,5,0.1951527243385338
GCKR,5,0.02930091537638276
MAFA,5,0.014057517827819903
MAFG,5,0.07962874091218654
PNISR,5,0.03440112037237681
TOMM70,5,0.007170012917785718
MAGEA1,5,0.01245750483217937
PNLIPRP2,5,0.03049005143083902
PIWIL2,5,0.007400497920106558
ABCE1,5,0.03468295794798881
TOM1,5,0.009906306515854637
TRIM67,5,0.03649070321968054
CDKL2,5,0.01103146999685217
PIM3,5,0.020600344837063335
ZNF83,5,0.21158671736577087
POLR2K,5,0.6007093390100392
TRPC3,5,0.01406094604820246
NMB,5,0.044221457166329255
GANAB,5,0.014467973433808321
POMP,5,0.03795134907319878
RUNX1T1,5,0.03603242759248345
CELSR1,5,0.03748352196533971
GALNT3,5,0.03093408130604541
POPDC2,5,0.05772388377683116
RTP3,5,0.05549875764435856
ZNF675,5,0.015356033184221109
GALK1,5,0.025109464819688662
GALE,5,0.014346754853442794
POU3F2,5,0.32959936399152023
POU4F1,5,0.04038904995199804
MAP1LC3C,5,0.13715523907010152
ABHD5,5,0.12602036132299296
NQO2,5,0.03846038769079377
POFUT4,5,0.007400497920106558
LINC02574,5,0.04033271366458074
NMNAT2,5,0.023443569210143518
GNB4,5,0.0769651783691082
TRIT1,5,0.018877942246887033
CDO1,5,0.008880597504127868
CDON,5,0.004974779157404964
RXRG,5,0.2682680496038627
ABHD14B,5,0.0029601991680426234
NME8,5,0.018603244367748475
PILRB,5,0.05311603338875065
RXRB,5,0.2682680496038627
CALCRL,5,0.011100746880159837
GNG7,5,0.004070273856058606
POLR1H,5,0.021325357034333723
CEACAM4,5,0.034236121678233776
POLR2B,5,0.6007093390100392
CDC42EP3,5,0.011840796672170494
GCM1,5,0.005069957783433
S100A2,5,0.007400497920106558
AASDHPPT,5,0.010358410919914789
AATF,5,0.013999275232201569
PLEKHB1,5,0.01668072231192018
PLEKHF1,5,0.010426980629469316
TRANK1,5,0.008325560160119878
ABCA12,5,0.03598122088755808
TRIM23,5,0.026763477003411203
ABCA13,5,0.025696173333703328
SARS1,5,0.015936634351288947
LRRC59,5,0.009425662984843384
CASK,5,0.015324219257695918
SASH1,5,0.16314157187297929
PLGRKT,5,0.04803663199941166
TRAF4,5,0.033302240640479513
CCDC91,5,0.01103146999685217
CASC3,5,0.01428707237353905
CCDC50,5,0.027987889295646724
ZSWIM2,5,0.003700248960053279
ZPR1,5,0.09644396842628451
CBX1,5,0.46410372581468246
A2ML1,5,0.33598580075413204
CCDC146,5,0.2581620338195322
NOVA1,5,0.004070273856058606
GIMAP7,5,0.006290423232090574
GIMAP6,5,0.032192165952463526
CCDC174,5,0.04482312723831027
TRDC,5,0.02051418023453538
PLCD1,5,0.041916420219483545
CBX8,5,0.004654493272542119
CBX7,5,0.012950871360186474
GHRHR,5,0.4635589669400079
SACK1D,5,0.010809778088655084
SACK1A,5,0.008880597504127868
PLD2,5,0.0422050396383677
NPB,5,0.02323564733830634
GEMIN5,5,0.022273443045654037
CCNC,5,0.02344207221327489
GCN1,5,0.008436567628921475
GLTP,5,0.009990672192143854
TPM1,5,0.014800995840213115
TRIM47,5,0.03846203224588714
CD2AP,5,0.03885261408055943
LRAT,5,0.012981706768186918
PKMYT1,5,0.10404149189434321
TPK1,5,0.32507189408071513
M6PR,5,0.011100746880159837
CD320,5,0.003700248960053279
TPD52,5,0.019426307040279714
PKIA,5,0.012025809120173156
MACC1,5,0.007770522816111886
CDAN1,5,0.026503982684704518
PKHD1,5,0.2700248876350449
TP53INP2,5,0.01604175090656896
SCAMP3,5,0.032747203296471517
CD164,5,0.061648601921246854
CCZ1,5,0.05083730932339866
GEMIN2,5,0.041422231413929755
TRIM45,5,0.048288248928695286
TPST2,5,0.05067370791403205
CARTPT,5,0.02960199168042623
TPSG1,5,0.010238794441854092
NPHS2,5,0.009152976941465125
CCNL1,5,0.020216906374928217
GLRA2,5,0.03626243980852213
CCPG1,5,0.013690921152197132
NOL3,5,0.03166673060013596
CCT4,5,0.020905402748677138
TRIM41,5,0.0383715817157525
CCT5,5,0.13631232231394963
PLPP2,5,0.08772227414083522
CARINH,5,0.02608675516837562
LRIG1,5,0.03141511367085234
CARF,5,0.1488423349770157
CERS4,5,0.05920398336085246
CERT1,5,0.03733663253364679
BRCC3,5,0.008921711381461795
PRKACB,5,0.018035799134662103
CIMAP1B,5,0.03051225292459933
CIMAP2,5,0.053654432198319224
CIRSR,5,0.06325838665427332
ACSL5,5,0.023122875385048626
BTN3A3,5,0.005193299415434777
BTN2A3P,5,0.03975547482681242
BTN1A1,5,0.005620019742296731
BTF3,5,0.03752792495286036
PPFIA1,5,0.010223032956850085
FAT3,5,0.27883739667094604
SEC61G,5,0.26613937850295466
SEC63,5,0.036693342378688334
SECISBP2,5,0.008880597504127868
NHLRC2,5,0.008880597504127868
SELENOF,5,0.012580846464181148
CLCN5,5,0.004440298752063934
MC1R,5,0.016281095424234424
FSD1,5,0.01924129459227705
TXNL4B,5,0.01049698959151114
NRON,5,0.01730647552494252
NRG4,5,0.048843286272703276
MATR3,5,0.013526465642861429
CHST15,5,0.33681229509868854
MAX,5,0.03785550442635946
GPR161,5,0.007983903839474957
GPR162,5,0.0335242555780827
GPR17,5,0.03967406934969126
FSHR,5,0.027879682974214087
PREX2,5,0.10497661042448135
LEFTY2,5,0.01894286975712218
MBNL2,5,0.31334304767549787
PHLDA2,5,0.06210271728228086
FSHB,5,0.20854073951625116
GPR180,5,0.022145963778022394
CIC,5,0.014649491202237597
SELENON,5,0.039252240968245186
LBX1,5,0.004964500688071482
SELENOO,5,0.007400497920106558
CLPTM1L,5,0.2930538659057861
CLSPN,5,0.034114239717824534
MDC1,5,0.012159018082735073
LAMA3,5,0.37002489600532784
NFYB,5,0.022201493760319675
LAGE3,5,0.03992568627897487
CLTRN,5,0.014994135404069296
PHC1,5,0.04687280745494616
SEMA4C,5,0.014720207071251951
CMC1,5,0.20816816098068136
PRMT2,5,0.012580846464181148
GRAMD4,5,0.011450214837498203
PRMT9,5,0.03478234022450082
SEMA6D,5,0.1254616258508532
KTN1,5,0.01043264637348355
BRD3,5,0.06335521697779539
PHC3,5,0.024873895787024817
GPSM2,5,0.004810323648069262
RPS3A,5,0.08455068873721742
BRD7,5,0.0405177261125834
LAYN,5,0.010175684640146518
U1,5,0.007400497920106558
TJP3,5,0.005889562928084802
FOXP4,5,0.03652145723572586
NHERF2,5,0.030342041472436885
CLEC16A,5,0.2665146918836325
CLEC18A,5,0.06540892102510695
CLEC1A,5,0.014800995840213115
LARP1,5,0.04597394586017029
UBA3,5,0.2703678460336781
CLEC4F,5,0.018237360166973426
PRLHR,5,0.3291370207818387
UBAP1,5,0.5267715533409181
MCTP1,5,0.2700248876350449
BRDT,5,0.06065879272939931
TMC4,5,0.07316799639714212
TMCC2,5,0.050976479798174
MAT2B,5,0.00913967684562102
CFHR5,5,0.0116518438283576
MAP6,5,0.010662368415047854
PPP1R15B,5,0.03199440820248735
TSPAN2,5,0.00397785599808065
TMEM204,5,0.019647025251074916
FZD2,5,0.005238146805882962
ACADL,5,0.011463165708858384
PPP1R9A,5,0.27750625492499714
GP9,5,0.02934646893279588
GPA33,5,0.031577924625094685
PPP2R1A,5,0.014800995840213115
C3orf62,5,0.004234729365394308
PPP2R5A,5,0.032036755496141295
PPP3R1,5,0.005880723444458008
RTCA,5,0.0077721675740298
FXYD6,5,0.006660448128095901
PPP1R14A,5,0.007770522816111886
TSPAN13,5,0.028990058632956645
MAPKAPK5,5,0.014800995840213115
PPP1CC,5,0.024331710158989772
TMOD3,5,0.0327324023006313
TMIGD3,5,0.009859121239682135
TMEM97,5,0.008572243424123428
RTL10,5,0.012676025090209184
TMEM64,5,0.006943782701394158
TMEM59,5,0.01850124480026639
TMEM54,5,0.015595110380917881
LINC01093,5,0.008617493945356009
GABPB2,5,0.040288310677060096
SDF2L1,5,0.019758071817133956
C8G,5,0.003700248960053279
G6PC2,5,0.034856345203701886
TSNAX,5,0.007400497920106558
PIGN,5,0.006619334250761977
MAP4,5,0.0245638845660462
MAPKAPK3,5,0.008861479551167594
TSPYL5,5,0.07094696582755008
GPR148,5,0.030851731887863006
GPM6A,5,0.1920454811750649
CHMP4C,5,0.46364119469467585
RRH,5,0.005920398336085247
C1QTNF4,5,0.004440298752063934
LHX2,5,0.011100746880159837
C1QTNF1,5,0.06625768572564736
CHN2,5,0.039406656095334495
LHFPL2,5,0.014475373931728427
LHCGR,5,0.3132568779993911
PRDM2,5,0.003700248960053279
C1GALT1C1,5,0.017768595506175846
C1GALT1,5,0.213375592784082
FUBP3,5,0.01406094604820246
GPR137B,5,0.03992568627897487
C17orf99,5,0.07993318917384425
NRCAM,5,0.011265005401175029
LIAT1,5,0.007600928072109443
MARS2,5,0.01876225047750785
NR2C1,5,0.01386565513086631
CHML,5,0.012818690244557904
LINC00173,5,0.0043357958517848474
LINC-ROR,5,0.01406094604820246
CHAD,5,0.007400497920106558
LIN7A,5,0.07400497920106557
SDSL,5,0.008212496997451585
TMEM158,5,0.00795553526411455
FXYD2,5,0.07400497920106557
MARCHF6,5,0.11605725442868065
ZNF467,5,0.0047191045794949486
LIMD1,5,0.09620812357273918
C1orf52,5,0.007400497920106558
GPHN,5,0.266593428956502
ZNF415,5,0.024873179673713545
TMEM107,5,0.011840796672170494
FUT6,5,0.21314352794354063
ROGDI,5,0.008254470971110612
KCNN3,5,0.07186080204440241
NAP1L3,5,0.026641792512383605
VARS2,5,0.007934978325447588
HENMT1,5,0.016651120320239757
VEGFD,5,0.009620647296138525
ARMC9,5,0.020570645809521292
NUTF2,5,0.012580846464181148
RNASEH2B,5,0.04343089796485255
IGKV1OR2-108,5,0.007153151150342874
SPMIP8,5,0.052882198211413954
DPH6,5,0.2859672701989036
EPHA6,5,0.2734778280808077
RBKS,5,0.01443097094420779
DPM1,5,0.007770522816111886
RNASEH2A,5,0.03626243980852213
EPG5,5,0.052833513241527255
HEXB,5,0.007400497920106558
YPEL4,5,0.06657536554650322
NANP,5,0.02696680831356914
RASIP1,5,0.024721345636780974
ARRDC1,5,0.013022820645520846
EPPK1,5,0.007585510368109221
VAT1,5,0.016206679306260022
IKZF4,5,0.007400497920106558
NUP58,5,0.5415725491811313
ARSK,5,0.024470568650379006
VCPIP1,5,0.010360697088149181
RASA2,5,0.021798525896251947
RNF123,5,0.009620647296138525
RASGRP2,5,0.0407471415481067
RASA4,5,0.05110043813833578
PAK1IP1,5,0.01948438329570382
SPRY2,5,0.01191400328190586
SPRR3,5,0.019097396021608308
DOCK1,5,0.003700248960053279
RASGEF1B,5,0.16314157187297929
NXT2,5,0.010665124128129078
HEY1,5,0.018910708694294523
PABPC1P1,5,0.02930873436446119
ARIH2,5,0.00980565974414119
VNN3P,5,0.007400497920106558
RBM5,5,0.011100746880159837
RBMS1,5,0.004419741813396972
SLC23A2,5,0.02549021756439195
DVL1,5,0.014253950530523606
DYNC1I1,5,0.46253112000665986
SOX6,5,0.027142970677084165
DUSP16,5,0.37395686199745987
P2RY4,5,0.022571518656325
DYRK4,5,0.3086611031264917
NAA10,5,0.03700248960053278
AMELX,5,0.030342041472436885
ARID5A,5,0.02660211762075637
XRCC3,5,0.012580846464181148
SP8,5,0.04104081978201784
MSMO1,5,0.011623920969234034
SPEF1,5,0.013231062434217176
ENTPD8,5,0.010360697088149181
DRD4,5,0.016281095424234424
DRD5,5,0.2305262696160512
RBM3,5,0.02269486028832677
VIT,5,0.019517785417347694
HGD,5,0.014800995840213115
NAGK,5,0.03288041225903343
SPAG9,5,0.00574100378834545
RBM39,5,0.014161444306522272
YBX3,5,0.03999942440366533
NADK,5,0.021338102336307247
DTX4,5,0.007400497920106558
HHLA2,5,0.015726058080226434
SPACA9,5,0.010175684640146518
SPACA3,5,0.01937456546912839
MRPL3,5,0.12526577565279126
ALDH1A3,5,0.12549497331700968
RBP3,5,0.04862743841670017
VANGL2,5,0.05848449050750876
HBQ1,5,0.00780135822411233
SKAP1-AS2,5,0.030851731887863006
NCAM2,5,0.31425911051068944
EVL,5,0.020351369280293036
MPST,5,0.01424458686826799
ST6GALNAC4,5,0.011470771776165166
ST6GALNAC2,5,0.04132438038587502
NUMA1,5,0.01073072198415451
ST3GAL6,5,0.2890491759732705
ETV3,5,0.15994246475261004
DHX29,5,0.011524836524859276
ASPSCR1,5,0.03131150669997084
DHX36,5,0.02917609855251072
ZBTB10,5,0.004070273856058606
NBPF10,5,0.0760460897718041
STAG1,5,0.05273338364191715
NCAN,5,0.004810323648069262
IMMP2L,5,0.033169031677917585
RNF4,5,0.02756171551773019
INHBB,5,0.0781554489934172
DEPDC7,5,0.013924859114227164
MPHOSPH6,5,0.003700248960053279
PAX1,5,0.03575222880759766
NCAPH,5,0.003700248960053279
SIX1,5,0.06845460576098567
RAP1GAP,5,0.038164367773989516
IMP3,5,0.007400497920106558
MPI,5,0.015579072775277576
ZBTB17,5,0.025696173333703328
DERL3,5,0.003700248960053279
NUF2,5,0.13407676287972098
STAM,5,0.00795553526411455
PATJ,5,0.020772671152391613
ST18,5,0.2404907880433225
ETFB,5,0.004255286304061271
DIP2A,5,0.013135883808189142
SRP54,5,0.015798007365560803
UXS1,5,0.017021145216245082
NUP35,5,0.5415725491811313
VAMP2,5,0.009207851381825099
NUP37,5,0.5420445580680616
DNAAF2,5,0.033302240640479513
IL17RD,5,0.01984090977921539
ASCC3,5,0.02132782386697376
ERLIN2,5,0.023547973243005723
NARS2,5,0.004070273856058606
DNAJA1,5,0.012536443476660507
DNAJA3,5,0.014800995840213115
ERCC6,5,0.012983145753893607
VAMP4,5,0.04418713966463623
VAMP7,5,0.018958538556754043
AKR1C1,5,0.2418543509369235
AKIRIN2,5,0.00797773675787487
SSTR5,5,0.07400497920106557
DLG5,5,0.019841330206512752
MRC2,5,0.007400497920106558
UTS2,5,0.016651120320239757
ESX1,5,0.053975384562984154
DLEU1,5,0.009785102805474226
ESCO1,5,0.024636358612689067
SSBP3,5,0.008436567628921475
SSBP1,5,0.03108209126444754
DLX6,5,0.02471940202206203
SRXN1,5,0.01276071967751707
ASMT,5,0.007400497920106558
SRSF7,5,0.021461443968309016
ERP44,5,0.07388916292177923
DLX4,5,0.08004140797146626
ERP29,5,0.03750880699990008
MT-ATP8,5,0.008140547712117212
E2F8,5,0.2137892822170828
ZBTB18,5,0.2715288318924594
SLC39A4,5,0.011424517989832378
SMUG1,5,0.012950871360186477
WNT10B,5,0.007400497920106558
HNRNPA0,5,0.013365299243712441
APBA3,5,0.052975230944762766
AP5B1,5,0.009580972404511286
REV1,5,0.01350738866998748
SLC47A1,5,0.009990672192143854
SLC48A1,5,0.03703949209013332
OPRL1,5,0.009823749850168114
MUC17,5,0.025161692928362296
MUC19,5,0.03015702902443422
MYL2,5,0.029510397932784097
ENDOU,5,0.02092254441805952
ENHO,5,0.07867964598542579
MUC22,5,0.00893466225282198
WNT11,5,0.10625725951161995
WNT2B,5,0.03286561126319322
SMYD2,5,0.26437930717908825
WNT5B,5,0.007400497920106558
HSPBP1,5,0.05568874684880184
HSPB8,5,0.038143399696549216
WRAP53,5,0.03478234022450082
WNT6,5,0.009569254949471117
ELOB,5,0.5895951386245171
MTREX,5,0.010545709536151847
ELOVL5,5,0.019220737653610088
HSPA13,5,0.15156075998683766
ELOVL6,5,0.03050659155569928
SNAP47,5,0.012580846464181148
SNAP29,5,0.022030316375513295
ELP4,5,0.252913557284308
EMC1,5,0.0296739409657606
EMC2,5,0.3021656916084043
MYL12B,5,0.07856094553624068
HSD11B2,5,0.008880597504127868
SLC5A8,5,0.013135883808189142
HOXC6,5,0.007400497920106558
SMAD5,5,0.012375277077511522
MYADM,5,0.08852989535498137
WDTC1,5,0.010878997384949983
SLC6A7,5,0.02049670683666846
HOXA13,5,0.004440298752063934
MYBPH,5,0.026677833757815364
RHBDL2,5,0.023558066733349838
SMARCA5,5,0.03632193552575053
SLCO1B3,5,0.028566012170423826
OR10A5,5,0.015646368478189912
WDR5,5,0.009726067216537264
SLC9A6,5,0.25901742720372944
HOXB5,5,0.02039426102504865
MYF5,5,0.00811999077345025
OSBPL1A,5,0.015727599666032554
SMARCAD1,5,0.06194668720440028
RFX1,5,0.024569235616030152
WFS1,5,0.006639891189428939
RHOD,5,0.003700248960053279
RHOC,5,0.011982228410199199
RHOBTB3,5,0.02826245451137563
HOGA1,5,0.015646368478189912
HRNR,5,0.009620647296138525
HRK,5,0.01406094604820246
OSBPL3,5,0.01554104563222377
RGL1,5,0.03718750204853545
HOMER3,5,0.014800995840213115
HOOK1,5,0.005193742060885707
SLC6A14,5,0.003515236512050615
RFXANK,5,0.009782006678793366
ANKRD55,5,0.18630922774314204
SMARCAL1,5,0.01246778330151285
APMAP,5,0.07511505388908155
ELAVL3,5,0.009708014285473115
RBP7,5,0.012950871360186477
SNHG7,5,0.03922263897656476
SLC27A1,5,0.016877246645576344
EDEM1,5,0.012677461162517539
EDEM3,5,0.04588308710466066
RCBTB2,5,0.032517787860948215
EDN3,5,0.024051618240346313
IFNA13,5,0.008736698933459129
SLC28A1,5,0.03199975300654075
OIP5,5,0.06135218345155006
MYOZ2,5,0.006256513955772564
VPS41,5,0.008695585056125206
EEF1B2P2,5,0.00980565974414119
SLC29A2,5,0.021718405701646046
SOAT2,5,0.01406094604820246
SLC2A6,5,0.03256219084846885
EFNA1,5,0.01967379999594912
AMOT,5,0.01025462749729824
EDC4,5,0.030910736594777593
ECT2,5,0.013320896256191803
VPS29,5,0.031131180627997395
ARID4A,5,0.05023457988168332
VPS18,5,0.03523540256683986
IFT43,5,0.010340140149482216
VPS28,5,0.5267715533409181
EARS2,5,0.020608331013630066
AMIGO2,5,0.04879446681734152
VPS33A,5,0.03988128329145424
ECSIT,5,0.012794227487544219
SLC25A19,5,0.007400497920106558
SLC25A24,5,0.2681582455727736
XPR1,5,0.04403043004778793
SLC25A37,5,0.005213488294989141
MT-RNR1,5,0.009620647296138525
SON,5,0.03564079798323318
SNX27,5,0.04097980437395253
ARFGEF1,5,0.06086909539287643
SLC30A2,5,0.019981344384287707
EIF5A2,5,0.21872391322095328
EIF3F,5,0.020351369280293036
SLC39A1,5,0.05176202233892806
MTFMT,5,0.04566991165068425
EIF3K,5,0.011841709148529686
EIF4A3,5,0.01406094604820246
VSTM1,5,0.01762825570130765
EIF5B,5,0.012817251258851218
OXGR1,5,0.020351369280293036
APPL1,5,0.022830781950514984
OTUD6B,5,0.032192165952463526
HTR3A,5,0.3237717840046619
APOL4,5,0.003700248960053279
OTUD6A,5,0.011100746880159837
HTR1B,5,0.0051803485440745905
HYDIN,5,0.28565871791614617
AQP7,5,0.016651120320239757
VSIG1,5,0.010053541408471485
EHHADH,5,0.007770522816111886
EFTUD2,5,0.02688928546805302
SLC35B2,5,0.02909039683477509
EHBP1,5,0.0318221410564582
OLIG1,5,0.01859348204037163
SNTG1,5,0.2782022068393939
OXTR,5,0.05393626782744326
MTCH2,5,0.007400497920106558
EIF2B4,5,0.007572765066135704
SNRPD1,5,0.01858611073821627
ICAM5,5,0.024425879678081318
EIF1,5,0.009058710791796286
RIMS2,5,0.27607088029210675
ICA1,5,0.031111693256127972
IBTK,5,0.013393324038069069
ATF6B,5,0.029211409845753943
DNM3,5,0.266458627558917
NCBP2,5,0.5944207209976141
SHOX2,5,0.02739109757162004
RABEP2,5,0.016498382265944224
FAM76B,5,0.04010329822905743
AIDA,5,0.051063435648735236
CYP4F2,5,0.009396875446379044
IVL,5,0.010216798517480443
USP36,5,0.007400497920106558
RABAC1,5,0.015455294778469833
STRA6,5,0.018622865733156604
PCDH10,5,0.028467865374169905
PCDH11X,5,0.0051803485440745905
DDX24,5,0.01850124480026639
SV2B,5,0.10651606355789585
DDX23,5,0.017040330526974918
AHSA2P,5,0.025161692928362296
CYP4V2,5,0.03478234022450082
DDX18,5,0.003700248960053279
STRAP,5,0.02610344041426955
MKNK2,5,0.008582521893456912
AHRR,5,0.05254353523275655
ATP1A4,5,0.07400497920106557
DDT,5,0.012280304020870155
ITPRID2,5,0.006256513955772564
SWAP70,5,0.030549255414199866
AIG1,5,0.009003412626782155
SH3PXD2B,5,0.18345646449498734
STK40,5,0.036099628854279794
PDCD6,5,0.030342041472436885
JOSD1,5,0.010257090117267685
RAD23A,5,0.008510572608122541
HAND2-AS1,5,0.005587111321939041
AK2,5,0.008893548375488055
JAZF1,5,0.007770522816111886
USP38,5,0.08009764468317995
RNMT,5,0.37002489600532784
EZH1,5,0.05825836418217218
F2RL2,5,0.0052214624214085145
CYP26A1,5,0.03866760163255677
DDX53,5,0.022271346270727573
AWAT2,5,0.011100746880159837
SH3GL1,5,0.007842472101446254
FAM89A,5,0.0365474076494719
SYMPK,5,0.009660925411466228
H3C13,5,0.5036449973405852
AFG3L2,5,0.01961131948828238
QSOX1,5,0.022328088747888195
NCOA1,5,0.005550373440079919
H3C15,5,0.5036449973405852
SIM2,5,0.18397737529486627
MKRN1,5,0.01443097094420779
JPH2,5,0.05593081354722828
SHROOM4,5,0.01924129459227705
MLLT3,5,0.03700248960053278
PCIF1,5,0.059391668210881834
ISLR,5,0.005428228216917958
AGBL4,5,0.259336517462234
ATP5MC2,5,0.008880597504127868
SHOC1,5,0.03538380718381664
H3P5,5,0.07455553112908475
USP24,5,0.008140547712117212
H3P45,5,0.010990356119518246
AGMAT,5,0.012159018082735073
AGK,5,0.07400497920106557
ATP2A1,5,0.014240819261538381
SULT1A2,5,0.009027168476823312
DBN1,5,0.02090640662430103
ZCCHC14,5,0.010329244971988727
NDST1,5,0.07560099474740693
H3P30,5,0.021603455172872557
H3P31,5,0.02917567154921796
USP20,5,0.012272492384176707
USP2,5,0.029231966784420905
DAPL1,5,0.015132579260911223
SULT1B1,5,0.01900249539067394
NDNF,5,0.008770206743486279
DCLK2,5,0.011592038835479018
PCOLCE,5,0.07805469611845721
AGPAT1,5,0.052597599981450666
AHNAK2,5,0.003700248960053279
RAB25,5,0.010856736018182989
SIM1,5,0.003700248960053279
ZC3H11A,5,0.017761195008255737
SHANK2,5,0.2734778280808077
SIK2,5,0.07474502899307622
RAB5B,5,0.014004414466868311
NUDT11,5,0.013561699752343
RAB4B,5,0.020000723602416445
PCED1B,5,0.195251233100954
RAB44,5,0.30589416769880523
ATRIP,5,0.012593797335541335
ATP9A,5,0.044783137381445064
SHB,5,0.006456317727132963
NDEL1,5,0.046707096288605865
RAB3GAP2,5,0.015425515636915441
ATP6V1H,5,0.5518510185146126
SHKBP1,5,0.06169795115992837
RAB3GAP1,5,0.008409226900494414
PCOLCE2,5,0.03986764701457728
RAB3D,5,0.012011082252865036
NCK1,5,0.038422521203782374
AFMID,5,0.006660448128095901
B3GNT3,5,0.008140547712117212
B4GALNT1,5,0.007400497920106558
UQCRQ,5,0.01835813644257514
ATG4C,5,0.037379914994458224
PYCR1,5,0.010536627610773525
KANK2,5,0.009250622400133196
MORC2,5,0.009627225516511953
UQCRH,5,0.007770522816111886
PDE1C,5,0.3281144372980577
KALRN,5,0.008793230514793278
CYBRD1,5,0.011840796672170494
RAMP3,5,0.042182838144607375
NUAK2,5,0.00795553526411455
MOGAT2,5,0.036223998333214914
INPPL1,5,0.01406094604820246
RAE1,5,0.5415725491811313
SIRPB1,5,0.039289243457845714
ZDHHC3,5,0.07560842041708865
SYNPO,5,0.008140547712117212
NCF1C,5,0.03804595980726781
RNF8,5,0.0413169798879549
INPP1,5,0.06042506551767004
PXDNL,5,0.02224260763765359
DENND1A,5,0.014044274268246768
RAI1,5,0.04228459499100884
USP45,5,0.03992568627897487
ATOH8,5,0.00849001566945558
MORN4,5,0.014074603826535173
AK5,5,0.00874204026353302
UPK3A,5,0.07223852146141346
INMT,5,0.010677305122451596
STH,5,0.014800995840213115
SINHCAF,5,0.02267192945459576
INSL3,5,0.013633914736665321
ATP11A,5,0.2945899280518186
AK3,5,0.022385634111833128
CYFIP2,5,0.006569483489900694
MIR3945HG,5,0.019426307040279714
RALGAPA2,5,0.012865547478837766
ZNF750,4,0.03801901167752077
CALML5,4,0.01406094604820246
OLFML3,4,0.012354720138844559
PIK3R6,4,0.04790342303684975
MAML1,4,0.011100746880159837
MAN1A1,4,0.0073432002367089634
OXNAD1,4,0.1736852599174922
XPNPEP1,4,0.16924812811606343
MID2,4,0.004255286304061271
TRNT1,4,0.07769392184485203
NOSIP,4,0.01924129459227705
ADRA2C,4,0.5836847776444255
ZFP57,4,0.03108209126444754
B9D1,4,0.008770206743486279
CALCB,4,0.17098114873408266
ADGRF5,4,0.03271760130479109
MYOM1,4,0.050932299649361586
AMT,4,0.03776474088630376
BCL2L13,4,0.0065165495574271625
BCL7A,4,0.0033302240640479507
ARAP2,4,0.007400497920106558
MAL2,4,0.0170365629202453
MYH7B,4,0.01739117011225041
ANGPTL6,4,0.024421643136351638
ZDHHC1,4,0.0051803485440745905
ZCCHC3,4,0.02581641883902424
AGAP1,4,0.32213936819277544
MAK,4,0.00487199446407015
ZFP42,4,0.05254353523275655
MYBBP1A,4,0.014245958496205123
OSBPL10,4,0.01798506007033896
ANK2,4,0.048524197608967305
UPP2,4,0.07902873086713523
AARS2,4,0.035211569103866996
OXSM,4,0.006290423232090574
ATP8A1,4,0.01850124480026639
ZCCHC2,4,0.014010526889632441
ANXA11,4,0.01935840397911265
ANK3,4,0.007616553827724227
OMD,4,0.011840796672170494
ABHD16A,4,0.009045053013463571
ARAFP2,4,0.017620880611161023
MT4,4,0.011592456267192769
AP2S1,4,0.5518510185146126
OSBP2,4,0.0051803485440745905
ABT1,4,0.007400497920106558
MYH2,4,0.008325560160119878
ABRAXAS2,4,0.02034016512715492
AFAP1,4,0.004070273856058606
WDR82,4,0.012562345219380877
WDR7,4,0.019837445813618966
CACNA1S,4,0.09250622400133196
WDR81,4,0.05919110380948357
CACNA1F,4,0.09250622400133196
VPS37A,4,0.5267715533409181
PIK3C2G,4,0.26286746715918424
ATP6V1D,4,0.010349596341269023
CACNA1B,4,0.09250622400133196
CABP4,4,0.006660448128095901
ZDHHC5,4,0.013362010133525727
CCBE1,4,0.2483523870241066
CABP1,4,0.03218476545454342
ABTB2,4,0.25012229496828114
TSACC,4,0.009250622400133196
CAB39,4,0.07797565560030964
ARHGAP9,4,0.26905961964311054
ANO3,4,0.16686107149596907
ABTB3,4,0.13483302474531147
MIA3,4,0.03155261929210223
MAP2K5,4,0.012580846464181148
MIA2,4,0.004440298752063934
TSC22D2,4,0.003700248960053279
UFSP1,4,0.006290423232090574
MLST8,4,0.041628713276958586
TRO,4,0.002220149376031967
ARHGAP11B,4,0.005427841499744005
MYH4,4,0.012560289525514183
ZNF717,4,0.004440298752063934
TROAP,4,0.007400497920106558
ZDHHC9,4,0.013513720340887913
MYCBP,4,0.032385263837696986
UGP2,4,0.3234299945317604
ARFIP2,4,0.013593275693529057
AQP6,4,0.006167287169475467
ARGLU1,4,0.042182838144607375
ATP6V1G1,4,0.010612314017432803
ARHGAP10,4,0.023804847211340338
USP19,4,0.007400497920106558
CBY1,4,0.008091827767476512
CACNA2D4,4,0.09596174260655506
ARHGAP21,4,0.03516716611634636
ARHGAP25,4,0.04805883349317198
ABI3BP,4,0.015015741528657133
LTN1,4,0.00849001566945558
A4GNT,4,0.007400497920106558
ZNF703,4,0.008992827184284607
ARHGAP26,4,0.030120197299444443
ABLIM1,4,0.0230784527638523
MYOZ1,4,0.0064446002720927945
NPAS4,4,0.01406094604820246
MICAL1,4,0.012190264629508856
ZDHHC7,4,0.011655784224167829
TRPC4,4,0.047363186688681974
PINX1,4,0.007400497920106558
ANXA13,4,0.006660448128095901
ZP1,4,0.009569254949471117
ZRSR2,4,0.03535957906226913
LYPD2,4,0.040155101714498175
UQCRC2,4,0.004625311200066598
ZFHX4,4,0.07815533933495045
APBB2,4,0.3890477562691926
CARD10,4,0.041442788352596724
APELA,4,0.008880597504127868
MIR142,4,0.039489056901688586
NPHP3,4,0.03456772578481773
WAC,4,0.01350590870419447
ATXN7L3,4,0.012025809120173156
PDIK1L,4,0.03207375798574182
PKHD1L1,4,0.04053992760634372
ZDHHC11,4,0.06623445638495369
ADGRL4,4,0.20278724295453807
PKD2L1,4,0.011908085219381014
MIXL1,4,0.010872850011084657
USH2A,4,0.03018539759979463
UQCRB,4,0.009232908317937242
MTRF1,4,0.017390963644285013
MKKS,4,0.008864653290780155
MAD1L1,4,0.24624360089375857
CASC9,4,0.02886194188841558
WDR33,4,0.003700248960053279
PDLIM4,4,0.004440298752063934
CAPZA2,4,0.014026852397863642
UNC45A,4,0.02739109757162004
MIR21,4,0.03985168129977381
TRIM36,4,0.003700248960053279
MIR150,4,0.04474341042496425
URAHP,4,0.034959952174583385
PDCL,4,0.007770522816111886
MIR17HG,4,0.005529816501412955
NDUFAF6,4,0.003700248960053279
LYRM1,4,0.011148850116640529
PKP3,4,0.0436777387244689
ZDHHC19,4,0.10309953248830815
CASC15,4,0.008880597504127868
ABCA7,4,0.2808312972515526
LYPLA2P1,4,0.005612044256080804
MUC21,4,0.004440298752063934
MYL3,4,0.003700248960053279
WIPF3,4,0.2983167720572357
ADM2,4,0.03147431765421319
AP3B2,4,0.03711952012625986
ZFAND2B,4,0.04518929042465066
ANKRD37,4,0.006534286445076203
LYPLA2,4,0.021461443968309016
WNT10A,4,0.010927534056288542
LYZL2,4,0.009649015871498932
OSBPL8,4,0.008140547712117212
WBP1L,4,0.14761426821987791
AVPR1B,4,0.37187502048535453
OSER1,4,0.030310994099237095
ABCB5,4,0.03621386315888452
ULK3,4,0.026641792512383605
CAPRIN1,4,0.01945485601326516
OPCML,4,0.2734778280808077
MINDY2,4,0.007570709372269009
ADGRG7,4,0.023681593344340987
BABAM2,4,0.010499580217193175
UQCC6,4,0.011706827346351317
CAND1,4,0.007400497920106558
APPBP2,4,0.054894048113462525
CAMKK1,4,0.009740589618338305
MAGED2,4,0.05957862098217704
MTHFD1,4,0.0318295415543783
AATK,4,0.011840796672170494
AQP10,4,0.005920398336085247
MTFR2,4,0.07753787085859459
OVOL1,4,0.15072052293778762
ZNF91,4,0.009235821404292983
MXRA7,4,0.006475435680093237
LY6K,4,0.03861894351100118
ANKK1,4,0.027987889295646724
WDHD1,4,0.020351369280293036
ATXN2L,4,0.017021145216245082
CAMK2D,4,0.017021145216245082
PLAAT1,4,0.025122622159014257
CAMK1D,4,0.27938381431249826
PDSS2,4,0.011263545248521363
ADGRG2,4,0.007400497920106558
NTRK3,4,0.009118441284504628
PIN4,4,0.024683744104355414
ORC1,4,0.011552999530833014
ABCD3,4,0.015544868593521785
NPFF,4,0.007400497920106558
MYO1C,4,0.004964500688071482
ULK2,4,0.01145535407216494
TRIM55,4,0.030342041472436885
TRIM35,4,0.03755752694454077
TRIM34,4,0.0656794190409457
NUB1,4,0.026251210677711318
TRIM58,4,0.035922016904197225
WRN,4,0.21660831203303751
NPPC,4,0.011745823615529123
ZNRF1,4,0.010730721984154508
MINPP1,4,0.009250622400133196
ONECUT2,4,0.014800995840213115
TRIM59,4,0.056683291541509494
CAPN3,4,0.024606655584354303
VTRNA1-1,4,0.014040389109535496
APOBR,4,0.022067460620512253
OTUB2,4,0.015041512022616579
NPR3,4,0.034432823840885814
PCSK7,4,0.004440298752063934
MXD3,4,0.01406094604820246
ATXN7,4,0.025068980236395567
CASS4,4,0.019088556537981513
PJA2,4,0.007570709372269009
CAV3,4,0.03108209126444754
APOC4,4,0.004070273856058606
ADGRL3,4,0.25225756939681304
TSEN2,4,0.27580376973481757
NEIL3,4,0.01850124480026639
XPO5,4,0.07548507878508688
ZBTB32,4,0.08225436331754354
ZIC2,4,0.011100746880159837
UBXN1,4,0.01663570261623953
ALAD,4,0.023794012593119855
ACTL6A,4,0.00795553526411455
MCTP2,4,0.288481166288486
PAQR8,4,0.01992241477999667
NUP50,4,0.5419425740771366
VARS1,4,0.005920398336085247
ACTC1,4,0.004419741813396972
NGLY1,4,0.009705698716474746
PAQR3,4,0.018697322718293944
UBA5,4,0.021776019460699344
ZNF318,4,0.05150150401172822
ATP13A3,4,0.03483414370994157
PARD6B,4,0.00811999077345025
AKTIP,4,0.00958981188813808
PARP10,4,0.007033145426127935
AKR7A2,4,0.3358975578889917
MDFIC,4,0.01368585661477116
MROCKI,4,0.021461443968309016
NAT8,4,0.015356033184221109
ATP13A1,4,0.007400497920106558
NFX1,4,0.00795553526411455
PCAT1,4,0.015872629052921878
MDGA2,4,0.3027518086144285
PEX19,4,0.006269866293423612
PARP16,4,0.03979032288395334
NAV1,4,0.13563248172496775
ASIC3,4,0.00811999077345025
NFS1,4,0.02693018748305987
PEX5,4,0.023693310799381147
MEX3B,4,0.022696290704214972
BRSK1,4,0.0047897667094023
PCA3,4,0.01554104563222377
BICD1,4,0.015171020736218442
PHF3,4,0.07414548297125287
NAPA,4,0.009250246216543625
ARSD,4,0.00795553526411455
ALDH3A1,4,0.003700248960053279
MEX3D,4,0.003700248960053279
MCF2,4,0.009062513825449673
NHS,4,0.021032215088942832
NUP54,4,0.5415725491811313
PHF5A,4,0.003700248960053279
ARSA,4,0.025161692928362296
ARRDC4,4,0.0052214624214085145
UPK2,4,0.025901742720372947
PAFAH2,4,0.003700248960053279
NRROS,4,0.003700248960053279
NHLH1,4,0.016651120320239757
NUDT12,4,0.16686107149596907
PHF20,4,0.007400497920106558
CCDC102B,4,0.2730041705522517
ARSL,4,0.008943707305835446
PAMR1,4,0.004469357929327579
VBP1,4,0.007400497920106558
VAV3,4,0.009187294443158136
ARX,4,0.009079267730463247
PHF2,4,0.24146803201020595
NEMP1,4,0.030793471845563386
PCDH1,4,0.06334074270940765
VASN,4,0.007400497920106558
UACA,4,0.273137714803295
BSCL2,4,0.3330224064047951
UAP1L1,4,0.007400497920106558
BRSK2,4,0.010620331223512917
BIN3,4,0.2413115282933763
ZNF282,4,0.0060965713004611155
BDH1,4,0.008325560160119878
BMPR1B,4,0.008880597504127868
PGAP1,4,0.005457821550168834
ATG101,4,0.03725059188156072
NCBP3,4,0.1297141445798859
UBN1,4,0.015879207273295306
ZNF207,4,0.03748352196533971
BMPR1A,4,0.01629711095757343
MED28,4,0.02153035069557554
PGLYRP4,4,0.007484164660481096
MPP7,4,0.02462829335904893
NUDT2,4,0.009970115253476889
ATG2B,4,0.028491916992410247
ATAD2,4,0.007770522816111886
MORN2,4,0.012580846464181148
PGLYRP3,4,0.018377903168264615
MPLKIP,4,0.08631842190609573
USP5,4,0.029979828213125
BMP8A,4,0.042182838144607375
NCAPG,4,0.008880597504127868
MELTF,4,0.012580846464181148
MOXD1,4,0.003700248960053279
MEF2B,4,0.00461202844310572
MPC1,4,0.01850124480026639
ADAM15,4,0.015356033184221109
ATF7,4,0.024025118787526705
PGAM4,4,0.016651120320239757
NSMCE3,4,0.012580846464181148
BMP2K,4,0.03058158386471817
NEXMIF,4,0.03105248927276712
PGA3,4,0.007400497920106558
MEG8,4,0.0052677155334091815
MEGF8,4,0.024948770817909017
MED25,4,0.03496735267250349
NCEH1,4,0.004234729365394308
MOCOS,4,0.03067506387884168
PF4V1,4,0.007400497920106558
ME3,4,0.012757019428557018
ACTN3,4,0.014800995840213115
NT5C1A,4,0.009065609952130533
USP44,4,0.010140869647818247
NFKBIL1,4,0.00795553526411455
NAXE,4,0.03152612113965394
MDP1,4,0.14727683717297435
ACTRT1,4,0.011840796672170494
AK4,4,0.24894009200470973
UBR4,4,0.023524949471698732
MDN1,4,0.025744364492709594
NEU3,4,0.011470771776165165
PARP2,4,0.006660448128095901
BIRC7,4,0.05513370950479385
AKAP7,4,0.015171020736218442
NCF1B,4,0.03804595980726781
UBQLN3,4,0.03336381457532762
ATG9B,4,0.006065735892460672
MECR,4,0.011840796672170494
MED10,4,0.21359790922512523
ACTR1A,4,0.011287198313869188
MED12,4,0.0052214624214085145
PGS1,4,0.016451306876396878
ZBTB11,4,0.023681593344340987
ZNF267,4,0.01339330382275388
UBE2D2,4,0.46253112000665986
UBE2E2,4,0.0051803485440745905
UBE2G2,4,0.019929952037620293
PAX9,4,0.022247121342667472
PFKFB4,4,0.005229274058101961
UBE2J1,4,0.018932940512272612
PAFAH1B2,4,0.024666326177283204
ALDH3A2,4,0.014840636154376847
UBXN2B,4,0.02272569569632722
MGAT2,4,0.027248222203059
OBI1,4,0.17713547654574816
NUDCD3,4,0.03804595980726781
ACADM,4,0.021375172183677328
XYLT2,4,0.03049005143083902
PIGF,4,0.007400497920106558
VPS13C,4,0.008880597504127868
ALYREF,4,0.022201493760319675
NEK4,4,0.02320539783541427
MGAT3,4,0.008572243424123428
TSPAN7,4,0.020505546320295255
AMBRA1,4,0.014800995840213115
TSPAN5,4,0.00384498276484656
PIGH,4,0.003700248960053279
ARID5B,4,0.03532686761097675
TTC3,4,0.015048912520536683
VOPP1,4,0.012435290752538233
MMP17,4,0.02568243141094423
TTC4,4,0.01776119500825574
NAB1,4,0.014050624214852564
ACAT2,4,0.016822546309901
BEX3,4,0.004964500688071482
TTL,4,0.007400497920106558
ACBD5,4,0.0384825891845541
VMO1,4,0.006519010412847187
VMA22,4,0.0194888903326398
ADCY4,4,0.047184905709029584
TTLL4,4,0.007400497920106558
PERP,4,0.07627652092376494
C21orf91,4,0.011148850116640529
NKIRAS1,4,0.0341799066914578
YARS2,4,0.008325560160119878
USP26,4,0.013320896256191803
ADCY6,4,0.009620647296138525
PHF6,4,0.007400497920106558
ARHGEF10L,4,0.2778139249996552
PIGS,4,0.011100746880159837
ARHGEF26,4,0.041072763456591395
NDST2,4,0.06296898667770667
ARHGEF15,4,0.018868563586098962
TSFM,4,0.006352094048091462
CA10,4,0.27213435747667
MYSM1,4,0.01443097094420779
ATP5PB,4,0.003700248960053279
AGGF1,4,0.07400497920106557
ATP6V1B2,4,0.030667593640606897
ZNF652,4,0.2974045909376814
MGST2,4,0.024370250789684234
CA12,4,0.046402370583479485
VPS35L,4,0.008880597504127868
PCLO,4,0.026656369854355298
MAP3K6,4,0.005188160180768036
TSPAN1,4,0.0743750040970709
C6orf120,4,0.0992245364233285
NTPCR,4,0.00966176117347245
AMN,4,0.004440298752063934
MZF1,4,0.019405750101612752
MAP4K2,4,0.004440298752063934
ZNF638,4,0.004440298752063935
MAP4K5,4,0.0318295415543783
PELI3,4,0.0029601991680426234
UFD1,4,0.08057383358151932
VPS25,4,0.46372856168401044
MAPK13,4,0.009507584133470231
ATP6V0C,4,0.005550373440079919
ADAMTS12,4,0.02377233232907764
AMIGO1,4,0.01168305556770978
ADCY2,4,0.009787220413630346
NACC1,4,0.016281095424234424
TTYH2,4,0.0068365680548076345
NIN,4,0.07243504806771049
ALDH8A1,4,0.3049221949253156
TXLNA,4,0.003700248960053279
ADAMTSL2,4,0.023018632072331444
ALDOC,4,0.007400497920106558
MBD4,4,0.004995336096071927
ALG3,4,0.011925353047861267
VILMIR,4,0.007717444881018369
YBEY,4,0.013066606924881475
MAZ,4,0.008770206743486279
MS4A3,4,0.00890698442104458
NINL,4,0.04810001944676787
TULP4,4,0.003700248960053279
PHPT1,4,0.011100746880159837
NTHL1,4,0.005365360992077254
NIF3L1,4,0.007400497920106558
ARMCX1,4,0.0018811125974645885
VGF,4,0.08630286615785653
NID2,4,0.005550968010498297
VEGFB,4,0.04335458364862423
PHKA2,4,0.03070514346848627
TXNL4A,4,0.009027168476823312
BUB1B-PAK6,4,0.040458522129222546
ALDH4A1,4,0.029997694434144885
MRPS6,4,0.23414941005938644
ARPC2,4,0.01073072198415451
PADI3,4,0.016981112263109024
ARPC3,4,0.0052677155334091815
NANS,4,0.013811241157688286
MFAP5,4,0.03992568627897487
ARPC4,4,0.004625311200066598
ARPC5,4,0.009155122834144339
UBXN6,4,0.027381842304394263
PHTF1,4,0.20454513081335854
ACP6,4,0.01350590870419447
PABPC1L,4,0.00980565974414119
MFSD6,4,0.009600090357471561
ACOT1,4,0.01887126969627172
P4HA2,4,0.007809734406766937
ARL4D,4,0.01850124480026639
YBX2,4,0.003700248960053279
USP30,4,0.3229749295388987
ZC3H15,4,0.011100746880159837
C1QTNF9,4,0.0051803485440745905
YIPF5,4,0.11143902735965205
TUBA8,4,0.46253112000665986
ARL6IP1,4,0.011840796672170494
PCF11,4,0.003700248960053279
NAGA,4,0.011900707028203701
ARL6IP5,4,0.03137960449931266
BHLHA15,4,0.014800995840213115
ARLN,4,0.004604754261399636
ACOX2,4,0.03162972811053543
BHLHE22,4,0.008880597504127868
ZC3H13,4,0.009250622400133196
C1QL3,4,0.03683227814837034
MSC,4,0.011311854694795889
ACOXL,4,0.21781515134700916
MASTL,4,0.02353434325438143
NRAV,4,0.037156666640535005
ATP2B3,4,0.00487199446407015
NCS1,4,0.011840796672170494
PABPN1,4,0.005529816501412955
ZC3H12B,4,0.007400497920106558
ALG5,4,0.03832635919484248
TUBG1,4,0.010545709536151844
PDE4DIP,4,0.04162780080059938
GINS4,4,0.023311568448335658
SPSB3,4,0.0051803485440745905
ECI2,4,0.18131889632539708
EEF1D,4,0.012880361060558794
RCN1,4,0.07843266696479051
IFITM5,4,0.004879806100763596
EEF1B2,4,0.008849762096127424
EED,4,0.4630861573506678
IFNA8,4,0.008664749648124762
SOSTDC1,4,0.2333456082048407
EIF4G3,4,0.01073072198415451
IFNW1,4,0.003700248960053279
EBF3,4,0.3330224064047951
IFT140,4,0.025400770125059074
EAF2,4,0.011100746880159837
SOX13,4,0.0328434097694329
E2F6,4,0.08744726230725601
EEF2K,4,0.030897078816444875
SNX6,4,0.023260176101668244
SNX5,4,0.013059480630416584
SNX4,4,0.03514365838822136
EFNA2,4,0.006660448128095901
RCOR1,4,0.009692596581472894
IER5,4,0.04162780080059938
EGFL7,4,0.009337989389467788
SNU13,4,0.016281095424234424
SNRPG,4,0.035522390016511474
HYOU1,4,0.0082022185281181
EIF3E,4,0.020346008377363143
HYKK,4,0.05366660922954787
HYCC1,4,0.004440298752063934
SNRNP200,4,0.038166629037242876
SNORD94,4,0.007152157515128834
EIF4E3,4,0.007400497920106558
E2F5,4,0.011162417696160724
SOX2-OT,4,0.06200444252957197
SOX5,4,0.019860132266630744
SPDYA,4,0.04348942144464503
DOHH,4,0.030342041472436885
RASSF10,4,0.007770522816111886
SPP2,4,0.17087460005088032
IGKV2D-26,4,0.007400497920106558
IGKV2D-24,4,0.008479737200122095
DOK7,4,0.032044155994061393
RAX,4,0.024461819312246155
SPOCK1,4,0.031057834076820518
SPO11,4,0.032828608773592685
IGKV1D-37,4,0.011840796672170494
SPIRE1,4,0.012364998608178041
IGKJ5,4,0.004440298752063934
RBM20,4,0.011840796672170494
SPG21,4,0.010175684640146518
SPC25,4,0.023443086752589173
DYNLT3,4,0.009250622400133196
SPATS2L,4,0.011000435881706346
SPART,4,0.005550373440079919
DSG4,4,0.048399256397496884
SPAG8,4,0.061475525083551835
SPAG16,4,0.2676694581753133
DUOXA2,4,0.06502011537430924
DUSP14,4,0.03373887001776579
SP9,4,0.010360697088149181
DUSP23,4,0.024233112376283047
DUSP8,4,0.008746977402792611
DUXAP9,4,0.004255286304061271
DVL3,4,0.007400497920106558
DYM,4,0.23425732616514283
DYNLRB2,4,0.007832193632112773
EIF4EBP2,4,0.014800995840213115
RELL1,4,0.011840796672170494
SLC30A9,4,0.022612632533658923
SLC7A3,4,0.012580846464181148
HNRNPH2,4,0.008880597504127868
RHOBTB2,4,0.1336474520066321
SLC6A20,4,0.06743772872756888
RHEBL1,4,0.008880597504127868
ENSG00000261564,4,0.004810323648069262
HOXA2,4,0.003700248960053279
SLC7A6,4,0.015132579260911223
EIPR1,4,0.10393933219643524
HOXB4,4,0.022201493760319675
SLC9A7,4,0.003580241319506666
SLC9A8,4,0.03774253939254344
SLCO2A1,4,0.08451876031399629
HOXD10,4,0.007400497920106558
RGS12,4,0.21350549792671542
SLC4A11,4,0.10301116105507971
SLC49A4,4,0.003700248960053279
HNRNPA3,4,0.07548507878508688
RIC1,4,0.03200715350446086
SLC46A2,4,0.012168630434990441
SLC44A2,4,0.0424870148305302
HMX2,4,0.0029601991680426234
SLC41A3,4,0.24811990313471807
SLC39A6,4,0.009235821404292983
SLC39A2,4,0.03537693424406743
SLC39A11,4,0.2167750273086175
SLC39A10,4,0.013495630234860986
HMGN1,4,0.004255286304061271
SLC38A2,4,0.044449209167937986
SLC35G1,4,0.33800438248476883
HMG20A,4,0.01791537204825796
RIN3,4,0.30958455445451555
SLFN14,4,0.04444739050815998
RGL4,4,0.05651146608107931
SMAD9,4,0.005112776322469633
EML4,4,0.23201106995770926
SNIP1,4,0.021653318098577425
RELT,4,0.03272500180271119
HTR2B,4,0.007400497920106558
REM1,4,0.009442213068509288
SNHG8,4,0.06086909539287643
ELF2,4,0.03275558447191243
ELL,4,0.5848022515243623
ELMOD2,4,0.28691242384617216
ELOF1,4,0.004234729365394308
ELOVL4,4,0.043614834492147994
EMC4,4,0.029951459637764594
EMC6,4,0.011470771776165165
HSPA12A,4,0.0174528409282513
SMYD1,4,0.011635227285500864
REXO1,4,0.05254353523275655
SMARCA2,4,0.018972327438011926
REXO2,4,0.03163712860845553
SMPD4,4,0.008880597504127868
EMX1,4,0.009337989389467788
RFC3,4,0.02573128092754697
HSD17B11,4,0.03252518835886832
RFPL3,4,0.22938804472623378
SMG7,4,0.013320896256191803
HS3ST4,4,0.2529746943055948
HS3ST3B1,4,0.006818847236637138
ENO3,4,0.03751759613025618
HS3ST1,4,0.011372812181456752
HS2ST1,4,0.005174748168018807
SMCR8,4,0.042012626692444925
SMARCE1,4,0.003700248960053279
IGKV3-11,4,0.003700248960053279
SPPL3,4,0.01114186075749376
RASGRP4,4,0.05935199331925459
DBF4,4,0.024470568650379006
RAB35,4,0.07998058085317317
STYX,4,0.009620647296138525
DCAF7,4,0.03367226553648484
SUCLG2,4,0.012159018082735073
DBR1,4,0.023271653409858244
SULT1A3,4,0.022499430260794796
SULT1A4,4,0.022499430260794796
SPRR1A,4,0.01073072198415451
DAZAP2,4,0.03256219084846885
SULT2B1,4,0.003700248960053279
DAD1,4,0.05286858101347753
SUPT16H,4,0.5848022515243623
DAAM2,4,0.01303362329534084
SURF4,4,0.008305003221452913
IST1,4,0.0061054107840879095
ISOC1,4,0.008695585056125206
ISL1,4,0.014424803862607697
DCP1B,4,0.01681895513857469
IRX4,4,0.18355733396354995
STX7,4,0.04451502283637429
RAB4A,4,0.020721394176298362
DCSTAMP,4,0.14504549878651418
STX5,4,0.02021528234631774
STX4,4,0.04588308710466066
DCXR,4,0.011100746880159837
DDIAS,4,0.0219007493287685
RAB5C,4,0.03108209126444754
DDX11,4,0.02294154355233033
DDX19B,4,0.022756531104327665
IQCH,4,0.20222648805292082
STK24,4,0.04515783830849022
SUSD2,4,0.03329784470779632
RAB29,4,0.049868963199580126
CYTH2,4,0.012798737428170138
CYP11B2,4,0.006660448128095901
KCNA1,4,0.017822865824256625
PUS3,4,0.009313102907799947
TAAR9,4,0.07190350547310123
CXXC1,4,0.026251210677711315
SYTL2,4,0.005240136476115452
KAT6A,4,0.030364242966197205
CYB5A,4,0.006226677843401764
SYT2,4,0.008880597504127868
SYT13,4,0.03108209126444754
CYBC1,4,0.01678780508355383
CYDAER,4,0.021979478822716475
PYDC1,4,0.01090545596282369
SYNJ2BP,4,0.0317144053800146
SYNGR3,4,0.0076115901456370195
CYP20A1,4,0.0053288598400625786
ITM2A,4,0.004440298752063934
SYNCRIP,4,0.023866605792343648
CYP2A13,4,0.004255286304061271
CYP2B7P,4,0.041997825696604714
SYF2,4,0.04483225430789265
SYCP2,4,0.018131219904261066
RAB10,4,0.10335811537999527
RAB11FIP1,4,0.011100746880159837
CYP4F12,4,0.011840796672170494
IWS1,4,0.022201493760319675
RAB26,4,0.016281095424234424
SUV39H2,4,0.30966900382482854
CYS1,4,0.043046846276779814
ITM2C,4,0.023681593344340987
CYSLTR2,4,0.09701580714292216
IP6K3,4,0.20050552198150942
STK11IP,4,0.006116784458124294
IP6K1,4,0.06046823508887066
SRFBP1,4,0.040127144277911114
SSH1,4,0.012580846464181148
SRY,4,0.007400497920106558
DLST,4,0.3056510311466167
DLX2,4,0.005036449973405851
DMC1,4,0.026806248021719308
DMGDH,4,0.004440298752063934
DMTN,4,0.0339756859512092
DMXL1,4,0.003700248960053279
DNAH11,4,0.026531253447561333
DNAH17,4,0.01071470986011
DNAH6,4,0.2473475961093201
SRP14,4,0.022756531104327665
SRGAP3,4,0.2164983778762538
DNAJB12,4,0.01850124480026639
DNAJB2,4,0.014800995840213115
DIRAS3,4,0.006573081138761311
SRD5A2,4,0.022201493760319675
SRCIN1,4,0.004440298752063935
SRCAP,4,0.020166356832290372
SRBD1,4,0.06672813090651175
DNAJC18,4,0.1456585893051769
SQOR,4,0.010281141735508035
SPTLC1,4,0.010651873538485889
SPTBN4,4,0.003700248960053279
DNAJC6,4,0.056983833984820494
DND1,4,0.009250622400133196
SPSB2,4,0.026795969552385824
IGLV3-19,4,0.006195816751590096
IGLV3-10,4,0.006881474537107066
RASAL3,4,0.032643596325590024
DKK2,4,0.194570312606527
SSTR3,4,0.07400497920106557
DEFA6,4,0.02113862824424925
INPP5J,4,0.003700248960053279
RAD51AP1,4,0.013135883808189142
DEFB114,4,0.009620647296138525
RAD51B,4,0.25718362092691704
INTS4,4,0.015801386674560037
RAD9A,4,0.014800995840213115
STEAP1,4,0.024565541707020373
STAU1,4,0.02756829373810361
DEFB131A,4,0.030993271788093506
INSM1,4,0.034412315328495494
DEFT1P,4,0.009620647296138525
RALGAPA1,4,0.010772413336013833
RALY,4,0.05578639230746991
STATH,4,0.0030321484533769923
DEK,4,0.012757019428557018
DENND1B,4,0.04441038801855944
DIMT1,4,0.07309348289554841
STARD3,4,0.03946123032645971
DEPP1,4,0.004440298752063935
ING5,4,0.009250622400133196
ING4,4,0.028259623585473567
RAP1GAP2,4,0.26609114377512116
RAP2B,4,0.023550645645032432
DEXI,4,0.04477854802986104
STAG3,4,0.012923203398858185
DGAT2L6,4,0.023681593344340987
DGKH,4,0.30637574304505316
ILDR1,4,0.02166360409363611
ST8SIA1,4,0.03093408130604541
ST3GAL5,4,0.008572243424123428
ST3GAL2,4,0.035285574083068066
HMBOX1,4,0.04379655782996395
HLA-DRB6,4,0.00703047302410123
KCNB2,4,0.2126517189833399
SENP2,4,0.048198415106720655
GPRIN3,4,0.006196000448421274
RPS25,4,0.08325560160119877
GPSM3,4,0.004440298752063934
FOXE3,4,0.04480631465728515
FNTA,4,0.34521603892278174
SEMG1,4,0.016281095424234424
RPS13,4,0.08325560160119877
GPR158,4,0.28575251869231255
FNBP1L,4,0.06824903637431604
RPS11,4,0.08325560160119877
RPS10,4,0.08325560160119877
RPRD2,4,0.007400497920106558
GRID2,4,0.2275771141054382
RPPH1,4,0.007400497920106558
RPS26,4,0.08325560160119877
SEMA3B,4,0.003700248960053279
RPS27L,4,0.014800995840213115
RPS28,4,0.08325560160119877
RPS4Y1,4,0.08325560160119877
FREM2,4,0.006643458651570638
SELENOI,4,0.007400497920106558
FRMD3,4,0.0271930969913159
SEH1L,4,0.5415725491811313
SECISBP2L,4,0.017761195008255737
GPR3,4,0.00703047302410123
GPR27,4,0.009874673812344905
RPS6KL1,4,0.020420851328543963
FSD1L,4,0.02130206233098939
RPS9,4,0.08325560160119877
GPR174,4,0.09138548792455121
FSTL3,4,0.004810323648069262
GRIK3,4,0.27733651808667686
FMO3,4,0.003700248960053279
GRIN2C,4,0.5953069823722393
SERPINB12,4,0.02808077821907099
SETD3,4,0.058198132351877964
SETD1B,4,0.30589416769880523
RPL21,4,0.08325560160119877
SETD1A,4,0.01297620487369517
FETUB,4,0.009651482704138967
RPL24,4,0.08325560160119877
GTF2A1,4,0.5790803178824621
GSX1,4,0.01443097094420779
GSTZ1,4,0.037653733417502167
GSTO2,4,0.012765858912183809
FGF12,4,0.2311244728730369
GSTA4,4,0.004070273856058606
GSTA2,4,0.025623196201435605
SERPINB5,4,0.07400497920106557
SERPINB10,4,0.03311167674362509
GRIN2D,4,0.5953069823722393
FIG4,4,0.011635227285500864
FITM2,4,0.00293964222937566
SERP1,4,0.02243789855498974
GSAP,4,0.04588308710466066
GRM8,4,0.2892937240584181
RPL7A,4,0.08325560160119877
RPL8,4,0.08325560160119877
GRM4,4,0.23414941005938644
SERINC1,4,0.029391259072831872
SERBP1,4,0.017230196696607275
SEPTIN5,4,0.030825129163057654
FMNL1,4,0.02812189209640492
GRK1,4,0.03314239785646306
GRINA,4,0.02437986452487144
SEC24D,4,0.02294154355233033
RPSAP11,4,0.024134758471373356
SLC2A9,4,0.032192165952463526
GNA14,4,0.017021145216245082
GLRX2,4,0.016281095424234424
GLRX3,4,0.012026014689559824
GDF1,4,0.03992568627897487
GCFC2,4,0.1694690881621539
GMPR,4,0.02926875111875395
GBP1P1,4,0.015705501141559473
GNA15,4,0.012199706390633674
FTCD,4,0.014357548095703226
SCFD1,4,0.027812412590879836
GNAO1,4,0.0060965713004611155
GASK1B,4,0.22149285567206584
SCGB1D4,4,0.005023704671432334
GAS7,4,0.022387636394958298
RYK,4,0.031015486783166582
SAV1,4,0.010828106375868436
GLMP,4,0.032613994333909595
GLIS2,4,0.027028100752561183
GLIPR2,4,0.007400497920106558
GFI1B,4,0.03339844711344089
GFRA2,4,0.004440298752063934
SAR1B,4,0.016471658245677166
GLDN,4,0.007400497920106558
SAP130,4,0.2238136584638969
GKN1,4,0.018399029651747268
GHITM,4,0.17188638246485438
SACM1L,4,0.06348907722598082
GJB6,4,0.021793690198949778
SAE1,4,0.015171020736218442
SAMD4B,4,0.008880597504127868
SALL2,4,0.008799808735166706
SALL3,4,0.15523334819414306
GNB1,4,0.009754267397473784
RYBP,4,0.08245115428541551
GNB2,4,0.008786480660327034
RSPO1,4,0.0178974875116177
FTMT,4,0.18778571327346344
RRAGD,4,0.007400497920106558
FUNDC1,4,0.01471939888895695
FUNDC2,4,0.007400497920106558
FUT5,4,0.007462168736107445
FXR1,4,0.01844066918896841
RRS1,4,0.028885911110154663
RS1,4,0.016281095424234424
GPC6,4,0.25225756939681304
FXR2,4,0.017021145216245082
FXYD1,4,0.004625311200066598
GPC2,4,0.007400497920106558
RSL24D1,4,0.012584065559448859
RSPH4A,4,0.37002489600532784
G3BP2,4,0.017524537907693392
GNE,4,0.02575567218668464
RTKN2,4,0.014896330168528702
GOLIM4,4,0.17194157560907172
SCYL2,4,0.18494974506200065
SCUBE1,4,0.010360697088149181
SCPEP1,4,0.046537149925861956
GOLGA4,4,0.003959883095417018
GNS,4,0.01484363644523204
GNRHR,4,0.07400497920106557
RUBCNL,4,0.06242231578067537
SCML4,4,0.13115676434679244
SCIN,4,0.06364277900675666
GNGT2,4,0.004625311200066598
SCHIP1,4,0.288481166288486
GNG10,4,0.0029601991680426234
GUCA2A,4,0.08780100569990408
FCAMR,4,0.04774246220708743
RPL10A,4,0.08325560160119877
SLC15A4,4,0.045276246275211915
SLC14A1,4,0.009600090357471561
ERCC5,4,0.031030287779006797
HEATR3,4,0.008140547712117212
SLC15A2,4,0.012765858912183813
RNF138,4,0.007132865733317518
HEATR9,4,0.058278921120839135
EPS8,4,0.2927984721748168
SF3A2,4,0.009027168476823312
HECTD3,4,0.016412248692929645
SLC16A12,4,0.005920398336085247
RNF122,4,0.06475416822895114
HEIH,4,0.015356033184221109
RNF10,4,0.013024876339387538
HEMGN,4,0.01708281603224597
SLC13A5,4,0.004234729365394308
SLC13A4,4,0.03929088801293906
RNF146,4,0.03774253939254344
ERI1,4,0.3138023472672365
SLC12A4,4,0.01776119500825574
SLC10A2,4,0.32495275187689415
RNF180,4,0.032729647553790715
ESYT1,4,0.017365268369530035
ETFDH,4,0.0071864259275620955
RNF216,4,0.20030995850107985
HCG18,4,0.025696173333703328
RNF228,4,0.10075451684727592
RNF24,4,0.003700248960053279
RNF26,4,0.04640728904066819
EVA1A,4,0.019944034392232052
EVI2B,4,0.00498466241166932
EVPL,4,0.004255286304061271
RNASEK,4,0.02098553825228801
EPHB4,4,0.005161230591114316
HERC2,4,0.008103785800758262
ENSG00000293339,4,0.017576182560253076
SLC2A12,4,0.020192988004075884
SLC28A2,4,0.00811999077345025
HLA-DPB2,4,0.0051803485440745905
SLC26A5,4,0.010360697088149181
ENSG00000288534,4,0.005920398336085247
HJURP,4,0.004414643417538103
RIPOR2,4,0.02604691293030191
SLC25A18,4,0.0029601991680426234
HIVEP2,4,0.007229859504108288
SLC25A16,4,0.008547145080128509
ENSG00000290756,4,0.07612018334126464
RLIG1,4,0.021040962309819052
HIP1R,4,0.07647181184110109
SLC24A5,4,0.07162327758413445
SLC22A3,4,0.009191423778436795
HERC4,4,0.009620647296138525
RMI1,4,0.007570709372269009
ENSG00000300022,4,0.013690921152197133
HIBCH,4,0.011470771776165165
RMND5A,4,0.0349373269561689
ENTPD3,4,0.0061054107840879095
SLC22A11,4,0.3525514981384096
ENTPD7,4,0.03257729489194251
EP400,4,0.010545709536151844
EPB41L4A-AS1,4,0.025161692928362296
EPB41L4B,4,0.010340140149482216
HEXIM2,4,0.009603492774294366
HEXIM1,4,0.028535703271770876
HES6,4,0.008880597504127868
SLC17A7,4,0.01613719685356569
RNF39,4,0.013875933600199794
SKA2,4,0.019302965408277934
EXOC1,4,0.009523001837470452
SGPP2,4,0.022062076815372797
FAM98A,4,0.22414415567312634
FANCE,4,0.003700248960053279
H2BC9,4,0.5055876280446131
FANCL,4,0.3061277322931156
SH2D2A,4,0.007652114849390182
FARP1,4,0.01350590870419447
FARS2,4,0.023828164317036427
FAT2,4,0.003700248960053279
H2BC17,4,0.5036449973405852
H2BC15,4,0.5036449973405852
H2BC14,4,0.5042000346845932
H2BC12,4,0.5045700595805985
ROR1,4,0.007400497920106558
H2AZ1,4,0.010422573473536737
FBP2,4,0.007770522816111886
H3-3B,4,0.025262820480722932
H2AC25,4,0.5036449973405852
H2AC21,4,0.5036449973405852
H2AC19,4,0.5036449973405852
H2AC18,4,0.5046625658045999
SFXN1,4,0.03155261929210223
H2AC1,4,0.5036449973405852
FBXL5,4,0.023291011509668696
FBXL7,4,0.2431069320516228
H1-1,4,0.006269866293423612
FBXO36,4,0.114068448599848
GYS2,4,0.3200926454022186
GVINP1,4,0.018318904754290436
GUSBP14,4,0.013690921152197133
GUSBP1,4,0.013690921152197133
H3-3A,4,0.025262820480722932
H3-4,4,0.019195482338276077
EXOC2,4,0.015715355886238798
FAIM,4,0.15156075998683766
EXOC7,4,0.020731223165506366
RNF41,4,0.03626243980852213
RNF6,4,0.01646610787223709
SIPA1L2,4,0.003700248960053279
HARS2,4,0.008325560160119878
HARS1,4,0.02637917042939402
HAPSTR1,4,0.20685391351983556
HAPLN1,4,0.005612044256080804
EYS,4,0.2782022068393939
HAND2,4,0.003700248960053279
FA2H,4,0.01850124480026639
HACL2,4,0.01681769343773158
FABP9,4,0.0051974781609377225
FADS1,4,0.03939551197552607
FAM110C,4,0.024421643136351638
FAM3C,4,0.0062842334853524225
FAM135B,4,0.1350533010801249
FAM13A,4,0.04229343447463565
SIDT2,4,0.02215463836484956
FAM169A,4,0.008131078934449594
SIDT1,4,0.02259547801181477
FAM171A1,4,0.019349093926763903
RNY1,4,0.00811999077345025
SIAE,4,0.007400497920106558
H3P41,4,0.00893466225282198
H3P38,4,0.00795553526411455
RNY4,4,0.004995336096071927
SHLD1,4,0.03057145690796019
SHISA5,4,0.008582521893456912
FAM3A,4,0.013320896256191803
KCNA4,4,0.1909599862358352
SGO2,4,0.03052705392043955
CHM,4,0.02312183614922959
COQ6,4,0.047977428016050816
CLDN14,4,0.025209328019350635
COMMD8,4,0.03276586219627018
TLCD3B,4,0.004000996972750942
CDHR2,4,0.015582159509557696
PPM1G,4,0.015171020736218442
TOB2,4,0.007770522816111886
CLCN1,4,0.021769798048313457
CDH4,4,0.17318811359829026
TOMM22,4,0.011624948816167385
COPS6,4,0.08399565139320943
PNMA1,4,0.009068282354157239
TOMM40,4,0.008880597504127868
TENT5A,4,0.032443782881747145
TLE3,4,0.04514303731265
PSMB11,4,0.05550373440079918
LINC00941,4,0.01554104563222377
PMS1,4,0.009620647296138525
KLK10,4,0.003515236512050615
TEX46,4,0.015428265651873847
KLK12,4,0.03108990290114098
CDK12,4,0.037091295575574064
LIPT1,4,0.04070273856058607
TFDP2,4,0.004440298752063935
TFCP2L1,4,0.008325560160119878
COL5A3,4,0.37002489600532784
COL6A3,4,0.004964500688071482
LLGL1,4,0.07777499379613156
LLGL2,4,0.003700248960053279
CLDN9,4,0.009620647296138525
CDIPT,4,0.004810323648069262
CFAP91,4,0.013197554624190026
TFAP2B,4,0.003700248960053279
KLRC3,4,0.007770522816111886
PRKD3,4,0.016281095424234424
COL9A1,4,0.0475719359160273
COLEC12,4,0.01596246287489651
COMMD10,4,0.025531717824367625
KLHL12,4,0.003700248960053279
CDH15,4,0.03428136762918694
LARP7,4,0.006290423232090574
TEAD4,4,0.017709802661588333
POP1,4,0.02290186866070309
PPP1R10,4,0.010600060552275628
CPSF1,4,0.005550373440079919
CPSF3,4,0.01197441677350575
PRKAB2,4,0.011840796672170494
KIF7,4,0.29496385195473995
TP53RK,4,0.011100746880159837
PLXNB2,4,0.003700248960053279
TBR1,4,0.018659664838501906
TPCN1,4,0.013241340903550659
TBPL2,4,0.013022820645520844
TPCN2,4,0.009618990155164351
KIF1C,4,0.09250622400133197
PSME4,4,0.007770522816111886
KIF18B,4,0.004070273856058606
CILP2,4,0.007904127191272392
LDHC,4,0.0051803485440745905
TLL1,4,0.018324043988957175
TOX4,4,0.006660448128095901
CKAP2,4,0.02390771966967757
TOX2,4,0.032192165952463526
CORO1C,4,0.008641725876817764
CLASP2,4,0.029529550706209984
CFHR2,4,0.011100746880159837
TLE7,4,0.05658297368081472
KLF7,4,0.015983019813563468
CDC73,4,0.004440298752063935
CDC5L,4,0.020501496176428352
CDC50A,4,0.00795553526411455
CKMT2,4,0.003700248960053279
COX5B,4,0.02960199168042623
PSMC3,4,0.47640705360685964
PRKAG1,4,0.045394654241933625
CPA4,4,0.011100746880159837
KLC2,4,0.04877293542591608
CDC45,4,0.004625311200066598
KLC1,4,0.18662728581817026
COL23A1,4,0.3274272353196368
TMOD1,4,0.022201493760319675
CRELD2,4,0.042964001813951956
POLM,4,0.03584801192499616
THEM4,4,0.03702071220989915
POT1,4,0.17318811359829026
TIMM10,4,0.009633155592656293
POLR2H,4,0.6007093390100392
PRPF40A,4,0.01443097094420779
CLMP,4,0.005735385888082583
CENPS,4,0.030985122390775503
TIMM13,4,0.04685205003306001
PRLR,4,0.013983456061910487
CENPW,4,0.004974779157404964
CNN1,4,0.011100746880159837
LINC02577,4,0.008757255872126094
PRPH,4,0.009476748725469787
TIMM23,4,0.010310743727188461
CNN2,4,0.052038451249709294
TNK1,4,0.004440298752063934
CENPX,4,0.012282770853510188
CNGA1,4,0.007400497920106558
THORLNC,4,0.016524704819920417
CMTR2,4,0.007164482138113357
PRNT,4,0.012190264629508856
LINC02154,4,0.0027751867200399593
CELA1,4,0.011563278000166497
LALBA,4,0.004770648756442026
TNIP2,4,0.02134838080564072
LAD1,4,0.010803528502219325
CMC2,4,0.01977246315732806
CMKLR2,4,0.012136712056242416
CMTM2,4,0.026641792512383605
POLR3E,4,0.009544792192457432
CMTM3,4,0.07400497920106557
THRSP,4,0.010335415378530994
POLR3F,4,0.4294344487528499
LAMA4,4,0.37002489600532784
POP7,4,0.015581534760418278
LAMC3,4,0.37002489600532784
PROKR1,4,0.017393842514277114
CEP131,4,0.009030547785822544
CLINT1,4,0.15157963924016435
COL15A1,4,0.003700248960053279
PRPS2,4,0.012575707229514406
CNPY2,4,0.009250622400133196
TGIF2,4,0.019981344384287707
CNTN5,4,0.2782022068393939
CDK5RAP3,4,0.030534454418359655
TGFB1I1,4,0.019981344384287707
CES3,4,0.008880597504127868
TINCR,4,0.011100746880159837
TMPRSS15,4,0.17318811359829026
COBLL1,4,0.30197374518118214
COG2,4,0.008931989850795276
TFPT,4,0.007400497920106558
TFG,4,0.031801584117791236
PRSS27,4,0.003728695316642531
PRSS29P,4,0.07612018334126464
COL13A1,4,0.3290094314354662
KPNA5,4,0.009918300815621946
TMEM11,4,0.014242725007367424
PODXL2,4,0.03581100943539563
PPEF1,4,0.007400497920106558
TGM3,4,0.06639007241066261
POLE2,4,0.25901742720372944
THAP9,4,0.004810323648069262
CLIC6,4,0.31892963046480866
POU4F2,4,0.03329775373008607
CLIC5,4,0.003700248960053279
CLIC2,4,0.011100746880159837
CEP15,4,0.007652114849390182
CDSN,4,0.009569254949471117
CDS2,4,0.05035856663953239
POGK,4,0.15411870031578148
PRRG4,4,0.27580376973481757
TGOLN2,4,0.024413425725592023
CDR1,4,0.0070228669567944536
CEP350,4,0.026556015926150745
CEP43,4,0.002754629781372996
CER1,4,0.017828917535282564
TGM4,4,0.02245162682925437
PRIM1,4,0.25901742720372944
CDC42BPB,4,0.01850124480026639
CCKAR,4,0.03700248960053278
TMEM164,4,0.00830217206083254
TRAF7,4,0.026951585578094732
LINC00467,4,0.012580846464181148
KCNN2,4,0.06734453107296968
PLEKHM3,4,0.005069957783433
CHST7,4,0.02344477741089758
TARBP2,4,0.07956009236416908
TMBIM1,4,0.013707148547863215
TMC6,4,0.03366444598499842
PLEKHG2,4,0.007400497920106558
PLEKHG1,4,0.17433426733340082
TAPBPL,4,0.0051803485440745905
TRAPPC2,4,0.005757037132873721
TRAPPC2B,4,0.007864213146328873
TAOK3,4,0.1045850313319712
PPP5C,4,0.00951272336813697
PTP4A2,4,0.07215485472103894
CCDC88C,4,0.3162279122708687
CST2,4,0.004070273856058606
PTH1R,4,0.007400497920106558
CSNK1D,4,0.013113955241585042
CHTOP,4,0.002754629781372996
PTGFRN,4,0.03726150702773652
TRA2B,4,0.008148359348810658
LEPROT,4,0.2750491509818122
TM4SF1,4,0.005036449973405851
TAS2R1,4,0.024501846747855122
PLIN4,4,0.016109742686246053
KCP,4,0.013176997685523066
PPP2R5D,4,0.08085043977716413
CHST9,4,0.20715955451586504
PTK6,4,0.00980565974414119
PPP3CB,4,0.05390098595360916
CCDC92,4,0.09722181376172816
KCNK2,4,0.017529929448252407
TAMALIN,4,0.021230709088589
CCNF,4,0.06438433190492705
CTDP1,4,0.5941576354270812
CHD5,4,0.03301362122159535
CHD6,4,0.16965321602009528
KCNH3,4,0.02093708411936648
CTSV,4,0.057281292887331435
PTRH2,4,0.003700248960053279
LSM14A,4,0.3194579848955261
CHIC1,4,0.007321455228573407
CHMP6,4,0.46253112000665986
LSM2,4,0.026909269061185324
CHMP3,4,0.46253112000665986
TMEM106A,4,0.034271705868013466
CCDC171,4,0.04834375266309608
TACC3,4,0.023121416765666255
LILRA6,4,0.038778609101358365
LSS,4,0.004625311200066598
PTPRR,4,0.004419741813396972
CTNNAL1,4,0.005893218215497792
CHORDC1,4,0.04089515150650883
LIMK2,4,0.01235883152657795
LINC-PINT,4,0.005047823647442236
PLEKHA1,4,0.011980638927165294
PRAG1,4,0.1326770404816467
PRAM1,4,0.0422050396383677
LGALS7B,4,0.009826216682808152
TAFA4,4,0.015027122165549703
LGALSL,4,0.10593402676433125
CHRAC1,4,0.05383919739201438
CHRM3-AS2,4,0.015057659343246188
TRAV13-1,4,0.020697342558058014
KCNJ15,4,0.011441169784484739
TMEM14A,4,0.014800995840213115
TMEM144,4,0.0036199153251706443
CHD4,4,0.01438368998527377
LRRC1,4,0.022685337539281134
CELA3A,4,0.007400497920106558
LRP11,4,0.003700248960053279
TBC1D14,4,0.0037209078601065414
PLXDC1,4,0.02886194188841558
TMEM245,4,0.032211430245515184
CIDEA,4,0.006701562005429827
CROT,4,0.008572243424123428
TPM2,4,0.007570709372269009
TPM4,4,0.004370740156164281
TBCD,4,0.1904989222278978
CIAO2A,4,0.01443097094420779
CIAPIN1,4,0.018131219904261066
LRP4,4,0.3200926454022186
CIAO3,4,0.022536525309720216
KDM3A,4,0.012424202591538891
TBC1D15,4,0.009620647296138525
KDM5C,4,0.025531717824367625
TBC1D20,4,0.3703949209013332
TPRA1,4,0.051063435648735236
PLPP3,4,0.017273818782364128
PPP1R17,4,0.03992568627897487
TBC1D24,4,0.026921983586414306
PTF1A,4,0.00795553526411455
KERA,4,0.036506656239885645
CRY2,4,0.0047897667094023
LPXN,4,0.03584801192499616
CIB2,4,0.01350590870419447
PLPP1,4,0.018863663628964945
CCNO,4,0.05962391621867799
PRELP,4,0.007400497920106558
CGB3,4,0.011100746880159837
LDLRAD3,4,0.037066613639783814
CSGALNACT2,4,0.2937741722775263
CRISP3,4,0.07400497920106557
CRLF3,4,0.00795553526411455
PPP1R13L,4,0.005326919516770033
CD300LD,4,0.03248078537134769
RNF152,3,0.3197043856176824
TMEM161B,3,0.18710279598373497
RNU105C,3,0.025094332628725485
RNLS,3,0.03700248960053278
TUBA3D,3,0.46253112000665986
PPP1R12A,3,0.01863486490160165
RNU11,3,0.007400497920106558
SGCE,3,0.031331409755515016
ZBTB25,3,0.01252945411751374
TSPAN15,3,0.005920398336085247
PPP6R2,3,0.003700248960053279
SLC16A7,3,0.008257996338732015
ROM1,3,0.023909262434324462
SLC12A7,3,0.004625311200066598
PPP1R16B,3,0.009235821404292983
SLC13A3,3,0.03628464130228245
RNU6-1,3,0.003700248960053279
POU6F1,3,0.002220149376031967
SLC13A2,3,0.004070273856058606
TSPAN3,3,0.011248756838561967
NUDT13,3,0.26953047616095105
SLC16A5,3,0.00980565974414119
ZBTB4,3,0.014800995840213115
SIPA1L1,3,0.025581509561275705
ZBTB48,3,0.007400497920106558
RNU1-1,3,0.030691509429775252
ZBTB7A,3,0.057239138577183345
RNF13,3,0.07456001654507358
PPP1R11,3,0.00849001566945558
TMEM123,3,0.008325560160119878
SIN3B,3,0.032414180890066716
PIGM,3,0.013762870437531502
PPP1R16A,3,0.003940837778106124
TNFRSF19,3,0.00943563484813586
POP5,3,0.005364622620402686
TMEM156,3,0.006660448128095901
SGSH,3,0.021232028532785715
PIEZO2,3,0.008325560160119878
ZFAND6,3,0.007400497920106558
RND1,3,0.041442788352596724
PRAME,3,0.005550373440079919
POPDC1,3,0.007400497920106558
SGTB,3,0.0254057433819762
NUDT14,3,0.006660448128095901
RNU6-392P,3,0.014800995840213115
SLC12A1,3,0.03328743964463929
TMEM198,3,0.04070273856058607
RNPEP,3,0.016111500680231983
TMEM52B,3,0.020314354940634254
SIGLEC12,3,0.05350559996237042
SHISA6,3,0.03234757640878576
TSHB,3,0.011840796672170494
PPP2R5B,3,0.01850124480026639
PPP2R3A,3,0.007400497920106558
PPM1L,3,0.024456774184677836
TSHZ1,3,0.003700248960053279
RNY3,3,0.003700248960053279
PPP2CB,3,0.039962688768575415
SHPK,3,0.008030156951475622
TMEM40,3,0.007400497920106558
SIVA1,3,0.01597274134422999
TSPAN31,3,0.012171750798827773
SHPRH,3,0.008572243424123428
TSKU,3,0.07580480653912772
PPP1R1A,3,0.004440298752063934
ZBTB12,3,0.003700248960053279
ZBTB14,3,0.03327903437697739
PIGT,3,0.007400497920106558
PPP1R8,3,0.03328791439254884
ZCCHC10,3,0.05837787685948218
TMEM39A,3,0.27718292565657515
TMEM200C,3,0.20435633828009164
NUFIP1,3,0.08187869784928561
TMEM201,3,0.007287434757438263
PPM1K,3,0.009947436777993056
PPM1M,3,0.012274165032288247
SHC2,3,0.0029601991680426234
PPP2R5C,3,0.04070273856058607
TMEM38B,3,0.03234757640878576
TMX1,3,0.011840796672170494
SLC10A6,3,0.003700248960053279
RNF168,3,0.03851034105175451
RNVU1-2,3,0.007400497920106558
NUDT4,3,0.016651120320239757
PPP4R2,3,0.003700248960053279
RNF40,3,0.003700248960053279
PPP4R1,3,0.008140547712117212
ZBED3,3,0.007400497920106558
TMPRSS4,3,0.022263693619143016
RNF185,3,0.004234729365394308
NUDT7,3,0.31522510632430584
ZBED4,3,0.02477692750394209
TMEM33,3,0.014800995840213115
TMPRSS11A,3,0.007400497920106558
PPP3CC,3,0.008880597504127868
RNF214,3,0.019549648672281487
ZBTB7C,3,0.17516893544382356
SIKE1,3,0.015582159509557696
TMEM79,3,0.03524857159346754
SH3D19,3,0.02165781873833441
SH3PXD2A,3,0.28877880124601363
SH3RF2,3,0.007400497920106558
TMEM70,3,0.011270958332322287
SIK3,3,0.004255286304061271
PPIP5K2,3,0.007290107159464967
TSPAN12,3,0.003700248960053279
ZBTB38,3,0.0035050677979986625
UPF2,3,0.007732081340804665
RPA3,3,0.02344207221327489
SDF2,3,0.007652114849390182
TPSD1,3,0.008585194295483616
ZNF664,3,0.0956362762827224
RTL5,3,0.007400497920106558
TPST1,3,0.01831623235226373
ZNF678,3,0.28460145767464917
RTP1,3,0.3251079763919797
SCO1,3,0.007400497920106558
PLLP,3,0.004070273856058606
TRA2A,3,0.01887126969627172
ZNF704,3,0.32457485803752556
SCNN1B,3,0.044692619747725135
RUFY4,3,0.007770522816111886
ZNF711,3,0.006701853831387999
TRABD2A,3,0.04151014346328566
SCML1,3,0.012540712568496684
SCLY,3,0.013197554624190026
PLA2G3,3,0.0414205868588364
RXFP1,3,0.02732017148839337
NPY6RP,3,0.01633634685274295
RXFP2,3,0.18763439252921765
NPY6R,3,0.016367314021470573
RTL3,3,0.007400497920106558
SDK2,3,0.1991557215342587
ZNF804A,3,0.0051803485440745905
SDR9C7,3,0.03091187981228509
NREP,3,0.00948043982881979
TPGS2,3,0.07957583221996443
SEC1P,3,0.05085622170697227
SEC16A,3,0.009250622400133196
ZNF37A,3,0.06824888674202005
SEC14L1,3,0.161558195803817
ZNF382,3,0.008462910103510381
TRIM48,3,0.00487199446407015
ZNF385B,3,0.02042175145649536
SEC11C,3,0.004625311200066598
RRN3,3,0.12389271799452069
RRP15,3,0.1883666693621063
TRIM46,3,0.00518034854407459
PKN3,3,0.013453358035177778
PLS1,3,0.010044233539314044
PLPPR5,3,0.00811999077345025
TRIM44,3,0.016098755378258466
ZNF506,3,0.01850124480026639
ZNF516,3,0.11475324058178762
ZNF622,3,0.006290423232090574
RSPO2,3,0.0355147839492047
ZNF793,3,0.0070032105411444385
ZNF827,3,0.007502631944702966
SEC23A,3,0.009415077909468897
TRAPPC6A,3,0.009897143235348517
PLD5,3,0.3030550235381847
TRARG1,3,0.012580846464181148
SARNP,3,0.004440298752063935
TRIL,3,0.009620647296138525
ZSCAN12,3,0.007691929682625057
PLAGL2,3,0.005920398336085247
TRAV13-2,3,0.014116449782603256
ZSCAN18,3,0.01289906787474573
SAP30L,3,0.053743135957593356
ZSWIM1,3,0.043396519803504854
TRAV21,3,0.013998041815881553
SAAL1,3,0.04588308710466066
ZSWIM5,3,0.004289258286118835
TRBV2,3,0.005592466891797549
TRBV20-1,3,0.003700248960053279
PLCB3,3,0.04466200494784307
ZSWIM8,3,0.07400497920106557
SAMD5,3,0.03160246129281677
SAMD12,3,0.021838628666752073
TRGJP2,3,0.011100746880159837
NPAS3,3,0.2782022068393939
ZRANB2,3,0.007770522816111886
TRAPPC5,3,0.011100746880159837
PLET1,3,0.009990672192143854
SAXO1,3,0.02255679292695099
PLEKHM2,3,0.03707649457973385
TRAK1,3,0.032155163462863
PLEKHG5,3,0.007905075593120115
PLEKHG4,3,0.014585283645106025
PLEKHG3,3,0.01326947646676075
ZNHIT3,3,0.008829205157460463
RYR3,3,0.00795553526411455
TRAPPC12,3,0.1912948062647516
NPSR1,3,0.004070273856058606
SCART1,3,0.025154872207317124
PLEKHA5,3,0.1975313558712791
S100A14,3,0.002793969595989262
S100A16,3,0.005234413292768701
SCAMP1,3,0.03163712860845553
ZP3,3,0.010351228310481561
S100A7A,3,0.004882272933403631
TRIM17,3,0.003700248960053279
ZPBP2,3,0.09555176170405905
SBDS,3,0.008140547712117212
PLEK2,3,0.03587021341875648
NPLOC4,3,0.02235710978602858
ZNF365,3,0.009620647296138525
NRG3,3,0.34061444890633447
POLR3G,3,0.004571452020759157
SERTAD1,3,0.07429278966864651
RPL27A,3,0.08325560160119877
POLD2,3,0.25901742720372944
ZIC1,3,0.006989368907789876
TRIQK,3,0.26584333152000594
POFUT2,3,0.011470771776165165
SERPINB13,3,0.0029601991680426234
TNRC18,3,0.0029601991680426234
NT5DC3,3,0.003700248960053279
RPL35A,3,0.08325560160119877
NT5DC2,3,0.044086703896926996
PODN,3,0.004810323648069262
SERPINA10,3,0.009682318112139413
PNRC1,3,0.007585510368109221
PNPO,3,0.009497305664136748
SERINC2,3,0.015407425530888514
PNPLA8,3,0.0077499658774449216
NSUN7,3,0.02749756318318238
NSUN6,3,0.02199710218885361
PNPLA6,3,0.003700248960053279
TNS2,3,0.017021145216245082
SEPTIN7,3,0.010268406106016995
TNN,3,0.009250622400133196
TNKS1BP1,3,0.0743750040970709
TRIML2,3,0.06358834676702506
SESTD1,3,0.002220149376031967
SFSWAP,3,0.15065377286746845
RPAP1,3,0.004070273856058606
RPAP3,3,0.007400497920106558
SFMBT2,3,0.040754325458645164
RPGRIP1L,3,0.08323767127295897
POLR2L,3,0.6007093390100392
POLR2J,3,0.6007093390100392
POLR2E,3,0.6007093390100392
ZFP91,3,0.00795553526411455
SEZ6,3,0.003700248960053279
ZFR,3,0.22074260384915237
ZFYVE28,3,0.14870528394877736
SETD5,3,0.047158853001094826
TRMT6,3,0.02204437062312825
RPL17P28,3,0.0384825891845541
POLR1F,3,0.007400497920106558
RPL18A,3,0.08325560160119877
POLR1A,3,0.002590174272037295
NTNG2,3,0.0076841775345126
RPL22L1,3,0.003700248960053279
NTN4,3,0.03405709142833038
PNPLA1,3,0.003700248960053279
RPN1,3,0.011582807091900108
ZNF354C,3,0.007400497920106558
SEMA3G,3,0.004810323648069262
NSF,3,0.007400497920106558
NSD3,3,0.021831468864314345
TONSL,3,0.014800995840213115
PJVK,3,0.032578682449684974
SEM1,3,0.4782146480648886
TOP1MT,3,0.032747203296471517
RPS6KA4,3,0.011655784224167829
NRXN2,3,0.019210459184276604
ZNF34,3,0.03364266354480441
PKD1P1,3,0.004440298752063934
TOX3,3,0.21173071578279182
SEC61B,3,0.023906506181002183
TRIM49,3,0.007400497920106558
TP53AIP1,3,0.0051803485440745905
RPS8,3,0.08325560160119877
TP53I11,3,0.013219985879960835
NRL,3,0.003700248960053279
TP53TG1,3,0.010360697088149181
SEC24A,3,0.010767724473755041
TPBG,3,0.003700248960053279
ZNF350,3,0.01961131948828238
PMVK,3,0.004070273856058606
TRIM62,3,0.026318801286061438
ZNF143,3,0.00487199446407015
ZNF300,3,0.009620647296138525
ZNF17,3,0.00981129402345338
ZNF175,3,0.008510572608122541
PIP5K1B,3,0.042523261048932275
PIP5K1C,3,0.005920398336085247
PIPOX,3,0.01597274134422999
RPN2,3,0.010073709638477564
SENP7,3,0.020515824789628736
PISD,3,0.28054899065975164
PNOC,3,0.28653618414698995
TRIM71,3,0.014245958496205123
RPRD1B,3,0.008641725876817764
ZNF217,3,0.008325560160119878
ZNF24,3,0.01850124480026639
SENP6,3,0.010854661445495068
NSG2,3,0.24534602031824898
ZNF280A,3,0.02408414326800215
PNMA3,3,0.07310485476449423
RPS17,3,0.08325560160119877
PNKP,3,0.016096082976231763
SEMA6B,3,0.025912937391851354
SEMA4B,3,0.01706225909357901
RPL37,3,0.08325560160119877
TLX2,3,0.004879806100763596
RNASEH2C,3,0.006217449819004385
PARAIL,3,0.008444865345148319
PARVB,3,0.040127144277911114
USP9Y,3,0.003700248960053279
ST3GAL3,3,0.14083625236475597
TBX15,3,0.16888894811600294
SSU72,3,0.0050929815547399995
UTP3,3,0.004625311200066598
PEX11A,3,0.004941476916764484
TBX20,3,0.03992568627897487
PARP3,3,0.004070273856058606
PSMD11,3,0.47640705360685964
TC2N,3,0.01010242000855057
TCEA3,3,0.006407150080771505
TCF15,3,0.010175684640146518
UTS2B,3,0.027917428437509533
SRSF4,3,0.005920398336085247
UTS2R,3,0.003700248960053279
VAMP1,3,0.009620647296138525
PARP11,3,0.015171020736218442
SRRM4,3,0.007400497920106558
SRP9,3,0.003700248960053279
TCTN1,3,0.025642725293169216
TDH,3,0.011057854455023755
PARD3B,3,0.04730787449048162
ST6GALNAC3,3,0.016617967178065362
TBL2,3,0.011840796672170494
PARVG,3,0.007400497920106558
USP48,3,0.020721394176298362
TBCB,3,0.01554104563222377
PTDSS1,3,0.008664749648124762
UFC1,3,0.009250622400133196
USP47,3,0.027720003945465796
RAMACL,3,0.051531429224851634
PAX4,3,0.021001777091283404
UCP3,3,0.01859846653428031
RAMP2,3,0.0027751867200399593
RANBP1,3,0.5036449973405852
STARD4,3,0.04473181856959711
RANBP3,3,0.007400497920106558
TBKBP1,3,0.019654357259101696
TBCEL,3,0.009990672192143854
PSPC1,3,0.01961131948828238
PSMG3,3,0.003700248960053279
RAP1GDS1,3,0.005480780301909128
PSMG2,3,0.01961131948828238
STAP2,3,0.003700248960053279
USP51,3,0.003984484545307679
USP53,3,0.014085360887832354
PATL1,3,0.002220149376031967
RAPGEF2,3,0.03423470337841293
TDP1,3,0.1485859211929315
TDRG1,3,0.003700248960053279
TMEM106B,3,0.08274047971269347
SRD5A3,3,0.010771835861488437
TES,3,0.018686257248269056
UBQLN4,3,0.013320896256191803
TEX11,3,0.006861083849485458
PFDN6,3,0.003700248960053279
PSD4,3,0.003700248960053279
RAVER1,3,0.01961131948828238
PACSIN3,3,0.003700248960053279
PSD2,3,0.31362672168985284
SPIRE2,3,0.013875933600199794
UBL7,3,0.12966133339753688
SPINK2,3,0.0954363789550046
SPIN4,3,0.003700248960053279
SPHKAP,3,0.3182656365388119
PABPC1P2,3,0.004070273856058606
UBL4A,3,0.0051803485440745905
SPG11,3,0.009867330560142077
TFB2M,3,0.002590174272037295
PGA4,3,0.01073072198415451
PSD,3,0.008236433245117776
SPATA6L,3,0.062250489211919655
SPATA13,3,0.007400497920106558
SPAG17,3,0.0123022999452438
TFDP3,3,0.003700248960053279
SPRING1,3,0.003700248960053279
VDAC3,3,0.006660448128095901
UBR2,3,0.004625311200066598
TENT4B,3,0.00795553526411455
TDRP,3,0.26188448883965487
VASH1,3,0.010599774284845957
TECRL,3,0.1884286224258851
PAPLN,3,0.030866243408444436
PSMB3,3,0.47640705360685964
TELO2,3,0.007400497920106558
PANK2,3,0.00795553526411455
PANDAR,3,0.003700248960053279
SPSB4,3,0.003700248960053279
TREML1,3,0.010469716220853641
PALD1,3,0.013094769930855213
RASGEF1A,3,0.005203168890561941
PALB2,3,0.003494679573383652
RARS1,3,0.011470771776165165
RARS2,3,0.004070273856058606
RASA4B,3,0.05110043813833578
PAIP2,3,0.0318221410564582
RASAL2,3,0.03494714929098523
PSG5,3,0.0221329974346945
UBR3,3,0.02108993587096421
RASD2,3,0.005105932426100185
SPRR1B,3,0.006290423232090574
RALGDS,3,0.011100746880159837
PTENP1,3,0.012580846464181148
USP46,3,0.003700248960053279
PAXX,3,0.06900964310499365
URB1,3,0.004440298752063934
TAF9,3,0.5790803178824621
URGCP,3,0.004995336096071927
URM1,3,0.022288860749654263
PTPRE,3,0.025901742720372947
SYAP1,3,0.07443632568858786
PCTP,3,0.002220149376031967
UNC13A,3,0.08202218528118102
ULK4P3,3,0.01341607488221984
SV2C,3,0.003700248960053279
RAB21,3,0.00698886979798363
PCSK6,3,0.004512248037398303
RAB23,3,0.01881356328453808
SV2A,3,0.014374439362873637
PCSK4,3,0.003700248960053279
PCSK2,3,0.016281095424234424
ULK4P2,3,0.01341607488221984
PTPN3,3,0.02886194188841558
ULK4P1,3,0.01341607488221984
TAPT1,3,0.008140547712117212
TARBP1,3,0.02775186720039959
PDP2,3,0.022189478692524214
UICLM,3,0.008664860919583432
UNC13B,3,0.019426307040279714
UNC13C,3,0.02011756059002923
TAF5L,3,0.03357660316889757
TAF10,3,0.5790803178824621
PUM1,3,0.03869146928747097
UPF3A,3,0.005550373440079919
PUDP,3,0.006133779359448319
UPF3B,3,0.003700248960053279
PUS7L,3,0.2787745834542703
PTTG2,3,0.035100561635065405
TAAR6,3,0.027720927610974343
SYTL5,3,0.014800995840213115
UPB1,3,0.011207670803169036
PXDC1,3,0.10104522647122344
TAF11,3,0.5790803178824621
PYROXD2,3,0.014800995840213115
SYT9,3,0.2556666641000367
SYT7,3,0.047660626712371694
UOX,3,0.005982069152086135
PYCR2,3,0.006660448128095901
SYNPO2L,3,0.003700248960053279
TAF5,3,0.580467911242482
PDE11A,3,0.003700248960053279
PYGO2,3,0.003700248960053279
UNC5B,3,0.01597274134422999
PYM1,3,0.008397509445454246
SUPT5H,3,0.5941576354270812
SUPT4H1,3,0.5935655955934727
SUPT20H,3,0.3438416653822702
RABEP1,3,0.01660240037559905
STX10,3,0.05758512444082915
PDZRN3,3,0.004243807731381823
TAX1BP3,3,0.0318221410564582
STRN,3,0.004419741813396972
STRBP,3,0.015314564641031711
UGT1A3,3,0.008641725876817764
PEAR1,3,0.014800995840213115
STRA6LP,3,0.03822357175735036
USP35,3,0.021461443968309016
RAB8B,3,0.06605725557364447
STK38L,3,0.025901742720372947
PCDH19,3,0.003700248960053279
TBC1D10B,3,0.00943563484813586
TBC1D12,3,0.012950871360186474
TBC1D16,3,0.003700248960053279
PBXIP1,3,0.011148850116640529
USP42,3,0.0029601991680426234
PTGER1,3,0.030615859895480824
TBC1D5,3,0.0384825891845541
STC2,3,0.007585510368109221
STAU2,3,0.009065609952130533
RALB,3,0.0190389564263279
PCDH18,3,0.2272089466103653
TASL,3,0.008880597504127868
PCNX2,3,0.25657081712588664
STXBP5,3,0.014800995840213115
PTPN14,3,0.008582521893456912
RAB30,3,0.00980565974414119
TARS2,3,0.005550373440079919
SULT4A1,3,0.004810323648069262
UHRF2,3,0.043457783256681086
UGT8,3,0.007400497920106558
PTPMT1,3,0.024606655584354303
PDS5A,3,0.007400497920106558
UGT2B17,3,0.014245958496205123
UGT2A3,3,0.013567579520195355
RAB34,3,0.006002834373034569
PTGR2,3,0.011840796672170494
PTK7,3,0.00939719337282864
USP27X,3,0.011100746880159837
USP29,3,0.01114186075749376
RAB37,3,0.009762385707636318
RAB39B,3,0.010041036691877912
TAS2R16,3,0.003700248960053279
UGT1A5,3,0.00849001566945558
PCGF1,3,0.005550373440079919
RAB41,3,0.0051803485440745905
TAS2R64P,3,0.011280620093495758
SPAG1,3,0.007400497920106558
RBM4,3,0.03540932685384318
SPA17,3,0.002410798280248886
PHF20L1,3,0.019292628473053245
SLC4A2,3,0.003700248960053279
RHOU,3,0.01848091061149892
PHF8,3,0.03954641076056942
PRICKLE1,3,0.04303759565437969
RIC8A,3,0.008880597504127868
WNT16,3,0.003700248960053279
OPN3,3,0.016111500680231983
SLC45A2,3,0.004686982016067487
RIC8B,3,0.2902081106982208
TXNL1,3,0.025836027874408224
WNT7A,3,0.013362010133525727
SLC43A2,3,0.003307084872336236
SLC39A5,3,0.03959266387257008
WSB1,3,0.0061054107840879095
PUM2,3,0.004070273856058606
WWC1,3,0.03834896908321884
TXNDC15,3,0.0030321484533769923
SLC38A9,3,0.003700248960053279
SLC38A5,3,0.004625311200066598
RILPL1,3,0.005036449973405851
SLC38A4,3,0.0021352403757216305
PREX1,3,0.13096692419140754
RIMS1,3,0.02672678384518721
RHOT1,3,0.009139614931331598
TLR12P,3,0.05110043813833578
SLC5A4,3,0.012210821568175819
ORC2,3,0.009045053013463571
SLCO3A1,3,0.01916271919506938
WDR4,3,0.066320931216842
WDR43,3,0.007400497920106558
SLCO1C1,3,0.019652667247560467
TLCD4,3,0.027176272917724637
WDR62,3,0.003700248960053279
RGS9,3,0.007400497920106558
WDR74,3,0.008325560160119878
ORC6,3,0.008140547712117212
RHBDD1,3,0.03146691715629309
SLC7A8,3,0.00429628059023323
SLC68A1,3,0.2657366946159936
ORAI2,3,0.041087564452431606
RHBDD2,3,0.02294154355233033
RHBDD3,3,0.03989608428729445
RHBDF1,3,0.03384987748656739
OR14I1,3,0.03513180818183919
RHBDL1,3,0.007400497920106558
WDR91,3,0.005550373440079919
SLC6A5,3,0.009250622400133196
OR10A2,3,0.004440298752063934
SLC6A1,3,0.030024847908805653
TM2D2,3,0.013176997685523066
SLC35E1,3,0.010989739411358238
PHLPP2,3,0.0052677155334091815
TMED8,3,0.28054899065975164
SLC25A10,3,0.006280954454422955
TMCO1,3,0.016281095424234424
TUBGCP3,3,0.008436567628921475
TUBGCP2,3,0.003959883095417018
OBSCN,3,0.010175499272193498
SLC24A4,3,0.012041771388516977
SLC23A1,3,0.003700248960053279
OAZ1,3,0.01979633193628504
TMED1,3,0.049820550551049864
PRDM5,3,0.0051803485440745905
SLC22A16,3,0.018295675413596765
XRN2,3,0.03626243980852213
PRDM15,3,0.17494532877343497
SLC1A6,3,0.03256219084846885
PRDM14,3,0.32609499081356375
PRDM11,3,0.031178297737408926
TUBAL3,3,0.46253112000665986
SLC18A2,3,0.008325560160119878
NXPH3,3,0.022201493760319675
NXPH1,3,0.288481166288486
NXN,3,0.018861173574451225
PICK1,3,0.06775267475628241
SLC25A12,3,0.008991454781145054
PI15,3,0.0384825891845541
SLC32A1,3,0.010309304741481775
SLC25A41,3,0.0242777445656829
RINT1,3,0.008140547712117212
SLC31A2,3,0.011357160215194171
RIOK1,3,0.01406094604820246
SLC30A5,3,0.003700248960053279
SLC30A3,3,0.003700248960053279
OIT3,3,0.02169991125093855
TM6SF1,3,0.02151023359400941
PHOX2B,3,0.01554104563222377
TUT7,3,0.022756531104327665
SLC25A43,3,0.010419208187719244
SLC25A32,3,0.037653733417502167
SLC25A15,3,0.003700248960053279
OGFRL1,3,0.0805075873317237
SLC25A22,3,0.010576510366688786
OGFOD1,3,0.011344963311523352
TM9SF2,3,0.008585194295483616
TM9SF4,3,0.018719409625131966
ODF2,3,0.003700248960053279
TULP3,3,0.018844743827050463
RIPOR3,3,0.009174072749162331
ODAD2,3,0.003700248960053279
OCRL,3,0.00958981188813808
TKFC,3,0.010360697088149181
RGP1,3,0.031243670015700074
VMA12,3,0.014800995840213115
WDR36,3,0.1659266583876979
VPS9D1,3,0.05288213206627723
PRR12,3,0.007585510368109221
SNX20,3,0.003700248960053279
THBS1-IT1,3,0.009815977862474378
VRK3,3,0.030845275331004132
RCOR3,3,0.01350590870419447
RCSD1,3,0.004480143662262162
RCVRN,3,0.016439574048613455
THBS3,3,0.0162408940232597
SNX2,3,0.004625311200066598
SNUPN,3,0.005365360992077254
SNTN,3,0.05975242875772109
VSNL1,3,0.09920219626762795
SNRPD2,3,0.01700058827757812
RECQL,3,0.019607012978417663
SNRPA1,3,0.0050677325002355745
SNRPA,3,0.0029601991680426234
REG1CP,3,0.016281095424234424
PHAX,3,0.005920398336085247
PRPF3,3,0.03992568627897487
SNORD126,3,0.0051803485440745905
PROKR2,3,0.0069732030710925146
SNORA12,3,0.014800995840213115
VPS72,3,0.01554104563222377
PRR13,3,0.021831468864314342
VPS53,3,0.023126556000332994
PRSS12,3,0.0029601991680426234
PRXL2A,3,0.020428037189203427
PRUNE2,3,0.007400497920106558
UBE2Z,3,0.003700248960053279
VPS13A,3,0.008768362786113633
SOX7,3,0.003700248960053279
SOX14,3,0.17318811359829026
RBSN,3,0.019419914560391622
UBE2V2,3,0.009065609952130533
VPS26A,3,0.01850124480026639
RCAN3,3,0.014218335358795952
SORCS2,3,0.2788682077888168
SNX8,3,0.037268907525656626
SORBS2,3,0.01402764380756198
SOD1-DT,3,0.01090274891678561
PGM2L1,3,0.023681593344340987
P2RY11,3,0.007400497920106558
RCCD1,3,0.026414760624938784
UBE2J2,3,0.008880597504127868
VPS37C,3,0.5267715533409181
PRRC2A,3,0.016653792722266456
RCN2,3,0.02886194188841558
PRR15,3,0.003700248960053279
VSX2,3,0.2549350048128176
SNN,3,0.0062873800138540225
OTX2,3,0.05127619996393831
WDR27,3,0.26836296196223425
TINAGL1,3,0.02294154355233033
RFX3,3,0.03146826917020045
OSCP1,3,0.04329291283262336
PRLH,3,0.021418672950000918
PRKG2,3,0.008572243424123428
RFX6,3,0.14887431502061815
WDR17,3,0.02718163931362523
PHF14,3,0.08943104506372283
RFX7,3,0.01850124480026639
WDR20,3,0.007400497920106558
WDR3,3,0.19046444994641462
SMIM1,3,0.004810323648069262
SMDT1,3,0.004070273856058606
TIPIN,3,0.003700248960053279
SMCP,3,0.00525229782940896
U2AF2,3,0.013711683660250763
OSBPL2,3,0.0051803485440745905
WDR35,3,0.017710282537078955
TK2,3,0.007400497920106558
SLMAP,3,0.008131078934449594
RGMA,3,0.015171020736218442
SLIRP,3,0.014800995840213115
WDFY4,3,0.007400497920106558
UBA2,3,0.015665299740584743
OTULINL,3,0.008774328540080702
SAMD11,3,0.008880597504127868
VTI1B,3,0.008325560160119878
OTUD3,3,0.007400497920106558
SNHG6,3,0.004440298752063934
SNHG5,3,0.022201493760319675
SNHG3,3,0.013135883808189142
VTRNA2-1,3,0.007400497920106558
SNHG16,3,0.018494419290642113
PHC2,3,0.007202740170130378
VWA1,3,0.020405434028987146
VWA5A,3,0.017295463460673285
VWA8,3,0.013320896256191803
RFLNB,3,0.00795553526411455
SNAP23,3,0.047752041571759656
WAPL,3,0.007400497920106558
RETREG3,3,0.03172593458349681
RETSAT,3,0.018636778430573823
WASH6P,3,0.013072555851214076
WASHC1,3,0.013072555851214076
REV3L,3,0.034577468257641845
PHF12,3,0.0075968840421456055
WBP2,3,0.007159642571326006
TINAG,3,0.31410995117628715
TREX2,3,0.0472614298422805
A1BG,3,0.011100746880159837
HEMK1,3,0.0051803485440745905
CCKBR,3,0.03978605327307953
CCP110,3,0.030000881410903887
CCNT2,3,0.5594025470045172
FAM162A,3,0.011100746880159837
KANK1,3,0.010794736644501885
CCNDBP1,3,0.009620647296138525
CCN5,3,0.007400497920106558
MEG9,3,0.0051803485440745905
CCR5AS,3,0.008357284661431767
MEGF6,3,0.014361300509475637
MEIS1,3,0.010082150569211837
CCDC69,3,0.003700248960053279
MEIS2,3,0.27080270846106397
MEOX2,3,0.1706148449036197
CCDC47,3,0.003700248960053279
MED31,3,0.023311568448335658
MED30,3,0.30047994631691044
MESD,3,0.005305733284062247
CD300LB,3,0.020097535226397154
CDC14A,3,0.013263626303183087
KAT7,3,0.04210986101233966
MED13L,3,0.007400497920106558
MED16,3,0.041756720627061795
KAT6B,3,0.011128498747360237
MED18,3,0.019775774997618078
FAIM2,3,0.03433090985137432
FAM161A,3,0.04540133456691596
MED20,3,0.03149576819041812
CD2BP2,3,0.004964500688071482
FAM117B,3,0.025395914890954226
CCT8,3,0.003700248960053279
FAM135A,3,0.2730041705522517
CCT6A,3,0.00849001566945558
JPT2,3,0.012580846464181148
CCDC33,3,0.04223858820474265
INAVA,3,0.030586257903800405
CBR3,3,0.33897518495407664
CCDC137,3,0.014800995840213115
CCAR2,3,0.0051803485440745905
MIB2,3,0.01885071275760476
FBXO30,3,0.03333697063700373
FBXO31,3,0.012580846464181148
CBR4,3,0.09731694887764482
CBLC,3,0.0029601991680426234
FBRSL1,3,0.010360697088149181
MICOS10,3,0.23867659325255922
CASTOR3P,3,0.002220149376031967
ITSN2,3,0.23008801068748272
CASQ1,3,0.003700248960053279
CASP8AP2,3,0.030316833899668567
CASC8,3,0.01979633193628504
JADE2,3,0.20750941619287586
MGAT4A,3,0.06216418252889508
MEST,3,0.0035120119496531784
FANCM,3,0.01646610787223709
CCDC22,3,0.005496118215030428
METRN,3,0.03382027549488697
METTL13,3,0.009415077909468897
FAM98B,3,0.003700248960053279
FANCG,3,0.002220149376031967
JMJD1C,3,0.003700248960053279
JCAD,3,0.23853230811790596
FBRS,3,0.04020937203257897
MFHAS1,3,0.04064887938127862
CCDC186,3,0.007400497920106558
FAXC,3,0.12290861485966462
JAKMIP1,3,0.006925677391029009
JAG2,3,0.017903436437950303
MGAM2,3,0.10535431066818363
FAHD1,3,0.01701600598157834
KATNAL1,3,0.030453048941238483
CDC26,3,0.003700248960053279
MARK1,3,0.005920398336085247
MAP3K9,3,0.03105248927276712
MAP7,3,0.20210430360960713
KCNIP3,3,0.01706225909357901
CEP78,3,0.049276163467203114
CEP70,3,0.06475030856851635
CEP170,3,0.016281095424234424
MARK3,3,0.06573683702576884
KCNJ4,3,0.0046125658980930824
ESD,3,0.026159882434327566
CENPU,3,0.0023105180693300275
CENPO,3,0.005365360992077254
ETNPPL,3,0.007400497920106558
MAST4,3,0.2275771141054382
CENPH,3,0.003700248960053279
CERKL,3,0.026556015926150745
CERS1,3,0.03992568627897487
CDC37L1,3,0.0026356491017964713
ERC1,3,0.07576156961015754
EPDR1,3,0.03339844711344089
CFHR4,3,0.020809826528710784
EPHA7,3,0.049731346023116074
EPN3,3,0.00888059750412787
MANBA,3,0.009021685461152786
EPYC,3,0.019859809709294407
MAP1A,3,0.005159791605407629
CERS3,3,0.03149651914797351
ERCC4,3,0.007400497920106558
MAP3K10,3,0.008888409140821315
MAP3K12,3,0.003700248960053279
KCNK1,3,0.004255286304061271
ERFE,3,0.006714512876790013
KCNJ8,3,0.005393729567437662
EVI2A,3,0.021490635523327868
CEMP1,3,0.014311345052740367
MATN1,3,0.010987683717491542
EXOSC1,3,0.008109712304116768
MCEE,3,0.012388879612215485
CDH8,3,0.0029601991680426234
KCNA5,3,0.009893026733475781
CDH6,3,0.41139438517166926
MCIDAS,3,0.024216073749682016
MCM10,3,0.0026729721050620264
EXOSC4,3,0.00811999077345025
KCNE4,3,0.0749300414410789
CDH16,3,0.05896848761301261
EXPH5,3,0.034737937236980175
MCUB,3,0.013320896256191803
CDC7,3,0.03757232794038099
MDGA1,3,0.3172065016051037
FAAP24,3,0.008440633464376368
MC5R,3,0.003700248960053279
MC2R,3,0.02960199168042623
CDK13,3,0.005974463084779357
CDK18,3,0.008325560160119878
EXOC4,3,0.2782022068393939
MBNL3,3,0.014346204182896947
CDKAL1,3,0.2431069320516228
KCND2,3,0.007400497920106558
CDS1,3,0.00892952301815524
KCNE2,3,0.04532619963617263
CDYL,3,0.18770708647660636
MB21D2,3,0.009990672192143854
CDYL2,3,0.0086852899501556
MATN3,3,0.025009574050448985
CEBPG,3,0.008702985554045311
CECR2,3,0.03849739018039431
EVX1,3,0.020013338730688963
CASC19,3,0.0757204557328236
ITSN1,3,0.09433670401905082
FBXW12,3,0.03369446703024516
BRD3OS,3,0.06518002661992273
FREM3,3,0.33481171599453086
BRMS1,3,0.01406094604820246
MMP23B,3,0.009620647296138525
INTS1,3,0.008849762096127424
BRINP1,3,0.006660448128095901
BRI3,3,0.00917764526786548
MN1,3,0.23802797180269408
FRAT2,3,0.003700248960053279
BPTF,3,0.003700248960053279
BPNT2,3,0.005776499765416507
BPIFB6,3,0.0051803485440745905
INSRR,3,0.0159110705282291
BORCS8,3,0.0027750562016476067
FSTL4,3,0.20500160733917916
BSPRY,3,0.031015486783166582
BTBD1,3,0.010360697088149181
C16orf54,3,0.003700248960053279
FOXD2,3,0.10173457285247613
MMAA,3,0.034242103876333044
IPO11,3,0.07613212187644143
FOXB1,3,0.2892525690505821
IP6K2,3,0.007770522816111886
MMP15,3,0.004070273856058606
FOXD1,3,0.008736698933459129
FOXJ2,3,0.006845460576098566
BTBD19,3,0.00922185354907916
BZW1,3,0.26243747893154745
BUB3,3,0.024421643136351638
FPGS,3,0.003700248960053279
FPGT,3,0.006405791924489455
FRAS1,3,0.009620647296138525
BTBD2,3,0.04514303731265
INSL5,3,0.007770522816111886
FSTL5,3,0.2782022068393939
BOK,3,0.011840796672170494
BEX4,3,0.003700248960053279
BICDL2,3,0.03541878304562998
MPP3,3,0.027381842304394263
MPP4,3,0.022573880195075818
BICC1,3,0.006290423232090574
GAB3,3,0.038149566778149305
MPZL1,3,0.007215485472103895
ING3,3,0.003700248960053279
BOC,3,0.003700248960053279
MPZL3,3,0.050116171914961614
INF2,3,0.008325560160119878
BEND4,3,0.006580462621065659
BEND3,3,0.003700248960053279
MRGPRD,3,0.004070273856058606
MRI1,3,0.01850124480026639
FZD8,3,0.16314157187297929
MPHOSPH9,3,0.011278120231359918
MPHOSPH8,3,0.003700248960053279
FZD10,3,0.02316391563864944
MOSPD3,3,0.008846994705989082
FUCA2,3,0.013033750261946267
BLTP3B,3,0.023443086752589173
MORF4L1,3,0.04070273856058607
INPP4A,3,0.0029601991680426234
FTX,3,0.013362010133525727
MORC1,3,0.02016635683229037
BMP10,3,0.026641792512383605
INPP5E,3,0.003700248960053279
BMP3,3,0.07400497920106557
INSC,3,0.11662849520062911
BNIP2,3,0.004686982016067487
MOBP,3,0.00220409218744865
MLYCD,3,0.009415077909468897
FNTB,3,0.34521603892278174
CARMIL1,3,0.23015691114004413
MIR23A,3,0.026641792512383605
ISX,3,0.008793230514793278
FEZF1,3,0.007400497920106558
LIMD2,3,0.003700248960053279
ISL2,3,0.06386161072580737
FGD4,3,0.18671555073851304
FGD5,3,0.03959266387257008
FGF20,3,0.1219417147827464
FERMT2,3,0.023681593344340987
FGF22,3,0.003700248960053279
FGF3,3,0.058200178093064985
FGGY,3,0.2946385818284993
CACHD1,3,0.22414415567312634
CABP5,3,0.025890180390746493
FHOD1,3,0.0082022185281181
CALHM6-AS1,3,0.007848199026421176
CALN1,3,0.25225756939681304
C17orf58,3,0.002263319048225901
FCGR1CP,3,0.0029601991680426234
CARD19,3,0.016281095424234424
ITPRID1,3,0.042012626692444925
MIIP,3,0.01941793234906833
FBXW8,3,0.037379914994458224
CAPS,3,0.023811513196716188
ITPK1,3,0.035285574083068066
FCHO1,3,0.013135883808189142
CALU,3,0.010977405248158061
MIR122,3,0.003700248960053279
CAPN14,3,0.0047897667094023
FCHSD2,3,0.008581784359344499
FCRL2,3,0.00527104447865845
ITGB2-AS1,3,0.015065979198599857
FEM1C,3,0.010566432236841505
CA5B,3,0.01073072198415451
IRX1,3,0.011840796672170494
IRS4,3,0.0082022185281181
FNBP1,3,0.007400497920106558
MKRN2,3,0.027381842304394263
MKRN3,3,0.1638043637904407
IPO5,3,0.009404799440135418
FMO1,3,0.012868056294485095
MLEC,3,0.015969645217549126
C1QTNF7,3,0.003700248960053279
C1QTNF3-AMACR,3,0.034552924788977514
FIGNL1,3,0.00795553526411455
MLLT11,3,0.003700248960053279
MLLT6,3,0.039385449930807094
FNBP4,3,0.1601484382886123
C1D,3,0.002590174272037295
FNDC4,3,0.03651405673780576
C18orf32,3,0.029111160758179683
FMNL3,3,0.0051803485440745905
IPO9,3,0.03173302257772408
FMNL2,3,0.004376418385322647
MITD1,3,0.013320896256191803
C2CD3,3,0.03163712860845553
C2CD4C,3,0.03639743599765542
FLRT3,3,0.011655784224167829
IQGAP3,3,0.003700248960053279
IRAG1,3,0.03686188014005077
FKBP14,3,0.007400497920106558
C3P1,3,0.0051803485440745905
IRAG2,3,0.241442403864919
C5orf46,3,0.014800995840213115
FIP1L1,3,0.004625311200066598
IRF2BPL,3,0.0029601991680426234
C6orf47,3,0.004625311200066598
C8A,3,0.007400497920106558
KCNQ3,3,0.11987664206372252
MAGEL2,3,0.06291311571536241
MAGEH1,3,0.004779488240068818
D2HGDH,3,0.3094683676478275
EFNA4,3,0.0014800995840213117
EFNB3,3,0.008583331585122774
DAP3,3,0.0029601991680426234
DACT2,3,0.1787272005090508
DAB1,3,0.236855980397873
DAAM1,3,0.018480687861599426
CYYR1,3,0.19244147829712055
EFHD1,3,0.04726041720853571
CYTH3,3,0.006725124959398636
EGR4,3,0.05143346054474057
EHD4,3,0.011100746880159837
CYP4F11,3,0.025223363744363188
KRT80,3,0.007400497920106558
CYP4A11,3,0.0095795334188046
DBX1,3,0.07560856996606498
KSR1,3,0.012724745034849884
LAMA5,3,0.37002489600532784
KYAT3,3,0.003700248960053279
ECPAS,3,0.27868146638938096
DDRGK1,3,0.0905669369922054
DDR2,3,0.007400497920106558
EDC3,3,0.004440298752063934
EDDM3A,3,0.03830773808727175
L1CAM-AS1,3,0.008880597504127868
DCTN2,3,0.014974907541335618
EEPD1,3,0.3166103274267466
DCTN1,3,0.00840859760645359
DCST1,3,0.011100746880159837
LINC01546,3,0.004234729365394308
DCLRE1A,3,0.008325560160119878
EEF1G,3,0.020983495144302134
LINC01587,3,0.0046536797754270064
CYP46A1,3,0.011100746880159837
CYP39A1,3,0.00576664279676735
EID3,3,0.012272492384176707
KRT34,3,0.003700248960053279
CTRC,3,0.004070273856058606
CTNS,3,0.003700248960053279
ELOA,3,0.5848022515243623
LINC03040,3,0.03483788230407665
CTDSPL,3,0.07263681338670604
CTDSP2,3,0.010360697088149181
ELOVL1,3,0.003700248960053279
CYP26B1,3,0.004070273856058606
ELOVL3,3,0.003700248960053279
KRT2,3,0.037424317981978865
EMC3,3,0.004255286304061271
LIPI,3,0.09054231849610427
EMC7,3,0.01850124480026639
EMCN,3,0.17073023772301835
CTSF,3,0.005974463084779357
CTU1,3,0.011100746880159837
ELFN1,3,0.25655266569424195
ELF5,3,0.012272492384176707
ELAVL4,3,0.02849054390166917
CUEDC2,3,0.007400497920106558
CWC15,3,0.01860199369426543
CWC22,3,0.3128934523728524
CWC27,3,0.0472481931125587
EIF5,3,0.008510572608122541
CYB561A3,3,0.0029601991680426234
EIF4H,3,0.01652601876257047
EIF4E2,3,0.03380034493686249
KRT6A,3,0.011874782978740535
KRT72,3,0.07400497920106557
EIF1AX,3,0.0046536797754270064
LINC02381,3,0.006488386551453424
DDX10,3,0.015726058080226434
LINC01270,3,0.017228359158008064
CSNK1G3,3,0.011100746880159837
DRC2,3,0.004291816306753183
DPY19L4,3,0.275674857076296
DPYSL3,3,0.00293964222937566
DLGAP1,3,0.3038836650645285
DPYSL5,3,0.002220149376031967
DKK4,3,0.01406094604820246
LINC00632,3,0.025901742720372947
DIS3L2,3,0.004070273856058606
LETM1,3,0.34864500176575075
DRC8,3,0.260705086886799
DIRAS2,3,0.12356202228846888
DIPK2A,3,0.0020201644209330697
DRD3,3,0.01683613276824242
DSC3,3,0.12158388015003746
DIP2C,3,0.2206845325010108
DPY19L3,3,0.04400050940871746
DNAAF1,3,0.007489028380448336
DDX27,3,0.013526465642861429
LILRA1,3,0.01066001576844018
DOCK6,3,0.014491270132271541
DOCK7,3,0.004810323648069262
DOCK4,3,0.018975616716945226
DNPEP,3,0.011635227285500864
DNMT3L,3,0.0051803485440745905
DNASE2,3,0.03273980279855141
LIG3,3,0.009476748725469787
DNAH14,3,0.002220149376031967
DNAJC13,3,0.02812189209640492
DNAJC11,3,0.011100746880159837
DNAJC10,3,0.1636076534394819
DNAJB5,3,0.005673872348442318
DPH3,3,0.17547101452465177
LGSN,3,0.003700248960053279
DHX30,3,0.004810323648069262
LINC00674,3,0.013783905872741357
DSCR4,3,0.009620647296138525
LARP4B,3,0.023443086752589173
E4F1,3,0.04181281324860206
DDX60L,3,0.005529816501412955
LAS1L,3,0.0018501244800266394
LINC01191,3,0.003773758332355138
LARP6,3,0.023522049891284123
LINC01215,3,0.017541710166178476
DDX52,3,0.055873759296804514
DSTYK,3,0.016281095424234424
EBF4,3,0.003700248960053279
EBLN1,3,0.013320896256191803
LARP1BP2,3,0.014800995840213115
DDX42,3,0.0103273948475087
DDX3Y,3,0.007400497920106558
ECHDC3,3,0.024365810651990314
E2F7,3,0.003700248960053279
DEFB105A,3,0.004070273856058606
DEFB105B,3,0.004070273856058606
DYNLL2,3,0.46253112000665986
DXO,3,0.003700248960053279
DEFB123,3,0.0051803485440745905
DEGS2,3,0.003700248960053279
DUSP9,3,0.042930699573311484
DENND2A,3,0.020536381728295697
DUSP7,3,0.008325560160119878
LINC00958,3,0.003700248960053279
DENND4C,3,0.007567577055385997
DEPDC1B,3,0.3186804287319369
DEPTOR,3,0.008829205157460463
DFFB,3,0.007400497920106558
DGCR2,3,0.004625311200066598
LCN15,3,0.003700248960053279
CSNK2A2,3,0.003700248960053279
EMILIN1,3,0.0047897667094023
MAGEE1,3,0.005730252182789841
LYPD3,3,0.02390850110190196
KIAA1549L,3,0.008829205157460463
LY6D,3,0.010730721984154508
CLIP4,3,0.0051803485440745905
CLEC3A,3,0.023126556000332994
LYAR,3,0.03478234022450082
CLEC14A,3,0.17834067205790957
CLASP1,3,0.036357039137404845
LUC7L3,3,0.005023704671432334
KIAA0319L,3,0.015969727115847227
LYRM4,3,0.005550373440079919
CISD1,3,0.0051803485440745905
KIAA0040,3,0.0023769503778105026
CIDEC,3,0.005487947704301907
CIART,3,0.005046728442739333
CLK4,3,0.20115160708308888
LUC7L,3,0.03575180545203478
KIF5A,3,0.03145211616045287
LSG1,3,0.007733520326511353
KIF2A,3,0.16811621101415655
CNPY3,3,0.008880597504127868
CNOT6L,3,0.006697123406806072
ENSG00000271204,3,0.00581112876662861
KIF1A,3,0.01287078320525743
CNIH4,3,0.02857332246953142
CMTR1,3,0.03023308969750198
CLNK,3,0.039629666362170614
CMTM7,3,0.003700248960053279
LSM11,3,0.014615983392210452
KIF12,3,0.017761195008255737
LSM4,3,0.0046536797754270064
CMBL,3,0.002220149376031967
KIDINS220,3,0.07078023401056828
CIAO2B,3,0.03334664362800015
CIAO1,3,0.003700248960053279
LYZL4,3,0.005550373440079919
KCTD1,3,0.04327626171230312
CHKB-CPT1B,3,0.0287386002564138
CHIC2,3,0.010257090117267685
CHFR,3,0.04681356777859954
ENSG00000293584,3,0.21886010991641763
CHD2,3,0.030734267862202534
ENTPD5,3,0.009620647296138525
ENY2,3,0.014483802276581881
LZTS1,3,0.20298516634163352
KCNT2,3,0.004440298752063934
MAGEC2,3,0.0051803485440745905
NOXA1,3,0.005365360992077254
CGB8,3,0.011100746880159837
KCNQ5,3,0.3024321184544164
EPC1,3,0.023496580896338323
CHMP1A,3,0.46253112000665986
CHMP1B,3,0.011100746880159837
CHODL,3,0.2013933982679259
CHP2,3,0.30918638800234816
CHRM5,3,0.08460561488115347
KCTD5,3,0.02294154355233033
MADD,3,0.007400497920106558
KCTD8,3,0.27733651808667686
CHRNE,3,0.004070273856058606
ENSG00000291023,3,0.01341607488221984
KDM1B,3,0.017149768818334733
ENSG00000290723,3,0.01341607488221984
MAB21L3,3,0.004419741813396972
CHST11,3,0.007481814977355096
CHST2,3,0.09221717954517201
KDM4C,3,0.26056949626584835
KDM7A,3,0.014800995840213115
CNTFR,3,0.004625311200066598
LRRK1,3,0.03259179284014928
CSN3,3,0.006660448128095901
LNX1,3,0.008921711381461795
CRB3,3,0.0051803485440745905
CRAMP1,3,0.012580846464181148
KPLCE,3,0.003700248960053279
CRABP2,3,0.011100746880159837
CRABP1,3,0.011470771776165165
KNL1,3,0.007703203629102949
CPPED1,3,0.01899454551922515
LMX1A,3,0.0328300869459049
LONRF1,3,0.021117263645292598
KMT5B,3,0.004070273856058606
LPAL2,3,0.004255286304061271
ENPP4,3,0.019004808080631194
LPAR5,3,0.008880597504127868
LPAR6,3,0.004344703004634762
LMX1B,3,0.31521092482910834
CRCP,3,0.011100746880159837
COA4,3,0.015171020736218442
EMX2OS,3,0.011100746880159837
CSN2,3,0.004571452020759157
CRYGEP,3,0.008829205157460463
KPTN,3,0.05110043813833578
EMP3,3,0.004258456830370105
EMX2,3,0.0209207964813679
CRTC3,3,0.009620647296138525
EN1,3,0.09841808794448464
LMOD3,3,0.04294129176799996
CROCC,3,0.07186522315538886
ENC1,3,0.005364164773748369
ENDOD1,3,0.005359078943163219
CRIM1,3,0.18889976566135788
CREBRF,3,0.004070273856058606
KPNA6,3,0.00849001566945558
KLHL9,3,0.022201493760319675
LPIN2,3,0.07872921570359578
LPIN3,3,0.040399318145861694
COL6A6,3,0.003700248960053279
COPZ1,3,0.003700248960053279
COPS2,3,0.015667310353492295
COPG2,3,0.013460542013715998
KLHL13,3,0.022201493760319675
LRRC3C,3,0.043509119497363954
KLHDC10,3,0.031503919645893615
KLF16,3,0.011655784224167829
KLHL5,3,0.006660448128095901
COL5A2,3,0.37002489600532784
KIR2DP1,3,0.01905628214427439
COL26A1,3,0.22896493772177215
KIN,3,0.007652114849390182
COL20A1,3,0.009165927812825311
COL19A1,3,0.035855412422916275
KLHL24,3,0.0764101410251002
KLHL29,3,0.08155851773010767
CORO2A,3,0.011100746880159837
CORO7,3,0.011100746880159837
KLHL31,3,0.011100746880159837
ENSG00000251194,3,0.005836700719778571
COX11,3,0.012364998608178041
COX6A1,3,0.003700248960053279
COX7C,3,0.007770522816111886
CPA2,3,0.0051803485440745905
CPA6,3,0.1646793267558025
CPEB4,3,0.025315869968364508
CPLANE1,3,0.0066343610478645865
CPLX3,3,0.003700248960053279
KLHL42,3,0.043662937728628684
LRCH3,3,0.02209046186097028
LRCH1,3,0.24075789860061167
INCA1,3,0.03866760163255677
CADM4,3,0.06092091889914778
INA,3,0.007400497920106558
ALDH1L2,3,0.007400497920106558
NAGS,3,0.004070273856058606
HSD3B2,3,0.00811999077345025
GPR155,3,0.003700248960053279
AKAP6,3,0.007400497920106558
NACC2,3,0.009016943679443454
AKAP8L,3,0.007400497920106558
NACA,3,0.007462168736107445
NAB2,3,0.06660448128095903
AKAP9,3,0.021461443968309016
NAALADL2,3,0.18947388463723058
AKIP1,3,0.008325560160119878
AKR1D1,3,0.2953792175831295
HSP90AA2P,3,0.011100746880159837
ALDH1B1,3,0.007400497920106558
ALDH6A1,3,0.004625311200066598
GPD1,3,0.01597274134422999
HSP90B3P,3,0.004070273856058606
ALG2,3,0.006184780978983887
BCO2,3,0.0061054107840879095
GPR146,3,0.0330728252049562
HSPB7,3,0.003700248960053279
ALKBH3,3,0.025401486727896702
HSPBAP1,3,0.01850124480026639
N4BP2,3,0.005500836635706875
ALKBH7,3,0.007400497920106558
ALKBH8,3,0.014800995840213115
ALMS1,3,0.009428234350215755
GPR108,3,0.03638084777524383
GPM6B,3,0.010360697088149181
ALX4,3,0.01098768371749154
AIPL1,3,0.09274466279539134
GPR25,3,0.014800995840213115
HSD17B4,3,0.0352888009188712
HSD17B2,3,0.0029339888599116196
ADTRP,3,0.03452176784376737
GRAMD1C,3,0.00858901780457394
NCAPH2,3,0.03832717872823186
NCAPD2,3,0.006660448128095901
AFF2,3,0.012580846464181148
AFG1L,3,0.005735385888082583
HS3ST3A1,3,0.29668587805432073
AFG2A,3,0.018727452881788013
HSBP1,3,0.030342041472436885
NBPF1,3,0.027931531165072517
NBEAL1,3,0.02359860625600795
NBEA,3,0.17318811359829026
NAV2,3,0.32213936819277544
GPS1,3,0.01350590870419447
GPRC5C,3,0.003700248960053279
GPRASP2,3,0.004440298752063934
NARF,3,0.07644445662642495
NAPSB,3,0.025881185781705993
NAPRT,3,0.007319212546725107
NAPG,3,0.2927132288172144
AGBL1,3,0.3458586687874792
AGBL5,3,0.047400189178282495
NAP1L4,3,0.0513101189127388
AGO3,3,0.014647688133194947
AGPAT2,3,0.014009441850507896
GPR78,3,0.00795553526411455
NAMPT-AS1,3,0.014800995840213115
GPR50,3,0.004440298752063934
AGPAT4,3,0.15831406665209752
MYT1L,3,0.28279621729609455
MYRF,3,0.0058690059894178385
NCCRP1,3,0.007400497920106558
APBA1,3,0.004653550146499449
ANXA10,3,0.0049019688202560805
IFITM10,3,0.003700248960053279
GNAZ,3,0.002220149376031967
GNAI3,3,0.007400497920106558
AP1M2,3,0.5036449973405852
AP1S1,3,0.5036449973405852
AP2A1,3,0.5518510185146126
IFNA10,3,0.00811999077345025
GNA11,3,0.0329470167403144
IFNA16,3,0.003700248960053279
AP3D1,3,0.0052214624214085145
GMFB,3,0.01915848597464252
AP4B1,3,0.007400497920106558
GLYATL1,3,0.003700248960053279
APBA2,3,0.3172065016051037
HTN1,3,0.003114376208044843
APC2,3,0.003700248960053279
GLUD2,3,0.020261535458318408
GLT8D2,3,0.003700248960053279
API5,3,0.022476545599683637
GLRA3,3,0.003700248960053279
APLP2,3,0.004198618328007637
APOBEC2,3,0.011137531214492883
IFT88,3,0.053907681096815374
GLIS1,3,0.007400497920106558
GLIPR1,3,0.014800995840213115
MYBPC1,3,0.0051803485440745905
IGFBPL1,3,0.003700248960053279
MXRA5,3,0.00632762724842648
GLE1,3,0.006660448128095901
IFI27L2,3,0.0061054107840879095
ANO9,3,0.014382250999567083
GNL1,3,0.021461443968309016
GNPAT,3,0.00518034854407459
GPC4,3,0.004625311200066598
AMY1A,3,0.019371470308134527
AMY1B,3,0.03259913589308899
AMY1C,3,0.0819636221755414
ANAPC1,3,0.020485783223108334
HUS1,3,0.008880597504127868
ANAPC4,3,0.0242777445656829
MYO3B,3,0.28048529523497656
MYO3A,3,0.22875825841929037
MYO1H,3,0.2377807550380459
ANKIB1,3,0.0029601991680426234
ANKLE2,3,0.02491500966435874
ICAM4,3,0.0036125588165753938
MYO18A,3,0.007400497920106558
MYO15A,3,0.008325560160119878
ANKRD13C,3,0.030070713695770274
ANKRD17,3,0.009014217605463126
ANKRD27,3,0.03275558447191243
GOLT1B,3,0.019791022289645726
MYL6B,3,0.007123236543482244
MYL5,3,0.010175684640146518
ANKRD46,3,0.009336229463800281
GOLGA8A,3,0.0216131541756712
MYL10,3,0.0232223031481186
ANKRD54,3,0.003700248960053279
ANKRD9,3,0.005887080247375725
GNPNAT1,3,0.008325560160119878
IDNK,3,0.03133435656420288
GNPDA1,3,0.3084743396718534
HPS6,3,0.04665741694500965
NCDN,3,0.016281095424234424
GK5,3,0.008493812721153687
NLGN2,3,0.013320896256191803
HIPK3,3,0.01756343725827956
ABTB1,3,0.012580846464181148
HIVEP3,3,0.007400497920106558
HCFC1R1,3,0.01065156113100578
HCCS,3,0.00498259079409841
HBP1,3,0.013362010133525727
HAUS2,3,0.008702985554045311
HASPIN,3,0.008770206743486279
NLRP14,3,0.011100746880159837
HAS3,3,0.007400497920106558
NLRP11,3,0.05461895117469229
NLN,3,0.03283693508627632
HAS2,3,0.007400497920106558
HLA-P,3,0.003700248960053279
NKX2-5,3,0.024179892639049426
H2BC26,3,0.5036449973405852
HAR1A,3,0.007400497920106558
HAND1,3,0.0046536797754270064
HAGLR,3,0.005550373440079919
NKD1,3,0.019236155357610307
ACBD4,3,0.007400497920106558
NKAP,3,0.011100746880159837
HMG20B,3,0.003700248960053279
ACBD6,3,0.2730041705522517
HADHB,3,0.009708014285473115
HACD4,3,0.009735462678940347
H3P6,3,0.008109712304116768
H3P27,3,0.003700248960053279
NIPSNAP3A,3,0.019014145701983048
H2BW2,3,0.022085025218311786
ABI3,3,0.007400497920106558
HCG22,3,0.00893466225282198
NMUR2,3,0.012580846464181148
NNAT,3,0.004255286304061271
NOX3,3,0.003700248960053279
NOSTRIN,3,0.01850124480026639
HEG1,3,0.004625311200066598
NOS2P2,3,0.011470771776165165
HES5,3,0.005036449973405851
AANAT,3,0.008256283276812212
HEYL,3,0.011100746880159837
HECTD2,3,0.013320896256191803
AATBC,3,0.008799301821006342
HGSNAT,3,0.008436567628921475
HEATR5B,3,0.04967728127442196
HCRTR2,3,0.027987889295646724
ABCC10,3,0.034471519311856345
HCRTR1,3,0.05920398336085246
HCP5B,3,0.003700248960053279
ABCF2,3,0.004440298752063934
ABCF3,3,0.04608057966543077
ABCG4,3,0.005920398336085247
HCN4,3,0.004070273856058606
ABCG8,3,0.008397509445454246
ABHD12,3,0.015171020736218442
NODAL,3,0.030321484533769927
HIGD1A,3,0.01850124480026639
NOC2L,3,0.008325560160119878
HCN1,3,0.003700248960053279
HILPDA,3,0.040014081115242815
HCG9,3,0.003700248960053279
NOA1,3,0.008305003221452913
HIPK1,3,0.007400497920106558
H2BC3,3,0.5036449973405852
H2BC20P,3,0.022085025218311786
HPS5,3,0.06049393126220437
HOXC8,3,0.012025809120173156
HOXA5,3,0.014800995840213115
GTF2IRD1,3,0.005920398336085247
GTF2F1,3,0.6007093390100392
HOXB13,3,0.011840796672170494
HOXB3,3,0.003700248960053279
NEU2,3,0.012765858912183813
HOXB7,3,0.038273115179144716
GSTA5,3,0.08798606539015047
GSE1,3,0.017405971108090623
NELFB,3,0.59292319126013
NELFA,3,0.59292319126013
HOXC5,3,0.008736698933459129
GSDMC,3,0.015972741344229987
NEGR1,3,0.22311872108881442
NECAB3,3,0.003515236512050615
H2BC13,3,0.5036449973405852
NEBL,3,0.1301686030546792
ADGB,3,0.33093204960164296
GRK3,3,0.00316911720322773
GRIK5,3,0.03367226553648484
ADGRB3,3,0.01877773562533704
NDRG4,3,0.016322209301568354
NDRG3,3,0.007091839194932855
ADGRE3,3,0.007600745793300301
NDFIP2,3,0.11131458087963354
NDE1,3,0.004255286304061271
NDC1,3,0.5415725491811313
GRB7,3,0.05272854768075922
ADIRF,3,0.002885023392578275
GRAP,3,0.03155572313133436
ADAM19,3,0.004693339088036483
ACYP1,3,0.026410082165111773
NEUROG1,3,0.025531717824367625
GTSE1,3,0.0078963312807537
NIPAL3,3,0.03760192993206142
H2BC11,3,0.5040150222365906
ACOT2,3,0.004255286304061271
H2BC1,3,0.5036449973405852
H2AZ2,3,0.009235821404292983
H2AC17,3,0.5036449973405852
H2AC16,3,0.5036449973405852
H2AC15,3,0.5036449973405852
NINJ2,3,0.008919668519695983
ACSM5,3,0.07248820681081598
ACSS1,3,0.021091419072303694
HNRNPL,3,0.008325560160119878
H2AC14,3,0.5036449973405852
H2AC13,3,0.5036449973405852
NIBAN1,3,0.020034702007541805
ACSS3,3,0.044809814036283056
NHSL1,3,0.010360697088149181
GYG2,3,0.005735385888082583
NHLRC3,3,0.039010144908168766
HOMER2,3,0.015890513589562137
ACTL8,3,0.15663218838411794
GXYLT2,3,0.003700248960053279
NGDN,3,0.00795553526411455
HOXA-AS2,3,0.03929458826189912
GUK1,3,0.016281095424234424
NFE2L3,3,0.007400497920106558
GUCY2F,3,0.010057482242811479
NFAM1,3,0.0040394125801544245
ACVR1C,3,0.3079164753802118
ARHGAP18,3,0.007400497920106558
ALKAL2,3,0.318844056279169
LIME1,3,0.053193812543113825
ASMTL,3,0.0029601991680426234
BCAS3,3,0.26818358700042827
GIMAP8,3,0.003708238590515965
ASPHD2,3,0.06660448128095903
ATP6V1C2,3,0.003700248960053279
GANC,3,0.06808458086498033
ARL15,3,0.17937849063841654
ATP6V0B,3,0.02284834340549323
AUNIP,3,0.017761195008255737
ASB2,3,0.008449622470540765
GATD3,3,0.003700248960053279
ARL14,3,0.32920213520893477
B3GNT6,3,0.0328434097694329
ATP5MG,3,0.03225136993582438
GALM,3,0.005920398336085247
ARL13B,3,0.008325560160119878
ATP5ME,3,0.003700248960053279
MRTO4,3,0.007400497920106558
MSMP,3,0.03265613756391005
GFRA1,3,0.02141005162164161
IGKV1D-32,3,0.004697260485400968
ATP5F1D,3,0.003700248960053279
ATP5F1C,3,0.012993595418582816
MRPL17,3,0.006180032471448984
ARL11,3,0.007400497920106558
GAPDHS,3,0.007400497920106558
GIPR,3,0.07680664981908163
MRPL15,3,0.027357314515214483
GAMT,3,0.003700248960053279
ASIC2,3,0.2653836790450275
B3GAT3,3,0.005234413292768701
ARMCX3,3,0.004311975227312129
GALNT17,3,0.33940261202132493
IGLV3-25,3,0.00418289028602559
ATRN,3,0.007400497920106558
IGSF21,3,0.24282495628785916
IGSF3,3,0.007400497920106558
ARL8A,3,0.0329748021570066
MTMR11,3,0.00846357542771216
ASF1A,3,0.009566233322960496
ARL6,3,0.004356549460770864
ATXN1L,3,0.011840796672170494
GIMAP2,3,0.009620647296138525
ATP8B5P,3,0.007079790798080713
BAZ1B,3,0.003700248960053279
BAIAP2,3,0.014408870487101799
ASB3,3,0.003700248960053279
GDF7,3,0.02902639739775128
GALNT11,3,0.29645493802910605
IGKV2D-40,3,0.010461824640509819
ASF1B,3,0.008357991499350194
B4GALT7,3,0.019035725205607423
BBLN,3,0.003700248960053279
BBS2,3,0.009051631233836998
BCAN,3,0.11985264600341944
IL10RB-DT,3,0.011813460376236812
MRPL52,3,0.021675023174722433
IGLV1-47,3,0.008306538525484342
IGKJ3,3,0.004810323648069262
ASB1,3,0.005936148351852897
GALNT18,3,0.016281095424234424
BCKDHA,3,0.03757232794038099
GDI2,3,0.027916322709735295
GAPLINC,3,0.007400497920106558
AVEN,3,0.23765742234575288
IGHD1-7,3,0.003700248960053279
ARSI,3,0.009250622400133196
ATP13A2,3,0.09173658014163402
MTCL1,3,0.3425299101593051
GAGE1,3,0.003700248960053279
MUC15,3,0.02318646689066637
BCL2L14,3,0.0029601991680426234
GARRE1,3,0.019170963705448095
BCL2L15,3,0.0439204186977955
BCL2L2,3,0.012802431384189777
MSC-AS1,3,0.010308955516997854
MRPL58,3,0.05260768068370873
B3GALT2,3,0.004201253005897535
ATE1,3,0.026261489147044802
IGKV1-8,3,0.009188936767383419
IGLC2,3,0.012017051805637563
MSH5,3,0.007400497920106558
ARHGAP32,3,0.007652114849390182
MVB12A,3,0.5267715533409181
IMP4,3,0.01930504968740246
MROH2B,3,0.017761195008255737
ART3,3,0.004234729365394308
GADD45GIP1,3,0.006475435680093237
MVD,3,0.005128956197407183
GBGT1,3,0.011473994246427525
BCO1,3,0.007400497920106558
AURKC,3,0.004440298752063934
GJD2,3,0.011470771776165166
ATG4A,3,0.01474960349354571
GAL3ST2,3,0.04581489173486746
ATOX1,3,0.01252945411751374
GDF9,3,0.005529816501412955
ARK2C,3,0.3061277322931156
GCNT4,3,0.03288041225903343
ARPIN,3,0.008880597504127868
ASAH2,3,0.005344804053410291
MTUS1,3,0.03581100943539563
ASTN1,3,0.06586443148894836
MTERF3,3,0.003700248960053279
GEMIN7,3,0.026826804960386266
ARID3B,3,0.003700248960053279
ARHGEF4,3,0.003700248960053279
MTFP1,3,0.003700248960053279
ATP11B,3,0.023681593344340987
GBA2,3,0.054875064087101466
ATP10A,3,0.007652114849390182
ARID1B,3,0.21526931863500418
B3GALT5,3,0.003700248960053279
SNORD27,2,0.0029601991680426234
FOXF2,2,0.03440485597229762
RPE,2,0.27841217236704585
SNHG4,2,0.003700248960053279
EIF3C,2,0.004625311200066598
SNHG20,2,0.010336650890729193
SNRK,2,0.007400497920106558
SNORD14B,2,0.013855376661532831
RPF2,2,0.03774253939254344
FOXI1,2,0.003700248960053279
SNORD14A,2,0.013855376661532831
SNRPF,2,0.023126556000332994
GAS2L1,2,0.005550373440079919
EIF1AY,2,0.014800995840213115
ELAC2,2,0.30004292247968106
SNRPD3,2,0.009893026733475781
FOXJ3,2,0.033302240640479513
FOXL1,2,0.03252898656468689
GYS1,2,0.02022802764829126
EI24,2,0.010360697088149181
FOXL2,2,0.005961512213419171
EID1,2,0.005982069152086135
EIF4ENIF1,2,0.022417769336540428
EIF3L,2,0.007400497920106558
SCIMP,2,0.009250622400133196
FOXN4,2,0.04657288486768738
SELENOT,2,0.009444708737884798
ELP6,2,0.007400497920106558
SNHG18,2,0.004625311200066598
SMIM3,2,0.0022804321820973274
GSTM4,2,0.005529816501412955
SCAT1,2,0.004404748869688046
GSTA3,2,0.003700248960053279
GSEC,2,0.028367868211021954
ENDOG,2,0.01689190942979944
SCARNA9,2,0.016281095424234424
RPL36AL,2,0.005977207847849374
RPL37A,2,0.08325560160119877
ENGASE,2,0.004234729365394308
RPL38,2,0.08325560160119877
SMIM33,2,0.14797344821993838
SCARF2,2,0.004810323648069262
SMIM30,2,0.013320896256191803
RPL39,2,0.08325560160119877
SMIM24,2,0.007486219789408183
SNHG15,2,0.005110307047998028
RPL39L,2,0.04080200329261592
GSC,2,0.01356851510437812
SMIM10L2A,2,0.002757099589632312
SMG9,2,0.037054293085973536
RPL41,2,0.08325560160119877
ENOX1,2,0.2811846877609609
ENOX2,2,0.003700248960053279
GBE1,2,0.007400497920106558
SMCO4,2,0.008436567628921475
SEPTIN1,2,0.015546390436277181
ENSG00000206356,2,0.13418407246740907
GRIP1,2,0.009600090357471561
SEPTIN10,2,0.07928312108639148
SMARCD2,2,0.697373354038049
ENAM,2,0.0022115190133597134
RPL28,2,0.0836256264972041
GSTT2,2,0.03888961657015996
GSX2,2,0.009065609952130533
RPGRIP1,2,0.024910075999078667
RPH3AL,2,0.0023180752458934256
SNHG14,2,0.030246083599265762
GULOP,2,0.02457582017635386
SNHG12,2,0.006660448128095901
SNED1,2,0.005487552679125967
SEMA4F,2,0.04361137982213325
SCGB2A2,2,0.008582521893456912
GATAD2A,2,0.006660448128095901
SNCAIP,2,0.004810323648069262
GTSF1,2,0.004255286304061271
FOCAD,2,0.2653836790450275
SNAPC1,2,0.022553426751671803
SNAP91,2,0.004419741813396972
ELP2,2,0.0018501244800266394
ELP3,2,0.011820239733503527
EMC10,2,0.003700248960053279
SCG3,2,0.013526465642861429
GATB,2,0.3345912282458378
SMYD4,2,0.007400497920106558
GTPBP8,2,0.023681593344340987
GTPBP6,2,0.008880597504127868
GTPBP2,2,0.011840796672170494
SCFD2,2,0.0030526631590830932
EMILIN2,2,0.017825347987480814
GTF3C5,2,0.002220149376031967
EML3,2,0.0051803485440745905
EML6,2,0.004525261370456432
EMSLR,2,0.0014800995840213117
GARIN6,2,0.2269117086464824
H3Y2,2,0.019397145320726738
H2AC7,2,0.5036449973405852
SCX,2,0.011100746880159837
DSCAM-AS1,2,0.03015702902443422
SPATA24,2,0.03726150702773652
SPATA41,2,0.0022321549757469633
FZD6,2,0.028995561989750826
RNF181,2,0.01683613276824242
DRG2,2,0.007400497920106558
GAL3ST4,2,0.00258159622646868
RNF157,2,0.005734350955941375
FZR1,2,0.0051803485440745905
DRC4,2,0.0029601991680426234
SDAD1,2,0.025625033740034813
SPEF2,2,0.2888723594149527
SPEG,2,0.014794119787702438
RNF167,2,0.026641792512383605
DSCAML1,2,0.2856408752573363
RNF187,2,0.005550373440079919
SCUBE2,2,0.007400497920106558
SPATA12,2,0.29675023513517035
DSEL,2,0.007102753183163797
FZD3,2,0.004625311200066598
DTD1,2,0.23770905357476896
DTD2,2,0.002220149376031967
GALNT1,2,0.2769806132841853
SPAM1,2,0.003700248960053279
DTNA,2,0.004255286304061271
SPAG5,2,0.0014800995840213117
DTX2,2,0.005920398336085247
HCN3,2,0.005920398336085247
DUS3L,2,0.007400497920106558
DUS4L,2,0.002166382958584287
FYTTD1,2,0.26142704188492494
DRC1,2,0.004625311200066598
RNF150,2,0.2317992297378461
GAPVD1,2,0.04701219693217448
DPAGT1,2,0.006802559315769667
SPNS3,2,0.03275460379439162
RNF126,2,0.011100746880159837
DPF3,2,0.22415540382639343
DPF2,2,0.005365360992077254
DPF1,2,0.007400497920106558
SPOCK3,2,0.003700248960053279
DOLK,2,0.010872985672212369
HDDC3,2,0.02011916510600997
DOK5,2,0.003700248960053279
DOCK9,2,0.019964693263967465
RNF121,2,0.003700248960053279
GABRR2,2,0.009620647296138525
RNF114,2,0.009190046788835213
RNF11,2,0.012395834016178484
SDCCAG8,2,0.00796014359188772
SPMIP4,2,0.04046101607770479
DPH7,2,0.008880597504127868
DPM2,2,0.003700248960053279
SPINK7,2,0.011470771776165165
SPINK6,2,0.03672867117748885
HECTD1,2,0.33042575037341004
DPP8,2,0.008397509445454246
DPPA2,2,0.005036449973405851
SPINK14,2,0.037453919973659294
SPIN3,2,0.008218640701529984
RNF141,2,0.009565143561737726
SPIN2B,2,0.003700248960053279
SPIN2A,2,0.003700248960053279
HEATR1,2,0.007400497920106558
HDGFL1,2,0.004440298752063934
DPY30,2,0.003700248960053279
FYCO1,2,0.00849001566945558
DUSP13A,2,0.03774253939254344
SPAAR,2,0.003700248960053279
FRY,2,0.0037009648103533827
EFCAB11,2,0.2537696079135393
SMARCD1,2,0.002220149376031967
RNU4ATAC,2,0.004070273856058606
EEF1AKMT2,2,0.03357660316889757
RNU1-4,2,0.0018501244800266394
EDF1,2,0.01414831303753705
GALR2,2,0.0029601991680426234
SEC11A,2,0.003700248960053279
EDEM2,2,0.011100746880159837
HAGH,2,0.004255286304061271
FSCN2,2,0.005529816501412955
EDA2R,2,0.004440298752063934
GALNT8,2,0.007770522816111886
ECSCR,2,0.02328178327231885
RNVU1-1,2,0.013855376661532831
FRS2,2,0.007400497920106558
EFL1,2,0.003700248960053279
FRMD7,2,0.003700248960053279
FRMD6,2,0.01507337527755037
SNX18,2,0.02960199168042623
SNX17,2,0.009785102805474226
SNX13,2,0.11924143017696791
SNX11,2,0.005735385888082583
H2BC18,2,0.5036449973405852
FRMD4B,2,0.17539989752424068
SNW1,2,0.010895177493490206
EGFLAM,2,0.023681593344340987
FRMD4A,2,0.004440298752063934
FRG1,2,0.1131282684007397
SNTB2,2,0.009620647296138525
EHD3,2,0.004255286304061271
HAPLN3,2,0.003700248960053279
GALNT4,2,0.07445492848971093
SORCS1,2,0.2431069320516228
SOX12,2,0.007770522816111886
HCG4,2,0.020721394176298362
DUSP13B,2,0.03858838726008165
GALNT10,2,0.17990479393530293
DVL2,2,0.01760599012132017
SCRN1,2,0.00201215587870687
DYNC1LI1,2,0.46253112000665986
DYNC2H1,2,0.004070273856058606
SOX8,2,0.009250622400133196
RNF217,2,0.0027886120550489587
DYRK1B,2,0.04477301241664467
RNF220,2,0.003700248960053279
DZIP1,2,0.003700248960053279
RNF222,2,0.021809493744270117
HCFC2,2,0.009990672192143854
EAPP,2,0.025126728529146065
RNFT2,2,0.003700248960053279
SEC14L5,2,0.10926055781705439
GALNT12,2,0.009626197669578606
EBF2,2,0.27297115391413246
FTSJ3,2,0.00703047302410123
SEC16B,2,0.29835969148127045
SCOC,2,0.007400497920106558
SOWAHC,2,0.15481728782687515
FTSJ1,2,0.009451052552136081
SOS2,2,0.00487199446407015
EBPL,2,0.019773434731550524
SEC24B,2,0.005175209309407848
SEC24C,2,0.007901676084807106
SORCS3,2,0.3394123411225209
RNFT1,2,0.002732533627745435
GRIK4,2,0.00980565974414119
SHE,2,0.007400497920106558
SEPTIN11,2,0.0029601991680426234
GPAT4,2,0.012654851443382211
RTCB,2,0.009034774544130089
GPAT2,2,0.004625311200066598
SFI1,2,0.25655266569424195
RSU1,2,0.002590174272037295
ESCO2,2,0.011100746880159837
ERVH48-1,2,0.019085848543710145
FBXW11,2,0.004625311200066598
ERMN,2,0.02298325783599091
RSRP1,2,0.0016992399525778167
ERLEC1,2,0.004234729365394308
RSPO4,2,0.035427817617030996
ERI3,2,0.05772388377683116
SLC13A1,2,0.01613719685356569
GIGYF2,2,0.02015751734866357
ERGIC2,2,0.01225522455569646
ESPN,2,0.04578645690704513
ESRP2,2,0.008294724752119433
ETHE1,2,0.011635227285500864
RTF2,2,0.03663246470452746
SAMD1,2,0.003700248960053279
FBXO34,2,0.004440298752063934
GPAM,2,0.0766641094164497
EVI5,2,0.1073354143301931
SAMD14,2,0.007400497920106558
FBXO38,2,0.002496987071882054
RTF1,2,0.003700248960053279
FBXO9,2,0.014331528754689214
EVC,2,0.005920398336085247
SAMD15,2,0.024226559224244857
SKIC3,2,0.026121933701552764
ETV1,2,0.008510572608122541
GPANK1,2,0.007400497920106558
SFSPAT,2,0.0014800995840213117
GIGYF1,2,0.004440298752063934
ERGIC1,2,0.0012560954054228212
FBXO17,2,0.025901742720372947
GPATCH2,2,0.008027484549448918
EPHB3,2,0.019068220660275522
FBXW2,2,0.012190264629508856
SLC17A8,2,0.06981652642420969
SLC18A1,2,0.004440298752063934
SF3A1,2,0.011100746880159837
EPGN,2,0.005023704671432334
GGA2,2,0.01020512340350968
SLC18B1,2,0.002220149376031967
EPC2,2,0.003700248960053279
RRP1,2,0.011512695345164954
GGA1,2,0.003700248960053279
GPR101,2,0.01478043890154615
FCF1,2,0.005159791605407629
GFRAL,2,0.0014800995840213117
SLC19A3,2,0.02011916510600997
SLC16A9,2,0.003700248960053279
EPIC1,2,0.014800995840213115
SLC16A6,2,0.003700248960053279
RSPH9,2,0.003700248960053279
GPATCH3,2,0.01850124480026639
SLC14A2,2,0.0029601991680426234
SAMD8,2,0.027381842304394263
GGTA2P,2,0.02960199168042623
ERCC6L,2,0.003700248960053279
SAP18,2,0.007400497920106558
SLC15A3,2,0.007770522816111886
EPN1,2,0.017021145216245082
ERC2,2,0.2493466686349093
RSF1,2,0.2447352041320665
RSC1A1,2,0.003700248960053279
RSBN1,2,0.09697798247066133
SLC16A13,2,0.0051803485440745905
GGCX,2,0.01683613276824242
RTL9,2,0.0027751867200399593
FBXO10,2,0.003700248960053279
GFRA3,2,0.007400497920106558
SGO1,2,0.005264015284449128
FAM90A1,2,0.051302578930072375
GLT1D1,2,0.006872312176798145
GLT8D1,2,0.06903806599731858
FANCF,2,0.004039438448058164
SACK1B,2,0.17435467942330019
GJC2,2,0.01560271644822466
FAM131B-AS2,2,0.017930522892142944
FAU,2,0.08325560160119877
S100A3,2,0.002220149376031967
FAM114A1,2,0.003700248960053279
GLYR1,2,0.012025809120173156
GJB5,2,0.3296247715847823
GJB4,2,0.22736873655236514
GMNC,2,0.2704045238354097
FBLN7,2,0.004440298752063934
SH3GL3,2,0.007400497920106558
SH3RF3,2,0.20377769798770967
FAM170A,2,0.1271831667359793
SHOX,2,0.005439982679438328
SHC3,2,0.004070273856058606
SHISA9,2,0.2522890421707583
FAM204A,2,0.19822717545446095
FAM234B,2,0.031163496741568715
SHOC2,2,0.016651120320239757
GK2,2,0.02483155824049607
GLIPR1L2,2,0.003700248960053279
SHTN1,2,0.0058615278199225535
FAM241A,2,0.2948588912461165
SHROOM2,2,0.002220149376031967
FAM43A,2,0.01755562562158611
GLMN,2,0.13372169617492383
SHROOM3,2,0.004512248037398303
GLOD4,2,0.008880597504127868
FBN3,2,0.2354964756615291
SAFB2,2,0.020018199145936475
GOLGA7,2,0.003700248960053279
FAF2,2,0.01646610787223709
EXOC8,2,0.004440298752063934
SFXN2,2,0.007405493056973677
RTTN,2,0.003700248960053279
GOLGA3,2,0.27230290333405616
GOLGA5,2,0.024930632937745636
EXOC5,2,0.019981344384287707
RTN4RL2,2,0.007400497920106558
FBXL22,2,0.02433035100713667
EXOC3L2,2,0.14224835875902528
EXOC3,2,0.0095795334188046
EXO5,2,0.004234729365394308
GOLGA6L2,2,0.03679692021386316
RTN4IP1,2,0.005974463084779357
SIX5,2,0.010389065663509589
EXD2,2,0.2810365209106704
FBXL2,2,0.0014800995840213117
GNPDA2,2,0.01954007543887736
EXOG,2,0.11918933578869965
GNG12,2,0.002220149376031967
GJA5,2,0.008723953631485612
RXYLT1,2,0.002220149376031967
EXTL1,2,0.007770522816111886
GNB5,2,0.007009916085434267
SIRAL1,2,0.004915018194057439
SIRAL2,2,0.005406868578198592
FBXL16,2,0.007798713575885942
SGCD,2,0.011100746880159837
EXOSC6,2,0.0082022185281181
SIRPB2,2,0.006216565654244992
EXOSC5,2,0.006660448128095901
FBXL17,2,0.013895831121334747
RXFP4,2,0.049552630944146296
FBXL18,2,0.013320896256191803
EPB41L2,2,0.003700248960053279
EOGT,2,0.027297434640469204
SMAD3-DT,2,0.001945502800502932
GPX8,2,0.003700248960053279
SLC4A3,2,0.006282295002719515
SLC5A11,2,0.003700248960053279
SLC5A5,2,0.03433570280134808
SCAF1,2,0.006660448128095901
SCAF4,2,0.2601107653454506
SLC5A6,2,0.004964500688071482
FILIP1L,2,0.004440298752063934
GPX6,2,0.003700248960053279
GCSH,2,0.01191274595750486
SLC60A2,2,0.0014800995840213117
SERPINA13P,2,0.004234729365394308
GCSAM,2,0.007772486857926847
SLC66A1,2,0.074262309378813
ENSG00000262580,2,0.013194102694405399
SLC6A10P,2,0.018295675413596765
SLC4A10,2,0.03425622555537604
FILIP1,2,0.003700248960053279
GPSM1,2,0.3092589149036333
SLC39A9,2,0.03478234022450082
GDF5,2,0.012325323716550804
SERPINB11,2,0.004419741813396972
ENSG00000272871,2,0.006487006538211246
SLC39A13,2,0.030815673339323703
SLC39A14,2,0.031246455362601518
FIBIN,2,0.272959751374448
ENSG00000272477,2,0.005855706166570704
SLC45A1,2,0.08441346995710895
SLC41A1,2,0.00581268966022882
SLC43A1,2,0.003700248960053279
SERPINA9,2,0.19657854906874844
GDAP2,2,0.08533681100912038
GPRC5D,2,0.004368946591256471
ENSG00000270640,2,0.0018174530380735804
SLC6A15,2,0.33093204960164296
SLC6A16,2,0.012025809120173156
SLC38A8,2,0.008880597504127868
SLC7A13,2,0.13515772143628751
SERF1A,2,0.005896767529100718
SLIT3,2,0.008140547712117212
FLNC,2,0.024668326400355194
SLITRK1,2,0.1941201659238194
GREP1,2,0.0331544583226443
GRHPR,2,0.003700248960053279
SLITRK4,2,0.008884208890685762
GCAT,2,0.003700248960053279
SLITRK5,2,0.03144471566253276
GRIK1,2,0.008479737200122095
SLK,2,0.005899841397418284
GBX2,2,0.12528890053259623
SLN,2,0.005920398336085247
GRIK2,2,0.006660448128095901
FMN2,2,0.26670258015359755
SERF1B,2,0.005746474049081926
SCAND1,2,0.005036449973405851
SERHL,2,0.0014800995840213117
SLC9B1,2,0.03220696694830374
SLC8A3,2,0.05147767518259641
GRAMD1A,2,0.0027485084242515976
SLC8B1,2,0.03256219084846885
SLC9A4,2,0.02402905764289693
GRAMD1B,2,0.0027221273800249733
SCAMP5,2,0.04181281324860206
SLC9B2,2,0.02039821579854414
SLF2,2,0.023126580812435786
ENSG00000255856,2,0.009396721650256228
SLC9D1,2,0.006389206423023848
SERP2,2,0.0032146940687396205
ENSG00000254288,2,0.012007191651923762
GLCE,2,0.00849001566945558
FLG2,2,0.0051803485440745905
GPR88,2,0.004654153767448756
FHIP2B,2,0.03407189242417059
GET3,2,0.01554104563222377
SLC25A40,2,0.013413367713576372
SLC22A9,2,0.004440298752063934
FERMT1,2,0.007400497920106558
SLC24A2,2,0.010895177493490206
GDPGP1,2,0.01515046379755148
RPUSD2,2,0.003700248960053279
FERP1,2,0.0029601991680426234
SERTAD2,2,0.19269275321902588
FEV,2,0.003700248960053279
FEZ2,2,0.03260476272662284
SATL1,2,0.0014800995840213117
FGD3,2,0.26243747893154745
SLC25A17,2,0.03376847200944623
SLC25A25,2,0.003700248960053279
SLC25A29,2,0.3084743396718534
SLC25A36,2,0.03757110359786534
RPUSD4,2,0.003700248960053279
ENSG00000293280,2,0.005128956197407183
GEMIN6,2,0.008880597504127868
ENSG00000293606,2,0.23414941005938644
GPR119,2,0.0195633064506142
FCHO2,2,0.03052705392043955
ENTR1,2,0.004255286304061271
GPR137,2,0.024051618240346313
SLC22A15,2,0.004440298752063934
ENSG00000310190,2,0.009620647296138525
SLC22A23,2,0.3001747684801331
FDCSP,2,0.003700248960053279
SLC22A25,2,0.2122858672845279
SASS6,2,0.008829205157460463
SLC22A31,2,0.004175491810763361
SLC22A7,2,0.005529816501412955
RRAGB,2,0.011717455040168717
RRAGA,2,0.00487199446407015
GPR157,2,0.013700486820188363
GPR160,2,0.006213535517576501
SLC38A3,2,0.016322209301568354
GPR179,2,0.003700248960053279
SLC2A8,2,0.009137559237464902
SLC34A1,2,0.005622322725414287
SERPINB7,2,0.00795553526411455
SLC35B4,2,0.008325560160119878
SBF2,2,0.004440298752063934
SLC35F1,2,0.017761195008255737
GPR82,2,0.006141903637873747
SLC35H1,2,0.003700248960053279
SLC37A1,2,0.04810564424714785
SLC37A2,2,0.037720337898783124
SBK1,2,0.002590174272037295
SLC37A3,2,0.001665638557510397
GPR83,2,0.03470093474737965
SLC38A10,2,0.035455785535230516
FHDC1,2,0.008317406018721638
GPR6,2,0.280394626297563
SLC2A14,2,0.0028901654445278677
GPR45,2,0.24535367347351109
SLC26A7,2,0.011100746880159837
ENSG00000285648,2,0.002220149376031967
RPS6P3,2,0.009620647296138525
SLC25A44,2,0.0051803485440745905
SLC26A11,2,0.01885646870043151
FGF11,2,0.011655784224167829
SLC26A2,2,0.008582521893456912
SLC26A9,2,0.003700248960053279
GPR4,2,0.005735385888082583
ENSG00000280417,2,0.0024549278045537856
RPS6KC1,2,0.001866361950350838
SLC27A3,2,0.008251727004942713
ENSG00000280206,2,0.004580788899256459
GPR32,2,0.04440298752063935
SLC27A6,2,0.02350964659678693
FKTN,2,0.022599251948633867
NOXO1,2,0.004440298752063934
DOCK5,2,0.04588308710466066
AWAT1,2,0.00997669347385032
AVL9,2,0.1046039657233041
AVIL,2,0.003700248960053279
AUP1,2,0.013682081668570337
USH1C,2,0.3105892792036946
ATP8B2,2,0.007223899114520352
USP17L2,2,0.007400497920106558
USP17L26,2,0.003700248960053279
USP17L27,2,0.003700248960053279
ATP6V1G2,2,0.004070273856058606
ATP6V1B1,2,0.017761195008255737
USP28,2,0.016651120320239757
ATP2B1-AS1,2,0.01113834454084921
USP40,2,0.00148483817105994
ATOH7,2,0.027237943733725525
ATG4D,2,0.003700248960053279
ATG2A,2,0.005289472959347501
ATF7IP2,2,0.007652114849390182
ATAT1,2,0.0318221410564582
ATAD5,2,0.004440298752063934
USP54,2,0.003700248960053279
ASXL2,2,0.043662937728628684
ASTN2,2,0.2649624026223721
USPL1,2,0.014595426453543487
UST,2,0.2089790205000221
UTP18,2,0.04479951977052344
URB2,2,0.02344207221327489
URAD,2,0.044516576334750764
UTY,2,0.003700248960053279
UQCR10,2,0.014800995840213115
UGT1A8,2,0.008664749648124762
BCL2L10,2,0.003700248960053279
UGT2B4,2,0.007400497920106558
BCCIP,2,0.003700248960053279
UGT3A1,2,0.02236768059324809
UGT3A2,2,0.02739109757162004
BCAT2,2,0.002220149376031967
UHMK1,2,0.012950871360186474
UIMC1,2,0.004810323648069262
BBS12,2,0.005310206554821075
UMAD1,2,0.195937426387728
BAZ2B,2,0.003700248960053279
BARX1,2,0.30064577938439097
UNC50,2,0.004070273856058606
UNC5A,2,0.022033896024973305
BANCR,2,0.010730721984154508
UNC5CL,2,0.0032186291556073245
BAIAP3,2,0.007945013356840837
BAIAP2L1,2,0.017021145216245082
BAG5,2,0.016281095424234424
BABAM1,2,0.003700248960053279
B4GALT2,2,0.02284834340549323
B4GALNT4,2,0.008510572608122541
B3GNT8,2,0.019533979936853272
B3GNT7,2,0.002792967537712824
UTP20,2,0.09861205242273412
UXT,2,0.01930296540827794
AP4M1,2,0.002590174272037295
VN1R4,2,0.0045944757920661555
ARL1,2,0.16951060708083082
VPS13D,2,0.25870984093884086
VPS16,2,0.007400497920106558
VPS26C,2,0.003700248960053279
ARHGEF38,2,0.003700248960053279
VPS36,2,0.4632711697986705
VPS37B,2,0.527326590684926
VPS37D,2,0.5267715533409181
ARHGAP35,2,0.013001235859920532
ARHGAP29,2,0.32062984873305606
VPS52,2,0.014615983392210452
ARHGAP22,2,0.008695585056125206
ARFGAP1,2,0.023989947424345424
VSIG10L,2,0.005517793912867929
AREL1,2,0.003700248960053279
ARB2A,2,0.014346204182896947
AQP11,2,0.0318221410564582
APTX,2,0.014800995840213115
APPL2,2,0.002220149376031967
APOLTP,2,0.31342690155534375
APLP1,2,0.008510572608122541
VWA7,2,0.10506483577963764
VWDE,2,0.023407685395701323
Vault,2,0.004419741813396972
WAC-AS1,2,0.003700248960053279
VN1R5,2,0.0045944757920661555
VN1R2,2,0.0045944757920661555
ASCL3,2,0.004604754261399636
ARL2,2,0.007770522816111886
ASB9,2,0.0029601991680426234
VANGL1,2,0.002590174272037295
ASB15,2,0.2862790866516287
VASH2,2,0.007400497920106558
AS3MT,2,0.012580846464181148
ARV1,2,0.0029601991680426234
ART1,2,0.0027751867200399593
ARSJ,2,0.004625311200066598
ARRDC2,2,0.003700248960053279
ARMH3,2,0.22003880028267112
VEPH1,2,0.17457791115524654
VEZF1,2,0.003700248960053279
VEZT,2,0.025901742720372947
VGLL1,2,0.002220149376031967
VGLL3,2,0.13407676287972098
VGLL4,2,0.011100746880159837
VHLL,2,0.03815696727606941
ARMCX2,2,0.004197759780052557
ARMC5,2,0.014800995840213115
ARMC3,2,0.25702151518865635
ARMC12,2,0.049971095328484975
ARMC1,2,0.002220149376031967
ARL6IP4,2,0.010340140149482216
VMA21,2,0.00966176117347245
ARL2BP,2,0.003700248960053279
BCL2L2-PABPN1,2,0.012802431384189777
UGT1A10,2,0.00849001566945558
BCRP1,2,0.007560909399478421
C5orf34,2,0.008094094850485787
TSSC4,2,0.0508496422642505
C2orf68,2,0.10708771235109026
TSTD2,2,0.006895571606635037
TTC1,2,0.009950997300516613
TTC17,2,0.003700248960053279
TTC28,2,0.02280404415285306
TTC33,2,0.007599193141070002
TTC36,2,0.004440298752063934
TTC39B,2,0.002245062875834356
C2CD5,2,0.018830332130677033
TTC7B,2,0.29538925270026
TTLL1,2,0.0014800995840213117
TTLL12,2,0.0027751867200399593
C1orf87,2,0.07549028240134026
C1orf56,2,0.004625311200066598
C1orf54,2,0.003700248960053279
TTYH3,2,0.003700248960053279
C1orf210,2,0.004070273856058606
C1orf21,2,0.0023429162835742526
C1orf116,2,0.21408215325087376
C1QTNF5,2,0.049670703054048526
C1QL2,2,0.16858409007966166
C18orf54,2,0.002220149376031967
TUBG2,2,0.007400497920106558
TULP1,2,0.0014800995840213117
TSPOAP1-AS1,2,0.009321655392847133
TSPAN14,2,0.021933438468432095
BCYRN1,2,0.002590174272037295
C6orf15,2,0.008378391492493972
TRMT10C,2,0.003700248960053279
CAGE1,2,0.013618971866862763
TRMT61A,2,0.0051803485440745905
TRMT9B,2,0.321735074276033
TRNP1,2,0.020526103258962217
CADM2,2,0.2431069320516228
CACTIN,2,0.004810323648069262
CACNG6,2,0.09250622400133196
CACNG5,2,0.30941075945893814
CACNG2,2,0.09343128624134528
CACNB3,2,0.09250622400133196
CACNB1,2,0.09250622400133196
CACNA2D2,2,0.09250622400133196
CACNA1I,2,0.09250622400133196
CABP2,2,0.003700248960053279
TRUB1,2,0.022503755678776514
CAAP1,2,0.0051803485440745905
CA7,2,0.004234729365394308
CA5BP1,2,0.004625311200066598
CA14,2,0.004625311200066598
C8orf82,2,0.01685093376408263
TSHZ3,2,0.005758039092613406
C8orf33,2,0.005066195526490888
C7orf78,2,0.30172319808095877
TSPAN10,2,0.005920398336085247
TULP2,2,0.003700248960053279
C15orf39,2,0.003700248960053279
C14orf132,2,0.3216979553702517
TUT1,2,0.019426307040279714
BOLA3,2,0.003700248960053279
BOLA1,2,0.003700248960053279
UBE2QL1,2,0.003834894397099182
BNIP5,2,0.04665151166454444
BNIP1,2,0.0037619197760541665
BNC1,2,0.032058956989901605
BMP15,2,0.004440298752063934
UBE3B,2,0.008325560160119878
UBIAD1,2,0.003700248960053279
UBL3,2,0.010018433731826731
UBLCP1,2,0.004440298752063934
BLTP1,2,0.2996257924350927
BLCAP,2,0.002220149376031967
BLACAT1,2,0.004070273856058606
UBR1,2,0.008325560160119878
UBTD1,2,0.011785790153491573
UBTD2,2,0.018850596726409777
BICRA,2,0.003700248960053279
UBXN10,2,0.17250165644856305
BHMT2,2,0.07400497920106557
BFSP1,2,0.29561942079338765
UCK2,2,0.008136006306789255
BET1L,2,0.0034782756354450077
BEST4,2,0.002220149376031967
BECN2,2,0.004440298752063934
BOLL,2,0.2388262598566187
UBE2F,2,0.003700248960053279
UBE2E1,2,0.030416046451637955
BTBD7,2,0.0014800995840213117
C12orf75,2,0.004070273856058606
TVP23B,2,0.03178513856685767
C12orf43,2,0.03218622873055132
TWNK,2,0.004070273856058606
C11orf21,2,0.01735243953585796
BYSL,2,0.03184780576508985
BUD31,2,0.003700248960053279
TXNDC9,2,0.007400497920106558
BUD13,2,0.007400497920106558
BTNL9,2,0.028343532192608767
BTNL3,2,0.019981344384287707
BTBD3,2,0.15022237310687261
BPIFA4P,2,0.003700248960053279
TYW2,2,0.006660448128095901
BSND,2,0.03443451682225581
U2SURP,2,0.007400497920106558
BSN,2,0.008880597504127868
BROX,2,0.003700248960053279
BRK1,2,0.007400497920106558
UBA6,2,0.002220149376031967
BRI3BP,2,0.008880597504127868
BRF1,2,0.005128956197407183
BRD10,2,0.10061845830314935
UBE2CP3,2,0.010360697088149181
AP5Z1,2,0.0027751867200399593
AP4E1,2,0.011470771776165165
SPRN,2,0.004512248037398303
ZNF266,2,0.009646549038858901
ZNF277,2,0.014800995840213115
ZNF280D,2,0.18345646449498734
ZNF283,2,0.026271767616378276
ZNF296,2,0.003700248960053279
ACTL6B,2,0.004251225776655011
ZNF32,2,0.25458293761555834
ZNF324,2,0.004255286304061271
ZNF326,2,0.003700248960053279
ACSF2,2,0.003700248960053279
ZNF35,2,0.004625311200066598
ZNF354B,2,0.284917222008619
ACP4,2,0.022571518656325
ZNF366,2,0.004440298752063934
ACOX3,2,0.003700248960053279
ACOT13,2,0.011100746880159837
ZNF385D,2,0.24534723335438563
ACOT12,2,0.005365360992077254
ACOT11,2,0.003700248960053279
ACMSD,2,0.007400497920106558
ZNF417,2,0.015726058080226434
ZNF423,2,0.002220149376031967
ZNF43,2,0.26357299103145926
ACER2,2,0.012950871360186477
ZNF438,2,0.014843012452070013
ZNF451,2,0.003700248960053279
ZNF275,2,0.003700248960053279
ZNF263,2,0.003700248960053279
ZNF483,2,0.033106184998206466
ZNF257,2,0.007400497920106558
ZHX1,2,0.005920398336085247
ADAMTSL1,2,0.32433302274228365
ADAMTS9-AS2,2,0.003758295066285298
ADAMTS8,2,0.008880597504127868
ADAMTS3,2,0.038795143824697204
ADAMTS16,2,0.030867476824764453
ZMYM1,2,0.002220149376031967
ZMYM6,2,0.002220149376031967
ADAM7,2,0.019506899912336693
ZMYND8,2,0.03518936761010667
ZNF10,2,0.003700248960053279
ZNF100,2,0.011100746880159837
ZNF107,2,0.003700248960053279
ZNF137P,2,0.011100746880159837
ADAM23,2,0.003700248960053279
ADAM22,2,0.0071024223094356
ZNF165,2,0.010413537588158196
ZNF195,2,0.007400497920106558
ZNF2,2,0.03260330472580278
ZNF200,2,0.003984961730091446
ZNF208,2,0.003700248960053279
ZNF229,2,0.007400497920106558
ZNF236,2,0.033687066532325054
ACTR8,2,0.044633369659507156
ZNF250,2,0.007400497920106558
ACBD7,2,0.003700248960053279
ZNF493,2,0.009250622400133196
WASHC5,2,0.007770522816111886
ZNF780A,2,0.004670981576787744
ZNF80,2,0.028805657607165726
ZNF85,2,0.016972828087669686
ZNF860,2,0.003081622612266879
ZNF90,2,0.2547149380024277
ZNHIT6,2,0.003700248960053279
ABCD4,2,0.003700248960053279
ZNRF3,2,0.007359384042772632
ABCB9,2,0.0018501244800266394
ABCB8,2,0.007400497920106558
ZP4,2,0.009774824336140743
ZPBP,2,0.003700248960053279
ZRANB1,2,0.007400497920106558
ABCA5,2,0.033472452092641956
ABCA2,2,0.0061054107840879095
ZRSR2P1,2,0.03535957906226913
ZSCAN1,2,0.003700248960053279
ZSCAN16,2,0.007400497920106558
ZSCAN4,2,0.00487199446407015
ZSCAN5A,2,0.004625311200066598
ZSCAN5DP,2,0.004625311200066598
ZSWIM6,2,0.003700248960053279
AAAS,2,0.5415725491811313
ZW10,2,0.003700248960053279
ZWILCH,2,0.003700248960053279
ZYG11B,2,0.004070273856058606
ZNF79,2,0.003700248960053279
ZNF772,2,0.005894661375304551
ZNF496,2,0.030445648443318374
ZNF746,2,0.010434085359190236
ZNF503,2,0.0028558442643587967
ZNF536,2,0.2055323437317649
ZNF540,2,0.012375277077511522
ZNF551,2,0.008732023624320021
ZNF571,2,0.0022051612939103945
ZNF573,2,0.01185929791697076
ACAP1,2,0.005036449973405851
ZNF582,2,0.02886194188841557
ZNF587,2,0.011100746880159837
ZNF589,2,0.003700248960053279
ZNF593,2,0.003700248960053279
ZNF598,2,0.03700248960053278
ZNF605,2,0.0029601991680426234
ZNF608,2,0.1870283376201475
ZNF609,2,0.23690467828495868
ZNF618,2,0.038063328850012956
ACADSB,2,0.003700248960053279
ZNF674,2,0.012580846464181148
ABRACL,2,0.00253331687220901
ZNF684,2,0.002702073832366473
ZNF697,2,0.0074781848547235625
ABITRAM,2,0.03996676450382893
ZNF710,2,0.025257824652713628
ABHD6,2,0.007400497920106558
ZNF721,2,0.003700248960053279
ADAP1,2,0.03155572313133436
ZG16,2,0.024421643136351638
ADAT2,2,0.0018501244800266394
ANKRD34B,2,0.02479152902459231
ANKRD13A,2,0.016096082976231763
ANKRD11,2,0.0018501244800266394
WNT7B,2,0.012190264629508856
WNT8B,2,0.04812215256620746
ANKRD10-IT1,2,0.006495875370632567
ANKMY1,2,0.003700248960053279
ANKLE1,2,0.008305003221452913
XAB2,2,0.0052677155334091815
ANGPT4,2,0.014100688297599253
ANAPC2,2,0.004440298752063935
XIRP1,2,0.004995336096071927
XKR3,2,0.0014800995840213117
XKR6,2,0.003700248960053279
AMOTL1,2,0.002934881624801809
XPO6,2,0.013505908704194467
XPO7,2,0.28214733118379964
AMHR2,2,0.002220149376031967
AMELY,2,0.030342041472436885
AMBN,2,0.002220149376031967
XYLB,2,0.0464441100541813
ALS2,2,0.31558140812044205
ALPK3,2,0.008880597504127868
ALOX12P2,2,0.003700248960053279
ALOX12B,2,0.04121707316603348
YIF1B,2,0.027289442386468903
ANKRD2,2,0.007400497920106558
ANKRD36,2,0.0029196015253800086
ADD2,2,0.05068231000584976
WHRN,2,0.021706808711060916
AP3S2,2,0.0016487429460818072
WDFY1,2,0.003951248755711237
AP2B1,2,0.5518510185146126
AP2A2,2,0.5518510185146126
WDR12,2,0.019107520537051427
AP1G2,2,0.0051803485440745905
WDR19,2,0.015243448518095708
AP1B1,2,0.5036449973405852
AOX2P,2,0.02742295618172819
ANXA2P3,2,0.006180032471448984
WDR44,2,0.004440298752063934
WDR47,2,0.007400497920106558
ANO5,2,0.016281095424234424
WDR70,2,0.008820295549325397
ANO2,2,0.00293964222937566
WDR75,2,0.008325560160119878
ANKZF1,2,0.007400497920106558
ANKUB1,2,0.002385191650439022
ANKS6,2,0.003700248960053279
WDR86,2,0.2655053134867293
ANKS4B,2,0.04514303731265
ANKS1A,2,0.006845460576098566
WFIKKN2,2,0.003700248960053279
ANKRD52,2,0.003700248960053279
WHR1,2,0.002220149376031967
YIPF1,2,0.007652114849390182
YIPF4,2,0.0029692058008962815
YKT6,2,0.0014800995840213117
ALKBH2,2,0.004105087885207367
AGAP4,2,0.003700248960053279
ZDHHC12,2,0.021461443968309016
ZDHHC12-DT,2,0.007567043617224135
ZDHHC13,2,0.0023602058936964595
ZDHHC18,2,0.004255286304061271
ZDHHC23,2,0.0063048143148336545
AEN,2,0.011100746880159837
AEBP2,2,0.18689188208237617
ZDHHC6,2,0.004440298752063934
ADSS1,2,0.003700248960053279
ADPRS,2,0.002590174272037295
ZFAND5,2,0.1186660761097561
ADHFE1,2,0.0018192382518349593
ZFP1,2,0.009983066124837075
ZFP2,2,0.0051803485440745905
ZFP30,2,0.00610361216403542
ADGRF1,2,0.003700248960053279
ZFP64,2,0.008325560160119878
ZFP90,2,0.002010071665663108
ADGRA3,2,0.03905853677931996
ADGRA2,2,0.016420001511198608
ADD3,2,0.048620760042574
ZFTRAF1,2,0.022201493760319675
ZFYVE1,2,0.016342766240235312
ZFYVE16,2,0.00840324023083933
ZDBF2,2,0.00966002383332233
ZCWPW2,2,0.02792117230813127
ZCRB1,2,0.007770522816111886
ZBTB6,2,0.0014800995840213117
YPEL2,2,0.0029601991680426234
ALG13,2,0.008436567628921475
ALG10B,2,0.2892525690505821
AKT1S1,2,0.008736698933459129
Y_RNA,2,0.008329684792131618
AKIRIN1,2,0.02960199168042623
AKAP19,2,0.3105892792036946
ZBTB2,2,0.004625311200066598
ZBTB22,2,0.008582521893456912
AK7,2,0.0051803485440745905
AJUBA,2,0.004580322165336459
AHDC1,2,0.003700248960053279
AGBL3,2,0.013349264831552209
ZC2HC1C,2,0.035602390058496025
AHCYL1,2,0.002220149376031967
AGXT2,2,0.003700248960053279
AGR3,2,0.009070033073486
AGPAT5,2,0.009534490032474516
ZC3H14,2,0.0479602398109685
AGPAT3,2,0.002019059445633898
ZC3H18,2,0.004440298752063934
ZC3H3,2,0.0029601991680426234
ZC3H7B,2,0.004255286304061271
ZC4H2,2,0.003700248960053279
CALHM2,2,0.0014800995840213117
CALML4,2,0.004440298752063934
TRIP6,2,0.003700248960053279
CTSO,2,0.016096082976231763
TAF4B,2,0.5790803178824621
CTIF,2,0.026656369854355298
TAF6,2,0.5790803178824621
TAFA2,2,0.2431069320516228
CTDSP1,2,0.003700248960053279
TAFA5,2,0.002220149376031967
CTCFL,2,0.012025809120173156
CTAG2,2,0.018295675413596765
CT83,2,0.009736382860833523
TAGLN3,2,0.0029601991680426234
TANC1,2,0.008140547712117212
TANGO2,2,0.004070273856058606
CT45A3,2,0.003700248960053279
CSTPP1,2,0.04322899085680835
CSTF2T,2,0.003700248960053279
CSP2,2,0.0014800995840213117
TAS2R18P,2,0.011100746880159837
TAS2R20,2,0.010360697088149181
CSNK1G2,2,0.011100746880159837
TASP1,2,0.0025396436311882794
CRYM,2,0.003700248960053279
CRYBG3,2,0.004165401692180297
CRYBG2,2,0.003700248960053279
TBC1D2,2,0.003859793486715858
TBC1D23,2,0.0014800995840213117
TAF2,2,0.5794503427784674
TAF13,2,0.5790803178824621
CRTAC1,2,0.00997669347385032
TAF12,2,0.5790803178824621
CYP4B1,2,0.007400497920106558
SYCP1,2,0.004255286304061271
SYCP3,2,0.0749300414410789
CYP2U1,2,0.003700248960053279
CYP2S1,2,0.013320896256191803
CYP2A7,2,0.003700248960053279
SYNGAP1,2,0.003700248960053279
CYLC1,2,0.005928209972778691
SYNJ1,2,0.03626984030644224
CYFIP1,2,0.006290423232090574
CYCSP52,2,0.003700248960053279
CYCSP39,2,0.007400497920106558
CYCSP38,2,0.005694272010748656
SYNRG,2,0.004625311200066598
CYB5R3,2,0.013081992459367779
SYPL1,2,0.2948588912461165
CYB5R2,2,0.003700248960053279
SYT11,2,0.004810323648069262
SYT12,2,0.015983019813563468
CYB561,2,0.0402957111749802
TAAR3P,2,0.003700248960053279
TACC1,2,0.008880597504127868
TACC2,2,0.005899841397418284
TACO1,2,0.009250622400133196
TADA3,2,0.005612044256080804
TBC1D2B,2,0.002376806632132992
TBC1D9B,2,0.030706981475343814
CALML6,2,0.004234729365394308
CPAMD8,2,0.22800469831600423
COX6B1,2,0.003700248960053279
COX4I2,2,0.004070273856058606
TDRD6,2,0.003700248960053279
COX10,2,0.0266555345135612
CORO2B,2,0.0014800995840213117
CORO1B,2,0.012573119187875443
COQ7,2,0.0014800995840213117
COQ3,2,0.0577019786379444
TEKT5,2,0.2632483384508882
TENM1,2,0.0033716437052751028
TENM3,2,0.2605785782453482
COQ10A,2,0.03737251449653811
COPE,2,0.00797773675787487
COMMD9,2,0.040332713664580744
COMMD3-BMI1,2,0.031126494251968184
COMMD3,2,0.023171862900036668
TEX14,2,0.004588199822134191
TEX15,2,0.024702480167955836
TEX264,2,0.003700248960053279
TEX28P1,2,0.00893466225282198
TEX28P2,2,0.00893466225282198
COLGALT2,2,0.004440298752063934
COL9A3,2,0.015489653285556366
COL6A5,2,0.007400497920106558
COL6A4P1,2,0.003700248960053279
TCL6,2,0.04440298752063935
CPED1,2,0.009701574582061721
CRNN,2,0.0020145799893623406
TCF25,2,0.013320896256191803
CRIPTOP6,2,0.08505537590981489
CRIPTOP5,2,0.008325560160119878
CREB3L2,2,0.005920398336085247
TBL3,2,0.004070273856058606
TBRG4,2,0.004625311200066598
CRACR2A,2,0.0030321484533769923
TBX2,2,0.008711002760125427
CR1L,2,0.004255286304061271
CPXM2,2,0.26613937850295466
CPSF7,2,0.007400497920106558
HEPACAM,2,0.002754629781372996
TCAF2,2,0.03263619582766992
TCAIM,2,0.03757232794038099
TCAM1P,2,0.015356033184221109
CPNE8,2,0.021459637581059933
CPNE7,2,0.012025809120173156
CPNE5,2,0.08224728375958426
TCEAL3,2,0.0028548398151327556
TCEAL4,2,0.00166057074156175
TCEAL9,2,0.007400497920106558
TCERG1,2,0.003114376208044843
TCERG1L,2,0.2653668068151269
CPNE4,2,0.009620647296138525
CPNE3,2,0.003700248960053279
CPLX4,2,0.032345660964735845
SVIL,2,0.004111554560772583
CYP4F22,2,0.03066766338092157
CYP4X1,2,0.0022513004460634613
DLGAP3,2,0.0029601991680426234
DLG3,2,0.014800995840213115
DLG2,2,0.01850124480026639
SSR1,2,0.023373239264336546
SSR2,2,0.003700248960053279
SSR4,2,0.004779488240068818
DISP2,2,0.0047897667094023
DIS3,2,0.00811999077345025
DIPK1B,2,0.0033655334302813583
DIPK1A,2,0.010545709536151844
SSUH2,2,0.019198534087003817
DIO1,2,0.044360855468854564
DHX8,2,0.0051803485440745905
DHX35,2,0.010360697088149181
DHX33,2,0.003700248960053279
DHRS13,2,0.002738801454560935
DHH,2,0.0014800995840213117
DHFR2,2,0.03382027549488697
ST7,2,0.0014800995840213117
ST7L,2,0.01554104563222377
DGLUCY,2,0.018259584802379644
DGKQ,2,0.003700248960053279
DGKK,2,0.04625311200066599
STAC,2,0.0082022185281181
STAC2,2,0.007400497920106558
DGKG,2,0.003700248960053279
DLGAP2,2,0.22328885492077946
DLX1,2,0.0030218699840435107
CYP4Z1,2,0.002220149376031967
DMRT2,2,0.003700248960053279
DNASE1L2,2,0.0014800995840213117
SPTBN2,2,0.003156213076607507
DNAJC5B,2,0.0022397165254057247
SPTLC3,2,0.02253040477899107
SPTSSA,2,0.1294031000592477
SPTSSB,2,0.03364293419036955
DNAJC24,2,0.16454666471285853
DNAJC22,2,0.0029601991680426234
DNAJC2,2,0.003700248960053279
DNAJC17,2,0.0014800995840213117
DNAJB8,2,0.002220149376031967
SREBF2-AS1,2,0.002220149376031967
SREK1IP1,2,0.2927984721748168
SRGAP1,2,0.00421533221279949
DNAJB11,2,0.020721394176298362
DNAI2,2,0.003700248960053279
DNAH9,2,0.004625311200066598
SRMS,2,0.07400497920106557
DNAAF9,2,0.21566247467449196
SRPRB,2,0.003700248960053279
DNAAF5,2,0.003700248960053279
DNAAF11,2,0.23201106995770926
DNA2,2,0.007934978325447588
DMXL2,2,0.004070273856058606
DMWD,2,0.0038096466730280646
STAMBPL1,2,0.026271767616378276
STARD10,2,0.003700248960053279
STARD5,2,0.03949800598712477
DENND5B,2,0.2559804875761879
STRADB,2,0.004070273856058606
STRIT1,2,0.2791653134214848
STRN4,2,0.011840796672170494
DDN,2,0.011253793288535376
DDI1,2,0.02285931579766248
STX12,2,0.02701181740838894
STX16,2,0.004440298752063934
STX18,2,0.013437110317429697
STX1B,2,0.042825890677900394
DCPH1,2,0.004952320645006764
DCBLD1,2,0.015171020736218442
STYK1,2,0.003700248960053279
DCAF6,2,0.00966176117347245
DCAF5,2,0.24326987588757792
DCAF4L2,2,0.01755562562158611
DCAF15,2,0.012025809120173156
DBX2,2,0.003700248960053279
DAZL,2,0.0014800995840213117
SULT1C2,2,0.007400497920106558
SUMF1,2,0.09351069511568244
SUMF2,2,0.003700248960053279
DAND5,2,0.005280666404769367
SUOX,2,0.003700248960053279
SUPT6H,2,0.009600090357471561
SURF1,2,0.01905628214427439
STRADA,2,0.004255286304061271
DDX25,2,0.019981344384287707
STOML1,2,0.004457759564050036
DEDD,2,0.011655784224167829
DENND3,2,0.002123942316412808
DENND2B,2,0.009893026733475781
DENND11,2,0.009880777838179828
STEAP2,2,0.024008907458527077
DEFB110,2,0.00432723558939564
DEFB107B,2,0.0018501244800266394
DEFB107A,2,0.0018501244800266394
DEFB106B,2,0.0014800995840213117
DEFB106A,2,0.0014800995840213117
STK10,2,0.02732993298133004
DEDD2,2,0.007400497920106558
DECR2,2,0.16921256685895755
STMP1,2,0.024599305930733586
STK31,2,0.017206157664247747
STK32B,2,0.2945899280518186
STK32C,2,0.19951486845151548
STK33,2,0.003700248960053279
STK35,2,0.028520285567770656
DDX55,2,0.0029601991680426234
DDX50,2,0.015253454060272962
DDX49,2,0.004440298752063934
DDX47,2,0.007770522816111886
DDX43,2,0.003700248960053279
STMN3,2,0.003184199746655887
COL4A6,2,0.37002489600532784
COL22A1,2,0.1769406298593993
COL21A1,2,0.031676839706295264
CDCA2,2,0.007400497920106558
CDC42EP4,2,0.011100746880159837
CDC42BPA,2,0.011655784224167829
CDC34,2,0.0082022185281181
CDC23,2,0.003700248960053279
CDC14C,2,0.2272089466103653
CDADC1,2,0.01406094604820246
CD99L2,2,0.009076711852299872
CD300E,2,0.012375277077511519
CD300C,2,0.004964500688071482
CD200R1L,2,0.003700248960053279
CCZ1B,2,0.031403371736889965
CCT7,2,0.003700248960053279
CCT2,2,0.008467801589814443
CCNK,2,0.5594025470045172
CCNJ,2,0.002220149376031967
CCNI2,2,0.003700248960053279
CCNG2,2,0.026271767616378283
TRABD,2,0.00293964222937566
CCER1,2,0.3303820149068834
TRAJ33,2,0.005128956197407183
TRAPPC13,2,0.0022938645587748394
CCDC54,2,0.002220149376031967
CCDC42,2,0.0027751867200399593
TRAPPC8,2,0.01924129459227705
CCDC40,2,0.1486045909218346
TOR3A,2,0.011100746880159837
CDCA4,2,0.004625311200066598
CEP135,2,0.012190264629508856
TOP3B,2,0.0018501244800266394
CEP112,2,0.040361875185636886
CENPN,2,0.0029601991680426234
CENPM,2,0.00164220799095377
CENPL,2,0.004625806675415249
CENPI,2,0.009620647296138525
CENPA,2,0.006188448230421624
CELSR2,2,0.004501969568064822
CELF3,2,0.008860040565460907
CELA2A,2,0.025202806805696223
TNNI1,2,0.011100746880159837
TNNI2,2,0.012572514769862875
CDX1,2,0.007531651188801779
TNNT3,2,0.022918842860234767
TNPO2,2,0.004440298752063934
CDK5RAP1,2,0.004625311200066598
TNR,2,0.11840796672170491
TNRC6C,2,0.1715853399785429
CDK17,2,0.011100746880159837
CDHR5,2,0.007400497920106558
CDH7,2,0.004440298752063934
CDH23,2,0.014800995840213115
TOMM34,2,0.035522390016511474
TOMM40L,2,0.003324273965516372
CDH10,2,0.03678047466292959
TOP3A,2,0.003700248960053279
CCDC28A,2,0.019682461069216648
TRAV12-2,2,0.009620647296138525
CCDC196,2,0.04009325936077817
TRAV22,2,0.005047199500902296
CC2D1A,2,0.006269866293423612
CBX3,2,0.0050929815547399995
TRIM10,2,0.008510572608122541
CBLN2,2,0.21183984492468488
TRIM2,2,0.07884757724284198
CBARP,2,0.002590174272037295
CAVIN4,2,0.002220149376031967
CAVIN3,2,0.008711002760125427
TRIM3,2,0.010012141607170011
CASC11,2,0.007400497920106558
TRIM40,2,0.015489653285556364
TRIM42,2,0.23135131063058945
CARD6,2,0.004650272442866654
CARD18,2,0.32138016195765323
CAPZA3,2,0.12762765625924963
TRIM49B,2,0.004697260485400968
TRIM54,2,0.00487199446407015
CAPN7,2,0.2242335454087958
CAPN5,2,0.022201493760319675
CAPN15,2,0.007400497920106558
CANT1,2,0.0051803485440745905
CAMSAP3,2,0.0030193968313724103
TRIM74,2,0.003700248960053279
CAMSAP1,2,0.017576182560253076
CAMLG,2,0.01252945411751374
TRHR,2,0.04635671897154747
CCAR1,2,0.003700248960053279
CCAT2,2,0.02886194188841558
TRBV28,2,0.004088421085122111
TRAV23DV6,2,0.003215154248884384
TRAV26-2,2,0.0033894249204430714
TRAV27,2,0.003700248960053279
TRAV5,2,0.003700248960053279
TRAV8-3,2,0.014883166550358344
TRAV8-6,2,0.007570709372269009
TRAV9-2,2,0.016136785714792348
TRBC2,2,0.003700248960053279
TRBV1,2,0.003700248960053279
TRBV13,2,0.004440298752063935
CCDC183,2,0.03491554918706274
TRBV3-1,2,0.003700248960053279
TRGJ2,2,0.005404714943743671
TRBV30,2,0.006651135761224889
TRBV4-1,2,0.007221731946410939
TRBV5-1,2,0.003700248960053279
TRBV6-1,2,0.004255286304061271
TRBV6-4,2,0.0086511269108127
TRBV6-5,2,0.004070273856058606
TRBV7-6,2,0.0038633118806918896
CCDC152,2,0.1119388864687596
TRDV2,2,0.003700248960053279
CCDC141,2,0.0034753700137101096
TRGJ1,2,0.0014800995840213117
CEP120,2,0.012025809120173156
CEP152,2,0.003700248960053279
COL16A1,2,0.004625311200066598
CLN3,2,0.007770522816111886
TIMM8B,2,0.014800995840213115
CLK2,2,0.03772198245387648
CLEC2A,2,0.02960199168042623
TINF2,2,0.019534851905443622
CLEC17A,2,0.0051803485440745905
CLEC12B,2,0.015086793211840619
CLDN16,2,0.004070273856058606
CLCC1,2,0.002590174272037295
CLASRP,2,0.002220149376031967
CKMT2-AS1,2,0.001742065850078169
CITED1,2,0.007009916085434267
TLN2,2,0.004070273856058606
CIPC,2,0.014800995840213115
CIMAP1A,2,0.029126085964405222
TLX3,2,0.021317978393952476
CHURC1,2,0.008325560160119878
CHTF18,2,0.004494109395342333
TM4SF5,2,0.04319181488038983
CHSY1,2,0.002220149376031967
TM7SF3,2,0.006004382158724868
TM9SF1,2,0.07400497920106557
CHROMR,2,0.0020145799893623406
CHRNG,2,0.007400497920106558
TMC5,2,0.25128250889497555
CHRNB4,2,0.02814431581926768
CLMB,2,0.020622958311860673
CLN6,2,0.0065070993877240696
CEP19,2,0.0041074074464455485
CLN8,2,0.0549392943505368
TFIP11,2,0.003700248960053279
COG4,2,0.01350590870419447
COA7,2,0.007400497920106558
CNTROB,2,0.0027751867200399593
CNTNAP4,2,0.03905771246612711
CNTNAP3,2,0.006660448128095901
CNRIP1,2,0.0032695168876949654
CNOT2,2,0.004625311200066598
THAP1,2,0.004625311200066598
THAP11,2,0.022201493760319675
CNOT11,2,0.007400497920106558
CNNM1,2,0.007400497920106558
CNN3,2,0.009632204627607676
THNSL2,2,0.0018501244800266394
THOC1,2,0.035041357651704554
CNDP1,2,0.04606809955266331
CMTM6,2,0.007400497920106558
CMTM5,2,0.015541045632223771
CMTM1,2,0.003700248960053279
THSD7B,2,0.25225756939681304
CLUH,2,0.011100746880159837
CLTB,2,0.003700248960053279
CLSTN3,2,0.011820239733503527
CLPTM1,2,0.007400497920106558
CLP1,2,0.03435893735270809
TMCC1,2,0.015074814263257059
CHRNA9,2,0.020306213899830422
CHRNA3,2,0.32324724443474917
CHPF,2,0.003700248960053279
TMEM45B,2,0.004396851277011367
TMEM50A,2,0.0027751867200399593
TMEM53,2,0.010360697088149181
CFAP58,2,0.004070273856058606
TMEM63B,2,0.002745339327302696
TMEM67,2,0.01888607665495648
TMEM71,2,0.0029601991680426234
CFAP53,2,0.04839068568405686
TMEM86A,2,0.005920398336085247
CFAP43,2,0.023901713660652035
TMF1,2,0.06731018975527883
TMIGD2,2,0.011100746880159837
CFAP221,2,0.007400497920106558
TMOD2,2,0.0015829040837383014
TMOD4,2,0.010535431066818363
CETN2,2,0.005344804053410291
TMPRSS5,2,0.03052705392043955
CEROX1,2,0.011142288612770558
CERNA3,2,0.013824541253532389
CERCAM,2,0.003700248960053279
CEPT1,2,0.003700248960053279
CEP83,2,0.007400497920106558
TNFAIP8L3,2,0.016404615962452247
CEP72,2,0.003700248960053279
CEP68,2,0.02716527159648146
TMEM43,2,0.025881185781705993
TMEM41A,2,0.007400497920106558
CFC1,2,0.003700248960053279
CGREF1,2,0.022014225296682476
CHID1,2,0.0047897667094023
TMEM121,2,0.05567791205413974
TMEM121B,2,0.03535957906226913
CHD8,2,0.0047897667094023
TMEM128,2,0.03138056665752104
TMEM132D,2,0.3170963579238964
TMEM140,2,0.007400497920106558
CHCHD7,2,0.005340189290681321
TMEM150A,2,0.047124397261013494
CHCHD10,2,0.004255286304061271
CGRRF1,2,0.003700248960053279
TMEM171,2,0.003700248960053279
TMEM273,2,0.011760775390171915
TMEM176A,2,0.009990672192143854
CGNL1,2,0.0051803485440745905
TMEM185B,2,0.020187195756523404
CGN,2,0.004070273856058606
TMEM205,2,0.002220149376031967
TMEM219,2,0.03462692976817858
TMEM230,2,0.2397215908014749
TMEM236,2,0.003700248960053279
TMEM239,2,0.005920398336085247
CFL2,2,0.02739109757162004
TMEM260,2,0.01554104563222377
CPSF2,2,0.007400497920106558
ZZZ3,2,0.0014800995840213117
NALT1,2,0.0047897667094023
MAST2,2,0.003700248960053279
PIANP,2,0.0051803485440745905
PDPR,2,0.11146687205278867
INTS8,2,0.003700248960053279
LEFTY1,2,0.01252945411751374
OLFM1,2,0.01342384076814611
POLRMT,2,0.007570709372269009
RAD17,2,0.0014800995840213117
RAD1,2,0.03856315979824778
MIGA1,2,0.0051803485440745905
LINC02218,2,0.05144937835780886
POM121C,2,0.5415725491811313
PSMD13,2,0.47640705360685964
POMGNT1,2,0.003700248960053279
IPO13,2,0.02737911332597005
PI4K2A,2,0.008325560160119878
PI16,2,0.004604754261399636
OLFML1,2,0.17225064618908753
MRNIP,2,0.02415647054764959
OLFML2B,2,0.027694425611277017
RAC3,2,0.017822865824256625
MYOCD,2,0.026703463328384493
MYO9A,2,0.003700248960053279
KIF6,2,0.005920398336085247
RABL2A,2,0.09250622400133196
RABGGTB,2,0.003700248960053279
MAST3,2,0.0014800995840213117
POLR3C,2,0.004440298752063935
MYO7B,2,0.014800995840213115
MAST1,2,0.006660448128095901
MARCHF7,2,0.03087487732268456
OFD1,2,0.0033302240640479507
INTS11,2,0.05550373440079918
POLR2I,2,0.6007093390100392
PARP15,2,0.020796967027961712
OGDHL,2,0.003700248960053279
KIFC1,2,0.011100746880159837
RAET1E,2,0.002220149376031967
INTS13,2,0.007400497920106558
OGFOD3,2,0.007400497920106558
PIDD1,2,0.003700248960053279
LDLRAD4,2,0.026240682694746015
MYT1,2,0.00487199446407015
LINC02363,2,0.011100746880159837
MIOX,2,0.025123251453055072
MIOS,2,0.004053423259589112
MARVELD1,2,0.004815862098975658
RAD54L,2,0.008510572608122541
LDOC1,2,0.007770522816111886
RAD54B,2,0.00795553526411455
INTS3,2,0.011624948816167385
RAD51D,2,0.01125759632218876
MARVELD3,2,0.01515046379755148
MYOZ3,2,0.002590174272037295
PIBF1,2,0.018686257248269056
PARN,2,0.008880597504127868
MYO5C,2,0.011130301374338068
MRFAP1,2,0.002220149376031967
IRX5,2,0.00795553526411455
MBOAT4,2,0.014800995840213115
PHIP,2,0.004604754261399636
OPN1MW2,2,0.003700248960053279
RAB3C,2,0.2768215952742724
MYMK,2,0.008140547712117212
MYLK4,2,0.004810323648069262
MICU2,2,0.0051803485440745905
RAB39A,2,0.004625311200066598
KIF20B,2,0.006706537980324754
RAB38,2,0.008140547712117212
LETR1,2,0.003700248960053279
LGALS12,2,0.0014800995840213117
ITGA10,2,0.003700248960053279
RAB33A,2,0.005543718451407754
ITGB1BP1,2,0.00487199446407015
PAPPA2,2,0.00962208628184521
LGI3,2,0.004625311200066598
MYL6,2,0.07591677449709311
PRDM6,2,0.25157910725798643
MRPL33,2,0.28140654580667573
PHF19,2,0.003700248960053279
LGI4,2,0.011100746880159837
MRPL34,2,0.003700248960053279
POTEF,2,0.003700248960053279
ITIH5,2,0.008880597504127868
LETMD1,2,0.016651120320239757
KIF25,2,0.011100746880159837
IPPK,2,0.051213608514062876
PRELID1,2,0.006873098223076144
MATN2,2,0.0029601991680426234
MIER3,2,0.0051803485440745905
IQCE,2,0.0041729728476592315
IQCJ,2,0.023869590258233438
IQSEC1,2,0.003700248960053279
POMZP3,2,0.003700248960053279
LENG1,2,0.02355114897406204
IQSEC2,2,0.017021145216245082
PARD6G,2,0.004103668216451512
MRPL10,2,0.005550373440079919
KIF3C,2,0.0032172953113953945
PHOSPHO1,2,0.03201111863287392
KIF3B,2,0.003700248960053279
RAB6B,2,0.00293964222937566
PARD6A,2,0.003700248960053279
LEO1,2,0.01950281066083438
MIEF1,2,0.002220149376031967
IRX2,2,0.1941201659238194
RAB43,2,0.003700248960053279
MICU3,2,0.04713147146721038
PHLDB2,2,0.28054899065975164
PHLDA3,2,0.017576182560253076
KIF26B,2,0.2431069320516228
IRX3,2,0.00420353044124986
POPDC3,2,0.060143114614530604
MIPEP,2,0.002220149376031967
N4BP2L1,2,0.002703082851404211
RBIS,2,0.004070273856058606
PBLD,2,0.06874754213698986
NAP1L5,2,0.003700248960053279
PAXIP1,2,0.023679791456353207
LINC03073,2,0.003783670691504165
LINC03051,2,0.17318811359829026
NUS1,2,0.011100746880159837
MANSC1,2,0.005754190097095833
PDIA5,2,0.008684703521418981
LINC03014,2,0.019515889158603125
RASL11A,2,0.28264302185963763
NVL,2,0.02294154355233033
IGKV3D-20,2,0.011100746880159837
LINC02977,2,0.015349381512595564
MORN3,2,0.003700248960053279
IGKV6-21,2,0.009475730551018916
NXF3,2,0.003700248960053279
IGLC1,2,0.011971909497300514
MAP10,2,0.004124711455543017
MAP1B,2,0.00545193821739061
IGLC3,2,0.011971909497300514
IGLC4,2,0.011971909497300514
IGLC5,2,0.011971909497300514
IGLC6,2,0.011971909497300514
PIGX,2,0.003700248960053279
NXPH4,2,0.011100746880159837
NAIF1,2,0.002109417603062728
NAPB,2,0.003700248960053279
MAN2C1,2,0.01191274595750486
MAP3K15,2,0.025531717824367625
RASSF6,2,0.004204680164908838
MAMDC2,2,0.024051618240346313
NCAPD3,2,0.002754629781372996
IGKV1D-42,2,0.003700248960053279
NUFIP2,2,0.006434321802759313
IGKV1D-43,2,0.007400497920106558
PDHA2,2,0.14287865233562583
RBBP9,2,0.004440298752063934
KLHL14,2,0.01261694564323834
MAMDC4,2,0.002522950726545144
RBBP7,2,0.46253112000665986
POFUT3,2,0.00636618260298212
NUMBL,2,0.002220149376031967
NBPF3,2,0.010053152699810603
MOGAT3,2,0.04549308420925127
MAN1B1,2,0.011655784224167829
PBX2,2,0.007833918496177286
NBPF15,2,0.009070033073486
MAN2B1,2,0.01628375978528172
NAXD,2,0.3003376240952783
RASSF9,2,0.006845460576098566
RASSF8,2,0.008325560160119878
NATD1,2,0.003927283096500918
NAT9,2,0.004051424606578714
NASP,2,0.007400497920106558
PRKAG3,2,0.017761195008255737
KLHDC3,2,0.023126556000332994
LINC02908,2,0.0026980297928849415
POLR2G,2,0.6007093390100392
PIGQ,2,0.004070273856058606
RANBP6,2,0.2970845258392271
INO80,2,0.008829205157460463
OBSL1,2,0.004255286304061271
POLR1E,2,0.005529816501412955
MIR10A,2,0.004070273856058606
PIGL,2,0.19094216563222774
OCEL1,2,0.009620647296138525
NAA60,2,0.03422730288049283
MAPK15,2,0.0018501244800266394
OCIAD2,2,0.0026721236336845664
NAA35,2,0.037099163618202806
PARPBP,2,0.010434085359190236
RALYL,2,0.2599561804312371
MAPK8IP3,2,0.003700248960053279
NAA16,2,0.006761138671622385
PARP6,2,0.007400497920106558
MARCHF11,2,0.02144444706034877
NAA15,2,0.012025809120173156
RALGAPB,2,0.00795553526411455
INSL6,2,0.0201829363455436
POLR2C,2,0.6007093390100392
POLR2D,2,0.6007093390100392
KIFC3,2,0.03265965832628741
N4BP2L2,2,0.031813843867228346
POLR2F,2,0.6007093390100392
RANBP9,2,0.011100746880159837
LDHD,2,0.008325560160119878
IGLV2-11,2,0.003700248960053279
MAP3K7CL,2,0.03533737756850881
LDB2,2,0.0021884509474196963
MOSPD2,2,0.01571721859659964
MOV10L1,2,0.002590174272037295
IGSF11,2,0.002590174272037295
PDILT,2,0.3623345556718355
IGSF9,2,0.014615983392210452
MIR125A,2,0.0318221410564582
MPC2,2,0.0056815267087751385
OAF,2,0.03026262152638808
LINC02798,2,0.007400497920106558
IL17REL,2,0.007400497920106558
PIGU,2,0.003700248960053279
POLL,2,0.02645678006438094
NAE1,2,0.0068403213414318246
PATE1,2,0.007400497920106558
MAP3K21,2,0.10462387054354631
NADK2,2,0.0029601991680426234
PSMB8-AS1,2,0.004983426079285823
ILRUN,2,0.009754267397473784
INCENP,2,0.004070273856058606
INHBC,2,0.030342041472436885
MPPED2,2,0.007400497920106558
POLR1B,2,0.0051803485440745905
POLR1D,2,0.01850124480026639
NAALAD2,2,0.0014800995840213117
RAB28,2,0.25157910725798643
OPRPN,2,0.002220149376031967
LINC01672,2,0.007770522816111886
MTLN,2,0.002220149376031967
KCNE3,2,0.005911823082621115
LINC00853,2,0.003700248960053279
KCNF1,2,0.006352094048091462
PPP1R14B,2,0.012609215039541556
MTHFSD,2,0.032542117680866074
PPP1R14C,2,0.0051803485440745905
PPP1R14D,2,0.0029601991680426234
MTHFS,2,0.007400497920106558
OTX1,2,0.007770522816111886
KCNG2,2,0.04990808166068092
PPP4R4,2,0.005304284604114394
OVCH2,2,0.007400497920106558
PPP4R3C,2,0.013690921152197132
PTRH1,2,0.002220149376031967
MTG1,2,0.002220149376031967
PPP4R3B,2,0.013690921152197132
PPP4R3A,2,0.013690921152197132
MEP1A,2,0.03168153159597618
KCNH5,2,0.003700248960053279
LINC00342,2,0.01595547351574974
KCNH8,2,0.16482073368653152
MEP1B,2,0.003700248960053279
PTER,2,0.0014800995840213117
PFKFB1,2,0.006668259764789347
MFSD8,2,0.013320896256191803
LINC00870,2,0.003700248960053279
MGAT5B,2,0.22125432865719652
MRPS35,2,0.2679285626941006
KCND3,2,0.004440298752063934
MTX1,2,0.002220149376031967
KAT14,2,0.008880597504127868
PWWP3B,2,0.012025809120173156
OSTF1,2,0.006639891189428939
MGME1,2,0.004070273856058606
OSTN,2,0.006526828026760645
OTOA,2,0.06781091453108389
MTURN,2,0.021546089309596908
LINC00926,2,0.002220149376031967
OTOG,2,0.11448142123876806
PWP1,2,0.06220239232910169
KBTBD11,2,0.002220149376031967
KIAA1217,2,0.2963385527255956
MRPS18C,2,0.019643665968046505
KBTBD4,2,0.0026255764829432164
PUS7,2,0.010077608982694511
MEI1,2,0.004995336096071927
PUS10,2,0.03439175838982853
PURG,2,0.16965321602009528
PELP1,2,0.008875458269461128
KCNA6,2,0.02201648131231701
KIAA0930,2,0.01689125920909142
PPP1R12B,2,0.004302158979326714
MTMR4,2,0.011100746880159837
LINC00877,2,0.010397188101818734
MFSD1,2,0.031503919645893615
PET117,2,0.008880597504127868
LINC01619,2,0.003288640429251138
PPP2R2A,2,0.01252945411751374
PACERR,2,0.016281095424234424
PTPN12,2,0.00518034854407459
KDSR,2,0.003700248960053279
KCNQ2,2,0.004070273856058606
PPP2R2B,2,0.003765683122498046
KCNQ4,2,0.29496385195473995
KCNRG,2,0.014595426453543487
LINC00486,2,0.003700248960053279
PTMS,2,0.003700248960053279
MT-TK,2,0.008711002760125427
MT-TH,2,0.002220149376031967
MSANTD3,2,0.28984792718644725
PABIR2,2,0.003700248960053279
MSTO1,2,0.008888409140821315
PAAF1,2,0.0015520257028133018
PTH2,2,0.003700248960053279
KDELR2,2,0.003700248960053279
P2RY8,2,0.008322728989836516
P3H2,2,0.29205794669619894
KCTD16,2,0.23307344700618263
MSL1,2,0.002248714647787105
KCTD7,2,0.0029649274356009915
P4HA3,2,0.003700248960053279
MSL2,2,0.003700248960053279
P4HTM,2,0.002220149376031967
KCNMB2,2,0.003700248960053279
PPP2R1B,2,0.011100746880159837
MRRF,2,0.008880597504127868
MT1DP,2,0.007256599349437819
KHDRBS2,2,0.007770522816111886
KCNJ1,2,0.033376245619680577
PEX1,2,0.013961540663866878
MTCH1,2,0.0045944757920661555
PTPRM,2,0.2859672701989036
OXSR1,2,0.03515236512050615
KCNJ6,2,0.02652872934971531
MTBP,2,0.004576916079515179
PPP1R3C,2,0.007947929196807773
KCNK10,2,0.2463140672656964
PTPRCAP,2,0.031792539064777775
PACSIN1,2,0.004440298752063934
PPP1R42,2,0.010112356683171456
PTPN7,2,0.30873092989755746
MTARC2,2,0.0029601991680426234
KHDC4,2,0.019683643779449877
PEX6,2,0.007400497920106558
KCNK6,2,0.019116680338333247
PEX10,2,0.004954222218738001
PACRGL,2,0.07954557799595639
PTPN21,2,0.26976999565993215
PTPN20,2,0.00966176117347245
MT1L,2,0.003700248960053279
MFRP,2,0.004625311200066598
PEX3,2,0.005188160180768036
OSR2,2,0.0051803485440745905
LINC00944,2,0.014800995840213115
PXK,2,0.007400497920106558
RAB11FIP2,2,0.026731602906930062
LINC01426,2,0.002220149376031967
RAB11B,2,0.01603739085239952
KIAA2012,2,0.18365101343610263
POU6F2,2,0.003700248960053279
PEAK3,2,0.017143353119280308
PPAN,2,0.004070273856058606
LHX8,2,0.0496116286107922
QTRT1,2,0.008572243424123428
QTMAN,2,0.13852847316999198
JADE3,2,0.0029601991680426234
PHAF1,2,0.015171020736218442
MRPL41,2,0.005899841397418284
LINC01278,2,0.008436567628921475
MEAF6,2,0.30967813467865707
MRPL42,2,0.0051803485440745905
PALS2,2,0.004070273856058606
MED13,2,0.002220149376031967
PALS1,2,0.004386439572756492
LIM2,2,0.007400497920106558
PALMD,2,0.004440298752063934
PALM3,2,0.002263657004079588
PALM2AKAP2,2,0.2738717560523824
PPBPP1,2,0.015813425069561023
OR56B4,2,0.05252907425403317
PPCDC,2,0.009661049711216143
LHX4,2,0.007586868001741595
LHX3,2,0.008325560160119878
PPME1,2,0.004604754261399636
PRDM12,2,0.004070273856058606
ITPKC,2,0.013907039194517334
MYH8,2,0.2797802345219537
KIF16B,2,0.22629047975810296
PRDM4,2,0.006660448128095901
POU2AF3,2,0.0029601991680426234
RAB22A,2,0.00963430507447124
ITPRIPL2,2,0.004214258175947897
LHFPL6,2,0.0031172061331437516
LINC01564,2,0.004440298752063934
RAB19,2,0.003700248960053279
MCRS1,2,0.0027751867200399593
POU3F1,2,0.00904505301346357
MICG,2,0.016651120320239757
MYH15,2,0.003700248960053279
LINC01518,2,0.021276431520306355
POU3F3,2,0.1498431008173488
OR2B11,2,0.003700248960053279
LHPP,2,0.004625311200066598
POU3F4,2,0.004625311200066598
RAB15,2,0.007400497920106558
PANK4,2,0.0051803485440745905
PHF1,2,0.007906001262370583
IZUMO1,2,0.002220149376031967
LINC01503,2,0.017291659099706615
LHX1,2,0.07400497920106557
PPCS,2,0.003700248960053279
MED19,2,0.007770522816111886
OR5M11,2,0.004440298752063934
PGM2,2,0.003700248960053279
PAK5,2,0.01406094604820246
PELATON,2,0.019159926811273667
MYCBP2,2,0.010076279255810935
MYBPC2,2,0.008325560160119878
PRADC1,2,0.003189523830867352
PYGM,2,0.009620647296138525
OSBPL11,2,0.007400497920106558
MXD4,2,0.020979753593152527
MRPS11,2,0.006660448128095901
JPX,2,0.007809336370802947
PPM1E,2,0.23201106995770926
MED8,2,0.009620647296138525
JRK,2,0.11338305009984004
PPM1F,2,0.004440298752063934
OSBPL9,2,0.0029601991680426234
MUCL1,2,0.016281095424234424
OSGEP,2,0.002220149376031967
PPM1H,2,0.003700248960053279
KIAA1614,2,0.020280531994987437
KANK4,2,0.007400497920106558
KANSL3,2,0.005612044256080804
OSGIN1,2,0.012400214731044981
LINC00963,2,0.007400497920106558
MTX3,2,0.00714829503123695
PPM1N,2,0.03105248927276712
PGBD5,2,0.032211430245515184
MYCNOS,2,0.003700248960053279
LIN7C,2,0.024639653166778575
ORAI3,2,0.008695585056125206
MED24,2,0.007400497920106558
QDPR,2,0.11284947961373501
MICAL2,2,0.0023601046479740226
MED27,2,0.2412116623365267
PPFIBP2,2,0.10462387054354631
JMJD8,2,0.002220149376031967
PALM,2,0.005067285381406296
LINC01152,2,0.004440298752063934
PPIE,2,0.023681593344340987
PEDS1,2,0.008510572608122541
MYH1,2,0.0051803485440745905
PEF1,2,0.005264015284449128
ORMDL2,2,0.003700248960053279
MYF6,2,0.002220149376031967
PGGT1B,2,0.004625311200066598
MED4,2,0.0019193028829322775
LINC01127,2,0.003700248960053279
MRPL49,2,0.016281095424234424
PEG13,2,0.013320896256191803
MYDGF,2,0.003700248960053279
MYCT1,2,0.005365360992077254
JPH3,2,0.18372769937514108
ORMDL1,2,0.003700248960053279
PGBP,2,0.007400497920106558
NCBP2AS2,2,0.13038780971217212
KCTD21,2,0.005762460415101397
IGKV1D-16,2,0.003700248960053279
LAMB4,2,0.003700248960053279
PLEKHB2,2,0.007400497920106558
LRIG2,2,0.006660448128095901
PLPP4,2,0.003787969684396251
RIN2,2,0.010102087886320452
PKD1L3,2,0.009065609952130533
NPRL3,2,0.01708281603224597
HMCES,2,0.016651120320239757
PLPP6,2,0.10489479665086528
KY,2,0.010300820826229042
NIPAL2,2,0.2659684837665039
HLCS,2,0.2265322047773325
PLAAT2,2,0.007400497920106558
RFPL4B,2,0.1941201659238194
KRT76,2,0.004440298752063934
RFPL4A,2,0.004625311200066598
PLPPR1,2,0.005504098363002573
RIOK2,2,0.004440298752063934
MMP23A,2,0.009620647296138525
NIPAL1,2,0.022201493760319675
LRIF1,2,0.0044863901719463
HSD17B1,2,0.003700248960053279
HSCB,2,0.003700248960053279
RFX2,2,0.0051803485440745905
PKD1P2,2,0.004255286304061271
PRSS50,2,0.004625311200066598
PCGF2,2,0.035737004456194564
RGMB,2,0.012580846464181148
PRSS48,2,0.0029601991680426234
HPCAL1,2,0.0051803485440745905
LRP12,2,0.3061277322931156
MACO1,2,0.00758142858213898
NOB1,2,0.003700248960053279
PKDCC,2,0.0016875340824501826
HMCN1,2,0.003700248960053279
RGL3,2,0.007162823623062053
HS3ST2,2,0.1852389769873817
PKD1P4,2,0.004255286304061271
IGKV1-9,2,0.0014800995840213117
NRAP,2,0.007400497920106558
NRARP,2,0.004255286304061271
RGL2,2,0.0014800995840213117
MKX,2,0.16519416134739695
PRSS8,2,0.005804436913779606
NRBF2,2,0.008510572608122541
HRURF,2,0.002590174272037295
PLAAT5,2,0.005036449973405851
PLRG1,2,0.004440298752063934
MIR503HG,2,0.016569423138417232
PLEKHA3,2,0.012621960341515073
LRATD2,2,0.0014800995840213117
NOL10,2,0.002220149376031967
NIM1K,2,0.002220149376031967
PIWIL3,2,0.032443158744218666
NIFK,2,0.10371825084673114
MAGEA2B,2,0.007400497920106558
NIBAN2,2,0.007400497920106558
NHSL2,2,0.00383154608267461
PCDHGA6,2,0.010360697088149181
HNRNPF,2,0.009476748725469787
HTATSF1,2,0.030342041472436885
HTD2,2,0.003700248960053279
HISLA,2,0.004204469477209203
L3MBTL4,2,0.06301539671688405
KLK14,2,0.003700248960053279
HTR2C,2,0.002220149376031967
PM20D1,2,0.003700248960053279
NRXN3,2,0.2311244728730369
KLK13,2,0.02867692944041291
MAGEA9,2,0.003700248960053279
NRK,2,0.003700248960053279
REPS1,2,0.003700248960053279
RFC5,2,0.0014800995840213117
MAGEA10,2,0.008880597504127868
KNSTRN,2,0.004440298752063935
HSD17B7,2,0.004697260485400968
LRFN5,2,0.1279952944294629
NOBOX,2,0.02027042381999878
HSF2BP,2,0.003700248960053279
MKS1,2,0.009579799639548373
REX1BD,2,0.00655657174555938
HSF5,2,0.0024958989288708716
LRFN3,2,0.01026079036622774
NOC3L,2,0.010360697088149181
KMT5C,2,0.016826945090782572
LUZP2,2,0.2404907880433225
MAGEA2,2,0.007400497920106558
RETREG2,2,0.004070273856058606
L3HYPDH,2,0.008880597504127868
HSPA12B,2,0.10137649008070562
HSPA4L,2,0.0028294135835658873
HSPA7,2,0.007379940981439595
KRT75,2,0.00966176117347245
LRCH4,2,0.003700248960053279
HPCA,2,0.002220149376031967
HP1BP3,2,0.0014800995840213117
HOXD9,2,0.002220149376031967
LYPLAL1,2,0.002754629781372996
MLX,2,0.003700248960053279
HOXA-AS3,2,0.003700248960053279
HOXA11,2,0.01554104563222377
KRT82,2,0.004810323648069262
NLGN4X,2,0.0023169804335700446
NKX3-1,2,0.03383715049027364
PLA2G2C,2,0.26969575784836947
NMNAT3,2,0.042893285944937604
HMSD,2,0.062458585561161045
HMHB1,2,0.006660448128095901
KRT27,2,0.003700248960053279
KRT24,2,0.28874049135929813
NR2E1,2,0.003700248960053279
PRR33,2,0.053068301899575454
MLLT10,2,0.21887232267847115
HOXA3,2,0.0029579902876453847
NKX2-2,2,0.009620647296138525
HMGXB4,2,0.00518034854407459
HOXA4,2,0.003700248960053279
PRSS21,2,0.005242019360075478
HNF4G,2,0.004440298752063934
NLRP13,2,0.012025809120173156
PLA2G12A,2,0.004070273856058606
PRR5L,2,0.0075230729048482575
LRRC4B,2,0.003700248960053279
LRRC4C,2,0.17194157560907172
PROSER1,2,0.0886665180110013
PCNAP1,2,0.01575689348822688
HNRNPAB,2,0.03478234022450082
HNRNPR,2,0.005974463084779357
LRRC53,2,0.10884685735645235
PROS2P,2,0.002754629781372996
PLEKHO2,2,0.0029601991680426234
NME6,2,0.004440298752063934
NLRP8,2,0.023768960333675572
MLXIP,2,0.0060402799686853454
HNRNPUL1,2,0.004234729365394308
PRRC1,2,0.020650025559109712
PRRC2C,2,0.003700248960053279
PRR4,2,0.007400497920106558
PLEKHH2,2,0.021553235725053466
LYPD8,2,0.012634911212875258
NME2P1,2,0.034996954664183906
NME1-NME2,2,0.034996954664183906
HOXA7,2,0.013115326869522175
MMD2,2,0.003700248960053279
MACIR,2,0.003916509620670167
NMS,2,0.01831623235226373
RGS14,2,0.03478234022450082
HOXC9,2,0.003700248960053279
NMRK2,2,0.007770522816111886
PRPF19,2,0.00865447117879128
PCGF5,2,0.013267812512820247
HOXD3,2,0.007400497920106558
HOXD4,2,0.003700248960053279
NIT2,2,0.008325560160119878
HMGB4,2,0.011100746880159837
LRR1,2,0.007400497920106558
LYZL6,2,0.003700248960053279
M1AP,2,0.042158460964891564
NIT1,2,0.0073608230284793194
RILPL2,2,0.003700248960053279
NPSR1-AS1,2,0.011655784224167829
MAB21L2,2,0.00523624741386022
PRSS30P,2,0.00756495342944226
PRR16,2,0.27796090086901154
HOXD8,2,0.003700248960053279
KRT77,2,0.004440298752063934
HMGN5,2,0.04014770121657807
RGS18,2,0.003815161906583321
NPW,2,0.009250622400133196
LRRC26,2,0.0029601991680426234
KRTCAP2,2,0.003700248960053279
LRRC27,2,0.25509856619444227
HOXB1,2,0.00943563484813586
HOXB6,2,0.1296854176786499
NR2F1-AS1,2,0.014800995840213115
RGS9BP,2,0.020351369280293036
RGS7BP,2,0.2077826360412532
NKD2,2,0.003700248960053279
LYSET,2,0.007770522816111886
PKP4,2,0.019866644065164276
PCID2,2,0.007400497920106558
HOXB9,2,0.017576182560253072
MMGT1,2,0.004419741813396972
LYSMD2,2,0.009839594895562867
LYPD1,2,0.14504549878651418
LYG2,2,0.004779488240068818
PKP1,2,0.04101355947323054
PKNOX2,2,0.2536151112201358
HOXC10,2,0.007400497920106558
NPVF,2,0.1792405243192751
PLEKHA2,2,0.0023578906426425963
MAGEA4,2,0.003700248960053279
HTR6,2,0.007400497920106558
MMRN2,2,0.007400497920106558
PLCXD2,2,0.0056821562463661756
RBPMS,2,0.011100746880159837
MIR23AHG,2,0.006805862007133045
PCDH17,2,0.19674641121485759
MAIP1,2,0.0078963312807537
NPIPA1,2,0.004440298752063934
IGKJ1,2,0.0014800995840213117
MIS18BP1,2,0.16686107149596907
NET1,2,0.14918168735004267
IFITM4P,2,0.004810323648069262
IFT81,2,0.031673103251122714
LMAN2L,2,0.03550183307784451
PRKCQ-AS1,2,0.0038059788229651793
IGDCC4,2,0.01375259196819802
LRRTM4,2,0.33964398691421505
RBM26,2,0.03835968460579649
LSM7,2,0.007770522816111886
PIP4K2B,2,0.0051803485440745905
NPIPA2,2,0.004440298752063934
NPIPA5,2,0.004440298752063934
NCOA5,2,0.0448141262939786
NPIPB11,2,0.004440298752063934
MISO1,2,0.01905628214427439
IGHV3-23,2,0.005272652497543422
RCE1,2,0.00487199446407015
RCC2,2,0.01114186075749376
PIP5K1A,2,0.01406094604820246
NCKAP5L,2,0.004888922730690956
IFNA21,2,0.004512248037398303
IFRD2,2,0.004440298752063934
LINS1,2,0.12631505191098893
MMP24,2,0.003700248960053279
PSMA8,2,0.05550373440079918
NT5C1B,2,0.02498463478562716
PCDH7,2,0.003700248960053279
IGKJ2,2,0.005404714943743671
NEU4,2,0.00849001566945558
LMCD1,2,0.003700248960053279
NPIPB5,2,0.001608345790402718
PNPLA4,2,0.003416131414748361
RBMY1A1,2,0.005326919516770033
NTAQ1,2,0.004474934861868115
NEDD1,2,0.008325560160119878
PLCXD3,2,0.009311764469639687
PNRC2,2,0.023681593344340987
HES4,2,0.04166693844863458
NECAB2,2,0.307699871236612
NOP14,2,0.016214285373566797
POC1A,2,0.002220149376031967
IGHJ4,2,0.003700248960053279
HGH1,2,0.004625311200066598
NECAB1,2,0.039013574910321744
MAILR,2,0.027945545254303636
NOP16,2,0.0027751867200399593
MAGOHB,2,0.0014800995840213117
KLHL2P1,2,0.003700248960053279
NUBPL,2,0.009620647296138525
IGHMBP2,2,0.020556066407652833
LSM5,2,0.20120855361590373
NUBP1,2,0.003700248960053279
MAGOH,2,0.008695585056125206
MIR222,2,0.005920398336085247
NOP58,2,0.007770522816111886
PLCZ1,2,0.17457791115524654
PCCB,2,0.003700248960053279
RNA5SP141,2,0.007770522816111886
RBMXL1,2,0.03718750204853545
PRR11,2,0.010989739411358238
PRKCI,2,0.08243392188385903
NPHP3-ACAD11,2,0.03456772578481773
KLHL36,2,0.0014800995840213117
NEK5,2,0.011100746880159837
NUDCD1,2,0.003700248960053279
NUDC,2,0.004810323648069262
LIPM,2,0.010430064650075368
LCE3E,2,0.0028692846150977338
NPHP1,2,0.007400497920106558
LIPK,2,0.015232691552219332
MNX1,2,0.005036449973405851
PRPS1L1,2,0.022550784262724135
NPFFR2,2,0.007400497920106558
LMNB2,2,0.004625311200066598
MIR30B,2,0.06861906127032136
MAGEC1,2,0.011100746880159837
LNCHR1,2,0.010360697088149181
NSMCE1,2,0.023480677088323604
NOTUM,2,0.03534477806642892
LNCATV,2,0.005964663180211206
LCMT1,2,0.003700248960053279
LAPTM4A,2,0.06272043043885703
NSMCE2,2,0.024728089014940592
ICMT,2,0.007215485472103895
IDH3G,2,0.003700248960053279
PCDHB16,2,0.0021047440819880526
PITPNB,2,0.020216525040477256
KLHL7,2,0.00518034854407459
RDUR,2,0.015335476245554144
RDM1,2,0.004440298752063934
NSMCE4A,2,0.003700248960053279
LTO1,2,0.007770522816111886
RDH5,2,0.003700248960053279
NSMF,2,0.012580846464181148
LCN10,2,0.03083540800044399
LUC7L2,2,0.00703047302410123
RDH16,2,0.004124679597784882
ICE1,2,0.15071449083990812
PRKAR1B-AS1,2,0.02587420944310715
HTR7,2,0.010360697088149181
HTRA4,2,0.009742554870370002
PMFBP1,2,0.002754629781372996
PMM1,2,0.007400497920106558
HERC1,2,0.005735385888082583
PITPNM3,2,0.0027751867200399593
IGKV1-6,2,0.003700248960053279
LONP2,2,0.010257090117267685
KLK11,2,0.002166290196724525
MALRD1,2,0.25730664484637533
LRRN1,2,0.30642413215930403
PDCD11,2,0.012580846464181148
NFU1,2,0.004640728904066821
PITPNM1,2,0.0031735801914056956
NFKB1-AS1,2,0.005167657208393406
PITPNC1,2,0.001961081653842284
RCL1,2,0.004255286304061271
LNCAROD,2,0.011100746880159837
HIF1AN,2,0.06395333831294019
IFI27L1,2,0.003700248960053279
IER5L,2,0.02736160700899802
LMO4,2,0.03328003914671919
NCKAP5,2,0.25225756939681304
MISP,2,0.0051803485440745905
PDCD2,2,0.01890885967912291
LMO3,2,0.024421643136351638
LTK,2,0.018633048385671695
IFFO2,2,0.32495275187689415
NOL4,2,0.2754197666043609
LTAP1,2,0.007770522816111886
HIBADH,2,0.0014800995840213117
RMND1,2,0.019198534087003817
HEPACAM2,2,0.003700248960053279
LRRTM2,2,0.03105248927276712
PNMT,2,0.0029601991680426234
NOL12,2,0.003700248960053279
NOL6,2,0.014657097269544379
RD3,2,0.010545709536151847
KRT73,2,0.008165356693832384
NCK2,2,0.003700248960053279
PSG1,2,0.002590174272037295
NPM3,2,0.003700248960053279
NSUN3,2,0.011995179281559378
LCLAT1,2,0.011470771776165165
LMO1,2,0.004070273856058606
HINT2,2,0.0051803485440745905
LMTK2,2,0.003847709988674534
PNLIPRP3,2,0.003700248960053279
RCN3,2,0.03256219084846885
LMOD2,2,0.020517352488564514
MALINC1,2,0.0029531202453262407
CCDC13-AS2,1,0.006695541791381968
TTC23,1,0.002220149376031967
TRBV12-3,1,0.004712119780622419
MGRN1,1,0.031977551512780436
TRBV11-1,1,0.001435560043140897
TTC27,1,0.03301022281219663
CCDC14,1,0.003700248960053279
TSPYL1,1,0.008525373603962754
TTC24,1,0.006460167216874928
TRBV10-3,1,0.00474943599160728
TTC29,1,0.01877741342921591
TSPY6P,1,0.004440298752063934
CCDC124,1,0.004070273856058606
CCDC127,1,0.00212229742569045
METTL2B,1,0.007770522816111886
CCDC167,1,0.002251536036789378
PDCD7,1,0.0029601991680426234
MIR8485,1,0.003700248960053279
PDCD4-AS1,1,0.007427817956399124
TRBV24-1,1,0.006523546957015363
TRBV7-2,1,0.0014800995840213117
TSR1,1,0.0014800995840213117
TRBV26,1,0.003700248960053279
TRBV27,1,0.0014800995840213117
TTBK2,1,0.002918174057427835
TTBK1,1,0.0014800995840213117
MIR6891,1,0.003700248960053279
TRBV6-6,1,0.00527098808355867
TSSK1A,1,0.003700248960053279
TRBV14,1,0.004070273856058606
TSSK1B,1,0.004255286304061271
MGAT4D,1,0.02098709384022938
MIR7-3HG,1,0.002220149376031967
TSSK3,1,0.06263050586452731
MGAT4B,1,0.0031140868915102314
MGAT3-AS1,1,0.02103755989299625
TSSK4,1,0.007770522816111886
C2orf69,1,0.0014800995840213117
TRBV5-6,1,0.0066248888753068025
PERCC1,1,0.00896796449346246
TRBV23-1,1,0.004588803323683858
CCDC18-AS1,1,0.0018298727230849049
TRBV21-1,1,0.003700248960053279
TRD-AS1,1,0.005601533181707293
TRBV15,1,0.003700248960053279
CCDC148,1,0.2429516193157273
C2orf76,1,0.0029780121338599044
TTC21B,1,0.005344804053410291
TRDV3,1,0.003700248960053279
MGC16275,1,0.0014582337547702077
TRDN,1,0.002590174272037295
CCDC187,1,0.002463810519001241
TRBV17,1,0.003700248960053279
CCDC15,1,0.002281809710971907
TTC21A,1,0.002220149376031967
TRDJ3,1,0.0014800995840213117
TTC19,1,0.007400497920106558
TSPYL6,1,0.06691151440136932
MIR92A1,1,0.003700248960053279
TRBV19,1,0.013261402809544123
TTC16,1,0.006589990070010051
TSSK6,1,0.002220149376031967
CCDC18,1,0.003700248960053279
TTC14,1,0.003700248960053279
TRBV20OR9-2,1,0.00487199446407015
TSPY4,1,0.003700248960053279
CATIP-AS1,1,0.008760034200125753
CCDC122,1,0.06480039041955792
TSPY1,1,0.003700248960053279
CABYR,1,0.003700248960053279
CAPN8,1,0.002220149376031967
MIR100,1,0.003700248960053279
MIR107,1,0.06068408294487377
CACFD1,1,0.0029601991680426234
MIR31,1,0.003700248960053279
MIR122HG,1,0.014800995840213115
CAPN13,1,0.026206837184645174
MIR29B2CHG,1,0.008943437870733668
MIR29A,1,0.007400497920106558
MIR124-1,1,0.0051803485440745905
CAND2,1,0.0011023816896043755
CACNB2-AS1,1,0.0025929748068070505
MIR26B,1,0.0014800995840213117
CACNG1,1,0.09250622400133196
CAMTA2,1,0.003700248960053279
CAMTA1,1,0.0014800995840213117
CAPNS2,1,0.004945962299747776
MIR3142HG,1,0.029245599842496257
MIR1-1,1,0.007400497920106558
MIR3609,1,0.007400497920106558
TSEN54,1,0.003700248960053279
MIR3945,1,0.007400497920106558
MIGA2,1,0.003700248960053279
TSC22D4,1,0.02435997232035075
MIR3939,1,0.0015340768614058582
MIR3667HG,1,0.006799673720290538
TRIM49D2,1,0.020622958311860673
MIR33A,1,0.003700248960053279
MIR31HG,1,0.0014800995840213117
CAB39L,1,0.0014800995840213117
TSBP1,1,0.0014800995840213117
CABLES1,1,0.003700248960053279
TRIM51,1,0.0014800995840213117
TRUB2,1,0.003700248960053279
MIR337,1,0.02960199168042623
CAPRIN2,1,0.0014800995840213117
MIR1245A,1,0.0022813955481143077
CAMSAP2,1,0.005753232926976758
CACNG3,1,0.09250622400133196
TRMT11,1,0.001340089037140622
MIR148A,1,0.03134110869165127
MIR152,1,0.0014800995840213117
MIR210HG,1,0.0051115201292304
CALHM5,1,0.019176725627097158
PDHX,1,0.012765858912183809
MIR18A,1,0.003700248960053279
CADM3,1,0.003700248960053279
MIR20B,1,0.016281095424234424
MIR22,1,0.003700248960053279
CADPS2,1,0.17988539638471784
TRMT112,1,0.0014800995840213117
TRMT13,1,0.007754663250011193
TRMT5,1,0.0014800995840213117
MIR20A,1,0.003700248960053279
MIR19B1,1,0.003700248960053279
MIR19A,1,0.003700248960053279
MIR144,1,0.05074336411369063
CACNG8,1,0.09250622400133196
TRIM77,1,0.02309830466440057
CAMK2N1,1,0.002220149376031967
MIR130B,1,0.0014800995840213117
TRPM3,1,0.0027193470716197596
TRIML1,1,0.11097530569981529
TRPM2-AS,1,0.0035220751216113143
CACNG4,1,0.09250622400133196
TRPM1,1,0.0029601991680426234
CAMK2N2,1,0.007400497920106558
TRPC7,1,0.0014800995840213117
CACNG7,1,0.09250622400133196
TRIOBP,1,0.0014800995840213117
MIR140,1,0.003700248960053279
METTL24,1,0.27358552363453925
MIR221,1,0.003700248960053279
TRPC4AP,1,0.002220149376031967
CALR3,1,0.006845460576098566
MIR141,1,0.0014800995840213117
C9orf78,1,0.002220149376031967
C9orf43,1,0.022582543754301743
CARD8-AS1,1,0.0017823689151472049
PEBP4,1,0.003700248960053279
TSPAN6,1,0.008325560160119878
C3orf52,1,0.00443990212807519
CC2D1B,1,0.003700248960053279
PECR,1,0.014377878067621235
CBX6,1,0.008325560160119878
C4orf17,1,0.31533326503728953
C4orf33,1,0.13642041486132592
MICAL3,1,0.010521992977562563
C3orf49,1,0.01923498720136014
PEARL1,1,0.003700248960053279
CBLN4,1,0.003700248960053279
C5orf24,1,0.002220149376031967
MIR656,1,0.005920398336085247
TRIM15,1,0.003162931857946843
MICALL1,1,0.008089155365449806
TRIM16L,1,0.002220149376031967
CC2D2A,1,0.0014800995840213117
C3orf38,1,0.0018434274868890793
MIR616,1,0.004884811820145378
TSPO2,1,0.0033302240640479507
CCDC12,1,0.007400497920106558
CCDC116,1,0.04195460817445319
TRG-AS1,1,0.0036571899375395333
CCDC110,1,0.025383382163557282
MIR6750,1,0.005760791092465932
TRGC2,1,0.004255286304061271
TSPOAP1,1,0.0014800995840213117
C3orf18,1,0.004440298752063934
C3orf22,1,0.003221068056394255
MGST3,1,0.0014800995840213117
TSPEAR-AS1,1,0.013463406744480695
TRGJP,1,0.0014800995840213117
MIATNB,1,0.003515236512050615
TRGV3,1,0.004202827527945054
TRGV4,1,0.003700248960053279
TSPEAR,1,0.00951853706481306
MICC,1,0.003091352436737845
C5orf47,1,0.03398735650306763
TSGA10,1,0.0029601991680426234
C8orf34,1,0.002019059445633898
CASKIN2,1,0.003700248960053279
CASKIN1,1,0.0014800995840213117
MIR4660,1,0.003700248960053279
MIR451A,1,0.056834179471325
MIR449A,1,0.0051803485440745905
TSHZ2,1,0.0014800995840213117
MID1IP1,1,0.001368485923532121
CARNS1,1,0.0014800995840213117
PDZD2,1,0.023518077542549146
CARMN,1,0.007400497920106558
MIER1,1,0.002590174272037295
MIER2,1,0.003700248960053279
C8orf48,1,0.10657220507581999
TRIM43,1,0.010710165045487545
CARHSP1,1,0.040751847005265976
MIR4432HG,1,0.004859175900106701
C6orf62,1,0.020622958311860673
CASQ2,1,0.3003376240952783
MICD,1,0.010360697088149181
MIR608,1,0.002220149376031967
PDZPH1P,1,0.034175499395052086
TSPAN19,1,0.03804531250648347
C5orf63,1,0.18345646449498734
TSPAN16-AS1,1,0.0017413740524636736
C5orf67,1,0.004816815299917972
CATSPERE,1,0.21339991967242233
CATSPER1,1,0.011500404676232808
CATIP,1,0.014919257880157561
PDZD4,1,0.003700248960053279
C6orf118,1,0.14877878291105678
MIR605,1,0.003700248960053279
MICOS13,1,0.008305003221452913
TSPAN11,1,0.003700248960053279
CASTOR1,1,0.002590174272037295
MIR5684,1,0.001528884461266274
MIR520H,1,0.002220149376031967
RNASEK-C17orf49,1,0.002220149376031967
CDH4-AS2,1,0.0034701021922227374
TRBJ2-3,1,0.0014800995840213117
TMEM163,1,0.08604905069055192
MAGEB5,1,0.009250622400133196
TMEM167A,1,0.0037787645467393135
TMEM169,1,0.019107441965392578
TMEM17,1,0.07768143368536647
TMEM170B,1,0.006792683641673484
TMEM175,1,0.003700248960053279
MAGEC3,1,0.012765858912183813
TMEM178A,1,0.03394608395952878
TMEM18,1,0.04756596446995464
TMEM184B,1,0.0028692846150977338
PIP4P2,1,0.0035575256628726896
TMEM187,1,0.04440298752063935
TMEM19,1,0.002271192336521919
TMEM190,1,0.0029601991680426234
TMEM191B,1,0.0022378611900052666
PIP4P1,1,0.006660448128095901
CGGBP1,1,0.002220149376031967
MAGED1,1,0.012536443476660507
CGB1,1,0.0014800995840213117
TMEM207,1,0.01853790909318651
TMEM208,1,0.009241782916506402
TMEM209,1,0.0020048204939724728
TMEM212,1,0.06409263345803135
PIRAT1,1,0.007585510368109221
CHAC2,1,0.002220149376031967
MAGED4B,1,0.002220149376031967
TMEM160,1,0.0051803485440745905
TMEM109,1,0.007652114849390182
TMEM114,1,0.1297752816011728
TMEM117,1,0.02275029700284861
CHERP,1,0.009235821404292983
TMEM120B,1,0.0032921482703036397
MAGEA8,1,0.011100746880159837
PITX1-AS1,1,0.003700248960053279
CHD9,1,0.0014800995840213117
TMEM126B,1,0.009139614931331598
MAGEB1,1,0.0014800995840213117
TMEM130,1,0.010360697088149181
TMEM131,1,0.002220149376031967
TMEM131L,1,0.0021772010814802276
PITPNM2,1,0.0014800995840213117
TMEM132E,1,0.0014800995840213117
TMEM145,1,0.0014800995840213117
CHCHD4,1,0.0020199633833074175
TMEM14B,1,0.003700248960053279
TMEM14C,1,0.01948438329570382
TMEM150B,1,0.03097108379564594
CHCHD3,1,0.05677826459815087
MAGEB4,1,0.0014800995840213117
CHAMP1,1,0.0014800995840213117
TMEM218,1,0.003407707723930401
TMEM229A,1,0.003700248960053279
TMEM106C,1,0.0013789038647908942
TMEM51,1,0.005535429860024194
CFAP58-DT,1,0.00703047302410123
TMEM63A,1,0.003700248960053279
MAN2B2,1,0.0014800995840213117
TMEM63C,1,0.002220149376031967
CFAP57,1,0.002220149376031967
TMEM65,1,0.003700248960053279
CFAP54,1,0.0029601991680426234
MANEAL,1,0.001564880146412583
PIK3CD-AS1,1,0.017483965512930803
TMEM74,1,0.0029601991680426234
CFAP46,1,0.0029601991680426234
TMEM86B,1,0.005550373440079919
TMEM87B,1,0.11182250116524915
TMEM8B,1,0.006230230360973061
CFAP45,1,0.0014800995840213117
MAP1LC3B2,1,0.003700248960053279
CFAP36,1,0.019141623393893005
TMLHE,1,0.0014800995840213117
MAP3K14-AS1,1,0.005210521894094052
CFAP206,1,0.0014800995840213117
CFAP20,1,0.0014800995840213117
TMPPE,1,0.01984456267212688
CFAP144P1,1,0.019375465056684523
CFAP68,1,0.0014800995840213117
MAN1A2,1,0.031067290268607325
MAGI3,1,0.043969778240955694
TMEM47,1,0.001438329076969762
TMEM231,1,0.03000489821465637
MAGIX,1,0.032917414748633966
TMEM243,1,0.057138876235712704
TMEM244,1,0.013320896256191803
TMEM248,1,0.03057145690796019
TMEM250,1,0.002243968478582101
TMEM255A,1,0.0021374405461183263
TMEM259,1,0.004440298752063934
TMEM26,1,0.0017980752055502143
TMEM263,1,0.002300058442499229
TMEM266,1,0.024762726710442415
TMEM272,1,0.0024350126752236277
MAL-AS1,1,0.007400497920106558
TMEM30CP,1,0.0033302240640479507
TMEM35A,1,0.003700248960053279
CFAP99,1,0.2708698665526291
CFAP97D2,1,0.022022138979023925
CFAP97,1,0.003700248960053279
CFAP96,1,0.02903151115130741
CFAP69,1,0.019885805900772796
TMEM42,1,0.023397170577916862
TMEM44-AS1,1,0.0011855628032373842
TMEM45A,1,0.004255286304061271
TMEM108,1,0.3019197319902977
MAGEA12,1,0.006660448128095901
TRBJ1-6,1,0.0036322639155347888
TIMM17A,1,0.018829394784571445
TIMM21,1,0.05954325721735858
TIMM22,1,0.03332542749540343
TIMM29,1,0.002220149376031967
TIMM50,1,0.003700248960053279
CLK3,1,0.0031735801914056956
LUZP4,1,0.002220149376031967
CLGN,1,0.002127001552473768
CLECL1,1,0.0014800995840213117
LY6G6D,1,0.007400497920106558
LY75-CD302,1,0.032776805288151946
CLEC18B,1,0.3353275191255787
LYG1,1,0.002220149376031967
PLA2G4F,1,0.004625311200066598
CLDND1,1,0.0027946602383639545
CLDN24,1,0.0014800995840213117
CLDN23,1,0.004604588874038094
CLDN22,1,0.009620647296138525
CLDN20,1,0.003700248960053279
CLDN17,1,0.002220149376031967
PLA2G4D,1,0.002220149376031967
CLDN12,1,0.0027751867200399593
CLCP2,1,0.003700248960053279
CLCP1,1,0.003700248960053279
TIMM17B,1,0.002220149376031967
PLAC9,1,0.004255286304061271
TLCD2,1,0.008140547712117212
LUZP1,1,0.003700248960053279
CMTM8,1,0.0016040697448327956
THRAP3,1,0.0029601991680426234
PLCH1,1,0.01855726529026692
LSM10,1,0.03681747715253012
LSM3,1,0.007614452653176968
THSD4,1,0.001816969513271404
PLCD3,1,0.003700248960053279
THUMPD2,1,0.0014800995840213117
THUMPD3,1,0.2633084388776583
LSM6,1,0.019037338125845602
CLXN,1,0.004885100008923179
CLVS2,1,0.0014800995840213117
CLVS1,1,0.008880597504127868
TIAM2,1,0.0036058989419441175
LSMEM1,1,0.021514929973688444
PLBD2,1,0.0027751867200399593
TICRR,1,0.003700248960053279
CLRN2,1,0.10952651047621312
CLNS1A,1,0.004625311200066598
TIGD1,1,0.03973355830655899
TIGD2,1,0.0014800995840213117
TIGD3,1,0.022351788914937682
LUADT1,1,0.03626243980852213
TLCD1,1,0.03790699490187915
TLCD3A,1,0.003700248960053279
TMEM102,1,0.0024354150834871866
CHST6,1,0.02011916510600997
LZTS2,1,0.003700248960053279
CHST13,1,0.007569886162831826
CHST12,1,0.0035676559031973614
PKIB,1,0.003700248960053279
TMBIM7P,1,0.003700248960053279
TMC1,1,0.2644899581299527
TMC2,1,0.003700248960053279
TMC3,1,0.16314157187297929
MACROD1,1,0.05513370950479385
MAD2L2,1,0.004625311200066598
CHRNB1,1,0.002220149376031967
TMCC3,1,0.002853161174289152
CHRNA6,1,0.0014800995840213117
CHRNA2,1,0.03478234022450082
CHRNA1,1,0.002220149376031967
PKD1L2,1,0.0014800995840213117
TMED6,1,0.03363337877389316
CHRDL2,1,0.003700248960053279
CHRD,1,0.0014800995840213117
PKD1L1,1,0.0051803485440745905
MAEL,1,0.003700248960053279
MAFA-AS1,1,0.006758147309135733
TMEM100,1,0.0014800995840213117
CHST5,1,0.028123181421486954
LYSMD3,1,0.005983703785016235
CLCN7,1,0.015726058080226434
TM4SF4,1,0.003700248960053279
CLCN4,1,0.003567323057693426
TLCD5,1,0.019488467643513904
PLA2G4B,1,0.003700248960053279
TLE2,1,0.031316608759674805
CLCA3P,1,0.008829205157460463
LYPD5,1,0.0014800995840213117
LYPD6,1,0.025313480956183132
CKAP2L,1,0.003700248960053279
TLK2,1,0.002590174272037295
TLL2,1,0.002590174272037295
CISD3,1,0.007400497920106558
LYRM7,1,0.003700248960053279
CIROZ,1,0.0026196435824639825
CIROP,1,0.003700248960053279
PLA2G12B,1,0.0018501244800266394
CIMIP6,1,0.04453888792896409
CIMIP1,1,0.02118034014594796
CILP,1,0.011100746880159837
LYRM9,1,0.31558140812044205
CIBAR1,1,0.3104578081416849
CIB3,1,0.010928962018683753
LYSMD1,1,0.001524907420171358
TM4SF18,1,0.05746114134061485
CFAP126,1,0.0023132480486432287
TMPRSS11E,1,0.00432723558939564
CFAP107,1,0.0020300042912808195
PGAP6,1,0.002590174272037295
TPTE2,1,0.06169141188414137
TPTEP1,1,0.004255286304061271
TPTEP2-CSNK1E,1,0.002220149376031967
CCNB3,1,0.0014800995840213117
CCNB1IP1,1,0.0017418297156568635
MED9,1,0.006660448128095901
MEDAG,1,0.026676941844472665
CCM2L,1,0.003204085558282919
MEF2D,1,0.002220149376031967
PGAM2,1,0.004825741352069485
CCDC93,1,0.003700248960053279
CCDC92B,1,0.0498700549321031
TRAF3IP1,1,0.0014800995840213117
CCDC85B,1,0.0018501244800266394
CCDC85A,1,0.2730041705522517
CCDC83,1,0.002220149376031967
CCDC77,1,0.019373595878273968
CCDC74A,1,0.02081150410254976
CCDC73,1,0.02726036260199316
CCDC71L,1,0.004016194387252457
CCDC7,1,0.003700248960053279
TRAJ18,1,0.0014800995840213117
TRAJ20,1,0.0014800995840213117
TPTE,1,0.003700248960053279
PGBD1,1,0.003700248960053279
TRAJ49,1,0.003700248960053279
CCNJL,1,0.0014800995840213117
MED12L,1,0.0014800995840213117
CDC14B,1,0.007281495371810205
PGRMC2,1,0.008829205157460463
MED17,1,0.003700248960053279
CD46P1,1,0.0033302240640479507
CD44-AS1,1,0.0025411418893084366
CD300LG,1,0.002220149376031967
PGM5,1,0.003700248960053279
MED21,1,0.002205390845005943
MED26,1,0.0014800995840213117
CCT8L2,1,0.28343925877973114
MED29,1,0.003700248960053279
PGLS,1,0.0014800995840213117
PGK2,1,0.003700248960053279
CCSER2,1,0.0018443248692709448
CCSER1,1,0.025313480956183132
CCSAP,1,0.0014800995840213117
CCNYL1,1,0.003700248960053279
TPRG1,1,0.003700248960053279
TPRG1L,1,0.0014800995840213117
TPRKB,1,0.002220149376031967
MED7,1,0.0014800995840213117
CCNQ,1,0.0014800995840213117
TRAJ37,1,0.003700248960053279
PFPLP,1,0.004625311200066598
CFAP100,1,0.1839915347348613
TRAV17,1,0.0017120120760551107
TRAV20,1,0.0051803485440745905
METTL15,1,0.0014800995840213117
METTL17,1,0.0014800995840213117
TRAV24,1,0.0015758539562531683
TRAV25,1,0.002394037821699675
TRAV26-1,1,0.003700248960053279
METTL18,1,0.3099328281569475
CCDC195,1,0.01898003733134085
TRAV30,1,0.0029601991680426234
TRAV36DV7,1,0.003040637607399854
TRAV38-2DV8,1,0.003584186075419962
TRAV4,1,0.005736130316392847
TRAV41,1,0.010312164306954355
PEX26,1,0.0014800995840213117
TRAV6,1,0.008887701643569857
TRAV8-1,1,0.003700248960053279
METTL21EP,1,0.04508742286995481
METTL22,1,0.03577373416969739
PEX16,1,0.0014800995840213117
CCDC192,1,0.01953199772096743
PEX14,1,0.009767218268833967
TRBD1,1,0.003700248960053279
TRBJ1-3,1,0.005871145650624752
TRAV19,1,0.003700248960053279
TRAV16,1,0.0037309377902120925
TRAJ9,1,0.003700248960053279
CCDC201,1,0.039520874475200835
CCDC68,1,0.021532637544383147
TRAK2,1,0.003700248960053279
CCDC66,1,0.0265656154530321
TRAM1L1,1,0.19651132481157585
TRAM2,1,0.042552863040612704
CCDC63,1,0.05494395902586226
CCDC59,1,0.006025458499978118
TRAPPC11,1,0.002590174272037295
CCDC57,1,0.002754629781372996
MEOX1,1,0.004995336096071927
CCDC51,1,0.007770522816111886
TRAPPC2L,1,0.004440298752063935
TRAPPC3L,1,0.021838628666752073
TRAPPC4,1,0.003700248960053279
MEPCE,1,0.004171638330031911
MEPE,1,0.002220149376031967
MESP1,1,0.003700248960053279
PFDN5,1,0.003700248960053279
CCDC25,1,0.007400497920106558
TRAV12-1,1,0.002136126762604438
PFDN2,1,0.0014800995840213117
TRAV12-3,1,0.001612670002165964
METAP1D,1,0.001135982182562715
CDC16,1,0.0014800995840213117
PHACTR2,1,0.003700248960053279
CDC27,1,0.016587792363264697
CEP295,1,0.005666214539085426
MARCHF9,1,0.002745339327302696
CEP164,1,0.05254592994253191
PIERCE2,1,0.0019332923615886606
CEP128,1,0.05889067134484685
CEP126,1,0.003962802178045969
MARK4,1,0.15226704476359837
CEP104,1,0.005920398336085247
MATCAP1,1,0.004440298752063934
CENPB,1,0.02701469537980231
MATCAP2,1,0.0014800995840213117
CEND1,1,0.0029601991680426234
CENATAC-AS1,1,0.002328185721346308
CELF5,1,0.002220149376031967
MATN1-AS1,1,0.0018213596416517285
CELF1,1,0.014800995840213115
PHYKPL,1,0.006241623377589283
PHYHIPL,1,0.0031696002996289413
CEBPZOS,1,0.015567910873845514
CEBPA-DT,1,0.002220149376031967
CEACAM21,1,0.0033128033054623906
CEACAM16,1,0.002220149376031967
MAU2,1,0.0018501244800266394
PHOX2A,1,0.003700248960053279
CEP192,1,0.0014800995840213117
CEP63,1,0.010545709536151844
MEA1,1,0.003700248960053279
PIGB,1,0.019426307040279714
CETN3,1,0.002943529028542577
TMPRSS3,1,0.003700248960053279
PIGV,1,0.014800995840213115
CES5A,1,0.0014800995840213117
CES4A,1,0.0014800995840213117
CERS5,1,0.003700248960053279
TMT1A,1,0.006091658393269507
TMTC1,1,0.0022181375329168203
TMTC2,1,0.008968725982885492
TMTC3,1,0.1071384944548107
MAP3K4-AS1,1,0.00826007412784499
TMX3,1,0.037795495984842435
TMX4,1,0.2730041705522517
CERNA1,1,0.002396263158815841
PIGO,1,0.004625311200066598
CEP97,1,0.0014800995840213117
CEP85L,1,0.0026645220070385216
CEP85,1,0.0018990368723118076
MAPK8IP2,1,0.005550373440079919
MAPKAPK5-AS1,1,0.004440298752063934
TNFRSF10A-DT,1,0.002225795675952393
CEP76,1,0.00510154648340289
PIGBOS1,1,0.0014800995840213117
CDY2A,1,0.0029601991680426234
TNNC1,1,0.002220149376031967
PHOSPHO2,1,0.002220149376031967
CDY1B,1,0.0029601991680426234
MCM3AP-AS1,1,0.0029601991680426234
TOMM5,1,0.01646610787223709
CDH19,1,0.018169781098270776
MCM9,1,0.0023359754541708703
CDH13-AS2,1,0.0022213213146507027
CDH12,1,0.2782022068393939
MCRIP1,1,0.03137071068333169
CDCP2,1,0.31362672168985284
PHF10,1,0.007400497920106558
TOPBP1,1,0.051803485440745894
TOPORS,1,0.0014800995840213117
PHETA1,1,0.04813398518234036
TOR1AIP2,1,0.04527530011231858
TOR1B,1,0.002220149376031967
MCUR1,1,0.001299118284192575
MDFI,1,0.002220149376031967
TOX-DT,1,0.0020752009395220445
CDC50CP,1,0.0033302240640479507
CDC42SE2,1,0.0014800995840213117
MDH1B,1,0.003700248960053279
CDC42EP2,1,0.0014800995840213117
MDS2,1,0.003496338178150482
CDC40,1,0.2577576737371823
CDH20,1,0.028751018599910815
MCHR2,1,0.01917201770896939
CDH26,1,0.009250622400133196
TNRC6B,1,0.001019165783925604
CDY10P,1,0.004440298752063934
MBD5,1,0.0014800995840213117
MBD6,1,0.0014800995840213117
PHLDB3,1,0.009910789755177073
CDNF,1,0.0029601991680426234
CDKL3,1,0.019319286320606168
MBOAT1,1,0.003700248960053279
PHKG2,1,0.002590174272037295
CDK3,1,0.0014800995840213117
CDK2AP1,1,0.006290423232090574
PHGR1,1,0.003700248960053279
MIR941-1,1,0.003700248960053279
MBTD1,1,0.026630168273803774
CDK10,1,0.003700248960053279
MCF2L2,1,0.0027751867200399593
CDHR1,1,0.021459633445709465
CDH9,1,0.002220149376031967
PHF24,1,0.012305429825076398
TOGARAM1,1,0.0016169254316653761
TOGARAM2,1,0.004320305341659716
PHF23,1,0.006660448128095901
PHF21B,1,0.003700248960053279
C2orf49-DT,1,0.003430855146808125
MRM2,1,0.05581920870885636
TTC34,1,0.2569096732568577
YTHDF3-DT,1,0.003575556578566869
ZBTB41,1,0.001921888438044109
ZBTB43,1,0.0014800995840213117
ZBTB44,1,0.0014016511588883095
AJAP1,1,0.0024908389137395744
AIRIM,1,0.008436567628921475
ZBTB5,1,0.0024616619007928964
AIF1L,1,0.0014800995840213117
NAIPP2,1,0.008880597504127868
ZBTB8OS,1,0.004070273856058606
NXPH2,1,0.003700248960053279
NALF1,1,0.2347618830323796
AHCTF1,1,0.007400497920106558
NXPE4,1,0.003700248960053279
NAMA,1,0.002220149376031967
NWD1,1,0.017576182560253072
NUTM1,1,0.002220149376031967
NANOGP8,1,0.002220149376031967
ZC3H4,1,0.0014800995840213117
ZC3H6,1,0.0010814595211688217
ZC3H7A,1,0.0014800995840213117
ZC3H8,1,0.03362046205104409
NANOS1,1,0.007400497920106558
ZC3HAV1L,1,0.002328185721346308
ZC3HC1,1,0.03112320514178147
NANOS2,1,0.003700248960053279
NAP1L2,1,0.00432156703495029
ZCCHC24,1,0.00564280821928575
AJM1,1,0.003700248960053279
NYAP2,1,0.02165781873833441
ZBTB37,1,0.0018244518595571964
ZBED6,1,0.07836305019846165
ALDH3B2,1,0.003700248960053279
NAA80,1,0.002220149376031967
AKR7A3,1,0.0019617932155324975
YY2,1,0.0014800995840213117
AKR1E2,1,0.0205549442027491
ZAN,1,0.004255286304061271
OBSCN-AS1,1,0.0029270465433383452
ZAR1,1,0.011143903865479641
ZBBX,1,0.16997167108876826
ZBED2,1,0.002220149376031967
NAALADL1,1,0.0014800995840213117
OAZ2,1,0.01894170676787303
NACA4P,1,0.002220149376031967
ZBTB33,1,0.0051803485440745905
AKAP8,1,0.0051803485440745905
AKAP5,1,0.004419741813396972
AKAP3,1,0.028557966655664128
AKAP17A,1,0.002220149376031967
AKAP11,1,0.003700248960053279
AKAP10,1,0.022201493760319675
OARD1,1,0.0014800995840213117
AKAIN1,1,0.2520313050745251
ZBTB21,1,0.002529027021057239
AK9,1,0.002220149376031967
NAGPA,1,0.0027751867200399593
AK1,1,0.004070273856058606
NAPEPLD,1,0.0014800995840213117
ZCCHC4,1,0.004440298752063934
ZCCHC7,1,0.003700248960053279
NEK3,1,0.002220149376031967
NDST3,1,0.003700248960053279
ADGRB2,1,0.003700248960053279
NUBP2,1,0.002220149376031967
ZFPL1,1,0.004440298752063934
NDUFAF7,1,0.0014800995840213117
NDUFAF8,1,0.0014800995840213117
NTSR2,1,0.007770522816111886
ZFX,1,0.012025809120173156
ZFY,1,0.002276643798149637
NECAP1,1,0.003700248960053279
ZFYVE19,1,0.007400497920106558
ZFYVE26,1,0.15839961511801293
NTNG1,1,0.007400497920106558
ADGRF2P,1,0.003700248960053279
ZG16B,1,0.016281095424234424
ADAT1,1,0.03273777213900592
NTN5,1,0.11005215211702496
ZGRF1,1,0.0014800995840213117
NEK8,1,0.007400497920106558
NEMF,1,0.007400497920106558
NEMP2,1,0.024599305930733586
ZIM2,1,0.2740698779363002
ZKSCAN1,1,0.007400497920106558
ADAMTS6,1,0.0027250073432900992
ZMAT1,1,0.0040594683030401695
ADAMTS20,1,0.003700248960053279
ZFP37,1,0.004114055514848037
NUDT10,1,0.003700248960053279
ZCCHC9,1,0.0015420844367629101
AFAP1L1,1,0.002220149376031967
NAT16,1,0.04522520171987516
AFTPH,1,0.019994011481061814
NBPF14,1,0.002220149376031967
ZDHHC14,1,0.004070273856058606
ZDHHC15,1,0.003700248960053279
AFG3L1P,1,0.003700248960053279
NBPF4,1,0.0281583732539512
NBPF8,1,0.01047724439025183
AFAP1L2,1,0.005980111295142987
ZDHHC21,1,0.044063798032634466
ZDHHC22,1,0.004255286304061271
NUGGC,1,0.007400497920106558
NUDT6,1,0.002220149376031967
ZFP14,1,0.038343829848552106
ZDHHC8,1,0.012025809120173156
NUDT3,1,0.006660448128095901
NUDT19,1,0.004058978259067379
ZEB1-AS1,1,0.0012164146023839403
ADPGK,1,0.16083449844469477
ADM5,1,0.0014800995840213117
ZFAND4,1,0.0051803485440745905
ADISSP,1,0.002474758721274016
ZFC3H1,1,0.0014800995840213117
ADIG,1,0.007400497920106558
ADGRV1,1,0.015171020736218442
NCLN,1,0.002220149376031967
ALG11,1,0.007770522816111886
ALG12,1,0.010106407756838852
WDR5B,1,0.003700248960053279
NAA30,1,0.0014800995840213117
OPN5,1,0.003700248960053279
ANKRD31,1,0.002220149376031967
ANKRD30BL,1,0.07049724370749032
ANKRD30A,1,0.007770522816111886
OPN4,1,0.004419741813396972
ANKRD26P1,1,0.003700248960053279
ANKRD26,1,0.2665146918836325
ANKRD23,1,0.0014800995840213117
MYMX,1,0.003700248960053279
ANKRD12,1,0.005723964763478916
MYNN,1,0.003700248960053279
MYO15B,1,0.0029601991680426234
OPALIN,1,0.003700248960053279
WNT9A,1,0.008695585056125206
WNT9B,1,0.007400497920106558
MYO18B,1,0.0014800995840213117
ANKRA2,1,0.0014800995840213117
WRNIP1,1,0.0027751867200399593
OOSP3,1,0.05607827463103931
WSB2,1,0.0021326487596289656
WSCD1,1,0.003700248960053279
OOSP2,1,0.0014800995840213117
OOSP1,1,0.03306934178245619
WTIP,1,0.03886650488818818
MYO1A,1,0.003700248960053279
ANKHD1,1,0.0014800995840213117
ANKFY1,1,0.003700248960053279
ANKRD34C,1,0.007400497920106558
ANKRD35,1,0.003700248960053279
ANKRD36B,1,0.0027751867200399593
WDR93,1,0.0014800995840213117
OR4F17,1,0.019981344384287707
OR4D1,1,0.0014800995840213117
OR2H2,1,0.0014800995840213117
WDR72,1,0.2761576013482756
OR2D2,1,0.004810323648069262
WDR76,1,0.0014800995840213117
OR1D5,1,0.018587806231907263
OR13H1,1,0.0020145799893623406
WDR83,1,0.0029601991680426234
OR13G1,1,0.007400497920106558
WDR88,1,0.002220149376031967
OR13D1,1,0.02700547614068101
WDSUB1,1,0.0075285123583725385
ANKRD36C,1,0.003700248960053279
OR10H1,1,0.0014800995840213117
OR10B1P,1,0.008212496997451585
ANKRD60,1,0.1093216727831388
MYH3,1,0.0014800995840213117
WFDC3,1,0.003054290429181193
MYL1,1,0.002220149376031967
OPTC,1,0.006180032471448984
ANKRD50,1,0.0014800995840213117
ANKRD49,1,0.003700248960053279
WIPF2,1,0.009497305664136748
MYL11,1,0.015356033184221109
ANKRD42,1,0.002220149376031967
WWP1-AS1,1,0.0018776644054731347
ANKFN1,1,0.0029601991680426234
ANKEF1,1,0.0071442682505301535
YEATS4,1,0.006290423232090574
AMDHD1,1,0.010607380352152732
MYPOP,1,0.0019265196701370498
AMANZI,1,0.0021575520146519564
XRRA1,1,0.014800995840213115
XXYLT1,1,0.0886247840541001
OGFR,1,0.0014800995840213117
ALS2CL,1,0.011045863133286685
MZT1,1,0.001262600758650946
ALPG,1,0.002220149376031967
MZT2B,1,0.0014800995840213117
Metazoa_SRP,1,0.005162965236049982
YDJC,1,0.03942014009475343
ODR4,1,0.02395150052336037
AMER1,1,0.002220149376031967
ODF1,1,0.021325852101239422
ODCP,1,0.002847136005374328
YJEFN3,1,0.0014800995840213117
ODAM,1,0.0014800995840213117
ODAD4,1,0.0014800995840213117
NAA11,1,0.32442241247795306
ALKAL1,1,0.012025809120173156
YPEL3-DT,1,0.010197759581485721
ALG9,1,0.0014800995840213117
YRDC,1,0.002220149376031967
ALG8,1,0.0047897667094023
ALG14,1,0.0029944042254566516
AMDHD2,1,0.003700248960053279
OIP5-AS1,1,0.002220149376031967
WWTR1-AS1,1,0.002240908538102049
XKR8,1,0.007400497920106558
MYO1D,1,0.003700248960053279
ANKAR,1,0.023449689528832956
XAGE1A,1,0.002590174272037295
XAGE1B,1,0.002220149376031967
XAGE3,1,0.003700248960053279
ANGPTL7,1,0.0159110705282291
MYO1E,1,0.004625311200066598
ANAPC13,1,0.003700248960053279
XG,1,0.003700248960053279
ANAPC11,1,0.0014800995840213117
ANAPC10,1,0.002751145069747087
XKR4,1,0.186170963678767
XKR9,1,0.022053741327283827
AMN1,1,0.0014800995840213117
XKRX,1,0.002727033049565237
AMZ1,1,0.32185783353306147
AMY2B,1,0.0018501244800266394
MYOM3,1,0.0014800995840213117
OLFM2,1,0.054208647264780536
XPNPEP3,1,0.0016442225209078495
AMOTL2,1,0.01722671460291471
MYOSLID,1,0.003700248960053279
OLA1,1,0.003700248960053279
MYOSLID-AS1,1,0.003918127002099529
XPOT,1,0.0014800995840213117
AMN1-AS1,1,0.0036356061989098946
ADAMTS17,1,0.245292801114654
ZMIZ1-AS1,1,0.011817817864916449
NEPNP,1,0.003700248960053279
ADAMTS10,1,0.004070273856058606
NME3,1,0.002220149376031967
ZNF610,1,0.003700248960053279
ZNF611,1,0.010257090117267685
NME5,1,0.0029601991680426234
ZNF619,1,0.020024471094142994
ZNF620,1,0.06578217775815313
ZNF621,1,0.04441915850537695
ZNF623,1,0.0017463821889256792
ACADS,1,0.011100746880159837
ACAD9,1,0.003700248960053279
ACAD8,1,0.0018501244800266394
ZNF644,1,0.010360697088149181
ACAD11,1,0.009620647296138525
ZNF654,1,0.0027751867200399593
ZNF655,1,0.003700248960053279
ZNF66,1,0.010182827862234074
NME9,1,0.020355027576729124
ZNF667,1,0.0043297622832592485
ZNF667-AS1,1,0.0017965284272534493
ZNF668,1,0.0029649274356009915
ZNF671,1,0.0014800995840213117
NPY2R,1,0.011655784224167829
ABRAXAS1,1,0.036346063917268516
ZNF677,1,0.003456354939711856
ABLIM2,1,0.003700248960053279
NMRAL1,1,0.009322571685467565
ZNF688,1,0.019647839915116688
ZNF597,1,0.003700248960053279
NLGN4Y,1,0.002220149376031967
ZNF581,1,0.003700248960053279
ZNF541,1,0.11589267850774168
NKAIN1,1,0.06275624257389116
NKAIN2,1,0.00795553526411455
NKAIN4,1,0.004895885852398985
NKAPL,1,0.0029601991680426234
ZNF507,1,0.1792777755562713
ZNF512B,1,0.014116449782603256
ACAP3,1,0.011100746880159837
ZNF518B,1,0.07339856699771516
ZNF519,1,0.00559446770733972
ZNF521,1,0.014800995840213115
ZNF527,1,0.003700248960053279
ZNF532,1,0.007142476588066327
ZNF549,1,0.007400497920106558
ZNF580,1,0.003700248960053279
ZNF550,1,0.009406033221180905
NKX1-1,1,0.2572469414132499
ZNF554,1,0.002220149376031967
ZNF559,1,0.0014800995840213117
ZNF568,1,0.0018470581095928894
ACAP2,1,0.0021089488123083684
ZNF57,1,0.0021756660637063125
ZNF572,1,0.0014800995840213117
NKX2-8,1,0.2479424690307307
ZNF577,1,0.0037030552622404588
ZNF578,1,0.003912128760980057
ZNF579,1,0.003700248960053279
ZNF692,1,0.003700248960053279
ZNF699,1,0.0040722381223370656
ZNF7,1,0.0016216618205044358
NOP10,1,0.003700248960053279
ZNHIT1,1,0.038757769983039536
ZNHIT2,1,0.010561332809538736
NPIPB8,1,0.00444446331195751
NPIPB7,1,0.003700248960053279
ZNRF4,1,0.007400497920106558
NOL8,1,0.003700248960053279
ABCA8,1,0.003700248960053279
ZPLD1,1,0.23499730026369858
ABCA6,1,0.007400497920106558
NOL9,1,0.0014800995840213117
NPHP4,1,0.007400497920106558
ZRANB3,1,0.002220149376031967
ABCA10,1,0.002220149376031967
NPLP1,1,0.005920398336085247
NPFFR1,1,0.02495720397214966
ZSCAN2,1,0.0051803485440745905
NPEPL1,1,0.02773039480664079
AASDH,1,0.00896796449346246
NOP56,1,0.002220149376031967
AAMDC,1,0.04523152329228726
AACS,1,0.004625311200066598
NOS1AP,1,0.0029601991680426234
NPBWR2,1,0.002220149376031967
NOS2P3,1,0.019981344384287707
A3GALT2,1,0.006631816740301693
A2M-AS1,1,0.007400497920106558
ZNF93,1,0.007400497920106558
ZNF880,1,0.0013773932908413152
ZNF707,1,0.046223334720411666
ZNF792,1,0.0014800995840213117
ZNF71,1,0.0014800995840213117
ABHD4,1,0.03756348352540697
ZNF718,1,0.0014800995840213117
ZNF736,1,0.005268739593121511
ZNF738,1,0.003051704075125284
ABHD3,1,0.06709420867114925
ABHD17C,1,0.007232827362682761
ABHD17A,1,0.0112857593281625
ZNF770,1,0.01011508801202637
NPRL2,1,0.002220149376031967
ZNF785,1,0.027215620866853144
ZNF791,1,0.003700248960053279
ABHD14A,1,0.008436567628921475
ZNF875,1,0.0017185130260016985
NOC4L,1,0.003700248960053279
ZNF804B,1,0.17075559017827424
ZNF813,1,0.01955780092942408
ZNF821,1,0.0013454775074140059
ZNF823,1,0.0014800995840213117
ABHD11,1,0.011100746880159837
NOL11,1,0.0014800995840213117
ZNF831,1,0.0028993105700700155
ZNF836,1,0.001950481288710907
ZNF84,1,0.003700248960053279
ZNF843,1,0.0018174093475453782
NPM2,1,0.02953479433060066
ZNF492,1,0.0014800995840213117
ZNF486,1,0.003700248960053279
ZNF485,1,0.026607556177456592
ZNF239,1,0.01944869246428336
NSUN5P1,1,0.034671332755699225
NEUROD6,1,0.007400497920106558
NSUN4,1,0.027860903710442208
ZNF202,1,0.008880597504127868
ZNF205,1,0.0051803485440745905
ACY3,1,0.003700248960053279
ZNF219,1,0.003700248960053279
ZNF226,1,0.06222355980968614
ZNF227,1,0.0022150448416150105
ZNF23,1,0.007400497920106558
ZNF230,1,0.007570709372269009
ZNF232,1,0.002722746157714877
NFE4,1,0.001596522591615228
ZNF189,1,0.003941887654602036
ZNF25,1,0.0019657561307933904
ACTR5,1,0.012950871360186477
ZNF260,1,0.0012153260508516968
NFXL1,1,0.022098084690328968
NFYC-AS1,1,0.002543818774576299
ACTR3B,1,0.004255286304061271
NSDHL,1,0.003700248960053279
NHLH2,1,0.007400497920106558
ACTR1B,1,0.003700248960053279
ZNF280B,1,0.026964806347299686
ZNF280C,1,0.0012327329429184404
NHLRC1,1,0.003700248960053279
ZNF19,1,0.15099784505382707
ADAD1,1,0.022126650312896796
ACTL7B,1,0.13023518771097975
ADAM32,1,0.0014800995840213117
ZMYM3,1,0.002220149376031967
ZMYM4,1,0.002220149376031967
ZMYM5,1,0.002220149376031967
NETO1,1,0.03960728124473428
NETO2,1,0.002220149376031967
ADAM33,1,0.004234729365394308
NT5DC1,1,0.002463740343718725
NEURL1B,1,0.08196041865738053
ZNF106,1,0.04771471033988703
ZNF112,1,0.0014800995840213117
ZNF131,1,0.002220149376031967
ZNF132,1,0.002220149376031967
NEURL2,1,0.003700248960053279
ZNF184,1,0.003045757847257089
ZNF140,1,0.005320857069585548
NEURL4,1,0.030578857405880292
NEUROD2,1,0.003700248960053279
ADAM2,1,0.004070273856058606
ZNF154,1,0.0061156383283333445
ZNF16,1,0.005550373440079919
ZNF160,1,0.005931950956773323
NEUROD4,1,0.01850124480026639
ADAM1A,1,0.0027751867200399593
NSUN5P2,1,0.034671332755699225
ZNF180,1,0.0014800995840213117
ZNF181,1,0.0028692846150977338
NSA2,1,0.002220149376031967
ZNF286A,1,0.003987461996719446
ZNF484,1,0.0014800995840213117
ZNF440,1,0.004440298752063934
NIPBL,1,0.004882272933403631
ZNF396,1,0.022426988411178926
NIPSNAP1,1,0.002220149376031967
ZNF404,1,0.0036772246318628942
ZNF408,1,0.011100746880159837
NRBP2,1,0.0014800995840213117
ACIN1,1,0.004255286304061271
NRBP1,1,0.005326919516770033
ZNF419,1,0.003700248960053279
ZNF428,1,0.031118195211865735
NIPSNAP3B,1,0.0014800995840213117
ACER1,1,0.03222916844206406
ZNF445,1,0.036771690728614026
NRG2,1,0.0047897667094023
NRAD1,1,0.003700248960053279
ZNF460,1,0.0014800995840213117
ZNF461,1,0.0014800995840213117
ZNF462,1,0.003051071993017357
ACCSL,1,0.03470504106261251
ZNF468,1,0.0014800995840213117
NR6A1,1,0.0051803485440745905
ZNF470,1,0.003700248960053279
ZNF471,1,0.002220149376031967
ZNF475,1,0.021325852101239422
ZNF479,1,0.002220149376031967
ZNF480,1,0.0014800995840213117
NIPAL4,1,0.03137071068333169
ACOT4,1,0.00966176117347245
ACTL7A,1,0.2038330786011481
ACSM2A,1,0.002220149376031967
NHP2,1,0.0027751867200399593
ZNF30,1,0.002421508970854137
NHSL1-AS1,1,0.0014800995840213117
ZNF302,1,0.002345506074546873
ACTL10,1,0.0029601991680426234
ZNF311,1,0.003700248960053279
NICOL1,1,0.003049312794094718
ZNF329,1,0.001996759875474671
ZNF330,1,0.0014800995840213117
ZNF334,1,0.003700248960053279
ZNF337,1,0.008555667495728378
ZNF33B,1,0.03591221099316224
ACSM1,1,0.010895177493490211
ACOT9,1,0.004255286304061271
ZNF343,1,0.02333182101295544
ZNF345,1,0.005570224897918126
NRIP3,1,0.006595991279458575
NRIP2,1,0.021868984896071603
ACRV1,1,0.0027751867200399593
ZNF354A,1,0.03439751433265528
NINJ2-AS1,1,0.007305822772250593
ACRBP,1,0.002129291695843568
ACP7,1,0.004070273856058606
NIP7P1,1,0.003700248960053279
NIPA2,1,0.0014800995840213117
ZNF367,1,0.002355020627966499
WDR6,1,0.011100746880159837
WDR59,1,0.03312462869039695
TTC38,1,0.006050870394273718
UBE2G1,1,0.007400497920106558
UBQLN2,1,0.002220149376031967
MOSPD1,1,0.0051803485440745905
BIVM-ERCC5,1,0.031030287779006797
BIVM,1,0.031030287779006797
BIRC8,1,0.0014800995840213117
BICRAL,1,0.003700248960053279
UBR5-DT,1,0.0020696730096066485
MPND,1,0.01291549253154814
PATL2,1,0.006004248902712696
MPP2,1,0.00896796449346246
PASD1,1,0.007400497920106558
UBXN2A,1,0.0067165164288858865
BHLHE23,1,0.002220149376031967
UBXN7,1,0.004440298752063934
BGLT3,1,0.002220149376031967
PARVA,1,0.003700248960053279
BEX5,1,0.0024486512263917647
MPZL2,1,0.002763263574126801
UCKL1,1,0.0014800995840213117
PARP8,1,0.00718581317796942
BEST2,1,0.0027751867200399593
BEND7,1,0.004440298752063934
PARP4,1,0.003700248960053279
BEGAIN,1,0.0015146929480982687
BEAN1,1,0.02701399771954094
BDNF-AS,1,0.012025809120173156
MRM1,1,0.003700248960053279
BLID,1,0.04241693208583252
BLOC1S2,1,0.002590174272037295
UBOX5,1,0.03493775068082306
MOB4,1,0.012424202591538891
UBE2H,1,0.008325560160119878
BOP1,1,0.003700248960053279
PCBD2,1,0.003700248960053279
MOB2,1,0.005920398336085247
BOLA2B,1,0.003700248960053279
BOLA2,1,0.004625311200066598
PCAT6,1,0.011840796672170494
PCAT4,1,0.003700248960053279
BOD1L1,1,0.02378835267678228
BOD1,1,0.007400497920106558
MOB3C,1,0.002220149376031967
UBE2Q2,1,0.002590174272037295
MOCS2,1,0.002220149376031967
UBN2,1,0.0015042109707988586
PBX4,1,0.008704588808866914
UBE2W,1,0.011270958332322287
MON1A,1,0.011100746880159837
MON1B,1,0.01721396930094119
PBOV1,1,0.003700248960053279
UBE3C,1,0.004995336096071927
BMAL2,1,0.0051803485440745905
MORC4,1,0.01266228025351987
BLZF1,1,0.004070273856058606
PAX8-AS1,1,0.002794660942648431
BLTP2,1,0.0014800995840213117
MORN1,1,0.1385823871124652
BCRP4,1,0.003700248960053279
UFSP2,1,0.03186742698166431
BCRP3,1,0.0014800995840213117
UNC93A,1,0.002590174272037295
BAZ2A,1,0.003700248960053279
MRPL35,1,0.001830246716807763
BASP1-AS1,1,0.012878723809030374
BARX2,1,0.0014800995840213117
PANX3,1,0.003700248960053279
BARHL2,1,0.005550373440079919
UNC45B,1,0.002220149376031967
MRPL36,1,0.02622571997064396
BARHL1,1,0.0014800995840213117
PANK3,1,0.03343544960304142
MRPL37,1,0.0014800995840213117
UNC5D,1,0.0014800995840213117
MRPL39,1,0.02400659166226621
MRPL32,1,0.003700248960053279
UNCX,1,0.003700248960053279
MRPL4,1,0.0014800995840213117
UNK,1,0.003700248960053279
PAN3,1,0.009600090357471561
PAN2,1,0.00980565974414119
BACC1,1,0.002220149376031967
BAALC,1,0.0014800995840213117
B4GALT4,1,0.004255286304061271
B4GALT3,1,0.003700248960053279
B4GALNT3,1,0.0029601991680426234
UQCC1,1,0.00795553526411455
UQCC2,1,0.13479136246781834
BAZ2B-AS1,1,0.0024587669250802635
BBS1,1,0.004255286304061271
BCRP2,1,0.007400497920106558
PAQR9,1,0.044012405685967045
CMYA5,1,0.0029601991680426234
PARP11-AS1,1,0.0045316853111567485
MROH2A,1,0.003132442789840259
BCLAF3,1,0.0027623706618821746
PARM1,1,0.0036130442635814134
PARL,1,0.012155623717480768
MROH6,1,0.02073459836460563
MRPL1,1,0.003700248960053279
UGT2B11-AS1,1,0.005231353795561606
UGT2B15,1,0.0014800995840213117
BCDIN3D,1,0.0014800995840213117
MRPL16,1,0.003700248960053279
MRPL18,1,0.003700248960053279
MRPL24,1,0.0012489775574084808
MRPL19,1,0.040099098475635926
PAQR6,1,0.010533637355128937
MRPL2,1,0.010360697088149181
BCAS2,1,0.008711002760125427
BCAS1,1,0.01919972368948782
MRPL22,1,0.003700248960053279
BCAR4,1,0.005365360992077254
MRPL23,1,0.038159864471287386
BBX,1,0.0018501244800266394
BBS7,1,0.0022272931578428464
BBS4,1,0.003700248960053279
ULK4,1,0.022571518656325
BORA,1,0.003700248960053279
MOB1A,1,0.012282770853510188
WDR55,1,0.003700248960053279
BORCS5,1,0.009244240462810213
C1QTNF12,1,0.0042763327294737434
PCNX1,1,0.0029654210356031352
C19orf67,1,0.0029649274356009915
C19orf48P,1,0.002220149376031967
C19orf38,1,0.015142205866414894
C19orf33,1,0.12140209014355939
TUBB8B,1,0.46253112000665986
TUBD1,1,0.0014800995840213117
PCMTD2,1,0.010049876175504704
PCMTD1-DT,1,0.0017537655893146572
C17orf100,1,0.0020992356878270484
C16orf95,1,0.06394590019590231
TUBGCP4,1,0.0014800995840213117
TUBGCP6,1,0.0014800995840213117
C16orf87,1,0.004725350495329331
C16orf78,1,0.03227335849719121
PCMTD1,1,0.024481498066662905
MMACHC,1,0.01850124480026639
MMADHC,1,0.16314157187297929
C14orf93,1,0.0020397295393041717
TUSC1,1,0.21041291743434604
C13orf42,1,0.0293106969319568
TUT4,1,0.015171020736218442
PCGF3,1,0.0047897667094023
TVP23C,1,0.03178513856685767
TVP23C-CDRT4,1,0.03178513856685767
C12orf56,1,0.25040956398064107
PCP2,1,0.003700248960053279
MLLT1,1,0.01280271302047488
TUBA4B,1,0.46253112000665986
TTLL13,1,0.003700248960053279
TTC39A,1,0.024421643136351638
MIR99AHG,1,0.033302240640479513
C2orf42,1,0.2140597231099471
TTC5,1,0.011100746880159837
MIRLET7B,1,0.0014800995840213117
MIS18A,1,0.003700248960053279
TTC9,1,0.002092972686592227
TTC9C,1,0.00292870617098326
TTF2,1,0.003700248960053279
TTI2,1,0.03757232794038099
C2CD4B,1,0.03221436744622385
PCYOX1L,1,0.009620647296138525
C22orf39,1,0.003700248960053279
C1RL-AS1,1,0.0013398526049096795
TTLL5,1,0.003700248960053279
TTLL6,1,0.011100746880159837
PCYOX1,1,0.002220149376031967
MIURF,1,0.0014800995840213117
MIX23,1,0.004995336096071927
C1orf226,1,0.004964237067454922
MKLN1,1,0.0029601991680426234
MKNK1-AS1,1,0.0030774045922205163
C1orf202,1,0.23213543924451902
C1orf174,1,0.003700248960053279
C1orf159,1,0.003700248960053279
C1orf105,1,0.019613337307730076
TWF2,1,0.0014800995840213117
C11orf87,1,0.04397262336207619
MMP20,1,0.19811156208303748
MMP26,1,0.0014800995840213117
PCDHB12,1,0.0014800995840213117
U7,1,0.0014800995840213117
PCDHB11,1,0.0014800995840213117
BSG-AS1,1,0.012030820993534488
BRWD3,1,0.04823644544325455
BRPF3-AS1,1,0.002921619230048001
BRPF1,1,0.004625311200066598
PCDHA7,1,0.003700248960053279
PCDHA4,1,0.0014800995840213117
BRINP2,1,0.003700248960053279
PCDH20,1,0.19031359236142098
UBALD1,1,0.005550373440079919
UBAP2,1,0.005920398336085247
BSPH1,1,0.0014800995840213117
MMP27,1,0.0014800995840213117
MND1,1,0.003700248960053279
BRAT1,1,0.0029601991680426234
MNS1,1,0.002590174272037295
BPNT1,1,0.007400497920106558
PCCA,1,0.0014800995840213117
MNT,1,0.005326919516770033
PCBP3,1,0.010913848195045124
UBE2D3,1,0.013690921152197132
UBE2D4,1,0.009250622400133196
PCBP1-AS1,1,0.002618536758069144
BORCS7,1,0.007400497920106558
PCDHB13,1,0.0020204178384945963
PCDHB14,1,0.0013432090211527256
MMP21,1,0.002220149376031967
PCDHGB4,1,0.0029601991680426234
C10orf95,1,0.020309380199837093
C10orf90,1,0.3262725131383611
TXLNB,1,0.002547852127027402
C10orf71,1,0.003700248960053279
BZW2,1,0.0014800995840213117
PCED1B-AS1,1,0.0018815725775693875
TXNDC16,1,0.0033412804640875955
TXNDC17,1,0.002220149376031967
PCED1A,1,0.006995523525087916
TXNDC8,1,0.020996392864976884
PCDHGB5,1,0.003700248960053279
BUD23,1,0.003700248960053279
PCDHGA9,1,0.0014800995840213117
TYW5,1,0.01652498026716964
PCDHGA12,1,0.007400497920106558
BTF3L4,1,0.02389593795450142
PCDHB9,1,0.0014800995840213117
PCDHB7,1,0.0014800995840213117
PCDHB6,1,0.0014800995840213117
PCDHB5,1,0.0014800995840213117
BTBD17,1,0.002220149376031967
BTBD10,1,0.003700248960053279
PCDHB3,1,0.002344897888151198
BTAF1,1,0.003700248960053279
TYW1,1,0.0014800995840213117
TYW1B,1,0.24116805920121495
UQCC3,1,0.04440298752063935
UQCC5,1,0.028205053090009535
B3GLCT,1,0.037625859201641514
UQCR11,1,0.0045410820796087615
OTOGL,1,0.014800995840213115
ARK2N,1,0.004419741813396972
VPS13B-DT,1,0.0009668512545331874
MTUS2,1,0.09412603526499855
ARHGEF39,1,0.003700248960053279
MTX2,1,0.011100746880159837
ARHGEF37,1,0.0014800995840213117
ARHGEF35-AS1,1,0.007400497920106558
ARHGEF18,1,0.0014800995840213117
ARHGEF10,1,0.0014800995840213117
ARHGAP8,1,0.3195331049151881
MUC12,1,0.003494679573383652
ARHGAP6,1,0.001759424265124152
ARHGAP44,1,0.002220149376031967
ARHGAP42,1,0.003700248960053279
ARHGAP40,1,0.003700248960053279
OSBPL7,1,0.003484166435144302
OSBPL6,1,0.2254587119068069
ARHGAP19,1,0.2785153907146731
MX1-AS1,1,0.013117289593583673
VPS8,1,0.003700248960053279
ARHGAP17,1,0.0014800995840213117
ARHGAP12,1,0.003700248960053279
ARHGAP1,1,0.008325560160119878
ARFGEF2,1,0.0014800995840213117
VSIG2,1,0.0025986247588838107
ARAP1,1,0.05915012418154502
VPREB3,1,0.010767724473755041
OTOL1,1,0.15301663493043735
OTOP1,1,0.03515437170282818
OTUD7A,1,0.003200767234887728
OXA1L-DT,1,0.008702985554045311
VESTAR,1,0.004440298752063934
OVOL2,1,0.004995336096071927
MTFR1,1,0.008695585056125206
ARMCX5,1,0.0018718967136459649
VGLL2,1,0.003700248960053279
OVAAL,1,0.0014800995840213117
MTHFD2L,1,0.0015312474475250699
VILL,1,0.019610862989701352
ARMC8,1,0.0024803440491847
MTIF3,1,0.005550373440079919
ARMC2,1,0.03105248927276712
OTUD6B-AS1,1,0.0021371952413439432
ARL14EP,1,0.02405673140821429
ARL6IP6,1,0.0014800995840213117
MTMR10,1,0.004440298752063935
MTMR2,1,0.0017036986908908092
ARL4A,1,0.004255286304061271
MTMR3,1,0.003700248960053279
ARL3,1,0.0024028806954370543
MTMR6,1,0.00943563484813586
MTO1,1,0.002220149376031967
OTP,1,0.0014800995840213117
MTRES1,1,0.0019091903381890294
ARL16,1,0.002220149376031967
OTOP2,1,0.003700248960053279
OS9,1,0.003700248960053279
VSTM2L,1,0.004625311200066598
VSTM4,1,0.0014800995840213117
ANXA8,1,0.004255286304061271
OR52P2P,1,0.0014800995840213117
OR52N2,1,0.10996696527587894
OR52K2,1,0.004440298752063934
OR52E1,1,0.020078861980369952
OR52D1,1,0.07450386898402392
WDR13,1,0.003700248960053279
OR52B6,1,0.0014800995840213117
WDR18,1,0.003700248960053279
OR51V1,1,0.10366590282363429
OR51R1P,1,0.0014800995840213117
OR51F1,1,0.05267783659479078
AOC4P,1,0.0051803485440745905
ANXA2R,1,0.002220149376031967
WDFY2,1,0.0014800995840213117
OR51E1,1,0.002220149376031967
OR4F4,1,0.0014800995840213117
ANTXRL,1,0.003700248960053279
ANTKMT,1,0.009082590685598524
OR4F3,1,0.025161692928362296
WDR45B,1,0.007400497920106558
WDR46,1,0.01406094604820246
OR4F29,1,0.0014800995840213117
ANP32E,1,0.004625311200066598
WDR49,1,0.03679814318709381
ANP32A,1,0.014456572268549727
WDR53,1,0.03201455400238097
OR56A1,1,0.04993729021687694
OR5L2,1,0.0032518558971107647
APTR,1,0.014800995840213115
WAKMAR2,1,0.003700248960053279
APOOL,1,0.007400497920106558
VTI1A,1,0.003700248960053279
APOO,1,0.00849001566945558
APOBEC4,1,0.19362074791876155
VTRNA1-3,1,0.007832193632112773
VWA2,1,0.25509856619444227
MYEOV,1,0.0031154060508477525
VWA5B2,1,0.0014800995840213117
ORC5,1,0.0014800995840213117
APLF,1,0.0014800995840213117
MYG1,1,0.0014800995840213117
APH1B,1,0.002220149376031967
MYH13,1,0.04367212398512589
AP3S1,1,0.003700248960053279
OR9G1,1,0.002110834874980893
OR8S1,1,0.0014800995840213117
OR8D1,1,0.007400497920106558
AP5M1,1,0.002220149376031967
OR7D2,1,0.0014800995840213117
WASF3,1,0.0032389466401099997
OR6C4,1,0.12063324578495152
OR6A2,1,0.003700248960053279
WASHC2C,1,0.007400497920106558
WASHC3,1,0.0014200769056363315
OR5V1,1,0.0032518558971107647
WBP11,1,0.002220149376031967
VENTXP1,1,0.011100746880159837
VENTX,1,0.002220149376031967
MTF2,1,0.003700248960053279
MRPS25,1,0.004461231330132814
MRPS2,1,0.0014800995840213117
USP17L24,1,0.003700248960053279
USP17L25,1,0.003700248960053279
PAFAH1B3,1,0.007400497920106558
MRPS21,1,0.0016240876539067458
USP17L28,1,0.003700248960053279
USP17L29,1,0.003700248960053279
USP17L30,1,0.003700248960053279
USP17L9P,1,0.003700248960053279
MRPS22,1,0.002220149376031967
ATP6V1F,1,0.004234729365394308
MRPS23,1,0.003700248960053279
ATP6V0E2,1,0.011169201485920821
ATP6V1G3,1,0.03458586026218718
ATP6V0E1,1,0.003700248960053279
MRPS34,1,0.0014800995840213117
ATP6AP1-DT,1,0.003378059648220133
ATP5MJ,1,0.017553981066492755
ATP5MGL,1,0.03225136993582438
MRPS5,1,0.012950871360186474
ATP5IF1-AS1,1,0.005718449146750909
PACSIN2,1,0.00293964222937566
ATP2C2,1,0.007400497920106558
PACS2,1,0.003700248960053279
ATP13A4,1,0.002220149376031967
ATP13A3-DT,1,0.048701032778362414
USP16,1,0.014800995840213115
PAGE3,1,0.004070273856058606
MS4A14,1,0.0012374431899048505
PAIP2B,1,0.005842953156856627
MRPL48,1,0.014800995840213115
UQCRC1,1,0.0014800995840213117
B3GALT4,1,0.003566872662086905
MRPL50,1,0.003700248960053279
UQCRHP1,1,0.003700248960053279
B3GALT1,1,0.0014800995840213117
PAK6,1,0.004882272933403631
B3GALNT2,1,0.260705086886799
MRPL51,1,0.003700248960053279
AVPI1,1,0.0014789000966245473
MRPL54,1,0.002161659309275481
UROC1,1,0.0031685863583948044
UROS,1,0.04138173424475584
ATP9B,1,0.0034774333362577277
MRPS12,1,0.012190264629508856
AURKAP1,1,0.003700248960053279
MRPS15,1,0.32154636996357605
MRPS18A,1,0.0029601991680426234
MRPS18B,1,0.002590174272037295
USH1G,1,0.004255286304061271
ATXN7L1,1,0.003700248960053279
USHBP1,1,0.0051803485440745905
PAGE5,1,0.007400497920106558
ATXN10,1,0.0014800995840213117
PAGE4,1,0.003093988567222062
ATPSCKMT,1,0.033318711686246914
USP37,1,0.015726058080226434
ATP10D,1,0.3128934523728524
ARMH4,1,0.003700248960053279
VAX1,1,0.0014800995840213117
MT1HL1,1,0.08999285172280858
ASB18,1,0.020766705850953377
ASB16,1,0.0014800995840213117
ASB13,1,0.008254969468015379
MT1P3,1,0.003700248960053279
MT1XP1,1,0.0014800995840213117
ASAP3,1,0.003700248960053279
ASAP1-IT2,1,0.0031780533272386248
MTA3,1,0.011532442592166053
VAT1L,1,0.09846293719873676
ARVCF,1,0.0014800995840213117
MTATP6P1,1,0.002220149376031967
VAX2,1,0.007934978325447588
ASB5,1,0.05677847217191433
ART5,1,0.002220149376031967
VCF1,1,0.003671513170747508
MTCP1,1,0.0014800995840213117
ARSG,1,0.016281095424234424
VCX,1,0.011100746880159837
VCY,1,0.003700248960053279
ARRDC5,1,0.0014800995840213117
OXLD1,1,0.0010888131330496502
ARPP19,1,0.002220149376031967
MTERF1,1,0.003700248960053279
ARPC5L,1,0.005920398336085247
ARNT2,1,0.002220149376031967
MT-TT,1,0.0017643021282628013
ASB7,1,0.04314894425629136
MS4A15,1,0.0021122550129716224
MSRB3,1,0.003700248960053279
MS4A4E,1,0.03108209126444754
MS4A8,1,0.003700248960053279
PABPC5,1,0.003700248960053279
MSANTD5,1,0.0542317910238388
MSH4,1,0.016281095424234424
PABIR3,1,0.003937804561824702
USP50,1,0.04329291283262336
ATAD2B,1,0.003700248960053279
ASXL3,1,0.003700248960053279
USP6NL,1,0.003700248960053279
ASTE1,1,0.003700248960053279
MSL3,1,0.0029601991680426234
MST1L,1,0.0014800995840213117
MT-TS2,1,0.003700248960053279
ASPHD1,1,0.002220149376031967
UTP6,1,0.002220149376031967
ASNSD1,1,0.024599305930733586
MT-TA,1,0.0014800995840213117
ASIC1,1,0.002784420934054295
MT-TF,1,0.0025439356472262606
ASH2L,1,0.008325560160119878
UVSSA,1,0.02211430353485597
MT-TM,1,0.0014800995840213117
ASDURF,1,0.0293106969319568
ASCL4,1,0.003700248960053279
MT-TS1,1,0.0014800995840213117
PLCH2,1,0.003700248960053279
PNMA8B,1,0.15201305705178747
LRWD1,1,0.0014800995840213117
JPH4,1,0.0014800995840213117
JMY,1,0.001976557309775088
SH3TC1,1,0.003019762125440489
FAM50A,1,0.0018501244800266394
SHANK1,1,0.008370971914687945
PYURF,1,0.0029601991680426234
FAM30A,1,0.012279276173936805
JOSD2,1,0.00265067245394743
PYROXD1,1,0.019525210232402845
FAM229A,1,0.25240432471414453
FAM228A,1,0.02470795261507229
FAM227B,1,0.20224675816245416
FAM225A,1,0.0011437970663229207
SHD,1,0.003700248960053279
SHF,1,0.002220149376031967
FAM199X,1,0.0018463101631453604
FAM222A,1,0.002220149376031967
FAM221A,1,0.0025557044776840735
SHISA3,1,0.007400497920106558
SHISA4,1,0.06081709403345224
FAM219B,1,0.01949668182798921
FAM20B,1,0.0011829520964960903
SHISA7,1,0.009620647296138525
SHISA8,1,0.005415725491811312
PYGO1,1,0.0014800995840213117
FAM209B,1,0.003700248960053279
FAM201A,1,0.004330526584228747
FAM200C,1,0.0035556377833487196
FAM200A,1,0.004511668506210919
FAM72D,1,0.0014800995840213117
FAM78A,1,0.0018793645870536053
FAM78B,1,0.036072970886305455
FAM81B,1,0.020184245873191113
QRICH1,1,0.004440298752063934
FAUP4,1,0.007400497920106558
QRFP,1,0.00518034854407459
FATE1,1,0.003700248960053279
FASTKD5,1,0.005550373440079919
FASTKD3,1,0.0174292043129938
FARSB,1,0.0018501244800266394
QPCTL,1,0.03606262636467925
QNG1,1,0.00203409848271808
JMJD4,1,0.002590174272037295
SH2D4A,1,0.18687644344063709
SH2D4B,1,0.14689386811352712
SH2D5,1,0.002220149376031967
SH3BGR,1,0.020996392864976884
SH3BGRL,1,0.003700248960053279
SH3BGRL2,1,0.003409258686357644
SH3BGRL3,1,0.005054910871950637
SH3BP1,1,0.002590174272037295
FAM91A1,1,0.0017045796464711114
QARS1,1,0.003700248960053279
FAM8A3P,1,0.0014800995840213117
SH3D21,1,0.018934710579930944
FAM8A1,1,0.0011968470590809383
SH3GL2,1,0.019138509898942235
FAM89B,1,0.002754629781372996
SH3GLB2,1,0.007400497920106558
FAM86C1P,1,0.0051803485440745905
PYGB,1,0.0749300414410789
FAM184A,1,0.30197374518118214
FOXI3,1,0.002220149376031967
KCNC1,1,0.004255286304061271
EYA3,1,0.003700248960053279
EYA2,1,0.03093408130604541
PWAR5,1,0.0038199661577535053
KBTBD12,1,0.23414941005938644
KBTBD2,1,0.02739109757162004
KBTBD3,1,0.03611442985012
SIRPD,1,0.002247046337256291
KBTBD6,1,0.0017437542205723333
EXOC6B,1,0.0014800995840213117
KCNAB1,1,0.0021005094573234018
EXOC3L4,1,0.003700248960053279
PUM3,1,0.008271700980812436
EXOC3L1,1,0.012256945522943027
KCNC4,1,0.002220149376031967
FAM182B,1,0.0014800995840213117
SIX6,1,0.028709807956399234
SKA1,1,0.002590174272037295
PTX4,1,0.003700248960053279
SKA3,1,0.002220149376031967
EXD1,1,0.037627421557409384
PTTG1IP2,1,0.003700248960053279
KCNE5,1,0.009014056457927263
PTRHD1,1,0.003700248960053279
SKIC8,1,0.004625311200066598
SKIDA1,1,0.12974893666180512
EVA1B,1,0.016724044971184557
SKOR2,1,0.0014800995840213117
ETV3L,1,0.04846669893941951
EYA4,1,0.04493590087198634
FAAH2,1,0.0031982432371013927
FAAP20,1,0.0017487769300356432
SIMC1,1,0.003700248960053279
PYDC5,1,0.033302240640479513
FAM181B,1,0.07886314040688198
JRKL,1,0.021593383085825937
FAM181A,1,0.008140547712117212
FAM180A,1,0.023984547487383
FAM177A1,1,0.018629997803978858
FAM174A,1,0.010527147923899883
PYCR3,1,0.0013620399067576737
FAM167A,1,0.006104336295868929
FAM163A,1,0.018683204631803587
FAM157C,1,0.0014800995840213117
FAM151B,1,0.03726150702773652
FAM149A,1,0.003133165102371735
PXYLP1,1,0.008510572608122541
KANTR,1,0.007400497920106558
FAM120C,1,0.011619071209826073
FAM120AOS,1,0.0014800995840213117
PXMP4,1,0.003700248960053279
FAM117A,1,0.003973889114352051
FAM111B,1,0.009620647296138525
FAM110A,1,0.001583149260486324
FAM107A,1,0.0014800995840213117
FAM106A,1,0.005036449973405851
SILC1,1,0.003700248960053279
PWWP2B,1,0.05840932757822501
PWRN1,1,0.002220149376031967
SIMALR,1,0.007400497920106558
FAXDC2,1,0.003700248960053279
SGSM2,1,0.0022272931578428464
FBF1,1,0.009620647296138525
FICD,1,0.001826704097699363
RAB9B,1,0.003700248960053279
FLACC1,1,0.004625311200066598
FKRP,1,0.003700248960053279
FKBP15,1,0.0014800995840213117
IQSEC3-AS2,1,0.002179228686251763
IRAG1-AS1,1,0.003914868500399412
FJX1,1,0.007400497920106558
FITM1,1,0.0014800995840213117
RAB6C,1,0.14151697516183723
FIRRE,1,0.014800995840213115
IRAK1BP1,1,0.0018501244800266394
IRGC,1,0.013115326869522178
IRGQ,1,0.003700248960053279
FHOD3,1,0.19490645594759246
FBH1,1,0.0014800995840213117
IRX2-DT,1,0.011100746880159837
RAB40C,1,0.0014800995840213117
FHL3,1,0.0014800995840213117
FHIP1B,1,0.0030163656834017965
RAB40AL,1,0.0014800995840213117
RAB3IP,1,0.004625311200066598
FGFBP3,1,0.03992568627897487
FGF6,1,0.004070273856058606
IRX6,1,0.003700248960053279
SERPINB9P1,1,0.004440298752063934
ISCA1,1,0.019426307040279714
ISCA2,1,0.0014800995840213117
FGD6,1,0.006928644239365558
IQCM,1,0.23618475236546127
FLRT2,1,0.007775674821200093
SEPTIN8,1,0.008829205157460463
SEPTIN7-DT,1,0.0019950855896803702
RAD51AP2,1,0.128574486101907
FOXD4L4,1,0.0014800995840213117
INTS6-AS1,1,0.0039121571850633165
INTS7,1,0.004255286304061271
FOXCUT,1,0.007400497920106558
SEMA4G,1,0.003700248960053279
IPAN,1,0.002220149376031967
SEMA5B,1,0.0029601991680426234
IPCEF1,1,0.0022214176090961275
FNDC3A,1,0.0014800995840213117
FNDC11,1,0.038337554967003654
SEMG2,1,0.004255286304061271
FNDC10,1,0.002732809283496731
FNDC1,1,0.11061582795452125
SENP5,1,0.007400497920106558
IPO4,1,0.0014800995840213117
FN3K,1,0.007400497920106558
SENP8,1,0.012777232586220199
FMO4,1,0.016281095424234424
RAC1P4,1,0.003700248960053279
SEPSECS-DT,1,0.001355507606996542
RABL6,1,0.0029601991680426234
RABL2B,1,0.0014800995840213117
SEPTIN3,1,0.0047897667094023
RABGGTA,1,0.039629666362170614
FLVCR1-DT,1,0.0030315994092274994
FLT1P1,1,0.0051803485440745905
RAB3B,1,0.0014800995840213117
ISG20L2,1,0.004625311200066598
FGD2,1,0.01885900110551651
FBXO8,1,0.006475435680093237
SFR1,1,0.002220149376031967
FBXO45,1,0.003700248960053279
FBXO41,1,0.009106413568524263
FBXO4,1,0.002220149376031967
FBXO39,1,0.008572243424123428
RAB17,1,0.0014800995840213117
SFT2D1,1,0.06808458086498033
SFT2D2,1,0.0014800995840213117
IZUMO1R,1,0.0014800995840213117
RAB12,1,0.0014800995840213117
FBXO25,1,0.0014800995840213117
RAB11FIP4,1,0.001949706781062093
RAB11FIP3,1,0.003700248960053279
FBXL3,1,0.0014800995840213117
IZUMO2,1,0.0014800995840213117
SFXN5,1,0.0051803485440745905
FBXL20,1,0.0014800995840213117
IZUMO4,1,0.002543818774576299
R3HDM2,1,0.0014800995840213117
R3HCC1L,1,0.0014800995840213117
SGF29,1,0.004440298752063934
R3HCC1,1,0.0014800995840213117
FBXL15,1,0.0014800995840213117
SGK3,1,0.03209452049379545
QTRT2,1,0.020996392864976884
QSER1,1,0.026762929565158907
SGPP1,1,0.00849001566945558
FBXO48,1,0.003700248960053279
IYD,1,0.06082713466438328
ISOC2,1,0.0023422731551818237
FBXW10,1,0.0018501244800266394
RAB36,1,0.003700248960053279
ISY1,1,0.003700248960053279
FERRISR,1,0.0014800995840213117
SERTAD4,1,0.003700248960053279
FERD3L,1,0.022503755678776514
FER1L4,1,0.0014800995840213117
FENDRR,1,0.023016165239691407
ITGB1BP2,1,0.008140547712117212
FDX2,1,0.043366917811824425
RAB30-DT,1,0.002696875556633673
RAB2B,1,0.0014800995840213117
SETD4,1,0.014800995840213115
ITGB3BP,1,0.0018056345624457508
SETD6,1,0.0014800995840213117
FCHSD1,1,0.0014800995840213117
ITM2B,1,0.030878564985763798
SETSIP,1,0.03390097454563698
ITPKA,1,0.014800995840213115
SEZ6L,1,0.008174015890272621
FBXW7-AS1,1,0.009466470256136306
FBXW5,1,0.016281095424234424
ITPRIPL1,1,0.0014800995840213117
FBXW4,1,0.007400497920106558
SF3A3,1,0.004625311200066598
IVD,1,0.0014800995840213117
FBXW10B,1,0.0018501244800266394
SF3B5,1,0.0300670911287622
ETV2,1,0.026826804960386266
ETS2-AS1,1,0.0029400772124641666
SLAIN1,1,0.0015019979306420688
SLC35F2,1,0.002220149376031967
ENSG00000274767,1,0.0015595264722491795
ENSG00000274292,1,0.004865516356383469
SLC35A3,1,0.003700248960053279
SLC35A4,1,0.0327716379024208
SLC35B1,1,0.003700248960053279
ENSG00000274276,1,0.003700248960053279
PSTK,1,0.0051803485440745905
ENSG00000273972,1,0.010696092254766873
SLC35D1,1,0.0030111426437076654
SLC35D2,1,0.00795553526411455
ENSG00000273891,1,0.002474827732928708
SLC35E4,1,0.0028692846150977338
PSRC1,1,0.0027397063065327473
SLC35F3,1,0.003700248960053279
KIAA1328,1,0.15839961511801293
SLC35F5,1,0.0028048150668450126
SLC35F6,1,0.0030459777308405028
ENSG00000273428,1,0.002411278648948425
SLC35G2,1,0.0014800995840213117
SLC35G3,1,0.0014800995840213117
ENSG00000273338,1,0.004231907848215621
SLC36A2,1,0.025531717824367625
SLC36A4,1,0.0028784403477452956
PSPHP1,1,0.019981344384287707
KICS2,1,0.0014800995840213117
PSORS1C1,1,0.003700248960053279
ENSG00000273335,1,0.002307766447062406
ENSG00000273328,1,0.0025622446371687396
ENSG00000275202,1,0.0029845732915607078
KIAA1958,1,0.0011766559867419717
ENSG00000275278,1,0.001796452461489736
ENSG00000275437,1,0.002455572081878616
ENSG00000280091,1,0.00235805565627385
ENSG00000280088,1,0.0010255096507696304
ENSG00000280035,1,0.002142586431738361
ENSG00000280027,1,0.027841773876420884
ENSG00000279861,1,0.005981565290460233
ENSG00000279846,1,0.0014413020001253663
ENSG00000279799,1,0.005621611622274984
ENSG00000279741,1,0.019969444870914354
ENSG00000279696,1,0.0027206308429620985
ENSG00000279602,1,0.001680597910697355
ENSG00000279511,1,0.007783015769416185
ENSG00000279491,1,0.003061694275649581
ENSG00000279430,1,0.0023422731551818237
ENSG00000279332,1,0.0022634526382899647
KIAA1671,1,0.0034093269955929963
ENSG00000279227,1,0.007729700432935625
ENSG00000278961,1,0.0019696866360596624
ENSG00000278948,1,0.002360106631463729
ENSG00000278864,1,0.003430855146808125
ENSG00000278727,1,0.0033880881852077515
SLC30A4,1,0.015335476245554144
ENSG00000277301,1,0.0035725717100249495
SLC30A7,1,0.0014800995840213117
ENSG00000277117,1,0.007400497920106558
ENSG00000276390,1,0.004833788248088448
ENSG00000275672,1,0.003517481021609094
ENSG00000275441,1,0.009596079117543618
PSMG4,1,0.005985246040650267
SLC38A11,1,0.03490490530752659
ENSG00000273314,1,0.002833005951969831
SLC45A3,1,0.0015032021457695552
ENSG00000269553,1,0.0020527680217794367
SLC46A3,1,0.0920186978857637
ENSG00000269397,1,0.0013660177165125292
ENSG00000269318,1,0.002435964081389097
SLC49A3,1,0.003700248960053279
ENSG00000268734,1,0.015315371996986975
ENSG00000268573,1,0.0014003668518400754
ENSG00000268218,1,0.0023422731551818237
ENSG00000268173,1,0.0032007830623074006
ENSG00000268170,1,0.003324273965516372
ENSG00000267780,1,0.005823020243106575
SLC4A8,1,0.003221068056394255
ENSG00000267737,1,0.011588735563403351
ENSG00000267731,1,0.0040397579483639244
SLC51B,1,0.009027168476823312
ENSG00000267476,1,0.0018489726874839545
ENSG00000267461,1,0.004114656987683811
ENSG00000267387,1,0.0034380351716989123
ENSG00000267212,1,0.001453945087330214
ENSG00000266680,1,0.003152904088305399
ENSG00000266088,1,0.002144975768267059
KIFC2,1,0.011100746880159837
ENSG00000265579,1,0.0038717342862151726
ENSG00000265100,1,0.0015554248302878358
SLC5A9,1,0.008572243424123428
KIRREL1,1,0.012025809120173156
PSMC3IP,1,0.0014800995840213117
ENSG00000269711,1,0.004459126653119409
ENSG00000270210,1,0.016589390319819895
KIF13A,1,0.012552683458207408
SLC44A5,1,0.22381057073554908
ENSG00000273272,1,0.00807056019685488
ENSG00000273156,1,0.0017779083784385202
ENSG00000273006,1,0.003351329123359806
ENSG00000272950,1,0.0026594280389753565
ENSG00000272914,1,0.004181391045023273
ENSG00000272909,1,0.00213217540772628
KIF17,1,0.013135883808189142
ENSG00000272839,1,0.021760379512053188
KIF19,1,0.002571088067236556
PSME3IP1,1,0.0014800995840213117
ENSG00000272825,1,0.011547929894514817
SLC39A3,1,0.008952546789462239
ENSG00000272821,1,0.008060488386091766
ENSG00000272768,1,0.001075883246919854
ENSG00000272512,1,0.003427788492244691
SLC39A7,1,0.019590762549615413
ENSG00000272498,1,0.0029008339377346068
KIF24,1,0.003700248960053279
ENSG00000272449,1,0.005237923217978388
ENSG00000272106,1,0.003464327477845428
SLC41A2,1,0.006657880953291605
ENSG00000271862,1,0.0030275457273133614
ENSG00000271795,1,0.0017117167572988365
SLC43A3,1,0.005778542195018472
KIF27,1,0.007400497920106558
ENSG00000271151,1,0.0010548760428999784
SLC44A3,1,0.0029601991680426234
ENSG00000280194,1,0.0037030552622404588
ENSG00000280254,1,0.006828969276734836
SLAIN2,1,0.03289234602561818
EPHA10,1,0.0146982111468783
KCNK5,1,0.0017818970331508486
SLC16A14,1,0.023443086752589173
EPOP,1,0.0014800995840213117
EPN2,1,0.007400497920106558
PTPN23,1,0.003700248960053279
KCNK9,1,0.011655784224167829
EPHX4,1,0.029686594775500497
SLC17A2,1,0.0014800995840213117
SLC17A3,1,0.001046209370803281
SLC17A4,1,0.003700248960053279
EPHX3,1,0.003700248960053279
KCNMA1-AS1,1,0.002184846452907544
KCNMB1,1,0.007400497920106558
KCNMB3,1,0.32438674921553573
PTCD3,1,0.012580846464181148
KCNMB4,1,0.002220149376031967
PTPDC1,1,0.05132774391610713
KCNS2,1,0.35496645838804275
EPB41L1,1,0.004070273856058606
KCNS3,1,0.0014955956382029908
KCNU1,1,0.1582960549147472
ENTREP2,1,0.03785698037556845
SLC1A7,1,0.003700248960053279
KCTD11,1,0.007400497920106558
KCTD13,1,0.09475088208879355
ENTPD4,1,0.002220149376031967
ENTPD3-AS1,1,0.004187732651387054
ENSG00000310537,1,0.07571120511042348
EPS15L1,1,0.0029601991680426234
SLC16A11,1,0.0012326799601477768
KCNK18,1,0.0014800995840213117
KCNK15,1,0.0023422731551818237
ETNK2,1,0.002220149376031967
KCNG4,1,0.0027751867200399593
ETAA1,1,0.0014800995840213117
ESYT3,1,0.03980370487806077
ESS2,1,0.002220149376031967
KCNH4,1,0.002220149376031967
ESF1,1,0.0014800995840213117
KCNH6,1,0.008952546789462239
ERVV-2,1,0.0014800995840213117
ERVMER34-1,1,0.002590174272037295
KCNIP1,1,0.2815895771681704
ERP27,1,0.0017186568527569105
ERO1B,1,0.002220149376031967
KCNIP2,1,0.03999954956232206
SLC12A2-DT,1,0.003700248960053279
PTPRN2-AS1,1,0.005866063853530434
ERICH3,1,0.06579134720858605
ERICD,1,0.003772198245387648
SLC12A5-AS1,1,0.011334972739926806
SLC12A8,1,0.0021905792913440103
ERI2,1,0.008325560160119878
ERH,1,0.0014800995840213117
KCNJ12,1,0.0051803485440745905
KCNJ9,1,0.04115416893371257
ERCC6L2-AS1,1,0.001737048117093316
KCNK12,1,0.26188448883965487
KCNK13,1,0.03188874553773916
SLC22A14,1,0.019098652967202524
KCTD14,1,0.0014800995840213117
KCTD15,1,0.182585074472428
ENSG00000285979,1,0.005185395648521737
SLC25A31,1,0.002220149376031967
ENSG00000285976,1,0.03463284611417998
ENSG00000285966,1,0.004319562451303006
ENSG00000285868,1,0.0021917816152137643
SLC25A38,1,0.003700248960053279
SLC25A39,1,0.001055083394591769
ENSG00000285816,1,0.0026269326350085876
KHNYN,1,0.0018501244800266394
SLC25A42,1,0.0014800995840213117
ENSG00000284987,1,0.0032879028490244537
KIAA0232,1,0.0021302303984217018
SLC25A45,1,0.006276177878340178
ENSG00000284735,1,0.004047073917280136
ENSG00000284669,1,0.003995631102143594
ENSG00000284642,1,0.005635112374983179
ENSG00000283849,1,0.0036659735264802096
SLC26A1,1,0.0022485822289745505
PTDSS2,1,0.0014800995840213117
KIAA0513,1,0.004107763253905557
ENSG00000283103,1,0.0020599457477480654
ENSG00000282988,1,0.0030295103967527283
ENSG00000281530,1,0.0023450555155759708
ENSG00000281100,1,0.0028699156728573373
KIAA0753,1,0.0014800995840213117
ENSG00000281087,1,0.0014800995840213117
ENSG00000280441,1,0.0012891898511139554
KIAA1143,1,0.003700248960053279
SLC25A30,1,0.003700248960053279
SLC25A26,1,0.003700248960053279
ENSG00000293600,1,0.0327716379024208
KHDC1L,1,0.0014800995840213117
SLC22A20P,1,0.009620647296138525
KCTD17,1,0.056685758374149534
PTGR3,1,0.005594149809195935
KCTD18,1,0.003700248960053279
ENSG00000293564,1,0.05667364379450575
ENSG00000293475,1,0.009620647296138525
ENSG00000293406,1,0.002220149376031967
KCTD4,1,0.005920398336085247
ENSG00000292271,1,0.003700248960053279
ENSG00000291207,1,0.002220149376031967
SLC24A1,1,0.0014800995840213117
SLC24A3,1,0.002220149376031967
ENSG00000291200,1,0.002220149376031967
ENSG00000291178,1,0.0029601991680426234
ENSG00000291044,1,0.007400497920106558
KDF1,1,0.007400497920106558
SLC25A11,1,0.0014800995840213117
ENSG00000290893,1,0.003700248960053279
ENSG00000290788,1,0.007400497920106558
KDM2A,1,0.002220149376031967
ENSG00000289766,1,0.23679528448063578
ENSG00000289761,1,0.05504017760360098
ENSG00000289490,1,0.050479125890113004
ENSG00000289325,1,0.09216013376394601
ENSG00000288634,1,0.01976374689642324
ENSG00000288529,1,0.032964447239440156
ENSG00000286039,1,0.002840208024001751
INTS5,1,0.002220149376031967
SEMA3D,1,0.002220149376031967
THOC7,1,0.011840796672170494
GRIA4,1,0.003700248960053279
GRTP1,1,0.004754595291066973
GRPEL2,1,0.0025126475090280426
GRM7,1,0.25225756939681304
RPL7P1,1,0.01406094604820246
GRM6,1,0.003700248960053279
GRK7,1,0.06211416049156265
GRK4,1,0.007770522816111886
RPLP0P2,1,0.007400497920106558
GRIPAP1,1,0.009065609952130533
RGR,1,0.003700248960053279
RPP21,1,0.007400497920106558
RPP38,1,0.0014800995840213117
GRID1,1,0.09622791811696897
RPS10P9,1,0.0014800995840213117
GPRC5B,1,0.0038275933226499096
GRHL1,1,0.0029601991680426234
HPCAL4,1,0.011868334848298133
GREB1L,1,0.24583222725701867
GREB1,1,0.0029601991680426234
GRB14,1,0.0014800995840213117
GRASLND,1,0.0014800995840213117
GRAPL,1,0.03155572313133436
RFXAP,1,0.0012311098384827418
RPS19BP1,1,0.003700248960053279
HPYR1,1,0.002220149376031967
RFX4,1,0.002220149376031967
GPRIN1,1,0.0010349651455108908
RFWD3,1,0.003700248960053279
GRWD1,1,0.003700248960053279
RPL3L,1,0.003700248960053279
RGS17,1,0.007400497920106558
RGS19,1,0.002241121791635663
GUCA2B,1,0.23629950558398788
GUCA1B,1,0.0029601991680426234
RPL13AP7,1,0.0051803485440745905
RPL13P5,1,0.003700248960053279
GUCA1A,1,0.002220149376031967
RHCG,1,0.002220149376031967
RHBG,1,0.0027751867200399593
RHBDL3,1,0.003700248960053279
GTPBP3,1,0.0014800995840213117
GTF3C6,1,0.2701867287108758
RPL21P16,1,0.007400497920106558
RPL21P28,1,0.0029601991680426234
GTF3C4,1,0.002220149376031967
GTF3C2,1,0.011100746880159837
HOXB-AS3,1,0.003700248960053279
GTF2F2,1,0.6007093390100392
GSTT2B,1,0.03888961657015996
GSTM5,1,0.004810323648069262
RGS7,1,0.002220149376031967
GSTM3P1,1,0.008880597504127868
GSTCD,1,0.02317786467201275
HOXC-AS3,1,0.003700248960053279
GSKIP,1,0.001661157493702409
GSK3B-DT,1,0.003700248960053279
GSG1,1,0.2392022348933711
HOXC11,1,0.008880597504127868
RGS22,1,0.021026160496080117
RFTN2,1,0.03366397761044002
HSD11B1-AS1,1,0.00804028574147001
RAD51C,1,0.025901742720372947
RSPH14,1,0.004077766470425093
GPHRA,1,0.0029601991680426234
RRP1B,1,0.002590174272037295
RRP36,1,0.0014800995840213117
RRP8,1,0.004440298752063934
GPCPD1,1,0.0014800995840213117
RSAD1,1,0.0014800995840213117
REM2,1,0.023126556000332994
HTR1D,1,0.1511166343744083
HTR4,1,0.25901742720372944
RSKR,1,0.0046514868059677125
RSL1D1,1,0.005550373440079919
GPBP1,1,0.003700248960053279
RSPH1,1,0.004625311200066598
RSPH3,1,0.0047897667094023
RFT1,1,0.037091295575574064
GPATCH8,1,0.004070273856058606
HTR5BP,1,0.003700248960053279
HYCC2,1,0.0015196118727097664
RSPRY1,1,0.003700248960053279
RSRC1,1,0.02011916510600997
HYLS1,1,0.0014800995840213117
HYMAI,1,0.0014800995840213117
HYPK,1,0.0014800995840213117
ICA1L,1,0.003412754258696453
ICAM4-AS1,1,0.00896796449346246
REEP2,1,0.011100746880159837
REELD1,1,0.0052228664252268004
ICE2,1,0.1071650599462032
RENO1,1,0.007400497920106558
GPHRB,1,0.003700248960053279
GPIHBP1,1,0.0014800995840213117
GPKOW,1,0.002220149376031967
GPR87,1,0.0179462074562584
GPR85,1,0.004070273856058606
RPS3AP26,1,0.007400497920106558
RPS3AP6,1,0.0014800995840213117
RFPL3S,1,0.003700248960053279
GPR75,1,0.011100746880159837
GPR63,1,0.0642130989740014
HSD11B1L,1,0.020018199145936475
GPR52,1,0.003700248960053279
RFK,1,0.007585510368109221
RFESD,1,0.026159819025620423
HSD17B14,1,0.006660448128095901
HSD3B1,1,0.008212496997451585
GPR21,1,0.0014800995840213117
RPS7P11,1,0.0014800995840213117
GPR176,1,0.014800995840213115
HSFY1,1,0.0014800995840213117
RPTN,1,0.0014800995840213117
GPR150,1,0.0021324445183634514
HSFY2,1,0.0014800995840213117
RPUSD3,1,0.003700248960053279
GPR149,1,0.18556080650203477
RERG,1,0.007400497920106558
RER1,1,0.024835299354217497
GPN3,1,0.003098187445782382
GPN2,1,0.002225795675952393
REP15,1,0.023824360551738453
GUCD1,1,0.014800995840213115
GUCY2EP,1,0.011470771776165165
RPL10P3,1,0.003700248960053279
HIKESHI,1,0.0014800995840213117
RN7SK,1,0.0014800995840213117
RNF157-AS1,1,0.0019211565810147203
RNF166,1,0.0051803485440745905
HHIPL2,1,0.13448992298786216
RMND5B,1,0.004070273856058606
RNF17,1,0.002220149376031967
RNF175,1,0.0051803485440745905
RMI2,1,0.003700248960053279
RNF182,1,0.0014800995840213117
RNF183,1,0.002220149376031967
HIF3A,1,0.002220149376031967
HIGD2A,1,0.002220149376031967
HCN2,1,0.0056052187464565185
RNF212B,1,0.003700248960053279
RPL10L,1,0.003700248960053279
HINT3,1,0.0028773564666966047
HCG27,1,0.008239523516655722
RNF215,1,0.005807335173416951
RLF,1,0.00849001566945558
RLBP1,1,0.003700248960053279
RNF217-AS1,1,0.00849001566945558
HIPK4,1,0.003700248960053279
RIPPLY3,1,0.053428264859324136
HCG14,1,0.0018501244800266394
HLA-DPA2,1,0.0037619197760541665
HLA-DPA3,1,0.006660448128095901
RNF32,1,0.04493131614676988
HCCAT5,1,0.003700248960053279
HDDC2,1,0.030379043962037416
RNF151,1,0.0014800995840213117
HHIP-AS1,1,0.0015686043125494324
RN7SL16P,1,0.0014800995840213117
HELZ,1,0.003700248960053279
RND2,1,0.005920398336085247
HELT,1,0.0014800995840213117
HELQ,1,0.031582559229474866
RNF103,1,0.0014800995840213117
HERC3,1,0.003700248960053279
RNF111,1,0.007770522816111885
HELB,1,0.005920398336085247
HES2,1,0.003700248960053279
HEXD,1,0.003700248960053279
HECW2-AS1,1,0.0015170640894934155
HECW2,1,0.003700248960053279
HECW1,1,0.002220149376031967
HECTD4,1,0.04789309826080521
RNASE2CP,1,0.0029601991680426234
RNASE10,1,0.003700248960053279
RNF133,1,0.17314373853089154
HEBP2,1,0.0027751867200399593
HEATR6,1,0.011635227285500864
HHATL,1,0.003700248960053279
RNF139-DT,1,0.001940521204977271
RNF14,1,0.003700248960053279
RNA5S9,1,0.007400497920106558
HDHD3,1,0.001757023298493182
RNF145,1,0.0074327341589981956
RN7SL2,1,0.0027586447384065666
RNF148,1,0.10662820323492803
HLA-DQB1-AS1,1,0.003435587529023014
HBBP1,1,0.0014800995840213117
HAUS6,1,0.0026776466188739643
HMX3,1,0.014800995840213115
HNRNPA1L2,1,0.21455047342042857
RHPN2,1,0.0014800995840213117
ROPN1B,1,0.03645297375441157
RHPN1,1,0.003700248960053279
HNRNPCL4,1,0.003700248960053279
H2AJ,1,0.002628550879607737
RHOQ,1,0.004234729365394308
RHOJ,1,0.00905677046850374
HNRNPH3,1,0.007400497920106558
HNRNPLL,1,0.03544838503731041
H2AB1,1,0.0052677155334091815
H1-8,1,0.002220149376031967
H1-4,1,0.0014800995840213117
RPA4,1,0.011344963311523352
H1-10,1,0.003700248960053279
RPAP2,1,0.11243125783662365
HNRNPUL2,1,0.002590174272037295
RHOBTB1,1,0.003700248960053279
HOOK3,1,0.0029601991680426234
RPF1,1,0.005920398336085247
HORMAD1,1,0.016281095424234424
GUSBP5,1,0.003700248960053279
HORMAD2,1,0.002220149376031967
GUSBP3,1,0.011100746880159837
GUSBP11,1,0.003700248960053279
RHNO1,1,0.019689751692087913
RHEBP1,1,0.007400497920106558
RIC3,1,0.011829177203225905
H2BK1,1,0.025455626736195402
HLA-DRB9,1,0.003700248960053279
H2BN1,1,0.003700248960053279
HAUS1,1,0.03525120231243584
RNF44,1,0.007652114849390182
HLA-H,1,0.0014800995840213117
HLA-L,1,0.005365360992077254
HAR1B,1,0.007400497920106558
HLA-U,1,0.004625311200066598
HLMR1,1,0.0015690517744347005
HAO2,1,0.004810323648069262
HAGLROS,1,0.0018501244800266394
RIMS3,1,0.0059767126180683425
RIMKLB,1,0.0029071236165464365
RIMBP3,1,0.007400497920106558
RNU105B,1,0.003700248960053279
HACL1,1,0.013362010133525727
RNU12-2P,1,0.0018501244800266394
RNU2-1,1,0.00487199446407015
HACD3,1,0.003700248960053279
RNU6-2,1,0.0018501244800266394
RNU6-6P,1,0.0018501244800266394
RNU6-841P,1,0.003700248960053279
RNU7-7P,1,0.004625311200066598
RNU7-8P,1,0.0014800995840213117
HMGXB3,1,0.003700248960053279
H3Y1,1,0.003700248960053279
H3P39,1,0.0056661090047749165
H3P3,1,0.004440298752063934
ROBO2,1,0.011450214837498203
GOLT1A,1,0.033457651096801745
GOLPH3L,1,0.0027234684684859594
GOLPH3-DT,1,0.012763209491662134
IGSF10,1,0.003700248960053279
SCML2,1,0.0025284048981333114
GAR1,1,0.002220149376031967
SCN1B,1,0.0029601991680426234
GAPDHP24,1,0.003700248960053279
SCN3B,1,0.0014800995840213117
IGLJ7,1,0.0014800995840213117
GALR3,1,0.0014800995840213117
IGLV1-44,1,0.003700248960053279
GALP,1,0.0014800995840213117
GALNTL6,1,0.009620647296138525
GALNT5,1,0.17597526261905375
IGLV3-12,1,0.003938747026747329
IGLV6-57,1,0.003700248960053279
GALNT16,1,0.03109992247660737
IGKV2-28,1,0.0014800995840213117
SCP2D1,1,0.03760802676372462
SCRG1,1,0.004440298752063935
IGSF9B,1,0.004679206422324972
IKBIP,1,0.026641792512383605
SCRT1,1,0.007400497920106558
IKZF5,1,0.007400497920106558
RARA-AS1,1,0.0017784464276853443
IL1RAPL2,1,0.003700248960053279
ILDR2,1,0.0027751867200399593
SCYGR6,1,0.01853790909318651
SCYGR8,1,0.024599305930733586
RAPGEF6,1,0.01850124480026639
GAL3ST3,1,0.002220149376031967
GARIN2,1,0.003700248960053279
SCMH1,1,0.031230101222849672
GARNL3,1,0.058419649412987724
SCIRT,1,0.003700248960053279
IGKV2-29,1,0.003700248960053279
RASSF7,1,0.003700248960053279
SCARNA1,1,0.007400497920106558
SCARNA20,1,0.0024438395983075382
SCARNA22,1,0.002220149376031967
SCARNA7,1,0.00487199446407015
GBA1LP,1,0.003700248960053279
IGKV2-4,1,0.002220149376031967
SCCPDH,1,0.002220149376031967
GAU1,1,0.014800995840213115
RASSF4,1,0.015113415723922058
SCDP1,1,0.0014800995840213117
SCEL,1,0.2655150177758224
GATC,1,0.004070273856058606
IGKV2D-36,1,0.003700248960053279
IGKV2D-38,1,0.002220149376031967
RASSF1-AS1,1,0.002220149376031967
SCG5,1,0.004625311200066598
RASL12,1,0.005067285381406296
SCGB1C1,1,0.012580846464181148
SCGB1D1,1,0.004625311200066598
GATAD1,1,0.004440298752063934
GAS8-AS1,1,0.002318537162450409
GAS2L3,1,0.003700248960053279
GAS2L2,1,0.0014800995840213117
GAS2,1,0.00795553526411455
IGKV3D-7,1,0.0014800995840213117
SCYL3,1,0.018753739926249166
ILF3-DT,1,0.00879179152908659
ILKAP,1,0.002220149376031967
FTH1P11,1,0.011100746880159837
INSL4,1,0.003700248960053279
SEC31A,1,0.0014800995840213117
SEC31B,1,0.053053938448957456
FSIP1,1,0.0029601991680426234
INSM2,1,0.06098267346610424
FRYL,1,0.004974779157404964
RAI2,1,0.0013014919379648851
RAI14,1,0.002220149376031967
FRRS1L,1,0.004440298752063934
FRMD8,1,0.007400497920106558
INSYN2A,1,0.019041230869084106
INSYN2B,1,0.007400497920106558
FRMD5,1,0.003700248960053279
RAET1L,1,0.002220149376031967
FRG2,1,0.019711018421083543
RAET1K,1,0.003700248960053279
SELENOH,1,0.003700248960053279
RADX,1,0.0034531994802769264
RADIL,1,0.0014800995840213117
INTS2,1,0.0027751867200399593
FOXS1,1,0.011100746880159837
FOXR1,1,0.020351369280293036
RAD54L2,1,0.0014800995840213117
SELENOV,1,0.0014800995840213117
FOXP1-DT,1,0.0014568084767280197
FOXO6,1,0.008325560160119878
FOXN2,1,0.003700248960053279
INSIG2,1,0.003700248960053279
SEC22C,1,0.004509983227007574
GAGE12G,1,0.002220149376031967
FTH1P16,1,0.002220149376031967
IMPACT,1,0.004302696670311602
GABRR3,1,0.009620647296138525
SDE2,1,0.00571482894941562
GABRR1,1,0.009620647296138525
GABPB1,1,0.0014800995840213117
GAB4,1,0.0014800995840213117
INHCAP,1,0.002220149376031967
SDHAF1,1,0.007400497920106558
SDHAF2,1,0.008880597504127868
G2E3,1,0.1888280421428785
SDHAF4,1,0.007400497920106558
INO80B,1,0.004255286304061271
RANBP17,1,0.02619737352165082
SDR42E1,1,0.007109698937133671
RANBP10,1,0.0014800995840213117
INO80C,1,0.025666466201245797
FXYD4,1,0.007400497920106558
INO80D,1,0.0020397295393041717
FUT9,1,0.0046999328874276726
FUOM,1,0.004374307291326878
INO80E,1,0.0019265196701370498
INPP5A,1,0.002220149376031967
SEC14L3,1,0.005159791605407629
INPP5F,1,0.0014800995840213117
RALGPS2,1,0.0019451247856913613
RALGPS1,1,0.18280164553322406
SEC22A,1,0.003700248960053279
RAVER2,1,0.002220149376031967
SCAPER,1,0.1918135887375908
RTL4,1,0.007400497920106558
GLRA1,1,0.003700248960053279
GNAS-AS1,1,0.0014800995840213117
GNAL,1,0.00276548725528152
GMPR2,1,0.003700248960053279
GMEB1,1,0.01780230888558966
IFT172,1,0.0018501244800266394
IFT22,1,0.019566361104888356
IFT25,1,0.0014800995840213117
S100A5,1,0.004070273856058606
GLULP6,1,0.0014800995840213117
RC3H2,1,0.002220149376031967
IFT27,1,0.006554775920435557
IFT52,1,0.04808267954202566
IFT80,1,0.003700248960053279
RBPJL,1,0.008325560160119878
GCM2,1,0.002220149376031967
S100PBP,1,0.00980565974414119
S100Z,1,0.0077361742972676725
S1PR1-DT,1,0.008424831322848356
IGDCC3,1,0.02597858039920447
IGF2-AS,1,0.0014800995840213117
GLG1,1,0.004501969568064822
RBMY1D,1,0.003700248960053279
GLCCI1,1,0.07600215056820057
GLB1L2,1,0.03335404412592025
RBMXP1,1,0.003700248960053279
GJD4,1,0.05160552919139876
RBMX2,1,0.07057197044368281
IGFLR1,1,0.0029601991680426234
GNAT1,1,0.009990672192143854
GNB1L,1,0.03105248927276712
IFITM3-AS1,1,0.0012128642847290753
GNG13,1,0.0047897667094023
GOLGA8M,1,0.0014800995840213117
RTL6,1,0.0012962555490400023
IDI2,1,0.004440298752063934
GOLGA6L7,1,0.031198815247647328
GOLGA6L6,1,0.0014800995840213117
RTN4RL1,1,0.004255286304061271
GOLGA6B,1,0.007400497920106558
RTP2,1,0.008325560160119878
RDH14,1,0.0014800995840213117
RTP5,1,0.012580846464181148
GOLGA1,1,0.005128956197407183
RDH13,1,0.0018501244800266394
GNRH2,1,0.002220149376031967
GNPTAB,1,0.01966415082065647
RUFY1,1,0.03881515486300376
RDH12,1,0.004440298752063934
IER3IP1,1,0.007400497920106558
RUNDC1,1,0.0014800995840213117
GNL3L,1,0.0029601991680426234
GNL2,1,0.019610299203587842
RUSC1,1,0.002745339327302696
RUSC2,1,0.00265067245394743
RUSF1,1,0.0014800995840213117
GNGT1,1,0.003700248960053279
RWDD1,1,0.033058024209115994
GNG5,1,0.01562985160726505
GNG4,1,0.0014800995840213117
SACK1F,1,0.0023875607688000557
SACK1H,1,0.003924520792244447
IGHD1-14,1,0.002220149376031967
RBM17,1,0.003700248960053279
IGKV1-17,1,0.004440298752063934
GFOD2,1,0.0014800995840213117
GFM2,1,0.011986134228545919
GET4,1,0.02255507813495783
IGKV1-33,1,0.002220149376031967
GET1,1,0.003700248960053279
GEMIN8,1,0.012580846464181148
RBM12B,1,0.01904813414746174
RBM12,1,0.005635826787740503
RBM11,1,0.16906273208397915
SATB1-AS1,1,0.013912877732145133
GDPD1,1,0.003700248960053279
SAXO6,1,0.0061054107840879095
IGKV1D-39,1,0.003700248960053279
SBF1,1,0.002220149376031967
RBFA,1,0.011100746880159837
GDE1,1,0.002717213430180841
IGKV1D-8,1,0.0018151957032069078
GCSIR,1,0.0014800995840213117
SCAF8,1,0.007733520326511353
IGKV2-10,1,0.010053152699810603
RBBP5,1,0.0011163134763054806
SCAMP2,1,0.003700248960053279
IGKV2-19,1,0.003700248960053279
IGKV2-24,1,0.005128956197407183
IGKV2-26,1,0.002220149376031967
SCAND2P,1,0.002220149376031967
IGKV1-13,1,0.003700248960053279
RBM19,1,0.3170832130232156
IGHD5-12,1,0.004440298752063934
SAPCD2,1,0.002220149376031967
RBM7,1,0.0073696625121061135
GJB3,1,0.003700248960053279
RBM6,1,0.003700248960053279
GJA9,1,0.01986303252575745
SAGE1,1,0.004440298752063934
RBM5-AS1,1,0.0014800995840213117
GJA3,1,0.0023610189325926818
GJA10,1,0.01970316676899908
IGHD6-6,1,0.0051803485440745905
IGHGP,1,0.002220149376031967
GINS3,1,0.0014800995840213117
RBM43,1,0.002220149376031967
RBM42,1,0.009524440823177141
GIHCG,1,0.0024832037629965074
SAMD4A-AS1,1,0.0029803214919160307
IGHV1-2,1,0.0051803485440745905
RBM33,1,0.0014800995840213117
GID8,1,0.004255286304061271
GHRLOS,1,0.007400497920106558
GHET1,1,0.01850124480026639
IGHV3-75,1,0.003700248960053279
SAMMSON,1,0.013320896256191803
GGT2P,1,0.014800995840213115
SAMTOR,1,0.00240687923395717
GGNBP2,1,0.0029601991680426234
SAP30BP,1,0.003700248960053279
GGA3,1,0.0014800995840213117
SLC66A3,1,0.011551544780708667
ENSG00000264490,1,0.0021156508895280343
ENSG00000262714,1,0.025522956544998934
CYP4A22,1,0.0014800995840213117
SUPV3L1,1,0.003700248960053279
CYTH4,1,0.003788076313338407
SURF6,1,0.003700248960053279
SUSD1,1,0.009055653257929307
LINC02099,1,0.01917201770896939
SUSD6,1,0.03271760130479109
CYSRT1,1,0.003700248960053279
CYRIA,1,0.01172238870544879
CYREN,1,0.0029601991680426234
LINC02207,1,0.005290751947100795
POMGNT2,1,0.002220149376031967
CYP4F8,1,0.007400497920106558
LINC02217,1,0.018090984685805462
LINC02274,1,0.0013009966598498553
SYNGR1,1,0.0016048974462517392
SYCN,1,0.005550373440079919
POLR3H,1,0.002220149376031967
LINC02285,1,0.006496148000407553
LINC02361,1,0.001792743895860176
LINC02362,1,0.002220149376031967
CYP2F1,1,0.007400497920106558
CYP2D7,1,0.0014800995840213117
POLR3B,1,0.003700248960053279
SYN3,1,0.003700248960053279
SYNC,1,0.0014800995840213117
CYP26C1,1,0.0014800995840213117
SYNDIG1,1,0.2764494798979548
CYP1B1-AS1,1,0.04119258286782027
LINC02086,1,0.0018954247741771407
LINC02035,1,0.0014520217340251525
LINC02009,1,0.0034502083450568856
SUPT3H,1,0.004771794560648237
DCAF11,1,0.0309381926937788
POTEB,1,0.002220149376031967
LINC01679,1,0.005896825723256651
DBNDD2,1,0.0013293966359929354
DBNDD1,1,0.003700248960053279
DBF4B,1,0.0014800995840213117
LINC01742,1,0.005920398336085247
DAZ3,1,0.0014800995840213117
LINC01801,1,0.003700248960053279
SULT1C4,1,0.005550373440079919
SULT1D1P,1,0.003700248960053279
DARS1-AS1,1,0.007400497920106558
DAPK1-IT1,1,0.003604873668580944
LINC01819,1,0.0030567361849760783
DAOA-AS1,1,0.003700248960053279
LINC01891,1,0.0033319453537931083
LINC01963,1,0.022201493760319675
SUMO1P1,1,0.0014800995840213117
DAGLA,1,0.0014800995840213117
DACT3,1,0.003700248960053279
SUMO4,1,0.0014800995840213117
LINC01977,1,0.003700248960053279
DACH2,1,0.0014800995840213117
SUN5,1,0.03360566105520388
LINC01988,1,0.007400497920106558
POP4,1,0.003700248960053279
LINC01993,1,0.004354680127753319
LINC02427,1,0.0029122298585448577
CYP11B1,1,0.007462168736107445
KLF17,1,0.0051803485440745905
LINC02940,1,0.010874481373599466
LINC02777,1,0.005336190533958231
CTXN3,1,0.02496300173350276
CTXN2-AS1,1,0.008119107715753691
TACR2,1,0.014800995840213115
CTXN2,1,0.0237451079385109
CTXN1,1,0.0014800995840213117
CTU2,1,0.0014800995840213117
TADA2B,1,0.007400497920106558
LINC02864,1,0.003700248960053279
LINC02880,1,0.003700248960053279
CTTNBP2NL,1,0.011850027278638289
CTTN-DT,1,0.0024009124635029724
LINC02917,1,0.0017815793993695942
LINC02943,1,0.005820878952742628
LINC02446,1,0.00856437673523538
LINC02964,1,0.009620647296138525
CTPS2,1,0.0014800995840213117
TAF1D,1,0.008880597504127868
TAF1L,1,0.5790803178824621
LINC02967,1,0.007366551844377276
TAF3,1,0.5790803178824621
LINC02970,1,0.005500836635706875
CTNND2,1,0.004440298752063934
LINC02988,1,0.005453668806243545
CTDSPL2,1,0.0014800995840213117
TAF7L,1,0.5790803178824621
TAF9B,1,0.5790803178824621
TAFA1,1,0.004073351895987742
CTXND1,1,0.24829594776094893
CUEDC1,1,0.002220149376031967
POLN,1,0.0014800995840213117
CUTA,1,0.005612044256080804
SYNJ2,1,0.008723543263407404
LINC02513,1,0.0033319453537931083
CYCSP6,1,0.0014800995840213117
LINC02555,1,0.005447306710763547
CYB5R4,1,0.003700248960053279
LINC02596,1,0.010761584242711175
LINC02605,1,0.01406094604820246
SYT10,1,0.10985164827123885
POLR1HASP,1,0.003700248960053279
LINC02606,1,0.003700248960053279
CYB5R1,1,0.003700248960053279
SYT14,1,0.27742484917262705
SYT16,1,0.30201928917431253
CYB5B,1,0.2310819063322419
SYT4,1,0.0014800995840213117
SYT5,1,0.0014800995840213117
CYB561D1,1,0.002018258702048338
LINC02693,1,0.0014800995840213117
CXorf66,1,0.0014800995840213117
CXCL1P1,1,0.00811999077345025
SYTL4,1,0.005365360992077254
CWH43,1,0.0014800995840213117
CWF19L2,1,0.003700248960053279
LINC02705,1,0.0054805719834807205
TAAR8,1,0.32138016195765323
LINC02754,1,0.002415234345138687
CUTC,1,0.0014800995840213117
SUGP2,1,0.003700248960053279
DCAF12,1,0.0014800995840213117
DCAF12L1,1,0.05346859747276987
DEFB130A,1,0.0014800995840213117
LINC00920,1,0.001401354583237132
DESI1,1,0.0014800995840213117
DERL2,1,0.019981344384287707
DERA,1,0.006660448128095901
LINC00937,1,0.021471864705631588
STARD3NL,1,0.01992511516385086
DENND6A,1,0.2620402206243976
STARD7,1,0.030519653422519447
LINC00954,1,0.004038252192732334
DENND4B,1,0.0022272931578428464
STAT4-AS1,1,0.003080107405846741
PPM1J,1,0.0014800995840213117
LINC00968,1,0.003700248960053279
DEFB129,1,0.0014800995840213117
POTED,1,0.1864383609536885
STBD1,1,0.007400497920106558
DEFB126,1,0.002220149376031967
DEFB119,1,0.003700248960053279
LINC00987,1,0.003700248960053279
DEFB113,1,0.0014800995840213117
LINC00996,1,0.007600434328852164
DEFB109B,1,0.004810323648069262
LINC01001,1,0.003943222041185472
LINC01013,1,0.002131844296459119
LINC01089,1,0.002220149376031967
STIMATE,1,0.00741094889146153
STIMATE-MUSTN1,1,0.008158076921963903
LINC01094,1,0.007987360127080212
DESI2,1,0.060326795854621716
DET1,1,0.0014800995840213117
DEUP1,1,0.0014800995840213117
LINC00908,1,0.0018134068458540667
SSX1,1,0.003700248960053279
SSX2B,1,0.003700248960053279
PPP1R1C,1,0.030630653933345763
LINC00659,1,0.007400497920106558
DICER1-AS1,1,0.0019057164066113624
LINC00663,1,0.010257090117267685
ST20-AS1,1,0.00340121605467877
DHX38,1,0.003700248960053279
LINC00665,1,0.007400497920106558
DHX34,1,0.023681593344340987
LINC00668,1,0.0051803485440745905
LINC00671,1,0.012894857990208836
DHRS7,1,0.0024914347088736584
LINC00839,1,0.003700248960053279
DHRS11,1,0.003494679573383652
ST6GALNAC1,1,0.0047897667094023
LINC00847,1,0.004931289015968893
DHFRP1,1,0.03382027549488697
DHDH,1,0.007400497920106558
ST8SIA5,1,0.021722240606341325
ST8SIA6,1,0.004255286304061271
ST8SIA6-AS1,1,0.003700248960053279
DGKI,1,0.003700248960053279
LINC00882,1,0.003700248960053279
LINC00891,1,0.002220149376031967
DGKD,1,0.003700248960053279
LINC00907,1,0.051063435648735236
LINC01101,1,0.0014800995840213117
LINC01102,1,0.005920398336085247
LINC01118,1,0.014800995840213115
STRC,1,0.003700248960053279
LINC01353,1,0.005264846326489245
STRN3,1,0.004625311200066598
LINC01366,1,0.0023899457946219174
STSP1,1,0.004070273856058606
DDO,1,0.019176725627097158
DDIT4L,1,0.0014800995840213117
LINC01431,1,0.004440298752063935
DDHD1,1,0.007400497920106558
POU4F3,1,0.031215711365782797
LINC01482,1,0.00505068487063068
DDA1,1,0.009428234350215755
STX19,1,0.004625311200066598
DCUN1D5,1,0.0014800995840213117
DCUN1D1,1,0.003700248960053279
DCTD,1,0.010002045866180238
LINC01547,1,0.010694673248848638
DCDC2C,1,0.10651606355789585
DCDC2,1,0.0014593298505070872
DCDC1,1,0.26523822498464256
STXBP5L,1,0.002220149376031967
STXBP6,1,0.0061044035505305235
POU2AF2,1,0.0014800995840213117
DCAF8L1,1,0.003700248960053279
DCAF4,1,0.0372343950922362
DCAF17,1,0.00423390702117509
DCAF16,1,0.002385398126910081
SUDS3,1,0.18663513747025473
STRIP1,1,0.0014800995840213117
LINC01322,1,0.0014800995840213117
DEF8,1,0.008000252802251775
DDX11L2,1,0.03755752694454077
LINC01138,1,0.004440298752063934
LINC01140,1,0.003700248960053279
STK25,1,0.0425751495585946
DEAF1,1,0.004419741813396972
LINC01149,1,0.003700248960053279
LINC01189,1,0.002220149376031967
PPIAP15,1,0.003700248960053279
LINC01193,1,0.002220149376031967
DDX54,1,0.00849001566945558
LINC01220,1,0.0025317057927163717
PPFIA4,1,0.23828401064833604
PPFIA2,1,0.27316616601449994
LINC01232,1,0.007400497920106558
LINC01234,1,0.0014800995840213117
PPDPF,1,0.0051803485440745905
DDX31,1,0.0014800995840213117
LINC01237,1,0.00369964210177061
STOML2,1,0.00849001566945558
STOML3,1,0.15007728295732867
STON2,1,0.004816828687326002
STOX1,1,0.0014800995840213117
STPG1,1,0.002448185322979026
STPG2,1,0.2431069320516228
LINC01259,1,0.0030142392575889295
LINC01267,1,0.003928333551503277
STRA8,1,0.0014800995840213117
LINC01300,1,0.008589524400092335
POLA2,1,0.25901742720372944
LINC03078,1,0.012272277903085901
POGZ,1,0.0014800995840213117
TESK2,1,0.0014800995840213117
COPZ2,1,0.003700248960053279
COPS7A,1,0.003700248960053279
TENT5B,1,0.28115639093617334
COPS4,1,0.002220149376031967
COPS3,1,0.007400497920106558
TEPSIN,1,0.007400497920106558
LRRC3,1,0.0020145799893623406
COPRS,1,0.0014800995840213117
COPG2IT1,1,0.004255286304061271
LRRC31,1,0.002191253882555881
LRRC34,1,0.008140547712117212
COMTD1,1,0.0014800995840213117
LRRC37A3,1,0.05268068722971189
TESMIN,1,0.0018292139701272438
TCP11L2,1,0.013320896256191803
COMMD6,1,0.0014800995840213117
COMMD4,1,0.0014800995840213117
LRRC37B,1,0.003700248960053279
PLGLB2,1,0.002590174272037295
TEX10,1,0.003700248960053279
COMMD2,1,0.003700248960053279
PLGLB1,1,0.004419741813396972
LRRC40,1,0.003344600795418656
TEX26,1,0.29217964730350815
LRRC45,1,0.0028692846150977338
PLEKHS1,1,0.007400497920106558
TEX29,1,0.25290806553888934
COMMD10-AS1,1,0.0027604173185742046
TENM4,1,0.19338074320532578
LRRC20,1,0.28054899065975164
TENM2,1,0.003700248960053279
LRRC2,1,0.0026073622596415593
COX20,1,0.003700248960053279
COX17,1,0.008572243424123428
COX16,1,0.003700248960053279
TDRD10,1,0.009620647296138525
TDRD15,1,0.15777033608072666
LRIG3,1,0.02812189209640492
TDRD5,1,0.0051803485440745905
LRIT3,1,0.004625311200066598
COX10-DT,1,0.008000086108720134
LRP2BP,1,0.0014800995840213117
TDRKH,1,0.00355131132795039
CORO6,1,0.008754353137046821
PLOD3,1,0.038757769983039536
LRP3,1,0.002220149376031967
TEAD3,1,0.003700248960053279
LRP5L,1,0.03366486503856473
TEC,1,0.23414941005938644
TECPR1,1,0.007400497920106558
COQ8A,1,0.003700248960053279
TECTB,1,0.003700248960053279
TEDC1,1,0.021209298626810046
COQ5,1,0.0014800995840213117
LRRC10B,1,0.004440298752063934
TEKT1,1,0.003700248960053279
PLK5,1,0.010360697088149181
COQ10B,1,0.003700248960053279
TEN1,1,0.0014800995840213117
TEX52,1,0.03561107429447428
TEX53,1,0.022533009147971825
COLCA1,1,0.003156213076607507
LRRK2-DT,1,0.004577051471591212
CNPY1,1,0.022428701824721935
CNOT9,1,0.004440298752063934
LRRN4,1,0.008880597504127868
CNOT6,1,0.0014800995840213117
CNOT4,1,0.003700248960053279
LRRTM1,1,0.09801126870705774
THA1P,1,0.004070273856058606
THADA,1,0.1975313558712791
LRRTM3,1,0.13922347671068191
THAP12,1,0.002220149376031967
THAP2,1,0.005433477518532098
THAP7,1,0.0051803485440745905
THAP8,1,0.003700248960053279
THAP9-AS1,1,0.013472681185981397
CNNM4,1,0.07652073735512846
CNNM3,1,0.0019452840200525584
CNNM2,1,0.039333646445366355
LRTM3,1,0.0014800995840213117
CNN3-DT,1,0.0011584748253037791
THEM6,1,0.022886089506095202
CNGB3,1,0.003700248960053279
CNGA4,1,0.003700248960053279
THNSL1,1,0.0014800995840213117
PLCXD1,1,0.002220149376031967
THOC2,1,0.003700248960053279
CNGA2,1,0.00703047302410123
CNEP1R1,1,0.003700248960053279
LRRN2,1,0.011068748860083778
CNTN6,1,0.05889067134484685
LRRC63,1,0.021758413895316134
CNTNAP3B,1,0.0014800995840213117
COL6A4P2,1,0.003700248960053279
TFB1M,1,0.003700248960053279
PLEKHH1,1,0.020996392864976884
PLEKHG6,1,0.21321026698625858
COL28A1,1,0.004440298752063935
COL27A1,1,0.031363310185411594
LRRC70,1,0.002220149376031967
COL25A1,1,0.012950871360186474
LRRC71,1,0.0014800995840213117
LRRC72,1,0.027306637173705843
LRRC75A,1,0.010360697088149181
LRRC75B,1,0.005920398336085247
PLEKHF2,1,0.003700248960053279
COG7,1,0.003700248960053279
LRRC8C,1,0.004706860180561311
COG5,1,0.003700248960053279
COG3,1,0.003700248960053279
COG1,1,0.01938141582600486
COA8,1,0.002220149376031967
LRRC8E,1,0.0014800995840213117
COA6,1,0.0014800995840213117
COA5,1,0.0021663859722707395
LRRIQ1,1,0.052852034097813576
COA3,1,0.0014800995840213117
COA1,1,0.004070273856058606
PLEKHA4,1,0.0014800995840213117
CNTNAP5,1,0.003700248960053279
COX6A2,1,0.007400497920106558
TCP11,1,0.011100746880159837
POGLUT2,1,0.0029863423739945384
LITAFD,1,0.07390665821115001
CSPP1,1,0.003700248960053279
PODNL1,1,0.003700248960053279
TAS2R15P,1,0.003700248960053279
CSNK2A3,1,0.025161692928362296
POC5,1,0.002220149376031967
TAS2R2,1,0.0027751867200399593
POC1B,1,0.275674857076296
TAS2R43,1,0.006660448128095901
TAS2R5,1,0.0014800995840213117
TAS2R63P,1,0.004625311200066598
LIPJ,1,0.03372879711781898
CSNK1G1,1,0.011100746880159837
CSNK1E,1,0.002220149376031967
CSMD3,1,0.003700248960053279
TCP10L3,1,0.0033302240640479507
TBATA,1,0.003700248960053279
CSF2RBP1,1,0.004070273856058606
CRYZ,1,0.0014800995840213117
LIX1,1,0.02956231678879899
PNPLA5,1,0.0014800995840213117
LIX1L,1,0.0033302240640479507
CRYBG1,1,0.005038493081391732
TBC1D19,1,0.2753298034334268
CRYBB1,1,0.21618516091817092
TBC1D21,1,0.2592872902502887
TBC1D22A,1,0.03238457889838629
TBC1D22A-DT,1,0.0030876321971925803
LMBRD2,1,0.26969575784836947
CSRNP2,1,0.0059893861348975916
CSRNP3,1,0.007400497920106558
CSRP1-AS1,1,0.004635065774345664
CST8,1,0.0014800995840213117
CTAGE1,1,0.20730654855870828
TAGAP-AS1,1,0.004290390697634659
POGLUT1,1,0.007400497920106558
LINC03122,1,0.03700248960053278
LINGO1,1,0.003700248960053279
CT70,1,0.03300416502980855
TAL2,1,0.004070273856058606
CT62,1,0.003700248960053279
CT47A9,1,0.002220149376031967
TANC2,1,0.0015097902379442836
LINGO2,1,0.0014800995840213117
CT47A8,1,0.002220149376031967
CT47A7,1,0.002220149376031967
CT47A6,1,0.002220149376031967
CT47A5,1,0.002220149376031967
CT47A4,1,0.002220149376031967
CT47A3,1,0.002220149376031967
CT47A2,1,0.002220149376031967
CT47A12,1,0.002220149376031967
CT47A11,1,0.002220149376031967
CT47A10,1,0.002220149376031967
CT47A1,1,0.002220149376031967
POFUT1,1,0.003700248960053279
CT45A1,1,0.003700248960053279
LINP1,1,0.002220149376031967
CSTF3,1,0.003700248960053279
CSTF1,1,0.007400497920106558
CRYBA4,1,0.10951670693870877
TBC1D25,1,0.026641792512383605
TBC1D3,1,0.003700248960053279
PMF1,1,0.001256975124193617
TCAP,1,0.011100746880159837
LONRF3,1,0.004466208385783076
TCEA2,1,0.003700248960053279
LOXL1-AS1,1,0.0016473216934897506
TCEAL2,1,0.003700248960053279
PLXND1,1,0.007400497920106558
PLXNB3,1,0.011100746880159837
TCEAL7,1,0.001478753613851896
TCEAL8,1,0.0017439740058258367
LPCAT4,1,0.003700248960053279
LPGAT1,1,0.0011440954215758295
LPIN2-AS1,1,0.002218085423507094
LRATD1,1,0.002220149376031967
CPNE1,1,0.003700248960053279
PLSCR3,1,0.0014800995840213117
TCF23,1,0.039256460166415395
PLSCR2,1,0.0014800995840213117
CPLX2,1,0.007400497920106558
CPLX1,1,0.003700248960053279
CPHXL2,1,0.04322646829302419
CPHXL,1,0.17073023772301835
CPHL1P,1,0.002220149376031967
LRGUK,1,0.06193497851277838
CPEB3,1,0.0023781633901832754
PLPPR4,1,0.008736698933459129
PLPPR3,1,0.00306646171216796
COX7A1,1,0.0017759141433723166
LONRF2,1,0.002770590741524601
TCAF2C,1,0.03263619582766992
TBC1D31,1,0.0030420359808096724
CPS1-IT1,1,0.005811064156267751
TBC1D32,1,0.0014800995840213117
CRYBA2,1,0.0014800995840213117
CRYBA1,1,0.004625311200066598
TBC1D7,1,0.031600126118855
LMNTD1,1,0.2701638574658994
CROCC2,1,0.011373404969785474
TBCC,1,0.003700248960053279
PNMA8A,1,0.038974547811358874
PNMA6A,1,0.0014800995840213117
CRELD1,1,0.008325560160119878
CREG2,1,0.007400497920106558
CREB3L4,1,0.003700248960053279
TBL1Y,1,0.003700248960053279
LNC-RHL1,1,0.011100746880159837
CRB1,1,0.011100746880159837
PNCK,1,0.0051803485440745905
TBRG1,1,0.03198495201070054
CRADD,1,0.005048671803386837
PMS2P2,1,0.07571120511042348
CRACD,1,0.003700248960053279
PMS2P1,1,0.0029601991680426234
LNCARSR,1,0.003700248960053279
CR1-AS1,1,0.007545816248091955
LNCMB1,1,0.00421680686482839
CPXM1,1,0.08168578176224356
TBX6,1,0.007400497920106558
LNX2,1,0.007400497920106558
PPP1R26-AS1,1,0.003139675000014022
SSU72L4,1,0.05957289389569706
PPP1R2C,1,0.004253893659301978
KRT35,1,0.0018501244800266394
ELMOD3,1,0.11895719375494959
ELMO2,1,0.0030574145810878433
SNHG11,1,0.0014800995840213117
PRR5,1,0.011344963311523352
ELFN2,1,0.003700248960053279
SNHG17,1,0.00811999077345025
PRR36,1,0.0029649274356009915
SNHG29,1,0.0014800995840213117
PRR3,1,0.003700248960053279
SNHG32,1,0.007400497920106558
PRR23E,1,0.2730041705522517
PRR18,1,0.0018516774966626883
ELAPOR1,1,0.0022918503826076624
SNHG9,1,0.019426307040279714
SMNDC1,1,0.006008369713106437
ELAC1,1,0.002220149376031967
EIF5AP4,1,0.005920398336085247
SNORA1,1,0.004625311200066598
PRR14L,1,0.04194914675493798
SNORA38,1,0.003700248960053279
SNORA47,1,0.004440298752063934
SNORA48,1,0.003700248960053279
SNORA53,1,0.003700248960053279
KRT37,1,0.0051803485440745905
KRT39,1,0.002754629781372996
SNORA66,1,0.003700248960053279
SNORA70,1,0.003700248960053279
EIF4EBP3,1,0.003700248960053279
PRR7,1,0.0014800995840213117
PRR9,1,0.020300686314707758
ELOA-AS1,1,0.0012733930199406184
ELOA2,1,0.5848022515243623
PRSS53,1,0.1246359231802404
PRSS3P3,1,0.002220149376031967
PRSS36,1,0.00846284453194913
EMSY-DT,1,0.0011636334964915639
PRSS35,1,0.004279347074101897
KPRP,1,0.03513756412466593
EML5,1,0.004321005084558759
KRABD2,1,0.15903703252501597
KRASP1,1,0.002590174272037295
SMTN,1,0.002590174272037295
SMTNL1,1,0.004751817020543322
SMU1,1,0.003700248960053279
KRT16P2,1,0.003700248960053279
EMID1,1,0.0014800995840213117
EMG1,1,0.012706231204168805
PRSS22,1,0.002220149376031967
EMC8,1,0.021844375425449425
KRT18P55,1,0.002220149376031967
SMYD5,1,0.003700248960053279
PRSS16,1,0.002590174272037295
SNAI3-AS1,1,0.003700248960053279
ELSPBP1,1,0.003700248960053279
KRT25,1,0.003700248960053279
PRRT4,1,0.0018107452065592047
PRRT3,1,0.0014800995840213117
KRT33A,1,0.003700248960053279
KRT33B,1,0.003700248960053279
SNORA73B,1,0.004440298752063934
SNORA75,1,0.002220149376031967
SNORA8,1,0.003700248960053279
SNORD89,1,0.003700248960053279
SNPH,1,0.3218674496013446
KRT73-AS1,1,0.004295860682789992
EIF3G,1,0.0014800995840213117
SNRNP27,1,0.0014800995840213117
SNRNP35,1,0.009774824336140743
SNRNP48,1,0.002262268999031291
EIF2D,1,0.019035725205607423
PRPF40B,1,0.0034183839687903584
PRPF4,1,0.004419741813396972
KRT78,1,0.007400497920106558
SNRPE,1,0.015890513589562137
PRPF18,1,0.003700248960053279
PROX2,1,0.24364543187548313
KRT83,1,0.008664749648124762
EHD2,1,0.012025809120173156
SNTG2,1,0.00487199446407015
EGFL8,1,0.003700248960053279
KRT85,1,0.002220149376031967
EGFL6,1,0.009990672192143854
EFR3B,1,0.0235017260221947
KRTAP1-1,1,0.003700248960053279
KRTAP11-1,1,0.003700248960053279
SNX14,1,0.0014800995840213117
SNX15,1,0.002590174272037295
SNX16,1,0.007400497920106558
KRTAP17-1,1,0.003700248960053279
KRTAP3-3,1,0.003700248960053279
EIF3I,1,0.021646456416311684
SNORD8,1,0.002220149376031967
SNORA80A,1,0.004440298752063934
SNORD69,1,0.002220149376031967
SNORA80E,1,0.004440298752063934
SNORD104,1,0.0014800995840213117
SNORD11,1,0.003700248960053279
SNORD112,1,0.0014800995840213117
SNORD118,1,0.003700248960053279
PRPSAP1,1,0.003700248960053279
KRT6C,1,0.003700248960053279
SNORD21,1,0.002220149376031967
SNORD22,1,0.0014800995840213117
SNORD25,1,0.0014800995840213117
SNORD26,1,0.0014800995840213117
SNORD28,1,0.0014800995840213117
SNORD29,1,0.0014800995840213117
SNORD30,1,0.0014800995840213117
SNORD32A,1,0.0014800995840213117
SNORD32B,1,0.0014800995840213117
SNORD33,1,0.0014800995840213117
SNORD35B,1,0.0014800995840213117
SNORD3B-1,1,0.007400497920106558
SNORD3B-2,1,0.0014800995840213117
SNORD3C,1,0.0014800995840213117
SNORD3D,1,0.003700248960053279
SNORD41,1,0.003700248960053279
SNORD43,1,0.003700248960053279
SNORD51,1,0.003700248960053279
SNORD52,1,0.003700248960053279
SNORD61,1,0.002220149376031967
KPNA7,1,0.003700248960053279
ENDOV,1,0.002220149376031967
KRTAP5-7,1,0.022533009147971825
KLHL22,1,0.010523508042391523
ENSG00000258820,1,0.003566225413936639
SLC8A2,1,0.002220149376031967
KLHDC7A,1,0.02014776932518214
KLHDC7B-DT,1,0.011783391475191219
ENSG00000258461,1,0.0035901030098099474
SLC9A2,1,0.0047897667094023
ENSG00000258424,1,0.0029258495808197
KLHL11,1,0.0030755311338961882
ENSG00000257878,1,0.012889616642209476
ENSG00000257178,1,0.0012980479722202378
ENSG00000256967,1,0.001308877963569147
ENSG00000255893,1,0.0022932023646952443
KLHL20,1,0.004440298752063934
KLHL23,1,0.007400497920106558
PRTG,1,0.030136472085767262
ENSG00000255310,1,0.006224576879242342
ENSG00000255142,1,0.0010160755475228157
ENSG00000255026,1,0.0013584681870901782
ENSG00000254810,1,0.0029894341749766022
ENSG00000254419,1,0.013480487808816225
ENSG00000254396,1,0.004232119586375084
ENSG00000254207,1,0.004026022901817619
ENSG00000254141,1,0.0022370780070810575
ENSG00000251545,1,0.04985953460051802
KLHL33,1,0.0029853787822223224
ENSG00000251139,1,0.003480682468021194
ENSG00000251127,1,0.004571666534235964
SLFN13,1,0.011100746880159837
ENSG00000258875,1,0.0017692375121010912
ENSG00000258928,1,0.0022696793707171017
ENSG00000259182,1,0.005770970506036062
SLC7A6OS,1,0.004625311200066598
KLF8,1,0.020413040096293925
SLC6A11,1,0.017894815109590994
ENSG00000262370,1,0.0157926625615074
ENSG00000262312,1,0.003742014293531727
ENSG00000262160,1,0.002234837632881597
KLHDC1,1,0.005555832903517462
ENSG00000261888,1,0.007539417188837444
ENSG00000261804,1,0.03101919520823689
ENSG00000261799,1,0.002739721686388063
ENSG00000261754,1,0.0025605950815358017
ENSG00000261596,1,0.002598159031150826
ENSG00000261526,1,0.0033464166755523355
ENSG00000261324,1,0.011085062109821886
ENSG00000261098,1,0.0016203874911218557
ENSG00000260805,1,0.003778192680296467
SLC6A9,1,0.00811999077345025
SLC71A2,1,0.0025834580218581306
ENSG00000260711,1,0.003988512287005421
ENSG00000260618,1,0.00237964577982879
ENSG00000260563,1,0.011021667509737494
SLC7A14,1,0.002220149376031967
ENSG00000260496,1,0.003518007283100901
ENSG00000260368,1,0.002859853786850852
ENSG00000259704,1,0.007091718918873421
ENSG00000259321,1,0.0015572568826293647
SLC7A5P2,1,0.003700248960053279
ENSG00000259268,1,0.006531203858468432
ENSG00000251034,1,0.0034772570822967992
ENSG00000250274,1,0.0038033468853527464
ENSG00000250138,1,0.010370766120898278
ENSG00000224515,1,0.002742341357097083
SMARCC2,1,0.0082022185281181
ENSG00000223711,1,0.0063482923805642764
ENSG00000222043,1,0.005341439201557592
ENSG00000217702,1,0.002242436927793181
SMC1B,1,0.004255286304061271
ENSG00000215022,1,0.002402555509721833
ENSG00000203644,1,0.01400132332357623
ENSG00000178107,1,0.0025560055805921656
ENSG00000175604,1,0.003381656867793758
ENSG00000174171,1,0.004995834337236895
ENSG00000145075,1,0.006390676248125534
KLLN,1,0.0014017732894335679
KLRK1-AS1,1,0.005153099832113762
SMG5,1,0.013320896256191803
ENKUR,1,0.023219739230829785
SMG8,1,0.0058690059894178385
ENKD1,1,0.004440298752063934
PSAPL1,1,0.0388543662561208
SMIM14,1,0.0013743979506755848
SMIM23,1,0.2900683468800768
KNCN,1,0.003700248960053279
KNDC1,1,0.0026789888523105925
PRUNE1,1,0.003700248960053279
SMIM35,1,0.02255679292695099
SMIM43,1,0.02165781873833441
SMIM8,1,0.00293964222937566
SMLR1,1,0.030342041472436885
ENSG00000224272,1,0.0014568084767280197
ENSG00000224950,1,0.006430248260089765
SLIT1,1,0.003700248960053279
ENSG00000225313,1,0.001783661528846713
ENSG00000247134,1,0.0018380384292226097
KLHL34,1,0.002486227692857478
SLITRK3,1,0.0029601991680426234
KLHL40,1,0.0014800995840213117
PSKH1,1,0.002220149376031967
SLITRK6,1,0.0014800995840213117
KLHL41,1,0.002590174272037295
ENSG00000244675,1,0.002391630053937093
PSG9,1,0.011470771776165165
ENSG00000243696,1,0.010805394682584247
ENSG00000242861,1,0.001801135430996957
ENSG00000237927,1,0.006991495733968157
ENSG00000235834,1,0.009571988993513718
ENSG00000235059,1,0.0014800995840213117
ENSG00000234426,1,0.009686159919389948
ENSG00000233974,1,0.1477915479374479
PSG3,1,0.0014800995840213117
ENSG00000230732,1,0.002809573491772229
ENSG00000230730,1,0.02369672751126044
ENSG00000230551,1,0.002680747831467041
ENSG00000228919,1,0.002645233675272997
ENSG00000228863,1,0.003796093668108649
ENSG00000228748,1,0.001734231707832826
ENSG00000227297,1,0.002020151438114674
ENSG00000226012,1,0.006380840488952967
ENSG00000225889,1,0.01283524322062728
ENSG00000225886,1,0.03135496369974155
SNX19,1,0.0014800995840213117
SNX24,1,0.006660448128095901
LINC00649,1,0.007770061513399777
DNAJC4,1,0.012714327760154107
DNPH1,1,0.007400497920106558
SPRY3,1,0.003700248960053279
PRAL,1,0.003700248960053279
SPRYD7,1,0.003700248960053279
DNM3OS,1,0.004726926305057034
PRAF2,1,0.0014800995840213117
DNASE1L1,1,0.03140072381378546
DNAL4,1,0.003700248960053279
DNAJC9,1,0.002220149376031967
DNAJC7,1,0.015171020736218442
PRAC1,1,0.02818356291240581
LINC00115,1,0.0029601991680426234
SPTBN5,1,0.004070273856058606
DNAJC28,1,0.008572243424123428
PRELID2,1,0.0014800995840213117
LINC00158,1,0.003700248960053279
PPWD1,1,0.003700248960053279
PPTC7,1,0.003700248960053279
DNAJC27,1,0.31955048441474593
DNAJC25,1,0.0014800995840213117
LINC00265,1,0.00795553526411455
LINC00273,1,0.0029601991680426234
DNAJC21,1,0.003700248960053279
LINC00278,1,0.019981344384287707
SRARP,1,0.007400497920106558
DNAJC17P1,1,0.0014800995840213117
LINC00304,1,0.0022485822289745505
DNAJC16,1,0.014800995840213115
DNTTIP1,1,0.002656781691713411
DNTTIP2,1,0.002220149376031967
SPRR2B,1,0.003700248960053279
DOC2A,1,0.04878909637553656
DPY19L2P2,1,0.010360697088149181
DPPA5,1,0.0014800995840213117
SPINK13,1,0.03450852180145688
LFNG,1,0.0014800995840213117
SPINK4,1,0.003700248960053279
LGALS17A,1,0.003700248960053279
DPM3,1,0.0012338197421999267
DPH5-DT,1,0.011739886549427678
SPMAP2,1,0.032137950581537934
DPH5,1,0.0024658364881472877
DPH2,1,0.01904225505754948
DPH1,1,0.02294154355233033
SPOCD1,1,0.2101269276237302
PRDM13,1,0.01853790909318651
DOP1B,1,0.003700248960053279
DOP1A,1,0.004440298752063934
SPOPL,1,0.0021782038970530044
LHX5,1,0.003700248960053279
DOK4,1,0.002220149376031967
SPPL2C,1,0.0014800995840213117
PRCC,1,0.008716141994792167
DOCK8-AS1,1,0.0029487177403156256
LIMCH1,1,0.004553880191884687
PRAMEF4,1,0.003700248960053279
LIMS2,1,0.004440298752063934
LIMS3,1,0.004440298752063934
DOC2B,1,0.003700248960053279
PPP6R1,1,0.010216798517480443
LINC00324,1,0.014800995840213115
LINC00330,1,0.003700248960053279
LINC00528,1,0.0025313775656064315
DMTF1,1,0.24563240712250953
DMRTA2,1,0.0014800995840213117
DMRTA1,1,0.034042290432490165
LINC00539,1,0.007162740370418054
DMKN,1,0.003700248960053279
DMAC1,1,0.20432462289891903
PPP2R2D,1,0.002220149376031967
SRSF8,1,0.0035623898098831393
SRSF9,1,0.004070273856058606
PPP2R2C,1,0.31237905888530765
SS18,1,0.0029601991680426234
SS18L2,1,0.0018501244800266394
DLGAP1-AS2,1,0.006252126741819444
LINC00578,1,0.003700248960053279
SSBP4,1,0.011440326460526527
SSC4D,1,0.001283651373722245
LINC00607,1,0.007400497920106558
SSH2,1,0.0014800995840213117
DIXDC1,1,0.002590174272037295
SSPOP,1,0.0014800995840213117
LINC00626,1,0.0029649274356009915
PPP1R9B,1,0.003700248960053279
LINC00639,1,0.0014800995840213117
PPP1R7,1,0.0014800995840213117
DIS3L,1,0.03168153159597618
PPP1R3D,1,0.004023066550127648
LINC00641,1,0.003700248960053279
PPP2R3C,1,0.007652114849390182
LINC00526,1,0.002220149376031967
DNAJC1,1,0.036158770387893696
SRRM5,1,0.035067703027765226
SREK1,1,0.05581130743256631
DNAJB14,1,0.018023295976259512
DNAJB13,1,0.004070273856058606
SRGAP2,1,0.014729247634259075
LINC00355,1,0.004070273856058606
DNAI7,1,0.0014800995840213117
DNAI3,1,0.003700248960053279
LINC00402,1,0.010347342331267226
PPP3R2,1,0.0014800995840213117
LINC00470,1,0.011100746880159837
DNAH7,1,0.0014800995840213117
SRP19,1,0.0014800995840213117
LINC00472,1,0.005380778696077476
SRP68,1,0.0014800995840213117
DNAH12,1,0.007400497920106558
DNAH10,1,0.003700248960053279
DNAH1,1,0.0020204178384945963
SRPK2-AS1,1,0.00227883329204804
SRPK3,1,0.002128069064974779
LINC00487,1,0.0038246702340355046
DNAAF8,1,0.0027751867200399593
PPP2R5E,1,0.011100746880159837
DNAAF19,1,0.003700248960053279
SRRD,1,0.0014800995840213117
SRRM1,1,0.009626197669578606
LINC00511,1,0.003700248960053279
LINC00513,1,0.00350640009343444
LEPROTL1,1,0.006364809890008918
SPICP4,1,0.003700248960053279
SNX25,1,0.007443638830297798
DZANK1,1,0.004378557509986404
PRKX,1,0.003700248960053279
PRKRIP1,1,0.0021324445183634514
SOWAHD,1,0.0025012512335457334
LARP4,1,0.016651120320239757
LARRPM,1,0.007400497920106558
LBHD1,1,0.003700248960053279
LBHD2,1,0.007400497920106558
EAF1,1,0.0036269614729330206
LCA5,1,0.07336383005380216
SOX15,1,0.004625311200066598
LCA5L,1,0.03951125839544891
E2F3-IT1,1,0.006660448128095901
LCE1B,1,0.0029601991680426234
SOX21,1,0.02056806015597657
SPICE1,1,0.0030530604321596876
DYTN,1,0.011549091644436947
SOX30,1,0.004440298752063934
DYNLT5,1,0.001433085075250085
LCE1D,1,0.0023422731551818237
DYNC2LI1,1,0.007493403987150751
DYNC2I1,1,0.003700248960053279
PRKCH-AS1,1,0.005272371129707611
DYNC1LI2,1,0.46253112000665986
LCE3A,1,0.0014800995840213117
LCE3B,1,0.0014800995840213117
LCE3C,1,0.0014800995840213117
DUXB,1,0.09780734630488654
DUXAP8,1,0.007770522816111886
EBLN2,1,0.010438402316310299
LARP1B,1,0.0029601991680426234
ECH1,1,0.019334610507944244
ECHDC2,1,0.010349596341269023
EFNA3,1,0.003700248960053279
SNX29,1,0.0029812895589755237
PRODH2,1,0.009620647296138525
SNX30,1,0.001159040367134974
KRTCAP3,1,0.0024612964602806773
EFHC2,1,0.0031838327644923524
EFHC1,1,0.002660037924833357
EFCAB14,1,0.003700248960053279
KSR2,1,0.2198302462879782
KTI12,1,0.0346952954200147
EEIG2,1,0.0013231424706187313
EEFSEC,1,0.002947453866069106
EEF1AKMT3,1,0.0014800995840213117
SOCS3-DT,1,0.004851479710155635
PRND,1,0.008271700980812436
PRNCR1,1,0.0014800995840213117
PRMT8,1,0.007400497920106558
EDDM3B,1,0.009281457808133642
L2HGDH,1,0.002220149376031967
L3MBTL2,1,0.005920398336085247
ECT2L,1,0.30958455445451555
L3MBTL3,1,0.002220149376031967
ECM2,1,0.0014800995840213117
SORBS3,1,0.003700248960053279
PRM3,1,0.002220149376031967
ECI1,1,0.0020145799893623406
LAMP5,1,0.003700248960053279
DUTP1,1,0.007400497920106558
DUT-AS1,1,0.008785974483365029
LCE4A,1,0.0033655334302813583
SPATA31D1,1,0.11675653667865257
SPATA31G1,1,0.003700248960053279
SPATA33,1,0.0014800995840213117
SPATA4,1,0.031001195119586048
SPATA6,1,0.007215485472103895
PRICKLE3,1,0.0014800995840213117
SPATA7,1,0.01857834317159128
SPATC1,1,0.04204567392072253
SPATS1,1,0.26748979649587495
DRP2,1,0.004255286304061271
SPC24,1,0.003700248960053279
DRGX,1,0.003700248960053279
PRICKLE2,1,0.001088250614845779
DRG1,1,0.0014800995840213117
LDLRAD1,1,0.0014800995840213117
DRC7,1,0.002489447078066023
SPDYC,1,0.003700248960053279
LEF1-AS1,1,0.0034504590300107395
PRG3,1,0.003679692021386316
DRC12,1,0.009636642819455577
DRC11L,1,0.25670967668072875
DRC10,1,0.003700248960053279
LEMD2,1,0.04255347033061311
DRAP1,1,0.003700248960053279
DRAM2,1,0.0014800995840213117
DPYSL4,1,0.03891371680600645
LENG8,1,0.009165265965113082
LENG9,1,0.00805526882503815
SPATA31D3,1,0.018904030968228975
SPATA31C2,1,0.2149515913880132
DUSP19,1,0.003700248960053279
SPATA31A7,1,0.010710165045487545
DUSP15,1,0.003700248960053279
SPACA1,1,0.0783008264781391
SPACA6,1,0.0014800995840213117
SPACA7,1,0.1755099860674418
PRKAR1B,1,0.003700248960053279
DTX3,1,0.0014800995840213117
LCN12,1,0.0014800995840213117
DTWD2,1,0.0014800995840213117
DTWD1,1,0.10471106578656858
SPAG4,1,0.01379908897131343
DTNBP1,1,0.004070273856058606
PRKAG2-AS2,1,0.015288848306977314
DTHD1,1,0.005782838460214833
PRKAG2-AS1,1,0.001949226024455924
LCN8,1,0.003700248960053279
SPANXN4,1,0.0014800995840213117
PRKACG,1,0.029788362993564365
LCN9,1,0.0014800995840213117
LCOR,1,0.009065609952130533
LCTL,1,0.0014800995840213117
LDB1,1,0.003700248960053279
DSCC1,1,0.0014800995840213117
SPATA17,1,0.03735456010607241
SPATA19,1,0.003700248960053279
LDB3,1,0.0024613387072368997
SPATA20,1,0.0022198358486711723
LDHAL6B,1,0.007400497920106558
EOLA1,1,0.007400497920106558
