gene,n_diseases,max_score
TNF,72,0.6375766560208563
IL10,49,0.6347357556747149
CD79A,49,0.2775186720039959
CD4,49,0.26475724512886173
TGFB1,49,0.7096078917813754
CRP,48,0.11203011353856733
IL6,48,0.31445912730408737
PTGS2,46,0.6229145888008256
ALB,46,0.1013567297501246
NFKB1,46,0.41702372843570146
APC,45,0.5317142918639743
CD8A,43,0.10907140651386676
TP53,42,0.4184981573820258
MUC2,42,0.12086771961973829
IL17A,42,0.18538247289866924
IFNG,41,0.32117712941678694
FOXP3,40,0.10289784723958953
ATP4A,39,0.40183643286255893
RET,39,0.6472018693855062
PDCD1,39,0.22349396381730882
KIT,38,0.8921556302167081
IL1B,38,0.13344596210102985
IL2RA,36,0.492513277180224
MTOR,35,0.3845572119741304
SMAD4,35,0.28127612064588997
IL23A,35,0.6300085464175642
PIK3CD,35,0.10041483446787805
RPL17,35,0.11739224516729282
SNCA,35,0.15663218838411794
CD274,34,0.3881760391349716
MUC5AC,34,0.11677031217376253
CD40LG,34,0.2755095704305512
NOD2,34,0.8061861171247156
MYC,33,0.2775186720039959
IL2,33,0.32394920608393085
PTGER2,33,0.07014223520883921
ERBB2,33,0.3753511128686869
PTEN,32,0.3084656287919581
INPP5D,32,0.09621239783430567
SPATA2,32,0.11209763649166483
RPL17-C18orf32,32,0.11209763649166483
PIK3CA,32,0.3330224064047951
VEGFA,32,0.28176905367279187
IL22,32,0.11325146143221862
MTCO2P12,31,0.07014223520883921
ACE2,31,0.12056192262546617
ABCB1,31,0.3894210859688634
IL4,31,0.08460156708087761
EPCAM,31,0.7088280903529453
BCL2,31,0.18501244800266392
NFE2L2,31,0.29870216466544897
MT-CO2,31,0.07014223520883921
EGFR,31,0.30148382329364043
CDH17,30,0.18501244800266392
STK11,30,0.27860713288756506
IL18,30,0.11659084480020007
IL33,30,0.3137547693168351
CFTR,30,0.09797666983984167
CALCA,30,0.09123781316399517
STAT3,29,0.5153294859626091
TGM2,29,0.10044065627326247
NOS2,29,0.10389940414347512
AGR2,29,0.08394793369209949
AKT1,28,0.30090358378456017
MUC1,28,0.3469573992811991
IL13,28,0.30917812430466357
JAK3,27,0.5976974493525138
EREG,27,0.06345872503766904
MAPK1,27,0.18501244800266392
MMP9,27,0.38963885188627684
INS,27,0.0926612646760983
CXCL8,27,0.09350166772908279
TCF7L2,27,0.2775186720039959
TLR4,27,0.39994586373432
LCN2,27,0.10750646744409087
ESR1,27,0.37179088277137773
MUC13,27,0.06896112872973961
CTNNB1,27,0.2799238338280305
CDX2,26,0.3816714238968348
IL10RA,26,0.8156338558448248
CDH1,26,0.2778886969000012
CYLD,26,0.40898902430626605
MKI67,26,0.17194157560907172
GPT,26,0.06202328394769839
NLRP3,26,0.1450697789853094
CCL2,26,0.44673214358063645
GCG,26,0.11299542247350021
GAST,25,0.06086539514391637
VIP,25,0.08164800174778654
TNFAIP3,25,0.4275324115284607
MYD88,25,0.2775186720039959
BTK,25,0.2780737093480039
IGF1,25,0.2067210970904742
CASP3,25,0.10743286793823577
CTLA4,25,0.4714015564026924
GPA33,25,0.06828686114146322
KRAS,25,0.37467343693943916
PIK3CB,25,0.2775186720039959
TFF3,25,0.08096205701540879
SMAD3,24,0.4770847967576962
PTGS1,24,0.6114356359911978
TF,24,0.11130245155991744
PPARG,24,0.6285289846130336
ATP12A,24,0.031360453676299506
MPO,24,0.0937159326483097
YAP1,24,0.32583981212081864
IL37,24,0.46253112000665986
ICAM1,24,0.3499501458180291
NR5A2,24,0.4931333347228331
PIK3CG,24,0.31192011217680876
ISYNA1,23,0.08552523503675753
IGHE,23,0.08736798381157719
HP,23,0.08364045268478486
GSTM1,23,0.08507880052364414
CDKN2A,23,0.30167184355237714
TLR5,23,0.2308433793173726
LTF,23,0.2962835532374159
TLR9,23,0.3254705694442892
GGH,23,0.08519629724328347
NOTCH1,23,0.2793687964840225
FABP2,23,0.4136043310109182
GH1,23,0.08624233216761161
PTPRC,23,0.4069462651821186
FOXL1,23,0.06551528775288883
NOS3,23,0.10778835483954863
NFKB2,23,0.2786287466920119
HIF1A,23,0.2775186720039959
TLR2,23,0.09575724281914724
MSH2,23,0.494479671014154
NOS1,23,0.04199558324379368
LEP,23,0.10079522799089949
AHR,23,0.26075432966778006
NLRP6,22,0.08514331070152245
CSF3,22,0.07146124619508247
GDNF,22,0.08708078299762352
ALK,22,0.2946943873528018
CXCR2,22,0.4186543824919874
FASLG,22,0.30197364131960674
IL5,22,0.04532040233914564
RETNLB,22,0.07387115353034364
KRT20,22,0.08066627215161468
CD19,22,0.09378113767159903
CD28,22,0.4340214307348278
NKX2-3,22,0.5323057987640222
CCR2,22,0.3486394947826378
MLH1,22,0.5048570560475049
NR1I2,22,0.30214166783050406
CEACAM5,22,0.057151156137591363
CEACAM7,22,0.05162329296886826
CARD11,22,0.33652542677176916
TFF2,22,0.059936412523195925
SST,22,0.04452879598528116
RAG2,22,0.22610598798932052
OCLN,22,0.08403325464063528
STAT1,22,0.09616077225011246
LYZ,22,0.048631593583256236
ITGB2,21,0.08092939767725046
LGR5,21,0.05280757133162176
CLOCK,21,0.09037198870286796
PRKCD,21,0.09670523568579244
GLP1R,21,0.33672906107785794
TJP1,21,0.03483241299115985
PRKAB1,21,0.3850841935687393
CEACAM3,21,0.04038588081226388
STAT5B,21,0.37002489600532784
FAS,21,0.3261701560793161
EDNRB,21,0.34187895229068255
S100B,21,0.0787460259658272
WAS,21,0.37002489600532784
PSG2,21,0.0355360477948442
MUC16,21,0.4285212632148687
GOT1,21,0.03153127054995593
GHRL,21,0.10534973918865218
SERPINA1,21,0.1058216415966033
PLG,21,0.3249692256820124
SLC5A2,20,0.09019738285547355
ACE,20,0.05201316621514892
ADAMDEC1,20,0.10218854211347138
TLX2,20,0.07019438881702351
IL15,20,0.11410115736802783
JAK2,20,0.6660542522876888
CD40,20,0.47580295462704514
VDR,20,0.3813810350131666
CP,20,0.04433314961087043
LYPD8,20,0.07060816421821955
S100A12,20,0.10625622006842743
TGFB2,20,0.253815711863755
REL,20,0.29829720441345287
YIPF6,20,0.06653337688580385
EGF,20,0.10566824162033271
ABL1,20,0.5885619400439419
BAX,20,0.37002489600532784
MRC1,20,0.28652921470300485
KRT7,20,0.08238337069355957
FFAR2,20,0.08876685899724471
CCR7,20,0.18501244800266392
PDGFRA,20,0.8173793919253047
CLDN2,20,0.11149437972195843
FGFR3,20,0.4367935584186897
SLC9A8,20,0.33798338038189574
STAT6,20,0.2775186720039959
SLC17A5,20,0.031530055046648395
INSR,19,0.275384649208205
TNC,19,0.43106922907848894
RC3H1,19,0.07970500715464097
MYLK,19,0.6392968343691523
CLDN7,19,0.07821625706466011
CCN2,19,0.04823994012282793
GATM,19,0.07627742573051874
CLDN1,19,0.07400497920106557
CLDN15,19,0.06250275530873996
EPHB2,19,0.08686198668233555
EHMT1,19,0.10826983496045722
ATM,19,0.2816810417637533
SOAT1,19,0.07487843823704762
RAPH1,19,0.060359283313935766
TET2,19,0.3962789945022841
NF1,19,0.3092373973075158
PRKDC,19,0.06365615302786637
FANCA,19,0.2963430718801069
NR1H4,19,0.10157784756471924
VIM,19,0.04390868136327324
CXCR4,19,0.35947147093353055
CD68,19,0.04125189875808585
GPR35,19,0.5588779748928249
TGFBR2,19,0.37002489600532784
FEM1A,19,0.07400497920106557
MMP7,19,0.11200939270987456
SLC12A2,19,0.37002489600532784
JAK1,19,0.5295816459656888
AICDA,19,0.05348716413492782
CPOX,19,0.06340752483637088
ITGAM,19,0.10087660571493572
ICOS,19,0.08021474628484263
OCA2,19,0.42436728916949407
RELA,19,0.08974587370946065
FPR2,18,0.05712877218470248
TIMP1,18,0.095726889937123
RORC,18,0.40535126046605063
MAPK3,18,0.0573108418260539
BACH2,18,0.5620265167786204
C3,18,0.04560738484193203
SPDEF,18,0.28097805256888414
SLC22A4,18,0.4432950380804718
CGA,18,0.07868644752725366
GNAI2,18,0.068312351913222
CHGA,18,0.06679924790692286
IL4R,18,0.14356633699521631
IL25,18,0.09201402242515329
FAP,18,0.33924719936991465
ATG16L1,18,0.5110102640365899
S100A8,18,0.08120549293621764
OLFM4,18,0.12371053926509884
ZGLP1,18,0.19786418169269523
YY1AP1,18,0.08713961766812928
HGF,18,0.3195022496869124
SOCS1,18,0.3810565409340511
RAG1,18,0.0670554907631878
CCL27,18,0.08690448190606646
GIP,18,0.028749313134657686
CD44,18,0.10154147027645855
IRF4,18,0.3751922081701203
TNFRSF9,18,0.06504941538630114
IL7R,18,0.35283777921126386
CCL28,18,0.08353312027320277
NR3C1,18,0.614418550707776
ACHE,18,0.46364119469467585
CD34,18,0.3268232977100052
GATA3,18,0.3286312077139567
SOX2,18,0.2775186720039959
TBXT,17,0.03792366565587507
GFAP,17,0.06611630028406697
HMOX1,17,0.06595422305557049
BRAF,17,0.4431787048391706
LYN,17,0.09250622400133196
RASA1,17,0.2775186720039959
TTC7A,17,0.7957066919039494
NFKBIA,17,0.5065542516240169
GIMAP5,17,0.053895976227656024
FCGR2B,17,0.2775186720039959
PRKCB,17,0.4893021229256621
MET,17,0.30599663602593813
HMGB1,17,0.2523709221208247
PROS1,17,0.24713330776198122
IL21R,17,0.3632984645119167
PIEZO1,17,0.08378659228536144
PDX1,17,0.06494774806834748
POMC,17,0.30441428378934143
MAPK8,17,0.08358988682022132
IRF8,17,0.3084825015061592
JUN,17,0.2775186720039959
FLT3,17,0.6487117433729653
NLRP1,17,0.15618484271212588
ACTG2,17,0.7841073776936734
HSPA4,17,0.0601335453972692
ERBB4,17,0.319342570020925
SYT1,17,0.2431069320516228
SATB2,17,0.39865890072845744
LCT,17,0.5446526325435187
ACTB,17,0.18201725156974555
IL1A,17,0.08397429985948943
GABPA,17,0.1007069687848959
ANXA1,17,0.06804665665826913
MT-CO1,17,0.03641615361639031
SPP1,17,0.09818619320333273
DPP4,17,0.09404863008164771
COX5A,17,0.06340752483637088
BCL10,17,0.2775186720039959
SPI1,17,0.05449931539664643
IL6ST,17,0.18501244800266392
IL7,17,0.2911522553199757
ITGAE,17,0.1040394232851061
IFNA1,17,0.07586645457061963
AR,17,0.37002489600532784
NFATC1,17,0.3142849603735396
KLF4,16,0.2786287466920119
FGF19,16,0.08991220925185484
PCNA,16,0.054881816425187094
NCKAP1L,16,0.04711156975939834
CSF1R,16,0.6223784230572302
KLF5,16,0.09600058388402964
SOD1,16,0.08869529854147962
CHKA,16,0.09119075522200465
PTCH1,16,0.28313009955191665
WNK1,16,0.05661378902720394
TAC1,16,0.049250017024657804
FN1,16,0.33398886880847284
PPARA,16,0.2246384010506758
ASRGL1,16,0.03029426625534768
FOS,16,0.4383170023478357
CBFA2T2,16,0.045871986357780496
IL2RB,16,0.0904284604763555
SETD2,16,0.2852153467551421
IL1R1,16,0.4266216206492799
SMARCA4,16,0.32504792007561456
APOA4,16,0.10011280523157483
RIPK1,16,0.4874152942630181
CDKN1B,16,0.37002489600532784
NAT10,16,0.046935618056273554
HLA-G,16,0.07846963005012121
IKBKB,16,0.2775186720039959
LAT,16,0.0599147025127731
CTNND1,16,0.20692912176030753
CDKN1A,16,0.21556726260123757
PARP1,16,0.05130667917200689
MS4A1,16,0.20440689232907427
CX3CR1,16,0.05586415589810042
RHOA,16,0.37002489600532784
CCR4,16,0.09250622400133196
TBX21,16,0.05451571653611828
UROD,16,0.06888732062189891
RUNX1,16,0.2775186720039959
SMAD7,16,0.4261170819553342
IL10RB,16,0.7320787144705148
EZH2,16,0.29709915608427784
IKZF1,16,0.4518454744817954
EP300,16,0.2799084161240303
ASAH1,16,0.3377487613095239
CACNA1C,16,0.37002489600532784
CCR6,16,0.07605108752005924
PTPN11,16,0.30928235778946306
TSLP,16,0.10504602213688065
COL3A1,16,0.18700133181869258
NFIL3,16,0.06139420618703296
COX8A,16,0.06340752483637088
CXCL10,16,0.11626821971057086
SQSTM1,16,0.1580590717640518
IL1RL1,16,0.3846614101438878
PLA2G4A,16,0.6372650986758425
TNIP1,16,0.32944410012995345
IL23R,16,0.6683671186937525
LRBA,16,0.11362569144630978
KDR,16,0.6564975252280921
HLA-C,16,0.042536257271506894
NOX1,16,0.06225043261927038
TBXAS1,16,0.039824179665147216
TG,16,0.2704009697122809
SLPI,16,0.05021641723198429
WNT5A,16,0.25488722497353533
TVP23B,16,0.07323419884144168
ISG20,16,0.08397642124482443
TNFSF15,16,0.5425453488591139
MYO1D,15,0.11071964586527187
TRPV5,15,0.05996614926384332
HNF4A,15,0.46385899545985226
ERBB3,15,0.29624375902530253
SLCO2A1,15,0.04706264424537097
POU2AF1,15,0.22775210559575043
GUCY2C,15,0.6469341196603892
CRLF2,15,0.2775186720039959
ATRNL1,15,0.03029426625534768
CCL3,15,0.08172961461139151
MAPK14,15,0.27582574250526626
GSDMB,15,0.3195201438519578
ERN2,15,0.11043570983538999
ANO1,15,0.3360237194501717
GORASP1,15,0.05661378902720394
MUC6,15,0.18593751024267727
BIRC3,15,0.4076419660778842
CD38,15,0.42601788219195763
CCND1,15,0.08666365045157201
SERPINE1,15,0.11840796672170491
PCLAF,15,0.03285081026735301
ICOSLG,15,0.05615877291478821
IGFBP3,15,0.19452878480450456
FAM3D,15,0.05374241589581382
CCNE1,15,0.2775186720039959
CR2,15,0.051481769350607935
CD74,15,0.18501244800266392
ELAVL1,15,0.03104453168607507
MISP,15,0.06378818068358512
ELF4,15,0.3787419012400473
PRDM1,15,0.5047050779623883
CRH,15,0.1540384965719468
STING1,15,0.11323718262824756
LTB,15,0.059050217459623584
AQP3,15,0.050747064362650696
ALPP,15,0.03029426625534768
PPARGC1A,15,0.18075215481475546
SAA1,15,0.2206022665957438
SPRY2,15,0.24213502544374063
TMEM258,15,0.18068578901293983
IL9,15,0.23461543648788283
TP63,15,0.2782073294493391
ZEB1,15,0.18501244800266392
FLT4,15,0.6497495213753293
PITX2,15,0.22972240251486478
CASP1,15,0.0924539668427738
PTPN22,15,0.5229891240244116
PDLIM3,15,0.03029426625534768
RB1,15,0.28829127460847087
PRKAA1,15,0.10850928799176884
CCR9,15,0.2989071485539201
CNR1,15,0.09584268337876907
LCK,15,0.2775186720039959
GLB1,15,0.04009316674524482
TXNIP,15,0.07568406905280434
SH2D1A,15,0.06234364185691759
PDGFRB,15,0.6649341194055428
FXN,15,0.07398442226239862
NRG1,15,0.29331804410750245
IL2RG,15,0.09261057144153483
AFP,15,0.019385398732332453
MMP2,15,0.05459348515202453
PMS2,15,0.2796411759213598
FLNA,15,0.7415380415001043
ITGB7,15,0.6099204137449474
SLC26A3,15,0.5129496029512985
USH1C,14,0.06845275563650563
MSH6,14,0.2970575337447863
EBF1,14,0.2775186720039959
CD55,14,0.4662313689667131
IGHA1,14,0.08392905658441092
ENPP7,14,0.06374252540092325
DMBT1,14,0.1095617486154023
DNM2,14,0.2775186720039959
DEFA5,14,0.15768523500981252
IDO1,14,0.11900189564728193
VCAM1,14,0.31065231297239515
MADCAM1,14,0.40346408680504264
NECTIN1,14,0.11876120276503824
ASXL1,14,0.2852503422060272
GREM1,14,0.36178463050321136
LTA,14,0.05814168710968623
CD83,14,0.2792348975853232
HSPA5,14,0.05862061207165652
ST6GALNAC1,14,0.06101114383906515
ATP5MK,14,0.04307089789502017
PRKAA2,14,0.10289721034104883
TVP23C-CDRT4,14,0.07323419884144168
C9orf72,14,0.19459219136739156
NCAM1,14,0.17767639141428046
CAMK2G,14,0.30585515981168815
IGHM,14,0.06622431132945295
BCHE,14,0.3559677039290298
SIRT1,14,0.09746513923305108
CMPK1,14,0.09116659247269547
ABO,14,0.4230025932951637
KRT8,14,0.08750923300627182
ITGAL,14,0.3451486375709216
HLA-B,14,0.03221436744622385
MLKL,14,0.12119568452996583
CCK,14,0.05256126037593384
EPO,14,0.07680035399646576
SDCBP2,14,0.07795634428210015
ABCG2,14,0.22526085468531895
SULT2A1,14,0.07795634428210015
FOXP1,14,0.33809950995855786
BCL3,14,0.2775186720039959
B2M,14,0.2775186720039959
CD14,14,0.09061822621045537
FUT2,14,0.31649204537582243
CXCL12,14,0.08742497049954769
S100A9,14,0.10288626552941321
SMAD2,14,0.28245003655673445
TVP23C,14,0.07323419884144168
ENTPD8,14,0.057330835109518835
BDNF,14,0.08947103798229017
LRRK2,14,0.2979621948319164
DICER1,14,0.2775186720039959
CHKB,14,0.09116659247269547
CA9,14,0.059370494564054854
BCR,14,0.5696897006880948
AVP,14,0.10224399262519458
AP1M2,14,0.05379421938125456
PRH2,14,0.043304224632258664
BMI1,14,0.1468218578774154
CCL20,14,0.4993939606886654
GAD1,14,0.0807914470922371
PTK6,14,0.07400497920106557
SLC44A4,14,0.06125844381122871
TLR1,14,0.031333708193731165
PRF1,14,0.2775186720039959
NPY,14,0.3242169032499115
RUNX3,14,0.47508110112290314
AIRE,14,0.06550211179620308
BTNL2,14,0.09046816823148535
F2RL1,14,0.09829271502484248
CRK,14,0.047711229654785185
PLA2G2A,14,0.03350481509785423
KITLG,14,0.23732463139546503
SPTA1,14,0.0693000056139746
CAT,14,0.05405370808035694
PTPN6,14,0.18501244800266392
PKD1,14,0.24180424275793932
COG6,14,0.3511417554492021
TYMS,14,0.2593874520997348
ADA,14,0.19294763189749817
GPX4,14,0.0802788095336193
CSF2,14,0.09105425106862733
IL21,14,0.5885361803021187
TRRAP,14,0.2775186720039959
SAA2,14,0.09405154992394293
GNAS,14,0.2775186720039959
PTPN2,14,0.4848130123126049
DUOX2,14,0.08920621062076288
EDNRA,14,0.09126165995273577
MYO5B,14,0.33288919744223316
PAX5,14,0.2780737093480039
CASP8,14,0.2780737093480039
RNF186,14,0.5374991818240124
EZR,14,0.21263973665649255
DSG2,14,0.10983118822015472
GGTLC5P,13,0.027542882814452288
SMTN,13,0.04209773241852616
NRAS,13,0.2793687964840225
ZC3H12A,13,0.1983087797036534
CYP1A1,13,0.07743502034460648
AXIN2,13,0.2780737093480039
CXCL1,13,0.08741226897310654
PROM1,13,0.3266272269599184
SSTR2,13,0.18501244800266392
MEFV,13,0.09554551604262554
GGTLC3,13,0.027542882814452288
MUTYH,13,0.33561581839467247
SMCR8,13,0.10464901378387023
PTK2B,13,0.023826339772362842
CCL5,13,0.06946634339074712
SLC6A4,13,0.32820298316489543
CCL11,13,0.33920614684584216
APOE,13,0.3580218634460101
GPBAR1,13,0.07065698596114678
TRPV1,13,0.10674210811198778
PICALM,13,0.2745233770097854
TNFAIP8L1,13,0.09188211534340299
PGLYRP3,13,0.06511122525619085
SERPINC1,13,0.052608905399138775
PTH,13,0.043477925280626016
IL22RA2,13,0.04537060262369328
TYMP,13,0.6278698036888367
WT1,13,0.2775186720039959
ATG7,13,0.04934446443740383
CREBBP,13,0.2835182929126117
RAC2,13,0.05966425321760576
GGTLC4P,13,0.027542882814452288
ADIPOQ,13,0.28013698707129076
DCC,13,0.2753293182189721
SCGN,13,0.21467065397129548
KEAP1,13,0.2775186720039959
SELE,13,0.05073764849034225
EFS,13,0.060275168432298284
BCL2L11,13,0.4019103756918925
LGALS3,13,0.10084888339435846
REG3G,13,0.03535957906226913
PGLYRP2,13,0.06076343272812826
HK1,13,0.40555132243266684
ATG5,13,0.2446892163882621
MST1,13,0.5242632700158198
PYCARD,13,0.048469561127737905
ADAM17,13,0.4717484401661525
HRH2,13,0.3713065183465197
TFRC,13,0.20853508481876262
AGT,13,0.19786553629932344
CDH11,13,0.2775186720039959
TFF1,13,0.053505599962370406
ACKR3,13,0.2775186720039959
POLD1,13,0.2775186720039959
CD47,13,0.31597815241884514
HOXD13,13,0.2775186720039959
GPR15,13,0.0943763009566873
NOD1,13,0.06235037161728246
MME,13,0.31410995117628715
REG3A,13,0.03439500038282519
PECAM1,13,0.030590737707480605
CLDN4,13,0.02933501892919873
PLA2G1B,13,0.0385935800007304
SGPL1,13,0.04368264458474295
AIM2,13,0.0825947240583458
PIGR,13,0.07511505388908155
XIAP,13,0.47211544504587755
GGT1,13,0.028513847645973128
TGFB3,13,0.07663906553012202
RIGI,13,0.05186453954858679
CYP3A4,13,0.07103830917105902
WWTR1,13,0.28401327230969076
NSG1,13,0.30223606975953216
IGF1R,13,0.23866221326053938
TNFSF13B,13,0.10876388652709204
NBR1,13,0.062472010099552014
SLC9A3,13,0.12765238877260277
FGFR2,13,0.380222800024387
BRCA1,13,0.2830313644240025
FNDC4,13,0.08123223433431827
IL17RE,13,0.06266001588954222
SRC,13,0.3427530867532453
LPL,13,0.3867742510454198
KMT2A,13,0.2789242526853494
F2R,13,0.0726198529359955
MUC17,13,0.1744905201723022
FGF2,13,0.10160182249859219
MARK2,13,0.04415521798759583
GSDMD,13,0.10340643620925147
F2,13,0.0425506655943799
ARID1A,13,0.37002489600532784
GSK3B,13,0.18501244800266392
MAP3K14,12,0.07573996209445391
MMP1,12,0.11782171187735475
VHL,12,0.37002489600532784
KMT2D,12,0.37002489600532784
DAO,12,0.030790962769484145
SLC52A1,12,0.09544206280074936
HNF1A,12,0.2775186720039959
GRAP2,12,0.047711229654785185
ERCC5,12,0.28662662924978033
KHDRBS1,12,0.025705266551747343
EDN1,12,0.05902604417786867
VIL1,12,0.01669609505533053
RXRA,12,0.41283161979330246
TTR,12,0.04614272124002439
ERVW-1,12,0.03999741446918028
ARHGAP17,12,0.227731302026007
PRKN,12,0.25718362092691704
HLA-DRB1,12,0.08140553901713814
TRIM21,12,0.03618843482932107
TNFRSF8,12,0.2844839034454071
VIPR1,12,0.04121624189302769
CCR5,12,0.08976709103685727
PRKAR1A,12,0.28527973862832096
MYH11,12,0.7466606785425189
SI,12,0.5267715533409181
SMN1,12,0.05270524084228144
LPAR2,12,0.056983833984820494
TERT,12,0.2893545041579979
HLA-DQA2,12,0.06039756676407821
RIPK3,12,0.10283215379355713
FABP1,12,0.07161267307224221
PRKCH,12,0.07400497920106557
HLA-DQA1,12,0.061715669870014034
YWHAZ,12,0.027404582729837087
ETS1,12,0.4604665771755403
REG1A,12,0.0824294511083726
RNF19A,12,0.168304923112182
TRIM58,12,0.21679953339547803
DCLK1,12,0.07486117418855778
ABCC4,12,0.4071206775194941
IL15RA,12,0.04860914274128657
IRF1,12,0.4395915305649229
TLR3,12,0.17566599423144064
FGFR1,12,0.4241355979597293
FGF7,12,0.07866320497548737
GTF2H1,12,0.031531192662888584
VWF,12,0.31985634638429966
STAT5A,12,0.04862118165958201
FMO5,12,0.030080782781195217
FGF10,12,0.059305740207253925
TRPA1,12,0.2767414907788489
HSP90AB1,12,0.18501244800266392
AHSA1,12,0.047711229654785185
TGFBR1,12,0.03517456661426647
BRCA2,12,0.28403818895345856
TSC2,12,0.2815869127158909
GSTK1,12,0.029268721984770575
POLQ,12,0.2775186720039959
TGFA,12,0.30565674344406013
FERMT1,12,0.1912378332656938
FNIP1,12,0.24644216388172607
NFATC2,12,0.2775186720039959
IL13RA2,12,0.08857021695316271
PPIB,12,0.019450249181470505
CYBB,12,0.04403296262463402
AIMP2,12,0.047711229654785185
GZMB,12,0.05368427593268988
WIPF1,12,0.04855281672933909
LTBR,12,0.19184528206356094
CYGB,12,0.037002309546222384
IDH1,12,0.28128609076114347
HPGDS,12,0.04178405989152771
RASGRP1,12,0.46786518154217976
CASR,12,0.07244070743818437
NLRC4,12,0.7624323572239058
HSPA1A,12,0.046266801850174955
GUCA2A,12,0.06381749830843883
AKR1B10,12,0.2810365209106704
TIGAR,12,0.042125484285726544
TKTL1,12,0.06787119984161726
HPRT1,12,0.05688207713841902
SIGIRR,12,0.04056027897562402
SLCO6A1,12,0.029268721984770575
MIF,12,0.07148406684192106
PTGER4,12,0.4386869361824429
ALOX5,12,0.60705992410227
XBP1,12,0.04715149133812648
RPSA,12,0.04145059135980478
FLT3LG,12,0.04598648850615547
RNASE4,12,0.07474502899307622
IL18BP,12,0.03903392627960203
HSP90AA1,12,0.2313194279001146
SHH,12,0.17003929233958553
SLC2A1,12,0.09397153973244761
GRP,12,0.279803965919827
TACR1,12,0.3061277322931156
LEPR,12,0.06958865758594099
FBXW7,12,0.2808478136822936
HLA-A,12,0.18501244800266392
SDC1,12,0.04965697271520006
CXCL14,12,0.04133622165029392
PGLYRP4,12,0.052664204462731616
BCL6,12,0.28299452654140805
AOPEP,12,0.3045943002299793
CD27,12,0.09617732411140431
PGLYRP1,12,0.09706192820605306
GIMAP1-GIMAP5,12,0.053895976227656024
RHOH,12,0.18501244800266392
TNFAIP8L2,12,0.07400497920106557
TBC1D9,12,0.06905850500794061
LIF,12,0.056499253260559566
IHH,12,0.05119109423785709
IFNA2,12,0.04696765134415744
SSTR4,12,0.18574735856000782
ZRANB1,12,0.19105842480754898
AOC1,12,0.052712519126572786
NTRK2,12,0.3247031255813746
NR0B2,12,0.01900582538178975
TNFRSF1A,12,0.3644083863845596
PCSK1,12,0.03671697533880667
DES,12,0.05702453672338108
POLDIP2,12,0.047711229654785185
TNRC18,12,0.4958986504471246
H3P10,12,0.06689535387256922
IL5RA,12,0.07077471745304685
ANPEP,12,0.09634249544539301
FCGR2A,12,0.5533324419880179
FOSB,12,0.028646358607893795
ITPKB,11,0.31060469579023126
SOX10,11,0.060800743571808785
ITGAX,11,0.05692581146679047
IL6R,11,0.34202267819891824
NR4A1,11,0.06853687065855686
JUND,11,0.09610145092448556
CAMP,11,0.2771125033950423
NPY1R,11,0.04675264561027318
CEACAM1,11,0.06174261688915285
PRKCA,11,0.08496405422090576
SCD,11,0.04513640135997961
TLR7,11,0.07147104072547789
INAVA,11,0.6577009270450982
WNK2,11,0.18776685924810144
CCR1,11,0.4024427978561135
PITX1,11,0.26847363797609575
MIR497,11,0.09457527987816176
VAV1,11,0.18501244800266392
PRH1,11,0.018991483777451707
C1QL1,11,0.08029540243315614
EBI3,11,0.0513224041897743
ENO4,11,0.02336296079500306
HES1,11,0.06385692523013685
TNFSF13,11,0.07650859617543414
NFKBID,11,0.052316586629873284
TLR8,11,0.03754493968695046
ENO2,11,0.012142983670574842
RELB,11,0.03758712893622121
CIITA,11,0.4055403358492001
POSTN,11,0.3551306428291376
SFN,11,0.043274411587823094
CHI3L1,11,0.08980352806549266
PGP,11,0.04633202983928237
LRP1B,11,0.28463137278276496
VEGFC,11,0.20360154308546638
PLB1,11,0.2485549199485213
MLN,11,0.4214320111980534
S100A1,11,0.02347746294337805
TNFAIP8,11,0.03637344727732373
ERVFRD-1,11,0.03088090619266753
ZAP70,11,0.25374378011716753
TNFRSF4,11,0.08519867423511443
MAP3K8,11,0.46495410722889846
EPAS1,11,0.18501244800266392
VPREB1,11,0.051037945044788216
SGCG,11,0.18414935318377731
SLC10A2,11,0.3806500449402171
SFRP2,11,0.07146704345155624
NT5E,11,0.09339928534969574
TNFRSF25,11,0.09565913651757947
NOTCH2,11,0.3232113361110547
TNFRSF13B,11,0.05305745869943062
NTRK1,11,0.4229439582281452
PFKFB3,11,0.205715530808503
TNFRSF13C,11,0.05254908560619664
NTS,11,0.05069823017627512
TNFRSF17,11,0.37002489600532784
MAP2K1,11,0.2775186720039959
MAP2K7,11,0.048835445747250635
ENTPD1,11,0.08808837878525073
CHEK2,11,0.18501244800266392
MIR139,11,0.0496709086234352
GSR,11,0.049463621470642836
NPPB,11,0.020233030738363397
CLEC7A,11,0.10038565421799331
NUP62,11,0.023132320728321585
BTG3,11,0.18594672843510762
KCNE2,11,0.14750658644647766
IL18R1,11,0.41594250017337053
CD1D,11,0.07786755839903926
EDN3,11,0.3742419927302847
CD86,11,0.2661852161325994
TNFSF10,11,0.0848382331458239
PPBP,11,0.04441554636090717
IL17F,11,0.07641730038616164
CD80,11,0.273014613967111
ATP6AP2,11,0.05527070891512835
CD69,11,0.10330470489649336
CLDN3,11,0.07889310124765556
MALAT1,11,0.04960538846200544
CLDN18,11,0.22758785498904816
HLA-E,11,0.07587586618914584
SOX9,11,0.2409789358399108
TMPRSS2,11,0.2934667006996906
RERE,11,0.25212572339636097
MAGT1,11,0.05957400825685779
CD36,11,0.03550183307784451
CLCNKB,11,0.09457527987816176
CLCNKA,11,0.09457527987816176
BIRC5,11,0.09474270285291146
H3P16,11,0.039785788985846754
HTR4,11,0.5313043583169834
MBP,11,0.027987889295646724
SELP,11,0.062213108042922446
MUC4,11,0.18556748534667195
TCF7,11,0.03487854669746221
ODC1,11,0.1519324519369875
FOXO1,11,0.3186820828721232
GMDS,11,0.04960738768295428
IGHA2,11,0.04620130851522524
HSP90B2P,11,0.020801226360218538
PTHLH,11,0.06180895862872996
MST1L,11,0.053463458238103126
MFAP1,11,0.049880189297644706
ARPC1B,11,0.05492387455335083
SLC9A4,11,0.41868828190512614
ADRA1A,11,0.39522104880766684
ACTA1,11,0.13858549827446567
PSMB10,11,0.04039006752346157
DNMT3A,11,0.33016386652662183
CXCR6,11,0.044534140789334556
ADRA2B,11,0.25901742720372944
LBP,11,0.08152821904125662
ALPI,11,0.5035686160424878
MEN1,11,0.41580333244328677
LAP3,11,0.053445251013463056
DNAJC3,11,0.054953156045298275
IGF2BP2,11,0.06847822463472854
LIAT1,11,0.042747495940481335
FUT1,11,0.2061525546699917
ANK1,11,0.18501244800266392
LIFR,11,0.25888748394970623
LIG4,11,0.20326752638666823
ROCK1,11,0.18501244800266392
CTSB,11,0.02021090500177425
CXCL2,11,0.07830342249044667
CXCL9,11,0.07290973966311798
CXCR3,11,0.08119384439890127
DUSP4,11,0.1648159477075924
RSPO2,11,0.285096117269771
KLRK1,11,0.06762377503438917
KMT2C,11,0.37124546423867877
RNF43,11,0.37002489600532784
MAVS,11,0.2413115282933763
CSF1,11,0.07385541762514607
IAPP,11,0.05957400825685779
ABCB4,11,0.23014418528821062
MYCN,11,0.2775186720039959
AGTR1,11,0.20198463208092649
DDIT3,11,0.18501244800266392
TCEAL1,11,0.040769904950216124
SLC5A1,11,0.054055277724555144
FLI1,11,0.2098252565641479
OPRM1,11,0.37002489600532784
GDF15,11,0.09346817584133499
IGKV1-27,11,0.06556772158290004
AREG,11,0.13078646852467976
DCTN4,11,0.023132320728321585
MTHFR,11,0.11100746880159836
SEPTIN9,11,0.27513458795468543
TYK2,11,0.5580972951620777
IFNB1,11,0.06814339862265673
PADI4,11,0.33779156846878544
STX2,11,0.05268599481771861
MYLK3,11,0.04677596975396906
KRT19,11,0.017761195008255737
PRTN3,11,0.10602716075139823
TICAM1,10,0.04289952038430725
PTGES,10,0.07625677367676385
SELPLG,10,0.04678759240600702
SELL,10,0.08161192794239042
NRIP1,10,0.3365115967813613
JUNB,10,0.02948574879095824
TAFAZZIN,10,0.026425353344659574
IL27,10,0.41013043310926883
IL22RA1,10,0.08152712703473622
SLC26A4,10,0.053463458238103126
SGK1,10,0.3880302217358816
RGS13,10,0.3255193059183147
GUCY1B1,10,0.05187842372553946
NDST4,10,0.17318811359829026
BRS3,10,0.032239841735300444
RGS1,10,0.4975127163570342
RNASE3,10,0.09220707508926418
DNMT1,10,0.0500945609520035
CRHR2,10,0.32649584411871857
SDC4,10,0.18501244800266392
FCER1G,10,0.04333176544670392
GOT2,10,0.17318811359829026
ZNF185,10,0.02106591508976711
SDC2,10,0.03798922265654699
ZNF148,10,0.07400497920106557
EPB42,10,0.04417357208511604
SPHK1,10,0.07467642676005126
PSAP,10,0.018923331905710068
ANXA5,10,0.05064502361064024
CHRM3,10,0.6493387238771906
EIF2AK3,10,0.038393783209512825
CORT,10,0.08428540145867072
APOB,10,0.4979867548459156
GPER1,10,0.07232788796869855
TBPL1,10,0.2947406974160023
APP,10,0.05013652238566318
BECN1,10,0.07668690477732708
DOCK8,10,0.04929841689478983
CRHR1,10,0.1912568492612759
RBPJ,10,0.2154612113026703
BRD4,10,0.2775186720039959
SETDB1,10,0.18501244800266392
IL17B,10,0.07565186291544551
MOK,10,0.08394679370093973
BMP4,10,0.05308377580992668
ZNF574,10,0.052713746684919
PPIA,10,0.0372467060318963
RFX6,10,0.7440920589523741
TAT,10,0.01831623235226373
IL11,10,0.09640253315588855
BHLHE40,10,0.1155016066848887
TFAM,10,0.05652963434988355
CPE,10,0.07110048011695776
FCGR3B,10,0.0749300414410789
FCGR3A,10,0.0860641702502378
FCGR2C,10,0.0970358041048992
PTPRD,10,0.4214943808200044
KCNA2,10,0.23250305535952984
WNT2B,10,0.08085043977716413
DEFB4B,10,0.09723733129672062
OXT,10,0.044168358727999325
GAPDH,10,0.02333394382619457
CD5,10,0.05859553567727681
CD59,10,0.03626243980852213
GJA1,10,0.06722301744047306
TMPRSS11D,10,0.041442788352596724
HAVCR2,10,0.06317475263610589
DEFB4A,10,0.09877772696202791
CBL,10,0.27866729095201237
LCP2,10,0.055134428997647186
CBFA2T3,10,0.2775186720039959
SOX4,10,0.33553809305518084
NLRP12,10,0.0719426722933026
NPS,10,0.42149777846989545
MRGPRX4,10,0.033121177839432595
HSP90B1,10,0.046623136896671316
IRGM,10,0.47681622713478633
MRGPRX3,10,0.033121177839432595
DDX5,10,0.2775186720039959
GATA2,10,0.37463727658111096
SLC38A7,10,0.2979801876121206
GATA4,10,0.04478781341248489
HTR3A,10,0.5276966155809314
CCR3,10,0.25789721037816365
SLC4A4,10,0.03271020080687098
PLA2G10,10,0.03617363383348086
CCND2,10,0.3806597559683999
GCNT3,10,0.2265151781610145
CD177,10,0.07732091509900894
TNFRSF1B,10,0.06757596528990396
CCL25,10,0.05732214810740466
SLC3A2,10,0.07086932386090843
PAK2,10,0.0335325649341518
MDM2,10,0.0697418638257819
ABL2,10,0.2775186720039959
RAC1,10,0.1981483318108531
GBA1,10,0.03308022570287631
PLAT,10,0.04517654512267715
PLAU,10,0.44792502998388
CDC42,10,0.06411276215925565
PLOD1,10,0.05768022719425964
GLI1,10,0.19764753023202158
ADORA2A,10,0.2775186720039959
PNP,10,0.0346491312619389
ADRB2,10,0.25901742720372944
ADSL,10,0.02013025765388907
CA2,10,0.10159496124882549
PIK3AP1,10,0.041442788352596724
APRT,10,0.02013025765388907
HRAS,10,0.2775186720039959
JAG1,10,0.07811019985285801
SH2B3,10,0.6195122153020407
TXN,10,0.33648213103084207
TSHR,10,0.2197275793204131
LY96,10,0.08349795532220144
C4A,10,0.03128190470829042
TRAF6,10,0.08047648309876915
LDHA,10,0.08543657301410586
PTPRK,10,0.36168158282688295
TSC1,10,0.280239896760035
IFNA17,10,0.030612662540252546
TMEM127,10,0.37002489600532784
GLI3,10,0.38181219972473013
PARK7,10,0.4724406291818954
CXCR5,10,0.07086235252794873
CXCL16,10,0.0814536068714475
CXCL13,10,0.05950698972340514
ADAR,10,0.2825624762601644
ITGA4,10,0.7141809565573274
SH3BP2,10,0.09159411263267885
CXADR,10,0.1888280421428785
FSCN1,10,0.08278448063912794
PYY,10,0.04581182316155483
IFIH1,10,0.4700653400420254
CUBN,10,0.31547589603175646
CALB2,10,0.07682332290642534
CTSS,10,0.08423650878885734
CTSL,10,0.034471519311856345
ITGB3,10,0.08562852965858156
CTSD,10,0.01825970077092958
LGR4,10,0.031703733089736494
WEE1,10,0.3178753035652421
CLMP,10,0.4366293772862868
ARG1,10,0.16389794263613203
REN,10,0.10129843586595683
CNTNAP2,10,0.4133511732915147
PER1,10,0.37002489600532784
MMP3,10,0.09296044840768102
MAPKAPK2,10,0.07993910896619348
CNR2,10,0.0955308660256253
MYL9,10,0.5663436602748212
NAMPT,10,0.09002302677637351
DRD2,10,0.5603276092445305
MGMT,10,0.2105750180744744
MYLK2,10,0.04677274170861149
COL1A1,10,0.18607626957867923
ASPM,10,0.18556748534667195
ARHGEF2,10,0.06293246814817098
B3GAT1,10,0.37351036787475517
ARID2,10,0.2775186720039959
UGT1A1,10,0.0577426807898306
ERN1,10,0.26011915287828724
PDCD1LG2,10,0.3728000827253678
ESR2,10,0.29776488610391755
COL11A2,10,0.029829473538690445
ETS2,10,0.1084652031050602
PDGFA,10,0.10157360295714336
EEF1A2,10,0.00958981188813808
NAA25,10,0.031529311435248376
EEF1A1,10,0.007674963109539053
PRL,10,0.3124085301496275
PRDX1,10,0.09358065862134579
SLC22A5,9,0.4141965202658689
IDH2,9,0.2775186720039959
PHLDA1,9,0.19068360835815212
SPINK1,9,0.04509678420064933
ARMH1,9,0.0414368878152699
CYCS,9,0.03327042671395432
ETFA,9,0.2697630020930693
IL1R2,9,0.4104464316048058
TCF4,9,0.23545196826291548
PRKG1,9,0.21410946103767492
NCR1,9,0.03634427497560345
MTTP,9,0.057971593468774577
TIGIT,9,0.08686048111889104
IL1RN,9,0.05587493084413074
SETBP1,9,0.39338552550171324
TREM1,9,0.09345293402460257
NRP1,9,0.08366904622145199
LATS2,9,0.2786287466920119
FYN,9,0.16243751467166948
AMACR,9,0.06311761334426881
MRGPRX1,9,0.033121177839432595
IMPA1,9,0.04159696539259893
SIK3,9,0.0383789822136726
FZD4,9,0.033121177839432595
TPH1,9,0.09080100312053228
GOLGA6A,9,0.020246388811303195
NCOR1,9,0.2837956304412596
ATF6,9,0.0748094168366615
MMP12,9,0.059077661363383126
GALNT14,9,0.2616531077103905
IGF2,9,0.09263810330310962
RRAS2,9,0.18501244800266392
THBS1,9,0.17318811359829026
CBLIF,9,0.02167031389274995
NPPA,9,0.0807817708372993
ELF3,9,0.18501244800266392
MAP4K3,9,0.19058544566945243
MYH14,9,0.29768449351241155
RNF213,9,0.30749484607431654
MITF,9,0.2775186720039959
CGAS,9,0.05899766932236989
ELANE,9,0.26257190743485254
BMPR1A,9,0.2775186720039959
COL4A5,9,0.047385388182442284
SLC9A2,9,0.18325881679792294
HBEGF,9,0.09925478308026664
ANGPT2,9,0.39385468887596714
PDLIM7,9,0.05493799486280356
MALT1,9,0.37002489600532784
ATRX,9,0.28256026121206845
BRMS1L,9,0.0414368878152699
DUSP10,9,0.2025371590135669
TRH,9,0.02234310696232995
PDE5A,9,0.2786287466920119
ACVR2A,9,0.37215623940631853
ATR,9,0.2783923418973418
RNF20,9,0.07544396490775296
CYP1B1,9,0.018142508580909204
ELN,9,0.351595943747765
BRD2,9,0.014609850367215405
GAL,9,0.06894813252159503
FGFR4,9,0.29370391549760677
COL4A1,9,0.2437516497306482
CAV1,9,0.09831099778445695
LANCL1,9,0.0414368878152699
OXER1,9,0.033121177839432595
CREB1,9,0.3073816808303689
NIN,9,0.24199490874235693
PDC,9,0.0224745499730546
PI3,9,0.07996418200948407
AGER,9,0.08385459266668274
PNLIP,9,0.05922208935878004
FOXC1,9,0.17276759808012052
PPY,9,0.01277367054887726
ADM,9,0.03327611019751302
DUOX1,9,0.011826817953876956
CEBPB,9,0.060476553476526675
HPSE,9,0.076082142482788
DSP,9,0.04232899797852949
SIGLEC1,9,0.09061805319008726
LEF1,9,0.18937196754654995
POLG,9,0.7705553548076528
NEURL1,9,0.29874098182182157
PDE4D,9,0.37002489600532784
LGR6,9,0.033123975759251155
ENPP3,9,0.056615864782681866
ENPP2,9,0.037589688427080686
KLRB1,9,0.05053087052568633
AGA,9,0.018054971630564604
CAD,9,0.015446072575582405
LGALS2,9,0.0392818429599256
RENBP,9,0.07549619906566482
TWIST1,9,0.0782018385740476
TMED7,9,0.033493970836076734
CDX1,9,0.019461558918032723
MYO1A,9,0.04900609722694563
PWAR1,9,0.043957933602644515
LPAR3,9,0.033121177839432595
TRGC1,9,0.03437905963470229
PRDX2,9,0.04105056196283108
MPL,9,0.2775186720039959
AFDN,9,0.2775186720039959
RHO,9,0.01893576417794098
ITK,9,0.18501244800266392
CST3,9,0.012375277077511522
CSRP3,9,0.1145452334871938
CLEC3B,9,0.00973371045880682
ADGRG3,9,0.053568504194691315
PTPRU,9,0.1414031537756156
GPR151,9,0.033121177839432595
CRYGD,9,0.038417834827753176
SLIT2,9,0.2021140961195102
ZFP36,9,0.07639923780662733
SOCS3,9,0.09181510031432823
KLK3,9,0.07626099473463979
ZFHX3,9,0.2775186720039959
PLVAP,9,0.05073388553401087
KAT6A,9,0.2787854933493475
EBNA1BP2,9,0.0414368878152699
H3P28,9,0.0414368878152699
CXCR1,9,0.12150554969803676
ETV1,9,0.3043688943743447
ROBO2,9,0.26428273694339877
NGF,9,0.05926957766165208
PRAP1,9,0.08397970717986172
NHERF1,9,0.03796455433014664
RPS6KB1,9,0.14150297072090412
FSTL1,9,0.04132438038587502
COL1A2,9,0.29743313036969626
DLK1,9,0.04506163183552883
CSF3R,9,0.3274256694002604
SPINK7,9,0.04378504594431045
ATOH1,9,0.1694620746077638
CALCRL,9,0.030586257903800405
GNAQ,9,0.2775186720039959
ATN1,9,0.02707375052031296
CUEDC2,9,0.04378504594431045
DHCR7-DT,9,0.008379624908813988
SULT1A1,9,0.277952832834208
CALR,9,0.18501244800266392
CDK4,9,0.2775186720039959
PRNP,9,0.25233056905381396
RMI2,9,0.2775186720039959
F11R,9,0.034705032735674685
IFI27,9,0.033493970836076734
CUX1,9,0.27876750602801387
GPR166P,9,0.033121177839432595
PON1,9,0.07536852277532508
GPX1,9,0.11948325978444276
BMP5,9,0.32663163800041534
BAK1,9,0.2223976006595505
GBP1,9,0.04910411459795328
CD163,9,0.0847760361363746
PLAG1,9,0.2784591519480094
HDAC9,9,0.1999696989604539
IKZF3,9,0.2775186720039959
SLC25A3,9,0.04073702692829571
HSPD1,9,0.06806220302503231
CLU,9,0.041687004783960244
BATF,9,0.333085743827635
RAF1,9,0.39641271189760824
AXIN1,9,0.2775186720039959
CYRIB,9,0.3078153302216181
TRIM13,9,0.029169111223900677
GPRC6A,9,0.033121177839432595
SPIB,9,0.043999660383993534
ARAF,9,0.18501244800266392
GATA1,9,0.2775186720039959
ERV3-1,9,0.03088090619266753
CPB2,9,0.02104269912766299
RABEPK,9,0.0414368878152699
BANK1,9,0.43171048740641094
MICA,9,0.046993161792676645
DOCK2,9,0.3011490171740775
MSH3,9,0.06894495066248213
PGR,9,0.04199854158340017
GBP2,9,0.035400968651742686
KCNQ1,9,0.3045075350634055
RCBTB1,9,0.020246388811303195
APOA1,9,0.06047706640199916
MNX1,9,0.24936864664418504
MMP14,9,0.07014808636837003
APLN,9,0.0321221506974813
P2RX7,9,0.05954557054545428
AQP8,9,0.06991004705270437
EIF2A,9,0.023291937238170662
PSAT1,9,0.19951886044316516
CCL14,9,0.07131715947036021
BCL11A,9,0.2775186720039959
RAD50,9,0.2775186720039959
CHRNA3,9,0.2961378045545769
TNFRSF14,9,0.3647302981418688
CD247,9,0.3013549644202784
LMNA,9,0.18501244800266392
CD209,9,0.18501244800266392
CYP2E1,9,0.05166287598026388
CD22,9,0.05779307226530254
GBP5,9,0.09219876028082237
TNFRSF12A,9,0.05032338585672459
MBL2,9,0.18075215481475546
CCL7,9,0.31882058741613595
LMBR1L,9,0.058499291503348975
MAP3K20,9,0.04726698021572058
FBXO7,9,0.1997203126626581
SLC7A11,9,0.20641554431525466
S100A4,9,0.09115263349598458
MAF,9,0.2775186720039959
PSMD7,9,0.0414368878152699
A4GALT,9,0.04215026909511029
PCSK5,9,0.26121040815729485
DNMT3B,9,0.3031744322697057
FERMT2,9,0.3251070721286778
ERCC4,9,0.2775186720039959
B3GNT6,9,0.0459348905901014
FAT1,9,0.2778886969000012
BIVM,9,0.05143757193247397
IL13RA1,9,0.06742574065318666
LPP,9,0.48001910029533645
NMUR1,9,0.033121177839432595
PLD4,9,0.04971284477831579
DCN,9,0.0471781742406793
IGLL5,9,0.03934844744120657
PRKCQ,9,0.42552863040612704
NAT2,9,0.19402787845618186
KCNJ8,9,0.040998758477390325
GPR42,9,0.014673708371029557
MBTPS1,9,0.2468098461623443
XPO1,9,0.30203285312384043
ASAP1,9,0.25891338840256983
SLC52A2,9,0.043957933602644515
FFAR3,9,0.029065557453228082
SLC7A5,9,0.31281847777968175
IPMK,9,0.3825753444324457
BMP2,9,0.2746820862468635
ERVK13-1,9,0.03088090619266753
MAGI1,9,0.3085346407301291
RAB8A,9,0.06916998722659597
A1CF,9,0.18501244800266392
TMIGD1,9,0.1325832286778791
TNFSF4,9,0.3850049633865747
PSMD9,9,0.033493970836076734
ART4,8,0.008086688532809772
CTCF,8,0.2775186720039959
NR3C2,8,0.06274815376407682
CCL22,8,0.01983010102285841
GHR,8,0.21441300853651732
H3C11,8,0.008449996996824556
CALCB,8,0.051556802176742356
FADD,8,0.09250622400133196
CALCR,8,0.04167960428604013
H3C10,8,0.008449996996824556
CCL4,8,0.05111579460131194
TNK2,8,0.20111457639811747
TNFRSF21,8,0.3230768190605762
H3P23,8,0.033493970836076734
HMGA2,8,0.24879642441572603
CMA1,8,0.08125591275947927
SLC40A1,8,0.04389975366207209
PAK1,8,0.045677517717991035
DGKZ,8,0.03772773839670322
H3C12,8,0.00864761576598731
TNFSF8,8,0.380295555892012
ZFP36L2,8,0.26345050341526455
ABCB6,8,0.015726058080226434
GGTLC1,8,0.37509875598868203
TNFSF12,8,0.049017699311411644
ABCB11,8,0.04134533596272062
NEU1,8,0.019181062761982844
DCTN6,8,0.033493970836076734
MECOM,8,0.31901275652297256
H3C6,8,0.008449996996824556
CACNA1D,8,0.37002489600532784
RALBP1,8,0.11196909106856204
H3C4,8,0.008449996996824556
DAPP1,8,0.08271117024148861
SLC29A3,8,0.03965186785593093
PRKCG,8,0.08491868048905916
DDC,8,0.034441917320175916
H3C3,8,0.008449996996824556
SSTR1,8,0.18501244800266392
H3C8,8,0.008449996996824556
CTSG,8,0.03806816130102813
CCNA2,8,0.0355061879428517
SLC4A1,8,0.05754914979816196
DCLRE1C,8,0.05590653628309353
PRDX5,8,0.030146165900959115
NUP98,8,0.2775186720039959
CADM1,8,0.243047846164167
MAGI2,8,0.2653825542297008
H3C2,8,0.18700133181869258
PDGFC,8,0.08291271186423385
ARTN,8,0.040998758477390325
SAMD9L,8,0.11325584671951097
ITLN1,8,0.2218061633073553
NEUROG3,8,0.05602071606635552
HTATIP2,8,0.26785256046633915
NEUROD1,8,0.07733620670239025
LGMN,8,0.0749300414410789
H3C7,8,0.008449996996824556
CXCL3,8,0.07665763398076962
CCL21,8,0.35121223935862206
CASP9,8,0.18723259737869588
TMSB4X,8,0.18501244800266392
CD46,8,0.027759884406479706
PLCL1,8,0.3694682341976338
SLC9C1,8,0.010682002039513805
IRF5,8,0.5151968350022815
PLCG2,8,0.4905655243798759
NPR3,8,0.35000294395226306
RUNX1T1,8,0.2775186720039959
HSPA14,8,0.032305063539987675
ACKR2,8,0.046458475817948944
MSX2,8,0.3312239125288871
PKD2,8,0.042552863040612704
TMEM37,8,0.047123906964373935
F5,8,0.3059106870454661
NPSR1,8,0.33237417312649364
TRIM27,8,0.2775186720039959
CYP7A1,8,0.2847451473188353
P2RX3,8,0.04330627484275689
RARA,8,0.2775186720039959
MFSD11,8,0.01641224869292965
HSPA1B,8,0.026867764552657547
SLC16A1,8,0.05437183983546978
PLD1,8,0.11646313632000195
TMPRSS6,8,0.19450375000542894
IRAK1,8,0.054237015840140936
CD72,8,0.04602369656514268
DEFB1,8,0.0681733868400216
TCIRG1,8,0.04411066785279513
MSN,8,0.18501244800266392
SASH3,8,0.03877120860343826
SHARPIN,8,0.044784113163524826
RICTOR,8,0.2775186720039959
CCBE1,8,0.3177028539370162
ARR3,8,0.0217605465273346
DEFA1B,8,0.07666977516046396
TMPRSS15,8,0.19338074320532578
PAPOLA,8,0.07029384511637812
DEFA1,8,0.07771631632211821
IREB2,8,0.053633258551492244
RARRES2,8,0.09855101162927468
CYP24A1,8,0.0968122596791932
DUSP22,8,0.4197509217982877
H3C1,8,0.008449996996824556
SLC15A1,8,0.09223750911449796
ADAM19,8,0.23234289047908777
NR2C2,8,0.35774861741924413
CD2,8,0.030897078816444875
TPI1,8,0.05074891448713073
TNFRSF11B,8,0.09036184988022299
GHSR,8,0.08325560160119877
ITCH,8,0.03525597209138764
ITFG2,8,0.087432880936786
MDK,8,0.03557645476520559
RAD21,8,0.2775186720039959
ITGA2B,8,0.05994403315286312
FUT3,8,0.06307471125674428
PLA2G6,8,0.02689863887514649
NKX2-1,8,0.2775186720039959
CXADRP1,8,0.0217605465273346
FTO,8,0.3879885551698769
GLP2R,8,0.09636321961872082
NR1I3,8,0.022019893595389143
SLC2A5,8,0.028253045365100145
STS,8,0.031999435870322654
MMP13,8,0.10635468162828302
ABCG8,8,0.3244779695330114
PIM1,8,0.27821246868400584
CD24,8,0.029734421716808724
RASSF1,8,0.03004396586176592
PIP4K2C,8,0.04051032561466329
NIBAN3,8,0.05110968876073592
SLC6A3,8,0.18501244800266392
ASPH,8,0.03513359570208783
MACC1,8,0.26676420206831336
SLC12A5,8,0.08734252490755767
VCAN,8,0.28835148169787744
G6PD,8,0.03052705392043955
SNAI1,8,0.048235828735094535
ASPG,8,0.4077671206701319
GATA6,8,0.0778904855879002
ATG12,8,0.008572243424123428
TNFSF14,8,0.07278900512638087
ZNRD2,8,0.033493970836076734
SOX17,8,0.04303759565437969
TCF3,8,0.2775186720039959
REG4,8,0.09399438823047322
CDH10,8,0.213598945819642
P2RX5,8,0.04148377101366793
PKM,8,0.0859577533738469
LILRB4,8,0.057995549924414275
SYP,8,0.008799808735166706
CEBPA,8,0.2775186720039959
MAPK7,8,0.007400497920106558
GSDMC,8,0.20427167382744404
IL17RA,8,0.0806347602807791
ATXN1,8,0.3766464347936565
BNIP3L,8,0.09656018740045359
HOXB2,8,0.04293981870751565
DNER,8,0.032871696376432794
BMP7,8,0.07705096271763882
IGFBP2,8,0.07813428316421603
UBAC2,8,0.28844956901283075
LAMA5,8,0.2825050155654416
LAIR1,8,0.06280144762757092
MCL1,8,0.12487659175527097
IGFBP7,8,0.3479792654787577
PHB1,8,0.260705086886799
BLNK,8,0.20679398953468534
RBP4,8,0.0752663139455703
FDX2,8,0.08811804863254609
LACTB,8,0.03310117846724249
PPIF,8,0.1275913412436414
BIVM-ERCC5,8,0.05143757193247397
UBB,8,0.02629701093107446
IL12RB1,8,0.07272704673387054
PSMB8,8,0.044201752775290405
IL12B,8,0.7361215540260756
GSDME,8,0.29157330567680567
RSPO1,8,0.048160966900883284
TRBV7-9,8,0.027229214837103336
MBD2,8,0.10798901399214221
ANGPTL2,8,0.02860948632645343
ELK3,8,0.37077310949904696
CFB,8,0.049114050806116125
FHIT,8,0.4198166614013785
SCT,8,0.022933799273406438
GNRH1,8,0.012051367081889745
RBM45,8,0.027960629181833625
PBX1,8,0.2775186720039959
LAX1,8,0.03814216628022919
LOX,8,0.027246939254381063
BTF3P11,8,0.07554164497755046
THY1,8,0.049483189452066846
LATS1,8,0.2775186720039959
MGLL,8,0.07572148357975697
CETN1,8,0.009746661330167005
IL1F10,8,0.06557230480460999
USP22,8,0.18316302002593177
ANGPT1,8,0.18075215481475546
MYH9,8,0.37002489600532784
S1PR1,8,0.5853352809589646
MCM2,8,0.2583211179950525
RYR2,8,0.30730799439886836
ENSG00000280371,8,0.008836673013150123
XK,8,0.017021145216245082
ELMO1,8,0.3998595513691533
HOXC4,8,0.04156859681723853
FGF9,8,0.13271380650418826
PPARD,8,0.3484645993990957
ELK4,8,0.18501244800266392
TWSG1,8,0.03735683454882861
SLC25A21,8,0.019407293470769894
PGPEP1,8,0.030541854916279764
PBLD,8,0.09728857485964858
KCNMA1,8,0.2782022068393939
SLC22A1,8,0.007770522816111886
EHF,8,0.3273304129807301
CORO1A,8,0.036906283127571396
NUCB2,8,0.031222700724929563
NTRK3,8,0.2775186720039959
SNRNP40,8,0.04857316809861939
FBL,8,0.048103236480692625
MAP1LC3B,8,0.03853341453744835
ERG,8,0.2775186720039959
PFDN4,8,0.06953480429527457
MCAT,8,0.03790787909371525
FAT4,8,0.2775186720039959
TET1,8,0.29578865124425896
EPX,8,0.013759170188571448
EGLN2,8,0.03965871900346059
RNF130,8,0.011470771776165166
DPP7,8,0.034042290432490165
PCSK9,8,0.40773313333844086
GPLD1,8,0.1818918463755381
PCYT2,8,0.01641224869292965
TRBV16,8,0.027229214837103336
RETN,8,0.0826324773360552
DPYD,8,0.2431069320516228
MAP3K1,8,0.2775186720039959
AQP4,8,0.03878333719725175
ZMIZ1,8,0.33436467720591756
SF3B1,8,0.2775186720039959
SPG7,8,0.0217605465273346
TRBC1,8,0.027229214837103336
LMOD1,8,0.6221639715310917
EPB41,8,0.04572767664833842
SIRT6,8,0.054467144001728605
SDF4,8,0.100596828711572
PSMA6,8,0.3384033939238427
MYH10,8,0.07789291301114822
RSPO3,8,0.43914838489449826
PRRT2,8,0.07661094965795562
STK39,8,0.07179401242036719
FANCD2,8,0.2775186720039959
FCER2,8,0.04493746792598038
IGHG3,8,0.053733355985693704
SMG1,8,0.02692728794690253
MAP3K7,8,0.08233032278200726
MVK,8,0.02022802764829126
MBL3P,8,0.047542762069880624
MX1,8,0.25988483185119987
NBN,8,0.2775186720039959
IKBKG,8,0.03125841894824378
GP2,8,0.09151215617021732
BCL2L1,8,0.03756379185958388
BCL11B,8,0.2775186720039959
EFNB2,8,0.20486312272277932
APCS,8,0.02630260302437872
APEH,8,0.2035059996741453
EPHA3,8,0.2035136928029303
SFRP1,8,0.21796120020863607
SLC11A2,8,0.051986031056108536
PBRM1,8,0.28644746523010634
MGAM,8,0.04858637435218295
SCN5A,8,0.07643544587265695
TKT,8,0.013300339317524841
CELA3A,8,0.05155253708746686
FOSL1,8,0.08823147596330665
MCPH1,8,0.3200352177902996
ROS1,8,0.27877459817185396
PTX3,8,0.06798179617164551
CS,8,0.022531054000676527
CEBPE,8,0.0520036072386688
POLE,8,0.2889378458641069
FLG,8,0.048473261376697954
EDIL3,8,0.2774855892002692
DMBX1,8,0.02692728794690253
C5,8,0.031438910279208934
KAT5,8,0.053490741734161955
C5AR1,8,0.03096821071166194
AKT2,8,0.2775186720039959
TXNRD1,8,0.026009113070143877
KNG1,8,0.0695564832533413
H19,8,0.07385223846622398
ETV6,8,0.323865253952791
ARHGEF6,8,0.03821617125943026
CELA3B,8,0.270386461849864
DLL1,8,0.08172067309257396
CSMD3,8,0.36080882455023333
LY86,8,0.3269862194907578
PROX1,8,0.2133328718568696
AHSG,8,0.062374742708916416
SEMA4D,8,0.06695761490979392
SESN1,8,0.25493117425299716
WLS,8,0.2895898813173792
CLDN5,8,0.022868314114170347
AIRN,8,0.009990672192143854
WNT2,8,0.16338583412270266
ARHGEF1,8,0.11655307743573352
ARHGAP5,8,0.24038128951507812
KIF7,8,0.03652145723572586
CSE1L,8,0.22044896088327443
HFE,8,0.08854049044894578
JUP,8,0.07853017810982407
GUSB,8,0.015890513589562137
TLR6,8,0.32610343795611524
TAGLN,8,0.01406094604820246
H2AX,8,0.07272670854426048
ENSG00000279284,8,0.008836673013150123
IL34,8,0.09412409668507427
SLC16A4,8,0.08902034000521085
TRAF3IP2,8,0.42606393445136465
LCAT,8,0.4735328354677672
SH2D3C,8,0.036980288106772466
MEX3A,8,0.044874769263046135
PTK2,8,0.24894009200470973
ARHGAP26,8,0.4000775758972
ZBTB16,8,0.2775186720039959
MYL12B,8,0.07070680121389632
TRPV4,8,0.07253273449885578
NEDD9,8,0.03525597209138764
ALDH1A2,8,0.038477237176323745
UBXN11,8,0.040332713664580744
HPGD,8,0.019659454946985695
IFNGR1,8,0.016281095424234424
ALDH1A1,8,0.03440580446589162
PVR,8,0.2573994531384298
UCN,7,0.011635227285500864
SPRY4,7,0.1659524412640148
OPRD1,7,0.2682680496038627
ENSG00000236543,7,0.011772249803658926
CD200,7,0.34545741715704553
DDX41,7,0.006845460576098566
NR4A2,7,0.1601291344726378
CTSE,7,0.019648702446736287
UCN3,7,0.012126936672533796
P2RX4,7,0.06955440197966814
HOXA13,7,0.665597270314358
GFRA1,7,0.25718362092691704
MAPK9,7,0.02727021812743265
PAWR,7,0.041052412087311106
SIRT3,7,0.06660448128095903
IL31RA,7,0.11146991567073153
TRAF2,7,0.0386123613664181
OPRK1,7,0.2682680496038627
E2F4,7,0.03373887001776579
IL36G,7,0.08421704285797217
CHMP2B,7,0.04595503638999502
HDAC5,7,0.039013829808117004
DDX3X,7,0.2775186720039959
DOK3,7,0.07400497920106557
TRIM69,7,0.08447385158771076
OGA,7,0.032764618110472626
MERTK,7,0.035041357651704554
E2F3,7,0.28027195526134446
PCYT1A,7,0.02245289253433581
DIAPH1,7,0.05025040872445687
DSP-AS1,7,0.009890547959626322
SIRPA,7,0.18501244800266392
DDX21,7,0.019319286320606168
P2RY1,7,0.026508172411048348
DSPP,7,0.29901693651530703
HSPG2,7,0.03423655350289296
CD101,7,0.07270823492407277
DDR2,7,0.39208180303630086
NPEPPS,7,0.08956737103611186
MAP2K2,7,0.2775186720039959
PDGFB,7,0.45115670027928156
HNRNPU,7,0.014040389109535496
UMPS,7,0.00860912983833793
PARP14,7,0.060318607671932326
CHUK,7,0.03126796243681024
CDKN2B,7,0.3145872210045835
CEL,7,0.008387230976120765
IGSF1,7,0.014040389109535496
MARCKSL1,7,0.015356033184221109
PGF,7,0.012965461298386693
PGK1,7,0.056613809088815165
PDK1,7,0.3320306192373934
PDIA6,7,0.040138450594177935
CD1C,7,0.0667630859984762
CD1A,7,0.0904949848762631
DCPS,7,0.3184703931330687
RPS27A,7,0.02629701093107446
CEACAM6,7,0.05102798722913925
CHRNB2,7,0.07400497920106557
NTF3,7,0.30551447360353395
SRF,7,0.01606524756823132
PER2,7,0.03158407912081396
CDKN2D,7,0.012536952994580615
COTL1,7,0.32957283158293144
EGLN3,7,0.06216782079920732
PF4,7,0.09288508958143743
MDM4,7,0.18501244800266392
NQO1,7,0.027009689840093245
HIPK2,7,0.27374290955946823
CYP27A1,7,0.024899609483291715
IL24,7,0.05820064204233538
TRPM2,7,0.1296854176786499
EN1,7,0.13343224369751794
IGBP1,7,0.00940058351966969
TXNRD2,7,0.011470771776165165
CD9,7,0.04351327739959462
ROPN1L,7,0.041442788352596724
RRAGC,7,0.11349427999976973
NR1H3,7,0.10941389438186193
TRIM31,7,0.09250622400133196
DNASE1L3,7,0.05670103786653264
IGKV2D-30,7,0.02387395525356986
PAX3,7,0.2775186720039959
PIEZO2,7,0.026742834518795267
PDE4DIP,7,0.18593751024267727
ID3,7,0.18501244800266392
DUOXA2,7,0.0721125512457197
IL17C,7,0.02431307351289042
NPM1,7,0.18501244800266392
UBA52,7,0.026482845656623795
MFGE8,7,0.032399379894226504
CYP19A1,7,0.015427982469555478
CRIM1,7,0.3110959313151674
TRPM7,7,0.4251617575740506
SPINK4,7,0.07363495430506024
PDPN,7,0.0911816999678227
SPPL2A,7,0.06259063622154122
SSTR5,7,0.18501244800266392
RORA,7,0.37214768718925356
NRG4,7,0.0624998522234596
IL1RL2,7,0.22421393160936537
CRY1,7,0.04135398237755545
MAX,7,0.2996920289935361
SPARC,7,0.06332491119190392
SSUH2,7,0.06628070949695435
PHIP,7,0.0319405490231799
COL2A1,7,0.18501244800266392
PHGDH,7,0.141669751549447
IL19,7,0.4682981783836476
VCL,7,0.026145329857695646
TYR,7,0.004625311200066598
TYRP1,7,0.01595823611658896
RUNX2,7,0.07969693182300594
MIR10B,7,0.040654635324105376
DRD5,7,0.158970017792267
DHPS,7,0.01411191467021571
IDO2,7,0.07334656634405745
RO60,7,0.1421582632568763
UBC,7,0.02629701093107446
IL12RB2,7,0.46529502992157046
DEF6,7,0.0617127701269112
UBR5,7,0.37002489600532784
ENO1,7,0.03352784045646861
CHD4,7,0.2775186720039959
TUFM,7,0.2809502794972607
IL3,7,0.06293658231577004
HLA-DQB1,7,0.03189614603565926
HNF1B,7,0.28794150305269467
EFNA1,7,0.08230398454101245
PIK3R3,7,0.20790259920832688
NUPR1,7,0.22105400042960166
MCOLN1,7,0.054763684608788527
CELP,7,0.008387230976120765
CPA1,7,0.045764679137938954
OAT,7,0.027913014134548306
PDE4A,7,0.39180092743790984
ENPEP,7,0.05149406603425715
HSPB1,7,0.044334109272859
CDK12,7,0.2775186720039959
USP54,7,0.0414760905932372
CHAT,7,0.048989953104562424
CXCL11,7,0.06220677760255605
TPO,7,0.022229862335680084
PDE3B,7,0.4048826328586097
TOLLIP,7,0.07796613102319046
CLIP1,7,0.18501244800266392
IGLL1,7,0.03934844744120657
ID2,7,0.2305509183725028
IL16,7,0.042177306633303165
NSUN5,7,0.014040389109535496
CLCA1,7,0.06295470343551891
ID1,7,0.01860156266096117
DEFA6,7,0.05346859747276988
DUSP6,7,0.04894811407402397
MAPT,7,0.02121021929897751
ENG,7,0.03435208349820129
CDK1,7,0.045900108920189024
CD52,7,0.0105148741281514
ROBO1,7,0.39436086404368614
CD48,7,0.3114884918641881
DEK,7,0.2775186720039959
CACNA1A,7,0.37002489600532784
HDAC2,7,0.062441701200899064
BMAL1,7,0.10206092234783033
MUC3A,7,0.040599959180894325
BRIP1,7,0.29631542279759987
XDH,7,0.0782396163037093
NCOR2,7,0.3275892584832194
TAS1R1,7,0.018971350338462287
LAG3,7,0.0891837872509955
LAIR2,7,0.049146706687427634
XCL1,7,0.031762937073097346
BST1,7,0.036706469683728524
LAMB2,7,0.023894974367704058
ZNF365,7,0.1335867728458267
SMC3,7,0.04409305178946637
RBMS3,7,0.4163670240285101
BTG1,7,0.38584646629642183
FGF1,7,0.12540257924922676
FGF21,7,0.10444706603410814
ANG,7,0.031091558405015814
PTBP2,7,0.21248017361841587
SUB1,7,0.09250622400133196
MUC5B,7,0.04275714874912172
GOPC,7,0.09555892939337592
POU5F1,7,0.05427833957776728
APBB1IP,7,0.03313202918831706
FBXO11,7,0.2775186720039959
GSTP1,7,0.013856630005497477
NCF1,7,0.12046933464902446
BMS1,7,0.3061621604641938
KRT88P,7,0.015695222672225992
XPNPEP1,7,0.07099467109760255
NCF2,7,0.5180399006806725
MYB,7,0.18501244800266392
PSIP1,7,0.18501244800266392
LTA4H,7,0.23558517341522062
NCKIPSD,7,0.18501244800266392
FCER1A,7,0.08027318835351502
FCGBP,7,0.03135678170910811
BPI,7,0.040132900220737865
FCGR1A,7,0.040980710834949884
PPA1,7,0.012210821568175819
FCMR,7,0.04090995250234905
BRD8,7,0.014040389109535496
LIPF,7,0.04319004113947912
STEAP3,7,0.055598090749280536
SMARCB1,7,0.2775186720039959
TMEFF2,7,0.03752679469607409
CA1,7,0.03874499488842766
SUGP1,7,0.12114695322638053
FLNB,7,0.019981344384287707
ITPR3,7,0.31109099094981085
RHD,7,0.006660448128095901
AIF1,7,0.06920468825276019
SLC16A3,7,0.08903395149109532
AHRR,7,0.015825746646880388
FNDC5,7,0.08073336509805744
TMCC2,7,0.043440922791025495
PTPRT,7,0.2778886969000012
SIK1,7,0.1703293891658585
CACNA1B,7,0.3703949209013332
AGO2,7,0.04821373128072351
FOXA1,7,0.2786749998040125
FOXD3,7,0.15922058694769278
FOXE3,7,0.0762278731595775
FOXF1,7,0.026661822941703082
AKT3,7,0.3157646689332358
SGSM3,7,0.014426649850231121
TIMP3,7,0.052204345744751676
WNT11,7,0.3066109838347523
PTGDR,7,0.03825972923930091
TAP2,7,0.019927485204980264
SELENOP,7,0.013449855619403216
SELENOS,7,0.0810354522251668
JTB,7,0.007400497920106558
ALPL,7,0.04809583598277251
ALOX15,7,0.05272835202907922
SCN7A,7,0.2948331334162389
C1orf141,7,0.42048046616567647
ALCAM,7,0.06961532813105407
WNT10A,7,0.05349634933997027
ALDH2,7,0.09250622400133196
C3AR1,7,0.06283314415380307
SET,7,0.09250622400133196
TAL1,7,0.2775186720039959
ALDH18A1,7,0.17467612159345963
C4B,7,0.03128190470829042
C4BPA,7,0.038022843429879466
BMF,7,0.03808296229686835
APEX1,7,0.04984564260210437
AFF3,7,0.31694879803277815
FBXL19,7,0.04382574868287103
FABP6,7,0.0564864016986423
FADS2,7,0.3195882205473391
ZBP1,7,0.03158757574137266
SDHB,7,0.7481203967461288
SDHA,7,0.7436195418950751
NAP1L1,7,0.31546144160342826
AXL,7,0.07671959030980753
GRIN2A,7,0.2775186720039959
GPR65,7,0.4699614000997104
FAM135B,7,0.18501244800266392
LRRC23,7,0.050001926853315844
YWHAQ,7,0.21617322905362682
NAT1,7,0.14587780699027106
SMOX,7,0.33900751374556837
ARNT,7,0.2796925682680272
ERAS,7,0.04351491518434574
MYO9B,7,0.12751150302036784
KDM6A,7,0.2825140081000678
ERAL1,7,0.04351491518434574
ASIP,7,0.041442788352596724
ATP8B1,7,0.262250847808124
SPAG11B,7,0.009986342649142974
ATF4,7,0.013298622329752544
ATP11C,7,0.05686922905175217
KL,7,0.0383789822136726
F13A1,7,0.32117370320719635
TEAD1,7,0.23630790861613443
MMP10,7,0.058602210106363774
PREP,7,0.26171555548461395
SNAI2,7,0.08311947690958103
F2RL3,7,0.04154577861531821
ATF3,7,0.24023108803406812
ASPA,7,0.041442788352596724
ASS1,7,0.09000539702681276
LRIG3,7,0.2775186720039959
ATP6V0A1,7,0.07075912166799005
MZB1,7,0.03676361797322268
ETV5,7,0.2775186720039959
ETV4,7,0.29643163773285724
MLXIPL,7,0.03876195798103812
GREM2,7,0.13738697308260564
LPCAT1,7,0.1929966739092616
SMO,7,0.2801653778573673
KLK6,7,0.03891181806392027
TBL1XR1,7,0.2995153737778977
SCYL1,7,0.023366128241675218
AQP5,7,0.03253299204581224
PPP1R12A,7,0.05073989006288727
BGLAP,7,0.02659006613726789
BGN,7,0.03620070319218706
BHLHA15,7,0.044686056566083425
XRCC6,7,0.05474312767012156
XRCC5,7,0.03817916876982973
GSN,7,0.25562312713033236
AQP7,7,0.12626120413412315
TFEB,7,0.2775186720039959
TBK1,7,0.26014733287116976
APOBEC3B,7,0.3729850951733705
PPID,7,0.010360697088149181
TFPI2,7,0.03460036422000577
BLOC1S6,7,0.05688518075533472
FBLN2,7,0.18501244800266392
MN1,7,0.34300432859234686
KRT18,7,0.00849001566945558
BDKRB1,7,0.3233552935609455
GRK6,7,0.03372406902192558
ZHX2,7,0.019531927985163716
BBC3,7,0.04493746792598038
RECQL4,7,0.37002489600532784
LPA,7,0.023866605792343648
ARHGEF28,7,0.15972253762516928
EPHA7,7,0.2035136928029303
ARHGEF10,7,0.21813368414495476
ARHGAP45,7,0.27646639623826036
ARHGAP4,7,0.03126196447778347
MMRN1,7,0.037337277098025534
KCNN4,7,0.08024829510505818
NBAS,7,0.07771828492293084
PPP1R3B,7,0.08927381455904881
LRRC8A,7,0.0391634349932039
BCL2L14,7,0.046008895569302474
TBX1,7,0.03527817358514796
BCL9L,7,0.37002489600532784
LNPEP,7,0.2699210209563613
PPP1R15A,7,0.042456656567651324
GNA12,7,0.3983465603087798
SMC1A,7,0.09250622400133196
ATP1A1,7,0.2775186720039959
CARMIL2,7,0.34042290432490163
RAB21,7,0.08455319517864857
FZD7,7,0.01406094604820246
ADAMTS13,7,0.0959706336327732
ADAMTS18,7,0.046256812249626036
RAB11A,7,0.09309609590557916
NKD1,7,0.3641489132673769
ADAMTS6,7,0.06429412825616748
PLP1,7,0.014800995840213115
RAD51B,7,0.2775186720039959
SERPINB5,7,0.04881231777533118
NOTCH3,7,0.01855979219923354
TNFRSF11A,7,0.023901713660652035
CASP4,7,0.04958023993803309
SERPING1,7,0.01977198598069606
ADCYAP1,7,0.03692807348255838
SOX18,7,0.049542838895540016
ABCC2,7,0.040114151465373685
CARD14,7,0.05281099539467081
ABCC1,7,0.027167135601960588
ADGRB3,7,0.35833924410153184
WDR1,7,0.03697288760885236
TMEM201,7,0.03488520718861494
CCKBR,7,0.051646492343619725
TNFRSF18,7,0.049611168866289176
MS4A2,7,0.02487032101829609
TNFAIP6,7,0.07801077660552096
WDR26,7,0.012085013103534012
CBX1,7,0.12326475124178224
ACOD1,7,0.10097435771296058
HCAR2,7,0.052688728964251565
PLCG1,7,0.2784437342440092
PLEC,7,0.18501244800266392
MSI2,7,0.18501244800266392
ACP3,7,0.20872494456740123
GAS6,7,0.032576991844309074
PLCE1,7,0.2412650138713366
SLC6A2,7,0.3577613046744733
IRAG1,7,0.03461212877233837
NOP2,7,0.014369300128206898
SYNM,7,0.06384955366744877
CASP6,7,0.03700248960053278
ACSL4,7,0.07656945729976918
ACACA,7,0.011863720455661385
ST6GAL1,7,0.07537201562241858
VPS51,7,0.013547022581528392
ACTA2,7,0.3133329876107185
RASEF,7,0.18003075119669162
IRF3,7,0.02659323641726538
SYK,7,0.4899272192040023
SLC34A2,7,0.2775186720039959
GABRA2,7,0.18075215481475546
GAB2,7,0.13971652076222177
MRTFA,7,0.2775186720039959
FUBP1,7,0.18501244800266392
ADRA1D,7,0.25901742720372944
CCL26,7,0.04109431989268237
A2M,7,0.02367233194935594
FOXM1,7,0.0779802800004828
PLXND1,7,0.03444931781809602
SERPINA3,7,0.0759862569497874
LGALS1,7,0.05793642380358949
CAPG,7,0.289636520489158
SPAG11A,7,0.009986342649142974
FOXO3,7,0.18501244800266392
LGALS4,7,0.08151533377345606
NOX4,7,0.0874732561216187
ITGAV,7,0.34733717790899676
ADO,7,0.4691690026144234
GFUS,7,0.03794975333430643
TNFSF11,7,0.4196487093355994
ADRA2A,7,0.25901742720372944
NFAT5,7,0.07740715255044787
SAMSN1,7,0.036255039310602026
CAMK2A,7,0.383241586370146
GBP3,6,0.035100561635065405
RUVBL2,6,0.041080163954511494
GPR18,6,0.1384529549215939
COL19A1,6,0.04127997739835437
UCHL1,6,0.008693806098425022
CLN5,6,0.02969442867039006
ZFPM2,6,0.04744274204132311
ATG10,6,0.28903479598125065
COL18A1,6,0.07528462722481555
MRPS7,6,0.007400497920106558
GC,6,0.015872629052921878
ARHGEF7,6,0.0763143782044376
ARID1B,6,0.27816621557200516
DCLK3,6,0.1881281202920345
OGG1,6,0.0881576073960081
KLF2,6,0.047315459255455126
KLRD1,6,0.07061308432101673
PDE4B,6,0.37002489600532784
ULK1,6,0.040152228365408146
PROK2,6,0.06398550311906306
PROCR,6,0.08489541794688257
PROC,6,0.013270044053576107
PABPC1,6,0.18501244800266392
TCF12,6,0.18501244800266392
P2RX5-TAX1BP3,6,0.02608675516837562
PDE3A,6,0.39443752945913335
ARHGEF12,6,0.2775186720039959
HTR5A,6,0.006986652167277096
PDXP,6,0.014800995840213115
SDS,6,0.11767188688714084
OMA1,6,0.020844735808300135
P2RX1,6,0.07576013062445082
FANCE,6,0.3157894327902754
OLR1,6,0.01774619332475499
HSPB3,6,0.04918288037643166
SIRT7,6,0.04218283814460739
KRT1,6,0.04107043632125086
SLC6A8,6,0.02711563962113957
KRR1,6,0.17438935020160576
OLIG3,6,0.2913703827208385
KRIT1,6,0.03183559754082938
P2RX2,6,0.02608675516837562
PDE10A,6,0.29854052208644044
DCK,6,0.05171180149429125
F10,6,0.007770522816111886
PRRC2A,6,0.00888059750412787
GPR132,6,0.03663246470452746
COL4A2,6,0.09118725534870434
ARHGAP15,6,0.3840903587825575
ATG4B,6,0.035522390016511474
ZC3H12C,6,0.3300572299950974
METTL3,6,0.0764761961559907
NUTM1,6,0.37002489600532784
RAP1A,6,0.0409429497684516
RELN,6,0.3908162083249453
GBA3,6,0.033867869686707824
COL22A1,6,0.45546784461318207
F2RL2,6,0.016878488570093022
CNTRL,6,0.18501244800266392
KLK4,6,0.09279075816858383
SLC3A1,6,0.3199184534129964
ZDHHC6,6,0.06306881441730139
PDGFD,6,0.186170963678767
HLX,6,0.1903062306877149
MMP19,6,0.01931324387761142
ASAP2,6,0.2860598812307955
FAAH,6,0.07806074782948313
ASAH2,6,0.2653011925877357
HMGCR,6,0.25901742720372944
TCTA,6,0.06687239451015649
TCN2,6,0.02095865620369888
HMGCS2,6,0.08082553254814329
TRIM24,6,0.2775186720039959
REG1B,6,0.04570459292919701
PDE9A,6,0.2775186720039959
DACT1,6,0.032118160973262457
PRKD1,6,0.288481166288486
CLTC,6,0.2775186720039959
SYCE1L,6,0.22423275142150637
MRPS30,6,0.011862792596544141
FADS1,6,0.2006102922478507
MRS2,6,0.17217566125754072
TDO2,6,0.028464350472480582
IGKV1D-22,6,0.01927417310826337
CMKLR1,6,0.05881298832346876
PAG1,6,0.025231175381056632
E2F1,6,0.03355385756976313
P2RY2,6,0.026725459252758144
PDIA3,6,0.16912407951189776
SRRM2,6,0.009620647296138525
KLHL1,6,0.28859194584568676
MARCO,6,0.2730041705522517
PRKAG1,6,0.045209641793930964
HMGA1,6,0.0929326601307832
MARVELD2,6,0.05686777748016467
GPR55,6,0.025878306113855436
CYTIP,6,0.011179244016333216
ZFAND2B,6,0.03809776329270856
GCK,6,0.2591981872322515
SLA,6,0.12807101821029293
MAST4,6,0.2862232166883852
DUSP1,6,0.10128071429266856
ASXL2,6,0.2709951180475383
KLF6,6,0.04326207742462291
TTC33,6,0.29961046887974074
GPR39,6,0.027268779141725968
KLK1,6,0.07456001654507358
SERPINA6,6,0.014184287680204234
TCF21,6,0.3404548436766555
P2RX6,6,0.02608675516837562
GDF11,6,0.04555561507169594
UCP2,6,0.021831468864314342
GEM,6,0.3323337514541403
GPR4,6,0.0647274315953051
SUZ12,6,0.18501244800266392
ZUP1,6,0.06614913250360496
ME1,6,0.030983418877540834
ABCC8,6,0.03700248960053278
GCNT2,6,0.018774795752371037
TRIM29,6,0.0897591531918716
DDX6,6,0.18501244800266392
UGGT2,6,0.24719742223560354
DAXX,6,0.2775186720039959
SLC50A1,6,0.01053687005252505
MYOD1,6,0.2775186720039959
TRIM33,6,0.2775186720039959
ZEB2,6,0.2317535451427999
DUSP2,6,0.010602254796665166
TCHP,6,0.005550373440079919
F9,6,0.018102096409123535
PRSS2,6,0.033209723994490466
ORM1,6,0.02536569220119333
OXTR,6,0.27431520536408277
MTR,6,0.11100746880159836
MORC3,6,0.1497448779730843
SPRED2,6,0.4598788252240706
TUSC2,6,0.011862792596544141
TANK,6,0.038193969765669945
TRPV3,6,0.04408106586111472
MT2A,6,0.019337912204011768
SETD1B,6,0.18501244800266392
SPRR2A,6,0.006269866293423612
PTGDS,6,0.04132729249271618
MTPAP,6,0.02029737590600805
PTGIS,6,0.20842684645062146
LBR,6,0.04452694586080113
MTNR1A,6,0.07400497920106557
HPD,6,0.26838603170403297
ALDH7A1,6,0.04187602273110079
FPR1,6,0.07798379007369621
MT1A,6,0.010834090048810911
TRPM8,6,0.07993469570851038
ADH1C,6,0.035800112044049634
TRPM3,6,0.3736541511340863
EXT2,6,0.30898041834806156
PARD3,6,0.02149506723295914
AMY2A,6,0.027987889295646724
HSF1,6,0.05646888267121307
FGL1,6,0.013547022581528392
OTUD3,6,0.5388489505329306
MRAP,6,0.01466753958840034
GLS,6,0.03407251614475688
HOXD11,6,0.18501244800266392
TRPM6,6,0.7823530251386356
MCTS1,6,0.034844011040501714
FGL2,6,0.09395259762005863
FGR,6,0.07400497920106557
FH,6,0.2775186720039959
RPTOR,6,0.25174842504745953
CRIPTO,6,0.04053416767054509
CTNND2,6,0.28048529523497656
CTNNBL1,6,0.012961313679042437
CX3CL1,6,0.09785401356303043
DLG5,6,0.041137437832228965
DLL4,6,0.026055919760375173
HRH4,6,0.07382561568039583
AGPS,6,0.25455993403936705
HPS1,6,0.46622622973204636
ADRB3,6,0.25901742720372944
PTS,6,0.01632364828727504
SLITRK3,6,0.18244161640786793
AEBP2,6,0.16575245571548702
LGALS14,6,0.035729603958274465
FOXA2,6,0.2508406494546015
RBFOX3,6,0.011840796672170494
FOXD2,6,0.17009164311958272
DLG1,6,0.20419808443883447
SULT1A2,6,0.19138633804058933
PUS10,6,0.45675255402012843
DLD,6,0.4816396416141766
MPPE1,6,0.18758829715602515
TACSTD2,6,0.06327686599960014
MTA1,6,0.0835963408243254
PAX6,6,0.035211569103866996
CTNNA2,6,0.31532196174601623
CTNNA1,6,0.18501244800266392
GNLY,6,0.025022891396199943
DMP1,6,0.041827614244442264
DMD,6,0.06973925284796995
MPRIP,6,0.08519377841278857
LGALS9,6,0.10217221221502658
PTPA,6,0.009756939799500486
FMN1,6,0.4304694890494775
TAGAP,6,0.502939285903678
ZNF521,6,0.3985737786744687
CTH,6,0.16386714392431267
AKR1B15,6,0.04083594752314798
PTPN13,6,0.2775186720039959
FLT1,6,0.58811943452914
PTPRB,6,0.2775186720039959
TRPC6,6,0.048658273824700615
QKI,6,0.2775186720039959
SLC7A2,6,0.03299860207048765
RASA3,6,0.04482522704085876
DEFB104B,6,0.010676862804847066
ACSL1,6,0.15763460836463736
CYP2C19,6,0.014933931734617996
RTKN2,6,0.04752757594182607
CYP2B6,6,0.038330511275803864
MSR1,6,0.2272942716411394
GJA5,6,0.05908942982013081
CYP1A2,6,0.008582521893456908
DEFB104A,6,0.010676862804847066
SLC35A2,6,0.0675004933606457
DENND5B,6,0.2559804875761879
TUBB4B,6,0.10072899946811702
PSEN1,6,0.01663056338157279
PCM1,6,0.18501244800266392
ZNF146,6,0.009813471380834635
HOXA11,6,0.18501244800266392
APOC3,6,0.37002489600532784
DKK2,6,0.32117370320719635
COXFA4,6,0.10462387054354631
GALT,6,0.019643078210483833
GAPT,6,0.16072291917519652
AQP1,6,0.12448317987543436
GPI,6,0.04111161607067195
MSI1,6,0.01961131948828238
COMP,6,0.1228546788619889
DPYS,6,0.018438957276105495
SLC36A1,6,0.013500358330754386
PDAP1,6,0.02374666657716468
FAT3,6,0.18501244800266392
ACP2,6,0.053190050953832536
PRSS50,6,0.09993857360376251
FASN,6,0.04471134160064378
GPHN,6,0.18501244800266392
APOH,6,0.014829517461254181
PCSK6,6,0.32553516360890095
ACP5,6,0.022747691620700863
AOC3,6,0.07400497920106557
GAA,6,0.009636065000138744
PTBP1,6,0.03337562891152057
IGFBP1,6,0.045345896058570985
OR1E2,6,0.06676302667042797
DNM1L,6,0.019840511407120516
OR1E3,6,0.06676302667042797
FUT4,6,0.03293221574447418
IGFBP4,6,0.008880597504127868
QSOX1,6,0.3337718995287431
FFAR4,6,0.08559886745621272
PSMG1,6,0.13696719031237967
CXCL5,6,0.09063538272198741
MUC19,6,0.44737384503112276
ZNF385B,6,0.14021537911651658
SQOR,6,0.13209089039281874
CR1,6,0.17180882534531783
LAMC2,6,0.021602875706337715
LAMP2,6,0.03444931781809602
ANGPTL4,6,0.17540759503906453
FUT8,6,0.06485558820820969
OR1E1,6,0.05862119414964406
TUBB6,6,0.10072899946811702
MUL1,6,0.01907234655604307
ANXA2,6,0.038273664796622565
HOXA5,6,0.03034944197035699
PAPSS2,6,0.036368461664616554
CPAP,6,0.053190050953832536
PSMA7,6,0.038467386722423016
ANO6,6,0.07490948450241193
L1CAM,6,0.0686058631097103
FZD5,6,0.006537106496094126
TSPO,6,0.08674607752409844
IER3,6,0.03894144374229846
CPEB4,6,0.3962724700595154
FCRL4,6,0.2775186720039959
PSMB6,6,0.03374488987765454
PSMB9,6,0.024309253677349426
SYTL2,6,0.04102095997115065
FYB1,6,0.30978550205097566
ACSBG1,6,0.03169879942445642
PDK4,6,0.07696084882610733
USP6,6,0.37002489600532784
THRB,6,0.3704328823305529
LTB4R,6,0.02213217643344681
SALL4,6,0.3711349706933439
HAND2,6,0.16847421106088412
NPTX2,6,0.029791532580079837
USP25,6,0.3096456614879218
RGPD3,6,0.18501244800266392
MACF1,6,0.24268115636766052
HECW2,6,0.2085757190673915
TOP2A,6,0.06609980843668507
SFTPD,6,0.018254561536262846
XIST,6,0.024421643136351638
USP14,6,0.03626243980852213
BRAP,6,0.03811256428854878
NLRP2,6,0.030386444459957525
ELL,6,0.2775186720039959
PHEX,6,0.032443782881747145
HAMP,6,0.11231376095706724
BSG,6,0.08688020102695763
S1PR2,6,0.11230552014824556
IRS1,6,0.11439736886209982
POU2F1,6,0.008880597504127868
IL20,6,0.08071435284318884
POU2F2,6,0.04681863338339412
HACD1,6,0.11488102842498253
PLOD2,6,0.1993234734043554
SGCB,6,0.11019257069899269
TRAJ60,6,0.027246883032267157
PIWIL4,6,0.24122721125427823
NCR2,6,0.031021306880139952
RNASE2,6,0.03291099535156835
BST2,6,0.16270812097855242
S1PR3,6,0.3169207764569177
CES2,6,0.032960584319834584
IRS2,6,0.20785784428172516
BSN,6,0.09624257339072502
THBS4,6,0.07884134986682735
CFH,6,0.26585685135912884
WWOX,6,0.26705513670066194
STK4,6,0.06521338912997793
NMRK1,6,0.03178522157415105
IL12A,6,0.6000769861763527
MAN2B2,6,0.032103359977422245
TFAP2A,6,0.0805075873317237
CHEK1,6,0.07804656354180295
GSDMA,6,0.042027427688285136
PPP1R14A,6,0.34764498580230213
BDKRB2,6,0.015816097471587732
THBD,6,0.037309333748773085
CHL1,6,0.3129501121880349
ST14,6,0.04552205924886418
EIF4E,6,0.02865841560973183
SNX10,6,0.07486280766575709
PPP1R18,6,0.0395519611340095
GRN,6,0.07400497920106557
UQCRFS1,6,0.21183362535758427
CD7,6,0.04403296262463402
MAN2A1,6,0.3048821206224014
CBR1,6,0.011100746880159837
BIRC6,6,0.18501244800266392
USO1,6,0.021482176619548883
SFTPA2,6,0.042150735660731256
SFTPA1,6,0.041442788352596724
TOP1,6,0.2716612513281761
NCF4,6,0.4427534589511856
CAV2,6,0.018333894264473384
S100P,6,0.04610482470828813
TGIF1,6,0.10326194938408022
TGFBI,6,0.3027781204709924
PMEL,6,0.007400497920106558
WARS1,6,0.05438646680870239
IRAK4,6,0.12709406647484242
BLM,6,0.2775186720039959
CBLL2,6,0.019039682369290937
PPIG,6,0.02373295187657594
NDFIP1,6,0.4799043618724365
TIE1,6,0.03313942968623716
S100A6,6,0.02599329673306222
CDH5,6,0.1876204095308425
ITIH4,6,0.11264930103807513
NFIC,6,0.12947200051180915
CDKN2B-AS1,6,0.09788816402207452
CACNA1E,6,0.37002489600532784
MAML2,6,0.29279878094765155
SPARCL1,6,0.08063212508852101
PNO1,6,0.009620647296138525
CDH3,6,0.07629337761347187
NEFL,6,0.06346537172189551
NFKBIB,6,0.07400497920106557
TRAC,6,0.031011269069267895
ITGA1,6,0.03469353424945955
TMEFF1,6,0.015744626682796258
TRAF1,6,0.02294154355233033
SCN10A,6,0.30845146842687704
PINK1,6,0.032658448006166886
NES,6,0.03877296877445164
CDKN1C,6,0.03196275051694022
RHOB,6,0.07848259297134523
PMS1,6,0.18501244800266392
SAFB,6,0.038236462189515874
TPRG1,6,0.3605965698763569
CALML3,6,0.24960902629606305
CAMK2B,6,0.014800995840213115
CALM2,6,0.04251586055101217
CALM1,6,0.04042151963962202
CADPS2,6,0.04633821772674721
PIK3R1,6,0.28732090559169254
CDK6,6,0.2775186720039959
PML,6,0.2963128531802665
CDK8,6,0.0774324690459214
SOSTDC1,6,0.06966150363012304
CDKAL1,6,0.47400659896984076
H3P13,6,0.012536952994580615
CAMKMT,6,0.03183559754082938
IL36RN,6,0.03618843482932107
PIK3C2A,6,0.03383507649072719
LTBP4,6,0.7513038763383969
C12orf75,6,0.31415838440094296
RGS2,6,0.057488897812941524
TJP2,6,0.23019021449579566
USP47,6,0.10220641082682716
CARD8,6,0.47393807204421057
KAT2A,6,0.024236630688348977
IL26,6,0.08638447065761254
STC1,6,0.1933556319788471
RLN2,6,0.02368259072715831
C9,6,0.019926752762635332
CEP43,6,0.4344318761121938
CARD9,6,0.4447738863263472
POT1,6,0.2775186720039959
BUB1B,6,0.2775186720039959
TMEM248,6,0.04054177773082374
KCNA3,6,0.0658328411611708
BTNL8,6,0.015119628389551037
WNT3,6,0.020962606818249907
CDH13,6,0.463309524715986
GZMA,6,0.05613339343216824
SAA3P,6,0.023674339831941747
NEDD4L,6,0.07400497920106557
PODXL,6,0.1792777755562713
CDH2,6,0.06240806543441697
NEDD4,6,0.13633407977120054
SORBS1,6,0.028647238189232784
NEAT1,6,0.10064734542920388
TPM3,6,0.2775186720039959
STARD13,6,0.023443086752589173
CELA1,6,0.01683613276824242
POLE3,6,0.04752599764292431
WIF1,6,0.01443097094420779
JAZF1,6,0.47124593686484756
C20orf96,6,0.05862119414964406
SOD2,6,0.04304633951165697
STAT4,6,0.3492543483696813
NBEAL2,6,0.030578857405880292
CD8B,6,0.03879711034615862
HDAC6,6,0.062441701200899064
UNC93B1,6,0.0401217994738577
GRIN2B,6,0.2700248876350449
HDAC1,6,0.06438433190492704
VLDLR,6,0.2515614335359011
CD207,6,0.10953564133004168
TERC,6,0.021063256066329954
PLA2G7,6,0.360181764932568
CISH,6,0.020461965610321292
HLA-DPB1,6,0.02695617289853868
HLA-DPA1,6,0.04415260400767574
PENK,6,0.210347678145397
CCL17,6,0.027574053909932707
CKB,6,0.028145919282213185
CCL18,6,0.08887064842987324
AVPR1A,6,0.03449372080561667
EFHD2,6,0.439297722479047
LRPPRC,6,0.031880287026970315
NOTCH4,6,0.008140547712117212
B4GALT1,6,0.19304826102787273
AURKA,6,0.09928923700242309
YTHDF1,6,0.022238509884624422
EGR2,6,0.3805187167995653
BAP1,6,0.2775186720039959
EPS15,6,0.3696386732637989
KDM4D,6,0.07793669929050885
KDM5A,6,0.2775186720039959
EGR1,6,0.0628246769682646
NTSR1,6,0.1890373135739717
BAG3,6,0.3298177739048234
HDAC8,6,0.08492071363322275
BACH1,6,0.3046859395963022
PEX13,6,0.06590093300421235
CD276,6,0.09104423001491187
ERCC2,6,0.34042290432490163
VNN1,6,0.0854766629818499
LRRC32,6,0.23123488923544228
ERCC6L2,6,0.037905350346785785
CD1B,6,0.016170704663592838
SND1,6,0.2775186720039959
BASP1,6,0.006206928321441267
PRDM16,6,0.2775186720039959
CCND3,6,0.28199561349923363
TEC,6,0.09250622400133196
LRIG1,6,0.41823903530729734
ATP4B,6,0.39657957441135244
NUMA1,6,0.18501244800266392
LRG1,6,0.04442375002869299
PDZK1,6,0.25065600881320227
GPX8,6,0.07606022020912427
HLA-F,6,0.03221436744622385
TREX1,6,0.04392565540479247
MGAT4B,6,0.04668974137795228
EDAR,6,0.3977767632057274
EXOC6,6,0.06275519451557025
CLEC4D,6,0.08523913127515405
PLA2G2D,6,0.016169392000432378
SLC12A9,6,0.015206995378885625
HDAC4,6,0.2266062114208896
CLDN8,6,0.06238790764941391
SNCG,6,0.03969247222123077
CCL8,6,0.0973838545498681
CLCA4,6,0.025388472235468078
CCL19,6,0.029008512861111016
TEK,6,0.3474917843166462
ESRP1,6,0.007400497920106558
CLCN2,6,0.015122300791577739
CLCN3,6,0.1596826356763107
CCL24,6,0.05113732793856211
CD160,6,0.03053525781708511
MMEL1,6,0.32131503294471664
ATP8A2,6,0.27316616601449994
NAGLU,6,0.019787916641445885
RIPK2,6,0.356253055175129
ATP7A,6,0.021570280372669767
LRP1,6,0.025863301245065726
CLDN23,6,0.015385635175901535
NUF2,6,0.1336569421004295
EPOR,6,0.05550373440079918
PMCH,6,0.026335372462731304
BCAR1,6,0.022140084209487244
TRAV29DV5,6,0.027246883032267157
VTCN1,6,0.00980565974414119
RNF123,6,0.15219577528990555
EPHA2,6,0.34799195587092024
RFC1,6,0.007400497920106558
PFKP,6,0.019442073146637717
CD300LF,6,0.07701614699112146
NTM,6,0.35700947553699547
RFC4,6,0.007400497920106558
EPHA4,6,0.2888723594149527
EIF3H,6,0.2493391726229649
MAFB,6,0.18501244800266392
NTN1,6,0.07887930228615864
SHANK3,6,0.10091871782977264
VSIR,6,0.15906857152338263
EPHB4,6,0.09250622400133196
HK2,6,0.05994403315286312
TNS3,6,0.3407320307045797
PPP2R1A,6,0.284541436176097
HCK,6,0.07400497920106557
BBS9,6,0.2759402042129337
EPHX1,6,0.31792728767749795
TNFAIP2,6,0.04042151963962202
RFC2,6,0.007400497920106558
TOB1,6,0.0769651783691082
CD3E,6,0.33780891829382964
MAK16,6,0.009620647296138525
MAP1LC3A,6,0.02260352147429723
VSIG1,6,0.04070273856058607
SP1,6,0.020628887952297028
BATF3,6,0.042619467521893675
EPHA1,6,0.07511505388908155
MAL,6,0.007770522816111886
DEGS2,5,0.023681593344340987
OTC,5,0.03936744736421172
TNS4,5,0.13736328579513732
DCX,5,0.01399214766143769
RPN1,5,0.09250622400133196
SARDH,5,0.11767188688714084
HSD11B1,5,0.07490948450241193
P3H2,5,0.2775780666642865
TNFRSF6B,5,0.32477797446306916
HSD11B2,5,0.027030064595148798
MIR155,5,0.05457312178734578
MT1M,5,0.03590380875174997
DCTN1,5,0.18501244800266392
HBB,5,0.011551312700372912
NME1,5,0.02294154355233033
FPR3,5,0.030601058899640616
GLUL,5,0.10180324172541144
HAVCR1,5,0.03436791234097485
TNIP3,5,0.06686181113010681
MPST,5,0.0763484702090993
TNK1,5,0.04993115946695893
MT1H,5,0.018963176547513862
MT1X,5,0.024781160534983873
HECTD1,5,0.04053992760634372
ST6GALNAC2,5,0.03899137341656142
P4HB,5,0.03691593230286406
NPAS2,5,0.12255729753928983
TMPO,5,0.14978638862106036
MSLN,5,0.0384825891845541
HBS1L,5,0.031600126118855
TNXB,5,0.031045088774847008
SSTR3,5,0.18501244800266392
DHX9,5,0.04458286073397526
NFE2L3,5,0.011100746880159837
OSTM1,5,0.3139514845464364
HDAC3,5,0.07983755394054534
TMPRSS13,5,0.28219440804290963
MEP1A,5,0.0293106969319568
SCG2,5,0.01500677079626941
MED12,5,0.2780737093480039
TNFSF18,5,0.29386385504719303
OSM,5,0.06176390827705127
NFIA,5,0.2744327036613314
NOG,5,0.03137071068333169
TPP2,5,0.032103359977422245
HDAC11,5,0.02775186720039959
MSMB,5,0.031236268304449755
DEFB103A,5,0.04269676161128144
DEFB103B,5,0.04269676161128144
NMRK2,5,0.10645558819268348
OSMR,5,0.40330546115574617
DHX40,5,0.03585462510055336
FOXQ1,5,0.24148825663088416
SERPINA12,5,0.27840202697390304
SYNE1,5,0.4188855694221671
SERPINB2,5,0.028348877743349
HSPB2,5,0.03817423510454965
OSR1,5,0.15782272821422844
MEGF8,5,0.031000685787326367
P2RY6,5,0.015613804609224005
NFKBIE,5,0.2775186720039959
SANBR,5,0.024017630291109676
NKG7,5,0.009732903221156133
SH3GL1,5,0.18501244800266392
GABRE,5,0.07400497920106557
GABRG1,5,0.2838210122795345
HSF2,5,0.06182042206914387
HDGFL1,5,0.20766657708581704
MST1R,5,0.05515282840936259
FUT7,5,0.044721208931203925
GJB6,5,0.02138489939209091
GLIS3,5,0.2835603638965733
SH3BP4,5,0.07577666637419692
SERPINB6,5,0.009312293216134084
TP53INP2,5,0.06287420660457116
FUS,5,0.2775186720039959
GAN,5,0.005344804053410291
SERPINF1,5,0.031207899729089352
GABRA5,5,0.07400497920106557
FURIN,5,0.04845105988293763
GCGR,5,0.03491554918706274
NLRC5,5,0.07518411759425175
G3BP1,5,0.01589011017225354
SAMD9,5,0.1494727608848312
GLI2,5,0.03198215834348523
HCRT,5,0.005889562928084802
GLA,5,0.035226370099707215
HDC,5,0.32375495588516623
FZD1,5,0.09563397151406276
TNFRSF10A,5,0.008880597504127868
TNFRSF10B,5,0.28765160395743844
SHC1,5,0.2780546646806586
MSX1,5,0.007400497920106558
NKX2-5,5,0.17427958697264126
SIGLEC7,5,0.10404149189434321
FXYD5,5,0.031267103712450214
SHBG,5,0.08011038998515348
HEPH,5,0.06662493543493264
MT1G,5,0.04145873111231242
OTUD1,5,0.02405295169788852
GLS2,5,0.012493479474846556
GDF5,5,0.07098172162366204
TMEM219,5,0.0743750040970709
GJA8,5,0.0029601991680426234
RPLP1,5,0.14748904980777244
FRZB,5,0.38137839135222973
MR1,5,0.022201493760319675
NFKBIZ,5,0.14219697619817687
MT1F,5,0.030021457255921567
HAPLN1,5,0.32694587501161315
DHDDS,5,0.0051803485440745905
MEG3,5,0.07777839604602434
DDAH2,5,0.027361285365727298
MSRA,5,0.3106634508496498
DHFR,5,0.3252929974660171
GALC,5,0.43956831298527316
SCARB1,5,0.057117454086155754
ST8SIA2,5,0.1400081474001351
TAC3,5,0.007770522816111886
GAD2,5,0.03050649698177259
ST3GAL1,5,0.2937037555297941
NR0B1,5,0.0310376882769269
MRO,5,0.05506596289220561
DGAT1,5,0.008572243424123428
NR1D1,5,0.09145257396624586
NPC1,5,0.019298874639699922
DDIT4,5,0.0234225164855345
HDAC10,5,0.02775186720039959
TSPAN7,5,0.031111693256127972
GAS5,5,0.08863757913613278
GDF10,5,0.007578611207774972
GJB2,5,0.16638798740267766
GAL3ST1,5,0.029417135236052258
H4C9,5,0.09250622400133196
HSPA9,5,0.07036640105701317
EXPH5,5,0.040490572805934266
SAG,5,0.0835355770761754
MIB1,5,0.031515235634642924
SFRP4,5,0.2775186720039959
NBEA,5,0.18501244800266392
DRD1,5,0.04628757325454793
NTAN1,5,0.05846393356884181
FAM98B,5,0.044050164476274835
SRGAP3,5,0.3005674834155712
DROSHA,5,0.2775186720039959
SRGN,5,0.019258850583932112
SEC24D,5,0.03531517607474849
TBX3,5,0.2775186720039959
MMP8,5,0.10116823986611777
EIF2S1,5,0.007400497920106558
EPHA6,5,0.3669405592575316
HNRNPD,5,0.02311712326592042
EIF2AK4,5,0.009106723829464458
EIF2AK2,5,0.03853029095474393
MMP26,5,0.028126365641345647
DSG1,5,0.22346661985280408
EPHB1,5,0.07400497920106557
EPHB3,5,0.09181600850725638
S100A14,5,0.012455037999539334
GPR183,5,0.14187919199381205
EPHB6,5,0.01554104563222377
DRAM1,5,0.021985200939821876
FANCG,5,0.18501244800266392
EPHX2,5,0.041549340652661144
GPNMB,5,0.0160755260375648
SREBF2,5,0.015217273848219108
GSTA4,5,0.04659230148867087
EIF6,5,0.00943563484813586
GPC3,5,0.18501244800266392
TFR2,5,0.03605522586675915
DPP10,5,0.21852443494208268
TBCE,5,0.032613994333909595
TFPT,5,0.09250622400133196
TRAT1,5,0.0454232283866807
OPN1LW,5,0.025231175381056632
GPHA2,5,0.01809678663537623
HOOK3,5,0.18501244800266392
SFRP5,5,0.22959648844491432
HIP1,5,0.2775186720039959
RTL1,5,0.11614052384566068
NCAPD2,5,0.039757119381905785
OPA1,5,0.24736149088688533
ENSG00000290929,5,0.007672877357443812
TRIM71,5,0.058278921120839135
ENSG00000293615,5,0.017565480366265436
FARP2,5,0.05831592361043967
OMP,5,0.005735385888082583
ENTPD3,5,0.024448107310202832
HNMT,5,0.31353422768443373
SEC14L2,5,0.019981344384287707
NR2F2,5,0.2919464735763974
GPR84,5,0.0945459838606044
MGAM2,5,0.007593662814991649
DYSF,5,0.2832718177501445
GPRC5A,5,0.03828277574071122
EEF2K,5,0.11000926577579397
NXF1,5,0.019981344384287707
ESRRB,5,0.04050101525508557
MLNR,5,0.011100746880159837
GRHL3,5,0.046464812261349284
FABP5,5,0.031454788562479574
HM13,5,0.034042290432490165
MGAT5,5,0.31731294001229365
TREM2,5,0.016750203127515167
TRHDE,5,0.23499730026369858
GRB10,5,0.04533787072176696
F7,5,0.014403317437181847
EWSR1,5,0.18501244800266392
EXO1,5,0.04483468323264555
ECE1,5,0.08241584756108315
GPX3,5,0.03439175838982853
STPG4,5,0.044921022375046804
NUP210,5,0.03386467848240761
NUP214,5,0.18501244800266392
GPX2,5,0.07855411435749025
S100A10,5,0.023075163653665586
EFEMP1,5,0.34834555828161945
FAM215A,5,0.008888409140821315
MYRF,5,0.12152939546816509
FAM20A,5,0.03934844744120657
EHBP1L1,5,0.03771293740086302
EPRS1,5,0.01217114667654858
ERAP1,5,0.3344631499742473
EGLN1,5,0.042166908980215446
ERBIN,5,0.05072177932809033
TCIM,5,0.05837587534985672
NAT8,5,0.10956694868996834
MYOCD,5,0.004625311200066598
HLA-DMA,5,0.028943892905039077
TCL1A,5,0.2775186720039959
TRIM28,5,0.03700248960053278
TERF2IP,5,0.04053181099511234
TERF1,5,0.15343461410032136
SRPRA,5,0.031223523002476248
TCN1,5,0.2657366946159936
DVL2,5,0.008325560160119878
GRIK4,5,0.3256884913765729
ERMP1,5,0.0401625022124183
GPR68,5,0.08631082200509685
STRN,5,0.18501244800266392
NUDT1,5,0.06404743683434008
HMGB2,5,0.03419184136057185
STXBP1,5,0.010712995904220502
FBXO32,5,0.024791668032356967
TH,5,0.03994418752377515
FMN2,5,0.32213936819277544
H3-3A,5,0.2775186720039959
TMCO4,5,0.5071922562876686
SUFU,5,0.18501244800266392
FKBP8,5,0.007400497920106558
RPS6KA2,5,0.24332047052207723
TM7SF2,5,0.08510755347560212
DMRT1,5,0.04595503638999502
FKBP4,5,0.13310806254689997
TRAF5,5,0.05753887132882848
TRPV6,5,0.033374189925813876
TLX1,5,0.2775186720039959
STAT2,5,0.017401024856929733
MTNR1B,5,0.3337471535915555
FIP1L1,5,0.18501244800266392
ENOPH1,5,0.2910702044529329
GZMK,5,0.01907524135031395
SUCNR1,5,0.04088670216366275
TRPS1,5,0.173484160581239
TLL1,5,0.2734778280808077
FIBIN,5,0.29882432843201034
TLE1,5,0.1732622411338405
GOLGA4,5,0.1552586234561902
TDRD7,5,0.022747691620700863
SEMA3A,5,0.030326444558749013
TAF8,5,0.007400497920106558
MX2,5,0.03068736888653452
GNAT3,5,0.01604736303159106
SPRY1,5,0.27642060963790266
MPP1,5,0.010915734432157173
HRH1,5,0.03145211616045287
TPSAB1,5,0.012580846464181148
GMPS,5,0.18501244800266392
GNA11,5,0.2775186720039959
DKK1,5,0.22637690031213795
NF2,5,0.28768874523177007
NR4A3,5,0.2775186720039959
DLEU7,5,0.18190442886855546
DLG2,5,0.268053417195365
NELL1,5,0.28327782296824594
FOLR3,5,0.15453290804604067
NELFCD,5,0.011706827346351319
FOLH1,5,0.05045998157888065
NRBF2,5,0.04802655561370022
NEK7,5,0.2811766817224591
MPI,5,0.030541854916279764
SH2D4B,5,0.27775067067892983
TSC22D3,5,0.06079996551621327
FNDC1,5,0.08995089443783708
RPS6,5,0.16048544178257468
TRADD,5,0.0318221410564582
SCNN1B,5,0.04232624010561453
HOXD12,5,0.062499055059779915
GYPA,5,0.21932946086036628
SCO2,5,0.49655424554783073
GOLM1,5,0.056613809088815165
THSD7A,5,0.3783272247100032
FECH,5,0.048980195484225254
RSAD2,5,0.007686066915736367
ELP3,5,0.02775186720039959
GON4L,5,0.06590978364592753
SELENOM,5,0.003700248960053279
ELP1,5,0.10307207752434176
NSD1,5,0.18501244800266392
NSD2,5,0.2775186720039959
THPO,5,0.03537292848652184
NCOA2,5,0.2778886969000012
FCGRT,5,0.025237034108576716
FCGR1BP,5,0.007770522816111886
MICB,5,0.05692966412272046
THEMIS,5,0.3602538706586699
METRNL,5,0.2813848387235073
RTEL1,5,0.26117938423432846
FCAR,5,0.0771589943590378
ELK1,5,0.008695585056125206
TAX1BP1,5,0.05876700231071593
OPTN,5,0.02420332844770849
TBC1D1,5,0.30776905220378
MOG,5,0.010062621477478221
FFAR1,5,0.014862666656214003
DNLZ,5,0.23261258591149692
FGF20,5,0.1233907526135759
TAP1,5,0.01965641490976661
NDUFAB1,5,0.09250622400133196
STC2,5,0.030467849937078698
TIMP2,5,0.01952462253355546
HGFAC,5,0.34645108835678157
NDRG1,5,0.2775186720039959
DNAJC10,5,0.05365360992077253
TIMD4,5,0.05921926074287265
GUCA2B,5,0.05028406178309627
HOXC10,5,0.03202195450030108
TRPC3,5,0.3047580601084264
HHIP,5,0.3464466715133158
FGF18,5,0.13967943493924417
RREB1,5,0.32435364711350695
EML4,5,0.2911742943256708
DNALI1,5,0.022131994564148806
DNASE1,5,0.06400093241290737
STIM1,5,0.0743750040970709
NRP2,5,0.14581251256331584
NCR3,5,0.045176159840076405
FGA,5,0.07400497920106557
HHEX,5,0.26028201635061465
SLC49A4,5,0.21895606628230457
UBE2I,5,0.05416753338744661
MAFK,5,0.0384825891845541
KCP,5,0.059293347473813866
BCAP31,5,0.009250622400133196
RBBP9,5,0.2691516780582806
PELI1,5,0.20874216968054163
SLC1A5,5,0.03462692976817858
KCTD12,5,0.12830876502237437
PEPD,5,0.019981344384287707
PPP1R3C,5,0.023958464453544832
BCL2A1,5,0.022056206943944244
CHST3,5,0.38654912789353
LRRFIP1,5,0.03431610885553411
CILK1,5,0.013627593195222071
YDJC,5,0.08386964916248817
CIC,5,0.2775186720039959
BCL9,5,0.37002489600532784
BCOR,5,0.28029385872403584
RNF128,5,0.09428439919602426
UNC5CL,5,0.16560076003279903
KDELR1,5,0.03754272594870056
BAZ1A,5,0.09250622400133196
LEMD2,5,0.28159621578411825
CARD16,5,0.009139147269397286
AGMO,5,0.05429432855048345
AGFG1,5,0.009979694728723653
BAD,5,0.026043984150067513
KDM8,5,0.05519645249770485
KDM6B,5,0.06422838864631693
BAIAP2,5,0.21444778715456128
CLEC10A,5,0.035070959643384976
SLAMF1,5,0.027114807671110415
LEFTY1,5,0.0332948401425594
PEBP1,5,0.09667807958399273
KDM5C,5,0.2784437342440092
SNORA73A,5,0.010270863266174551
BARD1,5,0.2775186720039959
MAP4K4,5,0.07572839881645375
PFKFB2,5,0.0573309880769535
RFWD3,5,0.18501244800266392
UBE2D1,5,0.3181731397764924
USP12,5,0.11990166229236121
CGB5,5,0.008213306689117445
ADORA2B,5,0.2793687964840225
BLTP1,5,0.4025600392620216
CFLAR,5,0.027042229091735225
IL17RB,5,0.07673986173543748
CFD,5,0.26813901343620716
BMP1,5,0.018830383133332778
USP16,5,0.02199592437365005
CHST15,5,0.02199592437365005
CFAP54,5,0.30727464693271184
BMP8B,5,0.24252584363176505
KCNJ11,5,0.03700248960053278
IL18RAP,5,0.44245585345211214
KCNIP4,5,0.0065327428240562575
CES1,5,0.013834819722865873
LSP1,5,0.32902484656145825
CH25H,5,0.3252837239971969
CHAC1,5,0.026788274755265826
PHB2,5,0.01926966316763746
SLC35A1,5,0.02569761231941001
CHRNA7,5,0.04029751957959605
MANF,5,0.0789258991791631
CHRNA4,5,0.07400497920106557
SLITRK6,5,0.21662840432250088
ADRB1,5,0.25901742720372944
ADRA2C,5,0.25901742720372944
ADRA1B,5,0.25901742720372944
SLC19A1,5,0.11378265552163831
XRCC4,5,0.18869721068174075
IKBKE,5,0.007770522816111886
RFX5,5,0.0335242555780827
PGM3,5,0.0464973284320295
BIN1,5,0.08660671717857873
IKZF4,5,0.06272645150913529
CHGB,5,0.02845594234974306
RNF183,5,0.04384815410891868
ACSL3,5,0.12484731678225322
IGKV2D-29,5,0.02469408173537721
KIR3DL1,5,0.058241132194561104
PRDX6,5,0.02150694216053256
COL6A1,5,0.32754103602910617
ATP11A,5,0.19570615553447607
SPEN,5,0.2785362404680105
PDE1A,5,0.3123183477285381
PRDM9,5,0.17318811359829026
ACLY,5,0.02253040477899107
COL21A1,5,0.3664528905489528
YY1,5,0.015397147061555032
COL17A1,5,0.030897078816444875
MATR3,5,0.04133918138171523
KIR2DL3,5,0.025393414904940837
ATP5F1A,5,0.007400497920106558
COL12A1,5,0.33707343100945014
ZBTB46,5,0.16660574944440784
ATP5IF1,5,0.012467783301512854
RBM10,5,0.2775186720039959
ATIC,5,0.3223359021021144
UBLCP1,5,0.04955493383247418
KLF12,5,0.33565119024963924
ASB3,5,0.1098146837518749
ASCC1,5,0.18684801214037886
ASCL2,5,0.012580846464181148
RNF5,5,0.053417205126102464
UBE2L3,5,0.2156442845899033
SLC6A6,5,0.016030544247248438
MCC,5,0.21139903697374732
SMYD2,5,0.28534039517868814
ASPRV1,5,0.017565480366265436
UBE3A,5,0.19739898054596744
RARB,5,0.2933425960753106
PCYT1B,5,0.06408294830524816
SMYD5,5,0.07951423876381157
ATF2,5,0.039806044895933146
SIRT2,5,0.09125820591491035
SNAP25,5,0.24421758793833467
SIX4,5,0.03700248960053278
PRCC,5,0.18501244800266392
ACP1,5,0.023705889641527346
KIF1B,5,0.18461397665937737
LRP5,5,0.019765496528284597
LRP6,5,0.024594919702339495
CNGB1,5,0.3201759479020023
SLC9A1,5,0.032066665841901716
SMAD1,5,0.03468613375153943
MARCKS,5,0.18630922774314204
PDIA2,5,0.03475417721852708
AGXT,5,0.020404366443136993
PTPRR,5,0.010896729259063981
CLYBL,5,0.29706064005493643
LDLR,5,0.021091419072303694
SKP2,5,0.033349520700834794
KIAA1549,5,0.18501244800266392
CLPP,5,0.07400497920106557
LRP4,5,0.2758443292521865
IGKV1-5,5,0.02168367522849495
PDE4C,5,0.37002489600532784
KIF21B,5,0.34946094925366533
MAT1A,5,0.05032338585672459
UCP1,5,0.23745963128987232
ATP6V0A4,5,0.2849527088294165
CNTN5,5,0.32863643385104924
KIF5C,5,0.04186831698300285
CNTN3,5,0.018178168890219414
ZBTB33,5,0.022571518656325
AHSP,5,0.05724285141202422
SLC8A1,5,0.034745337734900295
ACOXL,5,0.3732383388869429
KIF26B,5,0.2781491640774188
IGKV1-16,5,0.08032891024318328
ZBTB1,5,0.046301215237146684
KIF26A,5,0.03716531130580413
SNCB,5,0.012417829940552136
BNIP3,5,0.024599305930733586
MAMSTR,5,0.16104045183388224
CERS2,5,0.05096846259209389
PLAUR,5,0.08049629875503625
SLC2A3,5,0.020034252386134238
INSL5,5,0.059319589708587396
SORD,5,0.11767188688714084
CCDC80,5,0.01961131948828238
RHCE,5,0.006660448128095901
CA4,5,0.0431768894434648
PNPLA3,5,0.03293221574447418
SP6,5,0.04460835133792229
CD2AP,5,0.07867140427846611
PNOC,5,0.27274950005941667
SLC2A4RG,5,0.2259894388519548
ITLN2,5,0.03984813043370013
LIPC,5,0.4130709775541321
CACNA2D3,5,0.4437515815893167
PLD2,5,0.0810354522251668
VSX1,5,0.003700248960053279
PLAA,5,0.04538736259614206
ADAM9,5,0.010387189784902589
CCL1,5,0.050863626433894714
HTR7,5,0.010291420204841516
JCHAIN,5,0.04796817739365069
CD226,5,0.348410014732821
ADGRE2,5,0.04913054950660016
CD200R1,5,0.029594385613119455
RGS6,5,0.32433302274228365
PKN1,5,0.03598122088755808
CD151,5,0.052173510336751217
JAM2,5,0.028863943993531503
RASIP1,5,0.05763801430051818
CCR8,5,0.06764094954266646
VIPR2,5,0.41888595299277054
CCNB1,5,0.014228780866537392
CCN6,5,0.003700248960053279
CCN1,5,0.0786129754093076
CCL3L3,5,0.05817531414995764
IQCH,5,0.12236710284805663
VTN,5,0.041699750085933754
PLEK,5,0.026389566469434873
CAP1,5,0.02003806180923523
SOX11,5,0.2778317572435084
QRSL1,5,0.3351442926208777
CASP8AP2,5,0.035339305480229906
CASP7,5,0.03700248960053278
CASP5,5,0.03700248960053278
QTRT1,5,0.03700248960053278
LZTR1,5,0.18501244800266392
PLIN5,5,0.007770522816111886
ISM1,5,0.0029601991680426234
CARTPT,5,0.3095522356950778
PLN,5,0.03550758902067126
ADCK1,5,0.008140547712117212
LZTS2,5,0.040934004120589396
CARMIL1,5,0.38569506897161193
ISG15,5,0.019765391103453572
PLXNA2,5,0.40965144400104353
IRF6,5,0.07622512857709755
PMPCA,5,0.07795074384965925
CASZ1,5,0.02569761231941001
SOST,5,0.039022208824561866
PMP22,5,0.23388630221502596
ITGB4,5,0.03375449329115269
ITGB1,5,0.5598106632113535
MACROD2,5,0.31940527504840865
WDR41,5,0.04889776216017073
CALM3,5,0.031837027934158844
CBX3,5,0.00865447117879128
CALU,5,0.054705525745603514
RASSF2,5,0.36428689115568486
IRAK3,5,0.06377961225694334
CBLL1,5,0.04678759240600702
LILRB1,5,0.05230466360544646
QRICH1,5,0.0329470167403144
CAMTA1,5,0.2775500565571312
RGS5,5,0.03236977790254608
RGS4,5,0.024599305930733586
PHLPP2,5,0.0713479677710081
CDKN3,5,0.009065609952130533
XCR1,5,0.01825410867762531
IL36A,5,0.26275553700657567
XAF1,5,0.03483414370994157
IL36B,5,0.28054899065975164
KCND3,5,0.26623666400111357
UTRN,5,0.1840086192460858
ADAD1,5,0.3960399359379029
PYGO2,5,0.05521181532468542
C2,5,0.024876234216690746
POU2AF3,5,0.24266406358573508
PIK3R2,5,0.19480440312102715
BTLA,5,0.081048403096527
CDK20,5,0.028023326492238612
CDK2,5,0.02094947679035038
VAC14,5,0.06823875790498254
BUB1,5,0.04597112264502968
BRINP3,5,0.2275771141054382
SLC2A12,5,0.08889179781355613
ADGRL4,5,0.3198546256570064
USP9X,5,0.18501244800266392
BOC,5,0.31924365243778224
LSR,5,0.008325560160119878
PHOX2B,5,0.2775186720039959
PHTF1,5,0.29036317491104036
XPA,5,0.18501244800266392
PPAT,5,0.5790222861060328
PI4KA,5,0.5875255298772596
CEP192,5,0.03460711335984238
USP44,5,0.18501244800266392
SNX27,5,0.025531717824367625
SNX29,5,0.2879633652721574
IL27RA,5,0.033642834536727576
USP7,5,0.028491916992410247
BRD3,5,0.2775186720039959
IL31,5,0.009788460549729485
RMDN2,5,0.09908987183692144
CDHR5,5,0.03663246470452746
CDHR1,5,0.028082688069725508
CD8B2,5,0.10048228657294896
CD79B,5,0.2775186720039959
C1QTNF12,5,0.07655387144419105
C1QTNF3,5,0.08091211059316504
CD63,5,0.039720392058427756
SLFN14,5,0.05058240328392832
CD6,5,0.47611699609377034
ADGRF1,5,0.03300898220705688
CD53,5,0.011231450930936852
CD37,5,0.00980565974414119
CD33,5,0.031465951223649154
LY75,5,0.021322670638281045
POLR2A,5,0.18501244800266392
WNT1,5,0.01890851579222171
JMJD1C,5,0.07383988945517318
SOD3,5,0.04502750731734166
CD81,5,0.07472447205440925
CD96,5,0.3094710461296403
IL9R,5,0.010661687386231054
CD99,5,0.03889126112525332
CDH20,5,0.3700259767102496
ILK,5,0.04099094847219996
PIP,5,0.033117228192476846
POPDC1,5,0.3302785986846509
IMMP1L,5,0.034042290432490165
SLC12A3,5,0.0718302606594876
CDC73,5,0.2775186720039959
RASGRP3,5,0.3369345112622846
KAT7,5,0.18501244800266392
KAT6B,5,0.2775186720039959
PIWIL1,5,0.013875933600199794
WNT7A,5,0.3229296060977932
SOCS2,5,0.07400497920106557
WNT4,5,0.061774838760257356
PKHD1,5,0.26429774704030073
PCK1,5,0.041328123474390924
ACSS2,5,0.28054899065975164
CYBA,5,0.030619540868193906
PRSS3,5,0.017206157664247747
ALOX15B,5,0.024481654714308587
TYROBP,5,0.025285034560364072
AKAP9,5,0.18501244800266392
IFNAR2,5,0.10387487918466899
ABCG5,5,0.1099378730853518
PAPPA2,5,0.040224570522569954
SPNS2,5,0.04147239034427715
APPL2,5,0.5113058791841248
TYRO3,5,0.025381424014459898
ICAM3,5,0.02434969385101727
PROX2,5,0.05782564062323261
AQP9,5,0.06507036679669273
ALOX5AP,5,0.3291024056765819
IARS1,5,0.01924129459227705
SLC51A,5,0.02908237391848203
CST4,5,0.033302240640479513
AASS,5,0.11767188688714084
ALDH1L1,5,0.05000049491339675
ROR2,5,0.0398960799597487
AKAP7,5,0.29847528279749147
CSTA,5,0.2723405074542921
AP2B1,5,0.1511031035076841
IGF2BP1,5,0.040819357136748606
LAMB3,5,0.034441917320175916
APOL1,5,0.0669053610609359
DAG1,5,0.17002956420483634
RACK1,5,0.07499171225707979
CXCL6,5,0.06721037133283966
CREB3L2,5,0.2775186720039959
ALOX12,5,0.0159110705282291
TWIST2,5,0.24589075900751206
APPBP2,5,0.007770522816111886
RPA1,5,0.0227359741656607
SIRAL2,5,0.3332748028337467
LPAR1,5,0.0383695260218858
KLRG1,5,0.260705086886799
ZFPM1,5,0.05812778430319755
AMH,5,0.025264477621697107
CREM,5,0.36815876207623616
CRMP1,5,0.411112862152201
AMELX,5,0.07953845659026168
RAP1GAP,5,0.03076386985388296
ARG2,5,0.026196992252467854
CYP4F3,5,0.02507142841511175
ARF6,5,0.01406094604820246
PAX8,5,0.1893788959525668
ANXA10,5,0.046140052612818935
SLC39A8,5,0.4310733197765037
CRYL1,5,0.029833473347169973
PRR15,5,0.16357343479282727
ABCA1,5,0.3738476305173467
RALGDS,5,0.18501244800266392
ZNF300,5,0.13424545036467117
IFNLR1,5,0.3271799082789762
CYP26B1,5,0.1958757600415815
ANP32B,5,0.025531717824367625
PANX1,5,0.029186573857854035
CYP2D6,5,0.021625899477644716
ABI1,5,0.35165920358229097
PRR5L,5,0.030115066707966497
SMAP1,5,0.23684268111077486
SPINK5,5,0.24365050457205453
PTGER3,5,0.10431585861324975
PSMB7,5,0.295898330884006
PAX9,5,0.07041799897306726
KSR1,5,0.3734955113617062
LOXL2,5,0.051645443594094995
AKR1B1,5,0.03703949209013332
LINGO2,5,0.3932462754570607
ANKRD55,5,0.4223611332694308
ALAS2,5,0.05624378419280984
PRRX1,5,0.09343128624134528
CRTAM,5,0.059033897829780864
CST12P,5,0.025862067828745713
LACC1,5,0.5436944476584822
PSMA2,5,0.0204233185656274
CRTC1,5,0.2775186720039959
RPE65,5,0.08533216307741158
CRY2,5,0.0328088741124724
CSPG4,5,0.060108488662198825
IFNGR2,5,0.5196706793471315
CRYAB,5,0.01924129459227705
PCBP4,5,0.025231175381056632
CSMD1,5,0.42115627108675097
UBASH3A,5,0.4765143333214131
PRMT5,5,0.03442012696518894
RANBP2,5,0.2775186720039959
IGFBP5,5,0.060463301423590604
RBM47,5,0.30972226713882844
SLC6A19,5,0.055355990448662344
ARRB2,5,0.01950339556028082
CPQ,5,0.33594360363797865
LPO,5,0.030734267862202534
LMO1,5,0.18501244800266392
RABGEF1,5,0.04062609908724542
LAMP1,5,0.024421643136351638
DAPK2,5,0.4087967234230509
ALG1,5,0.03152612113965394
LIPA,5,0.03997563963993559
A1BG,5,0.016581283201689948
PTGDR2,5,0.029389276693631772
ZNRF3,5,0.18501244800266392
CTHRC1,5,0.035171314149034565
RAD51D,5,0.2775186720039959
ZMYND8,5,0.3061161788131391
SMAD5,5,0.12027480739107457
IFI44,5,0.010296939852319319
A4GNT,5,0.04017730320825849
PADI2,5,0.08480161749442176
LBX1,5,0.22940877661656917
APOBEC3A,5,0.044641248880594724
ALKAL2,5,0.318844056279169
IFITM3,5,0.030321644005136775
ANGPT4,5,0.32185783353306147
CTBS,5,0.0640472883096014
PRM1,5,0.31336389198610154
PTAFR,5,0.02499607136047613
ALDOB,5,0.04620154145702064
LAMP3,5,0.32400371651398835
ACAA1,5,0.04336837422270945
APAF1,5,0.3003376240952783
IFITM1,5,0.08150482965198286
CUL3,5,0.18501244800266392
TTPAL,5,0.07596425599273661
ROCK2,5,0.025888368124358605
AAGAB,5,0.059248140277792814
CUL1,5,0.3860525235061866
LANCL2,5,0.012210821568175819
SLC6A14,5,0.10797573004776713
LPCAT3,5,0.009620647296138525
PRSS8,5,0.01987095362364612
LMO2,5,0.2775186720039959
CTSK,5,0.02819957834329071
PTGIR,5,0.31410046208838366
DBI,5,0.007400497920106558
SLC26A9,5,0.04605329855682311
PSMG2,5,0.13992852156923055
ABCC5,5,0.05546361819300021
SGCA,4,0.016712791136240645
POU2F3,4,0.023443086752589173
C1QL3,4,0.263123858888066
ANXA3,4,0.0697052193310713
BTBD8,4,0.06401430700892172
STIL,4,0.2775186720039959
ANOS1,4,0.010823970109718709
SGMS2,4,0.21396069525079192
C1GALT1,4,0.045816482623379694
PTGFR,4,0.049446026647782935
PSMA8,4,0.004995336096071927
KTN1,4,0.18501244800266392
L1CAM-AS1,4,0.017872229555385376
ADGRL2,4,0.3087253109412412
JPH2,4,0.03466393225777911
KRT90P,4,0.011373621362142539
TIAL1,4,0.2984125395371611
SEL1L,4,0.24706072409060492
XCL2,4,0.031762937073097346
TLE4,4,0.1960524222134819
ENSG00000275993,4,0.01552048869355681
ANTXR2,4,0.11869576241230018
SECTM1,4,0.1087295071378332
SLC16A7,4,0.05835230936600209
LTBP2,4,0.2820556035966668
KYNU,4,0.30916638781541045
FRMD4A,4,0.4451953112689722
TIA1,4,0.007934978325447584
APCDD1,4,0.20038207694552873
THUMPD3-AS1,4,0.05009027017224124
SCN9A,4,0.04382205408267889
SEMA6D,4,0.3377938036791289
POU3F1,4,0.23521512847103623
FHL5,4,0.12264516266899474
TLE3,4,0.2889892991357104
PSEN2,4,0.030083844811949454
SULT1E1,4,0.04528063333950566
LUCAT1,4,0.04244463725283393
WRN,4,0.2775186720039959
MPZ,4,0.009250622400133196
ADGRE5,4,0.03523026333217312
KCNA5,4,0.29394995224132736
GUCY2D,4,0.01322149087185622
SOAT2,4,0.04992001681194993
LMBR1,4,0.043808977358928095
RGS10,4,0.03367226553648484
FBXO6,4,0.1597696622411444
AP3B1,4,0.02025132539309741
GUCY1A1,4,0.2095212255978998
SCRIB,4,0.06068408294487377
STEAP4,4,0.02858662210681738
NDRG4,4,0.006660448128095901
WTAP,4,0.025942856597706877
BTNL3,4,0.015129906858884516
PSG1,4,0.2826072924316128
NDRG2,4,0.07999732682248518
MVP,4,0.005776499765416507
KCNA1,4,0.032243969437904266
LMLN,4,0.03107181279511406
SELENBP1,4,0.08766429142188079
TIMELESS,4,0.021502557845642936
SNX8,4,0.041457589348436935
SGF29,4,0.1536166192515351
SERPINH1,4,0.08061864770781332
LMNB1,4,0.10203602611693387
SLC16A9,4,0.027885703947750855
GLUD1,4,0.029833473347169973
WNT3A,4,0.01612445155159217
SLC17A1,4,0.021999616481936837
GXYLT2,4,0.03209752516018718
AOAH,4,0.024070893605109618
MUSK,4,0.22751048533873267
LTBP3,4,0.03162232761261532
FRAS1,4,0.25731976769185355
TIRAP,4,0.06580502824979662
KAT2B,4,0.039502830050595454
NDUFA9,4,0.23517277145466486
ALPK1,4,0.3023086460791743
C14orf180,4,0.1667989971285766
SCTR,4,0.032192165952463526
APBA2,4,0.21652487720203886
TIFA,4,0.05329074791493329
ZNF469,4,0.24289025347171467
TIPARP,4,0.035522390016511474
POU2AF2,4,0.14574490234009976
NDUFA13,4,0.09379617190268387
LHCGR,4,0.03407929292209069
BTN3A1,4,0.011840796672170494
MYOM2,4,0.007400497920106558
AMBN,4,0.04402556212671391
LHFPL3,4,0.38410529015463946
FTH1,4,0.03322513906074899
NFAM1,4,0.33026815147793204
SETMAR,4,0.04787082913336549
TMEM158,4,0.31488287574735463
CALD1,4,0.01785315315816561
ZNF384,4,0.18501244800266392
CALHM6,4,0.2691620458145934
FTL,4,0.0121723800928686
NFATC3,4,0.026256349912378053
ANK3,4,0.32872028223046923
NFE2,4,0.03782243537151446
PMAIP1,4,0.16118653612461545
PSTPIP1,4,0.043823927253091643
LIAS,4,0.021874121598649956
TARDBP,4,0.010429922579110176
TAB3,4,0.031529311435248376
ANKRD12,4,0.3047926206107195
PMPCB,4,0.02280921334093535
GZMM,4,0.009415077909468897
SCG5,4,0.052421367672700364
ITIH3,4,0.027529341415152692
ZNF34,4,0.040403018394821744
ITIH2,4,0.011840796672170494
WDR7,4,0.26013449674332384
TMEM132A,4,0.029519802550755852
ITIH1,4,0.012580846464181148
LYVE1,4,0.018954307142605435
LAMA4,4,0.3140594888730027
LAMB1,4,0.2779318224158124
NEU4,4,0.38539959071391666
GLRA2,4,0.04163520129851949
NEURL1B,4,0.28070390640200243
ADCY7,4,0.49964689539448665
PSME4,4,0.27580376973481757
ITGB6,4,0.06954412351033468
H3P40,4,0.07622048438707624
CAMKV,4,0.14943625952471942
ADCY2,4,0.1662586115849039
ITGA6,4,0.10421014802774178
PLS1,4,0.03373887001776579
H4C13,4,0.022201493760319675
H4C14,4,0.023184885525210818
H4C15,4,0.02461445092334034
SETD9,4,0.0381226518308955
MTX1,4,0.28755711946999507
H4C16,4,0.022201493760319675
SMARCE1,4,0.2775186720039959
FGG,4,0.07400497920106557
SETD7,4,0.02171971804255717
NIBAN1,4,0.3276409722869136
SERPINF2,4,0.022640068008237837
H4C2,4,0.022201493760319675
H4C3,4,0.03355510379322212
H4C4,4,0.022201493760319675
H4C12,4,0.022201493760319675
NGFR,4,0.02523224156060724
ANAPC1,4,0.04468459286727729
ITGA11,4,0.034382713336815064
ITGA5,4,0.03699557068890744
SMC2,4,0.010175684640146518
FGF23,4,0.020776897910699157
LAMTOR2,4,0.014552716393191188
MUC12,4,0.1404531810666042
FGF5,4,0.025238686250757748
ISX,4,0.18501244800266392
H4C11,4,0.022201493760319675
H3P44,4,0.010915734432157173
ZNF429,4,0.09250622400133196
H3P47,4,0.009600090357471561
H3P8,4,0.012931409626222416
TAB1,4,0.03637344727732373
H4C1,4,0.023126556000332994
CACNA1H,4,0.37002489600532784
WDR72,4,0.09989581959374641
CACNA1G,4,0.3709499582453412
SORBS2,4,0.259150724436505
POLG2,4,0.010915734432157173
ADGRE1,4,0.0063546313049312715
TACC3,4,0.2814740299623544
SLC2A2,4,0.1295550934871693
SGSM1,4,0.30853649123245463
C4BPB,4,0.040093865709787686
SH2B1,4,0.0852186084871122
SCN2A,4,0.06211013994294483
FHIP2B,4,0.06290423232090574
C5AR2,4,0.0051803485440745905
WFDC2,4,0.02252192809845873
JAG2,4,0.020721394176298362
RAVER2,4,0.016181870695584657
C6,4,0.09872851491945325
NEBL,4,0.30904010952829664
FCRL5,4,0.043171167629694744
JARID2,4,0.17073023772301835
POLI,4,0.04378780903595744
FCN1,4,0.05823249618708147
ANO2,4,0.22628950932919362
RBX1,4,0.3393128296368857
C1orf105,4,0.4065379178054036
SGO1,4,0.5543602967623921
ANLN,4,0.0068172272436946655
MT1E,4,0.01891752280827239
FCN2,4,0.01897444380173455
PSMB5,4,0.02645678006438094
GORASP2,4,0.2859544630185109
LITAF,4,0.45094458363757534
PTGER1,4,0.008305003221452913
PSMB4,4,0.004440298752063934
TAS2R38,4,0.006660448128095901
MT1B,4,0.008723953631485612
PSMC4,4,0.0215522391055912
STAP2,4,0.012455037999539334
SOS1,4,0.2775186720039959
C6orf58,4,0.43013826917930814
CA5A,4,0.31722674276718377
ITPR1,4,0.363124666759439
LALBA,4,0.008880597504127868
PNPLA2,4,0.007400497920106558
MUC21,4,0.002590174272037295
FST,4,0.020229466633997946
ITPA,4,0.031341873055286476
TARP,4,0.007770522816111886
SCLT1,4,0.1818790984685021
ANKRD30A,4,0.2466422983028706
NEK6,4,0.31437115093931045
QPCT,4,0.02565551579321227
SORT1,4,0.021454213283418976
FEZ1,4,0.01646610787223709
LARP4B,4,0.18501244800266392
GLRB,4,0.3045557477360365
NEGR1,4,0.28652789139085577
PSMD12,4,0.010915734432157173
LHFPL6,4,0.09250622400133196
STAMBP,4,0.07694068103463099
ANKRD44,4,0.359235049845886
NECTIN2,4,0.019981344384287707
PSMD10,4,0.015404958698248476
H2BC21,4,0.011100746880159837
C7,4,0.13988493428839302
STAG2,4,0.2775186720039959
TMED5,4,0.10862705520849233
TAS1R3,4,0.01646610787223709
MUC22,4,0.003700248960053279
PZP,4,0.004810323648069262
SLC2A4,4,0.020344470119958782
RHBDF2,4,0.1904179978098351
GLRX,4,0.08484506409892832
XIRP2,4,0.03515976561842625
GPD2,4,0.32777831386181255
RGN,4,0.017021145216245082
SDHD,4,0.5045700595805985
NAIP,4,0.01554237094841495
ATP9A,4,0.18501244800266392
GRHPR,4,0.03066026288300147
GRIA1,4,0.3577583658187422
KLRA1P,4,0.048473261376697954
KLRC1,4,0.0749300414410789
ESRRA,4,0.054763684608788527
SLC26A8,4,0.058278956701027805
ATXN2L,4,0.26393001010757994
ARHGEF3,4,0.3177859358847751
SFMBT2,4,0.08260359660758249
NANOG,4,0.06051171539073101
ESAM,4,0.007770522816111886
SEMA4A,4,0.02867692944041291
AURKB,4,0.023476023957671358
LRP12,4,0.1829625823457531
GPR20,4,0.034227636750345986
API5,4,0.2509297763657747
FNBP1,4,0.18593751024267727
MPG,4,0.0179462074562584
GRB2,4,0.0027751867200399593
SF3B6,4,0.013091953873731261
GPR3,4,0.010792392800155395
GPR27,4,0.05341343273565334
FLOT2,4,0.05032338585672459
GPR25,4,0.09293808985651299
PRB3,4,0.023238778384374485
SMAD6,4,0.036965487110932255
KIF5B,4,0.18501244800266392
STUB1,4,0.0743750040970709
LRMDA,4,0.04791822403268995
SNAPC4,4,0.32969382316908713
PTPRN,4,0.010159785171082453
ATP7B,4,0.024348922866078728
GPR171,4,0.012580846464181148
KMO,4,0.06685708433731179
SNHG16,4,0.0051803485440745905
STOM,4,0.09009848856123323
FOLR1,4,0.11100746880159836
FOLR2,4,0.011883733198320732
FAM3B,4,0.022327348520154812
B3GALT1,4,0.2661236090331783
TERF2,4,0.01873402808902869
SLC22A23,4,0.3163156305750731
PTPRZ1,4,0.062328638038230785
B3GAT2,4,0.11052232446287975
KHSRP,4,0.00797070611247643
ERF,4,0.008140547712117212
B3GNT8,4,0.01406094604820246
YWHAG,4,0.00795553526411455
MLIP,4,0.25790870776379576
FOSL2,4,0.471489256734978
YTHDF3,4,0.38307461194593684
NAPSA,4,0.031529311435248376
TENT5C,4,0.18501244800266392
KMT5A,4,0.022756531104327668
PRP4K,4,0.1622800294983293
KIF11,4,0.3383249203916264
ERRFI1,4,0.34449391734437695
MMP28,4,0.010989739411358238
GPR15LG,4,0.05890688743247355
PTPRS,4,0.3554507685793987
TENM3,4,0.3783456431780752
LDHB,4,0.014800995840213115
LRRC19,4,0.08719225535592211
ARHGDIB,4,0.03749790513771977
MTDH,4,0.21798054262121497
TENM4,4,0.30712945753475673
SDF2L1,4,0.027337078279715238
KMT2B,4,0.03144101541357271
NAPG,4,0.2399169599204326
NACC1,4,0.07622512857709755
ZBTB40,4,0.32775041873515437
NAALADL2,4,0.23518565406691325
GNB4,4,0.024599305930733586
ARRDC2,4,0.031222700724929563
LRAT,4,0.04342284544044681
ASIC2,4,0.3002720760334945
PRKAR2A,4,0.08102270692319329
SMURF1,4,0.397290069801483
SMURF2,4,0.03776474088630376
FABP4,4,0.06704131622763197
LCP1,4,0.18501244800266392
PTPRE,4,0.034440683903855907
ARRB1,4,0.2828856290869665
SMPD1,4,0.010224370007323713
ARPC4-TTLL3,4,0.040687937564745855
SMYD3,4,0.02961736349490181
SMOC2,4,0.003700248960053279
PRLR,4,0.24019244731931538
KLHDC8B,4,0.06059532747271735
PRKCE,4,0.07733520326511353
LPIN1,4,0.022641001109019336
PRKCZ,4,0.07511505388908155
GNG11,4,0.03661609744452589
KLHL25,4,0.1673514689232108
PRKG2,4,0.04253791634280193
PTPRA,4,0.005776499765416507
GNE,4,0.042012626692444925
PRKD2,4,0.03095628279980573
ARSB,4,0.032516122867837845
FADS3,4,0.32441818890667734
FAM131B,4,0.18501244800266392
MMP15,4,0.0339756859512092
GPRC5C,4,0.007400497920106558
ASCC2,4,0.2537251420368096
GPRC5D,4,0.007400497920106558
SLC24A2,4,0.2931672131051543
FAM162A,4,0.01172238870544879
F3,4,0.025164948359480403
PRCP,4,0.02640326676293154
PRG2,4,0.007400497920106558
ZBTB7C,4,0.3047807549117828
PRDM5,4,0.24534723335438563
ATP2A1,4,0.036155252776080456
KLK10,4,0.022208286350284802
ATP2B1,4,0.16314157187297929
ATP2B2,4,0.2783867813151856
ATP2B3,4,0.2775186720039959
TEAD3,4,0.2871883570975154
TCF19,4,0.012580846464181148
MYO5A,4,0.18501244800266392
TEAD4,4,0.2386679917235903
ZFP36L1,4,0.4343500513367077
KLKB1,4,0.014800995840213115
SEMA3E,4,0.11840796672170491
NAAA,4,0.01850124480026639
PRMT2,4,0.25861840006934034
NAA10,4,0.04606809955266331
KIR3DL2,4,0.028885783606411666
F11,4,0.022634402288004327
AIP,4,0.0051803485440745905
ATG3,4,0.007770522816111886
ARMH4,4,0.25277458745345344
RBM20,4,0.06011650586827893
KLF1,4,0.04452694586080113
SLC23A1,4,0.04580731116734713
GPR37,4,0.020937531664896362
KIRREL1,4,0.3286453000424479
ATOX1,4,0.035522390016511474
PRDX4,4,0.019443767852265814
N4BP2,4,0.18501244800266392
AKAP12,4,0.25420709491002086
PRMT1,4,0.012190264629508856
EYA2,4,0.3010979772009296
ERCC3,4,0.2775186720039959
SLURP1,4,0.017925650517591436
PRPF6,4,0.002220149376031967
FKBP11,4,0.013517705158498943
SLC25A23,4,0.008525373603962754
TBP,4,0.008860040565460907
KCNJ3,4,0.1871494206817871
KRT5,4,0.05039601706514888
RGCC,4,0.010571981967058107
PPHLN1,4,0.020080691183726004
BLZF1,4,0.08111842270593235
PRSS55,4,0.04835500124706597
PXDN,4,0.3372705604092561
BMP10,4,0.29048806197818977
XPNPEP2,4,0.05478520549466183
ALDH5A1,4,0.0428525802298069
FOXO4,4,0.02181091192564738
BMP3,4,0.03887337837268847
BMP6,4,0.02213100759383763
ZMYM2,4,0.18501244800266392
TFPI,4,0.029718646483622217
BLOC1S4,4,0.004440298752063934
PRSS33,4,0.013690921152197132
NCAN,4,0.038904758253465496
GSE1,4,0.19328370720664498
PWWP3A,4,0.01498600828821578
BID,4,0.016952575239909944
FOXN1,4,0.03147431765421319
PPIL3,4,0.015047679104216666
BIRC2,4,0.02997201657643156
GSTA1,4,0.052037926444071486
PPIL2,4,0.027534494678051042
ADORA3,4,0.06531509033854198
APOM,4,0.004440298752063935
PRSS53,4,0.033960884955368996
TACR3,4,0.00943563484813586
KCNK12,4,0.23807214653533687
FOXP2,4,0.008525373603962754
APOC2,4,0.019647081767531282
GMEB2,4,0.0862885867309349
TGFBR3,4,0.09008426502330599
APOA5,4,0.5127763633515221
THBS3,4,0.06954329554823109
LST1,4,0.02576812261903769
SEMA6C,4,0.03694328561717193
PPARGC1B,4,0.014387390234233825
NCOA1,4,0.18556748534667195
ZNF479,4,0.18501244800266392
MNAT1,4,0.16512131198097346
APLNR,4,0.010323769983885244
POU5F1B,4,0.289515114180957
ALG6,4,0.13007668799832525
MTPN,4,0.2945899280518186
NCOA3,4,0.284490969380903
NCOA4,4,0.012580846464181148
RB1CC1,4,0.06882463065699099
THBS2,4,0.053352185803367834
LSS,4,0.03390168097200814
KCNH6,4,0.0387327269054046
TGM3,4,0.04143277243452006
ADIRF,4,0.033746028477482794
BMPR1B,4,0.33309172703959605
SNX20,4,0.42574781951115526
APOBR,4,0.4068694821362062
SLC29A4,4,0.08568128294602406
TGM1,4,0.04218283814460739
PPFIA2,4,0.288481166288486
NCKAP1,4,0.2995294638493735
SLC26A2,4,0.09470599019794936
TACR2,4,0.0327601541678317
NCK2,4,0.2735761832562871
FBLIM1,4,0.014458106103248177
APOBEC1,4,0.01226047787701506
FBN1,4,0.011579541547030428
TFAP2C,4,0.0609225675255335
PPM1D,4,0.7788903712706886
SEC22B,4,0.2761913598989006
KRCC1,4,0.007350622284134224
BATF2,4,0.025011627276093466
FAM76B,4,0.07326492940905492
ARHGAP24,4,0.008757255872126094
SLC20A1,4,0.03851219117623452
SLC28A3,4,0.04172474334035966
AFTPH,4,0.21207418145108217
SUGCT,4,0.3002488739604809
EPHA8,4,0.07914180439585008
SNRPC,4,0.279803965919827
PRR16,4,0.27419677954019483
YIPF7,4,0.09070938734414903
PTPN1,4,0.05261548451809092
PTP4A3,4,0.020893200026188097
SESTD1,4,0.33998023226059204
KCTD15,4,0.058018062772350276
KDM1A,4,0.0771913046944448
KDM4B,4,0.034264305370093354
FLCN,4,0.37002489600532784
ERAP2,4,0.39590890180043675
BAAT,4,0.049440838636553255
ERC1,4,0.3245348133712897
BACE1,4,0.01406094604820246
BACE2,4,0.030541854916279764
FAM47C,4,0.18501244800266392
ARHGAP35,4,0.2775186720039959
PPP3R1,4,0.009620647296138525
BANP,4,0.060714918352874216
TESPA1,4,0.035352178564349024
FOXB1,4,0.20505430479939035
ZG16,4,0.028909906215417634
FOXC2,4,0.07372498950828563
PRPS1,4,0.03410889491377113
AKR1C1,4,0.034119735963729754
BCAT1,4,0.019646735346415593
AFF4,4,0.2775186720039959
KCNK5,4,0.03681747715253012
AFF1,4,0.18501244800266392
ENTR1,4,0.0499888121813567
KRT14,4,0.01434253438807566
PPP1R13L,4,0.036151432339720534
MLC1,4,0.017484456893934235
PRSS1,4,0.01751503517114042
SNX13,4,0.29035740236383806
BEST2,4,0.03268945910871155
SLC19A2,4,0.1330568862064351
PPP1R12B,4,0.016315576521190617
NCALD,4,0.2668187007946782
KCNK9,4,0.2790498985468837
PPOX,4,0.004255286304061271
ALDH1B1,4,0.03454552429105741
ENSG00000293584,4,0.21758568970958603
PPM1K,4,0.20694422957400938
KCNN1,4,0.07350181270026787
KCNN2,4,0.2030856316754138
KCNN3,4,0.18853012046771853
RFTN1,4,0.29850610267771044
SLC1A2,4,0.01850124480026639
PTN,4,0.16928674677561367
SLC1A1,4,0.2312064358727092
LEPROT,4,0.06958865758594099
FOXJ1,4,0.03313202918831706
BCL2L15,4,0.02302114591695888
ARFRP1,4,0.17207737062042247
GPR119,4,0.00964458588919649
TAF1,4,0.016281095424234424
RFTN2,4,0.0589098014761018
BCLAF1,4,0.18593751024267727
LNPK,4,0.009990672192143854
EOMES,4,0.005816983197771534
GPR12,4,0.43279950559871766
H4C5,4,0.022201493760319675
NECTIN3,4,0.20001486323266504
NINJ1,4,0.08575600940903097
OPCML,4,0.3346207762247379
MBD4,4,0.003700248960053279
PDCD4,4,0.04495802486464734
MBL1P,4,0.043551930259827086
OMD,4,0.18501244800266392
SIAE,4,0.013300339317524841
GART,4,0.2926438872606033
MC1R,4,0.01613543692789818
ZNF91,4,0.025470024777249814
DPT,4,0.007400497920106558
TRIM8,4,0.01554104563222377
CREB3L1,4,0.2775186720039959
DPP9,4,0.22371871081720135
DPP8,4,0.030342041472436885
SLC6A7,4,0.2216898765602756
MCAM,4,0.07385116394893985
HOPX,4,0.032475919063837164
UBE2L5,4,0.02071121909685297
HOTAIR,4,0.09605094859997716
DPH6,4,0.037209703542295774
OPN1SW,4,0.21596738784883945
TRIM63,4,0.016679488895600163
COL6A3,4,0.05203859687668245
TRIM62,4,0.22360664833337787
COL6A2,4,0.03196557849113327
COL11A1,4,0.1936368041061702
HNRNPA2B1,4,0.18501244800266392
METTL9,4,0.021255874581639394
DST,4,0.33464455164954326
COL13A1,4,0.2987932085413048
COL15A1,4,0.02036090218545904
SHROOM3,4,0.3037270455578858
DSE,4,0.06522276960233758
PDE2A,4,0.2775186720039959
SHROOM4,4,0.011840796672170494
RAB7A,4,0.0625342074249004
DSC2,4,0.01783350173766477
OLFM3,4,0.2975595066799322
COL4A3,4,0.04909408092444022
PDE1B,4,0.2775186720039959
SYNE2,4,0.3290302515466115
OLFML2B,4,0.19414407376331255
SLC7A10,4,0.46978862582136893
COL5A2,4,0.024449699976978226
SPHK2,4,0.03763660409053509
TRIP10,4,0.007400497920106558
TRIP11,4,0.18501244800266392
SERINC3,4,0.03332444213423983
UBASH3B,4,0.23709362520464292
CPNE7,4,0.03883781308471921
PCDH20,4,0.2500207362746409
CPO,4,0.06946708379604608
CPS1,4,0.053298947738664844
PCDH17,4,0.2838925152459891
CPVL,4,0.02347729161474224
SYN1,4,0.008880597504127868
CPXM2,4,0.34123176851007364
SQLE,4,0.005819114098914771
SPZ1,4,0.04835500124706597
CPZ,4,0.014875617527574186
RRM1,4,0.02438052925901771
CRABP2,4,0.07448198470935873
RRBP1,4,0.04483154092502332
PCBD1,4,0.2633850637054065
CRBN,4,0.337462705156859
SPX,4,0.008140547712117212
METAP2,4,0.0027751867200399593
MCIDAS,4,0.022417769336540428
DOCK1,4,0.07816351928791355
MCFD2,4,0.4155193231781521
RSPH3,4,0.06432730632626649
IGHG4,4,0.049869899789731394
SREBF1,4,0.00849001566945558
ACAT1,4,0.01869488604097403
UBE2E3,4,0.20178341288783838
SIDT2,4,0.03299141972783503
PCK2,4,0.01443097094420779
DOK6,4,0.2660415250833318
UBE2E2,4,0.31486865014175214
HOXA11-AS,4,0.03095628279980573
DOK2,4,0.00849001566945558
COXFA4L3,4,0.013187687293629886
CPA2,4,0.011579302093848623
MSC,4,0.33028188428760397
ZNG1E,4,0.043587082624947586
CPA6,4,0.07772200496078623
ACADS,4,0.018016095007296003
GATA5,4,0.035966419891717866
DOCK3,4,0.03718236281386871
UBD,4,0.033704401515702934
HNRNPA1,4,0.03469353424945955
OGT,4,0.01850124480026639
TRIM46,4,0.03589966937588359
H4C6,4,0.022201493760319675
HLF,4,0.18501244800266392
CLEC5A,4,0.07011971779300963
ACSL6,4,0.18501244800266392
NUP93,4,0.04544615349526467
PDYN,4,0.11528534439692743
ACSL5,4,0.008880597504127868
NUSAP1,4,0.009990672192143854
IGKV2D-28,4,0.021572757822336197
ACSF2,4,0.030551546340514515
CLN3,4,0.11945803021570098
GALNT18,4,0.34029508612823434
ULK2,4,0.004440298752063935
EBF3,4,0.3322751452673384
CLPS,4,0.2908075931569506
GJA4,4,0.02022670073908547
PDLIM2,4,0.007400497920106558
CLTA,4,0.01322149087185622
CLTCL1,4,0.2775186720039959
MARCHF2,4,0.06808458086498033
ECM1,4,0.03264239637714139
ACSS1,4,0.012765858912183813
PDIA4,4,0.021887546449166528
CLEC4F,4,0.0772560406981625
SLAMF8,4,0.0344405275054159
SLAMF7,4,0.07456001654507358
ACTG1,4,0.13272990680200192
IGLC3,4,0.03275013383821067
IGLC2,4,0.024861017610326424
CLEC11A,4,0.06362372517424943
CLEC12A,4,0.02653896107787479
EDN2,4,0.03077127035180307
UNC13D,4,0.033627862548964195
PDZK1IP1,4,0.027133611437925392
GALNS,4,0.01190246748817138
MAPK13,4,0.029574096701427948
IGKV5-2,4,0.01924491357227375
RAB40B,4,0.020622958311860673
EDARADD,4,0.2333456082048407
CLEC4A,4,0.052388934468100196
EDA,4,0.02773131026173263
SRSF2,4,0.18501244800266392
CLEC4E,4,0.047002768220369445
SKP1,4,0.023570739507668848
MGARP,4,0.01850124480026639
HNF4G,4,0.19866455763385135
MAS1L,4,0.016815575829575456
DUSP5,4,0.43085639683317106
CNP,4,0.011188113869494429
PDE6H,4,0.2775186720039959
IGKC,4,0.03624023831476181
ZNF831,4,0.4193272545840233
SYNGR1,4,0.3302783099663514
ACOX2,4,0.040854638033345055
GAP43,4,0.22449814167300175
PDE6B,4,0.2775186720039959
CNTN1,4,0.4398100979707026
PDE6A,4,0.2775186720039959
SLC7A9,4,0.06214755565102501
CNTN6,4,0.37175921154325203
CNTNAP5,4,0.35700121623125175
UCN2,4,0.0485955837804319
TRIM40,4,0.06576882913826616
UCHL5,4,0.037727734132109274
RTN4R,4,0.1666375971567954
DTX1,4,0.018593358629132722
PDE7A,4,0.2775186720039959
GALR1,4,0.1219417147827464
TRIB1,4,0.3069844302878756
UGT1A10,4,0.03686039399610617
CMTM3,4,0.07400497920106557
PDGFRL,4,0.0435593307577472
DYRK1A,4,0.03077330146921455
SKIC2,4,0.007770522816111886
UGT2A3,4,0.04708620595757674
UGT1A9,4,0.05606500842674492
MFSD2A,4,0.024642678348087393
RAB5B,4,0.03320233726545955
UGT1A8,4,0.041586214613554835
SRPX,4,0.007400497920106558
TRIM22,4,0.4671603498482226
UGT1A7,4,0.12832768838610603
SEPTIN6,4,0.18501244800266392
OAS2,4,0.02131152349161816
OASL,4,0.03263588791195317
CNN2,4,0.3087661300007226
RTRAF,4,0.3248037469289092
GIT2,4,0.034042290432490165
SKAP2,4,0.30907733843562574
DNAJC15,4,0.23664131711209185
SYMPK,4,0.13700371982903337
TREH,4,0.10942264864599821
CYP3A5,4,0.0301421043369587
RPL38,4,0.17834067205790957
CYP27B1,4,0.04105413838495853
GDF2,4,0.01406094604820246
RPL11,4,0.008880597504127868
CYP2C18,4,0.0318221410564582
CYP2C8,4,0.18792125482403915
CYP2C9,4,0.03131969203075104
PANK4,4,0.15111538825546794
CYP2S1,4,0.008140547712117212
CYP3A7,4,0.0997541590281888
SLC39A11,4,0.36723122640683487
PAM,4,0.04163951825563955
RPL15,4,0.044517120975723225
SIK2,4,0.020889844181774517
TUBA4A,4,0.10072899946811702
SPMIP4,4,0.03186712923643077
CYP4V2,4,0.007400497920106558
ICAM5,4,0.3353158254572214
TUBA3C,4,0.3407821125556213
ABAT,4,0.02284638876317304
ABCA2,4,0.0059328099974267365
ABCA4,4,0.31324876168487686
RALB,4,0.019431179255060552
OVOL2,4,0.008061157067203714
MEF2A,4,0.034767539228660604
DGCR5,4,0.008880597504127868
ABCA8,4,0.47159239993317864
PARD3B,4,0.4130643467494018
CWH43,4,0.2847451473188353
SIL1,4,0.00962721098579244
HSF4,4,0.03384987748656739
IDI1,4,0.1302915938913337
HSH2D,4,0.04447246997333367
SPP2,4,0.02960199168042623
PAPSS1,4,0.0693088139203675
TUBB3,4,0.10072899946811702
PAPPA,4,0.28289411896147293
DENR,4,0.0068777349698056975
OTX2,4,0.1962020888175414
CYP11A1,4,0.011100746880159837
CYP11B1,4,0.004501969568064822
TUBB2B,4,0.10072899946811702
TUBB2A,4,0.10072899946811702
DDX53,4,0.006660448128095901
CYP7B1,4,0.17318811359829026
CYP8B1,4,0.020821082742952315
DAPK1,4,0.04702935167721297
PAFAH1B1,4,0.03978000494159566
MED1,4,0.03718236281386871
TTN,4,0.4157729163000969
DCTD,4,0.41267434843289746
HTATSF1,4,0.03354778632378895
HTR1A,4,0.46253112000665986
PAEP,4,0.02730043682727309
P4HA3,4,0.26989771733751955
GGCT,4,0.06068408294487377
SERPINA7,4,0.014163730741537274
SPON2,4,0.010525152597484879
DBP,4,0.020351369280293036
TTF1,4,0.05369507817129767
TTLL3,4,0.040687937564745855
PADI1,4,0.03438147992049505
HTR2A,4,0.04240485308221057
GFRA3,4,0.04023650719161935
HTRA1,4,0.026531181320032442
DCAF1,4,0.008880597504127868
MECR,4,0.24860731759582375
SLC4A7,4,0.19880512376486498
SLC51B,4,0.01976496067172414
DDB1,4,0.3378327300528644
CYS1,4,0.04883059236307643
CYSLTR1,4,0.01755562562158611
ICAM2,4,0.15579294827625204
IBSP,4,0.023306429213668916
DAB1,4,0.32213936819277544
SERPINA4,4,0.023629777273019424
P2RY10,4,0.013135883808189138
P2RY12,4,0.03774253939254344
DDX11,4,0.05772388377683116
SIGLEC8,4,0.01498600828821578
TTC39A,4,0.0834840029960269
RPL22,4,0.37002489600532784
AAMP,4,0.03190908650225712
DDR1,4,0.03236200845186057
P2RY14,4,0.008991446763208528
HSPE1,4,0.02205759518965093
DAGLA,4,0.007400497920106558
DDIAS,4,0.024601005215162505
DAP,4,0.3879016991603747
OTUD5,4,0.023702150283007945
DGKB,4,0.06506012902541665
OTUD4,4,0.032192165952463526
RORB,4,0.19286791563715738
CRYBG1,4,0.1918765315285811
CRYGC,4,0.005776499765416507
PAX7,4,0.2894067679987521
PAX2,4,0.0428858854470175
CSF2RA,4,0.3644714529499644
CSF2RB,4,0.503162753391503
TXNDC5,4,0.3075095568943737
DLX3,4,0.035100561635065405
ZPBP2,4,0.2340071122469298
CSH1,4,0.003700248960053279
IFT122,4,0.012282770853510188
CSK,4,0.04438891255206984
CSNK1A1,4,0.002220149376031967
CSNK1A1L,4,0.028527877845674718
RPS26,4,0.05322986728537527
RAD51,4,0.18501244800266392
GHRH,4,0.008140547712117212
PARVB,4,0.07443660787777659
ORAI1,4,0.042625387314242896
RPS6KA4,4,0.1309441251236129
CRTC3,4,0.3746797051123989
RPS20,4,0.012950871360186474
CRTAP,4,0.004440298752063934
CREB3L3,4,0.053852799268484575
U2AF1,4,0.2775186720039959
ROR1,4,0.016281095424234424
SPTLC2,4,0.005550373440079919
GBGT1,4,0.053100088960156167
ABR,4,0.27358552363453925
DNAJB1,4,0.019827174722268758
OR51E1,4,0.003059620817201504
DNAI4,4,0.27450923399270166
IFT88,4,0.05278806001820007
DNAH9,4,0.3417151951148801
CRISP2,4,0.04835500124706597
DNAH8,4,0.005046728442739333
PC,4,0.008908966079488278
GBP4,4,0.038481087467872134
TRPV2,4,0.04647791486111471
ZPBP,4,0.069647438522698
SLC39A4,4,0.3044161824147149
SPTB,4,0.049827552496077454
IFNG-AS1,4,0.006332999130367805
GCHFR,4,0.010022946585850984
IFI16,4,0.03132672378646764
GCNT1,4,0.03540398204978978
TSPAN14,4,0.4508256118506281
OSR2,4,0.05854533904596297
SLC5A8,4,0.019250117357603732
SPIRE1,4,0.06807933896771112
CTRL,4,0.003700248960053279
ABCC6,4,0.012560289525514185
MEIS1,4,0.2071571918522989
CTSH,4,0.021091419072303694
CTSV,4,0.034471519311856345
IFIT5,4,0.007400497920106558
IFIT3,4,0.0805016879430816
DHODH,4,0.09739558907857569
IFIT2,4,0.005139764556267659
IFIT1,4,0.00795553526411455
SPR,4,0.009428234350215755
CUL2,4,0.4326475994048982
IFI44L,4,0.050930869764047954
ABCC11,4,0.022818201920328556
MRTFB,4,0.07676501245313455
RAPGEF5,4,0.04273811648581292
RPAIN,4,0.008880597504127868
HR,4,0.16908290156665118
CTF1,4,0.08748158822708274
DKK3,4,0.01912822623683386
PARP9,4,0.02355697230253172
DKC1,4,0.462374794044044
TXK,4,0.08325560160119877
SLC60A1,4,0.4211750734862327
ORM2,4,0.022571518656325
ORMDL3,4,0.09775983886783825
RPRM,4,0.2631857237310348
IFNAR1,4,0.10285150338548092
SPINT1,4,0.02774877107371873
TWF1,4,0.0240784009892678
DIO3,4,0.163835836564386
DIO2,4,0.20342203579244544
MEP1B,4,0.056806586248107506
DIDO1,4,0.03432350935345421
CTDP1,4,0.3206479788593752
RPP14,4,0.012931409626222416
SERPINB4,4,0.02154664949021155
MEOX2,4,0.2662447362052229
RNF168,4,0.028167308367857715
SYNPO,4,0.008183821927773218
CLCN5,4,0.03169633259181639
HEATR3,4,0.015489653285556366
NPDC1,4,0.004862017195426434
TNP1,4,0.4095111609666744
TNP2,4,0.17255469114078462
TNPO1,4,0.02269177076615582
PKLR,4,0.057450253510503986
G6PC3,4,0.013187687293629886
HDGF,4,0.04361702777352348
PKIB,4,0.23774118405581335
SLC33A1,4,0.0318295415543783
CD3D,4,0.06521556759545792
ADAM10,4,0.3047926206107195
CD3G,4,0.06523713975060301
CD58,4,0.025901742720372947
CD70,4,0.04040407471407803
NPIPB6,4,0.08243995148511087
NPIPB7,4,0.14130821313604167
NPIPB8,4,0.04693272979764152
TOMM20,4,0.05443566931560504
CD82,4,0.021529019784013934
PKIA,4,0.01955615230303837
TNNI3,4,0.014800995840213115
CD244,4,0.29963362291418283
G6PC1,4,0.06375078402865127
NPC1L1,4,0.034440683903855907
INPP5E,4,0.0313764747282351
PLA2G3,4,0.02867692944041291
CCNG1,4,0.0379275518405461
CCNL2,4,0.034280652099506446
CCNO,4,0.022417769336540428
CCNY,4,0.15667292163031682
MAGI3,4,0.31296067663002497
CCR10,4,0.007934978325447588
PKP3,4,0.007137406959332379
RASGRP4,4,0.044010761130873696
CCT4,4,0.004440298752063934
TNFSF9,4,0.008269753420967963
TNIK,4,0.044494027647110725
INHBE,4,0.022612632533658927
VGLL1,4,0.14878045772799545
VEPH1,4,0.11586829648139514
INHBB,4,0.29790557486211566
CD180,4,0.3149840650163533
INHBA,4,0.3098216478812234
GAB1,4,0.05899841397418284
CD93,4,0.029109953657372
CDA,4,0.011534287549498489
CDCA5,4,0.012703729183894138
HERPUD1,4,0.09250622400133196
TPM1,4,0.25884113555923083
PIN1,4,0.05772388377683116
TPMT,4,0.041594640628306305
VANGL2,4,0.07400497920106557
GKN1,4,0.03273054174674839
TPP1,4,0.031718534085576705
PIM2,4,0.03943796197154722
TPR,4,0.18501244800266392
SALL1,4,0.23127693876474917
CDK14,4,0.28071647786741855
PIK3R5,4,0.03700248960053278
HES5,4,0.16509677660082686
NR2F6,4,0.05351998981943728
CDK2AP2,4,0.012931409626222416
CDK5R1,4,0.012947601247996907
CDK9,4,0.04055883998991733
TPSD1,4,0.06206042029997459
CDKL2,4,0.27580376973481757
RMC1,4,0.01711879067491315
IMMT,4,0.061007662010519124
NPRL3,4,0.034441917320175916
GKN2,4,0.10651568509674766
MALRD1,4,0.32117370320719635
VDAC1,4,0.011473444178191869
RAB25,4,0.043396519803504854
NPTX1,4,0.019772025868055838
CDC25B,4,0.01877782766937434
TOX,4,0.18707134526499217
SHCBP1,4,0.04163951825563955
CDC25C,4,0.006660448128095901
IMPDH2,4,0.37002489600532784
CDC37,4,0.07407960088842665
TP53BP1,4,0.06660448128095903
IMPDH1,4,0.37002489600532784
HELZ2,4,0.2731678329053502
IMP3,4,0.033302240640479513
NPY4R,4,0.011840796672170494
VAV3,4,0.041538905897285205
TP73,4,0.19912967434012457
HEPACAM2,4,0.03491418632282291
LIN28B,4,0.035684043931894074
CCN4,4,0.07916477080647319
CCN3,4,0.021461443968309016
FZD9,4,0.03383507649072719
PLIN1,4,0.1357957905876389
SLC30A10,4,0.09860581048545361
HAS2,4,0.3031909056406914
HAS3,4,0.05311152344812474
IRF2BP2,4,0.12664010148520471
CAVIN3,4,0.04440298752063935
SLC30A2,4,0.019981344384287707
TMEM65,4,0.08095344427754807
IRF2,4,0.03039384495787763
NLRP7,4,0.05272854768075922
CBLC,4,0.18593751024267727
HAUS3,4,0.020721394176298362
NLRX1,4,0.04954491447004147
IRAK2,4,0.02355992970155116
HBA1,4,0.061624819850620634
HBA2,4,0.061624819850620634
SATB1,4,0.27903707023025526
HBD,4,0.02050207216218735
CBX5,4,0.003700248960053279
SAT1,4,0.004995336096071927
HAS1,4,0.0426848353505845
NLGN1,4,0.32433302274228365
LILRB3,4,0.2788422086050942
IRF9,4,0.023188432385720544
RHOU,4,0.04555958891544281
H4C8,4,0.022201493760319675
CARINH,4,0.07500199072641325
H6PD,4,0.029833473347169973
PLP2,4,0.0061105331459598
ADARB2,4,0.35111156371493446
IRX3,4,0.422888450347153
MAB21L3,4,0.06674821768217447
SCAF11,4,0.04236246406869245
HACE1,4,0.35786521224717815
RASSF5,4,0.04126702652699419
NKX2-2,4,0.102120494785549
PLK1,4,0.020721394176298362
SBNO2,4,0.36388989775925773
HADHA,4,0.031011142015906535
HADHB,4,0.28054899065975164
CASP10,4,0.03700248960053278
CASP12,4,0.03700248960053278
MIR21,4,0.005036449973405851
SOX6,4,0.025347874540536493
MACROH2A1,4,0.04952204589210099
FZD8,4,0.004440298752063934
PLCD1,4,0.03673607167540895
MT-ND5,4,0.09250622400133196
SYTL1,4,0.03412369590961133
FZD2,4,0.00874746286286825
CCDC39,4,0.03774253939254344
CCDC50,4,0.3019920509992442
ADAMTS1,4,0.08816898241824161
VNN2,4,0.03216813129955226
INSM1,4,0.06564131117988496
HCRTR1,4,0.013937604416200684
PLAC8,4,0.2994102248860097
INSL6,4,0.3242442292521656
RINT1,4,0.0341401606894222
PLAAT4,4,0.021566619384563692
VMP1,4,0.02331516463729555
HCST,4,0.033450250598881646
CCDC88B,4,0.30421769337987314
PLA2R1,4,0.27742484917262705
CCL13,4,0.01627579264585646
SPACA9,4,0.0029601991680426234
IP6K2,4,0.11478682410753321
RAB13,4,0.0312671037124502
VWA5B1,4,0.3266650736873818
HCLS1,4,0.02461450768578855
TAAR1,4,0.0533452558407681
MRGPRF,4,0.019133125248685715
NMUR2,4,0.1722141007185708
NNMT,4,0.033726693181428645
IQGAP2,4,0.061218563350214805
CCDC116,4,0.0927086411359336
SYVN1,4,0.012190264629508856
SART3,4,0.011470771776165165
HCAR1,4,0.07791374928085146
PLD5,4,0.3751424984056608
SP140,4,0.48170572011603124
ADAMTS2,4,0.3403339453273367
SARM1,4,0.02298265742966425
SLC15A4,4,0.0758551036810922
ST3GAL4,4,0.05155008241235285
MIR146A,4,0.04527439615073188
MAFF,4,0.01633120893943984
TMTC1,4,0.4134830734987533
NONO,4,0.18501244800266392
UVRAG,4,0.08533216307741158
ADAM12,4,0.32431981167599544
PIK3IP1,4,0.003700248960053279
EIF3C,4,0.04964809042151488
S100A7,4,0.18501244800266392
IKBIP,4,0.06287984544241464
CHP1,4,0.16651074665970608
CHP2,4,0.029088899200620386
CHPT1,4,0.010230801541007088
EIF3E,4,0.3079164753802118
GABRP,4,0.07400497920106557
ACTR2,4,0.007215485472103895
MANBA,4,0.026734121588998582
IKZF2,4,0.03707443888586716
EIF3A,4,0.007400497920106557
PGC,4,0.05157777273078291
CHRFAM7A,4,0.01916687847430264
SPATA18,4,0.1183381083565616
EIF2B5,4,0.019117762421705143
PGAP3,4,0.12961685131829573
CHRM4,4,0.03256219084846885
IGSF6,4,0.015965606022596394
MIAT,4,0.0262535594748666
CHIT1,4,0.008880597504127868
SLC35B3,4,0.212859368714731
ELF1,4,0.4139269335855368
USP13,4,0.2209866005542378
PHF14,4,0.2700248876350449
GABRB2,4,0.09718141092819357
IL17RC,4,0.008919594620488039
PHETA1,4,0.056949954204711786
SSB,4,0.2810365209106704
GK,4,0.018377903168264615
CFI,4,0.033472618927059695
S100G,4,0.012950871360186474
EIF4EBP1,4,0.010329861680148737
ELAVL3,4,0.011100746880159837
ELAVL2,4,0.1732622411338405
CFP,4,0.01406094604820246
SRY,4,0.007400497920106558
SEPSECS,4,0.010506034644524608
ACVR1B,4,0.18501244800266392
CHD2,4,0.18501244800266392
RNASET2,4,0.40444456964643144
SLC11A1,4,0.03607175267311935
SLCO1B3,4,0.019739530284095315
ACVRL1,4,0.005046728442739333
MAP4K1,4,0.005141595895005433
CISD1,4,0.25500097192344856
EFNA5,4,0.15610662393651475
CITED2,4,0.23467997001035235
CKAP4,4,0.08667925510909862
SLC35D1,4,0.32467381973107334
S100A11,4,0.03196806392922934
CKMT1A,4,0.055483177462132216
CKMT1B,4,0.055483177462132216
CLC,4,0.020728032023735497
PER3,4,0.28144732393521166
TRDD3,4,0.07546596083212662
TRDJ1,4,0.07546596083212662
CLCA2,4,0.008880597504127868
HLA-DQB2,4,0.03189614603565926
HLA-DRA,4,0.02725304803476506
UNC5B,4,0.024512299235872937
RNF152,4,0.2839447419654722
HLA-DRB5,4,0.17069526936027057
MAP3K5,4,0.03078668805580329
RNF144B,4,0.11108540527061765
S100A3,4,0.023327740920335068
MAP2K4,4,0.2775186720039959
MGP,4,0.07973322589314621
SLCO1A2,4,0.0047851485984802275
CHST11,4,0.3082342908480127
GADD45A,4,0.02740656466457036
EHD3,4,0.03513897992839435
UPK3B,4,0.010022946585850984
GADD45B,4,0.060190716416866664
CIB1,4,0.02294154355233033
ACTN1,4,0.3337123780510382
ZNF804A,4,0.21745907217057295
CIBAR2,4,0.2810737874637794
RNF138,4,0.033302240640479513
CIDEC,4,0.01820574846756557
GADD45GIP1,4,0.07400497920106557
HLA-DMB,4,0.01760413745876171
ACTMAP,4,0.12188064423338922
EGFL6,4,0.048907382832871375
GAK,4,0.1607373452777508
IL17REL,4,0.4144048919835386
CGN,4,0.009243016332826422
AMT,4,0.20523035130643988
IL20RB,4,0.15788963542786533
TRAF3,4,0.05458430644009804
S1PR4,4,0.5547620582856341
NRSN1,4,0.3328584278423576
CEACAM8,4,0.008921711381461795
PIGC,4,0.313139003969713
TRAF4,4,0.05920398336085246
EMILIN2,4,0.3021869087131943
CEBPD,4,0.0859406690070497
CEBPZ,4,0.006660448128095901
IL20RA,4,0.027691024288563477
NRF1,4,0.2922304838560097
CELA2A,4,0.03799415632182707
NRN1,4,0.24592300991657004
IL32,4,0.012791169328566464
RNASE1,4,0.008880597504127868
RAB27A,4,0.08150674548270226
PI16,4,0.007400497920106558
CELF2,4,0.2853921807941216
CEP55,4,0.011840796672170494
SLC48A1,4,0.32086204114088857
CELF4,4,0.03473053673906007
EMSY,4,0.17169193124207058
USP2,4,0.07537201562241858
CELSR1,4,0.33770924665737273
TRAIP,4,0.003700248960053279
ENAM,4,0.08074224191268961
CEMIP,4,0.04114923021706035
USP8,4,0.2775186720039959
PIAS3,4,0.009005378121836332
ENHO,4,0.036601629296527015
IL3RA,4,0.04070273856058607
TRAF3IP3,4,0.0328434097694329
TRAF7,4,0.2775186720039959
NRBP1,4,0.021789728147493585
HHLA2,4,0.24288763717331993
CFAP410,4,0.021120887590750825
ELOVL3,4,0.2767650457351023
MIDN,4,0.0071949285334369315
TPX2,4,0.03923512731680493
CDO1,4,0.012580846464181148
TRAP1,4,0.029949699712097086
UTS2R,4,0.04151489015639536
USP28,4,0.03626243980852213
CETP,4,0.3018052875446059
ELOVL6,4,0.1888280421428785
MIER1,4,0.2802298518798017
ADA2,4,0.01107161379008544
NRCAM,4,0.038400344060801644
GABRA4,4,0.07400497920106557
SLFN11,4,0.015528446589023106
HEY1,4,0.18538247289866924
SLU7,3,0.0029601991680426234
SUSD2,3,0.03818187844230796
SUMF2,3,0.051063435648735236
SLC30A8,3,0.010714637738702671
LEFTY2,3,0.0332948401425594
GNG12,3,0.1906356424280989
GNG4,3,0.3097040054311714
GNA15,3,0.026083128212215038
MRPL28,3,0.011840796672170494
SLC2A13,3,0.3134434870676121
SLC28A1,3,0.06194574869565552
SLC28A2,3,0.03780181541971372
MRGPRE,3,0.03865476943053685
GIMAP4,3,0.03183403816200316
LINC02023,3,0.023973390680223607
LGSN,3,0.026819352286914747
SV2A,3,0.012580846464181148
SLFN12L,3,0.034086693420010805
MPIG6B,3,0.007400497920106558
GJB1,3,0.00978809747269212
LDLRAP1,3,0.4077114255053956
LIG3,3,0.3725225640533638
SLX1A,3,0.02117569840803309
MREG,3,0.08315378431030937
LDLRAD3,3,0.017149789898779966
SLC9B2,3,0.00972051542182329
SUCLG1,3,0.16201545406403678
MRPL13,3,0.07902873086713523
LINGO4,3,0.05355479362231817
SLC35F3,3,0.034598059546061384
SLC45A2,3,0.011495112458042073
LARS1,3,0.023887162731010606
GNAI1,3,0.3344152497852145
SLC2A9,3,0.38840549223144355
SERPINI2,3,0.03813476578230909
SLC34A3,3,0.16532565446460926
GJA3,3,0.3242510876650539
SERTAD4,3,0.3125135294548553
SLFN12,3,0.03993185336057496
MOS,3,0.005776499765416507
SLC5A4,3,0.03181706841922836
LBH,3,0.0018162843316044028
SLC29A2,3,0.011100746880159837
LIME1,3,0.24763275862010115
LGI1,3,0.012580846464181148
SLC39A5,3,0.017288353775156463
LDAH,3,0.22721298546932026
SLC5A7,3,0.025905071812330465
SLC39A7,3,0.00771909793378653
SMARCA1,3,0.006421391480683826
SLC27A4,3,0.004440298752063934
SLC27A2,3,0.022580485728219912
SUOX,3,0.06711304469627906
LIMK2,3,0.014800995840213115
LINC00632,3,0.017185600725580785
LGALS9B,3,0.035729603958274465
SULT2B1,3,0.043662937728628684
SLC5A9,3,0.043945255582282
GNPDA1,3,0.05055563983877685
GLDC,3,0.06378832680175217
SULF2,3,0.17005677108755446
LGALS3BP,3,0.03827701979788447
GLG1,3,0.19950117217077262
SMARCA2,3,0.32075709628444193
SLC37A2,3,0.012580846464181148
SLIT3,3,0.2535153775945011
GINS2,3,0.026356318129092924
SLCO4A1,3,0.01907484804766162
LIM2,3,0.03124490221868988
SERPINB9,3,0.01595485179446294
SERPINB7,3,0.037137075153316684
GOLGA5,3,0.18501244800266392
SLC52A3,3,0.15029473622622408
SLCO1B1,3,0.013690921152197132
SLC26A6,3,0.03736811027109879
LDB3,3,0.1356506993222199
SLC6A11,3,0.04203300890548479
SLC39A2,3,0.019981344384287707
GNB5,3,0.004107215119495212
SUMO4,3,0.03207324061744856
GLCCI1,3,0.02399528285719231
SLC38A1,3,0.011100746880159837
GNB2,3,0.13908840100151607
LIMCH1,3,0.3031285776384703
LIMD1,3,0.08652604406848372
GINS1,3,0.27181358661173616
SULF1,3,0.054409470555944896
SLC5A11,3,0.1536096331596367
SESN3,3,0.29729918912500825
GLIPR1,3,0.166808712445271
LINC02535,3,0.017798465963433863
SLCO3A1,3,0.32438758179942956
LIN28A,3,0.005612044256080804
LAYN,3,0.008109712304116768
SLC7A1,3,0.07497906486295322
SLC2A14,3,0.02769800802109215
HTR3C,3,0.37002489600532784
LIPG,3,0.02476051009439539
MAP3K19,3,0.10555286988923471
MAP3K13,3,0.2775186720039959
IGLV3-25,3,0.02052825819709467
MAP2,3,0.32433302274228365
IGLV9-49,3,0.021799754354032575
MAOB,3,0.0341807439587916
MAOA,3,0.02083334272471622
IGSF3,3,0.03346505159472185
MGST1,3,0.004440298752063934
MGST2,3,0.2617454748983954
MIA3,3,0.033867588482876146
IK,3,0.002220149376031967
HIVEP3,3,0.007400497920106558
HINT1,3,0.3225705675343767
MICAL2,3,0.026385203896709317
SS18,3,0.09250622400133196
MICAL3,3,0.2344490079299352
IL17RD,3,0.026901426647747348
HIC1,3,0.03757232794038099
MID1,3,0.043662937728628684
MIEN1,3,0.028612422163634372
HHIPL1,3,0.02944407025518088
HLA-DOA,3,0.006458931486223373
HLA-DOB,3,0.0038340640239189093
MIER3,3,0.014446838151243802
MAP3K2,3,0.0318221410564582
IGKV1-6,3,0.01891782223931055
HMGCS1,3,0.008325560160119878
SRPX2,3,0.02632939746359067
SKI,3,0.22912516876782163
SRSF1,3,0.011100746880159837
MARCHF8,3,0.020927781886948077
MARCHF1,3,0.3065467280987068
IGKV2D-24,3,0.026145859280828222
MAPRE2,3,0.29794487723294294
MGAT3,3,0.03497714383188465
MAPKAP1,3,0.003700248960053279
SRSF11,3,0.08954681877646838
MAPK4,3,0.2378090959732384
SHMT2,3,0.002590174272037295
HLA-S,3,0.004419741813396972
IGKV4-1,3,0.019802490401003087
SHMT1,3,0.11100746880159836
MAPK11,3,0.34603426042230456
SLAMF6,3,0.010175684640146518
SLAMF9,3,0.01789062312360097
IGLV1-47,3,0.026916709335231274
IL1RAP,3,0.32819080848485094
IL4I1,3,0.00489168159324699
MAS1,3,0.0391634349932039
INSIG2,3,0.15154274640020848
SLC13A4,3,0.1121752189909817
INSYN2B,3,0.045231286198860556
SLC14A2,3,0.22162293725631912
MAGEA3,3,0.0051803485440745905
SP8,3,0.07511505388908155
SP5,3,0.11308955049277825
INTU,3,0.05560734137168067
MAG,3,0.007400497920106558
IP6K3,3,0.3367079266800772
MIR142,3,0.011840796672170494
SLC15A3,3,0.008848008416332499
HCAR3,3,0.053661107735028066
SP100,3,0.02983247891233388
IQGAP3,3,0.03844558669495357
MAD2L1,3,0.19897362275494587
MAD1L1,3,0.2709691149638091
MIR150,3,0.03788314885302547
MIR155HG,3,0.010728522064007645
MACIR,3,0.388993687940302
ST6GAL2,3,0.16029698390637329
HAT1,3,0.011100746880159837
INSL4,3,0.1710633919431706
INPP5K,3,0.1828474321335818
HEY2,3,0.04871377755910141
SLC13A1,3,0.05887235315031972
HEXD,3,0.010360697088149181
HEXA,3,0.05201434993845112
MINDY3,3,0.1991805556922562
ILF3,3,0.008325560160119878
ILRUN,3,0.23711750538415524
HERC2,3,0.004070273856058606
SPAM1,3,0.03602279805755365
HEMK2,3,0.12246725717514707
HEG1,3,0.2664978417089344
MAMDC2,3,0.3018011902163902
HECTD4,3,0.15408184132443498
ST13,3,0.012005252181506193
HEATR5B,3,0.30367119075759397
ST18,3,0.2653668068151269
ING2,3,0.07567009123308956
MAK,3,0.003700248960053279
HDAC7,3,0.3208976698403531
ING5,3,0.05746998065223557
MAGOHB,3,0.003700248960053279
INKA2,3,0.07446180971288607
INO80,3,0.08730822079699344
MARS1,3,0.004070273856058606
SHPK,3,0.03552239001651148
HAP1,3,0.007400497920106558
HSPA1L,3,0.4874152942630181
HSD3B2,3,0.01950693995153964
SPMIP10,3,0.15850851026799212
MEF2C,3,0.008880597504127868
HSD17B6,3,0.007400497920106558
HSD17B2,3,0.033939064689996946
SIGLEC10,3,0.04157969756411869
HS3ST4,3,0.3345912282458378
IFITM2,3,0.017799312990605342
MEOX1,3,0.2085454813847853
HS3ST2,3,0.3354491701086823
SPINT2,3,0.07026545317852985
MCTP2,3,0.30942388230441636
IFNA10,3,0.03358879693897116
IFNA4,3,0.0179462074562584
HRCT1,3,0.0802263152667643
HRC,3,0.03999969125817594
HPX,3,0.03314559676783726
IFNK,3,0.03933989775431439
IFNL1,3,0.004207588694838776
IFNL3,3,0.011100746880159837
HPS5,3,0.03555857464186036
MDFI,3,0.1508108831023664
IDE,3,0.03088988595877242
IFRD1,3,0.014800995840213115
HSPA2,3,0.02691216317490338
MED12L,3,0.28098428867738656
SPON1,3,0.24777175762815057
SIGMAR1,3,0.03181186258712471
HTR1B,3,0.2535994048405071
HTRA3,3,0.02089123661585264
HTT,3,0.007400497920106558
SIGLEC9,3,0.02252606740028509
HUWE1,3,0.007400497920106558
HVCN1,3,0.004070273856058606
SPOCK2,3,0.2695431579023796
SPOCK1,3,0.03439175838982853
ME2,3,0.021046130103479627
SPN,3,0.0358924149125168
SPMIP7,3,0.04843597372078238
MDH2,3,0.06068408294487377
HSPB6,3,0.005920398336085247
SPMIP6,3,0.02232099257511022
ICMT,3,0.011100746880159837
HSPA8,3,0.00905677046850374
HSPA6,3,0.05513655608155771
MDGA2,3,0.2400244969523963
HPS4,3,0.0029601991680426234
IFT172,3,0.02579260776969094
SRPK1,3,0.14728030220789814
METTL14,3,0.03978103857289148
HORMAD2,3,0.2929867516783428
MC5R,3,0.29670780092559024
SPG21,3,0.0029601991680426234
MC4R,3,0.02124682952862592
HOOK1,3,0.2430585817645048
MC3R,3,0.29135030552448543
SIAH2,3,0.30822308680515054
HOMER2,3,0.003174739641121733
SIRPB1,3,0.017445594188814865
SHTN1,3,0.18501244800266392
HNRNPK,3,0.025161692928362296
MB,3,0.06133653816236597
MAZ,3,0.015368984055581294
SIX2,3,0.18501244800266392
MATK,3,0.006660448128095901
MFAP5,3,0.007447397257795859
MAST3,3,0.01962130888497805
SKAP1,3,0.28201343404951656
HMMR,3,0.049354707557050854
MASP2,3,0.020721394176298362
MASP1,3,0.04667575862094628
METTL16,3,0.2641374498286438
IGHG2,3,0.049869899789731394
IFT27,3,0.0320515564919815
IGHG1,3,0.05178862085932384
MCM6,3,0.1938178988288082
SIPA1L1,3,0.3033095846852602
SPTBN1,3,0.003700248960053279
SIPA1L3,3,0.2637496228774563
HOXD10,3,0.0794089004707225
MEST,3,0.022317691098366933
METAP1,3,0.003700248960053279
HOXC6,3,0.004440298752063934
IGDCC4,3,0.005682466985561657
HOXC11,3,0.2775186720039959
IGF2BP3,3,0.31373878029196073
METRN,3,0.002220149376031967
IGF2R,3,0.009620647296138525
IGFALS,3,0.007400497920106558
HOXB13,3,0.013612927910352624
IGFBPL1,3,0.03648493449971185
HOXA9,3,0.18501244800266392
SRA1,3,0.03214344600782283
IGHD,3,0.0186457473526244
MCHR2,3,0.0051803485440745905
MCHR1,3,0.003494679573383652
IRF7,3,0.07896459470280531
IRS4,3,0.2775186720039959
LIPH,3,0.006651844996787017
GPSM1,3,0.38827440238748234
KLF14,3,0.035152365120506145
KLF3,3,0.3212070953086942
KLF9,3,0.18274369864687864
LRATD1,3,0.19952219077874028
GPRIN3,3,0.263123858888066
MMP17,3,0.024003217216286087
SMTNL1,3,0.015213919786304465
KLHL2,3,0.015610136557203592
GPR63,3,0.13285326154949745
SLC24A3,3,0.04625311200066599
KLHL5,3,0.022815459829745918
KLHL6,3,0.32038936575806826
LPCAT2,3,0.01907083859996932
MMP20,3,0.04984975398983777
MMP23B,3,0.011084252795377928
SMNDC1,3,0.07844935743148786
KLRF1,3,0.007400497920106558
GPR180,3,0.020795632627461886
GPR174,3,0.05920398336085246
STX11,3,0.03913383300152348
GPR162,3,0.011717455040168714
KLF13,3,0.04224944262588833
LRFN2,3,0.19927338603951325
KNSTRN,3,0.09250622400133196
GPT2,3,0.011100746880159837
LRRC26,3,0.01740658781625063
SNHG5,3,0.03519338322352564
KIAA1217,3,0.30919382448730104
MLLT10,3,0.2775186720039959
GRIK3,3,0.050911236930988944
KIAA1549L,3,0.1688509139193185
LRRC17,3,0.06961140477040338
LRRC15,3,0.009592605874586284
SLC22A3,3,0.010155532358779031
GRIK2,3,0.3116829746396959
MLLT3,3,0.2604878210871247
LRPAP1,3,0.025792213938210882
LRP8,3,0.03564944088464017
GRID2,3,0.2782022068393939
STOML2,3,0.007770522816111885
SFMBT1,3,0.37670760581671386
LRIT1,3,0.04163951825563955
KIF9,3,0.2673163041956987
GRAMD2B,3,0.1979329590533184
SNAP47,3,0.006454878741426275
KIR2DL1,3,0.009103102755204368
KNL1,3,0.2775186720039959
LOXL1,3,0.013680227011650448
SNIP1,3,0.025942856597706874
SMIM20,3,0.15953457032406201
SF1,3,0.019426307040279714
GP9,3,0.14244088964911325
STXBP2,3,0.012025809120173156
GP1BA,3,0.008880597504127868
LMAN2,3,0.06266512701862728
LIX1,3,0.31687723948721336
KRTCAP2,3,0.021929354120622007
KYAT1,3,0.010360697088149181
KYAT3,3,0.01861672749461515
GOSR1,3,0.0014800995840213117
STXBP3,3,0.013690921152197132
LIPT1,3,0.0065165495574271625
LIPN,3,0.024108224206106203
LAD1,3,0.009855944191387137
MOCOS,3,0.023289359234372257
GOLPH3,3,0.18501244800266392
LAMA1,3,0.01093634994792985
LAMA3,3,0.004005664849881332
MOGAT2,3,0.02033135025067475
LAMC1,3,0.011986811588710214
LAMC3,3,0.046138692992845065
GPAT3,3,0.12367259604612467
MNDA,3,0.031720553284920294
KPNA7,3,0.05423254747707922
KRT80,3,0.04518176675548235
GPR146,3,0.053605135713261955
GPR141,3,0.02332197474349629
LONRF2,3,0.02431598204271805
SLC25A15,3,0.42336793158177594
GPR135,3,0.013320896256191804
SLC25A20,3,0.010155744409639561
KRT12,3,0.013784450610424442
STX1A,3,0.0020145799893623406
KRT17,3,0.035980701099550136
GPM6A,3,0.035961253015020796
KRT222,3,0.02238685897025847
SLC25A26,3,0.15293991590859518
KRT6A,3,0.026556876571784568
KRT6B,3,0.038396976955517914
LMTK3,3,0.06930525188302457
MMUT,3,0.22729635872954534
GPC6,3,0.4441137398504034
GPC5,3,0.23601917017590898
KRT76,3,0.04852760713798063
LMO7,3,0.13996595683161994
STX3,3,0.003700248960053279
KHDRBS3,3,0.20675151121470026
SNN,3,0.036812344660245994
SH3GL2,3,0.3876979956438352
IVNS1ABP,3,0.00571482894941562
IZUMO1,3,0.06370337594361468
SH2B2,3,0.2821083155306046
JAM3,3,0.27888841035429257
SGPP2,3,0.03189409034179256
STARD7,3,0.07400497920106557
JAML,3,0.004961034918629241
H1-5,3,0.027255988794549792
JCAD,3,0.021343449295935298
LY9,3,0.008140547712117212
JOSD2,3,0.07400497920106557
LY6S,3,0.11813766654103246
GZMH,3,0.008289607123718231
JRKL,3,0.049221924210493234
GYPE,3,0.020838815335476282
SGMS1,3,0.017917720686149326
SGK2,3,0.31834574103423535
LY6E,3,0.002491215103434657
LUZP2,3,0.3423078059995858
LUM,3,0.020299056341400626
SGIP1,3,0.3042773890254803
KAZN,3,0.3689183166552085
STAG1,3,0.18501244800266392
LYPD6B,3,0.04329291283262336
KCNB1,3,0.043695201997625555
ITSN1,3,0.07616169783542914
SH3BP5,3,0.006660448128095901
IRX4,3,0.16927107655424847
SOX14,3,0.21933809374585253
LZTS1,3,0.04605699880578316
ISLR,3,0.022201493760319675
H3P9,3,0.011840796672170494
ITGA2,3,0.10106171728662143
H3P42,3,0.010525152597484882
LYZL1,3,0.34123308630842203
MIR34A,3,0.015356033184221109
ITGA9,3,0.3324034679491936
H3P30,3,0.0051803485440745905
H3P24,3,0.0014800995840213117
ST8SIA6,3,0.07967488213432211
STAB1,3,0.023714977775016834
ITGB8,3,0.33992922890520666
SLC16A2,3,0.03090447931436498
SH2D6,3,0.1499029862058947
LYRM7,3,0.14380419719248108
H3-3B,3,0.2775186720039959
SORCS2,3,0.24669901742434502
SLC17A4,3,0.09908403418748944
GUCA1A,3,0.008215169399478287
LRRC3B,3,0.21846939618428274
KCNMB4,3,0.24011053429728813
GRPR,3,0.026609121372127936
SLC19A3,3,0.03396316194594219
STK40,3,0.027711325327192678
GRM5,3,0.007770522816111886
GRM3,3,0.19912574851408235
MLF1,3,0.2775186720039959
SLC1A7,3,0.19934343336260385
SNRPB,3,0.014800995840213115
KCTD5,3,0.054452863696144056
KCTD8,3,0.16803236816191192
KDELR2,3,0.2783558213246981
STMN3,3,0.13420300862315815
SLC22A16,3,0.2601107653454506
KDM4C,3,0.3647961257935235
GRK3,3,0.15063130964373803
GRK2,3,0.051639029931410195
STMND1,3,0.3475715888453342
KDM5D,3,0.013851414544260296
GRINA,3,0.14209244841462834
GRIN3A,3,0.1992296505729866
LRRC3C,3,0.025816507082091426
STK36,3,0.003700248960053279
KCNK6,3,0.002220149376031967
KCNE3,3,0.06289117326693368
KCNK3,3,0.016281095424234424
GTF3A,3,0.007400497920106558
KCNE5,3,0.04566847266497756
GTF2I,3,0.40973464939667203
GTF2H4,3,0.010525152597484882
KCNH1,3,0.20882791927396355
KCNH8,3,0.12180645277535283
GTF2A1L,3,0.11919476136851083
STK24,3,0.2641351943160277
LSM14A,3,0.18501244800266392
STK3,3,0.0045969006915457045
LSAMP,3,0.21376327913335363
GSTO1,3,0.06989379703705972
GSTM2,3,0.007400497920106558
KCNJ2,3,0.02593517641320922
KCNJ5,3,0.2784437342440092
SFTA2,3,0.00781430294046158
SLC18A3,3,0.10351719562088289
GSPT1,3,0.024481498066662905
STK31,3,0.06562351056380479
GSG1L,3,0.20401708515547587
KCNK2,3,0.02254155278203424
SERPINB10,3,0.3941162899211468
ENPP1,3,0.02987940411251986
SERPINB1,3,0.03336972391500005
TULP1,3,0.2751776887018916
TUSC3,3,0.42109520401656064
CTSW,3,0.07813230818975604
CTSZ,3,0.024606655584354303
CTTN,3,0.01850124480026639
ASL,3,0.00849001566945558
PRKAR1B,3,0.2586038656909031
CUL4A,3,0.337462705156859
PRKAR2B,3,0.020351369280293036
ASH1L,3,0.03422730288049283
ATF7,3,0.08769590035326272
TUG1,3,0.028860673894632052
CUX2,3,0.2673436509607817
CUZD1,3,0.024254720794375902
CXCL17,3,0.022873045147226635
RPH3A,3,0.3031799000946516
RPH3AL,3,0.34704194142837114
TUBGCP2,3,0.013135883808189138
TUBD1,3,0.26940732542407847
CTSC,3,0.01498600828821578
PARG,3,0.011100746880159837
CTNNA3,3,0.28995327661801457
CTIF,3,0.22414415567312634
CSN1S1,3,0.006434321802759313
TXNDC15,3,0.0014800995840213117
PATZ1,3,0.2775186720039959
CSNK2A1,3,0.2701867287108758
PATJ,3,0.018533605571801733
PARVG,3,0.30681250221985273
RP1,3,0.24894009200470973
RP9,3,0.049433527336929656
PARP8,3,0.03276880607208628
CST7,3,0.005622203172253825
ASZ1,3,0.2913035484952184
ASPSCR1,3,0.18501244800266392
CTBP1,3,0.00525229782940896
CTBP2,3,0.2165008811417358
PARP2,3,0.00976207903416723
PRKACA,3,0.18501244800266392
ASPHD2,3,0.016230872461588483
ZDHHC20,3,0.024577035690024913
CYBRD1,3,0.024090696998871435
PAPOLG,3,0.2416813940390405
PAK3,3,0.01283768807883786
D2HGDH,3,0.08846514721931592
DAB2,3,0.02770314725575889
ZDHHC7,3,0.043501063135858865
DAB2IP,3,0.019742636606500077
DACH1,3,0.1431732105924069
ARRDC4,3,0.3751469852027149
ARPIN,3,0.05901897091284979
PAH,3,0.12876174028480059
DAGLB,3,0.4124492737290223
REEP6,3,0.04287358784052314
PAGR1,3,0.011655784224167829
DAOA,3,0.1959748761215466
TTPA,3,0.02614122166535049
REEP5,3,0.03150757154102774
PAFAH1B2,3,0.18501244800266392
ARPC2,3,0.21862274600715711
DAZL,3,0.266577902093953
CYYR1,3,0.33583756773823403
PAK4,3,0.007400497920106558
PAPOLB,3,0.05640923499952094
PAK6,3,0.11530347377336965
RPL10L,3,0.08585122103806705
ASB1,3,0.07460162315523561
ZDHHC23,3,0.018585677904867513
PANK3,3,0.13596027717189288
ZDHHC4,3,0.26297622136263504
TUBB,3,0.10072899946811702
TUBAL3,3,0.024388099148341825
PALMD,3,0.02011916510600997
CYP4F2,3,0.06321733472831888
ARSJ,3,0.03309502669871652
ARSH,3,0.010247633925480884
CYP51A1,3,0.03549278802483105
CYRIA,3,0.2110705594620273
CYSLTR2,3,0.005879982065804775
TUBA1C,3,0.10072899946811702
PALB2,3,0.2775186720039959
TUBA1B,3,0.10072899946811702
CSMD2,3,0.3002488739604809
CSGALNACT2,3,0.2778094919039558
ARMH2,3,0.03724174276762778
UBE4A,3,0.051433460544740565
PDCD6IP,3,0.024367947806566675
RNF40,3,0.043477925280626016
COLEC10,3,0.03357660316889757
COLQ,3,0.008799539946934545
COMMD1,3,0.2238839445124992
PRB2,3,0.005365360992077254
UBL3,3,0.2965510788009915
COMMD7,3,0.06152294321996391
COMT,3,0.01850124480026639
CSGALNACT1,3,0.01717186771408706
ATP6V0A2,3,0.010175684640146518
COP1,3,0.03272500180271119
REPIN1,3,0.011100746880159837
UBE2S,3,0.003700248960053279
PCSK1N,3,0.007400497920106558
COQ8B,3,0.07017282845008764
ATP5F1D,3,0.0207548815055214
ATP2C2,3,0.3278325217204911
COL8A1,3,0.028923870740627994
COL7A1,3,0.37002489600532784
PDCL3,3,0.027018111014804287
COL5A1,3,0.01963535115670987
PDE7B,3,0.2775186720039959
UGDH,3,0.029833473347169973
CNPY2,3,0.06956468044900165
PDE6G,3,0.2775186720039959
PDE6D,3,0.2775186720039959
PDE6C,3,0.2775186720039959
CNTN4,3,0.3727950703313958
COBL,3,0.23462735106114815
COIL,3,0.005550373440079919
COL10A1,3,0.02094142430221622
COL14A1,3,0.266593428956502
COL16A1,3,0.03530777557682839
UCA1,3,0.0782109162664453
COL26A1,3,0.28506298484183873
PDE1C,3,0.2775186720039959
UBXN10,3,0.027396098588783384
ATP6V1G3,3,0.14515010661189792
ZBTB7B,3,0.0771092825091636
UBE2L6,3,0.01796568524753545
PRDM2,3,0.18501244800266392
PCDH10,3,0.23796242098401
ATL1,3,0.019426307040279714
CRACD,3,0.2823487392928876
UBA3,3,0.0723981237147184
PCBP1,3,0.09250622400133196
CRB1,3,0.3478779873763046
ATG9A,3,0.013164252383549548
CREB5,3,0.21204237784909957
U2AF2,3,0.003700248960053279
RELT,3,0.23079307140050556
ATG2B,3,0.21977837245173476
PBXIP1,3,0.02694228936401322
CRISPLD2,3,0.006867902655385117
CRNDE,3,0.020052991825169605
CRNKL1,3,0.18501244800266392
PBK,3,0.014744415258494317
PREX1,3,0.29367143914435373
TXNRD3,3,0.013680642682863649
CPXM1,3,0.08075171052991094
CPT1A,3,0.046135300964704334
COX15,3,0.24205434751305252
ATL2,3,0.0077499658774449216
PCOLCE,3,0.012456878747364668
PCMTD1,3,0.024443703720305493
COX6B2,3,0.011508776551626035
ATP2A2,3,0.043091063823496305
CPA3,3,0.004995336096071927
RNFT1,3,0.1813334031348312
CPB1,3,0.01467035296319217
ATP1A2,3,0.2329917462654793
UBE2C,3,0.03260227687886943
RNPC3,3,0.024462757013685565
PRDM8,3,0.019025992102617507
RNY1,3,0.01924129459227705
ATP13A4,3,0.06559192406772166
PCDH8,3,0.007400497920106558
ATP10A,3,0.4467768107314092
UBA6,3,0.027010755604775727
CPSF4,3,0.06910482173102168
DBH,3,0.03256219084846885
PRM2,3,0.21690350759327373
CNOT1,3,0.06342633476337492
ONECUT2,3,0.010683274644576735
OPRL1,3,0.08249439400226054
DPEP1,3,0.04394472858920542
PRSS23,3,0.04158043890740422
DPP10-AS1,3,0.03779145781720343
AQP2,3,0.012162101623535116
OPLAH,3,0.03143111166781478
DPP6,3,0.3936056574582701
AQP11,3,0.016924141591939054
OLIG2,3,0.2775186720039959
OR51E2,3,0.0054114371595848755
DRD3,3,0.40346245980821865
ZMYM3,3,0.18501244800266392
DRGX,3,0.32726539424380596
TRIM59,3,0.014132895333536826
APOL4,3,0.007794351826823636
DSG3,3,0.02911549775771422
APOL3,3,0.00441420327252444
OIT3,3,0.01603961794674543
OPRPN,3,0.03496735267250348
OR10A4,3,0.002590174272037295
TRMO,3,0.031529311435248376
PRRX2,3,0.015863763463017617
TRPM5,3,0.10346151726221091
DNAJB9,3,0.16511361299102345
OR4E1,3,0.10314849880095038
TRPC7,3,0.007400497920106558
DNAJC2,3,0.04071013905850618
TRPC4,3,0.30038023474647824
DNAJC28,3,0.2113902496220394
RRM2,3,0.0125763478421499
ARFGEF1,3,0.004070273856058606
DNASE2,3,0.03447891980977645
DND1,3,0.003700248960053279
DNM3,3,0.028419527796151377
DNTT,3,0.008736698933459129
DOC2B,3,0.025458442424081813
DOCK4,3,0.0037713661808661935
DOCK7,3,0.25511671762608695
ARF1,3,0.005529816501412955
RCL1,3,0.01972466094227033
DTHD1,3,0.12317749458114752
APOC4,3,0.03306542470703609
NXPE2,3,0.012692446930474244
TRIB2,3,0.2042522441281252
DYRK2,3,0.002220149376031967
AP5Z1,3,0.15310251788891177
AP4M1,3,0.04504683083968861
ZNF154,3,0.003700248960053279
RUNDC3B,3,0.019867247176264487
E2F8,3,0.2137892822170828
NUPR2,3,0.22413954613580708
NUP43,3,0.0051803485440745905
NUP35,3,0.3199095362955225
ECT2L,3,0.26869068021595066
NUP155,3,0.03754272594870056
AP2S1,3,0.03694328561717193
TRERF1,3,0.008736698933459129
EED,3,0.09250622400133196
AP1S1,3,0.015402855841037462
NUDT7,3,0.26179686352018416
NXPE1,3,0.47238728893701265
RUFY4,3,0.3263976323020554
DTL,3,0.00795553526411455
NXPE4,3,0.09221778794643279
RTN4,3,0.027381842304394263
APOC1,3,0.037055279725137544
OGDH,3,0.14873187149537237
DUOXA1,3,0.028281853680704704
APOBEC2,3,0.24832797191495634
APOA2,3,0.009027168476823312
ODAPH,3,0.04876928129350221
ODAM,3,0.025229857677404422
PRXL2A,3,0.02454666016240321
TRIM32,3,0.17198851796330406
RTP5,3,0.12375364515184199
OBP2A,3,0.011683601735713929
OAS3,3,0.019589675714572676
DYNC1H1,3,0.023605564672391794
APC2,3,0.006167081600088798
NXT1,3,0.011840796672170494
RCC1,3,0.009935579596516394
DNAJB11,3,0.1637108497319066
DNAH5,3,0.04024390768953946
DCAF12L2,3,0.18501244800266392
ARL6IP1,3,0.03699595915429581
ZFHX4,3,0.003951471285756243
DEFA3,3,0.013136911733580921
DEFA4,3,0.02294154355233033
OXSM,3,0.004419741813396972
DEGS1,3,0.040313508126588495
PRND,3,0.149376133673202
DELEC1,3,0.006660448128095901
DENND1B,3,0.4794475758373824
TST,3,0.01443097094420779
RDH11,3,0.008204060101869939
DEPDC1,3,0.30231557876448856
ARL5B,3,0.12277091320295297
DEPDC7,3,0.020306966292772392
DEPP1,3,0.011365812301534398
RPLP0,3,0.004255286304061271
TSPO2,3,0.05156512406044725
DERL3,3,0.01116983337014874
TSPAN9,3,0.34480129336881365
DECR1,3,0.019299096161181813
DDX56,3,0.053276184526847105
DDX54,3,0.025926734131964155
TTC34,3,0.34313355002370327
PACSIN1,3,0.3869837507295913
PRM3,3,0.31447312408696404
DCAF7,3,0.0029601991680426234
PACRG,3,0.2326474507701955
RPL29,3,0.012005252181506193
DCDC2,3,0.05632724099354708
RPL3,3,0.19737458693263768
PABPC1L,3,0.0051803485440745905
PRMT8,3,0.38282372459826686
ZFAS1,3,0.003700248960053279
DCSTAMP,3,0.13262193693668944
P4HA2,3,0.36516654990108216
P3H3,3,0.019763424339086903
P2RY8,3,0.37002489600532784
DDAH1,3,0.022201493760319675
P2RY13,3,0.07641907066934149
DDX10,3,0.2775186720039959
TSPAN8,3,0.003700248960053279
DGCR2,3,0.003700248960053279
DGKI,3,0.21204237784909957
ARHGAP42,3,0.18937196754654995
TSHZ3,3,0.19409403050887533
DIRAS3,3,0.12055439843606962
DISC1,3,0.23425732616514283
PRPF40B,3,0.18501244800266392
ORC5,3,0.021703190425195387
DLAT,3,0.019022041356934347
ORAI2,3,0.01985341969137516
RPS23,3,0.26038630282802233
TSHB,3,0.12021829920540911
ARHGAP29,3,0.008178266654317262
PRR12,3,0.007400497920106558
ZGPAT,3,0.08783961749712274
DMAC1,3,0.39030045317370493
RPS6KA5,3,0.025901742720372947
ZIC1,3,0.13556637125552062
RPS6KB2,3,0.0051803485440745905
DNAAF3,3,0.012713438718583056
TSN,3,0.054763684608788527
ARHGAP44,3,0.012755096026573156
OTUB2,3,0.0743750040970709
DIO3OS,3,0.039572106933903124
TSPAN33,3,0.041753609265241194
ARID5A,3,0.009396216267526031
OTOP2,3,0.047854464805879356
ZFP90,3,0.2708310420586376
DHRS11,3,0.029843625272878618
ARID3A,3,0.034086693420010805
DHRS3,3,0.31237905888530765
ARHGEF5,3,0.018686257248269056
DHRS4,3,0.0027751867200399593
ARHGEF26,3,0.33739207906114477
DHRS7,3,0.07104478003302295
ARHGEF10L,3,0.18501244800266392
DHRS9,3,0.33077197171672185
DHX15,3,0.006660448128095901
TSPAN13,3,0.19371055670327822
OSCAR,3,0.031873440161930465
OSBPL8,3,0.18345646449498734
CNOT3,3,0.18501244800266392
CNNM4,3,0.038874815574319745
NUDT15,3,0.059514773440698936
CBS,3,0.03855885706976969
CAST,3,0.25528733667250664
BMPR2,3,0.017761195008255737
CATSPER3,3,0.02972784665678396
BMPER,3,0.2647328128656651
RIC8B,3,0.28723610599783395
PLEKHO1,3,0.004218109969063808
CBLB,3,0.29263528573163433
CBR3,3,0.02033907425291188
PLEKHH2,3,0.3138082848455547
CAPN2,3,0.016096082976231767
BMAL2,3,0.027450362227065244
BLTP3A,3,0.27218361150774145
PLEKHF1,3,0.021899163305321104
RIMBP3C,3,0.037944241094973095
RFX8,3,0.27775067067892983
CCDC102B,3,0.2630061897879776
CCDC122,3,0.4514817509268614
VTRNA1-1,3,0.004974779157404964
CASS4,3,0.030489980338099326
CASQ2,3,0.06267435435426244
BMX,3,0.08393027498041752
CASP14,3,0.04292288793661803
BRINP1,3,0.23109816101647293
PLSCR4,3,0.09191362827957794
BRD9,3,0.0759527491397603
BRD7,3,0.3722095996461882
RGMB,3,0.16314157187297929
XKR6,3,0.274798427439969
CARD10,3,0.005550373440079919
PLPP4,3,0.35643756796275855
CARD6,3,0.016599457971462284
BPGM,3,0.03366486503856473
XKR9,3,0.027887568450245905
RHPN1,3,0.03965926835385104
XPC,3,0.37002489600532784
BNIP2,3,0.18404895958988002
PLK2,3,0.11171225823563065
CASD1,3,0.029964713635729702
PPFIBP1,3,0.18501244800266392
VTA1,3,0.02191975045839018
RIMS2,3,0.24895672162738303
BLID,3,0.3213982031132855
BDH2,3,0.008880597504127868
CCKAR,3,0.046536058652822364
CCL15,3,0.008563850522668445
PLA2G5,3,0.0018501244800266394
CCL23,3,0.007400497920106558
CCL4L2,3,0.02496374883359254
BCL7C,3,0.054452863696144056
PLA2G2C,3,0.2745233770097854
CCNJL,3,0.2723405074542921
VHLL,3,0.032858210765273115
RIPOR2,3,0.16449798127844314
PLA1A,3,0.01940364664482173
YBX3,3,0.03648445474612533
RIPOR3,3,0.021809701175223427
PKN2,3,0.04227382139071155
CCZ1,3,0.019809001415021017
CD164,3,0.1161236323174579
PPP1R1B,3,0.008880597504127868
CCDC88A,3,0.014040389109535496
CCDC66,3,0.2848463586430365
CCDC158,3,0.31237905888530765
PLAGL1,3,0.004440298752063934
BICC1,3,0.03917638586456409
VSTM2A,3,0.01676418198852623
PPM1H,3,0.32932475466538635
VSIG2,3,0.03442898829662786
RIMS4,3,0.2810365209106704
BFAR,3,0.030059162283469044
VPS54,3,0.1076161439750164
PLCB3,3,0.028306904544407582
VPS45,3,0.008991004116602086
BEX1,3,0.009280786639961099
PLCB1,3,0.24752918692975076
BEST4,3,0.024022513546771394
CCDC3,3,0.02743459043091937
PPP1R12C,3,0.010006352342148658
CCDC6,3,0.2775186720039959
PPP1R13B,3,0.00487199446407015
PLAGL2,3,0.03543358404147019
BRPF3,3,0.24000908036585966
CAPN14,3,0.03704216746118237
CD300A,3,0.005735385888082583
C6orf47,3,0.005920398336085247
WFS1,3,0.007770522816111886
RGS14,3,0.3441109787029075
C3orf85,3,0.05752993909863969
C11orf96,3,0.004880910116190717
RGS7,3,0.3703414432989859
POLB,3,0.0346491312619389
RGSL1,3,0.3248052025722732
PON3,3,0.01475961282102001
C7orf33,3,0.34757854450481773
PLXDC1,3,0.030428038301921752
POPDC3,3,0.042485999369152996
RHBDD3,3,0.0014800995840213117
C8G,3,0.006613938093473074
PORCN,3,0.04882293490342299
BZW2,3,0.026074426795401263
CA11,3,0.007770522816111886
BUB1B-PAK6,3,0.04120597241915331
RHBDL2,3,0.3493851221236115
C2orf74,3,0.3242287292035353
C2CD4D,3,0.03656900649057708
C2CD4A,3,0.03547900270020752
WNT9A,3,0.002590174272037295
C19orf33,3,0.011727533408819333
WNT5B,3,0.00576375446344299
WNT6,3,0.011080189941492874
C1GALT1C1,3,0.017280779351608818
C1QB,3,0.01398191214555412
C1QC,3,0.006736883742135546
C1QTNF4,3,0.0218006334563139
C1QTNF6,3,0.033058024209115994
WNT7B,3,0.09163788787443987
C1QTNF7,3,0.35089548981516105
C1R,3,0.018589723072637877
C1S,3,0.035378605536413144
POLR2E,3,0.048560080551867814
POLR3E,3,0.046562044735666275
C1orf210,3,0.010871918448485268
POM121,3,0.08441005691452448
C1orf53,3,0.030915913165379304
CA3,3,0.04551306220865533
WDSUB1,3,0.3798808476983695
CA6,3,0.049583336064713934
CACYBP,3,0.004234729365394308
CADPS,3,0.012092793412669799
CALB1,3,0.011840796672170494
CALCOCO2,3,0.009801330201140313
CALHM3,3,0.02581703907563055
PMEPA1,3,0.00599232656004874
CALHM6-AS1,3,0.006236321380044874
CALN1,3,0.28633980462406844
RHOD,3,0.004440298752063934
CAMK2N1,3,0.04254546254269259
CAMK4,3,0.025901742720372947
PLXNC1,3,0.029651935024796187
WWP2,3,0.0077499658774449216
BRSK2,3,0.2552855022999625
PLXNA3,3,0.007400497920106558
CAPN1,3,0.004440298752063934
PLXNA1,3,0.1212093276738453
PLXDC2,3,0.14550292889352
PMM2,3,0.043107900384620694
WDR48,3,0.07560842041708865
BTN3A3,3,0.013948776995041668
CACNG3,3,0.37002489600532784
CA7,3,0.019947023018312898
BTN3A2,3,0.007400497920106558
BTN2A1,3,0.09250622400133196
WDR87,3,0.12127022346635503
PNN,3,0.03087487732268456
BTN1A1,3,0.009620647296138525
BTG2,3,0.18501244800266392
CABP5,3,0.05166287598026388
PNMA2,3,0.27216011130980783
BTC,3,0.13728974142058334
CACNA1F,3,0.37002489600532784
CACNA2D1,3,0.37002489600532784
BTBD3,3,0.3117002934874468
CACNA2D4,3,0.37002489600532784
CACNB2,3,0.37002489600532784
CACNB4,3,0.37002489600532784
WDR6,3,0.02246407373791447
VEGFD,3,0.00980565974414119
CD300E,3,0.05116625356233107
PDE8A,3,0.2775186720039959
CIMAP1B,3,0.006393507877135651
UPK3A,3,0.03791568305388113
CHSY3,3,0.2581471010458539
PPP5C,3,0.41238031643775347
PPP6C,3,0.18501244800266392
PPRC1,3,0.0051803485440745905
B4GALNT2,3,0.04398099969231431
CIBAR1,3,0.006660448128095901
CILP2,3,0.00670611491199239
B3GNT7,3,0.02162589947764472
URI1,3,0.007400497920106558
UPF1,3,0.14221885992570232
PRAC1,3,0.015639485221758197
RNF146,3,0.04619753840420579
B3GALNT1,3,0.004440298752063934
CIRBP,3,0.03921523847864465
AZU1,3,0.0057508035920828034
AZI2,3,0.031529311435248376
CKM,3,0.002220149376031967
CHST2,3,0.025927954633302448
BAALC,3,0.10534250623369834
BABAM2,3,0.06846806583050989
CHST1,3,0.3213820587050669
URAD,3,0.041149582706839646
CHLSN,3,0.4043497115035536
PGM1,3,0.004995336096071927
CHMP5,3,0.011840796672170494
CHN2,3,0.28287524108659634
BAG6,3,0.012580846464181148
UQCRC1,3,0.009428234350215755
PGD,3,0.0743750040970709
CHRDL1,3,0.011830244140735831
CHRM1,3,0.5848022515243623
CHRM2,3,0.46253112000665986
PGAP1,3,0.14717322068664532
PGAM5,3,0.07400497920106557
UQCR10,3,0.09967045953476032
CHRNA5,3,0.008565246137221457
BAG1,3,0.007770522816111886
CHRNB4,3,0.2961378045545769
PELATON,3,0.047318420049312276
CLASP1,3,0.042049248426764115
CLDN10,3,0.00713457416404889
CLRN1,3,0.050025531014341984
PDLIM4,3,0.24141143463476714
RNF216,3,0.19242010680591312
PDK2,3,0.0359080381859037
CMBL,3,0.009250622400133196
PDIA5,3,0.03126009562775036
CMIP,3,0.021173424461518934
CMTM2,3,0.048989186686276096
CMTM4,3,0.033627862548964195
RNF24,3,0.23041716252936065
CMTM7,3,0.06908401249789432
UGT2B17,3,0.017992792104436318
UGT1A6,3,0.2897775269801169
RNF31,3,0.03389839186182143
CNN1,3,0.01235893714832057
UGT1A5,3,0.019202939613700083
ATXN2,3,0.036019273356242595
PDE8B,3,0.2775186720039959
CLRN3,3,0.027987889295646724
CLPTM1L,3,0.011840796672170494
CLDN12,3,0.0036358760634301966
PDP1,3,0.015890513589562137
PEAK1,3,0.09221460460028195
UNC45A,3,0.01831623235226373
PDZRN4,3,0.19237619336615533
PDZRN3,3,0.28048529523497656
AUTS2,3,0.011097366586564954
CLEC2D,3,0.034893347693302414
CLEC4C,3,0.032340175910865666
CLEC4M,3,0.04802923150149156
CLEC6A,3,0.059231825426865385
AUH,3,0.280812241556606
CLIC4,3,0.021461443968309016
CLIC5,3,0.028645892477268696
CLIP2,3,0.003700248960053279
ATXN7,3,0.25185795696482993
ULK4,3,0.32355310115822794
CLK1,3,0.031141295247808395
PDS5B,3,0.24741706999714613
CHDH,3,0.029416979232423562
CHD7,3,0.00919923005346579
CD300LB,3,0.03774253939254344
CDYL2,3,0.4686870045480339
CDK7,3,0.0743750040970709
CDKL1,3,0.0051803485440745905
CDKN2C,3,0.1887126969627172
UTS2,3,0.041390152134169016
CDS2,3,0.030937435711749582
PIK3C3,3,0.008860040565460907
PIK3C2G,3,0.026556015926150745
UTP25,3,0.007400497920106558
UTP23,3,0.2696539356706584
PGR-AS1,3,0.010340140149482216
PIGZ,3,0.017272781658597455
CEACAM4,3,0.023069642248340922
PIGV,3,0.032118160973262457
YIPF2,3,0.14881264867447164
CENPF,3,0.00432723558939564
RFLNA,3,0.29295949720815573
PIGF,3,0.004440298752063934
USP5,3,0.07400497920106557
PIK3R4,3,0.009291736277467122
PILRA,3,0.029141678856940814
CDHR2,3,0.01991540445269605
VAMP3,3,0.14435990178968386
VEGFB,3,0.008325560160119878
CD5L,3,0.02134838080564072
RIT1,3,0.07345080474479958
BCL2L12,3,0.09250622400133196
RLBP1,3,0.034441917320175916
CDC25A,3,0.002383392668416074
PIWIL2,3,0.04046777275162268
CDC42SE2,3,0.27274884061289234
BCKDHB,3,0.3588447223861168
PITPNC1,3,0.015083886484382757
VAT1,3,0.006660448128095901
RLN1,3,0.0561072606809045
PIPOX,3,0.007400497920106558
PIP5K1B,3,0.1867001782623814
CDH4,3,0.292357283580185
PIM3,3,0.12120307924883617
VAMP5,3,0.03983787233071407
BCAM,3,0.03794235283638632
CEP170,3,0.12813232064559846
PIAS1,3,0.018727371125602982
BARX1,3,0.03537438005810934
PHF11,3,0.041442788352596724
PHF10,3,0.28594973631292847
USP10,3,0.026657210216383835
PHC2,3,0.03164452910637564
CFHR5,3,0.026520521868489955
CFL1,3,0.03445564358981868
USH2A,3,0.3854818630997374
CGB3,3,0.007400497920106557
CGB8,3,0.007400497920106557
CGNL1,3,0.2953633819477457
CHAC2,3,0.0020559382879712746
CHAF1A,3,0.01554104563222377
CHCHD2,3,0.04027972782708325
BANF2,3,0.14071811367264803
CHD1,3,0.029474317711257983
PPP3CA,3,0.17344334742904152
YTHDC1,3,0.0723398671690416
CFAP73,3,0.029313679898092825
USP18,3,0.03444931781809602
USP42,3,0.2743960964362477
RNASE6,3,0.034212501884652614
USP4,3,0.029030287087569523
BBS12,3,0.03411055410724545
CEP76,3,0.13619043288806978
PHYH,3,0.010049876175504704
CEP89,3,0.18501244800266392
CEPT1,3,0.09808231327818388
CERK,3,0.016281095424234424
CERKL,3,0.25157910725798643
PHOX2A,3,0.052044001623149365
BBOX1,3,0.29205794669619894
YOD1,3,0.0743750040970709
CERS4,3,0.05735385888082582
CERS6,3,0.23224857431572443
PHLDA3,3,0.008698054582307465
CFAP144,3,0.11773554506173475
REV3L,3,0.4140507891141714
PPP2R3A,3,0.24393728836995981
RYR3,3,0.49356980121140437
ARF4,3,0.07329056267114882
NUDT12,3,0.1722141007185708
EXOC3L2,3,0.03057145690796019
TDRKH,3,0.2778188212546068
TDRG1,3,0.009620647296138525
N4BP3,3,0.05679882153681783
EYA4,3,0.41482960977603633
ACYP2,3,0.006475435680093237
TDRD12,3,0.02011916510600997
ACY3,3,0.034375312838894966
F8,3,0.0338572779844875
ZNF763,3,0.03419646747249239
TDP2,3,0.025469817262426336
FABP7,3,0.11671049368656598
RAB27B,3,0.07252487961704426
MYSM1,3,0.021217241256604756
MYRIP,3,0.2134123146962186
TDG,3,0.033302240640479513
ACVR1C,3,0.013176524396673476
FAM114A1,3,0.045659270159971586
ADAM11,3,0.017709802661588333
TEAD2,3,0.007400497920106558
ACTRT1,3,0.019742636606500077
SDK2,3,0.24583222725701867
SDHC,3,0.717207536680928
RAB19,3,0.05671448451570633
NAGS,3,0.02013657353395572
ADAM8,3,0.014800995840213115
ETHE1,3,0.025906200545622846
NAGK,3,0.11236422104867218
RAB20,3,0.08854007002135733
ETV7,3,0.3390751219706321
ADAM28,3,0.21339489108625587
EVA1A,3,0.03556772376015348
TECR,3,0.04661758652323124
NACA,3,0.18501244800266392
SDK1,3,0.40830104245762844
ADAM23,3,0.05166287598026388
ADAM22,3,0.03713023939850339
ADAM15,3,0.03275170906406307
EVX2,3,0.05992923215702291
FAM114A2,3,0.23986900157185523
TCOF1,3,0.011100746880159837
ESPN,3,0.10286733907967861
FAM227B,3,0.2217806760644879
SEC16B,3,0.4011538451194994
FAM241A,3,0.004690334674646969
RAB3C,3,0.02816638204935337
TBXA2R,3,0.03271760130479109
FAM66D,3,0.017021145216245082
RASAL3,3,0.05402363481677787
MYL2,3,0.3291499761456231
TBX22,3,0.003700248960053279
MYL12A,3,0.054440295394326155
SEC61A1,3,0.03356125806768324
TBX15,3,0.2381649309796096
FANCB,3,0.009620647296138525
FANCC,3,0.2775186720039959
FANCF,3,0.2775186720039959
FANCI,3,0.49863388070053577
ACTL6A,3,0.26904063011377144
RAB3GAP2,3,0.027975097278205744
TCAP,3,0.003700248960053279
MYO16,3,0.31425911051068944
MYOM1,3,0.02401689144182645
MYO18B,3,0.30541146753723064
FAM13A,3,0.19254363799502852
RAB31,3,0.022663300439077168
MYOF,3,0.04106536295867129
TCHH,3,0.004501969568064822
MYOC,3,0.02124682952862592
RAB32,3,0.033836721045820535
TCFL5,3,0.012395834016178484
FAM180A,3,0.22710771323096168
RASGRF1,3,0.007400497920106558
ACTR10,3,0.021921207480204312
MYO1G,3,0.03153352163757404
ACTN4,3,0.0356629994769935
TCERG1L,3,0.24201530429085444
MYO1E,3,0.05066750901000954
FAM20C,3,0.21293960554136943
SEC16A,3,0.30225027216122363
TCEA3,3,0.010153483146386196
ESRRG,3,0.023207961477454166
ADAMTS12,3,0.02434073367561823
ADIPOR2,3,0.052248548173215004
THRAP3,3,0.18501244800266392
RAX,3,0.02390673811479647
NCOA7,3,0.00905832913375502
ADGRE3,3,0.006572946268395617
THEMIS2,3,0.00859815841715998
NCKAP5,3,0.34061893920771535
ADGRB1,3,0.250704161647695
THADA,3,0.3866723525453505
TGM6,3,0.3010495494900744
TGM4,3,0.006475435680093237
TGIF2,3,0.054452863696144056
ENSG00000284779,3,0.07043377986234131
ZNF703,3,0.2305468250647667
ADD3,3,0.03353929403699482
ADD2,3,0.08696718671477703
ADCYAP1R1,3,0.38584777796832515
QRFPR,3,0.31794321153369176
ADCY6,3,0.007400497920106558
THRA,3,0.03448632030769656
THRIL,3,0.027381842304394263
ADCY5,3,0.007400497920106558
NCS1,3,0.008671977047758411
ADIPOR1,3,0.06861906127032136
SCOC,3,0.1755779712291001
NDUFA7,3,0.09250622400133196
PXN,3,0.008140547712117212
TINAGL1,3,0.04514303731265
TINAG,3,0.0965003770608606
TIMP4,3,0.01996181872568008
ADGRL3,3,0.17318811359829026
NDUFA10,3,0.09250622400133196
PYGB,3,0.009428234350215755
ADGRG6,3,0.3090071742501791
TIGD2,3,0.3020834257031373
TIAM2,3,0.30829637624300643
NDE1,3,0.4926370556986673
TIAM1,3,0.018033150720938838
ADGRF5,3,0.02015269703572989
NDC80,3,0.2130738123306954
TFIP11,3,0.02092260488598374
TFG,3,0.09250622400133196
SDHAF2,3,0.2775186720039959
EPB41L4A,3,0.1832299134550671
NBEAL1,3,0.031048291247591273
EPG5,3,0.27868146638938096
EPHA5,3,0.3521683396609436
SDCBP,3,0.042804676330010664
ADAMTS9,3,0.2780110280557471
TEX11,3,0.036610774036919105
ADAMTS5,3,0.018656075109780155
RAB10,3,0.008880597504127868
EPSTI1,3,0.1213702314035706
TESC,3,0.009191099391749157
TES,3,0.04941682486151154
ERCC8,3,0.002220149376031967
TEP1,3,0.03002504012832529
NARS1,3,0.014595426453543487
NAPEPLD,3,0.013147237034099146
ERP44,3,0.07388916292177923
NAP1L2,3,0.020721394176298362
EPB41L4B,3,0.010336517487690381
EPB41L3,3,0.33397919909550444
ENSG00000288534,3,0.021461443968309016
EFNA3,3,0.010876839806824192
ADCY3,3,0.43115518448217716
TFEC,3,0.17462457996370362
TFE3,3,0.2775186720039959
TFDP3,3,0.006660448128095901
TFDP2,3,0.010237355456147405
ADCY1,3,0.035737004456194564
NCAPD3,3,0.0185526371469338
TFCP2L1,3,0.27352731995518276
TFAP4,3,0.011100746880159837
TFAP2B,3,0.34134796656491495
ENSG00000293563,3,0.09227637570864028
ENTPD2,3,0.009620647296138525
ADAMTSL3,3,0.08557651797732262
ENTPD5,3,0.017243301807236783
ENTPD7,3,0.11646018471360696
ENTREP2,3,0.040445745606884624
TEX48,3,0.21256248363408783
MYEOV,3,0.04127763861840767
FARS2,3,0.4008723131783955
MYCL,3,0.37002489600532784
FTMT,3,0.22437343053055342
TAB2,3,0.3000335269634227
SENP2,3,0.03422730288049283
MT-TL1,3,0.02429309402857294
SENP7,3,0.02775186720039959
SEPHS1,3,0.30589416769880523
RAPGEF4,3,0.03629944229812267
MT-RNR2,3,0.004810323648069262
FXYD3,3,0.07935537765610158
MT-ND6,3,0.1041620082254998
G0S2,3,0.036554581577321554
G2E3,3,0.24452344397258838
MT-ND2,3,0.09250622400133196
GAB3,3,0.011635227285500864
RAPGEF1,3,0.2477780695514116
ABCB5,3,0.400876712770098
GABARAPL1,3,0.011100746880159837
GABBR1,3,0.022566379421658258
FTX,3,0.010360697088149181
RADIL,3,0.34943829186573455
GABRB1,3,0.27017722291860496
ABCG1,3,0.035011755660024124
FOXL2,3,0.2775186720039959
MTAP,3,0.06262938605092844
FOXN3,3,0.27938381431249826
ABITRAM,3,0.04065261789238813
FOXP4,3,0.32273583735946576
FPGT,3,0.1820521876976
ABI2,3,0.019742636606500077
FREM2,3,0.04086554951482841
FRG1,3,0.17791478609793487
ZPLD1,3,0.19647085696114225
MT1JP,3,0.007770522816111886
MT1IP,3,0.007770522816111886
FRMPD2,3,0.33397630714536897
SEMA7A,3,0.015977354069549237
RAD23B,3,0.028491916992410247
ABHD12B,3,0.17248779475380155
RAPGEFL1,3,0.022482712681283722
GABRA1,3,0.07400497920106557
GABRB3,3,0.2821083375858071
TBKBP1,3,0.04319782409879752
GATD3,3,0.07793219061633568
MS4A4A,3,0.004198293126035269
AADAC,3,0.05947519907203881
MS4A12,3,0.03529474683883988
GCKR,3,0.3546243063849444
GCLC,3,0.01850124480026639
MS4A10,3,0.2134485072834956
GCNT4,3,0.03301362122159535
SYCN,3,0.007400497920106558
GCSH,3,0.02089622778444361
SYBU,3,0.02011916510600997
MRPS31,3,0.2964893653853671
SERPINA5,3,0.009189447453414636
GEMIN2,3,0.021294653638875016
RAP1B,3,0.1898130715962389
GFER,3,0.04292288793661803
GFI1,3,0.030541854916279764
SERPINA9,3,0.022632396064663236
MS4A8,3,0.26372872281620197
AADAT,3,0.011655784224167829
MSTN,3,0.04261453385661359
SYN3,3,0.041116910230589186
ABCA3,3,0.02586018531536764
ABCA13,3,0.2960207813681997
GABRG3,3,0.35674575909157535
GABRQ,3,0.07400497920106557
GADD45G,3,0.1279769886114008
SYNPR,3,0.40091853892999846
GALNT12,3,0.01881356328453808
GALNT2,3,0.005242019360075478
MSMP,3,0.07508421848108111
RAP2A,3,0.12693138454441683
GALNTL6,3,0.07065333388927339
RAMP1,3,0.011072583874186097
GALR2,3,0.055113152566126894
GAS1,3,0.02750430686493848
GAS7,3,0.09807668443762661
AANAT,3,0.03699735036586605
SERBP1,3,0.27012742227139513
ABLIM2,3,0.02688394370429077
FOXK2,3,0.004255286304061271
FOXK1,3,0.16965321602009528
MUS81,3,0.03093408130604541
ACMSD,3,0.2880846406415546
SELENOK,3,0.03332444213423983
FCRL3,3,0.29527189696784023
FDX1,3,0.036787358116227145
FEN1,3,0.06968358295688203
TAS1R2,3,0.012395834016178484
ACKR1,3,0.008932234829573955
MUC20,3,0.06632326235999496
RAB8B,3,0.27580376973481757
TARM1,3,0.03861579814711602
FGB,3,0.07400497920106557
FGD2,3,0.18662728581817026
MUC15,3,0.018721015519562866
ACER3,3,0.07506119470977411
FGGY,3,0.24191650249752472
FHL1,3,0.0035456478181702046
FHL2,3,0.28274406639136995
TAS2R62P,3,0.01515046379755148
RAB7B,3,0.06278089068890395
RAD18,3,0.3247883744527776
TBC1D14,3,0.2838394504288115
FBH1,3,0.0235815134740825
MYCBP2,3,0.36457427251173247
TBCEL,3,0.2299601346234779
FBN2,3,0.32103248374568844
FBP1,3,0.009990672192143854
MYCBP,3,0.07844163653995091
FBXL18,3,0.10247429331620327
RASA2,3,0.3089829089777505
MYBL2,3,0.009990672192143854
ACOX1,3,0.021675260106744164
ACOT8,3,0.031529311435248376
MYBL1,3,0.030867476824764453
MXRA8,3,0.27170785988182
MXRA5,3,0.02011976672288615
ACOT7,3,0.009990672192143854
ACOT13,3,0.020108894273902993
FBXO38,3,0.259585366311866
FHL3,3,0.04487866210773857
TAOK1,3,0.004255286304061271
FHOD3,3,0.2397160328904488
SELENOW,3,0.05450535272785466
ACADM,3,0.049415385875804844
FMNL2,3,0.25901742720372944
SEMA3C,3,0.03124490221868988
TAF4,3,0.07850867470635255
FMO3,3,0.011836897461959706
FMOD,3,0.05328358502476721
FMR1,3,0.025161692928362296
FNDC3A,3,0.008140547712117212
FNDC3B,3,0.10519994140483886
FOXA3,3,0.0570091530484998
FOXD1,3,0.14283763287538845
FOXE1,3,0.009990672192143854
SEMA5A,3,0.13638427741205517
MTCL1,3,0.007140578336284007
FOXH1,3,0.03424950437425315
SEMA5B,3,0.3270292050804
RAPSN,3,0.008140547712117212
MTHFD2,3,0.032902613752793755
SEMA3B,3,0.003700248960053279
FLVCR2,3,0.0218636661167096
MTMR11,3,0.01301883143595178
RABEP2,3,0.03569198476051392
ACCS,3,0.3480824397159799
ZNG1A,3,0.043587082624947586
FKBP1A,3,0.35819437780249086
MTMR3,3,0.31480018164278195
FKBP5,3,0.298394878970026
FKBP9,3,0.09250622400133196
FLAD1,3,0.008140547712117212
FLVCR1,3,0.03139291217709202
ZNG1B,3,0.043587082624947586
ZNG1C,3,0.043587082624947586
FLII,3,0.06549440659294303
ACAP1,3,0.002220149376031967
FLNC,3,0.031614927114695206
ACAN,3,0.019015757414057463
ZNG1F,3,0.043587082624947586
TK1,3,0.2944189561221592
NBPF3,3,0.17988677483487314
ADK,3,0.25591654954418547
SAP30,3,0.024599305930733586
TMTC3,3,0.031230101222849672
AMIGO2,3,0.19908455490964203
AMER1,3,0.2775186720039959
NOL3,3,0.010175684640146518
TMPRSS4,3,0.008572243424123428
SCNN1G,3,0.03368277597605448
AMELY,3,0.07953845659026168
AMBRA1,3,0.025028072827027036
NMNAT3,3,0.040983957481550114
NMI,3,0.09309908989931642
TMF1,3,0.023901713660652035
AMBP,3,0.008140547712117212
ALPK2,3,0.021574575443959767
NME6,3,0.003700248960053279
TMEM92,3,0.01925655718938993
AMPD1,3,0.02630197430124537
NOS1AP,3,0.1686886758498429
TMEM200A,3,0.16804527045536533
PTER,3,0.030344245073882715
NPHS1,3,0.03800155681974718
TNS1,3,0.035196768108026785
AMZ1,3,0.27096534301262615
ZNF436,3,0.03419646747249239
TNNI2,3,0.03287985795643644
TNNC2,3,0.0235616875601198
TNN,3,0.040628733581384996
AMTN,3,0.05161107249482313
SAMHD1,3,0.014800995840213115
NOXO1,3,0.03597580669176022
NOXA1,3,0.026819126221089284
SAMM50,3,0.034441917320175916
TNFRSF19,3,0.24496243623663946
AMPD3,3,0.022558144060310658
TNFRSF10C,3,0.21384113399812374
ALPG,3,0.018686257248269056
ALMS1,3,0.04484010961379575
NME2,3,0.017576182560253076
ALKBH5,3,0.018076127308633606
TMEM268,3,0.025633887910275956
AKR1A1,3,0.007400497920106558
AKAP19,3,0.01148827730548382
PTPN23,3,0.03822353205163574
RBM24,3,0.03583136027843879
RBM17,3,0.2571173450434513
SCARA5,3,0.042069980551325756
ZNF569,3,0.03419646747249239
NID1,3,0.020180061903708853
NICN1,3,0.2705874773861501
TMEM229A,3,0.33080481313851023
RBM15,3,0.18501244800266392
SCARNA5,3,0.0014800995840213117
SCART1,3,0.01243751694044845
NHERF2,3,0.04230411145442363
SBK1,3,0.044205477365331446
AKR1C2,3,0.40283739117035106
AKR7A3,3,0.274377945004603
TMEM50B,3,0.3324571117154364
TMEM72,3,0.3486122442762607
TMEM71,3,0.07750184919913684
PTGFRN,3,0.003700248960053279
ALDOA,3,0.048103236480692625
ALDH9A1,3,0.03598283954445245
SATB2-AS1,3,0.03083744445773502
TMEM45A,3,0.013794946823369606
NKX3-2,3,0.05165577921335926
ALDH1L2,3,0.191850967456171
ALDH1A3,3,0.3311040140154142
PTMA,3,0.00949820748015409
NLRC3,3,0.03672830051422706
NLK,3,0.02002245826162163
RBM38,3,0.07874459369352807
NPHS2,3,0.052966597030522644
ZNF415,3,0.0021694070029354613
ANGPTL3,3,0.2672489901584409
EMILIN1,3,0.008140547712117212
EIF4H,3,0.02550086578858244
EIF5A,3,0.008880597504127868
NSUN7,3,0.019296532243892994
NSUN6,3,0.2243420349498168
NSMF,3,0.025445337984236406
NSMCE1,3,0.3306461039014322
ELFN1,3,0.030045198583396077
ANO5,3,0.0061939366299090266
ELL2,3,0.06115318298174979
ANO3,3,0.022685337539281134
RBPMS,3,0.030582828087769538
ELOVL5,3,0.015781696832752278
NRXN3,3,0.25225756939681304
ELP6,3,0.3170710385514442
EMB,3,0.02588376754658899
EIF4E3,3,0.2732126804365396
NT5C2,3,0.2775186720039959
EIF4B,3,0.006660448128095901
NUAK1,3,0.1909599862358352
NUDCD3,3,0.04193862171324386
EFNB1,3,0.0532965358961274
NUCKS1,3,0.02090640662430103
AOX1,3,0.03458572649215732
NUBP1,3,0.04017545308377847
NUB1,3,0.2791229233223097
ANXA9,3,0.020721394176298362
PSMA5,3,0.007400497920106558
PSMA1,3,0.15384507933840896
ANXA6,3,0.04178255844699299
ANXA13,3,0.3442407101608213
EIF2S2,3,0.004070273856058606
EIF2S3,3,0.004070273856058606
NTHL1,3,0.18501244800266392
S1PR5,3,0.568386739820829
PSMC6,3,0.0051803485440745905
NPIPB9,3,0.021179644028619545
TRAFD1,3,0.04107306670582324
ZNF385D,3,0.44289869567896917
NPY4R2,3,0.011840796672170494
PSORS1C1,3,0.19443142071127967
TPBG,3,0.025901742720372947
NPY2R,3,0.22911373590223374
NPVF,3,0.3022342832881309
SAMD11,3,0.004070273856058606
ANK2,3,0.27006877748798896
TOR3A,3,0.07184919453698328
TOR1A,3,0.03049005143083902
NPR2,3,0.02267450891904648
PSTPIP2,3,0.31876430466698524
SAMD12,3,0.2963385527255956
TOMM40,3,0.003700248960053279
ANGPTL6,3,0.12276342546170949
ZNF385A,3,0.03160752661677511
TPH2,3,0.07400497920106557
TPK1,3,0.006657157509073785
ZNF354A,3,0.030948882301885628
NRG3,3,0.39072059800518527
ENC1,3,0.2560753194330704
ENKUR,3,0.14665593107532426
ZNF335,3,0.03494515117874317
TRABD2A,3,0.2681582455727736
RBMXL1,3,0.02413956247804495
SACS,3,0.33075827666126806
NR1D2,3,0.005666413474957066
ANKRD22,3,0.031336609806699306
RBMX,3,0.0366768676920481
NR2E3,3,0.039297069307989894
TPPP3,3,0.011353886228503985
PSME2,3,0.07123760411771907
NR1H2,3,0.02215791305034571
SCD5,3,0.012375277077511519
POLR2M,3,0.18547300474094416
ZNF621,3,0.10230399407021962
PTPRN2,3,0.32842651794760286
AGBL2,3,0.01554104563222377
NDUFV2,3,0.161558195803817
PXDC1,3,0.026597137851183
TMEM161B,3,0.17435467942330019
TM9SF2,3,0.20113394086589884
TMEM163,3,0.2595649031443221
AGBL1,3,0.2971313462772013
TM9SF4,3,0.1646524359060629
AGRP,3,0.058424258677214555
PTTG2,3,0.2099742481105341
TMEM167A,3,0.30051450681920355
TLR10,3,0.011868535953490075
SCN1B,3,0.02248271268128372
TMEM171,3,0.11185020615629156
AHCYL2,3,0.024364459989518365
TMEM100,3,0.1213015184202303
NDUFV1,3,0.09250622400133196
SCN4A,3,0.007400497920106558
TLN1,3,0.047424857504682845
SCGB2A1,3,0.013249239212382462
RBKS,3,0.2398455410394375
TM4SF1,3,0.3146081696233876
ZNF608,3,0.276729884841186
TM4SF18,3,0.36350928743556526
PVT1,3,0.01651705182110707
TMC6,3,0.03758712893622121
NEU3,3,0.04440685876152255
RBL2,3,0.029303858440736467
SCLY,3,0.003700248960053279
AGR3,3,0.02917624014691067
SCIMP,3,0.03068246437676179
NFASC,3,0.012025809120173156
NDUFS5,3,0.14063480772673886
SCIN,3,0.024108192026822222
AFAP1L1,3,0.041154930642772064
NDUFS1,3,0.09250622400133196
PTPRM,3,0.3110903072385338
NFATC4,3,0.011840796672170494
NECAB1,3,0.12871136068852548
TMC5,3,0.16041683218299602
TMCC3,3,0.23545196826291548
SCFD1,3,0.06206622557663794
AIFM3,3,0.024379432971592552
NFKBIL1,3,0.009231504447172922
PTPRJ,3,0.009355430063873963
ZNF620,3,0.1121398906584692
AIFM2,3,0.019426307040279714
TLCD3B,3,0.0051803485440745905
SCN1A,3,0.040643534577225214
NDUFB5,3,0.09250622400133196
TMEM19,3,0.03564764182019349
ZNF629,3,0.03419646747249239
SCNN1A,3,0.030975091186933413
TLK1,3,0.24236435543917392
TLL2,3,0.2337231932713745
PPDPF,2,0.10297454941895554
RBM8A,2,0.003700248960053279
PPFIA1,2,0.3592860304464288
PRSS35,2,0.004831839910323464
SLC17A8,2,0.04204695165842778
PPCDC,2,0.1396415220461734
LIPM,2,0.02674407376447789
PUS7L,2,0.3594061982171653
RACGAP1,2,0.015983019813563468
SLC25A22,2,0.0017294248926927477
SLC29A1,2,0.0018501244800266394
LINC01752,2,0.015967803454357776
RAPGEF6,2,0.3642411948438123
RGPD2,2,0.006660448128095901
LNX2,2,0.19802673777428229
SLC25A24,2,0.12900649238057113
LNCMB3,2,0.021665612686725844
SLC38A4,2,0.03897751881199214
PRDM15,2,0.23139815588066642
RCN3,2,0.004625311200066598
PPARGC1A-AS1,2,0.019872274004300527
PSMD3,2,0.006660448128095901
PPP1CB,2,0.005365360992077254
LINC02732,2,0.02139338685028431
PSMD5,2,0.32181039279251733
LNCRMP,2,0.008995889205373926
LINC02934,2,0.0029761167492482234
PRSS22,2,0.03237785176262702
REPS1,2,0.04059515030541459
SLC18A2,2,0.008880597504127868
RGL3,2,0.040858149016908304
LINC01943,2,0.005826466268289377
PRAMEF9,2,0.04650657905442963
REPS2,2,0.054452863696144056
LXN,2,0.07030473024101229
PPIE,2,0.027713996763593606
PSME3,2,0.002220149376031967
PRC1,2,0.004255286304061271
LRIT2,2,0.009193525439433744
PRB1,2,0.004440298752063934
LRTM1,2,0.1912948062647516
SLC25A46,2,0.003700248960053279
PPIAL4G,2,0.023770964906523605
PRRT1,2,0.0025556260419308664
PRRG4,2,0.004843803764700175
SLC18A1,2,0.002562552115941
LSM1,2,0.0033181880198729532
SLC23A3,2,0.03400501671990054
LINC01954,2,0.017536454673023998
PPM1A,2,0.05254353523275655
PRKACB,2,0.004779998746437575
PRAMEF8,2,0.04650657905442963
RAVER1,2,0.11184101049769217
PPM1G,2,0.0985164100371603
LRRTM1,2,0.20145398390915065
SLC39A14,2,0.16862892830631254
LNCTSI,2,0.01474718866979124
PRRG2,2,0.04623831100482577
LRTM2,2,0.020487237488022156
PUSL1,2,0.27009375990595874
LSM14B,2,0.02597762926859733
RAD52,2,0.33839494359183925
PRAMEF11,2,0.04650657905442963
SLC41A1,2,0.021109891925822667
RGS11,2,0.013779727127238411
RAMP3,2,0.22240225037895733
PYDC2,2,0.17803629923602296
PREX2,2,0.2784437342440092
POMT1,2,0.002220149376031967
SLC17A3,2,0.04000114856450218
PRECSIT,2,0.0021380567224615
PON2,2,0.006475435680093237
PSD3,2,0.37167722292663535
SLC45A1,2,0.37940055155386565
PYROXD2,2,0.285676737016576
PSMA3,2,0.019626697246635034
POP7,2,0.042293497732840524
PYGL,2,0.02552264401235005
LTK,2,0.03443693276810109
PXDNL,2,0.2754197666043609
SLC44A5,2,0.29605284411881144
PYGO1,2,0.039538686808107334
RAP1GDS1,2,0.18501244800266392
LINC01615,2,0.02344477741089758
PYCR1,2,0.016307923546520182
LINC01612,2,0.010394337248272734
SLC25A34,2,0.030054766675561416
PSG7,2,0.03503449892042489
LLGL1,2,0.01661718878555845
LLGL2,2,0.2970580375410433
PXMP2,2,0.013054478331067966
SLC23A2,2,0.18884202514125362
RGS18,2,0.007158740368358707
SLC47A1,2,0.002590174272037295
LINC01559,2,0.012859267324987753
RCBTB2,2,0.04094695499194958
SLC45A3,2,0.09250622400133196
SLC25A37,2,0.005106274715429389
PRELP,2,0.03534477806642892
LINC01610,2,0.007556070411040773
POLR3G,2,0.02740172817921754
RGS16,2,0.08111244408251933
PSKH1,2,0.002220149376031967
RBBP8,2,0.007400497920106558
PYHIN1,2,0.002220149376031967
POTEM,2,0.008140547712117212
PSD,2,0.014615983392210452
SLC25A4,2,0.003700248960053279
RBPMS2,2,0.033762304927846126
RELL1,2,0.027316743970244337
RAPGEF3,2,0.013197554624190026
SLC43A3,2,0.18481753107423793
LINC02912,2,0.002412388589697602
LRFN5,2,0.0034455642438140054
SLC41A3,2,0.0674869906579317
RCC2,2,0.03196275051694022
PYROXD1,2,0.03537438005810934
LTB4R2,2,0.007400497920106558
RBP5,2,0.0020871752313557407
PSMC5,2,0.002590174272037295
PRIM1,2,0.011544637971650009
PRIM2,2,0.20717542135936043
RBP3,2,0.020731883369544853
RBP2,2,0.06377186410383014
LMX1B,2,0.026569166340632097
LINC01679,2,0.008566105864651686
PSMB2,2,0.005920398336085247
RALGPS1,2,0.030870540444680714
SLC17A6,2,0.025901742720372947
PRG3,2,0.002220149376031967
LRFN4,2,0.010934664145912461
LMO3,2,0.31410995117628715
RAP2B,2,0.2047492517123521
SLC44A3,2,0.0016738170549679158
LINC01644,2,0.003594562661877157
PWWP3B,2,0.001966504323080817
LMO4,2,0.4759675460475083
PRDM7,2,0.0134313025502186
PSAPL1,2,0.16778573586012957
PWWP2B,2,0.14306684937842562
PRXL2B,2,0.07102523734228486
LINC01645,2,0.02042892749963573
PWRN1,2,0.004027893827286078
PRX,2,0.0014800995840213117
RALA,2,0.018131219904261066
PRUNE2,2,0.008788900971792399
SLC43A2,2,0.0031272544881817215
LINC02967,2,0.013694944211851337
RBCK1,2,0.0318221410564582
PPP2R5C,2,0.23972176724309477
PTGES2,2,0.007400497920106558
RBM43,2,0.12380682400844502
RASGEF1B,2,0.2422364821320694
SLC27A5,2,0.004440298752063934
PTPRO,2,0.024429454773045086
PTGR1,2,0.0220151435518277
LRRC40,2,0.06737148116298311
SLC31A1,2,0.006660448128095901
RETSAT,2,0.007215485472103895
PRAMEF2,2,0.04650657905442963
RAB14,2,0.004440298752063934
LINC02541,2,0.002261557355432818
PRAMEF20,2,0.04650657905442963
RAB17,2,0.3462354488391223
RETREG3,2,0.03086402554463433
PRNCR1,2,0.007227098901375693
PPP3CC,2,0.024744685554810138
RAB30,2,0.02951801790298585
LPAR6,2,0.004440298752063934
LINC02345,2,0.03327230203216971
LPAR5,2,0.005550373440079919
RASL11A,2,0.02157750196158698
LINC02293,2,0.005480303608150889
PROK1,2,0.07452595726931209
PPP2R2A,2,0.337764733861384
PRODH2,2,0.11507851070802828
LINC02568,2,0.01721734912817696
PPP2R2B,2,0.05887259710641085
LINC02313,2,0.011153796929409255
PRODH,2,0.03223656893998417
PPP2R2C,2,0.009127676788132491
RASD2,2,0.0840661005179789
SLC27A6,2,0.004440298752063934
SLC22A13,2,0.021272382019716186
RAB3B,2,0.003700248960053279
RECQL5,2,0.007400497920106558
SLC22A15,2,0.03402008893872984
LINC02323,2,0.0067042091855756564
PRAMEF25,2,0.04650657905442963
LINC03141,2,0.0024943825164987364
RAB28,2,0.2721142817286085
LRRC66,2,0.11695815017681369
PRAG1,2,0.019122679392272787
PRAMEF17,2,0.04650657905442963
PRAMEF15,2,0.04650657905442963
LRRC31,2,0.009947668938659759
PTPRC-AS1,2,0.001997599733637914
LRRC28,2,0.0617092324877488
PRAMEF14,2,0.04650657905442963
PRAC2,2,0.07552355335819343
LRRC25,2,0.011100746880159837
RESF1,2,0.02822587216731724
PPP4C,2,0.030342041472436885
PRAMEF13,2,0.04650657905442963
RERGL,2,0.11608322442960609
LINC02532,2,0.005773319025958032
LRR1,2,0.08979430527624294
PRAMEF1,2,0.04650657905442963
PRAMEF12,2,0.04650657905442963
LINC02490,2,0.026307463014908643
RBM14,2,0.004234729365394308
LINC03040,2,0.021348257960572978
PTPRH,2,0.00293964222937566
LRRC32-AS1,2,0.004506211521641572
SLC34A1,2,0.045018051869648384
PTPN12,2,0.024570035920136412
REEP1,2,0.39904853896314896
PRAMEF19,2,0.04650657905442963
LINC03108,2,0.00481672466981976
LINC02441,2,0.015762110472069452
LPCAT4,2,0.005382894788533411
LPIN3,2,0.13969581092708885
LRRC4,2,0.008625147390461652
LINC03086,2,0.0019397450884160216
LINC03078,2,0.033656284060333025
PRAMEF18,2,0.04650657905442963
REEP4,2,0.021029275793431047
PTPN18,2,0.03195535001902011
RBM3,2,0.017021145216245082
PPP4R2,2,0.025194840508218665
RETREG1,2,0.028966387715733295
SLC22A17,2,0.004625311200066598
PTRHD1,2,0.16190751712836696
PROKR1,2,0.060350262590065165
SLC38A2,2,0.03271760130479109
PRAMEF4,2,0.04650657905442963
LRRN1,2,0.4784143304533474
SLC25A10,2,0.012455037999539334
RARRES1,2,0.01760268102582833
SLC37A4,2,0.007837811363322409
LRRK1,2,0.2756282120461041
LRRIQ3,2,0.13556637125552062
RBM46,2,0.09409569833398118
PTDSS1,2,0.030541854916279764
PRPS1L1,2,0.024518958828082745
PPP1R21,2,0.0029601991680426234
PRAMEF33,2,0.04650657905442963
PTDSS2,2,0.029051815722094657
PRAMEF27,2,0.04650657905442963
LINC02605,2,0.012620140248268165
LINC02177,2,0.02538263097189657
SLC37A3,2,0.02574442307132739
PRAMEF26,2,0.04650657905442963
QTMAN,2,0.03332596922631446
PRAMEF5,2,0.04650657905442963
SLC25A11,2,0.003515236512050615
RBFOX1,2,0.3945765806736851
PUM3,2,0.4006016966480072
RD3,2,0.026167882959028804
SLC25A16,2,0.002220149376031967
PRR5,2,0.3523624199290061
PPP1R14B,2,0.029580936571098435
PPP1R14C,2,0.005764925069979587
PPP1R14D,2,0.013187687293629886
PRR29,2,0.002655513824175701
PRAMEF7,2,0.04650657905442963
LINC02057,2,0.006585086495867306
PPP1R16B,2,0.043202091780478256
PRAMEF10,2,0.04650657905442963
PRAMEF6,2,0.04650657905442963
LRRN4,2,0.040077385128789986
LRRN3,2,0.11377800363833031
PTCH2,2,0.04183501474236238
LRRN2,2,0.028763163417964997
RASSF4,2,0.03062346083582298
LRRC9,2,0.039505182198633144
LINC02195,2,0.022917929702447982
LINC02577,2,0.026527769562387074
PROM2,2,0.039503857897528805
PTF1A,2,0.02464764817767919
LINS1,2,0.30019300813258776
PRKD3,2,0.07400497920106557
R3HDM1,2,0.35821204918699256
LRRC73,2,0.03526532591272682
RECQL,2,0.009474408317253628
PPP1R3G,2,0.018820414181809807
SLC1A4,2,0.007400497920106558
SLC25A48,2,0.25261704714210703
PPP1R26,2,0.14837435666309945
LRRC7,2,0.37207830328359043
SLC35G1,2,0.014693137235182674
LINC02970,2,0.005339890476563549
R3HDM4,2,0.004452135164618009
REXO2,2,0.045457447765960134
PROKR2,2,0.10630762045185982
PTTG1,2,0.004440298752063935
LINC03161,2,0.010580048970307426
SLC24A4,2,0.051633273988583445
RAB4A,2,0.18185624927872818
RAB5A,2,0.03267591832363829
SLC35G2,2,0.023307918687262917
RDX,2,0.002387790074097064
SLC30A1,2,0.24581350239010935
LIPE,2,0.008325560160119878
RARS1,2,0.01087873194255664
LOXL2-AS1,2,0.00433980595780355
PPP1R3A,2,0.05836833121815962
SLC1A3,2,0.019215454494479787
LINC02207,2,0.0043556451061635216
RFLNB,2,0.0033376088196502875
RECK,2,0.007400497920106558
LPXN,2,0.023936737322197338
PRPF19,2,0.008529046134524557
LRRC75A,2,0.011100746880159837
PRPF18,2,0.010049876175504704
LRP2,2,0.009997825738456121
PROSER2,2,0.27450451981166124
PRKCI,2,0.07400497920106557
SLC35F4,2,0.32199265698584884
MAT2B,2,0.13209089039281874
LY6D,2,0.03284401055687338
SH3BGRL2,2,0.3056709911048651
SCAMP3,2,0.17082464501725303
NIT1,2,0.026023967593629693
NIPSNAP3A,2,0.23500217446344765
MIR31,2,0.05291356012876189
SCAP,2,0.023909534986833084
SCAPER,2,0.22543985470868272
SCARA3,2,0.025172716058654305
NIPAL1,2,0.008907486080897567
NIFK,2,0.3493291210640146
NHSL1,2,0.004629916092382264
NGB,2,0.0014800995840213117
NFYA,2,0.03517456661426647
MIR3142HG,2,0.03035034434724239
SCFD2,2,0.03275558447191243
NFIB,2,0.2948187072798343
NFE4,2,0.02474546062646358
SH3BGRL3,2,0.05598976710346922
NKD2,2,0.019591105663625753
SC5D,2,0.003700248960053279
SBSN,2,0.037095167341737685
NLRP13,2,0.321018853630553
MIR181A1HG,2,0.002996071507547844
NMBR,2,0.020921121215797776
SH3RF1,2,0.019461554782682258
NLRP9,2,0.03446411881393623
NLRP8,2,0.25655266569424195
NLRP5,2,0.3419637751667318
MIR194-1,2,0.015170831661945097
SH3PXD2A-AS1,2,0.023570428353240223
MIR223HG,2,0.010500441168597914
MIR200C,2,0.013240744053083967
MIR200CHG,2,0.010372336214867398
SH3KBP1,2,0.006660448128095901
NKX6-3,2,0.03923743997240497
SH3GLB1,2,0.004515885511578841
NKX3-1,2,0.042776784769568775
MIR222,2,0.003700248960053279
MIR34AHG,2,0.010160866111083794
MIR375,2,0.0336352630468843
NME8,2,0.36026911781668153
SCG3,2,0.34626939179574584
NDUFS8,2,0.09250622400133196
SCN2B,2,0.004096254648505668
SGSH,2,0.4162780080059938
SGPP1,2,0.021461443968309016
NDUFS4,2,0.09250622400133196
NDUFS3,2,0.09250622400133196
NDUFS2,2,0.09250622400133196
NDUFB9,2,0.09306126134533996
NDUFB8,2,0.09250622400133196
NDUFB7,2,0.09250622400133196
NDUFB3,2,0.09250622400133196
SCNN1D,2,0.003700248960053279
NDUFAF4,2,0.09250622400133196
NDUFAF2,2,0.1705141408490757
NDUFAF1,2,0.09250622400133196
NDUFA6,2,0.09250622400133196
NDUFA12,2,0.2899777441082707
MIR451A,2,0.04942052511047158
SH2D1B,2,0.007400497920106558
MIR4435-2HG,2,0.008720308577272176
NEK8,2,0.036750872671249164
MIR3945,2,0.0026912840050807582
NEXN,2,0.013987367281340308
NEXMIF,2,0.012646588987474743
NETO2,2,0.015480623025449067
NETO1,2,0.336397769881339
NET1,2,0.004440298752063934
NELL2,2,0.2444629134693698
MIR3945HG,2,0.037592961392993854
NECTIN4,2,0.09807846894678204
NEK1,2,0.24923157402733429
NEIL3,2,0.39392919012467054
MIR429,2,0.02244817702432323
NEIL2,2,0.03973588237352079
SCN11A,2,0.021255874581639394
MIR4307HG,2,0.009956475387852807
NEDD1,2,0.1909599862358352
NME5,2,0.0025804252348210215
SAT2,2,0.0018860062382264138
RGS19,2,0.053524695718386764
SHISA2,2,0.3258702924106522
NUDT21,2,0.024791668032356967
NUBPL,2,0.04570008606906937
NUAK2,2,0.027916322709735295
S100A16,2,0.054452863696144056
NTNG1,2,0.2431069320516228
S100A2,2,0.00933001993465401
NTMT2,2,0.24434861789629478
NTF4,2,0.004995336096071927
NT5C3A,2,0.013690921152197132
NSL1,2,0.03629944229812267
NSG2,2,0.031356364863532285
SHISA6,2,0.39797657341539544
NSFL1C,2,0.007400497920106558
MICU2,2,0.03863075131503129
S100Z,2,0.27228567822091576
NRXN1,2,0.261537494338967
NRTN,2,0.003700248960053279
RYR1,2,0.0014800995840213117
NUDT6,2,0.003700248960053279
NUDT8,2,0.007733075862877283
RUBCN,2,0.02294154355233033
RTP4,2,0.0020282473097642446
MFN1,2,0.00849001566945558
MFN2,2,0.019948042143647225
OBSCN,2,0.04208663167164599
SHOX2,2,0.030467849937078698
OAS1,2,0.00795553526411455
OAF,2,0.0014800995840213117
MGA,2,0.004625311200066598
RYBP,2,0.0905459851735173
NXNL2,2,0.09928816568249613
NXN,2,0.29363310720243574
MGAT2,2,0.0359893292877835
NXF3,2,0.029482707892856373
RWDD3,2,0.07222656456529282
NUMBL,2,0.03064578104534978
NUMB,2,0.002220149376031967
NRON,2,0.002220149376031967
MIIP,2,0.044641248880594724
NNT,2,0.12590038653527816
MIMS2,2,0.0022438511142231256
NPHP4,2,0.18461209093956496
SAMD3,2,0.2964169410505758
SAMD4A,2,0.0218920711792722
NPFFR1,2,0.02495720397214966
NPC2,2,0.004985867318404309
NPBWR1,2,0.2597218218496373
NOVA1-DT,2,0.011669264724593346
NOTUM,2,0.02416374816831703
SAP130,2,0.0018501244800266394
SAPCD2,2,0.003682472330246819
SH3YL1,2,0.018785258189049598
MIR144,2,0.04942052511047158
NOP10,2,0.45472770608868074
NOL4,2,0.2734104122190635
NOL10,2,0.021721868424799402
NOCT,2,0.007400497920106558
SH3RF3-AS1,2,0.01043299115684401
NPIPB13,2,0.0641030896916842
MIR129-2,2,0.0312597032145301
NPIPB2,2,0.029667528052952693
NR2C1,2,0.012395834016178484
SAA4,2,0.02439358316382635
SACK1A,2,0.0189948071760508
SACK1D,2,0.07008890266109201
SHFL,2,0.18814516344975438
NR6A1,2,0.26254409378035726
MINDY2,2,0.034952551676663265
SAE1,2,0.003700248960053279
SHD,2,0.014652985881810986
SAMD13,2,0.011746927924528312
NQO2,2,0.007400497920106558
MINDY4B,2,0.26970219796749495
SALL3,2,0.16128763360733903
MINK1,2,0.00868937527423341
MIP,2,0.007400497920106558
SHC3,2,0.023217100944087177
NPR1,2,0.0543936597127832
SGCZ,2,0.2605785782453482
NDUFA11,2,0.09250622400133196
SCRG1,2,0.29523674097508
MT-TV,2,0.05089353871773441
MOXD1,2,0.3622413972534415
MTM1,2,0.009649130002472112
SESN2,2,0.04087747253925525
MPEG1,2,0.03070371730537612
MTHFS,2,0.21333750344939134
MPHOSPH10,2,0.01954007543887736
MTHFD1L,2,0.009246148331467662
SEMA3D,2,0.01870907084754131
MPHOSPH8,2,0.024261367847565937
MTCH2,2,0.011100746880159837
MTARC2,2,0.2650590705748614
SEMA6A,2,0.02350335867893955
MPP3,2,0.007400497920106558
MPP7,2,0.28054912299096657
MPPED1,2,0.014946412467670065
MT3,2,0.033302240640479513
MT1L,2,0.002220149376031967
MOV10L1,2,0.013636927142285135
MTMR7,2,0.03077330146921455
MTREX,2,0.022417769336540428
MUCL1,2,0.01233013221806755
MOB3B,2,0.06864244528895318
MOBP,2,0.00712687122419041
MXI1,2,0.16045362715299086
SEL1L3,2,0.27176191035334835
MVD,2,0.21577030255943844
SELENOI,2,0.0318221410564582
MUCL3,2,0.004803857056946322
MOCS1,2,0.033832553657334286
MTRR,2,0.1580314660022754
SEZ6L,2,0.16751619923056713
MUC20-OT1,2,0.002861410363368294
MOGAT1,2,0.008736698933459129
MTX3,2,0.05872564329225697
MTUS2,2,0.25225756939681304
MTUS1,2,0.03043084744747816
MTSS1,2,0.24966280239352076
SEMG1,2,0.031155693330218188
MT-TT,2,0.01980691363163997
NDST2,2,0.02188165560989892
MT-TS2,2,0.012949756562484314
MSMO1,2,0.004412354183553804
MSL2,2,0.05105498722698196
MROH2A,2,0.026288708553357444
MROH3P,2,0.0018501244800266394
SEPTIN7,2,0.02693494636003605
MROH7,2,0.31933074843239334
MRPL11,2,0.024798310022750764
SERINC5,2,0.19654522365779445
MRPL19,2,0.03184943269333731
MS4A3,2,0.007845797457331565
MS4A18,2,0.02084298376874584
MRPL20,2,0.05357987783500285
SERPINB3,2,0.03803864080773192
SERPINA10,2,0.0018501244800266394
SERPINA2,2,0.0067221189440967895
MRPL3,2,0.3826596653663944
MRPS15,2,0.022294659953172546
MROCKI,2,0.004905110406670511
MSRB2,2,0.30673826440829005
MSRB3,2,0.003026413201883043
MT-ND4,2,0.09250622400133196
MRAS,2,0.02321196752885433
MT-TS1,2,0.005293838998512603
SEMG2,2,0.014028700380353703
MT-TP,2,0.019704692173107167
SENP1,2,0.012025809120173156
SEPHS2,2,0.04099645574222037
MT-ND4L,2,0.09250622400133196
MT-ND3,2,0.09250622400133196
MRM3,2,0.006660448128095901
SERPINE2,2,0.027180257504866776
MT-ND1,2,0.09393493123868586
MRGPRX2,2,0.051063435648735236
MT-CYB,2,0.026185037452915366
MT-CO3,2,0.007400497920106558
MSTO1,2,0.005920398336085247
MRM2,2,0.030691476667997247
SF3A2,2,0.02002607423167358
SEC62,2,0.007400497920106558
MYBPC3,2,0.012918849275629394
MND1,2,0.022343011849269234
MKRN2,2,0.002220149376031967
SCYGR5,2,0.1274440025881616
SCYGR8,2,0.06532707370920378
MKX,2,0.005876759362668934
MLANA,2,0.03829936914080214
SDC3,2,0.005120271385427467
NBL1,2,0.002220149376031967
NAXE,2,0.03811256428854878
NAV2,2,0.410186057820755
NAV1,2,0.2743460531818105
SDCCAG8,2,0.2653836790450275
MLH3,2,0.01924129459227705
NAT8B,2,0.03867500213047686
NARS2,2,0.007770522816111886
NAPRT,2,0.20341098613600075
NAP1L5,2,0.05633951490503835
NAP1L3,2,0.003700248960053279
SFSWAP,2,0.09832924958887727
NCAPG,2,0.011100746880159837
SFTA3,2,0.03922263897656476
NCL,2,0.01406094604820246
SCRN1,2,0.0030219732968490977
NDOR1,2,0.034658998592499046
NDNF,2,0.0019807157547526997
SGCD,2,0.1811161290720745
SFXN3,2,0.001974598565485539
SFXN1,2,0.03155261929210223
NCOA5,2,0.1953236301025858
SCUBE3,2,0.20278903111071167
NCAPG2,2,0.038020379100074796
MITA1,2,0.008276850012215993
SCX,2,0.003700248960053279
NCBP2L,2,0.002077966069151129
MIXL1,2,0.01697977086402423
NCBP2,2,0.3637608244611968
NCBP1,2,0.3669060360772421
NCAPH2,2,0.033716668524005476
SDHAF3,2,0.15582690331720514
NALCN,2,0.04686581103948458
MLPH,2,0.35948313227723167
SEC1P,2,0.07048974268901496
SEC14L1,2,0.008525373603962754
MYO1F,2,0.04910024800604031
MMP25,2,0.013595954638592114
SF3B4,2,0.007400497920106558
MYO15B,2,0.02766563521834583
MYO10,2,0.002220149376031967
MYNN,2,0.030645461887161256
SEC23A,2,0.025038039046155477
MYO9A,2,0.19628040684156367
SEC23B,2,0.055945194658672204
MYH13,2,0.03931348664933926
SEC61A2,2,0.025793225720624854
SEC61B,2,0.02853977662741508
MYDGF,2,0.011334275649701669
SEC61G,2,0.2792185340035299
MYBPH,2,0.02344477741089758
MYO3B,2,0.4407272910798834
MMP2-AS1,2,0.0026226751535019964
NAF1,2,0.13490207958429026
SDR9C7,2,0.1597430526393469
NAE1,2,0.029797282597762376
MLYCD,2,0.0954298140861401
MMAA,2,0.0014800995840213117
NAB2,2,0.18501244800266392
MMD,2,0.019634788749046513
NAALADL1,2,0.03931680985375617
SDR16C5,2,0.012412576920976666
MMP11,2,0.003700248960053279
MYOG,2,0.01700058827757812
MZF1,2,0.007770522816111886
MYZAP,2,0.032118160973262457
MYT1L,2,0.33468952746307384
SDSL,2,0.010153483146386196
MYRFL,2,0.27742484917262705
MYPN,2,0.3324550495540041
SEC11C,2,0.0024292665098760817
RTP1,2,0.004995336096071927
ODF2L,2,0.0037619197760541665
MFAP4,2,0.002220149376031967
RNASEH1,2,0.0014800995840213117
PIGU,2,0.003700248960053279
PIGT,2,0.007400497920106558
PIGS,2,0.007400497920106558
PIGN,2,0.2463140672656964
PIGK,2,0.003700248960053279
PIGA,2,0.007379940981439595
PIERCE2,2,0.036654666198287784
PI15,2,0.043102376000565074
RN7SL3,2,0.008331244282905945
PHPT1,2,0.011840796672170494
PHLPP1,2,0.05105069034676173
RNASE13,2,0.04216063665084706
PHLDB2,2,0.02160940619043089
PHKA1,2,0.012584453884986843
PHGR1,2,0.02684503631186322
PHF6,2,0.2775186720039959
PHF5A,2,0.004070273856058606
RMDN3,2,0.004440298752063934
PIKFYVE,2,0.10967383740557915
MAML3,2,0.32454510556937405
SLC12A8,2,0.002259620639346861
MAGED2,2,0.002220149376031967
PLA2G4F,2,0.005365360992077254
SLC13A2,2,0.0384290216529693
PLA2G4E,2,0.33598580075413204
PLA2G2E,2,0.04676655373213422
PLA2G12B,2,0.045525939511365625
PKP2,2,0.21187380993651092
PKNOX1,2,0.007400497920106558
PIMREG,2,0.013420584822845756
PKMYT1,2,0.0331544583226443
RIT2,2,0.31196289926962856
PKD1L2,2,0.14523371788451647
PJA1,2,0.0022977140843619594
PITPNM3,2,0.0061214804087802825
PITPNM1,2,0.03473053673906007
RMDN1,2,0.004440298752063934
PHF21A,2,0.3346320413980353
PHC1,2,0.054822104032135686
PEA15,2,0.00943563484813586
PHAX,2,0.033578654302728626
MAP2K6,2,0.19044178067322623
MAP3K10,2,0.005920398336085247
MAP3K11,2,0.03188874553773916
RNF144A,2,0.10881473007231811
PEX10,2,0.09662807668324555
RNF145,2,0.05258243681644429
PERP,2,0.0312307759929476
MAP3K20-AS1,2,0.03278113549440235
MAP3K3,2,0.011100746880159837
MAP3K4,2,0.004440298752063935
RNF150,2,0.03901412862911753
PELI3,2,0.03200715350446086
PELI2,2,0.2879206994829512
MAP4K2,2,0.002590174272037295
PEG3,2,0.003700248960053279
PEG10,2,0.025531717824367625
PEDS1,2,0.03286906675939585
SLC10A5,2,0.01489777194754345
RNF13,2,0.06502496200505518
SLC10A6,2,0.012572486290063228
PGGHG,2,0.0022903916860153423
RNASEH2B,2,0.025671621604826538
PHACTR1,2,0.26166715687437314
RNASEL,2,0.0696752767790299
PGRMC1,2,0.003700248960053279
RND1,2,0.03799529839145302
PGM5,2,0.2737123631040273
PGGT1B,2,0.035935423616011195
RNF114,2,0.021609163583203563
PF4V1,2,0.021495989441389456
PFN2,2,0.004061760274055195
PFKFB4,2,0.0039462816829417355
MAP1B,2,0.14755579497693552
MAP1LC3B2,2,0.2660180748892902
MAP1LC3C,2,0.36994656427644784
MAP1S,2,0.007770522816111886
PFAS,2,0.003700248960053279
PLAC4,2,0.006566886950627733
RING1,2,0.07400497920106557
MAGED1,2,0.034086693420010805
MAGEC3,2,0.005550373440079919
LYPLA2,2,0.002754629781372996
LYPLA2P1,2,0.013320896256191803
LYRM4,2,0.18533244969241108
PNPLA1,2,0.3044270451023464
LYSMD2,2,0.04603812891444883
PNMT,2,0.009620647296138525
LYST,2,0.008582521893456912
PNLIPRP1,2,0.020603439457661937
PNKD,2,0.08417765573214524
PNCK,2,0.004625311200066598
RHOG,2,0.03042344694955806
PLXNB2,2,0.009415077909468897
PLXNB1,2,0.014800995840213115
LYZL2,2,0.09324090691896665
PLTP,2,0.005697244634881603
RHOJ,2,0.007523584361765231
PLSCR2,2,0.028123181421486954
PODN,2,0.018821807794916795
RHBDF1,2,0.009250622400133196
LYPD5,2,0.023426402252754393
POLK,2,0.026641792512383605
POLR2K,2,0.05147401608665922
POLR2H,2,0.0392818429599256
SLC16A6,2,0.004781229918742481
POLR2B,2,0.01911712144238294
POLR1F,2,0.06932124376961767
RGS3,2,0.03299141972783503
POLR1A,2,0.018653869834049118
POLE2,2,0.028840504827091152
LYPD1,2,0.029244476662363832
POLDIP3,2,0.003700248960053279
LYL1,2,0.3082461779129267
POLD4,2,0.0435593307577472
POGLUT1,2,0.0503962500206523
RHAG,2,0.03503097639767773
RHBDD1,2,0.049305121948065196
POFUT1,2,0.022109029584561877
PLSCR1,2,0.04508602787839767
PLS3,2,0.009282723749918493
PLPPR5,2,0.03197486062986637
RIMS3,2,0.003700248960053279
RIMKLA,2,0.012134095050383618
PLEKHA5,2,0.2913283605980134
PLEKHA4,2,0.005690372861063271
PLEK2,2,0.031141295247808395
MADD,2,0.002220149376031967
MAEL,2,0.26243747893154745
PLCXD3,2,0.2963425226620428
PLCL2,2,0.030719466866362323
RILPL2,2,0.02133230494334012
PLCH2,2,0.17356219188762897
RIN2,2,0.2962346286114889
PLCB4,2,0.3457356705990905
PLCB2,2,0.011840796672170494
RIN3,2,0.0345307232952172
PLBD1,2,0.023834966347233165
SLC14A1,2,0.07652320418776849
PLEKHB1,2,0.002521788800147059
SLC16A12,2,0.02106367088170554
RHOQ,2,0.0034276465892819677
PLK3,2,0.012580846464181148
PLPP3,2,0.14716830099804112
RHOV,2,0.008880597504127868
LZTS3,2,0.0024314177855965175
PLOD3,2,0.011100746880159837
PLLP,2,0.01176973972223191
PLK4,2,0.01554104563222377
MAB21L4,2,0.0073882860665048684
RHPN2,2,0.3218674496013446
PLEKHG6,2,0.016001283700912458
RIBC2,2,0.0488098723762769
PLIN2,2,0.012676025090209184
PLGRKT,2,0.03672655199982929
PLEKHS1,2,0.02025501795570989
PLEKHN1,2,0.011603980738727083
PLEKHM2,2,0.04748529490436373
PLEKHM1,2,0.0027751867200399593
RNF169,2,0.003700248960053279
MAPK10,2,0.004995336096071927
MFAP3,2,0.19924891751541943
OSBPL10,2,0.3127423052367456
OTUD6A,2,0.016908082053576787
OTOR,2,0.008736698933459129
OTOP3,2,0.029861027673999663
MEGF10,2,0.035842017076589246
SIGLEC14,2,0.006346533832621428
OTOL1,2,0.19921108009249466
MEGF9,2,0.03484325550278193
MEI1,2,0.03958088805961117
MEI4,2,0.048028759811287056
SIGLEC12,2,0.0048207956897236125
MELK,2,0.015427982469555478
MELTF,2,0.0465032692531302
OTOGL,2,0.26753227481586
RPLP2,2,0.009620647296138525
OSTC,2,0.008736698933459129
OSGIN2,2,0.27361895105080475
MEPCE,2,0.003700248960053279
MEDAG,2,0.028445405796518077
SIGLEC5,2,0.005172321631463861
OTUD7B,2,0.03775734038838365
MED13L,2,0.3352298504182766
RPL26L1,2,0.060878007056588905
PADI3,2,0.24710882648722352
PACSIN2,2,0.3284918840539661
PACS2,2,0.0384825891845541
MED11,2,0.03629944229812267
PABPC4,2,0.003700248960053279
RPL31,2,0.046508125279392416
PA2G4,2,0.012210821568175819
OTULIN,2,0.014800995840213115
P2RY4,2,0.01097191414406328
OXSR1,2,0.22666162470551124
MED28,2,0.0030218699840435107
OXCT1,2,0.020931374128052734
RPL5,2,0.18501244800266392
OVGP1,2,0.008490015669455578
OTX1,2,0.03663246470452746
OSBPL1A,2,0.3034149423875284
RPS2,2,0.03843959336129796
RNF175,2,0.007400497920106558
ORC2,2,0.003700248960053279
OPN4,2,0.3048547721713207
RTKN,2,0.002816645616787747
OPN1MW,2,0.0045944757920661555
METTL21A,2,0.01883909080296367
RTL10,2,0.004440298752063934
RTL6,2,0.16807165950513797
ONECUT1,2,0.05693203049937974
OMG,2,0.004810323648069262
RTN1,2,0.274575074404409
OLFM2,2,0.1104590595752618
METTL4,2,0.11859626036629159
RTN3,2,0.008781772138144229
OLAH,2,0.12755187458351305
OLA1,2,0.010175684640146518
OIP5,2,0.027381842304394263
MFAP2,2,0.0275957119557692
RTN4IP1,2,0.1882088423331276
OR10G2,2,0.03578692869458371
OR10G3,2,0.02048859801832541
RTCB,2,0.02610307374652825
MESP1,2,0.017758483944539775
RPS29,2,0.12293610666956148
RPS3,2,0.014800995840213115
RPS4Y1,2,0.011840796672170494
RPS6KA1,2,0.14641231482248168
OR5M11,2,0.02432859934160185
RPS6KA6,2,0.016448041956904393
RPS6KC1,2,0.10072030922822253
MESP2,2,0.013187687293629886
RSBN1,2,0.2647178986476295
OR56A1,2,0.23166958925764253
RPSA2,2,0.04059173109178446
OR4E2,2,0.024395871499917347
RRAD,2,0.0332948401425594
RRAGD,2,0.0048116268371184625
RRM2B,2,0.6540942988612608
RRP15,2,0.3286895603921615
MECP2,2,0.055548342957706484
MEAF6,2,0.035484132819674725
ME3,2,0.4595187091031935
PAIP1,2,0.053919646499976714
MBNL2,2,0.019438858600875606
PDCD10,2,0.007400497920106558
MBOAT1,2,0.2975841643963098
SIRPB2,2,0.003466151457324157
MC2R,2,0.37002489600532784
PCTP,2,0.04722141258294196
RNF41,2,0.007400497920106558
PCSK2,2,0.28534039517868814
PCP4,2,0.08186902741208558
MCEE,2,0.01992241477999667
MCEMP1,2,0.053194799731935936
MCF2L,2,0.20948668715080915
PCOLCE2,2,0.01319759349370247
PCNT,2,0.012580846464181148
PCIF1,2,0.011100746880159837
PCED1B,2,0.34189846971217536
RNH1,2,0.06111141519680659
MBLAC2,2,0.024277548095488592
PDCD2,2,0.02540837619236585
MB21D2,2,0.18501244800266392
MARCHF3,2,0.026241685180342384
PDZD4,2,0.004272548336265501
RNF182,2,0.02161724681491411
SLAIN2,2,0.007400497920106558
PDXK,2,0.02438117997816239
MAPK8IP3,2,0.006524795640141051
MAPRE1,2,0.03274985287616678
RNF187,2,0.002590174272037295
MARS2,2,0.025779945731828905
SIX1,2,0.0176827551905121
MARVELD3,2,0.008879861416953686
SIX6,2,0.14920361022131223
MAT2A,2,0.0193528019576816
MRPL4,2,0.037609496191590146
MATCAP2,2,0.0022285875542920708
MATN1,2,0.003700248960053279
MAU2,2,0.039601307041761305
RNLS,2,0.15077835322562924
RNU1-1,2,0.0014800995840213117
PCDH9,2,0.24311808095647872
MDFIC2,2,0.2073793346086226
PARL,2,0.022201493760319675
RPGR,2,0.003700248960053279
RPGRIP1L,2,0.1641403150674512
PARD6A,2,0.004440298752063934
MCUB,2,0.00933202787725437
PAQR5,2,0.019756634318993944
PAQR3,2,0.1230444969621713
MDGA1,2,0.2617454748983954
PARP15,2,0.0035878931233925557
PANX2,2,0.023405290623689727
MDH1,2,0.030342041472436885
RPL13A,2,0.010340140149482216
PALM2AKAP2,2,0.006967726578819847
PALLD,2,0.00797773675787487
RPL21,2,0.02587645998712593
MDN1,2,0.026917349754578854
PARM1,2,0.21746940813444976
MCTP1,2,0.006751586516890752
PCDH7,2,0.288481166288486
SIPA1,2,0.04888953938470394
PCDH18,2,0.1941201659238194
PCDH15,2,0.28215329053014315
PCCB,2,0.02144934745065078
ROMO1,2,0.003700248960053279
ROPN1,2,0.1023646224433992
PCAT1,2,0.009250622400133196
PCA3,2,0.002220149376031967
PAXIP1,2,0.01850124480026639
RPA3,2,0.003700248960053279
SIN3A,2,0.10646156515255677
MCOLN2,2,0.017494512364884734
PAX1,2,0.030689864874681894
PASD1,2,0.0029601991680426234
PARS2,2,0.31496284791156326
MCRIP2,2,0.010989739411358238
PARP4,2,0.007400497920106558
STUM,2,0.2446550308244112
RANBP6,2,0.04640597660908569
TOX3,2,0.10818670103568784
ENSG00000266924,2,0.023665351678700437
ENSG00000267466,2,0.014979599599295559
BPIFB1,2,0.033437067257825706
TMEM154,2,0.005888999749798238
BPIFB4,2,0.02495612354169267
TMEM156,2,0.27580376973481757
ENSG00000266968,2,0.022148197982814845
XKR5,2,0.13960011340350884
BLK,2,0.07400497920106557
ENSG00000266378,2,0.009734229322278147
BRAFP1,2,0.003700248960053279
TMEM17,2,0.26595005513236203
ENSG00000265179,2,0.01940395429070259
TMEM174,2,0.08356613272190565
TMEM176A,2,0.009235821404292983
BPIFA2,2,0.004440298752063934
BOLL,2,0.11225507950072773
BOK,2,0.007400497920106558
BOD1L1,2,0.17318811359829026
TMEM139,2,0.0020954076015924426
BNIP5,2,0.04665151166454444
TMEM132D,2,0.34275921809953597
ENSG00000267780,2,0.009986664316602547
TMEM132C,2,0.3615896577493251
BNC2,2,0.23702400795800074
TMEM131L,2,0.011100746880159837
BNC1,2,0.01978153094044483
BMP8A,2,0.028879214464351672
BLVRB,2,0.004255286304061271
BLVRA,2,0.008035899470853165
ENSG00000268734,2,0.05091691765608957
BLOC1S5,2,0.03752502683374994
TMEM176B,2,0.011840796672170494
BRD10,2,0.25761555001237246
BRD3OS,2,0.002807816910406985
BUD13,2,0.036433179210181785
TMEM252,2,0.04707793470724448
C11orf86,2,0.006215570043713702
C11orf58,2,0.035063945372641944
WSCD1,2,0.22071525539807163
C10orf95,2,0.327281693038442
C10orf90,2,0.37909501761746495
WT1-AS,2,0.010436873808078118
C10orf55,2,0.01747231969668271
C10orf105,2,0.042730485385753296
ENSG00000260877,2,0.009759674939579263
BUD31,2,0.002220149376031967
TMEM220,2,0.0226547742579262
TMEM215,2,0.005224421151175674
TMEM214,2,0.005920398336085247
TMEM213,2,0.16738938181628157
TMEM179,2,0.27451314339583266
BTRC,2,0.021461443968309016
BTNL9,2,0.00869089060633732
BTN2A2,2,0.01022980660573723
TMEM200C,2,0.12629983474024142
ENSG00000261655,2,0.0031146725625812036
BTBD2,2,0.030379043962037416
TMEM196,2,0.25070005305256376
BSPH1,2,0.005550373440079919
XIRP1,2,0.03787162500640934
BRI3BP,2,0.039259545061282354
TMEM184A,2,0.021799151899419875
ENSG00000262877,2,0.003994671983696478
BRF1,2,0.003700248960053279
BRDT,2,0.004686982016067487
TMEM121,2,0.06942092035986912
TMEM117,2,0.045760395685223124
C12orf56,2,0.35051244332911213
BCORL1,2,0.2775186720039959
ENSG00000278869,2,0.005079627611522695
ENSG00000278829,2,0.003925502078639619
TIPRL,2,0.0024612937081135615
TJP3,2,0.00843376034333856
TK2,2,0.046189559934707046
TKFC,2,0.022282105029158276
BDH1,2,0.30769645268022694
XPR1,2,0.0029601991680426234
BECN2,2,0.30066344560158104
TLDC2,2,0.054452863696144056
ENSG00000275897,2,0.02287288370686206
ENSG00000275719,2,0.006375328600505637
ENSG00000275234,2,0.013307878016847663
TLN2,2,0.2892876478501336
YBX1,2,0.04858385770672621
TINF2,2,0.0014800995840213117
YBX2,2,0.016906847580498034
BCL7A,2,0.18501244800266392
BCL6-AS1,2,0.006655788691917064
TINCR,2,0.377404494770894
ENSG00000279166,2,0.0026787651952575203
TIMM8A,2,0.005550373440079919
YES1,2,0.26125740755918575
TIMM29,2,0.04183834968835704
BCAT2,2,0.009428234350215755
ENSG00000279286,2,0.002225843229900114
TIGD7,2,0.04162135130801287
BCAT1-DT,2,0.0037717670062924883
YIF1B,2,0.00876082585657865
TICAM2,2,0.004234729365394308
YKT6,2,0.3476193797122177
ENSG00000274139,2,0.01088803857582336
ENSG00000273971,2,0.011297585976496202
ENSG00000273476,2,0.001805208143028411
BICD1,2,0.33502241296820945
XRCC1,2,0.08218332650856836
BISPR,2,0.005231974512743918
BIN3,2,0.006150569674054959
ENSG00000269989,2,0.005923977915376634
TMED6,2,0.00568456453099567
XRCC2,2,0.2630689634890822
ENSG00000270760,2,0.002085038605076398
ENSG00000270777,2,0.015328228596521944
TMED2,2,0.008325560160119878
ENSG00000271204,2,0.004786973424242391
XRCC3,2,0.018377903168264615
TMED1,2,0.007379940981439595
TMCO1,2,0.176081215811789
ENSG00000271811,2,0.019048881646354283
BHMT,2,0.019875565394569236
BEND7,2,0.004267017666574375
BHLHE22-AS1,2,0.014581821538253359
BHLHE22,2,0.01751167002641866
ENSG00000272079,2,0.01131769255351383
XRCC6P5,2,0.011635227285500864
TMBIM1,2,0.27012842249933355
TM6SF2,2,0.041588402148137485
XYLB,2,0.2791986078173103
TM4SF4,2,0.08637668623725903
ENSG00000272821,2,0.005515330658332957
TM4SF20,2,0.03884944143846437
XYLT1,2,0.3861065247027166
XYLT2,2,0.03068246437676179
BEST1,2,0.011162417696160724
ENSG00000273445,2,0.0022381988960124746
C11orf97,2,0.02774470311925258
C14orf39,2,0.21619841609486407
WDR35,2,0.031903546533579366
TOM1,2,0.1275130049357585
TNR,2,0.23487784377324217
CABLES1,2,0.007400497920106558
TNS2,2,0.07548507878508688
CABP1,2,0.03945149432198538
CABP2,2,0.002590174272037295
TOGARAM2,2,0.02200662865787674
ENSG00000233030,2,0.010075883726119783
ENSG00000251127,2,0.011237469662627897
CABYR,2,0.04525398651601767
ENSG00000232821,2,0.0180491779382216
ENSG00000232807,2,0.002789311045059158
TOMM20L,2,0.007400497920106558
ENSG00000232043,2,0.0034034234023384586
CACFD1,2,0.16761058446959937
TNPO3,2,0.022485028054966907
ENSG00000235122,2,0.017342191597644576
TNNT2,2,0.03584801192499616
TNNI3K,2,0.04604999737028576
TNNC1,2,0.032784205786072045
TNMD,2,0.00871357046774248
ENSG00000236841,2,0.01978153094044483
TNKS,2,0.377972063657951
ENSG00000237378,2,0.24909695925100916
ENSG00000237927,2,0.009292540243306608
ENSG00000241886,2,0.019416651968261506
ENSG00000243273,2,0.009911389900640048
ENSG00000248927,2,0.014985177567762529
ENSG00000250137,2,0.010013616432838955
CA8,2,0.005988063612601296
ENSG00000250230,2,0.0079942781504177
ENSG00000250274,2,0.021867814845956283
CACHD1,2,0.036654666198287784
ENSG00000231713,2,0.0073515061041158234
CACNA1I,2,0.37002489600532784
ENSG00000226012,2,0.006889698371213197
ENSG00000223492,2,0.005146675232383288
ENSG00000223804,2,0.004440298752063934
TPSB2,2,0.003630643865353457
ENSG00000224272,2,0.02684502938702609
ENSG00000224387,2,0.002827357102715811
CAMK2D,2,0.033627862548964195
TPRKB,2,0.022674387131247607
CAMK1D,2,0.27578983084684744
ENSG00000225057,2,0.006045132187988139
ENSG00000225111,2,0.0073783359096853554
WDR37,2,0.04786891473128102
ENSG00000225421,2,0.016416225585728417
TPPP2,2,0.021271266853540565
TPPP,2,0.0806012831631435
ENSG00000226087,2,0.014340292201341115
CACNA1S,2,0.37002489600532784
ENSG00000226197,2,0.022549329770874448
TPM4,2,0.09250622400133196
TPM2,2,0.0029123737189833653
ENSG00000227482,2,0.02051418023453537
TPGS2,2,0.13324269025976535
CADM2,2,0.20997779034453035
TP53TG1,2,0.007400497920106558
TP53INP1,2,0.00432723558939564
WDR5,2,0.029643105557760153
TOX2,2,0.013505908704194467
CACNG2,2,0.37002489600532784
ENSG00000230728,2,0.008720200556266712
WDR64,2,0.01586087145566125
CACNA2D2,2,0.37002489600532784
ENSG00000250829,2,0.08154286620084136
ENSG00000251139,2,0.00959947879357504
ENSG00000260418,2,0.009877049040367361
TMEM63C,2,0.02706333794832689
WIPI2,2,0.06043238513651601
WIPF3,2,0.31246820601374975
TMEM52B,2,0.0026547570348355643
C2CD4B,2,0.0205511404071071
C2orf80,2,0.30907986525606396
TMEM63B,2,0.019981344384287707
ENSG00000258667,2,0.002148708049160111
ENSG00000251393,2,0.010164731667032507
TMEM68,2,0.10076191636770945
C3orf20,2,0.4339304897060453
ENSG00000258471,2,0.012636469189272196
C3orf62,2,0.04626218220268771
TMEM82,2,0.012491883999430627
C4orf50,2,0.01788680404124919
C1orf52,2,0.02267863176524175
C1orf226,2,0.04838709068605189
C1orf162,2,0.004615271305027912
C1orf115,2,0.058870248539647924
C1QBP,2,0.0769651783691082
C1QA,2,0.0054968877392721945
C19orf84,2,0.002493228592551586
TMEM266,2,0.3822139438150075
TMEM263,2,0.004647156677326163
ENSG00000260194,2,0.002657234277699517
ENSG00000260244,2,0.0014888156385221326
TMEM260,2,0.23224339946068043
C19orf38,2,0.015305936992898504
WNT5A-AS1,2,0.017651725174469092
C16orf82,2,0.2101821180110472
C15orf39,2,0.02903116378186828
ENSG00000260412,2,0.002443189532702135
TMEM91,2,0.4162780080059938
ENSG00000257221,2,0.013079685303836188
ENSG00000257180,2,0.011045210543488636
TMT1A,2,0.06708629085345733
ENSG00000251408,2,0.009419784667553662
ENSG00000251605,2,0.003700248960053279
TNFAIP8L3,2,0.0019255699528020502
ENSG00000253372,2,0.0031455409537834355
ENSG00000253838,2,0.02452140245668472
CA3-AS1,2,0.012968139742659755
ENSG00000254051,2,0.003700248960053279
CA13,2,0.004807123642542163
CA12,2,0.023395647255907585
C9orf152,2,0.03587885202163858
C8orf88,2,0.08131785136059737
ENSG00000254288,2,0.003293748925578626
C8orf34,2,0.28664424085466217
TMT1B,2,0.018174057077833646
C7orf78,2,0.004375876483936115
C5orf34,2,0.04523287899801497
ENSG00000254645,2,0.03014010062093698
TMSB10,2,0.04366290491048739
C6orf141,2,0.021795728541019507
ENSG00000255026,2,0.010007863719505697
ENSG00000255186,2,0.005077624376631613
TMPRSS3,2,0.01597892370321795
C6orf118,2,0.1941201659238194
ENSG00000255801,2,0.006066702342120426
C5orf58,2,0.005680408585062464
TMOD1,2,0.00254876741133102
TMIGD3,2,0.003487209655998918
TMIE,2,0.023443381740922406
ENSG00000256249,2,0.02393967032990812
C5orf47,2,0.07841410544422461
ENSG00000279835,2,0.014986843224561097
BCAN,2,0.018066566795521002
BBX,2,0.0025395931124474382
FCN3,2,0.04326900179178132
FDFT1,2,0.30804097699823646
FDCSP,2,0.011616174038727785
FCRLA,2,0.021526218102010015
FCRL6,2,0.006387337174212006
FCRL2,2,0.062171228327991164
TAS2R46,2,0.003700248960053279
TASL,2,0.012050827250436914
FIBCD1,2,0.002590174272037295
ATG2A,2,0.003700248960053279
FCAMR,2,0.005103722518896667
ATG4C,2,0.2771075189192808
ATMIN,2,0.003700248960053279
ATOH7,2,0.16492808738462458
FBXO8,2,0.0281516078205891
FDPS,2,0.02492123006220532
ATG16L2,2,0.036992736505727104
FER,2,0.0014800995840213117
FERMT3,2,0.033161631179997486
FES,2,0.03191094703149948
FETUB,2,0.004974545057569861
FEZF2,2,0.007400497920106558
FGD3,2,0.2190380234147368
FGD4,2,0.027975097278205744
FGF14,2,0.17713547654574816
TARBP1,2,0.03505615864754476
FGF4,2,0.08678243972597541
ATG13,2,0.004255286304061271
FGFBP1,2,0.021563892731537394
FGFBP2,2,0.005866528751496375
TAPBP,2,0.003700248960053279
TAOK3,2,0.17853869469341618
ATP10B,2,0.2885097057205009
FBXO44,2,0.26718706678657345
TBC1D12,2,0.045816482623379694
TBL1X,2,0.003700248960053279
TBX2,2,0.11346464332143125
ATP5PB,2,0.016281095424234424
ATP5MC2,2,0.003700248960053279
ATP5MC1,2,0.010153483146386196
TBX18,2,0.17003929233958553
FAM91A1,2,0.043997844175342235
FAM98A,2,0.1876204095308425
ATP2A3,2,0.020721394176298362
FANCL,2,0.009620647296138525
FAR1,2,0.07579501362026726
FAR2,2,0.2615420315842337
TBR1,2,0.0949881621025144
ATP23,2,0.015675139830677448
FASTKD2,2,0.07330589103687551
TBCK,2,0.29310567909022267
FBXO40,2,0.03784347707784735
FBXL13,2,0.040827515648089806
ATP1A3,2,0.021401447686205024
ZBTB9,2,0.02625449925298585
FBXL3,2,0.3251079763919797
FBXL5,2,0.02920730459328776
TBC1D7,2,0.0340323491161359
FBXO15,2,0.08129348036185205
TBC1D4,2,0.0943110563586406
ATP13A1,2,0.003700248960053279
TBC1D32,2,0.03752792495286036
FBXO28,2,0.2649790101898429
TBC1D19,2,0.0297581280678585
TBC1D15,2,0.2730621316243808
FBXO33,2,0.2524066405104054
ATF7IP,2,0.2823534811614218
FIG4,2,0.003700248960053279
ENSG00000279957,2,0.0016635851306844786
FRMD1,2,0.017416158880419644
FRMPD3,2,0.0037546927325365132
FRMPD1,2,0.0221512404852168
FRMD8,2,0.020721394176298362
FRMD5,2,0.20430867698752275
FRMD4B,2,0.29023360651229285
FRMD3,2,0.10250206081613118
FRK,2,0.34669838926879476
FIGNL1,2,0.028510863980020663
FRG2C,2,0.12264841860835433
FRG2,2,0.025501449176257154
FREM1,2,0.178124167162721
FPGT-TNNI3K,2,0.03432350935345421
ASMT,2,0.011650644989501085
FOXR1,2,0.09250622400133196
FRMPD4,2,0.005899217528226567
FRY,2,0.3128419452043503
ASIC3,2,0.003700248960053279
ASGR2,2,0.0030729637963845466
FSHR,2,0.24583222725701867
FSIP1,2,0.028821283718125958
FSIP2,2,0.21406422237125391
FSTL4,2,0.27006877748798896
FSTL5,2,0.3825531552797964
FUCA2,2,0.21155789598004743
ASCL1,2,0.2251472290390194
ASB7,2,0.09190718264665185
FUT9,2,0.025038039046155477
FXR1,2,0.028495161709689354
FXYD6,2,0.2810365209106704
FZD10,2,0.01496588297758598
FZD3,2,0.020721394176298362
ZCCHC4,2,0.007400497920106558
TADA1,2,0.03948349917769062
ZCCHC24,2,0.02555833781416548
TAFA5,2,0.2535250598283918
FIGNL2,2,0.2167107584485778
FILIP1L,2,0.0018705794765734671
FIRRE,2,0.002527757710462286
FIRRM,2,0.005344804053410291
FIS1,2,0.013135883808189138
FITM2,2,0.044308788758344146
FJX1,2,0.0241582611391843
FKBP10,2,0.007466234705885027
FKBP15,2,0.014369300128206898
FKBP1B,2,0.04364443648382842
ATF5,2,0.011100746880159837
TAGAP-AS1,2,0.0029202923889947003
FLG2,2,0.004043563595094219
ATF1,2,0.18501244800266392
FLRT2,2,0.20113515390203546
FOXI2,2,0.320533131906238
FLVCR2-AS1,2,0.029770034487851083
TAFA4,2,0.0849307251071761
FMNL1,2,0.012358191191785465
ATAD5,2,0.030741668360122636
FMO1,2,0.016524452647886198
ATAD3C,2,0.01986895848297499
FMO4,2,0.012329229534897523
TAF1L,2,0.3439924126912514
ATAD3B,2,0.10612223483473228
FOCAD,2,0.0695196082607628
ATAD2,2,0.004625311200066598
ATAD1,2,0.059853794851242426
FOXF2,2,0.053350356924223054
ASTN2,2,0.33464830249588867
TBX20,2,0.3067160548193882
FAM72C,2,0.024590802525360504
TBX4,2,0.05257313722443699
TEX261,2,0.03469353424945955
EPYC,2,0.034866372111885945
B3GNT5,2,0.03321343466543823
B4GALNT1,2,0.003700248960053279
B4GALNT3,2,0.324659461794256
B4GALT1-AS1,2,0.009428234350215755
YTHDF2,2,0.016712791136240645
TEX29,2,0.2520627888760716
FAM53B,2,0.3262656098599834
EPCAM-DT,2,0.01831623235226373
EPC1,2,0.024788211496913196
TEX41,2,0.01867690426803619
EPB41L4A-DT,2,0.0018412296915257204
EPB41L2,2,0.05385733710683276
TEX46,2,0.003700248960053279
ERC2,2,0.035961253015020796
ERCC1,2,0.008991193834156128
ERFE,2,0.016341587064115377
ERGIC1,2,0.38154667714201984
B3GNT3,2,0.01094216879628176
ERICH2,2,0.10528571822265136
ERICH3,2,0.004769498649011614
B3GNT2,2,0.2560092124495706
ERICH6B,2,0.0037428339827657734
TENT5A,2,0.030593658401720514
B3GALT6,2,0.0194180936277365
ERO1B,2,0.01912893889556414
ERP27,2,0.007400497920106558
TENM2,2,0.17318811359829026
B3GALT5-AS1,2,0.015758608833802874
B3GALT5,2,0.023681593344340987
TEKT3,2,0.03353811615133714
EOGT,2,0.031403371736889965
B9D1,2,0.0065761175450763315
ENTREP1,2,0.256866026011141
TGS1,2,0.14669953972443664
THSD7B,2,0.08239026628310149
THSD4,2,0.03250298686510801
THRB-IT1,2,0.006146509098781351
BBS2,2,0.006660448128095901
ENSG00000280219,2,0.021424496922830456
THOC5,2,0.01554104563222377
YME1L1,2,0.004440298752063934
BAZ2B,2,0.06976396887668924
BASP1-AS1,2,0.015656229280312555
ENSG00000280604,2,0.011317984329011883
ENSG00000281181,2,0.020493197394117476
THAP5,2,0.2469608526199547
THAP12,2,0.06729645487793164
THA1P,2,0.007400497920106558
BARHL2,2,0.04381843544150741
BAG2,2,0.002039737912618901
ENSG00000285444,2,0.002500969252891256
ENSG00000285492,2,0.0035738176121911294
BANF1,2,0.011100746880159837
ENSG00000285566,2,0.2728195612874412
TGDS,2,0.03003054290134516
ENSG00000288708,2,0.05898406341054217
TFDP1,2,0.28184279298710363
TFCP2,2,0.18492363170225906
TFAP2E,2,0.0019092438603507853
ENSG00000291315,2,0.1577012702141466
TEX9,2,0.020991237461396146
BAIAP2L2,2,0.003700248960053279
YTHDC2,2,0.1791914980547302
BAHD1,2,0.03256219084846885
ESAM-AS1,2,0.012515268819299935
ESCO2,2,0.0014800995840213117
ESM1,2,0.004810323648069262
FAM200B,2,0.032523779009741946
FAM120B,2,0.2930248908835221
FAM135A,2,0.26564256301179
TCL1B,2,0.20827797521230157
FAM151A,2,0.047630973899714414
FAM151B,2,0.003526942577522816
FAM163B,2,0.0018886706346465535
FAM167A,2,0.003700248960053279
FAM167B,2,0.0035740190180080992
ATP6V1H,2,0.2725103104582199
FAM168B,2,0.002220149376031967
ATP6V1G1,2,0.02472560229086047
FAM181B,2,0.20486312272277932
FAM184B,2,0.036654666198287784
FAM185A,2,0.2332305783773163
ZBTB20,2,0.3477569821205182
ZBTB10,2,0.001641516154184197
FAM216B,2,0.004866473189607848
FAM217A,2,0.03678559101997985
ATP6V1C1,2,0.06595025494248649
ATP6V1B2,2,0.003700248960053279
TCEA1,2,0.18501244800266392
FAM234A,2,0.05925119671225888
ZBTB38,2,0.47793377531337555
FAM240C,2,0.13938138093286934
ZBTB41,2,0.04023783190228881
FAM25C,2,0.02265949849112045
FAM30A,2,0.016898994896743947
TC2N,2,0.003700248960053279
FAM3C,2,0.0021873356920362893
FAM43A,2,0.0435593307577472
TCP1,2,0.0014800995840213117
TCP11,2,0.3926239837125447
AZIN1,2,0.014800995840213115
EXOC2,2,0.002220149376031967
ESPL1,2,0.004070273856058606
Y_RNA,2,0.01404550819308374
ETAA1,2,0.22099587752378283
ETFDH,2,0.014826897582933487
ETNK1,2,0.0031759515708148804
ETNPPL,2,0.034441917320175916
AVPI1,2,0.021123901874122306
AVIL,2,0.009620647296138525
EVI2A,2,0.018876350310660834
EVI2B,2,0.02346087427339288
AURKAIP1,2,0.0494353261063118
EVPL,2,0.33546558469313137
EVPLL,2,0.005717683896337093
EVX1,2,0.18580489659711824
AUNIP,2,0.03774253939254344
FAM111B,2,0.005365360992077254
ATXN7L3B,2,0.2865495295355877
ATXN3,2,0.003700248960053279
EXOSC9,2,0.008325560160119878
EYA1,2,0.186170963678767
EYS,2,0.3355885093641784
ZBED6,2,0.034086693420010805
F13B,2,0.0384825891845541
TDRD10,2,0.021023843321369095
FABP3,2,0.022612632533658927
ATRAID,2,0.026967486054401545
FAF1,2,0.011603980738727083
ATP9B,2,0.023623123370469727
FAM107A,2,0.3207655055196142
TCTN3,2,0.3349391821478338
TPSG1,2,0.017021145216245082
ENSG00000222032,2,0.0070805616084184606
SYT17,2,0.00211857393727188
CSNK1E,2,0.3055847993735559
CSRNP3,2,0.17569866832469624
CSPG5,2,0.036492799936297865
CSNK2B,2,0.008049101832769842
CSNK2A3,2,0.2311036637894928
CER1,2,0.07213211316065317
CERCAM,2,0.05654351258604688
CSN2,2,0.008880597504127868
CYB561,2,0.0335242555780827
TXNDC2,2,0.03043084744747816
USP34,2,0.3522660249096475
TXNL1,2,0.28869172730660503
CRYGFP,2,0.004440298752063934
CRYGEP,2,0.005920398336085247
CRYGA,2,0.02206429749857295
USP37,2,0.003700248960053279
CSRP1,2,0.014800995840213115
USP38,2,0.025696173333703328
CEP78,2,0.03732284196799946
CST6,2,0.003700248960053279
CSTF1,2,0.02071781360239582
CTCFL,2,0.041442788352596724
CTF2P,2,0.002220149376031967
CTNNAL1,2,0.21087839248278034
CTR9,2,0.007400497920106558
CTRC,2,0.012827529728184697
CTSA,2,0.04313140554574067
TUSC1,2,0.21801170110852486
TULP4,2,0.030519653422519447
CEP250,2,0.08228082561147336
CEP152,2,0.018818703525167107
CWC22,2,0.3128934523728524
CRYBA4,2,0.03635022959363777
CRX,2,0.029600576728910838
CRTAC1,2,0.013537118168273845
USP32,2,0.04617170652354481
CPN1,2,0.036654666198287784
CPNE4,2,0.023941578439142675
CPNE5,2,0.2540717421323738
CPNE8,2,0.13832328259367793
CPPED1,2,0.03357015443445864
CPSF1,2,0.061842771224991516
CPSF4L,2,0.05458138803841979
CPT1B,2,0.0050929815547399995
USP31,2,0.14017353764050328
CPT2,2,0.006290423232090574
CPTP,2,0.019920290276446824
CR1L,2,0.058367075324065425
CRABP1,2,0.01072421506865358
CETN3,2,0.11439884656066628
CERT1,2,0.028044339586405672
CRPPA,2,0.26976999565993215
CRAT,2,0.005365360992077254
CRB3,2,0.007400497920106558
CERS5,2,0.02467860486968867
UACA,2,0.09955397821836753
CERS3,2,0.08998750885000671
CERS1,2,0.023743264160341875
CRIP1,2,0.04689569683133512
CRIPTO3,2,0.004440298752063934
CRISP3,2,0.02981535722084247
CERNA3,2,0.0029601991680426234
CRKL,2,0.031252302716609996
CRLS1,2,0.0222124450505613
CROCC2,2,0.004755528320033262
CROT,2,0.0894950216923296
CXXC4,2,0.1915759218756184
CEP112,2,0.03142676403602503
CPLANE2,2,0.03288781275695354
UTP11,2,0.08002458253266474
DCP1A,2,0.019599587267431176
DCLRE1B,2,0.0061054107840879095
CDV3,2,0.09525668419276255
DCHS2,2,0.005763490976322836
DCBLD1,2,0.32028143793548547
TTK,2,0.022197335858409297
CEACAM20,2,0.05494869705679119
TUBG1,2,0.022646135795315183
DBT,2,0.005128956197407183
DBNL,2,0.005920398336085247
DBN1,2,0.030364242966197205
CELF1,2,0.004070273856058606
DARS1,2,0.32525789846880127
DAPL1,2,0.020996392864976884
DCP1B,2,0.03883429877876027
CDR2L,2,0.011856450616588353
CDON,2,0.0018501244800266394
TTC7B,2,0.3207043464431248
UTY,2,0.00934036959689761
DCTN3,2,0.004810323648069262
DCTPP1,2,0.009428234350215755
CDK5RAP3,2,0.008397509445454246
DCXR,2,0.002220149376031967
DDB2,2,0.2775186720039959
DDIT4L,2,0.019349093926763903
TTC6,2,0.25391792915024725
CDK5RAP2,2,0.1961996406900656
CDK17,2,0.03506612608078759
DDX20,2,0.06612095118211489
CDK16,2,0.013597387081262452
DDX39A,2,0.007044130802433943
CELF3,2,0.11468523336492685
DAPK3,2,0.024546423754060104
CELSR3,2,0.03415182490489447
TUBB1,2,0.10072899946811702
TUBB8,2,0.10072899946811702
CYBC1,2,0.010360697088149181
TUBB4A,2,0.10072899946811702
CYLC2,2,0.2603183709664367
CYP21A2,2,0.004440298752063934
CYP2A13,2,0.01350590870419447
CYP2A6,2,0.022900429674996406
CYP2A7,2,0.01350590870419447
CYP2B7P,2,0.005694272010748656
CYP2J2,2,0.33511553597779853
CYP2R1,2,0.01850124480026639
CYP2U1,2,0.07197444603189247
CYP2W1,2,0.3351342940901118
CENPV,2,0.004070273856058606
CYP4B1,2,0.008140547712117212
DANCR,2,0.003700248960053279
CENPO,2,0.2890660261479686
CYP4F12,2,0.016476678958515192
TUBA3E,2,0.10072899946811702
CYP4X1,2,0.016152205396289712
CYTH1,2,0.007400497920106558
CYTH3,2,0.30677829460079936
CYTH4,2,0.008273951416828304
TUBA1A,2,0.10072899946811702
CYTOR,2,0.02302563994689956
CENPH,2,0.0014800995840213117
CENPC,2,0.31105147354075935
TTYH2,2,0.1221410938132058
DACT2,2,0.020123170700546342
CENPA,2,0.009620647296138525
CPM,2,0.0018228792921324514
USP3,2,0.002590174272037295
CAMSAP2,2,0.10180324172541144
CLK2,2,0.02353315744263535
CLPSL2,2,0.13660470261948535
CLPSL1,2,0.044910904056870524
CLNK,2,0.24035896409807295
CHN1,2,0.022721332967567533
CLMN,2,0.257083049203588
CHODL,2,0.03420028845545374
CLIP3,2,0.002449900922669916
UQCRQ,2,0.009081882578878486
CHORDC1,2,0.03423470337841293
CHPF,2,0.002220149376031967
CLIC1,2,0.012580846464181148
CHRDL2,2,0.025293918072982622
CLEC4G,2,0.016908082053576787
CLEC2L,2,0.07246749008343231
CHMP6,2,0.2975389071208117
ULBP1,2,0.003700248960053279
UICLM,2,0.004482534463551256
UQCRH,2,0.3484184507258305
UHRF2,2,0.0029601991680426234
CLUH,2,0.05363305298210558
CHMP1B,2,0.03046994870044283
CLVS1,2,0.3045180112845856
CLVS2,2,0.21515674842204013
UHRF1,2,0.03478824315284844
UGT8,2,0.2005857146977429
CMKLR2,2,0.003700248960053279
CMPK2,2,0.20486312272277932
CMTM1,2,0.03246725405293292
CHML,2,0.002220149376031967
UGT3A1,2,0.05670103164701785
UGT2B7,2,0.02829225155496996
CHRM3-AS2,2,0.002231130119725432
UMOD,2,0.034175499395052086
CHRNA1,2,0.020624588428378755
UNC79,2,0.2289365967865796
CIAO2A,2,0.03108209126444754
CHSY1,2,0.0015306370843940404
UPP1,2,0.013914804630522621
CIDEB,2,0.013320896256191803
CILP,2,0.005939204255845566
CHST13,2,0.015705094101061634
CIMAP2,2,0.03460472827441826
UQCC2,2,0.07423121571848228
CIMIP2C,2,0.007726099746738579
UOX,2,0.003700248960053279
CIP2A,2,0.003700248960053279
UNG,2,0.03783874586550483
UNCX,2,0.26719805027741067
CISD3,2,0.010153483146386196
UNC5D,2,0.31668811612590925
UNC13A,2,0.06944942033575635
CKAP5,2,0.05634417215219182
CKLF,2,0.12282804720498892
CKS1B,2,0.011100746880159837
CLCA3P,2,0.004255286304061271
UNC5C,2,0.3770741609558707
CLCF1,2,0.008880597504127868
CLCN4,2,0.007331929902540792
CLCN7,2,0.03090447931436498
CLDN11,2,0.0022935179171299806
CLDN14,2,0.01877503848482469
CLDN16,2,0.032458583877587356
UNC50,2,0.043783254636644404
UNC13C,2,0.378111099654413
CLEC16A,2,0.2684272410999983
CHM,2,0.012381855297884953
UGT2B10,2,0.021819163704016337
CPLANE1,2,0.03441971582641559
CFC1,2,0.04420132395231644
COX19,2,0.2889343008469096
USP11,2,0.0014800995840213117
UBE2J2,2,0.005365360992077254
UBE2K,2,0.00980565974414119
CFAP99,2,0.019333793130040314
CORIN,2,0.02108993587096421
CFC1B,2,0.04420132395231644
CNGA1,2,0.021185884513589007
UBE2V1,2,0.0014800995840213117
COPS5,2,0.004440298752063935
CHAD,2,0.02050029948144728
COPG1,2,0.03067506387884168
COPDA1,2,0.012331621785947718
UBE3C,2,0.0398368803039336
CFAP91,2,0.0015722160993322375
COX20,2,0.030948882301885628
COX4I1,2,0.023742236313408528
USP15,2,0.017761195008255737
UBE2H,2,0.2901728223742457
COX7A2,2,0.07374745273201604
COXFA4L2,2,0.09250622400133196
CFAP58-DT,2,0.018540761993479045
CPA5,2,0.034086693420010805
USP19,2,0.029819016968117434
USP2-AS1,2,0.009003194509666636
CPAMD8,2,0.26243747893154745
CPD,2,0.010340140149482216
CPEB2,2,0.22545667926105567
CPED1,2,0.011100746880159837
USP21,2,0.02294154355233033
CFAP221,2,0.2135091370351253
COPA,2,0.04076194254394692
COMTD1,2,0.18533917377226855
UBL4A,2,0.0340217334938232
UFL1,2,0.1948887605783259
CNGA3,2,0.32460811728287214
CNKSR1,2,0.012580846464181148
CNMD,2,0.005246871905139351
UGT1A4,2,0.02299661320178543
CNNM2,2,0.03332444213423983
UGT1A3,2,0.003700248960053279
CHIA,2,0.011953859834838786
CNOT7,2,0.023427645353949752
CHI3L2,2,0.030521337811558604
UGGT1,2,0.02713515904039071
CNTF,2,0.004440298752063935
CNTFR,2,0.029048833412013236
UGCG,2,0.006639891189428939
CNTLN,2,0.03684443560207795
CHD9NB,2,0.008425175024056934
COMMD3,2,0.1984008381188235
UCK2,2,0.026880549960008472
COG2,2,0.003700248960053279
CHD8,2,0.022481395838807754
COL18A1-AS1,2,0.003211850821521973
COL23A1,2,0.007318160938811074
CHD6,2,0.18861181845152156
COL25A1,2,0.2552561947265986
UBXN4,2,0.12458501305833514
COL4A4,2,0.05446012235118735
UBTD1,2,0.0100253485863111
COL6A6,2,0.02302656199780923
CHCHD10,2,0.025581876754715006
CHAF1B,2,0.04541685573569394
COMMD10,2,0.0318221410564582
CDK15,2,0.014052008769121924
DDX3Y,2,0.007400497920106558
CDK13,2,0.2542375310894494
VSX2,2,0.030364242966197205
VWA3A,2,0.30903824708897576
CCDC102A,2,0.0026249193110116347
VWA1,2,0.07938118954423858
VTI1A,2,0.2792772215188909
EBP,2,0.003700248960053279
CCDC141,2,0.021459637581059933
EBLN1,2,0.25378447312001384
TRBV7-2,2,0.0015115913847610527
EBF2,2,0.3316748302247149
EBAG9,2,0.01853790909318651
E2F7,2,0.007400497920106558
E2F5,2,0.003700248960053279
E2F2,2,0.007400497920106558
CCDC167,2,0.1018689110908089
ECHDC3,2,0.0910157995830404
CC2D2A,2,0.10636877891570468
ECI2,2,0.2484426644816761
CBY1,2,0.009034957117586898
ECSCR,2,0.017122209913843153
VWC2L,2,0.14504549878651418
VWDE,2,0.04974614701895628
TREML4,2,0.007037000282096337
TREML2,2,0.004352465453626331
CBX2,2,0.009393923843623234
EEF1AKMT2,2,0.14084149047534603
EEF1E1,2,0.028212414013838723
EEF2,2,0.003679692021386316
CBLN1,2,0.019656792948875217
TRDMT1,2,0.00571482894941562
CAVIN2,2,0.13844510450460076
CAVIN1,2,0.09175359021655016
VSTM2L,2,0.31836265737454095
DYRK3,2,0.0012577274717428565
DYNLT5,2,0.03903271289411098
TRIM34,2,0.005365360992077254
TRIM6,2,0.018628546326246505
DSCAM,2,0.2774855892002692
DSCAML1,2,0.023863946883297727
TRIM52,2,0.032192165952463526
TRIM50,2,0.03749092246325981
DTNA,2,0.26912000678751297
DTX3L,2,0.003700248960053279
TRIM41,2,0.022201493760319675
CCDC196,2,0.1693967250428024
TRIM39,2,0.005920398336085247
VRK1,2,0.2209215377069087
TRIM36,2,0.0545683037895459
TRIM35,2,0.026618539668293847
DUSP16,2,0.32120143136064305
TRIM31-AS1,2,0.002246068929119886
CCDC171,2,0.3234976474103507
TRIM26,2,0.002590174272037295
DVL1,2,0.027904803355896162
DVL3,2,0.003700248960053279
VSIG10,2,0.008525373603962754
DXO,2,0.009387198846397894
TRIM25,2,0.2841475616075192
DYM,2,0.2042314493175733
VSIG4,2,0.012526987284873704
DYNC1I1,2,0.0023998162743369333
DYNC2H1,2,0.03256959134638896
TRIM2,2,0.40247286829748874
VSNL1,2,0.032192165952463526
VSTM1,2,0.0018289904908470485
CCDC174,2,0.2105442782203434
EFEMP2,2,0.029197534444909405
EFNA2,2,0.07692926857363747
DDX46,2,0.003700248960053279
EMC2,2,0.264155535094681
TRAJ33,2,0.007400497920106558
CAPN13,2,0.03066637394419234
EMCN,2,0.304691571177831
CAPN15,2,0.72396721427183
TRAM1,2,0.004234729365394308
CAPN6,2,0.005476391123284762
CAPN9,2,0.10027817961161806
WARS2,2,0.007400497920106558
ELOVL7,2,0.008467572237333982
ELOVL4,2,0.01893879410269493
ELOVL2,2,0.024332442017903518
CAPNS1,2,0.004440298752063934
WDR19,2,0.2637441614579411
ELOF1,2,0.031674131098056064
CAPN10,2,0.055325050119714156
TRAJ3,2,0.00407295605738007
EMP1,2,0.277055606486433
CAP2,2,0.03912643250360337
EMP3,2,0.006560427067296614
ENAH,2,0.004625311200066598
ENO3,2,0.01850124480026639
ENOX1,2,0.14754650103713746
ENPP6,2,0.31571804009983323
CANT1,2,0.09250622400133196
WDR31,2,0.01993085503029744
ENSG00000214546,2,0.00833943219857501
CAMSAP3,2,0.0329470167403144
TRABD,2,0.015087774807099724
ENSG00000222001,2,0.012831263318624985
ENSG00000222012,2,0.0016249922021802708
TPST2,2,0.05359661773368855
WDR12,2,0.07829787108100619
WDFY4,2,0.010441338678346916
ELF5,2,0.07400497920106557
CASC3,2,0.006660448128095901
CATSPERB,2,0.014486678159530546
EFR3B,2,0.0023780771659763873
WASF2,2,0.04126517640251417
WASF3,2,0.22430374711830384
EGFLAM,2,0.04315733488238653
CASK,2,0.003700248960053279
EGR3,2,0.003118892824980121
CASC9,2,0.01126411937704158
EHD2,2,0.020236063192978167
TRBC2,2,0.003700248960053279
EHMT2,2,0.002590174272037295
CASC8,2,0.005433232635108923
EIF1,2,0.027566854752396924
EIF1AX,2,0.18501244800266392
EIF1B,2,0.12541683173460727
WDFY3,2,0.032762004292311735
CASC19,2,0.002632928712419549
WASHC4,2,0.04434464414289478
EIF3CL,2,0.04964809042151488
TRAV26-2,2,0.003700248960053279
EIF3F,2,0.007400497920106558
WASL,2,0.005920398336085247
EIF3K,2,0.004070273856058606
CARS2,2,0.023681593344340987
CARS1,2,0.2775186720039959
WBP11,2,0.032917414748633966
CARMN,2,0.008322377507355393
EIF5A2,2,0.034782771641934246
EIF5AL1,2,0.02011916510600997
CARD8-AS1,2,0.005103410520018629
DRG1,2,0.007400497920106558
DRD4,2,0.007400497920106558
VPS13A,2,0.2790224839301955
DIP2B,2,0.030601058899640616
CDAN1,2,0.012875928732864582
CDC123,2,0.02540389625876813
CDC14A,2,0.015104416254937482
CDC20,2,0.003700248960053279
TSKU,2,0.020400821799609878
CDC20B,2,0.15615490277475322
DIAPH3,2,0.00441788700751052
DRC8,2,0.024817462209208198
TSPAN1,2,0.014652985881810986
CDC42BPB,2,0.01961131948828238
DIABLO,2,0.002220149376031967
DHX58,2,0.002220149376031967
TSPAN11,2,0.3884230592002224
TSPAN12,2,0.29537846770624504
CD84,2,0.002220202131350936
DIRC1,2,0.01586933361254811
DIS3L2,2,0.04292288793661803
DISP2,2,0.016115139191858058
TSHZ2,2,0.007876184563961868
DKK4,2,0.08108117882781997
DLC1,2,0.3668613804679679
DLEU1,2,0.016281095424234424
DLEU2,2,0.0159110705282291
CD300LD,2,0.1875136316795194
DLG4,2,0.005365360992077254
CD300C,2,0.007076656346253706
DLGAP1,2,0.3538419751146622
CD248,2,0.018131219904261066
TSFM,2,0.0014800995840213117
CD163L1,2,0.004440298752063934
DLGAP5,2,0.007818280680363105
DHX35,2,0.24240597636316238
CDC42EP3,2,0.36088647356644693
CDC42EP4,2,0.08290397330246896
TSPYL5,2,0.1724378507477755
CDK11B,2,0.006660448128095901
CDH7,2,0.007400497920106558
VAMP8,2,0.013320896256191803
CDH23,2,0.2739914937466705
VASH1,2,0.17740051391400374
DENND1A,2,0.29530689306038244
CDH15,2,0.003700248960053279
CDH12,2,0.06353494009420896
CDCP1,2,0.09860649555075314
VASP,2,0.009620647296138525
CDCA7L,2,0.29242421261928264
DENND4C,2,0.052949705562015954
DENND5A,2,0.005637885026042399
CDCA2,2,0.003700248960053279
TSPYL2,2,0.012852802176864249
DHX29,2,0.26142704188492494
TSPOAP1,2,0.010771815187357703
DGCR8,2,0.09250622400133196
DGKA,2,0.00830669933651777
TSPAN6,2,0.002623327390925717
CDC45,2,0.002246848656654169
DGKH,2,0.03499470857824264
DGKK,2,0.010249241833657285
TSPAN32,2,0.0033302240640479507
CDC42EP5,2,0.01172238870544879
TSPAN2,2,0.09534358169055128
TSPAN18,2,0.31374376864943787
DHRS2,2,0.0014800995840213117
DHTKD1,2,0.3252431086176019
DHX16,2,0.003700248960053279
DLX2,2,0.09768865623271647
CCT5,2,0.06925553580761587
CCT2,2,0.03445342920582941
DPH5,2,0.028745460688884734
CCNA1,2,0.021888015778915373
DOCK11,2,0.005558108826074524
CCN5,2,0.003700248960053279
VIT,2,0.004954889322726328
CCL16,2,0.012375277077511522
CCDC93,2,0.31687723948721336
TRMT1,2,0.045204884398423975
DOK1,2,0.012580846464181148
TRIQK,2,0.3025903915460363
DORIP1,2,0.003700248960053279
DOT1L,2,0.02574902709484602
CCDC85B,2,0.04925826015658636
TRIP13,2,0.043662937728628684
TRINGS,2,0.022182409476477313
CCDC82,2,0.28217037887039587
CCNC,2,0.020018090248374205
DPM3,2,0.022186836203576546
DPP3,2,0.019907289046442806
TRIM9,2,0.017286772279442652
CCDC71,2,0.03783020535975234
CCDC69,2,0.022578259799463637
DPY30,2,0.007400497920106558
DPYSL2,2,0.13438734719903125
DPYSL3,2,0.0930759575316237
CCDC60,2,0.26038250749526143
DPYSL5,2,0.027381842304394263
TRIM7,2,0.0021371947410285265
DR1,2,0.22504936734869557
DRAM2,2,0.0764159006530082
DRC11L,2,0.09156633051985595
VIRMA,2,0.005128956197407183
CCNDBP1,2,0.048103236480692625
DMPK,2,0.003700248960053279
DNAJC11,2,0.02019504189480725
DMRT2,2,0.3103199300433533
DMRT3,2,0.03177711919819143
DMRTA1,2,0.01429138547609045
TSACC,2,0.004234729365394308
DNAAF1,2,0.015678690032935375
DNAAF4,2,0.00525229782940896
DNAH6,2,0.2397461189435379
CCSER1,2,0.29395854274269506
DNAH7,2,0.025446675080887025
DNAI1,2,0.012713438718583056
DNAI2,2,0.03571932949896888
DNAI7,2,0.05472051776949232
DNAJA1,2,0.003700248960053279
TRPM4,2,0.01788614685377677
CCS,2,0.024421643136351638
TRMT61A,2,0.004440298752063934
CCRL2,2,0.3399175757660409
DNAJC27,2,0.025221574170530125
CCPG1,2,0.0331764321758377
DNAJC5,2,0.005365360992077254
TRPC1,2,0.00571482894941562
DNAJC6,2,0.2531429755005512
DNAL1,2,0.03192574802733969
VGLL4,2,0.037646332919582054
DNASE1L2,2,0.04126517640251417
CCNT1,2,0.03813476578230909
TRNT1,2,0.09195755741835142
TRNP1,2,0.010810946016942342
VILL,2,0.022533009147971825
CCNH,2,0.18947388463723058
ASB5,2,0.025202267597655304
ATP10D,2,0.03524915944930572
G6PC2,2,0.40309594430907625
AJM1,2,0.0023893896510245017
SPAG8,2,0.0029601991680426234
SPANXB1,2,0.008305003221452913
ILDR2,2,0.28619889393539527
ILDR1,2,0.00902610953770062
ZNF575,2,0.019608713061196582
IL17D,2,0.005344804053410291
IHO1,2,0.09268240095877774
HSD3B7,2,0.0980151350351159
IGSF9,2,0.015140928802847347
AK3,2,0.003700248960053279
AK6,2,0.003700248960053279
IGSF10,2,0.01850124480026639
IGLV7-46,2,0.034359693722792156
IGLV7-43,2,0.025840322222877906
INA,2,0.0018295016058272639
AIFM1,2,0.003700248960053279
AIF1L,2,0.00835181174974306
INCENP,2,0.0029601991680426234
ING1,2,0.007400497920106558
SPAG5,2,0.011840796672170494
SPAG4,2,0.025224855929036543
INHBC,2,0.0030666163719991384
SPAG17,2,0.2090466665629422
INKA1,2,0.021371776546612667
SPAG16,2,0.25225756939681304
INO80D,2,0.2665146918836325
INPP4A,2,0.3077557632550581
INPP4B-AS1,2,0.006986080460400714
SPAG1,2,0.2373552657271034
INPP5J,2,0.021623484594200316
INSIG1,2,0.007350968247759574
IGLV6-57,2,0.02276221710297386
AKAP1,2,0.01850124480026639
IGLV5-45,2,0.026317324621313185
IGLV2-18,2,0.02094510086902654
IGLC4,2,0.00703047302410123
IGLC5,2,0.00703047302410123
IGLC6,2,0.00703047302410123
IGLC7,2,0.011562079932341315
AKR1C3,2,0.004790637397873217
IGLON5,2,0.011240744159790384
IGLV1-36,2,0.014763801760121393
IGLV1-40,2,0.017835770919373668
IGLV1-44,2,0.029719676356069546
IGLV1-50,2,0.017524072582189024
IGLV1-51,2,0.0253662514088867
IGLV10-54,2,0.035828899439103744
IGLV2-11,2,0.02514734772756694
IGLV2-14,2,0.021128420528636078
IGLV2-23,2,0.017986858086722634
AKAP10,2,0.046828500713954266
AKAP6,2,0.4206834783389672
IGLV2-8,2,0.020651069426890115
IGLV3-1,2,0.01945105638907493
IGLV3-10,2,0.014004326936411989
IGLV3-12,2,0.019835732572756393
SPATA6,2,0.2701638574658994
IGLV3-19,2,0.021028988505263017
IGLV3-21,2,0.026149446573761604
AKAP3,2,0.02419593833249551
ZNF536,2,0.28261002727672085
AKAP13,2,0.008505433373455799
ZNF541,2,0.08571044681595928
IGLV4-60,2,0.021965251512473718
IGLV4-69,2,0.016126395705841335
INSRR,2,0.012626227178189625
AHNAK2,2,0.002220149376031967
SPACA3,2,0.011100746880159837
JPH1,2,0.006140846639990074
SORL1,2,0.3183905130952788
ITPKA,2,0.028525559665902943
ITPR2,2,0.2532619192075498
ITPRIP,2,0.05279720624288739
ITSN2,2,0.007400497920106558
AGMAT,2,0.01406094604820246
SORBS3,2,0.0023489893888336494
IYD,2,0.44595490155562373
IZUMO2,2,0.03162972811053543
SON,2,0.058223881921935144
JAKMIP1,2,0.32773475100787747
ZNF618,2,0.22190533206893
JMJD8,2,0.03899322354104145
SOCS6,2,0.06157830977688664
AGAP9,2,0.004942849884591114
ITM2A,2,0.004069991522907364
JSRP1,2,0.02195557318667535
AGAP3,2,0.0018501244800266394
KALRN,2,0.3748145636770687
AGAP1,2,0.008112852759378945
KANK2,2,0.004234729365394308
SOCS3-DT,2,0.01433310641957834
KANK4,2,0.004553509527854398
KARS1,2,0.01924129459227705
KAT8,2,0.033302240640479513
KATNAL1,2,0.07400247105168496
AFF2,2,0.015211326146150738
KBTBD11,2,0.06565015225285867
SNX9,2,0.34840534442175414
KCMF1,2,0.3003376240952783
ITM2C,2,0.012455037999539334
ITGBL1,2,0.03939115266643808
INTS11,2,0.0618198338144077
SOX8,2,0.006689783369898646
AHCY,2,0.00795553526411455
SP7,2,0.013466362817845596
INVS,2,0.3000714619116959
AGXT2,2,0.05353667494700524
SP4,2,0.2481677742580328
SP3,2,0.003700248960053279
SP2,2,0.008140547712117212
IPO5,2,0.2768215952742724
SP140L,2,0.08655535663880898
IPO8,2,0.004501969568064822
IPP,2,0.0014800995840213117
IPPK,2,0.1740754936426508
SP110,2,0.3279567913628012
IQGAP1,2,0.04182021374652216
SOX7,2,0.007400497920106558
AGPAT1,2,0.06519633098227208
IQSEC3-AS1,2,0.01831623235226373
AGTPBP1,2,0.29645604078923027
IRAG2,2,0.30217987034670146
SOX5,2,0.4199322847282754
SOX3,2,0.011840796672170494
SOX21,2,0.17501864026649325
IRX2,2,0.28436569206877116
AGRN,2,0.007874696228240639
AGPAT4,2,0.023611638446609417
IRX5,2,0.07988370630524548
ISL1,2,0.2678441850031957
ISL2,2,0.08902273916780348
ZNF598,2,0.03591954387022239
SOX1,2,0.009620647296138525
IGLC1,2,0.00703047302410123
SPATC1,2,0.08806173954677492
IGKV6D-21,2,0.020611846769178384
SPIC,2,0.008695585056125206
IFNL2,2,0.004440298752063934
ALKBH3,2,0.009415077909468897
IFT140,2,0.033376245619680577
IFT20,2,0.0029843129384946594
IFT25,2,0.04005519499257674
ZNF467,2,0.16512363708055264
ALG9,2,0.007400497920106558
IFT57,2,0.11884463502907021
ALG3,2,0.009500209786708382
IFT74,2,0.027619291724125382
ALG2,2,0.03700011370384515
SPIN1,2,0.007400497920106558
IGFBP6,2,0.0014290376319298173
IGFL2,2,0.007400497920106558
IGHD2-15,2,0.00816137296538226
IFNA13,2,0.01406094604820246
IGHV1-18,2,0.021006458979694876
IGHV1-2,2,0.019025090653433028
IGHV1-24,2,0.035656646921361036
IGHV1-3,2,0.024681141134583112
IGHV1-45,2,0.01402095507223143
IGHV1-46,2,0.022928630538502
IGHV1-58,2,0.020823489789808698
IGHV1-69,2,0.007220023451091725
IGHV1-69D,2,0.018485478997885153
IGHV1OR15-9,2,0.018986577522057374
ZNF488,2,0.03348052758108128
IGHV2-26,2,0.027469587678202432
IGHV2-5,2,0.002520910960594345
IGHV2-70,2,0.030654456106192027
IFNE,2,0.0318221410564582
ZNF44,2,0.03410396124849105
IGHV3-13,2,0.019004776932911013
HYAL1,2,0.03476479000044562
AMY1A,2,0.0159110705282291
SPOUT1,2,0.012025809120173156
HSPB8,2,0.003801797424465189
SPOPL,2,0.32461475589881994
SPOP,2,0.2775186720039959
HTR1D,2,0.033882306017440605
AMPH,2,0.004401074377707121
HTR2B,2,0.027664705780451666
AMPD2,2,0.004255286304061271
HTR3D,2,0.37002489600532784
HTR3E,2,0.37002489600532784
HULC,2,0.011871590560423277
AMOTL2,2,0.004440298752063934
HUS1,2,0.007400497920106558
HYAL2,2,0.013855376661532831
IFI6,2,0.01707488683599691
HYI,2,0.06882463065699099
AMN,2,0.01178697293183127
AMANZI,2,0.00835291205657048
IAH1,2,0.019135942800803104
ICA1,2,0.039809469556610154
ICAM4,2,0.05965470215551249
ICE2,2,0.09080694232931329
ID2-AS1,2,0.004242627088640172
ID4,2,0.3934007255502719
IDH3A,2,0.015771127719568973
IDI2,2,0.059890196580040196
IDNK,2,0.2651749044983097
IER2,2,0.045013333931008925
ALPK3,2,0.0024775658460567287
IGHV3-11,2,0.018576870681428628
ALG10B,2,0.28909802548987323
IGKV6-21,2,0.019837663557863688
IGKV1D-8,2,0.023141205929518623
IGKV1-12,2,0.006303571983227843
IGKV1-17,2,0.02224575883775163
IGKV1-33,2,0.014772768822083449
IGKV1-39,2,0.020636470851794472
IGKV1-8,2,0.02054582895342308
IGKV1-9,2,0.0286920790490712
IGKV1D-12,2,0.00930845488822727
SPDYA,2,0.033082346081221084
IGKV1D-16,2,0.0197917018403872
SPDL1,2,0.008572243424123428
IGKV1D-39,2,0.022495356209960314
AKT1S1,2,0.007400497920106558
ZNF513,2,0.03653625823156607
IGKV1D-43,2,0.020617681481667725
IGKV1OR2-108,2,0.011229315183854916
SPDYE21,2,0.21888308561728356
IGKV2-24,2,0.027494470187619996
IGKV2-28,2,0.0025372952664889942
SPCS1,2,0.045341060455426276
SPC25,2,0.06059064362039333
IGKV2D-38,2,0.007400497920106558
IGKV2D-40,2,0.025046387044119822
IGKV3-11,2,0.021561263149315477
IGKV3-15,2,0.032754458579090893
IGKV3-20,2,0.023638216264378363
IGKV3-7,2,0.02069980265587842
IGKV3D-11,2,0.020175959317859902
IGKV3D-15,2,0.023419565877452617
IGKV3D-20,2,0.024676384947863075
SPATC1L,2,0.02052609875479975
AKTIP,2,0.003700248960053279
IGHV7-81,2,0.019773719941397795
IGHV3-15,2,0.0286068195353026
IGHV3-72,2,0.026859569937371996
IGHV3-20,2,0.020683921259120486
IGHV3-21,2,0.02042931028168595
IGHV3-23,2,0.02093606371162435
IGHV3-30,2,0.026129655611105883
IGHV3-33,2,0.020217923263343904
IGHV3-35,2,0.021756562606354158
SPESP1,2,0.0015559305452215496
IGHV3-43,2,0.017271624736836504
IGHV3-48,2,0.01970616929459165
IGHV3-49,2,0.02604416987027143
IGHV3-53,2,0.01627309744768094
IGHV3-64,2,0.02272703659366313
IGHV3-66,2,0.021077321574465888
IGHV3-7,2,0.029975043039770628
IGHV3-73,2,0.025835253285915953
IGHV6-1,2,0.026181225503350315
IGHV3-74,2,0.024601525294125324
ZNF501,2,0.03410396124849105
IGHV3OR16-13,2,0.01862075887919431
IGHV3OR16-17,2,0.017063501609440247
ALDH3A2,2,0.009620647296138525
SPECC1,2,0.18501244800266392
SYT16,2,0.004171468945270053
IGHV4-31,2,0.023010965377327438
IGHV4-34,2,0.03172137482785445
IGHV4-39,2,0.01839234625021645
ALDH3A1,2,0.020487953320856837
IGHV4-59,2,0.0188912809975431
IGHV4-61,2,0.015300103423144666
IGHV5-51,2,0.008708708114973018
ZNF646,2,0.019705018027557617
AFAP1-AS1,2,0.0057839698647516365
AFAP1,2,0.02319866473497901
LHX2,2,0.011100746880159837
SLMAP,2,0.053973772723773863
ACSBG2,2,0.0018501244800266394
LFNG,2,0.26850023354249747
ACP4,2,0.047629604613805804
LGALS16,2,0.0659638354334163
ZNF860,2,0.13116365659756882
LGALS9C,2,0.035729603958274465
LGI2,2,0.010891037581177323
LGI4,2,0.016284380763693925
LHFPL2,2,0.20118585881254722
SLIT3-AS2,2,0.017010826014899016
LHFPL5,2,0.31143827216813097
LHFPL7,2,0.032033982357026244
LHPP,2,0.08584577587323607
ACO1,2,0.04127833284326103
LEAP2,2,0.028491802091396276
ACKR4,2,0.010898692619284863
LHX9,2,0.027899439662983156
ACIN1,2,0.008028241414994272
LILRA1,2,0.023150678927671735
LILRA2,2,0.024241737733958456
LILRA4,2,0.0778403083364632
ACER2,2,0.1288078191165912
ACER1,2,0.03256219084846885
LILRA5,2,0.040019980816644346
LILRA6,2,0.052916516953682505
LILRB2,2,0.029691028856333023
ACAT2,2,0.02044140867165433
SLFN5,2,0.023750904273029526
LIMD2,2,0.011034797010442042
ACSS3,2,0.05494774237529644
ACTBL2,2,0.008140547712117212
LIMS1,2,0.04155566540121356
LARP7,2,0.07400497920106557
ACYP1,2,0.007400497920106558
KRTAP5-4,2,0.0772954841832905
KRTAP5-5,2,0.18502890118371734
KRTAP7-1,2,0.2035074776468702
KRTAP8-1,2,0.029494755867390452
L1TD1,2,0.049112778251072596
ACVR1,2,0.18501244800266392
SMCHD1,2,0.0507837460831507
L3MBTL4,2,0.25647840558548224
LAMA2,2,0.3487062244041084
ACTR3,2,0.024051618240346313
LAPTM5,2,0.007879890379792283
ACTR1A,2,0.06123143899118129
ZNF799,2,0.09945875164611209
ZNF80,2,0.035232882709872196
LDHD,2,0.025811550303501036
ZNF800,2,0.03306542470703609
LASP1,2,0.09250622400133196
LBX2-AS1,2,0.00444900254779828
SMAGP,2,0.01087873194255664
LCE3A,2,0.04719419094927553
ACTC1,2,0.3289117158608589
LCE3B,2,0.05716868935567106
LCE3C,2,0.0858893158865583
LCE3D,2,0.07106921230112076
LCIIAR,2,0.02786671506919615
LCN1,2,0.022284650595296576
LCN15,2,0.01820361982894393
LCT-AS1,2,0.005479511805741179
SMAD3-DT,2,0.03368551466149046
LIMK1,2,0.02382953801052168
LIMS2,2,0.03105331707685742
ZNF76,2,0.19138729682404537
SLC5A3,2,0.27775067067892983
SLC6A1,2,0.3159244133863805
LINC01050,2,0.01972805605305729
SLC68A1,2,0.30677386150509994
ZSWIM2,2,0.26959822974298325
SLC67A1-AS,2,0.029231240920874455
SLC67A1,2,0.009358318208758452
ZSWIM6,2,0.2799995073450541
LINC01093,2,0.02809219176555795
LINC01116,2,0.0021132450729667886
LINC01127,2,0.02934998329579738
LINC01133,2,0.016084300874655563
LINC01193,2,0.0029601991680426234
LINC01194,2,0.008510572608122541
SLC5A6,2,0.004995336096071927
SLC5A12,2,0.06114492888723271
SLC6A12,2,0.004398742744523597
LINC01224,2,0.0015549503436083638
LINC01235,2,0.025531824791090563
LINC01270,2,0.023930371917649344
LINC01271,2,0.010924014819668494
LINC01303,2,0.025110427837571676
ZWINT,2,0.17609981937508465
LINC01443,2,0.00342683220982992
SLC4A2,2,0.009045053013463571
LINC01484,2,0.03032375746955802
AADACL2,2,0.030749132413416983
AAAS,2,0.005920398336085247
LINC01503,2,0.0022669194420920896
ZYX,2,0.013849574986311359
SLC4A10,2,0.3713847040007059
ABCA12,2,0.06219458627767678
SLC6A13,2,0.025161692928362296
ACAA2,2,0.017228359158008064
ZRSR2,2,0.2775186720039959
LIN7A,2,0.005619718041551363
LINC-PINT,2,0.008510572608122541
SLCO5A1,2,0.003123592313810923
SLCO4C1,2,0.0075361248900281405
SLCO2B1,2,0.01406094604820246
ABRAXAS2,2,0.035540040001072484
ZP4,2,0.022932437135666117
ABLIM3,2,0.21989442692720793
LINC00467,2,0.0030049002743163505
ABHD8,2,0.03299141972783503
ABHD6,2,0.005190349814077394
SLC9A7,2,0.021427658997610996
ABHD13,2,0.24148527519635943
ZRANB2,2,0.17457791115524654
ZSCAN18,2,0.02073150161243773
ABCA7,2,0.019298517212116593
LINC00582,2,0.020286798818942364
ABCD2,2,0.006739491479276579
ABCD1,2,0.003700248960053279
SLC7A7,2,0.007902056546723553
ABCC9,2,0.0073477273608124295
SLC7A11-AS1,2,0.00909479342641783
ABCC3,2,0.00795553526411455
LINC00877,2,0.0037423714474043284
LINC00922,2,0.015083893985779095
SLC6A5,2,0.3305908335640061
LINC00940,2,0.016704954126141484
LINC00955,2,0.030490181150856572
SLC6A20,2,0.0243041908830024
ABCB7,2,0.0112857593281625
ADAM1A,2,0.003700248960053279
ZNF75A,2,0.056540810823742536
SNX30,2,0.2882284136680142
KHK,2,0.03541020176677907
SNRNP70,2,0.03754550026468121
ADH5,2,0.005992347621419616
KDELR3,2,0.01665219825938277
ADH1A,2,0.013779727127238411
ADGRV1,2,0.07365156222541427
SNORD12C,2,0.003700248960053279
ADGRL1,2,0.01443097094420779
ADGRG7,2,0.01960159378142616
SNORA62,2,0.003700248960053279
KDSR,2,0.18501244800266392
ADGRG4,2,0.03996677394409032
ZNF697,2,0.0012123245009585852
KHDC1,2,0.2696392744748068
KHDRBS2,2,0.018820647261609147
ADGRF4,2,0.0293106969319568
ADH6,2,0.013889386025679979
KIAA0319,2,0.1973121984933792
ADGRF2P,2,0.053638808924932335
ADGRD2,2,0.020518941841593547
ADGRD1,2,0.020868785102510282
KIAA1328,2,0.10991789107190089
ADGRA3,2,0.40617629457902354
ADGB,2,0.0045570016653316454
ZNF704,2,0.29645604078923027
KIDINS220,2,0.2267572781186863
KIF13B,2,0.034347846030775626
ADCY9,2,0.36187544845047404
KIF16B,2,0.2505666411327353
KIF18A,2,0.21071282407772957
KIF20A,2,0.003700248960053279
SNRPA,2,0.0659638354334163
KCTD19,2,0.0026960140486528097
KIF22,2,0.011100746880159837
KCNK10,2,0.06101019904802991
KCND2,2,0.014800995840213115
KCNE1,2,0.015173354568663462
KCNE4,2,0.33569102470222645
KCNG1,2,0.08975572314593146
KCNH2,2,0.033627862548964195
KCNH5,2,0.31412547803883617
KCNH7,2,0.2358198599944335
SNX25,2,0.0014800995840213117
SNX21,2,0.019905586660501035
KCNJ10,2,0.005824113704079224
KCNJ13,2,0.05927298246777549
KCNJ15,2,0.05451714844888412
KCNJ16,2,0.01902786817327884
KCNJ6,2,0.31504370228387124
ADPRH,2,0.0020374724855089827
SNRPD3,2,0.009872406369476614
KCNK16,2,0.007400497920106558
KCNK4,2,0.002220149376031967
SNX11,2,0.06622433632221089
KCNQ2,2,0.00293964222937566
KCNQ3,2,0.4084940053685454
ADNP,2,0.020954289483434075
SNTN,2,0.328101396693979
SNTG2,2,0.0017750807442435525
KCNV1,2,0.186170963678767
KCNV2,2,0.06858376032619434
ZNF683,2,0.008708535927485392
SNTB1,2,0.2038832982972052
SNRPF,2,0.010989739411358238
KCTD16,2,0.0038449354238640804
KIF20B,2,0.15748411744738502
KIF23,2,0.04032958636919965
KRTAP4-1,2,0.00397503450977225
KRT16,2,0.030791899809844415
KLRK1-AS1,2,0.0040001283970854265
SMLR1,2,0.04544716488723639
KNDC1,2,0.0027831113242024583
KPNA1,2,0.25941101993622645
KPNA2,2,0.011100746880159837
ADAMTS4,2,0.04721851248565336
KPNB1,2,0.1162938075029276
ADAMTS3,2,0.015629851607265047
ADAMTS19,2,0.057686881287230624
KREMEN1,2,0.0073589991014299475
SMIM32,2,0.008325560160119878
KRT10,2,0.004070273856058606
KRT13,2,0.005821520631989689
KRT15,2,0.008900747513900709
KRT23,2,0.03265488722953501
KLRC4-KLRK1,2,0.03497475317042359
ADAMTS17,2,0.4225803611470672
SMIM3,2,0.027226087745204432
SMIM24,2,0.0410662308156197
ADAMTS15,2,0.028418288301429805
KRT4,2,0.03068246437676179
KRT72,2,0.012217979402877142
ADAMTS14,2,0.293662062313753
SMIM22,2,0.015323708807754438
KRT75,2,0.02812189209640492
KRT77,2,0.031282036588924596
SMIM2-AS1,2,0.023523320478284346
KRT8P3,2,0.002220149376031967
ADAMTS10,2,0.004178601801225349
KRTAP13-2,2,0.012305044910754825
KLRG2,2,0.08378436184764193
ADAMTS8,2,0.32745500281956474
SNCAIP-AS3,2,0.015186518161097281
KLHDC2,2,0.02143328023564086
ADCY8,2,0.040009410994732916
KIF3C,2,0.022370928221813923
KIF4A,2,0.007400497920106558
SNAP91,2,0.0067115757214867
KIFAP3,2,0.004070273856058606
ZNF717,2,0.2050448358806612
KIFC3,2,0.01596754629782147
KIN,2,0.03629944229812267
KIR2DS4,2,0.011100746880159837
KIRREL3,2,0.41721673401676895
KLB,2,0.013461837109920391
ADAP1,2,0.4461047657457238
KLF10,2,0.010525152597484882
KLF11,2,0.017021145216245082
ZNF727,2,0.0022115023357145444
KLRC2,2,0.004419741813396972
ADAMTSL2,2,0.003700248960053279
ADAMTSL1,2,0.008922354830950151
KLHL23,2,0.027233403907693847
SMPDL3B,2,0.027677223059241588
SMPDL3A,2,0.12172536082784981
SMPD3,2,0.002220149376031967
SMPD2,2,0.0014800995840213117
KLHL38,2,0.06604189155190907
KLK11,2,0.00811999077345025
ADAMTS9-AS1,2,0.0019858107704703197
KLK15,2,0.01642197166551446
KLK2,2,0.18501244800266392
KLK7,2,0.01064627210198777
KLK8,2,0.0065230473391212065
AMY1B,2,0.0159110705282291
IGHV4-28,2,0.017025023556003438
HSD3B1,2,0.053640303734862234
GPR78,2,0.003700248960053279
GPRC5B,2,0.012576610387747154
STRAP,2,0.002220149376031967
ARAP2,2,0.4338885505132321
STRA6,2,0.022932094806805726
GPSM3,2,0.003700248960053279
GPX7,2,0.03039384495787763
GRAMD1A,2,0.2835860802626701
AQR,2,0.18087323787639506
GRAMD1C,2,0.020731553371004744
STOX2,2,0.0420033942823488
GRB7,2,0.033886028617121366
GREB1,2,0.007858147146189499
STON2,2,0.25503961263820135
ZMAT5,2,0.08549743278513712
GRHL2,2,0.3155793349314085
GRIA2,2,0.07725450010327377
GRIA4,2,0.1091432461950396
APPL1,2,0.022830781950514984
GRIFIN,2,0.05366315276578351
GRIN1,2,0.034658998592499046
GRIN2D,2,0.006914497374128859
STMN4,2,0.09546741062490022
GRK5-AS1,2,0.002613403011662972
STMN2,2,0.0051803485440745905
GRM1,2,0.03256219084846885
GRM7,2,0.363065455831238
STK38,2,0.3597561415425357
STRIP2,2,0.01982779293968813
ARC,2,0.004810323648069262
SUCO,2,0.023999224880023866
STX10,2,0.09141843108889555
SUCLG2,2,0.2812080337097095
GOLGA2,2,0.008325560160119878
ARHGAP25,2,0.005450519716376594
SUCLA2,2,0.007400497920106558
STYXL2,2,0.33633369951812175
STYK1,2,0.003700248960053279
ARHGAP11B,2,0.0425935032800227
GOLGB1,2,0.024199188717961655
STXBP5,2,0.1946708940555877
GOLPH3L,2,0.16783735606154443
GOLT1A,2,0.019414637275735887
GPAA1,2,0.004070273856058606
GPAM,2,0.22946713743924332
ZIC4,2,0.09150410176604608
STX7,2,0.020751121093497804
ARGFX,2,0.2834960729813311
STX4,2,0.024496813530096147
GPC2,2,0.003700248960053279
GPD1,2,0.041610529568067
GPD1L,2,0.02001613974140449
STX1B,2,0.018817655903049096
GPR137,2,0.06990556617712827
STX19,2,0.07748759602453127
GPR156,2,0.2296265717411031
STX17,2,0.039748230530011766
GPR160,2,0.009622262290161568
ARFGAP3,2,0.021616121926100868
GSG1,2,0.02554470149600439
STK32A,2,0.2576828667344922
GSS,2,0.009497305664136748
GSTA2,2,0.06101224122632782
APLP1,2,0.004440298752063934
H2BC12L,2,0.0029601991680426234
STAP1,2,0.10688202001891967
H3-7,2,0.10416580604314679
STAC2,2,0.02415999110934617
STAC,2,0.0082022185281181
APBB3,2,0.018480687861599426
H3P14,2,0.002220149376031967
ST8SIA5,2,0.2640278134170936
H3P20,2,0.006660448128095901
ST8SIA4,2,0.006624764245115512
H3P36,2,0.003700248960053279
H3P37,2,0.007400497920106558
H3P43,2,0.0018501244800266394
ST8SIA1,2,0.0032191527182909045
AP1S2,2,0.0159110705282291
HADH,2,0.025348297850205145
HAGLROS,2,0.0014127701125983732
HAL,2,0.05510411460176577
HAND1,2,0.011159424354173197
HAO1,2,0.18340733653145325
ST6GALNAC3,2,0.25436384123407785
HAPLN3,2,0.023505152654206198
ZNF189,2,0.04124746324479557
HAPLN4,2,0.02421943539384238
HASPIN,2,0.044974842088872945
ST3GAL6,2,0.007400497920106558
H2AZ2,2,0.0051803485440745905
H2AZ1,2,0.005735385888082583
H2AC8,2,0.002053478219899384
GUF1,2,0.11239745892804133
GSTA3,2,0.08570199002425663
GSTM4,2,0.01562985160726505
GTF2A1,2,0.06003390827942886
GTF2A2,2,0.06882887274636613
GTF2B,2,0.27111134896463135
STK17B,2,0.12261031824606244
GTF2E2,2,0.024835189078205075
STK17A,2,0.019784702095683775
GTF2IRD1,2,0.26712913879724803
STK11IP,2,0.025414739147689547
GTPBP4,2,0.028317766202306312
STIM2,2,0.1029689804803282
STEAP1B,2,0.3079164753802118
STARD10,2,0.013920336587720435
GULP1,2,0.20785700618403075
STEAP1,2,0.030206724284125033
GYPB,2,0.036333792953986234
GYPC,2,0.0032988833253327857
GYS1,2,0.0066239409732856335
H1-0,2,0.010175684640146518
APOBEC3G,2,0.007651027579119742
H2AC1,2,0.02818084750528286
ZNF106,2,0.05451479786831862
STARD4,2,0.052203417536539724
H2AC18,2,0.003700248960053279
H2AC20,2,0.003700248960053279
GNRHR,2,0.09556598979852984
GNPDA2,2,0.20051897910115035
HAX1,2,0.04387015167039167
ARPC5L,2,0.09762631720289418
SYNC,2,0.0016733950913641962
ARPC4,2,0.03580360893747553
ARNT2,2,0.3107665589212646
ARMS2,2,0.003700248960053279
ZEB2-AS1,2,0.003014840364241364
SYN2,2,0.009976619927144582
GBA1LP,2,0.0061054107840879095
ARMCX2,2,0.005196576286941333
ARMC9,2,0.003700248960053279
GBA2,2,0.008880597504127868
GBP6,2,0.004010691524112846
GCA,2,0.022924340119454018
ZFAND3,2,0.035827546106859134
SYDE1,2,0.1419468200306579
GCOM1,2,0.032118160973262457
GDA,2,0.24736149088688533
ARMC12,2,0.3368094506061413
GDF1,2,0.007400497920106558
GDF6,2,0.008325560160119878
ARL5C,2,0.26157708342742664
SVOPL,2,0.02414114098530489
GDPD2,2,0.019892203446472464
ARL4C,2,0.0022662014427615148
ARL3,2,0.03057145690796019
GFI1B,2,0.013054478331067966
SV2B,2,0.36567809128567413
GFPT2,2,0.03089699022749909
ARPC5,2,0.004070273856058606
GARRE1,2,0.20651088895559494
GNMT,2,0.018665700309602094
ARRDC3,2,0.21939884652738237
GABARAP,2,0.011840796672170494
GABARAPL2,2,0.007770522816111886
ASB2,2,0.004979286229668783
GABBR2,2,0.25591654954418547
SYT13,2,0.2957405479654323
SYT12,2,0.01385169565101876
GABRA3,2,0.07400497920106557
GABRA6,2,0.07400497920106557
GABRD,2,0.07400497920106557
GABRG2,2,0.07400497920106557
SYT11,2,0.01868253194812781
GADL1,2,0.027268506485510543
GAL3ST2,2,0.20675392763782247
ZDHHC18,2,0.10981948075841529
SYNPO2,2,0.006025557568510476
GALNT15,2,0.32495275187689415
GALNT17,2,0.245292801114654
ZDHHC19,2,0.019444606549854495
GALNT5,2,0.004301311789161547
GALNT6,2,0.0060268441938694
GALNT7,2,0.1918161250858765
ASAP3,2,0.009620647296138525
GALR3,2,0.07527950939841725
GANAB,2,0.07400497920106557
ZDHHC24,2,0.03520795481726415
ART3,2,0.006471966780294093
ARSD,2,0.002764482347335691
GFRA2,2,0.3452507860535032
ARK2C,2,0.2242335454087958
ARIH2,2,0.03287301176111333
GGN,2,0.03621308758768916
GLRA3,2,0.030155871589463038
GLRX5,2,0.0402380510758635
GLT1D1,2,0.042297173467646755
GLTPD2,2,0.009964114767517632
GLYATL1,2,0.2997981097321037
GLYCTK,2,0.007400497920106558
GLYR1,2,0.030931175365498543
ZFYVE26,2,0.004440298752063934
GM2A,2,0.04241965407805079
ZFYVE28,2,0.2785153907146731
GMFG,2,0.037320948534238486
SULT1B1,2,0.005728445105644755
GMNN,2,0.021234595944059707
ARHGAP31,2,0.21114170603846497
GMPR,2,0.004345695539662776
GNA14,2,0.003665280386540458
GNAI3,2,0.013308150954218287
ZG16B,2,0.020472699012217013
GNAL,2,0.1189570393685322
GNAZ,2,0.09164622549085587
ARHGAP28,2,0.2902186971954133
GNG13,2,0.03478234022450082
GNG2,2,0.0028002778502570352
GNG5,2,0.03200715350446086
GNG7,2,0.06351085029929532
GNGT1,2,0.024599305930733586
SUDS3,2,0.2109725461421864
SUMF1,2,0.13436769581259364
GLO1,2,0.024202689981356062
SUMO1,2,0.011624948816167383
ARHGEF17,2,0.2787801854757014
GGT6,2,0.18091185653594535
GH2,2,0.017021145216245082
ARID5B,2,0.4526973938312774
GHITM,2,0.245011310565345
GHRHR,2,0.03580738903023851
ARID4A,2,0.033457651096801745
SUSD4,2,0.03612360963120975
SUSD3,2,0.019985625727483552
ZFP91,2,0.06107346472167079
ARID3B,2,0.008880597504127868
ARHGEF25,2,0.003025649991885201
ZFPM2-AS1,2,0.015011364458417319
GIPC2,2,0.14796298302635952
ARHGAP8,2,0.4213044939611967
GJA9,2,0.09218158106991196
GJB3,2,0.005177349322868366
SUPT20H,2,0.022832868924050072
GJC1,2,0.01563089998528352
GK-AS1,2,0.01901125602276612
GK-IT1,2,0.015450353633609401
GK2,2,0.2805461655261584
GLB1L2,2,0.011824297864750142
ARHGDIA,2,0.002220149376031967
GLDN,2,0.015926791549593883
ARHGAP9,2,0.0031682226131764793
GLIS1,2,0.001511346894853661
AOC2,2,0.0014800995840213117
GS1-204I12.4,2,0.013618005916943352
UPK1B,2,0.01498600828821578
ANKS4B,2,0.034441917320175916
ZNF253,2,0.0014800995840213117
HOXD9,2,0.014274842233976468
HHAT,2,0.30762052764567416
HOXD3,2,0.01208697317272988
SPTLC1,2,0.005920398336085247
ANKS1B,2,0.22984727815236497
SSH1,2,0.01850124480026639
ANKS1A,2,0.37589515356429676
HOXC13,2,0.2775186720039959
HOXB6,2,0.003700248960053279
ZNF397,2,0.08011529144513281
HOXA2,2,0.14726303912031305
SRD5A2,2,0.2812142417322901
HIBADH,2,0.03407120211221257
ZNF280C,2,0.0014800995840213117
ANKRD62,2,0.003932337615752289
HID1,2,0.0025814476110116668
SSPN,2,0.03297661873199482
HFM1,2,0.0061054107840879095
ZNF207,2,0.030882277820604657
HEXB,2,0.02181687810175194
HS3ST6,2,0.021304813413097867
ZNF208,2,0.003700248960053279
HECW1,2,0.2705588929615221
ANO4,2,0.005212401607751693
HS3ST1,2,0.16423441818368495
ZNF410,2,0.002220149376031967
HELLS,2,0.040983957481550114
HRURF,2,0.03059500996923058
SSX1,2,0.18501244800266392
SSU72L6,2,0.20846542099976678
SSU72,2,0.006475435680093237
HERC6,2,0.2050038128594276
HRK,2,0.010744869903167071
HES4,2,0.0017942332979421032
HPSE2,2,0.27543366138192604
HESX1,2,0.0014800995840213117
SPSB4,2,0.32267764746461086
SSBP2,2,0.2803621610395059
HORMAD1,2,0.34705706578347484
SS18L1,2,0.09250622400133196
ANKH,2,0.011470771776165165
HLA-DRB9,2,0.003700248960053279
HNRNPA1L3,2,0.37415110152650954
ANKRD16,2,0.27181358661173616
HLA-F-AS1,2,0.01134977445096969
SRSF3,2,0.18556748534667195
ANKRD18A,2,0.30681464157449373
HNF1A-AS1,2,0.01856707109732889
ZNF354B,2,0.002220149376031967
HLTF,2,0.0318221410564582
HMBS,2,0.012210821568175819
HMCN1,2,0.003700248960053279
SRRM1,2,0.04967029191527518
HMGB1P1,2,0.05522060822848426
HMGB3,2,0.026641792512383605
HMGN1,2,0.019536105006188104
HMGXB4,2,0.29168311852997575
HMGXB3,2,0.3342541365310655
ANKRD13C,2,0.3419328718171441
SRM,2,0.0030793463533572317
HNRNPAB,2,0.07685416171305819
ANKRD46,2,0.12083359524432025
ZNF281,2,0.024791668032356967
ANKRD60,2,0.030541854916279764
HIPK1,2,0.0014800995840213117
HOMER1,2,0.0017357931201852704
SRGAP1,2,0.02028130392707439
ANKRD1,2,0.011470771776165165
SRI,2,0.010153483146386196
HNRNPF,2,0.02194428273580367
ZNF302,2,0.06499522056450491
HIVEP2,2,0.03073244972041273
HNRNPC,2,0.04070273856058607
SRSF4,2,0.04416718057389244
HK3,2,0.032588486473855365
HKDC1,2,0.007870993896860561
HLA-DQB1-AS1,2,0.004378066932713104
HLA-DRB6,2,0.007400497920106558
HECA,2,0.0029601991680426234
ANGPTL8,2,0.10481680664355987
HEBP1,2,0.003700248960053279
HSD17B7,2,0.30591112814951577
HCG22,2,0.007185759851404547
HCN4,2,0.3323420111274707
ANAPC7,2,0.02294154355233033
HCP5,2,0.011037363232859193
HCN1,2,0.05009397042120129
HCP5B,2,0.0014800995840213117
HSD17B14,2,0.0019243822791964495
HBP1,2,0.05416611063084011
ANXA7,2,0.004070273856058606
ZNF205,2,0.033872802741263676
HSBP1,2,0.32469181677630066
HS6ST2,2,0.002643663827323304
ANXA11,2,0.022266248117120607
HBG2,2,0.008325560160119878
HSD17B3,2,0.1696273369968801
HBE1,2,0.003700248960053279
HSD17B10,2,0.00625958782409013
HSD17B12,2,0.030342041472436885
HSD17B1,2,0.04582237113924439
AMY1C,2,0.0159110705282291
SPRED1,2,0.3081006142657544
HS6ST1,2,0.3351085936719174
RGS9BP,1,0.027987889295646724
USP33,1,0.05534825845640531
RHOBTB2,1,0.00428720274202277
RASGRF2,1,0.0014800995840213117
WDR5B,1,0.023957981995990484
WFDC10B,1,0.005891627628692933
USP30-AS1,1,0.0022247440417570755
UQCC6,1,0.002590174272037295
ZNF780A,1,0.08340317075550197
UQCC5,1,0.0639144549909601
RASGRF2-AS1,1,0.007517020300399137
ZNF774,1,0.22103174755372348
RASGRP2,1,0.006290423232090574
WDR54,1,0.0014561149292724289
USP30,1,0.010257090117267689
RGS9,1,0.005015051399265555
RGS7BP,1,0.002018376440495441
ZNF780B,1,0.04885935322305077
ZNF367,1,0.0013992507313867401
WFDC9,1,0.05471040545915319
ZFX,1,0.003700248960053279
ZNF823,1,0.0076215566530626845
ZDHHC17,1,0.14840394371723234
ZNF815P,1,0.0014800995840213117
RAP1GAP2,1,0.3470545211644882
RGS12,1,0.1418341620563673
ZFY,1,0.002034898307801169
WFIKKN1,1,0.004440298752063934
WFDC10A,1,0.08097959072009336
ZNF804B,1,0.2262095592201875
RASGEF1C,1,0.0051803485440745905
RNF113B,1,0.1489544195160417
RNF11,1,0.02281323896200476
ZC3H11C,1,0.14181195246746547
WTIP,1,0.0031593033723335577
RASGEF1A,1,0.0014878692395724213
UPK2,1,0.07526070130890782
WSB1,1,0.17588587288338428
ZCRB1,1,0.018842557605104195
ZDHHC1,1,0.0014800995840213117
ZC2HC1A,1,0.02651264643814031
UQCC3,1,0.008216180792219951
USP41P,1,0.03444931781809602
ZNF341,1,0.0014800995840213117
RMRP,1,0.0014800995840213117
UPP2,1,0.01406094604820246
RMP64,1,0.0014800995840213117
RDH8,1,0.006855734343826812
RNF125,1,0.03707695954310159
USP39,1,0.004070273856058606
ZNF492,1,0.002321183468101892
ZNF729,1,0.26596284866226916
USP40,1,0.00293964222937566
WFDC5,1,0.003700248960053279
ZYG11A,1,0.003511517672199088
USP43,1,0.02784903318693003
RMND5A,1,0.009459771495493074
RDH14,1,0.0769559227453233
ZNF493,1,0.001437940129406254
ZBTB6,1,0.0014800995840213117
RMND1,1,0.06429724784218051
WWC3,1,0.0017246825400033413
WWP1,1,0.0014800995840213117
ZBTB44-DT,1,0.005512769039087664
RBM4,1,0.007400497920106558
WDR38,1,0.2333456082048407
RGPD4,1,0.17073023772301835
WDR49,1,0.007785682332776082
REC114,1,0.18602638493423068
ZSWIM9,1,0.002208863257149689
ZC3H11B,1,0.19717414981184098
WDR46,1,0.002220149376031967
ZNF770,1,0.018617688274373382
ZNF395,1,0.011100746880159837
REC8,1,0.005365360992077254
RNF122,1,0.0031363852744352135
RNASE10,1,0.1041439493374847
WDR43,1,0.021052185635011763
WDR4,1,0.011100746880159837
ZDHHC11,1,0.013494696342738314
RASL10B,1,0.013054478331067966
ZNF740,1,0.0051347684039839345
ZDHHC11B,1,0.021579987623642414
ZNF74,1,0.09250622400133196
ZNF732,1,0.03269058779019076
ZDHHC16,1,0.004602179014178265
USP35,1,0.03899818823152189
ZFYVE16,1,0.003700248960053279
RGPD8,1,0.003700248960053279
ZDHHC13,1,0.020815122534207364
ZBTB8A,1,0.26947661735648404
RHNO1,1,0.021863902550349097
RASA4,1,0.003700248960053279
RASAL2,1,0.03708635505935996
ZNF92,1,0.0017154275734040626
RGS20,1,0.039406656095334495
ZNRF4,1,0.1404350792591651
ZFAND4,1,0.2325601342235596
ZNF443,1,0.021519611190415767
ZFAND5,1,0.02582847269109531
ZNF414,1,0.004391365879593548
REEP3,1,0.3636147624592578
URGCP,1,0.012329229534897523
ZCCHC7,1,0.060648526120863605
ZSCAN5A,1,0.09373925317902879
RAPGEF2,1,0.03449269908689286
ZNF420,1,0.04835193469329169
WDR97,1,0.02394728522278553
ZNF407,1,0.005550373440079919
ZFAT,1,0.23167899028770153
ZFHX3-AS3,1,0.005100079466489216
ZNFX1,1,0.006660448128095901
ZNF436-AS1,1,0.010338899112162788
RARG,1,0.003700248960053279
ZFP3,1,0.0015500462683211264
ZSCAN5B,1,0.007400497920106558
WHR1,1,0.003700248960053279
UQCRB,1,0.0014800995840213117
ZSCAN4,1,0.025161692928362296
RND3,1,0.001478611140449267
ZP2,1,0.016171306014021013
ZRANB3,1,0.3923128541719731
ZC3H4,1,0.003700248960053279
UQCRHL,1,0.038608397649195915
WNK3,1,0.0029716997325123953
ZC3HC1,1,0.027839278584406203
ZSCAN20,1,0.023443086752589173
RBM5,1,0.019879288588438643
ZC3H18,1,0.17015509318023017
ZSCAN12,1,0.003700248960053279
RND2,1,0.0017335794224506156
RHEB,1,0.002220149376031967
WIPI1,1,0.0020431292993311548
ZP3,1,0.0020276271874213763
RGS22,1,0.2609609261634907
WNK4,1,0.002405915599113281
WNT10B,1,0.004465458290041651
ZPR1,1,0.035017243481381126
ZCCHC14,1,0.018592597724647008
ZSCAN30,1,0.02204584418634424
ZNF439,1,0.0074587422659944886
RELCH,1,0.0659029575607586
ZNF438,1,0.0034240854025549034
RGS21,1,0.007770522816111886
ZSCAN9,1,0.002220149376031967
URM1,1,0.11691912763136791
WRAP73,1,0.004604754261399636
UROS,1,0.031030287779006797
UQCR11,1,0.018142320651141228
ZNF862,1,0.07711775646942003
ZNF423,1,0.17035747171822746
WDR76,1,0.028415308092194096
ZC3H12D,1,0.0015676441687720929
ZFP69B,1,0.025078320116593014
WNT8A,1,0.0014800995840213117
ZSWIM4,1,0.07400497920106557
ZNF83,1,0.07400497920106557
WFDC1,1,0.003700248960053279
RNASE8,1,0.022494883973577143
RBMS1,1,0.004625311200066598
RNASE7,1,0.029911571625343424
ZNF829,1,0.042377229964460195
WDR73,1,0.054452863696144056
WNT9B,1,0.015501255714859111
RBM4B,1,0.01568720546614587
ZNF484,1,0.06982022067062583
RBMS2,1,0.0849633047765961
WRAP53,1,0.0056277401834844845
ZNF43,1,0.0014800995840213117
RAPGEF4-AS1,1,0.0055546773432244454
RASAL1,1,0.2699337334831767
ZNF865,1,0.0030967544245618936
ZFP69,1,0.16340485585263737
WDR93,1,0.015554300931581125
ZC3H15,1,0.003700248960053279
RNF10,1,0.007075478122040057
ZCCHC8,1,0.09250622400133196
USE1,1,0.0014800995840213117
RNASEH2C,1,0.05436909568690573
USF1,1,0.003700248960053279
WEE2,1,0.007028140292251402
RELL2,1,0.011100746880159837
ZFP42,1,0.3691181444477741
RASL11B,1,0.022958083200805064
ZDHHC21,1,0.05136080466463131
ZFP57,1,0.0014800995840213117
ZC3H13,1,0.0047715217194386735
ZNF474,1,0.01886308962016706
USH1G,1,0.02250508103318854
RBM6,1,0.022471293177619717
ZFP64,1,0.11849690167909914
ZDHHC2,1,0.002220149376031967
ZSWIM1,1,0.046748945361313125
ZNF888-AS1,1,0.009564609657533021
RNF103,1,0.01924129459227705
ZC3H14,1,0.06333213699356383
USP1,1,0.002220149376031967
USP45,1,0.02228240415284197
VSTM5,1,0.31034497372577435
USP46,1,0.16465771572059026
ZNF132,1,0.004058374789875516
ZNF613,1,0.0011488685852221485
VIM2P,1,0.003700248960053279
ZNF100,1,0.0014800995840213117
VIPR1-AS1,1,0.016394950781239002
RIPOR1,1,0.04201545847810779
ZNF599,1,0.09253045164126113
ZNF213,1,0.009916240058065911
RIPK4,1,0.06951437566397335
YPEL2,1,0.0031676530988174957
ZNF532,1,0.006458757761478402
WAPL,1,0.2741317427792691
WAKMAR2,1,0.002392510636338533
YPEL1,1,0.019503993127612803
VKORC1,1,0.002220149376031967
VKORC1L1,1,0.03298401922991493
VLDLR-AS1,1,0.01635607216548069
VMO1,1,0.0022938645587748394
ZNF595,1,0.0020099752351009407
WAC,1,0.003700248960053279
RIOK2,1,0.21490338147228252
ZNF594,1,0.08045777014311195
VN1R2,1,0.02512902227020445
YLPM1,1,0.07400497920106557
ZNF107,1,0.3315497882542293
RCC1L,1,0.01892059304684464
ZNF12,1,0.002220149376031967
VN1R4,1,0.1280592641658189
REV1,1,0.007770522816111886
ZNF217,1,0.0014800995840213117
YRDC,1,0.007400497920106558
ZNF518B,1,0.23936555366776843
ZMYND12,1,0.03783874586550483
XPO6,1,0.010049876175504704
YWHAE,1,0.37002489600532784
RBBP8NL,1,0.0014414776308607534
YWHAB,1,0.011840796672170494
VENTX,1,0.002220149376031967
ZNF649,1,0.002590174272037295
XPO7,1,0.04566292229153749
XPOT,1,0.03476816580902332
VGLL2,1,0.04104211828206411
ZNF226,1,0.03517456661426647
ZNF644,1,0.13688627587580368
RFX7,1,0.230245771550854
RIC8A,1,0.009235821404292983
ZNF624,1,0.002044567908181858
ZMYND15,1,0.001634999410621883
ZNF219,1,0.00452431708864763
RCHY1,1,0.01963934728371002
WASHC1,1,0.009701018452393117
ZMYND19,1,0.0034814900536510244
VGLL3,1,0.005005129112945962
ZNF525,1,0.002115096050427019
WASF1,1,0.0014800995840213117
RBFOX2,1,0.1845717740294234
ZNF619,1,0.030520739074864203
RIC3,1,0.033905967292099395
ZNF124,1,0.0011992761832550424
RIDA,1,0.004440298752063934
WFDC3,1,0.005371080261787269
VOPP1,1,0.2500948582963905
ZNF16,1,0.01935779608259417
VRTN,1,0.002645358577212463
RIN1,1,0.010360697088149181
ZNF18,1,0.01925651032208465
ZNF181,1,0.1562219395627047
VWA7,1,0.3433993483026016
RFX1,1,0.025161692928362296
RCAN2,1,0.28071647786741855
RCAN1,1,0.002220149376031967
ZNF583,1,0.002220149376031967
YARS2,1,0.003700248960053279
ZNF20,1,0.0024810524520541624
RIMS1,1,0.023443086752589173
ZNF582-DT,1,0.0037702539674632413
YARS1,1,0.003700248960053279
VSIG8,1,0.048748966934616104
YAF2,1,0.273137714803295
ZNF578,1,0.0013857621693359184
YAE1,1,0.0032871128079686824
VSTM2A-OT1,1,0.011427281783518296
VTRNA1-3,1,0.013779727127238411
ZNF546,1,0.024896976727965255
ZNF19,1,0.005480842279316241
RBM15B,1,0.003700248960053279
ZNF572,1,0.019414830836218953
ZNF568,1,0.08486988583112276
ZNF197,1,0.006660448128095901
VPS9D1,1,0.003700248960053279
ZNF141,1,0.26740808197067006
VWC2,1,0.0018619783584752153
RFT1,1,0.3479965843265086
RFC5,1,0.034086693420010805
YIPF3,1,0.05746132329603534
ZNF593,1,0.0314817181521333
YIPF1,1,0.10539136953480263
RFX4,1,0.003176939307522736
RIF1,1,0.03550018852275116
RFPL3,1,0.22399365097137247
VPREB3,1,0.004402827995515142
ZNF132-DT,1,0.01899551979196191
RFX3,1,0.12788824630543447
VWCE,1,0.15286787258967974
YIF1A,1,0.0014800995840213117
VPS13B,1,0.20717708840184018
ZNF14,1,0.003700248960053279
YES1P1,1,0.006660448128095901
RIIAD1,1,0.02412425616752074
VPS18,1,0.03626243980852213
VPS28,1,0.03253714423270583
ZNF133,1,0.007400497920106558
ZNF589,1,0.20203125677897862
XRN2,1,0.019206155537912342
VPS35L,1,0.20965434528629528
VPS37A,1,0.02229860645596711
VPS37B,1,0.017483568302725835
YEATS4,1,0.0014800995840213117
VPS4B,1,0.004440298752063934
ZMYND11,1,0.0013069704062005656
ZNF518A,1,0.0944250597002827
RHOBTB3,1,0.24000908036585966
UXT,1,0.008146786384719861
XKR3,1,0.07226940679611886
WDR3,1,0.022423273488010452
USP9Y,1,0.008016447257189767
RMI1,1,0.019308912104737546
ZNF718,1,0.15818734482170135
ZIC5,1,0.05398044993632602
ZNF512B,1,0.0040878354575899145
UST,1,0.27665163788392727
ZBTB12,1,0.0014800995840213117
RCSD1,1,0.003700248960053279
UTP15,1,0.044896728075473645
RCOR1,1,0.010049876175504704
RMDN2-AS1,1,0.011605912956696038
ZNF716,1,0.153896736757978
ZNF710,1,0.0033230835096970195
UTP4,1,0.005550373440079919
UTP6,1,0.025896794194591514
XKR4,1,0.0015823666286414366
ZNF287,1,0.22266665560349067
UTS2B,1,0.04837626158163203
WDR27,1,0.06358171366487786
ZIM2-AS1,1,0.0017729876306666903
RASSF7,1,0.008558835019309529
ZKSCAN1,1,0.008880597504127868
ZNF284,1,0.0014468767029680518
RASSF8,1,0.2948142956266929
WDR25,1,0.02002675105069982
ZIC3,1,0.008880597504127868
ZNF318,1,0.0356629994769935
ZNF507,1,0.19037192837199235
ZBTB4,1,0.002220149376031967
RASL12,1,0.0011376134378456087
WWP1-AS1,1,0.002920168168064375
ZNF33B,1,0.03952615118239524
ZBTB43,1,0.4347032745941637
USP48,1,0.004440298752063934
WDR36,1,0.3273815148848866
ZNF331,1,0.2775186720039959
RBMXL3,1,0.0014800995840213117
RDH13,1,0.017021145216245082
RASSF10,1,0.15930978040751576
ZNF506,1,0.3056493108408229
ZNF330,1,0.2730041705522517
USP49,1,0.0014800995840213117
RBM39,1,0.003700248960053279
RBP1,1,0.005920398336085247
ZBTB34,1,0.04931897721005929
ZBTB24,1,0.009415077909468897
ZNF326,1,0.31044730435150164
USP6NL,1,0.0012658528963581858
ZBTB20-AS1,1,0.001169830471854279
ZNF57,1,0.007733520326511353
ZNF322,1,0.003978494376959283
RDH12,1,0.003700248960053279
RASSF3,1,0.2874393005783232
ZIC2,1,0.07683600814993198
RGMA,1,0.3421336143166858
UXS1,1,0.00969593710568504
ZBED5,1,0.27358775427321275
ZNF652,1,0.003700248960053279
ZNF70,1,0.02756685475239693
ZMAT4,1,0.27228894239088347
ZNF280D,1,0.03245118337966726
RERG,1,0.0015096492550410528
RLIG1,1,0.023166963888184813
ZNF681,1,0.0018470671725985875
WDFY1,1,0.01850124480026639
WDCP,1,0.18501244800266392
ZNF680,1,0.035279059411623855
ZNF674-AS1,1,0.0017364142033558826
WBP4,1,0.29191649315179946
ZMIZ1-AS1,1,0.018102455141011886
REST,1,0.008140547712117212
ZNF671,1,0.07400497920106557
YWHAH,1,0.05141522587676169
VCAN-AS1,1,0.006167479528422642
ZNF263,1,0.003700248960053279
VCF1,1,0.030519653422519447
VCF2,1,0.030519653422519447
RCN1,1,0.0025160457264268555
ZMIZ2,1,0.023664769106560984
WBP2,1,0.003700248960053279
RBM33,1,0.0884635322657106
ZNF667-AS1,1,0.006550970907729746
ZNF654,1,0.01964241984910613
XPO5,1,0.0014800995840213117
ZMPSTE24,1,0.003700248960053279
RBBP8-AS1,1,0.007689187402922695
RBBP6,1,0.0014800995840213117
RBBP5,1,0.003700248960053279
WDFY3-AS2,1,0.005822013727343004
VASN,1,0.0179462074562584
ZKSCAN2,1,0.02165781873833441
ZBED2,1,0.06146602417957161
ZKSCAN4,1,0.0022862518374108464
ZKSCAN7,1,0.0014800995840213117
ZMAT3,1,0.17265635163878895
VAMP2,1,0.004440298752063934
ZNF699,1,0.003700248960053279
XKRX,1,0.001641432375898473
ZNF282,1,0.0073691189874518625
VAPB,1,0.22298023647241455
RCN2,1,0.03242158138798683
VASH2,1,0.005920398336085247
ZBED1,1,0.002220149376031967
RHOT1,1,0.008140547712117212
RLN3,1,0.0027751867200399593
RGL4,1,0.003184655777634626
ZAR1L,1,0.02376420223006181
WDR17,1,0.0012425486397468302
WDR13,1,0.020721394176298362
VAT1L,1,0.11278195761132888
ZNF687,1,0.007198583407024227
VAX2,1,0.13865213669032228
ZAN,1,0.003139862273787392
RLIMP2,1,0.003700248960053279
ZACN,1,0.002220149376031967
RHOQ-AS1,1,0.002090587717518474
ZHX3,1,0.053899992557662764
SLC49A3,1,0.0017783769226379135
UPK1A,1,0.007585510368109221
SRFBP1,1,0.034857090317765384
STXBP4,1,0.0435593307577472
STX8,1,0.372218937133524
SF3A1,1,0.0014800995840213117
SF3A3,1,0.030488515045584266
STX6,1,0.003700248960053279
STX5,1,0.005920398336085247
SF3B3,1,0.008880597504127868
STX18,1,0.023261770932964523
STX16,1,0.0014800995840213117
RANGAP1,1,0.003700248960053279
SF3B5,1,0.006782377190228942
STT3B,1,0.2551616330459465
STT3A,1,0.003700248960053279
STRN3,1,0.0271890746737628
STRBP,1,0.03149348309121572
STRADB,1,0.0014800995840213117
STPG3-AS1,1,0.002499159407953678
STON1,1,0.3392176157397857
STOML3,1,0.005573394860301476
STOML1,1,0.019474967102693114
STN1,1,0.03944303615183259
SFPQ,1,0.0014800995840213117
STMP1,1,0.050068568295865
STMN1,1,0.07155767565276366
STK35,1,0.3146467748047586
STK33,1,0.023111849315626327
SFTPB,1,0.022386506208322336
STIMATE,1,0.042824699696966236
STH,1,0.0029601991680426234
STXBP5L,1,0.2198302462879782
SETX,1,0.03292440601932964
STXBP6,1,0.0023667021326483767
SUN3,1,0.036654666198287784
SERPINB11,1,0.02213517327020688
SERPINB12,1,0.022870630187603762
SERPINB13,1,0.09009792270744449
SUV39H2,1,0.031403371736889965
SUV39H1,1,0.0014800995840213117
SUSD5,1,0.0023209245742183944
SURF4,1,0.003700248960053279
SURF1,1,0.007934978325447588
SUPT5H,1,0.003700248960053279
SUPT4H1,1,0.003700248960053279
SERPINB8,1,0.004704492354492238
SUPT3H,1,0.20877928858632294
SUPT16H,1,0.010049876175504704
SUMO3,1,0.006660448128095901
STYXL1,1,0.003700248960053279
SUMO2,1,0.003700248960053279
SULT4A1,1,0.023894622913053287
SERPINI1,1,0.003574847376182134
SULT1C3,1,0.004094496292412321
SERTAD2-AS1,1,0.0012769417443864535
SULT1C2,1,0.014099779764500582
SULT1A4,1,0.003700248960053279
SULT1A3,1,0.003700248960053279
SERTM1,1,0.23295029075550946
SERTM2,1,0.010110017299211956
SUGT1,1,0.009065609952130533
SUGCT-AS1,1,0.0071261614069451865
SETD5,1,0.0014800995840213117
SGO2,1,0.007400497920106558
STARD8,1,0.0011763855653986637
STARD6,1,0.039074629018162624
SHLD1,1,0.0322809719275048
SHISA3,1,0.014406039367895904
SSMEM1,1,0.01915840464608336
SSC5D,1,0.0020957431833596384
SSBP4,1,0.018754324389115003
SHISA4,1,0.003700248960053279
SSBP3,1,0.02666913981659379
SHISA5,1,0.06324463849150741
SRXN1,1,0.0018501244800266394
SHISA8,1,0.0037562547457513557
SHISA9,1,0.3153213255912696
SRSF9,1,0.0043310917961623075
SRSF5,1,0.034101494415851016
SHISAL1,1,0.30066344560158104
SRSF12,1,0.02427422327371406
SSR4,1,0.0029601991680426234
SHOC1,1,0.001572475275620391
SHOC2,1,0.025572946628911117
SHOX,1,0.004820845738429321
SRR,1,0.0014800995840213117
SRPK2-AS1,1,0.0018344723190672142
SRPK2,1,0.020451568711804178
SHPRH,1,0.0014800995840213117
SRP9,1,0.279803965919827
SRP54,1,0.23591349543010504
SRP19,1,0.019683577613842422
SRMS,1,0.07400497920106557
SHQ1,1,0.027099773158903266
SRL,1,0.0020028964518163804
SSR1,1,0.003700248960053279
SHF,1,0.0015091792988476747
STAR,1,0.004237329577479719
SH3GL3,1,0.19156068173070165
SH2D2A,1,0.005385194501571365
STAM2,1,0.02294154355233033
STAM,1,0.043420049562130504
STAC3,1,0.007400497920106558
SH2D4A,1,0.30506206901947197
STAB2-AS1,1,0.002753816370676816
SH2D7,1,0.01578433823549473
SH3BP1,1,0.003700248960053279
ST8SIA3,1,0.005008009009882845
ST7,1,0.0041604624012835
ST6GALNAC6,1,0.007703491720302031
SH3D21,1,0.0016584390011345498
ST6GALNAC5,1,0.3039716818638433
SH3GLB2,1,0.02035691965373311
SHC4,1,0.19845476308889798
ST6GALNAC4,1,0.0029601991680426234
SH3PXD2A,1,0.26247978080991263
SH3PXD2B,1,0.011366455807093317
SH3RF2,1,0.018752711602433327
SH3RF3,1,0.0033486686670175913
ST3GAL5,1,0.001018787809642857
ST3GAL2,1,0.013320896256191803
SHANK2,1,0.003700248960053279
ST13P4,1,0.0014800995840213117
SHB,1,0.0018633407822061046
SSX2B,1,0.0020145799893623406
SHC2,1,0.012322135977167636
SSX2,1,0.0020145799893623406
SV2C,1,0.17033084006122748
SVBP,1,0.004133333170807367
SVEP1,1,0.002103438547394609
TBL3,1,0.2987549868753992
TCEAL3,1,0.0018704313578337948
TCEA2,1,0.09653062577106804
TCAF2C,1,0.032532588856788426
TCAF2,1,0.032532588856788426
TCAF1,1,0.007400497920106558
TBX5,1,0.05544226915418496
SEC23IP,1,0.02565551579321227
SEC24A,1,0.12321177464541459
TBX19,1,0.04864168491593113
SEC31B,1,0.054208647264780536
TBX10,1,0.0013629899902544036
TBRG4,1,0.030609682192683358
TBPL2,1,0.003700248960053279
TBCCD1,1,0.03132203215012732
TCEAL7,1,0.0017027913364797065
TBCC,1,0.03049005143083902
SECISBP2L,1,0.003700248960053279
TBC1D3K,1,0.1463957375809143
SEH1L,1,0.2334787775174418
TBC1D30,1,0.025760018856384206
TBC1D10C,1,0.009139829352844993
TBATA,1,0.14772748829550955
SELENOF,1,0.0014800995840213117
TAX1BP3,1,0.0014800995840213117
TATDN1,1,0.04210006774863875
TASP1,1,0.31183180314606096
TAS2R30,1,0.001414656309511913
TARID,1,0.00601191523647307
SEC14L5,1,0.013779727127238411
SEC14L4,1,0.004822601730993646
SELENON,1,0.0014800995840213117
TECPR2,1,0.007400497920106558
TENT5B,1,0.0029242650734594877
SDF2,1,0.009620647296138525
TENT4A,1,0.3285855745541201
TENM3-AS1,1,0.003669868578542354
TEN1,1,0.003700248960053279
TEKTIP1,1,0.04628329454526595
SDHAF1,1,0.0029601991680426234
SDHAF4,1,0.020563286583088845
TEDDM1,1,0.2422418387893728
TEDC1,1,0.024055635044098793
TECTB,1,0.04247188744739806
TECTA,1,0.07158015931866482
TECRL,1,0.03429390736177378
TECPR1,1,0.003700248960053279
TCERG1,1,0.003700248960053279
SDK1-AS1,1,0.003619152205916554
TDRP,1,0.0076228246984826956
TDRD9,1,0.01786228189367687
SDR42E1,1,0.03242508347194504
SDR42E2,1,0.24999492617393346
TDRD6,1,0.0018123919466743138
TDRD3,1,0.210310011305679
TDP1,1,0.08238520737103162
TDH,1,0.002220149376031967
SEC11A,1,0.005920398336085247
TCL6,1,0.003479498457465913
SEC13,1,0.019034593631586442
TCF15,1,0.003910494353659616
TAPT1,1,0.03551498951859137
TAPBPL,1,0.0047540809160437755
SVIL,1,0.007400497920106558
SERINC2,1,0.013042097896178603
SYT10,1,0.020422985169384334
SEPTIN4,1,0.012950871360186477
SYNJ2,1,0.02867147444447542
SEPTIN5,1,0.18501244800266392
SYNJ1,1,0.0055851106101339875
SYNGR2,1,0.18924422381376002
SYNGAP1,1,0.030669848785060936
SYNE3-AS1,1,0.015385635175901535
SEPTIN8,1,0.02294154355233033
SYNE3,1,0.25345965099007367
SYNDIG1,1,0.3210466156166803
SYNCRIP,1,0.17974244558981492
SERHL2,1,0.0981391937060431
SYNAGE,1,0.011912053286162879
SYT14,1,0.02227455939300828
SERINC4,1,0.03688063240128596
SERP1,1,0.0051803485440745905
SERP2,1,0.0014034019523645653
SYF2,1,0.004440298752063934
SYDE2,1,0.04667899244684006
SYCP3,1,0.007822059692007118
SYCP2,1,0.05045427519071365
SWT1,1,0.01935840397911265
SWINGN,1,0.0014800995840213117
SERPINA13P,1,0.0014800995840213117
SWI5,1,0.0025090944660956203
SWAP70,1,0.012580846464181148
SVOP,1,0.006238418076695875
SEPTIN3,1,0.0029601991680426234
SYT8,1,0.014003390146637788
TAOK2,1,0.004625311200066598
TAF13,1,0.0015400219564824706
TANGO2,1,0.01158038660020747
TANC1,1,0.1801589029507275
TAMALIN,1,0.08489132900173825
SEM1,1,0.31888214561385964
TAFA1,1,0.2799929790051187
SEMA3B-AS1,1,0.013892847627236101
TAF5,1,0.001109176678299748
TAF1B,1,0.16240083686993784
SEMA4F,1,0.03393364657121738
SEMA4G,1,0.001612740946677078
TAF1A,1,0.025885410953209228
SEMA5A-AS1,1,0.012514937049624546
TAF15,1,0.08418066384121209
TAF11,1,0.12067797035149486
TAAR6,1,0.17483864775901767
TADA2B,1,0.040722466718656376
SEMA6A-AS1,1,0.0012225954801813599
SEMA6B,1,0.007277517159178755
TACR1-AS1,1,0.016118284469992084
TACO1,1,0.003700248960053279
TACC2,1,0.008140547712117212
TACC1,1,0.008305003221452913
TAC4,1,0.0014800995840213117
TAAR9,1,0.036211569224843115
SENP3,1,0.003700248960053279
SENP6,1,0.032477851577726695
TAAR8,1,0.05549875764435856
SENP8,1,0.010360697088149181
SRGAP2,1,0.001776273092752816
SIAH3,1,0.26947315468969396
UPF3A,1,0.3505790004164096
SIDT1-AS1,1,0.004182274548886361
SLC25A28,1,0.006451374256257094
SLC25A32,1,0.007400497920106558
SMIM18,1,0.0206700268708628
SMIM15,1,0.025040153588693676
SLC25A33,1,0.003700248960053279
SMIM11,1,0.044262489374528674
SMIM10,1,0.0016215493216298173
SMILR,1,0.003700248960053279
SMG7,1,0.010767724473755041
SMG6,1,0.002269734453497006
SLC25A39,1,0.0014800995840213117
SMCO1,1,0.2646472558340718
SLC25A40,1,0.19029517626734646
SMC5,1,0.06071696892797347
SMC1B,1,0.03197018423771459
SMARCD3,1,0.005443663415240422
SMARCD2,1,0.002220149376031967
SLC25A47,1,0.00409864079224197
SMARCC2,1,0.002220149376031967
SMARCC1,1,0.0014800995840213117
SMARCAL1,1,0.2511390180922243
SMARCAD1,1,0.06475435680093239
SMARCA5,1,0.01741316603662406
SLC25A51,1,0.003515236512050615
SLC26A1,1,0.002220149376031967
SLC26A10P,1,0.003700248960053279
SMAP2,1,0.004151636939775665
SMAD9,1,0.0020817978436598115
SLC26A5,1,0.17301031702317649
SMIM23,1,0.204401926383627
SMIM29,1,0.30745192588447623
SMIM31,1,0.008880597504127868
SNAPC2,1,0.0057349525089946595
SNHG8,1,0.006244180738067848
SNHG7,1,0.01850124480026639
SNHG29,1,0.0035477851616912285
SLC22A24,1,0.022486811769467836
SLC22A25,1,0.27580376973481757
SNHG26,1,0.0035217570358696652
SNHG25,1,0.0024911509395248036
SNHG19,1,0.0026390631595985645
SLC22A31,1,0.0024952622191442893
SNHG11,1,0.0014800995840213117
SNHG1,1,0.025642725293169216
SNAPIN,1,0.0014800995840213117
SLC22A6,1,0.0014800995840213117
SLC22A8,1,0.0032989535779187175
SMIM36,1,0.06497180345326704
SLC22A9,1,0.2745233770097854
SNAP23,1,0.13349129650217006
SMYD1,1,0.003700248960053279
SMUG1,1,0.018931044455921957
SMTNL2,1,0.0024003206332083404
SMR3B,1,0.0014800995840213117
SMOC1,1,0.0014800995840213117
SMN2,1,0.042182838144607375
SLC25A1,1,0.011803794182569959
SMKR1,1,0.02056715727112486
SLC25A13,1,0.029609966731368592
SMIM48,1,0.035101002592778825
SMIM38,1,0.10865040064032212
SLC27A1,1,0.004995336096071927
SLC27A3,1,0.004440298752063934
SLX4IP,1,0.19693176313653687
SLC38A9,1,0.018813090476134817
SLC8B1,1,0.011840796672170494
SLC35G5,1,0.003700248960053279
SLC7A8,1,0.01517263342740614
SLC36A4,1,0.0020228197507861554
SLC37A1,1,0.0017727395029416425
SLC7A14,1,0.0071247555396237545
SLC7A13,1,0.10547342591564601
SLC6A9,1,0.002220149376031967
SLC38A11,1,0.0021371947410285265
SLC38A3,1,0.007261720113938836
SLC38A5,1,0.008393819258879484
SLC38A6,1,0.07387091775552397
SLC38A8,1,0.034743971251897876
SLC6A18,1,0.009356988214964019
SLC35F5,1,0.03899322354104145
SLC39A10,1,0.006660448128095901
SLC39A12,1,0.021823836518135784
SLC39A3,1,0.007398073440478261
SLC67A2,1,0.06203856077124659
SLC39A6,1,0.0017771831864517994
SLC66A3,1,0.0416530115511793
SLC43A1,1,0.003937788044369181
SLC4A8,1,0.001534056694442099
SLC4A3,1,0.19573437060896215
SLC4A11,1,0.014501653351184382
SLC45A4,1,0.0032099294835838356
SLC46A1,1,0.004067914095238326
SLC46A3,1,0.0031890373211564977
SLC9A3-AS1,1,0.0028497902676789936
SLC9A3-OT1,1,0.005250057699764287
SLX4,1,0.0014800995840213117
SLC30A4,1,0.01853790909318651
SLN,1,0.0171965436482452
SLC28A2-AS1,1,0.0037845338128113548
SLK,1,0.2422418387893728
SLITRK5,1,0.23048716574204628
SLITRK4,1,0.045816482623379694
SLITRK2,1,0.007197391432314003
SLC2A10,1,0.0014800995840213117
SLITRK1,1,0.19951886044316516
SLIT1,1,0.27195498251486394
SLC2A6,1,0.0016840227147921362
SLC2A7,1,0.015754325251625335
SLIRP,1,0.014800995840213115
SLC30A3,1,0.003700248960053279
SLC30A7,1,0.0017076291362830732
SLC9A3R1-AS1,1,0.015481220100157145
SLC30A9,1,0.057056913589479875
SLFNL1,1,0.0012761929281082185
SLC32A1,1,0.007400497920106558
SLC33A2,1,0.00853037604134755
SLCO4A1-AS1,1,0.001540428785483847
SLCO1C1,1,0.007400497920106558
SLC35B4,1,0.24647151935623288
SLC9D1,1,0.003764184192898498
SLC35C1,1,0.0014800995840213117
SLC9C2,1,0.02588651371333345
SLC9A9,1,0.2789484887258602
SLC35D2,1,0.21062144454926096
SLC35F1,1,0.0016253895178848469
SLC22A2,1,0.002220149376031967
SNORA15,1,0.0033302240640479507
SNORA41,1,0.0033302240640479507
SPDYE18,1,0.055690819861393764
SPIN4,1,0.0022996054013821026
SPHKAP,1,0.003700248960053279
SPG11,1,0.004440298752063934
SIRPD,1,0.001597632425301425
SIRT4,1,0.002220149376031967
SIRT5,1,0.017882666932144384
SIT1,1,0.004101584468159612
SPEG,1,0.00142071240768265
SPECC1L-ADORA2A,1,0.0435593307577472
SPECC1L,1,0.0435593307577472
SPDYE4,1,0.048950711385541974
SPDYE3,1,0.0013244278799722199
SKA3,1,0.0016502617398768454
SPDYE17,1,0.06385839066624464
SPINK14,1,0.028614080604585188
SKIL,1,0.013320896256191803
SPCS3,1,0.007733520326511353
SLAIN1,1,0.40152244345682636
SPATS2L,1,0.3033548199055558
SPATA9,1,0.2259807806048163
SPATA7,1,0.17957076789367596
SLC10A1,1,0.011840796672170494
SPATA6L,1,0.2468345259339244
SLC10A4,1,0.003700248960053279
SPATA46,1,0.02769234682545481
SPATA45,1,0.26912152859648436
SPATA31H1,1,0.018912454677127877
SPATA31F3,1,0.16425016559825883
SIPA1L2,1,0.005839228381174415
SPINK2,1,0.015385635175901535
SPATA31E1,1,0.0053073001873164116
SIGLEC16,1,0.04157969756411869
SRD5A3,1,0.009137718892298734
SRCIN1,1,0.20781874040772025
SPTY2D1,1,0.03049005143083902
SPTSSB,1,0.006081671404054748
SPTAN1,1,0.0014800995840213117
SPRR3,1,0.006660448128095901
SPRR2B,1,0.003700248960053279
SPRR1B,1,0.0029599705609137028
SIGLEC10-AS1,1,0.0071268757727284745
SIGLEC11,1,0.04157969756411869
SPRR1A,1,0.0014800995840213117
SPRING1,1,0.2824570296478612
SPRED3,1,0.028627594929907536
SPPL2C,1,0.07667120616316757
SINHCAF,1,0.006590891309475481
SIGLEC6,1,0.004440298752063934
SPON2-AS1,1,0.006232301513616074
SPON1-AS1,1,0.0024900638335598447
SPOCK3,1,0.04182221355083936
SPOCD1,1,0.002212606239027979
SPO11,1,0.0308082728414036
SPNS1,1,0.014595426453543487
SPMIP8,1,0.024947141286016133
SPMIP2,1,0.31138013465438197
SPIRE2,1,0.01554104563222377
SPINT1-AS1,1,0.008821596074342533
SIM1,1,0.21076511696282021
SIMALR,1,0.011619268595421933
SPATA31F1,1,0.05009122450261715
SPATA31C2,1,0.05560029979659697
SNORA63,1,0.0014800995840213117
SNX17,1,0.07105226927402018
SOCS4,1,0.03163712860845553
SLC17A2,1,0.018515586471371935
SOCAR,1,0.0023027156031670574
SOBP,1,0.0025743402964332036
SNX7,1,0.030630653933345763
SNX4,1,0.0014504773240018875
SNX32,1,0.09639819530775015
SNX31,1,0.24347975319441992
SNX3,1,0.004501690304168856
SLC17A7,1,0.008810181739176443
SNX22,1,0.003343828549333708
SLC17A9,1,0.007659588316288471
SNX19,1,0.16111269174123238
SNX14,1,0.031659223113310805
SOCS5,1,0.018717092656269498
SNX1,1,0.032572436002806335
SNW1,1,0.003700248960053279
SNU13,1,0.003700248960053279
SNTB1-AS2,1,0.0039953790110319725
SNTB1-AS1,1,0.0026513632091007427
SNRPN,1,0.042552863040612704
SNRPG,1,0.007551098397461046
SNRPD1,1,0.003700248960053279
SLC20A2,1,0.008266887637486932
SLC22A10,1,0.2839467255552457
SNPH,1,0.022714271817353478
SNORD33,1,0.0033302240640479507
SNORC,1,0.007449856469697523
SLC16A8,1,0.004440298752063934
SOCS7,1,0.008140547712117212
SPATA25,1,0.0020559382879712746
SPAAR,1,0.2115728167680828
SLC10A7,1,0.0017045830730666395
SPATA20,1,0.021243129279665873
SPATA19,1,0.32680662776766484
SPATA13,1,0.003700248960053279
SLC12A1,1,0.017761195008255737
SPATA12,1,0.3014060222140299
SPART,1,0.0012716713039024371
SPAG9,1,0.008880597504127868
SPAG7,1,0.03879341009719857
SLC12A5-AS1,1,0.007756891002750034
SLC12A6,1,0.029655557591804257
SLC12A7,1,0.25908985207764795
SPACA6,1,0.06295215893756051
SPA17,1,0.034086693420010805
SOHLH1,1,0.02390658510350079
SLC15A2,1,0.0014800995840213117
SLC16A10,1,0.0018501244800266394
SOX5-AS1,1,0.00516013230455435
SOX2-OT,1,0.008504949169801114
SLC16A13,1,0.0013680337287019474
SLC16A14,1,0.008829627740024344
SOX13,1,0.007821920059461245
SOX12,1,0.012580846464181148
SOWAHA,1,0.019010300102883994
SORD-AS2,1,0.0025656548774897463
SORCS3,1,0.25225756939681304
SORCS1,1,0.17751252125982103
SLC16A5,1,0.0014013522731804848
TERLR1,1,0.041252140396559396
TEX10,1,0.008140547712117212
TEX14,1,0.0014800995840213117
TEX15,1,0.023481217440784477
RPS25,1,0.003700248960053279
TSG101,1,0.015943871692800746
TSEN54,1,0.09138599064294123
RPS4X,1,0.003700248960053279
TSBP1-AS1,1,0.002220149376031967
TSBP1,1,0.0018501244800266394
RPS6KA3,1,0.0051803485440745905
RPS9,1,0.21633928180145784
RPUSD2,1,0.003700248960053279
TRPM1,1,0.002983940356143548
TRPC5,1,0.003700248960053279
RRAS,1,0.03420510138673251
TROAP,1,0.0014800995840213117
RRP1,1,0.01905064154829419
TRMU,1,0.003700248960053279
TRMT9B,1,0.3108385284930968
RRP7A,1,0.38785821719389474
RRS1,1,0.004625311200066598
TRMT6,1,0.032342316844659144
RSBN1L,1,0.02136771149710475
RSL1D1,1,0.0014800995840213117
RSPH14,1,0.019483291563180835
TRMT5,1,0.04031538557569998
RSPH6A,1,0.0014800995840213117
TRMT112,1,0.030754424972788175
TRMT10C,1,0.024599305930733586
RSRP1,1,0.002109224942563234
RSU1,1,0.09073519675563138
RTCA,1,0.002220149376031967
RPS21,1,0.0014800995840213117
RPS19,1,0.004995336096071927
RPS15,1,0.011100746880159837
TSSK1B,1,0.03994920994110147
TTC16,1,0.004313528810981786
TTC12,1,0.05422064211898291
TTC1,1,0.2902081106982208
RPL36,1,0.02650661261719812
RPL36AL,1,0.04499927373942509
RPL37A,1,0.058903348261699864
RPL39L,1,0.0028412935377929585
TTBK2,1,0.0014800995840213117
RPL4,1,0.009139614931331598
TTBK1,1,0.0010347125645307174
RPL41,1,0.012455037999539334
TSTD1,1,0.03971107183929178
RPL6,1,0.0770005785570703
TSR1,1,0.003700248960053279
TSIX,1,0.0081802005272298
RPL8,1,0.011100746880159837
TSPAN4,1,0.23044799570243388
TSPAN3,1,0.3104554702902215
TSPAN17,1,0.04758053055274546
TSPAN16-AS1,1,0.00751466049026751
TSPAN15,1,0.023073906096652146
RPN2,1,0.003700248960053279
RPP40,1,0.02095331905452476
TSNAX,1,0.019557618974003585
RPRD1B,1,0.022137436685361844
TSNARE1,1,0.13822522685777705
RPS10,1,0.03398430185752353
RPS11,1,0.0014800995840213117
TRMT10B,1,0.32438674921553573
TRMT10A,1,0.053276184526847105
RTF1,1,0.003700248960053279
TRGC2,1,0.0028684561072646955
RUSC2,1,0.0032334359324150685
TRGV9,1,0.0035998473438635637
RWDD1,1,0.27719333571214777
RWDD2A,1,0.019396107347759813
TRGV8,1,0.004600055648315379
TRGV4,1,0.003700248960053279
TRGV3,1,0.0017725821278076147
TRGV2,1,0.00544849067610277
TRGV10,1,0.004164263703734409
RXFP4,1,0.008493853922840874
TRGV1,1,0.002538555834343866
TRGJP2,1,0.0028538059944402615
TRGJP1,1,0.0021607808233665812
RXYLT1,1,0.02370331332980287
TRHR,1,0.33436467720591756
TRG-AS1,1,0.0018476536591209981
TREX2,1,0.001583805448862527
TRERNA1,1,0.003700248960053279
TREML1,1,0.004681825972092258
RYK,1,0.01005357642446476
TRDV2,1,0.001440218764435872
TRDN,1,0.3052327873143028
TRDJ3,1,0.0017762433279033952
TRDJ2,1,0.0015997565229491316
TRDC,1,0.006197639232635893
TRBV9,1,0.0014800995840213117
TRBV6-4,1,0.003998597257838495
TRBV5-1,1,0.0019385947342536762
TRHDE-AS1,1,0.038419417283659954
TRIB3,1,0.003700248960053279
TRIT1,1,0.28488402892887993
TRIM5,1,0.0023219173837205585
TRIP6,1,0.03050649698177259
TRIP4,1,0.0051803485440745905
TRIML2,1,0.03278164407209796
TRIML1,1,0.02857914240694951
TRIM74,1,0.03749092246325981
TRIM73,1,0.03749092246325981
TRIM72,1,0.013320896256191803
TRIM7-AS2,1,0.00221791561489066
TRIM67,1,0.00365664095529622
RTL8C,1,0.013920336587720435
TRIM61,1,0.38091476802183727
TRIM56,1,0.004625311200066598
TRIM55,1,0.034086693420010805
TRIM47,1,0.009064852533566325
TRIL,1,0.07921234042781826
TRIM45,1,0.004995336096071927
TRIM42,1,0.1812157441433773
TRIM4,1,0.002220149376031967
TRIM37,1,0.08010449542351668
TRIM36-IT1,1,0.003727560872540725
RTN4RL1,1,0.005236450109672503
RTN4RL2,1,0.028802065366061072
RTTN,1,0.024762726710442415
TRIM23,1,0.004440298752063934
TRIM14,1,0.014225401557538158
RUBCNL,1,0.024606655584354303
RUFY3,1,0.04126517640251417
TRIM11,1,0.0014800995840213117
TTC17,1,0.11892398620148387
TTC19,1,0.00806765825206471
TTC22,1,0.02106947653444227
UBE2V2,1,0.08003029069475776
UFM1,1,0.003700248960053279
UCP3,1,0.003700248960053279
UCHL3,1,0.029870565490124214
UBXN8,1,0.19141893294433407
RNF39,1,0.0016396017908934736
UBR5-DT,1,0.0024849225375100973
UBR3,1,0.03335043051354494
UBQLN1,1,0.03885274244183788
UBP1,1,0.043189305861741877
UBN1,1,0.09835572685945985
UBL4B,1,0.004096254648505668
UBE3D,1,0.2948374094788966
UBE2W,1,0.011470771776165165
UBE2Q2,1,0.0026966874309996064
RNF32,1,0.2680979356215799
UBE2N,1,0.003700248960053279
UBE2M,1,0.0014800995840213117
UBE2J1,1,0.0046928648126887355
RNF6,1,0.018586969512663008
RNF7,1,0.09528478252072774
UBE2F,1,0.003700248960053279
UBE2E1,1,0.2425718981109363
RNF8,1,0.01924129459227705
RNFT2,1,0.033907835781284874
RNGTT,1,0.0018501244800266394
RNPEP,1,0.004070273856058606
RNPS1,1,0.003700248960053279
RNU2-1,1,0.0029601991680426234
UGP2,1,0.006263445341683321
UGT2B11,1,0.0043228762279395915
UBAP2L,1,0.034086693420010805
RNF180,1,0.01406094604820246
UPF2,1,0.07673702440118178
RNF135,1,0.03537438005810934
RNF139,1,0.007400497920106558
UPB1,1,0.003700248960053279
UNK,1,0.05669408896720884
RNF149,1,0.03252518835886832
UNC93A,1,0.035637358608195294
UNC80,1,0.005641468817892929
UNC5A,1,0.007793616739011655
RNF157,1,0.0017543153807100674
UNC119B,1,0.00446829250440388
RNF17,1,0.0029894067083094025
UMODL1,1,0.32012162593828314
UMAD1,1,0.02226963005525301
UGT2B4,1,0.0014800995840213117
ULK4P3,1,0.002220149376031967
RNF185,1,0.01586366477201248
ULK4P2,1,0.002220149376031967
ULK4P1,1,0.002220149376031967
ULK3,1,0.03416235602147357
RNF2,1,0.02482989203887088
ULBP3,1,0.003989434820184695
ULBP2,1,0.04014770121657807
RNF213-AS1,1,0.0025019206039632353
RNF220,1,0.18603172918548272
RNF223,1,0.003594494809929546
RNF224,1,0.02042548154261554
RNF228,1,0.023496140542165513
RNU6-392P,1,0.002220149376031967
ROBO4,1,0.03205205659546225
TTC23,1,0.29097287484436907
RPL27A,1,0.0014800995840213117
TUBA1C-AS1,1,0.0016188605439827605
TUB,1,0.003700248960053279
TTYH3,1,0.022805451140530227
TTTY14,1,0.0030463369627210172
RPL24,1,0.011100746880159837
RPL26,1,0.002220149376031967
TTN-AS1,1,0.0015909913388211885
TTLL7,1,0.1655558335853382
TTLL5,1,0.17481152686708343
TTLL13,1,0.12321177464541459
TTLL12,1,0.00518034854407459
TTLL10,1,0.0011419018692340837
RPL27,1,0.003700248960053279
RPL30,1,0.0014800995840213117
RPL14,1,0.026904457799501614
TTI1,1,0.01018838643088133
TTC9C,1,0.004685464539452778
RPL32,1,0.010767724473755041
TTC9,1,0.020522248828219153
TTC8,1,0.00510021730263006
RPL34,1,0.003700248960053279
RPL35,1,0.06381565871143102
TTC39C,1,0.3061277322931156
TTC39B,1,0.02098709384022938
TTC38,1,0.02558004289031049
TTC36-AS1,1,0.006492828542483422
TTC36,1,0.02507273253399964
TTC27,1,0.30536856810072316
TUBA8,1,0.02153615397072926
RPL12,1,0.0014800995840213117
UBA5,1,0.014800995840213115
TXLNGY,1,0.007400497920106558
ROGDI,1,0.011840796672170494
ROM1,1,0.013320896256191803
UBA1,1,0.007077534823138693
UAP1,1,0.22841252106514412
TYW2,1,0.031958490155822285
TYW1,1,0.01903009299182946
TYMSOS,1,0.11100746880159836
TXNL4A,1,0.0014800995840213117
TXNDC8,1,0.018709499946965674
TXNDC12,1,0.007215485472103895
TXNDC11,1,0.0029601991680426234
TXN2,1,0.2730621316243808
RP1L1,1,0.003250463304296378
TXLNB,1,0.04125853495644276
TUBB2BP1,1,0.0014800995840213117
TWNK,1,0.00811999077345025
TWF2,1,0.06059473223007421
TVP23A,1,0.01956981687942764
RPAP1,1,0.26570954466173524
TUT7,1,0.0014800995840213117
RPAP3,1,0.0015818260587494937
TUT1,1,0.03754550026468121
TUNAR,1,0.2570918271741768
TULP3,1,0.020943642334434708
TUBGCP6,1,0.0037069596769816354
TUBGCP3,1,0.013187687293629886
RPH3AL-AS2,1,0.0011609792046857136
RPIA,1,0.0402957111749802
TRBV3-1,1,0.001628416289942662
S100A13,1,0.007400497920106558
TRBV29-1,1,0.0031210399752471365
TMEM135,1,0.13147798734337718
TMEM175,1,0.021050273724646393
TMEM170B,1,0.003535626366028314
TMEM169,1,0.019689726879985117
TMEM165,1,0.003104650809823401
TMEM161A,1,0.00596045952173974
TMEM154-AS1,1,0.001953284454191837
TMEM150B,1,0.0038465016427071943
TMEM14B,1,0.007400497920106558
TMEM143,1,0.004924297127695417
TMEM141,1,0.012455037999539334
TMEM140,1,0.0014800995840213117
SCGB1A1,1,0.003700248960053279
TMEM138,1,0.008182648012256271
TMEM132B,1,0.38583723006773696
TMEM178A,1,0.16669540384250717
TMEM131,1,0.03880977615049787
TMEM130,1,0.11548097404296451
TMEM129,1,0.18845570621453603
SCGB2B2,1,0.05452199337812917
SCGB3A1,1,0.0013474080286209104
TMEM126B,1,0.025523738715268002
TMEM125,1,0.007895851682216732
TMEM121B,1,0.01719024010256173
SCHIP1,1,0.28435945409775587
TMEM120A,1,0.0031105137694729377
TMEM115,1,0.01554104563222377
TMEM114,1,0.15362279184481897
TMEM108,1,0.005332922918955015
TMEM177,1,0.05652963434988355
TMEM179B,1,0.005537551076268635
TMEM106A,1,0.012210821568175819
TMEM229B,1,0.0029230994335959393
TMEM252-DT,1,0.021426038955314305
SCAND2P,1,0.003700248960053279
TMEM25,1,0.023592366415264694
TMEM245,1,0.03275558447191243
TMEM243,1,0.21795628189848207
TMEM240,1,0.005365360992077254
TMEM238L,1,0.007704849142387146
SCARB2,1,0.003700248960053279
SCARNA1,1,0.0014355614481062421
TMEM238,1,0.013282949575724332
TMEM236,1,0.015753745968070654
TMEM233,1,0.08053823303557583
SCARNA10,1,0.003700248960053279
TMEM225B,1,0.0018197761299610315
TMEM182,1,0.1158557801539852
SCARNA7,1,0.0035590054384453612
SCARNA9,1,0.01075293483166521
TMEM212,1,0.10605351082379073
TMEM209,1,0.03238457889838629
TMEM204,1,0.007400497920106558
TMEM202,1,0.09600318663125368
TMEM200B,1,0.030416898549974897
SCDP1,1,0.019426307040279714
TMEM198,1,0.0021083249205831765
SCEL,1,0.0074837800740272
TMEM187,1,0.007400497920106558
TMEM184C,1,0.12310900842943832
TMEM184B,1,0.023141426720608132
TMEM107,1,0.0456018681836966
SCMH1,1,0.008321712105568676
TMEM253,1,0.018013036473874984
THEM4,1,0.07900859998106755
TIGD1,1,0.001530474282037536
TIFAB,1,0.0011470762843563175
TICRR,1,0.006970176311358073
TIAM1-AS1,1,0.005722897076865819
THUMPD3,1,0.002220149376031967
SCTR-AS1,1,0.0026184879967014784
SCUBE1,1,0.003303713570135217
THUMPD1,1,0.003700248960053279
THOC7,1,0.19919400936577172
SCUBE2,1,0.022135242951019683
THNSL2,1,0.0019309764280701339
THNSL1,1,0.1918889541213805
THEM6,1,0.010069680015880513
THBS1-IT1,1,0.0018364502956928024
TIMM21,1,0.21038861260120817
TGOLN2,1,0.003700248960053279
TGFBRAP1,1,0.029425913309735558
TGFBR3L,1,0.00890919366408031
TGFB1I1,1,0.04351915010288872
TEX55,1,0.0011651685997051727
SCYGR7,1,0.021718797237853443
TEX53,1,0.023202833918125457
TEX52,1,0.024121631598425092
TEX47,1,0.13925254546755642
TEX26-AS1,1,0.007270934101413271
TEX22,1,0.019789279928649452
TEX2,1,0.03195535001902011
TEX19,1,0.09334461944097455
TIGD5,1,0.09056677358030904
TIMM22,1,0.03165381683180181
TMED10,1,0.11680814585246618
SCN3B,1,0.034412315328495494
TMCC1,1,0.3578287715388732
TMC8,1,0.003700248960053279
TMC5-AS1,1,0.0018966969819338739
TMC4,1,0.02338927367649677
TMBIM4,1,0.017021145216245082
TMA16,1,0.08571237687591836
TM9SF3,1,0.009946269204623213
TM6SF1,1,0.001465398509007704
TM4SF5,1,0.02393521189480255
SCN3A,1,0.0037002489600532784
TM2D1,1,0.02784408661854781
TLX3,1,0.2775186720039959
TLX1NB,1,0.0014800995840213117
TLK2,1,0.0027751867200399593
TIMM23,1,0.007199181424155846
SCN8A,1,0.0037002489600532784
TLE2,1,0.002221516156462474
TLCD4,1,0.018071757850195127
TLCD3A,1,0.006355396702102404
TLCD1,1,0.002339555825184114
TKTL2,1,0.1671595745707723
TIPIN,1,0.0018501244800266394
SCP2,1,0.0014800995840213117
SCP2D1,1,0.030947581679246664
SCPEP1,1,0.0031237748422350115
TIMM9,1,0.007400497920106558
TIMM50,1,0.0074000483408732665
TIMM23B,1,0.003700248960053279
SCAMP5,1,0.0040153746484290435
TMEM254,1,0.054452863696144056
TRBV28,1,0.001301951169462697
SAFB2,1,0.18681096154446075
TRAJ52,1,0.0032116347443057087
TRAJ40,1,0.007400497920106558
TRAJ31,1,0.001978982335330103
SAA2-SAA4,1,0.0024500185979813923
TRAJ18,1,0.003700248960053279
TRAF3IP2-AS1,1,0.002220149376031967
SAC3D1,1,0.032687999313110665
TRABD2B,1,0.36387883338079346
SACK1E,1,0.009192280072292898
TPST1,1,0.0019876064059361647
TPRX1,1,0.05679754440826276
TPRN,1,0.00945721642781903
TPRG1-AS1,1,0.0034572449490400834
TPRA1,1,0.029033617423144677
TRAM1L1,1,0.0012340282069130987
SALL1-AS1,1,0.0038235024174155014
TPD52L3,1,0.023660018967325898
TPD52L2,1,0.003700248960053279
TPD52L1,1,0.26701088012483853
TPCN2,1,0.3309361518693051
TPBGL,1,0.0012002368722855892
TP53I3,1,0.0028466031584966577
TP53I11,1,0.003926208519878244
TOX4,1,0.020811778414130656
SLC47A2,1,0.00510715501866236
TOR1B,1,0.002220149376031967
TOR1AIP2,1,0.0015559305452215496
TOPORS,1,0.0017331123937484342
TRAK1,1,0.30126505087354993
TRAM2,1,0.020184837217120576
TOP3B,1,0.003700248960053279
TRAV13-1,1,0.0021370326169444067
TRBV2,1,0.00112355745916257
TRBJ2-6,1,0.002822778621205679
TRBJ2-2,1,0.0020892836297442606
TRBJ1-5,1,0.0035872109239703897
TRAV8-3,1,0.0017243353529412596
TRAV5,1,0.0015779697726715823
TRAV30,1,0.006020019730035849
TRAV3,1,0.0026538799898963767
TRAV26-1,1,0.004070273856058606
S100A5,1,0.02549690029074474
TRAV2,1,0.00195823800535088
TRAV19,1,0.007400497920106558
TRAV13-2,1,0.0015838306208450868
TRAV12-3,1,0.0031429905512482155
TRANK1,1,0.20837012046983144
TRAV12-1,1,0.003700248960053279
TRAV1-2,1,0.010021213621659997
TRAPPC9,1,0.06073702813463308
TRAPPC8,1,0.23404447140596543
TRAPPC4,1,0.020351369280293036
TRAPPC3L,1,0.02799073580065474
TRAPPC3,1,0.011100746880159837
TRAPPC2B,1,0.0014800995840213117
TRAPPC2,1,0.0014800995840213117
TRAPPC12,1,0.1053724420357205
TRAPPC10,1,0.12898093040089165
TRAPPC1,1,0.01685093376408263
S1PR1-DT,1,0.012282752924369315
TOPBP1,1,0.3032723775586689
TOP2B,1,0.003700248960053279
SCAMP1,1,0.02023790204548531
TMEM39A,1,0.03339122850279071
TMEM87B,1,0.021069781551243887
TMEM86B,1,0.004401100148573662
SATB1-AS1,1,0.0017414709562963548
TMEM74B,1,0.0012790792058294607
TMEM70,1,0.002220149376031967
TMEM63A,1,0.02256608230254741
TMEM60,1,0.22367982749522125
TMEM54,1,0.015385635175901535
TMEM51,1,0.06265712098012542
TMEM47,1,0.0014800995840213117
TMEM41A,1,0.0025997234480972793
TMEM39B,1,0.005047421206739081
SAV1,1,0.002590174272037295
SAXO1,1,0.0055062017235294
TMEM97,1,0.00906452813423759
TMEM38B,1,0.00971187552817744
SAXO3,1,0.0017439993971440633
TMEM35A,1,0.0013914483244213283
SAXO6,1,0.295898330884006
TMEM33,1,0.29322138068245607
TMEM278,1,0.02143126356306369
SBDS,1,0.18501244800266392
TMEM273,1,0.002072099634908559
TMEM267,1,0.029505382339637492
SBSPON,1,0.0017682262191658544
TMEM26,1,0.03429925014900145
TMEM259,1,0.133750566434976
TMEM255A,1,0.0013009966598498553
TMEM92-AS1,1,0.009663153185351974
TMEM98,1,0.019037338125845602
TOP1MT,1,0.002220149376031967
SAP30-DT,1,0.0018155021800640263
TOMM34,1,0.0014800995840213117
TOM1L2,1,0.002220149376031967
SAMD14,1,0.0022784267859207743
TOE1,1,0.003700248960053279
TOB2,1,0.007585510368109221
TNRC6C,1,0.18546863781085227
TNRC6B,1,0.003700248960053279
SAMD5,1,0.3422266400975427
TNIP2,1,0.009620647296138525
SAMMSON,1,0.004559918246367484
TNFRSF10D,1,0.002220149376031967
TMX4,1,0.044263261306615634
TMX3,1,0.19939073453506967
TMUB1,1,0.004440298752063934
SAT1-DT,1,0.001778917391201345
TMTC4,1,0.22434739436402054
TMTC2,1,0.27659872745316705
SAR1B,1,0.05351541599194143
TMSB4Y,1,0.004020474340209572
TMSB15B-AS1,1,0.001953722551601721
TMPRSS5,1,0.3199080433574238
SARNP,1,0.001175066196611257
TMPRSS12,1,0.06208998247583908
TMPRSS11B,1,0.0014839554986508642
TMPRSS11A,1,0.002220149376031967
TMPPE,1,0.001797764447375225
SASH1,1,0.02672678384518721
TMOD2,1,0.03338950337242138
7SK,1,0.002720638923430973
LINC01648,1,0.009374829310732444
RANBP9,1,0.33764130284921906
ENSG00000250519,1,0.0054770200590886445
ENSG00000250493,1,0.004060854351912138
ENSG00000250362,1,0.002147930341394996
ENSG00000250264,1,0.0034284718441893944
ENSG00000250001,1,0.007954166634554416
ENSG00000249856,1,0.014027683325909448
ENSG00000249746,1,0.016542840128024153
ENSG00000248790,1,0.005825801497483393
ENSG00000248634,1,0.0018660999457742597
ENSG00000245156,1,0.0017700654166639602
ENSG00000245008,1,0.0015313372306048978
ENSG00000244459,1,0.003111448874234115
ENSG00000243384,1,0.010095169000847722
ENSG00000243081,1,0.0011222393450945624
ENSG00000242798,1,0.0016275719533900299
ENSG00000242611,1,0.0025749567762871385
ENSG00000242593,1,0.003280890941344467
ENSG00000242407,1,0.07513267476943367
ENSG00000241666,1,0.002428288699697665
ENSG00000240571,1,0.0023488329571422265
ENSG00000237903,1,0.001687771868033139
ENSG00000237870,1,0.01655823422686291
ENSG00000237153,1,0.02383029355860405
ENSG00000237070,1,0.024556277449900212
ENSG00000237011,1,0.0022638663668594736
ENSG00000236935,1,0.00300649239851085
ENSG00000236525,1,0.00458356514143116
ENSG00000236457,1,0.0015598808366630505
ENSG00000250497,1,0.021012413960068657
ENSG00000250665,1,0.0016685491226140266
ENSG00000236308,1,0.0034138368432810743
ENSG00000250681,1,0.013329523188972528
ENSG00000254488,1,0.017486161397792806
ENSG00000254467,1,0.011370417446809576
ENSG00000254325,1,0.002656338658935223
ENSG00000254287,1,0.005010205269930239
ENSG00000254192,1,0.0015226569445552325
ENSG00000254165,1,0.003531373458196476
ENSG00000254141,1,0.0011565802857010142
ENSG00000253980,1,0.003676662037963573
ENSG00000253829,1,0.0012980479722202378
ENSG00000253824,1,0.00382606245650183
ENSG00000253632,1,0.007019440423795448
ENSG00000253604,1,0.0016107319326263392
ENSG00000253508,1,0.006392110890988563
ENSG00000253456,1,0.005576411299059231
ENSG00000253430,1,0.002897674089168508
ENSG00000253297,1,0.005912716695050782
ENSG00000253288,1,0.011823783829656423
ENSG00000253163,1,0.00959423629617189
ENSG00000253154,1,0.0014357767664195408
ENSG00000251545,1,0.11773554506173475
ENSG00000251536,1,0.0020035681264512907
ENSG00000251194,1,0.0028527919749563465
ENSG00000251132,1,0.0035421517721829486
ENSG00000251034,1,0.005059638161931396
ENSG00000250978,1,0.0033271702613689572
ENSG00000250971,1,0.001997988799682356
ENSG00000250699,1,0.004667544065344339
ENSG00000236389,1,0.004222750691997709
ENSG00000235872,1,0.0030033970125054035
DIRAS1,1,0.011100746880159837
ENSG00000231720,1,0.007718639227365403
ENSG00000231403,1,0.0018903643286018684
ENSG00000231010,1,0.003790288203739456
ENSG00000230747,1,0.002098511091644517
ENSG00000230730,1,0.0016004853931709088
ENSG00000230709,1,0.0019550929375308354
ENSG00000230623,1,0.0048470997985793065
ENSG00000230563,1,0.0038249867694327825
ENSG00000230552,1,0.009020768398833789
ENSG00000230433,1,0.0014807130834439842
ENSG00000230393,1,0.002542573826524232
ENSG00000230234,1,0.0021083053870572933
ENSG00000229720,1,0.002256759743478073
ENSG00000229625,1,0.0018982208728505856
ENSG00000229618,1,0.009557205183522568
ENSG00000229491,1,0.006183691397979355
ENSG00000229422,1,0.0018503602906939443
ENSG00000229393,1,0.002153167221199315
ENSG00000229321,1,0.0023956866096018457
ENSG00000229312,1,0.0026995669503002253
ENSG00000229118,1,0.0077153205657269925
ENSG00000228679,1,0.0011269078609196254
ENSG00000228655,1,0.0030346701849939457
ENSG00000228643,1,0.010128453930173718
ENSG00000228487,1,0.0025009659695258823
ENSG00000228427,1,0.004181128484649881
ENSG00000228222,1,0.0027394246942152116
ENSG00000227716,1,0.00214406380638219
ENSG00000231703,1,0.0026498111012653973
ENSG00000231748,1,0.004418371567797369
ENSG00000235563,1,0.007810257568106146
ENSG00000231896,1,0.00121723009946465
ENSG00000235523,1,0.014653339462536835
ENSG00000235321,1,0.002321401858427547
ENSG00000235279,1,0.0013695370889970318
ENSG00000235192,1,0.0017073391471404417
ENSG00000235140,1,0.004260570757827254
ENSG00000235021,1,0.009426718650729703
ENSG00000234961,1,0.0011857837348088877
ENSG00000234913,1,0.0017154275734040626
ENSG00000234699,1,0.0019269723009847559
ENSG00000234686,1,0.0019734944350523705
ENSG00000234638,1,0.0014620659864099561
ENSG00000234622,1,0.0015100180600079293
ENSG00000234477,1,0.005257087046824888
ENSG00000234389,1,0.006862130818806895
ENSG00000234292,1,0.0039768331917210235
ENSG00000234156,1,0.004970946741868925
ENSG00000233974,1,0.20877928858632294
ENSG00000233942,1,0.0067908121190155485
ENSG00000233884,1,0.015112577431043573
ENSG00000233542,1,0.008418833579885302
ENSG00000233516,1,0.007377125683781328
ENSG00000233017,1,0.006576702121742484
ENSG00000232934,1,0.0020657520727621116
ENSG00000232806,1,0.007360056967094325
ENSG00000232762,1,0.0012063714599834334
ENSG00000232682,1,0.002543763493966634
ENSG00000231992,1,0.003466370131032681
ENSG00000254499,1,0.0031256054837621233
ENSG00000254510,1,0.0020334644043343833
ENSG00000254573,1,0.0035219764504410317
ENSG00000261625,1,0.006993210413898177
ENSG00000261596,1,0.004257287911166695
ENSG00000261544,1,0.0015104597041344652
ENSG00000261474,1,0.002599571865008854
ENSG00000261346,1,0.002528883352763866
ENSG00000261327,1,0.0014843235795652043
ENSG00000261211,1,0.002050582066098675
ENSG00000261146,1,0.010305609785122167
ENSG00000261123,1,0.007634981450771491
ENSG00000261061,1,0.00433980595780355
ENSG00000261026,1,0.004423643967111967
ENSG00000261012,1,0.05080910913580861
ENSG00000260947,1,0.0013129240384347864
ENSG00000260861,1,0.0019053114849510973
ENSG00000260816,1,0.008591610772034231
ENSG00000260805,1,0.0015981010365846264
ENSG00000260729,1,0.001617473796807605
ENSG00000260725,1,0.004514035038096663
ENSG00000260677,1,0.0030765125417326284
ENSG00000260671,1,0.001037075511003153
ENSG00000260645,1,0.0013011712727210038
ENSG00000260597,1,0.005509996065191597
ENSG00000260586,1,0.016231611854337726
ENSG00000260583,1,0.003486412731997645
ENSG00000260500,1,0.0018042247978385033
ENSG00000260467,1,0.011243818397594913
ENSG00000260464,1,0.005658357903052522
ENSG00000260401,1,0.0024297327259623102
ENSG00000261613,1,0.001527565589084771
ENSG00000261668,1,0.001693377263737317
ENSG00000254639,1,0.0036675686783264024
ENSG00000261762,1,0.0025789746812682427
ENSG00000267089,1,0.012003821223511726
ENSG00000267077,1,0.0017297911322017112
ENSG00000267015,1,0.009211131634920953
ENSG00000266709,1,0.012100480192826425
ENSG00000266680,1,0.006530912349399793
ENSG00000266541,1,0.014870296394467563
ENSG00000266268,1,0.0029078536700348446
ENSG00000266100,1,0.0018979225807341832
ENSG00000266088,1,0.00880764011874406
ENSG00000265800,1,0.0017170947778767133
ENSG00000265554,1,0.0031791008605345007
ENSG00000265356,1,0.002907736100124293
ENSG00000265121,1,0.002947358833716887
ENSG00000265118,1,0.0017572094237873468
ENSG00000264215,1,0.0026088494522876248
ENSG00000264187,1,0.001145755093033735
ENSG00000264125,1,0.01737240395800431
ENSG00000263567,1,0.013679371871703518
ENSG00000263531,1,0.0024148119153413546
ENSG00000263335,1,0.001703135845209029
ENSG00000263167,1,0.0036591129192199007
ENSG00000262691,1,0.001366584322341163
ENSG00000262213,1,0.0034892636881685233
ENSG00000262038,1,0.004621886828104355
ENSG00000261997,1,0.0020297412083897693
ENSG00000261840,1,0.00351193213043081
ENSG00000261829,1,0.009058896967583692
ENSG00000260390,1,0.01013664156041486
ENSG00000260337,1,0.0030386073503978956
ENSG00000260303,1,0.01647461178372859
ENSG00000260267,1,0.0012368007281479518
ENSG00000257761,1,0.004729063281326233
ENSG00000257524,1,0.007450615556380751
ENSG00000257241,1,0.005605903129763706
ENSG00000257202,1,0.005855523916793641
ENSG00000257191,1,0.0038645299914297445
ENSG00000257178,1,0.003914694349611821
ENSG00000256654,1,0.004569113139001162
ENSG00000256632,1,0.004703747357906812
ENSG00000256218,1,0.0017341749968978744
ENSG00000256195,1,0.0018495667283916467
ENSG00000255893,1,0.0019466406430496976
ENSG00000255882,1,0.006313455057158243
ENSG00000255847,1,0.004903163801625814
ENSG00000255750,1,0.002595782661574047
ENSG00000255655,1,0.001608609868681923
ENSG00000255639,1,0.001511653447531805
ENSG00000255478,1,0.007793558335071143
ENSG00000255438,1,0.002288353533251756
ENSG00000255434,1,0.003792727687776652
ENSG00000255372,1,0.001538201778383383
ENSG00000255367,1,0.0032496481639690297
ENSG00000255260,1,0.0033855967210688976
ENSG00000255229,1,0.019934987934252073
ENSG00000254859,1,0.0018356032696325146
ENSG00000254746,1,0.004265581671936136
ENSG00000254732,1,0.002611197661413845
ENSG00000254698,1,0.0021767804323335146
ENSG00000258122,1,0.0014417243448898915
ENSG00000258181,1,0.0015580625210585286
ENSG00000258199,1,0.003376258903470228
ENSG00000259398,1,0.0023935330839570555
ENSG00000260173,1,0.01758358305817318
ENSG00000260171,1,0.0020740111784823437
ENSG00000260145,1,0.005236419322991622
ENSG00000260092,1,0.00999066551719845
ENSG00000260084,1,0.002251723234526483
ENSG00000259925,1,0.007401349054193439
ENSG00000259923,1,0.009172263972785139
ENSG00000259871,1,0.009724034390852869
ENSG00000259690,1,0.017427605860791482
ENSG00000259645,1,0.0015937202920043598
ENSG00000259605,1,0.0028418688275706856
ENSG00000259432,1,0.003334630457733591
ENSG00000259390,1,0.0019150044385482182
ENSG00000258355,1,0.0016404454706722335
ENSG00000259268,1,0.0029660977026725256
ENSG00000259135,1,0.001459692031005986
ENSG00000259124,1,0.0033847991846179676
ENSG00000259087,1,0.004363847159625861
ENSG00000259001,1,0.005804177451056329
ENSG00000258837,1,0.00916773511325983
ENSG00000258792,1,0.004329592195944484
ENSG00000258693,1,0.002702393713555926
ENSG00000258676,1,0.01078191976748491
ENSG00000258654,1,0.0017877782892834345
ENSG00000258593,1,0.01274195128557756
ENSG00000258521,1,0.005718012851484881
ENSG00000227061,1,0.005433477518532098
ENSG00000227017,1,0.004410704856274879
ENSG00000226954,1,0.004527838502784291
DUSP11,1,0.004604754261399636
DUS2,1,0.07021422583540926
DUS1L,1,0.030014459144933378
DUBR,1,0.003700248960053279
DTYMK,1,0.003700248960053279
DTX4,1,0.003700248960053279
DTWD2,1,0.1074537515191234
DTWD1,1,0.21741337103412486
DTNBP1,1,0.00703047302410123
DTNB,1,0.25157910725798643
DTD2,1,0.0014800995840213117
DTD1,1,0.23960280148089363
DSTN,1,0.004255286304061271
DSEL,1,0.3847115289612132
DSCC1,1,0.005920398336085247
DSC3,1,0.002220149376031967
DSC1,1,0.002220149376031967
DRP2,1,0.0029601991680426234
DRC4,1,0.002220149376031967
DRC11,1,0.014504975923408854
DRAXIN,1,0.005398535346279702
DRAIC,1,0.0018722795637420718
DQX1,1,0.0036679555487044583
DPYSL4,1,0.005134246764057799
DPY19L3,1,0.057026615255066866
DPY19L2,1,0.11183560195552492
DPRX,1,0.02870732000692581
DPPA4,1,0.031022999444142232
DUS3L,1,0.003700248960053279
DUSP13B,1,0.0060616056853589435
ECE1-AS1,1,0.0030683057615017097
DUSP14,1,0.013477116621734977
EBLN2,1,0.23316177809213284
EBF4,1,0.0022556050141442946
EAF2,1,0.00976572125753927
DZIP1L,1,0.0018259978006507005
DZIP1,1,0.07275849745261337
DYTN,1,0.030364242966197205
DYRK1B,1,0.0029601991680426234
DYNLT3,1,0.003700248960053279
DYNLT2,1,0.001395086287540539
DYNLT1,1,0.0014800995840213117
DYNLRB2-AS1,1,0.003491590846352596
DYNLRB2,1,0.17318811359829026
DYNLL1,1,0.0029601991680426234
DYNC2I1,1,0.03537438005810934
DYNC1I2,1,0.007770522816111886
DYM-AS1,1,0.011603980738727083
DYDC2,1,0.025561036819569512
DYDC1,1,0.029491836309961574
DUXAP9,1,0.01887126969627172
DUXAP10,1,0.01887126969627172
DUX4,1,0.0014800995840213117
DUSP8,1,0.0014800995840213117
DUSP3,1,0.03450112130353676
DUSP29,1,0.028948145242816505
DUSP26,1,0.004625311200066598
DUSP23,1,0.00802078659557496
DUSP19,1,0.3872142900177431
DPPA2,1,0.323624190589636
DPP3-DT,1,0.0021751383152931857
DPM1,1,0.028437575576002454
DPH5-DT,1,0.0020776753284227354
DNAJB7,1,0.00996103156881398
DNAJB6,1,0.004255286304061271
DNAJB5-DT,1,0.008916288382083852
DNAJB5,1,0.002220149376031967
DNAJB4,1,0.08733601035212384
DNAJA2,1,0.004255286304061271
DNAH8-AS1,1,0.003293748925578626
DNAH17,1,0.15343962890198626
DNAH11,1,0.4060461291103347
DNAH1,1,0.03376107151152612
DNAAF8,1,0.03779204985945424
DNAAF5,1,0.07872248886683803
DNAAF2,1,0.036229430492730134
DMXL1,1,0.019390341290760286
DMTN,1,0.04048072362298288
DMTF1,1,0.029506263169286714
DLX6,1,0.027533735802950283
DLX5,1,0.034455178707503815
DLX4,1,0.002590174272037295
DLX1,1,0.028966690911205618
DLST,1,0.008923910444280357
DLGAP4,1,0.0014800995840213117
DLGAP3,1,0.00265082278207709
DLGAP2,1,0.39475507475070387
DLGAP1-AS5,1,0.04286839551911486
DLG3,1,0.004625311200066598
DIXDC1,1,0.002220149376031967
DNAJC12,1,0.002668742996546915
DNAJC13,1,0.003700248960053279
DNAJC14,1,0.004255286304061271
DOCK6-AS1,1,0.0021710452818108315
DPH3,1,0.08484695749916481
DPF3,1,0.0011746383277947653
DPF2,1,0.002220149376031967
DPF1,1,0.002093243508734157
DPEP2NB,1,0.021198963007545767
DPCD,1,0.2745233770097854
DOP1A,1,0.12994305552647198
DOK5,1,0.08870922239681181
DOK4,1,0.005214295057584815
DOHH,1,0.015890513589562134
DOCK9-AS1,1,0.019215792936463572
DOCK9,1,0.0014561390519107177
DOCK5,1,0.19150371314268427
DNAJC19,1,0.032507413819756796
DOCK10,1,0.03598862138547819
DOC2A,1,0.01169856626566023
DNPEP-AS1,1,0.01771809449456313
DNMT3L,1,0.007400497920106558
DNM3OS,1,0.06861906127032136
DNM1,1,0.0014800995840213117
DNASE2B,1,0.0029601991680426234
DNASE1L1,1,0.00741145255477888
DNAJC9,1,0.001963978337627435
DNAJC5B,1,0.002455540283495832
DNAJC30,1,0.030379043962037416
DNAJC24,1,0.046341917975707254
ECD,1,0.004625311200066598
ECEL1,1,0.00827789060579773
ENSG00000226899,1,0.0034258265744161152
ENSG00000203644,1,0.00329786516970117
ENSG00000203364,1,0.0015818509677518876
ENSG00000198358,1,0.015162343983081455
ENSG00000184441,1,0.007061461610638658
ENSG00000174171,1,0.004480867494358317
ENSG00000159239,1,0.0014808135351703936
ENSA,1,0.031181165571859144
ENPP5,1,0.002265002986994085
ENDOG,1,0.010989739411358238
EMX2,1,0.2504115182921332
EMSY-DT,1,0.0014775954925234495
EMSLR,1,0.002220149376031967
EML6,1,0.010478825880236992
EML3,1,0.002220149376031967
EML2,1,0.007246297010748969
EMILIN3,1,0.177453700034795
EME1,1,0.0013111731726420672
EMD,1,0.0014800995840213117
EMC8,1,0.026521543644667554
EMC6,1,0.007400497920106558
EMC4,1,0.005770643292584307
EMC3,1,0.021461443968309016
ELP4,1,0.0029601991680426234
ELP2,1,0.025298921765643086
ELOVL1,1,0.0014800995840213117
ELOA3BP,1,0.007400497920106558
ELMOD1,1,0.0033722688879876134
ELMO3,1,0.0014800995840213117
ENSG00000203395,1,0.003856677217806104
ENSG00000204876,1,0.01753378986297834
ECH1,1,0.0014800995840213117
ENSG00000206249,1,0.0021952854401028413
ENSG00000226699,1,0.003978059299094662
ENSG00000226647,1,0.00396840304390276
ENSG00000226571,1,0.0041907560915865035
ENSG00000226089,1,0.0026543388958422272
ENSG00000225929,1,0.0037097243496759494
ENSG00000225889,1,0.0021352064554009315
ENSG00000225885,1,0.006297851764722264
ENSG00000225680,1,0.002070103866043277
ENSG00000225606,1,0.004387017241847538
ENSG00000225498,1,0.009855748728677744
ENSG00000225335,1,0.019616028691681938
ENSG00000225330,1,0.0011934904256570306
ENSG00000225313,1,0.0023508042655360256
ENSG00000225032,1,0.0012094436886116388
ENSG00000225012,1,0.0012085966348775962
ENSG00000225007,1,0.006648873963945239
ENSG00000224635,1,0.001872717902986134
ENSG00000224417,1,0.03760318765533005
ENSG00000224091,1,0.003195338124062767
ENSG00000223829,1,0.003837906882324679
ENSG00000223400,1,0.003228804405601808
ENSG00000222043,1,0.002017336906662797
ENSG00000222017,1,0.004671881045310962
ENSG00000221184,1,0.0019208627291178375
ENSG00000220256,1,0.03448219296676965
ENSG00000219159,1,0.011364584341697978
ENSG00000215156,1,0.0029193777690286814
ELFN1-AS1,1,0.0024594906141957138
ELF2,1,0.21835605449871515
ELAVL4,1,0.003700248960053279
ELAPOR2,1,0.020724187555913827
EFCC1,1,0.0035180936412164765
EFCAB7,1,0.02292996006073708
EFCAB6-AS1,1,0.0015100180600079293
EFCAB5,1,0.00945014532862914
EFCAB14,1,0.032155163462863
EFCAB13-DT,1,0.002946754498063809
EFCAB13,1,0.18504528819916327
EFCAB11,1,0.07320339499712966
EFCAB10,1,0.08518706721185222
EEIG2,1,0.004607551233913574
EEF1D,1,0.13385896499828673
EEF1B2P2,1,0.002220149376031967
EEF1AKMT1,1,0.003127395217983873
EEA1,1,0.003700248960053279
EDRF1-AS1,1,0.0036883534321834506
EDIL3-DT,1,0.014947857734187555
EDEM3,1,0.2107689104576475
EDEM1,1,0.003700248960053279
EDDM3A,1,0.07935626716543115
EDDM13,1,0.09793654568104043
EDA2R,1,0.017021145216245082
ECT2,1,0.002417089696398098
ECSIT,1,0.01850124480026639
ECRG4,1,0.06383625827055149
ECM2,1,0.005380929819466518
ECHS1,1,0.006084853845420947
ECHDC1,1,0.3374773058773453
EFHB,1,0.03660312764060093
EFNA4,1,0.0026561719769926254
EFNB3,1,0.03108209126444754
EIF3B,1,0.006660448128095901
ELAC2,1,0.007400497920106558
EIPR1,1,0.14980817303466987
EIF5B,1,0.006660448128095901
EIF4G2,1,0.044086104960334535
EIF4G1,1,0.006660448128095901
EIF4E2,1,0.0014800995840213117
EIF4A3,1,0.007400497920106558
EIF4A2,1,0.09250622400133196
EIF4A1,1,0.003700248960053279
EIF3M,1,0.005920398336085247
EIF3I,1,0.0014800995840213117
EIF3D,1,0.04685285912182558
EIF2B4,1,0.0779590645742407
EFR3A,1,0.37893014226651994
EIF2AK1,1,0.037690735907102695
EIF1AY,1,0.009123062185822988
EID2,1,0.0014800995840213117
EID1,1,0.14126983559039774
EHHADH,1,0.008880597504127868
EHBP1,1,0.0014800995840213117
EGOT,1,0.002119821816239495
EGFR-AS1,1,0.0437111716092674
EGFLAM-AS4,1,0.006097270408618455
EGFL8,1,0.0014800995840213117
EGFL7,1,0.011124575635338032
EFTUD2,1,0.008561964954789949
ENSG00000267423,1,0.0014573839056277959
ENSG00000267457,1,0.001038489670987554
ENSG00000267568,1,0.004363657745211566
FAN1,1,0.0014800995840213117
FAM90A27P,1,0.12530610083363378
FAM90A15,1,0.02234617952772606
FAM90A1,1,0.27833331950436335
FAM8A1,1,0.0011695153819800926
FAM89B,1,0.0017615289516481022
FAM89A,1,0.24170697807392247
FAM86B1,1,0.0022537147907708576
FAM78B,1,0.1758403950558613
FAM78A,1,0.0013057201646519607
FAM72B,1,0.003700248960053279
FAM72A,1,0.007400497920106558
FAM50B,1,0.294597912035118
FAM47E,1,0.004737154520637436
FAM3D-AS1,1,0.014251262772346144
FAM32A,1,0.1473351375772347
FAM25A,1,0.04000617715066864
FAM241B,1,0.03919426449540926
FAM240A,1,0.036664196428605134
FAM230I,1,0.006166332702339228
FAM227A,1,0.002051465155441505
FAM225A,1,0.01835688312713548
FAM222A,1,0.03629944229812267
FAM221A,1,0.023041322291881685
FAM219A,1,0.040322989106756496
FAM217B,1,0.09461981783744415
FAM20B,1,0.021180546913471255
FAM204A,1,0.027163518207883944
FAM9C,1,0.002055666610750007
FARP1,1,0.10609606633698448
FCGR1CP,1,0.004995336096071927
FARSA,1,0.007400497920106558
FBXW12,1,0.03507836014130508
FBXW11,1,0.26672154762773415
FBXO48,1,0.045867851723667634
FBXO46,1,0.010786225718555307
FBXO45,1,0.13972231025287393
FBXO43,1,0.047081847261620374
FBXO4,1,0.039934936901375014
FBXO31,1,0.02050046923106267
FBXO3,1,0.002590174272037295
FBXO25,1,0.2701638574658994
FBXO22,1,0.04588308710466066
FBXO2,1,0.04997393493580485
FBXO16,1,0.0031515834807686644
FBXL7,1,0.02606995510309754
FBXL4,1,0.16110403507425722
FBXL20,1,0.2519323433809773
FBXL17,1,0.024791668032356967
FBN3,1,0.004270767843920933
FBLN7,1,0.279803965919827
FBLN5,1,0.0055488047888474674
FBLN1,1,0.02158279030290069
FAXDC2,1,0.002597132480703018
FAXC,1,0.0374682712162816
FAT2,1,0.007486981145424921
FASTKD3,1,0.21214875009068207
FASTKD1,1,0.003700248960053279
FARSB,1,0.003700248960053279
FAM181A,1,0.03587309354611491
FAM177B,1,0.06244056094693063
FAM177A1,1,0.021789394562556005
FAM174C,1,0.019215665465533608
EXOSC4,1,0.003700248960053279
EXOSC1,1,0.0014800995840213117
EXOC6B,1,0.03231706915161507
EXOC3L4,1,0.0019351737632850516
EXOC3-AS1,1,0.004440298752063934
EXOC3,1,0.003700248960053279
EXD3,1,0.03191650256409252
EXD1,1,0.027826194335532305
EVI5,1,0.0014800995840213117
EVC2,1,0.0583505984796177
EVC,1,0.03373663786238053
ETV3,1,0.002220149376031967
ETV2,1,0.0058402025118350735
ETFRF1,1,0.03248068567124595
ETFB,1,0.0032991841960424676
ESYT2,1,0.020080201833920883
ESRG,1,0.004149640639036526
ERVMER34-1,1,0.020728384936636646
ERVK-28,1,0.0017597432577445109
ERVH48-1,1,0.01905064154829419
ERVE-1,1,0.006780753967206106
ERO1A,1,0.004440298752063934
ERMARD,1,0.0037991637007209695
ERMAP,1,0.07551344736044728
ERLN,1,0.013054478331067966
ERLIN2,1,0.0014800995840213117
ERICH5,1,0.0026906973685136147
EXOSC7,1,0.0014800995840213117
EXOSC8,1,0.003700248960053279
EXT1,1,0.2775186720039959
FAM131A,1,0.008036469983701906
FAM174B,1,0.08681404641632626
FAM174A,1,0.00701237806648124
FAM171B,1,0.24530440579026927
FAM170B-AS1,1,0.0021003073005904965
FAM169A,1,0.0014800995840213117
FAM163A,1,0.03238457889838629
FAM157D,1,0.0013726867675833531
FAM157C,1,0.001879187254730729
FAM149A,1,0.051289699036433996
FAM13C,1,0.0046130371032559155
FAM13B,1,0.03342804910512132
FAM133B,1,0.12042951636580204
FAM124B,1,0.3134611532848021
EZH1,1,0.004440298752063934
FAM124A,1,0.013607852239411774
FAM120AOS,1,0.2196234346542815
FAM120A,1,0.1781022884018564
FAM110C,1,0.0022863508887356995
FAM110B,1,0.0018309595320775023
FAM107B,1,0.04560188933877726
FAIM2,1,0.0063197758464273845
FAHD1,1,0.008525373603962754
FADS6,1,0.04292901156648274
FABP6-AS1,1,0.03542134281876956
FA2H,1,0.4077530988104899
F12,1,0.0014800995840213117
FBXW2,1,0.009098005296833767
FCHO2,1,0.11146991567073153
ERICH1,1,0.09685626118659982
GAS1RR,1,0.00249987907735695
GARNL3,1,0.001797764447375225
GARIN6,1,0.06681732214535886
GARIN4,1,0.04321468254419657
GAPLINC,1,0.0022663613936768764
GAMT,1,0.003700248960053279
GALNT9-AS1,1,0.003249079842305778
GALNT9,1,0.007150312745023049
GALNT3,1,0.035525250995322555
GALNT16,1,0.3286147976974119
GALNT13,1,0.008123836482465683
GALNT10,1,0.2730041705522517
GALNT1,1,0.0014800995840213117
GALM,1,0.010004329970476565
GALK2,1,0.003700248960053279
GABRR2,1,0.010060653049211122
GABRR1,1,0.0023705207612857828
GABPB2,1,0.037054293085973536
GABPB1,1,0.005920398336085247
GABARAPL3,1,0.003700248960053279
GAB4,1,0.09750397079168724
G3BP2,1,0.007400497920106558
FZD6,1,0.004070273856058606
FZD10-AS1,1,0.0019430113207491572
FYCO1,1,0.0014800995840213117
FXYD4,1,0.14792955836699434
FXYD2,1,0.029612569245261757
FUT6,1,0.002220149376031967
GARS1,1,0.0128275297281847
GASK1B,1,0.003819931204893496
FCHSD1,1,0.001764129525599863
GATA2-AS1,1,0.009720497621632324
GGT7,1,0.023400443018585494
GGA1,1,0.0014800995840213117
GFPT1,1,0.003700248960053279
GFOD1,1,0.3125326292602068
GET4,1,0.0014800995840213117
GEN1,1,0.011840796672170494
GDPGP1,1,0.023675777409501032
GDPD3,1,0.0012303556613905418
GDI2,1,0.002220149376031967
GDI1,1,0.002220149376031967
GDF9,1,0.002220149376031967
GDF7,1,0.05525301857827684
GDE1,1,0.021174132984898744
GDAP1L1,1,0.10545269402531064
GCSAML,1,0.1108553033430974
GCNT7,1,0.018775873700392465
GCM2,1,0.033102427196636634
GCLM,1,0.0051981414525314705
GCH1,1,0.16015837415733153
GCFC2,1,0.16969896953764926
GCC2,1,0.32349267541722115
GBF1,1,0.003700248960053279
GBE1,1,0.003700248960053279
GAU1,1,0.005689781120150643
GATAD2B,1,0.003700248960053279
GATA6-AS2,1,0.005025310937047322
GATA6-AS1,1,0.01571744694326517
FUOM,1,0.0038020877521205186
FUNDC1,1,0.0014800995840213117
FUCA1,1,0.004625311200066598
FUBP3,1,0.15185655333495782
FKBPL,1,0.004070273856058606
FKBP6,1,0.004070273856058606
FKBP2,1,0.005470179254092615
FKBP1C,1,0.20081958806488798
FILIP1,1,0.02477205881799365
FIGLA,1,0.03291904936202623
FIBP,1,0.0524925177559152
FHOD1,1,0.0385935966533557
FHIP2A,1,0.004819070176358855
FHDC1,1,0.2927984721748168
FHAD1,1,0.022231360143592022
FGL1-AS1,1,0.005767385809690038
FGFR1OP2,1,0.003700248960053279
FGFBP3,1,0.1325532777129052
FGF6,1,0.0014800995840213117
FGF3,1,0.02140539088351776
FGF16,1,0.007400497920106558
FGF13,1,0.0033102955930063792
FEZ2,1,0.08898038008375686
FERRY3,1,0.007974853661214618
FER1L6,1,0.0027892006308260792
FER1L5,1,0.004781889204042222
FENDRR,1,0.008880597504127868
FDXACB1,1,0.019899488397014088
FCRL3-AS1,1,0.002153167221199315
FCRL1,1,0.17516013541803227
FCHSD2,1,0.021276068624004673
FLACC1,1,0.053052218143163674
FLJ12825,1,0.003309349403497032
FLOT1,1,0.009905512160317624
FOXN2,1,0.003700248960053279
FTSJ1,1,0.0014800995840213117
FTCDNL1,1,0.027537605801761223
FSD1L,1,0.004440298752063934
FSD1,1,0.004440298752063934
FSBP,1,0.019121928098074392
FRYL,1,0.0435593307577472
FRS2,1,0.011280620093495758
FREM3,1,0.24969014533080086
FOXS1,1,0.013054478331067966
FOXRED2,1,0.006570583726035211
FOXRED1,1,0.025507442677532303
FOXN4,1,0.31237905888530765
FOXL3,1,0.021342807038149343
FLYWCH1,1,0.0051803485440745905
FOXJ3,1,0.04212363416124652
FOXJ2,1,0.0051803485440745905
FOXI3,1,0.0015121863065523243
FOXI1,1,0.003700248960053279
FOXG1,1,0.005378639047318815
FOXD2-AS1,1,0.006611814054711385
FNIP2,1,0.007733520326511353
FNBP1L,1,0.05840800150917563
FMO2,1,0.0027498654410466616
FMO1-AS1,1,0.001515402979648366
FMNL3,1,0.0012886659534477717
FMNL1-DT,1,0.004775911217615183
ERICH4,1,0.04854413820842333
ERI3,1,0.003700248960053279
ENSG00000267629,1,0.02391114452144806
ENSG00000277954,1,0.002586257067939202
ENSG00000277542,1,0.002038772296593165
ENSG00000277476,1,0.004779904644250662
ENSG00000277117,1,0.0016161315367464557
ENSG00000276952,1,0.0014738195102145947
ENSG00000276570,1,0.0012476552848175388
ENSG00000276533,1,0.005228409456472491
ENSG00000276490,1,0.002119660996651011
ENSG00000276434,1,0.0019614489089712335
ENSG00000276259,1,0.0013226168376364986
ENSG00000276170,1,0.0016635851306844786
ENSG00000276071,1,0.0014901236810078615
ENSG00000275807,1,0.0037551843208756043
ENSG00000275672,1,0.007260794493177236
ENSG00000275210,1,0.005339718488115938
ENSG00000274993,1,0.007343274271195936
ENSG00000274798,1,0.002740390150954564
ENSG00000274767,1,0.0016977627367793357
ENSG00000274719,1,0.002848611890771419
ENSG00000274354,1,0.005552752046297318
ENSG00000274238,1,0.005392889360750109
ENSG00000273987,1,0.0015659680179210148
ENSG00000273972,1,0.014504975923408854
ENSG00000273824,1,0.004225185507249894
ENSG00000273760,1,0.016542205083303844
ENSG00000273551,1,0.004702301410399776
ENSG00000273368,1,0.0077932731207320406
ENSG00000273314,1,0.001307612605276008
ENSG00000277653,1,0.009893123293951735
ENSG00000277966,1,0.0023496518876165865
ENSG00000279369,1,0.002429424176340916
ENSG00000278002,1,0.0015886527512735725
ENSG00000279353,1,0.01978153094044483
ENSG00000279320,1,0.001428449994053841
ENSG00000279285,1,0.0032179253705415045
ENSG00000279237,1,0.007310355964425019
ENSG00000279232,1,0.0033812931743029116
ENSG00000279227,1,0.0013272490695101957
ENSG00000279217,1,0.005627415026052149
ENSG00000279198,1,0.0023508042655360256
ENSG00000279175,1,0.0026943760350373294
ENSG00000279164,1,0.016443782308559994
ENSG00000279161,1,0.0032536805987450988
ENSG00000279103,1,0.0014069388384819784
ENSG00000279059,1,0.0022907262419238844
ENSG00000279030,1,0.0074979511117834
ENSG00000279017,1,0.011918593129466519
ENSG00000278985,1,0.0011575815515517244
ENSG00000278982,1,0.0070126481723223515
ENSG00000278971,1,0.010261582045746707
ENSG00000278920,1,0.00673553860330033
ENSG00000278890,1,0.0032717423282596146
ENSG00000278668,1,0.002370973805797786
ENSG00000278592,1,0.003419182547774007
ENSG00000278445,1,0.0076241931582082915
ENSG00000278255,1,0.005197654316597679
ENSG00000278192,1,0.013200690562115537
ENSG00000278126,1,0.0013263212225004474
ENSG00000278058,1,0.0032260841729490736
ENSG00000273096,1,0.001469278175890454
ENSG00000273066,1,0.013477116621734977
ENSG00000273055,1,0.0017449595936785342
ENSG00000272977,1,0.0015201240119435708
ENSG00000270190,1,0.007756514887563825
ENSG00000270127,1,0.0022661719129624456
ENSG00000269970,1,0.003735349291177253
ENSG00000269919,1,0.004531501300825061
ENSG00000269906,1,0.002604797283058
ENSG00000269887,1,0.0024532831391560405
ENSG00000269506,1,0.0018775384265608043
ENSG00000269403,1,0.0016495450232681683
ENSG00000269397,1,0.0024889128276340683
ENSG00000269365,1,0.001205794450663804
ENSG00000269176,1,0.0071030650080357
ENSG00000268987,1,0.002133880688777932
ENSG00000268926,1,0.0027656285494792126
ENSG00000268628,1,0.007577471095147109
ENSG00000268601,1,0.004979728077597665
ENSG00000268555,1,0.01883817877982093
ENSG00000268240,1,0.006933923916694593
ENSG00000268170,1,0.0015373537587895553
ENSG00000267968,1,0.007186724884434928
ENSG00000267934,1,0.0016243783917641638
ENSG00000267924,1,0.0116180019873297
ENSG00000267774,1,0.0036364560348518113
ENSG00000267748,1,0.0037646515490597767
ENSG00000267731,1,0.0018600177496025134
ENSG00000267724,1,0.001286258779336868
ENSG00000267706,1,0.004585612434896475
ENSG00000267650,1,0.013965165611003668
ENSG00000270210,1,0.0020999356117916887
ENSG00000270277,1,0.003352438857576977
ENSG00000270403,1,0.0076671543628264675
ENSG00000272088,1,0.012763733596411163
ENSG00000272950,1,0.0013776946294343799
ENSG00000272864,1,0.004357878007058406
ENSG00000272506,1,0.0035151739709046513
ENSG00000272505,1,0.0013045259587288929
ENSG00000272491,1,0.006230206450061048
ENSG00000272405,1,0.006661875014386701
ENSG00000272338,1,0.004636530463069994
ENSG00000272293,1,0.0022867872015713045
ENSG00000272183,1,0.0010752023905938142
ENSG00000272173,1,0.0014594684389788223
ENSG00000272144,1,0.0023682215312414686
ENSG00000272115,1,0.0011027124865463438
ENSG00000272050,1,0.0037228831454423237
ENSG00000270956,1,0.00229281200094533
ENSG00000272037,1,0.00216050876252891
ENSG00000271969,1,0.008753724534881787
ENSG00000271930,1,0.0036468874978069633
ENSG00000271858,1,0.0013467676254097826
ENSG00000271828,1,0.0038216715105808302
ENSG00000271825,1,0.0018852543294311894
ENSG00000271727,1,0.0016910873102246179
ENSG00000271715,1,0.00499092219451973
ENSG00000271590,1,0.0139219419765674
ENSG00000271420,1,0.01749875670689831
ENSG00000271384,1,0.005485456444288317
ENSG00000271046,1,0.0026497463818492403
ENSG00000279365,1,0.0054077891995672565
ENSG00000279427,1,0.007511074780213077
ERI1,1,0.14971655909309428
ENSG00000293339,1,0.025716730272370286
ENSG00000290723,1,0.002220149376031967
ENSG00000289767,1,0.02011916510600997
ENSG00000289766,1,0.03240270329983649
ENSG00000289764,1,0.06729561126643661
ENSG00000289747,1,0.027109571182606988
ENSG00000289710,1,0.1930777488335944
ENSG00000289360,1,0.029314644813201517
ENSG00000289325,1,0.03981970592746325
ENSG00000288914,1,0.033516513769728695
ENSG00000288716,1,0.31068843112336375
ENSG00000288712,1,0.24063971641074325
ENSG00000288645,1,0.3330224064047951
ENSG00000288636,1,0.025433290329879277
ENSG00000288529,1,0.30699439147474195
ENSG00000288057,1,0.008734715335385303
ENSG00000286131,1,0.049392887758409935
ENSG00000285984,1,0.00217838249984969
ENSG00000285973,1,0.006237238112331975
ENSG00000285966,1,0.0020987906666590193
ENSG00000285909,1,0.0012348577808183139
ENSG00000285836,1,0.0022683211195096294
ENSG00000285756,1,0.007028401414349441
ENSG00000285710,1,0.0021527141166367025
ENSG00000285706,1,0.0021817212142218917
ENSG00000285534,1,0.0015312474475250699
ENSG00000285513,1,0.0026332650568793624
ENSG00000285128,1,0.0010899437583107917
ENSG00000291023,1,0.002220149376031967
ENSG00000293429,1,0.003700248960053279
ENSG00000279444,1,0.0068839088284652445
ENSG00000293606,1,0.27775067067892983
ERH,1,0.008930267279507131
ERGIC3,1,0.02086568408590296
ERGIC2,1,0.003700248960053279
ERFL,1,0.020387667897955958
ERCC6,1,0.041695715936989806
ERBIN-DT,1,0.004466294787133454
EQTN,1,0.01935840397911265
EPS8L3,1,0.010767724473755041
EPS8L1,1,0.004572180079759337
EPS15-AS1,1,0.002016205109132402
EPPK1,1,0.07684503975534936
EPOP,1,0.01359528861252327
EPN3,1,0.010489876762949315
EPM2AIP1,1,0.041845090309616355
EPHX4,1,0.013905124351842567
EPHA10,1,0.07400497920106557
EPGN,1,0.003700248960053279
EPDR1,1,0.07213000428507672
EPCIP,1,0.0023062802962729514
EPB41L5,1,0.0014800995840213117
EPB41L1,1,0.0013788591603116967
ENY2,1,0.007400497920106558
ENTREP3,1,0.06385848991465581
ENSG00000310590,1,0.03228131766838778
ENSG00000310537,1,0.024462757013685565
ENSG00000303872,1,0.0014800995840213117
ENSG00000300022,1,0.004440298752063934
ENSG00000285053,1,0.004167871426065102
ENSG00000284977,1,0.0033518523031368127
ENSG00000284976,1,0.002858925295834924
ENSG00000284906,1,0.005888408903979388
ENSG00000280202,1,0.001316641286349157
ENSG00000280194,1,0.002399165791519816
ENSG00000280143,1,0.0016315437501928367
ENSG00000280140,1,0.00208877673491449
ENSG00000280135,1,0.006783783683284321
ENSG00000280119,1,0.0061227940268010796
ENSG00000280079,1,0.018923196042016952
ENSG00000280018,1,0.0016637804816634764
ENSG00000280011,1,0.007278154804458771
ENSG00000279962,1,0.0016668488486122105
ENSG00000279862,1,0.004017922346534354
ENSG00000279821,1,0.002234088130400281
ENSG00000279801,1,0.001387355361525247
ENSG00000279780,1,0.008852865828502617
ENSG00000279756,1,0.009267690617434309
ENSG00000279719,1,0.0019394116258998494
ENSG00000279706,1,0.001459717037038456
ENSG00000279701,1,0.004817828709202732
ENSG00000279670,1,0.001960827449190345
ENSG00000279668,1,0.006248620911710181
ENSG00000279660,1,0.0031195774047094
ENSG00000279622,1,0.0017224582844226992
ENSG00000279611,1,0.0015343323003872567
ENSG00000279602,1,0.0014695942959699149
ENSG00000279570,1,0.0038474257032869324
ENSG00000279519,1,0.0046700808460433665
ENSG00000279498,1,0.0022540723521702866
ENSG00000280244,1,0.0026293419570230024
ENSG00000280265,1,0.007988278636333604
ENSG00000280281,1,0.004094446599659804
ENSG00000283128,1,0.2936199402465525
ENSG00000284882,1,0.002315057568924973
ENSG00000284825,1,0.002403551228055721
ENSG00000284634,1,0.00215059598500343
ENSG00000284428,1,0.001707109782064975
ENSG00000284377,1,0.008704542061232454
ENSG00000283994,1,0.0016795839029017739
ENSG00000283743,1,0.0017355431345293046
ENSG00000283674,1,0.003225775511547403
ENSG00000283627,1,0.0035611348786397773
ENSG00000283462,1,0.0020547096382374334
ENSG00000283175,1,0.0037966900704017627
ENSG00000283148,1,0.001931660041780462
ENSG00000283103,1,0.0030702874708894096
ENSG00000280304,1,0.0014744225049320822
ENSG00000282988,1,0.0022551775330032155
ENSG00000282057,1,0.002832604933479944
ENSG00000282034,1,0.0019081627700998044
ENSG00000281655,1,0.001675072894156131
ENSG00000281571,1,0.0013713429320480173
ENSG00000281383,1,0.002167499980986354
ENSG00000281333,1,0.010366623174323302
ENSG00000280649,1,0.0022168621398533836
ENSG00000280511,1,0.0022944446853856784
ENSG00000280433,1,0.002837993317741579
ENSG00000280407,1,0.0012773417914817003
ENSG00000280401,1,0.0013232301645442516
DIRAS2,1,0.015790642141887478
DIPK2B,1,0.0016837938879684404
RANBP3L,1,0.002273325373269126
B4GALT5,1,0.0029135451732750406
B4GALT3,1,0.003700248960053279
B4GALT2,1,0.01406094604820246
B3GNT9,1,0.004664181361358325
B3GLCT,1,0.07480279417089689
B3GAT1-DT,1,0.0023193531586543537
B3GALT2,1,0.04248072764122688
B3GALNT2,1,0.02105580682356968
AZIN2,1,0.004070273856058606
AZGP1,1,0.0047465579337093115
AXDND1,1,0.004791299903697003
AWAT2,1,0.0014800995840213117
AVPR2,1,0.006352094048091462
AVPR1B,1,0.010360697088149181
AVEN,1,0.22086311332236627
ATXN7L1,1,0.21095198433728413
ATXN1L,1,0.0027751867200399593
ATXN10,1,0.2485330301600555
ATRN,1,0.002220149376031967
ATPSCKMT,1,0.05459520010897568
ATP8B4,1,0.03681256453261833
ATP8B2,1,0.007158541200581241
ATP8A1,1,0.09925212748163655
ATP6V1E2,1,0.0017432273316487024
ATP6V1E1,1,0.0014800995840213117
ATP6V1B1,1,0.002220149376031967
ATP6V0E1,1,0.003700248960053279
ATP6V0D2,1,0.06745102325074327
B4GALT4,1,0.002220149376031967
BAG5,1,0.03737251449653811
ATP6AP1-DT,1,0.001596096228035878
BAIAP2L1,1,0.0020145799893623406
BEND6,1,0.06662828777067029
BEND5,1,0.04210294043876235
BEND4,1,0.3132568779993911
BEGAIN,1,0.018699089891393014
BEAN1,1,0.040273465528027824
BCO1,1,0.002524607351211379
BCL7B,1,0.003700248960053279
BCL6B,1,0.010248774527404012
BCL2L2-PABPN1,1,0.026641792512383605
BCL2L2,1,0.026641792512383605
BCL2L10,1,0.003700248960053279
BCKDK,1,0.007359389186387528
BCCIP,1,0.021703190425195387
BCAT1-AS1,1,0.07986617355378996
BCAS4,1,0.027308339098437544
BCAS3,1,0.2581899115954725
BCAS1-AS1,1,0.0012386471377195123
BCAS1,1,0.01966618984358375
BCAR3,1,0.3126159317599906
BCAP29,1,0.002220149376031967
BBS7,1,0.002220149376031967
BBS1,1,0.020171543455010224
BBIP1,1,0.020332929642289867
BAZ1A-AS1,1,0.0029534613955381375
BARX2,1,0.3091898545508539
BARHL1,1,0.026161980435463902
BAMBI,1,0.004070273856058606
ATP6V0D1,1,0.003700248960053279
ATP5PO,1,0.0014800995840213117
DIPK2A,1,0.021579974901165547
ASCC3,1,0.027615633317413277
ASB17,1,0.030685866375865265
ASB16-AS1,1,0.008323185353299158
ASB15,1,0.020555189566876738
ASB14,1,0.019176725627097158
ASB13,1,0.00902860746253
ASB10,1,0.03841496872772407
ARX,1,0.007400497920106558
ARVCF,1,0.005976596942453301
ART1,1,0.008880597504127868
ARSI,1,0.0024107156659435793
ARSA,1,0.007110024229221988
ARRDC1,1,0.003700248960053279
ARPC3,1,0.002220149376031967
ARMCX4,1,0.0017928504871922134
ARMCX3,1,0.0022977140843619594
ARMC8,1,0.2624654449282977
ARMC5,1,0.0014800995840213117
ARMC3,1,0.055865441927064385
ARMC10,1,0.02626604515148646
ARMC1,1,0.1271831667359793
ARLN,1,0.019369485339910928
ARL9,1,0.004824616633059285
ARL8B,1,0.02002472197207125
ARL6IP6,1,0.1637883011702646
ARL6IP5,1,0.02676024951344451
ARL6,1,0.0014800995840213117
ARL5A,1,0.03651405673780576
ASB18,1,0.3022342832881309
ASCL4,1,0.004440298752063934
ATP5PF,1,0.003700248960053279
ASF1B,1,0.007816363013758846
ATP5PD,1,0.002590174272037295
ATP5MG,1,0.01406094604820246
ATP5F1B,1,0.0014800995840213117
ATP2C1,1,0.0320515564919815
ATP2B4,1,0.003700248960053279
ATP1B2,1,0.0019010995300269035
ATP1A4,1,0.04122818975472447
ATP13A5,1,0.003314400369334563
ATP13A3,1,0.0693675541810344
ATP13A2,1,0.23725275349056824
ATP11A-AS1,1,0.0017537655893146572
ATG4D,1,0.002220149376031967
ATG4A,1,0.0014800995840213117
ATG14,1,0.002220149376031967
ATG101,1,0.04457829506200318
ATF7IP2,1,0.032426763458071786
ATF6B,1,0.003700248960053279
ATAD3A,1,0.003569006174780636
ASXL3,1,0.025878907425376626
ASTN1,1,0.40121179217738534
ASPN,1,0.005766387278275699
ASPHD1,1,0.0020346476178675276
ASPDH,1,0.006423181292311251
ASNS,1,0.021317978393952476
ASIC5,1,0.0022105943731091753
ASH2L,1,0.03376107151152612
ASGR1,1,0.0014800995840213117
BET1L,1,0.003700248960053279
BEX2,1,0.01554104563222377
BEX3,1,0.003700248960053279
CA5B,1,0.01073072198415451
C8orf33,1,0.2371133646108665
C8A,1,0.023443086752589173
C6orf120,1,0.0710080036004258
C5orf67,1,0.004714707226789065
C5orf63,1,0.003700248960053279
C5orf52,1,0.004600140796198726
C5orf24,1,0.007400497920106558
C4orf33,1,0.13060038878131847
C3orf80,1,0.0016249084971205433
C3orf49,1,0.021999277383198637
C2orf92,1,0.02898072904758697
C2orf76,1,0.003892238994595251
C2orf72,1,0.3090136334830032
C2CD2L,1,0.0026355599072520573
C2CD2,1,0.054452863696144056
C21orf140,1,0.03398204395616919
C20orf203,1,0.32402806545753116
C2-AS1,1,0.011871026962864129
C1orf94,1,0.04403953608951369
C1orf87,1,0.04714131360131907
C1orf216,1,0.0027224555777756038
C1orf21,1,0.004626553132561071
C1orf202,1,0.09446771446188762
C1orf167,1,0.0031273828898725556
C1orf116,1,0.21408215325087376
C1QTNF2,1,0.0016359704204983643
C1QTNF1-AS1,1,0.017428382988647934
C8orf48,1,0.04317700881222773
CAAP1,1,0.10289788553511958
BEX4,1,0.03620323582516128
CAB39,1,0.004647825322746777
CAPS,1,0.0014800995840213117
CAPNS2,1,0.08981103966112802
CAPN8,1,0.0013988156751336175
CAPN3,1,0.032192165952463526
CAPN11,1,0.019101170423446598
CANX,1,0.010293796125462738
CAMTA1-DT,1,0.004065186456948082
CAMSAP1,1,0.28054899065975164
CAMKK2,1,0.0014800995840213117
CALML6,1,0.0014800995840213117
CALML5,1,0.15513972385959654
CALHM5,1,0.022395975859734785
CALHM4,1,0.04404766343162922
CADM4,1,0.010895177493490211
CACUL1,1,0.0018501244800266394
CACNG8,1,0.37002489600532784
CACNG7,1,0.37002489600532784
CACNG6,1,0.37002489600532784
CACNG5,1,0.37002489600532784
CACNG4,1,0.37002489600532784
CACNG1,1,0.37002489600532784
CACNB3,1,0.37002489600532784
CACNB1,1,0.37002489600532784
CACNA1G-AS1,1,0.0027751867200399593
CABP4,1,0.006660448128095901
CABLES2,1,0.12613190550955805
CABCOCO1,1,0.021092026979849767
C1QL2,1,0.2921457870538939
C18orf54,1,0.001090786983378819
C17orf99,1,0.007400497920106558
C17orf78,1,0.057642856810354144
BRINP2,1,0.15939384840647958
BRF2,1,0.003700248960053279
BRD1,1,0.07018518464753787
BRCC3,1,0.016281095424234424
BRAT1,1,0.02022279698868377
BPTF,1,0.003700248960053279
BPNT2,1,0.018872361075911462
BPIFC,1,0.0675106274354575
BORCS6,1,0.036654666198287784
BORA,1,0.003700248960053279
BOP1,1,0.007400497920106558
BOD1L2,1,0.02165781873833441
BNIP1,1,0.10481226884006878
BMP2K,1,0.03527662369019948
BMERB1,1,0.003279027496902374
BLTP3B,1,0.13983710758180548
BLOC1S5-TXNDC5,1,0.0037197366781267184
BLOC1S3,1,0.0014800995840213117
BLMH,1,0.03514517192649185
BLCAP,1,0.00980565974414119
BLACAT1,1,0.0021755666413736867
BIK,1,0.004440298752063934
BICRA,1,0.24230339026467304
BICDL2,1,0.006044599694976616
BHMT2,1,0.041442788352596724
BHLHE41,1,0.004597113673791463
BFSP2,1,0.33524063265539117
BRINP3-DT,1,0.007942951353147971
BRPF1,1,0.11796580137567239
BRSK1,1,0.004059944366233859
C11orf24,1,0.004577137931137006
C17orf114,1,0.13535654908668482
C17orf107,1,0.0012298695719943117
C16orf95,1,0.11916057580465994
C16orf89,1,0.031111693256127972
C16orf78,1,0.08835573263899231
C13orf42,1,0.020507169877267476
C12orf50,1,0.15919660363805366
C12orf42,1,0.04064715578364784
C11orf91,1,0.04134412292658397
C11orf87,1,0.223867739888064
C11orf71,1,0.01921334139857181
C11orf65,1,0.11840796672170491
C11orf21,1,0.0022656095432470645
BRWD1,1,0.002220149376031967
C10orf71,1,0.037024691094293107
C10orf67,1,0.0046520931156045255
C10orf143,1,0.045407239847381174
BTG4,1,0.00795553526411455
BTG2-DT,1,0.001755590398733497
BTF3,1,0.025934971750092094
BTBD9,1,0.26935330671939345
BTBD18,1,0.019683643779449877
BTBD16,1,0.31534087408214667
BTAF1,1,0.07494208380218742
BSPRY,1,0.01963417671717757
BSG-AS1,1,0.0015218312159080015
ARL4D,1,0.01850124480026639
ARL4A,1,0.29578022527470177
ARL14EPL,1,0.2907848321879867
AGAP2,1,0.0073730581881860215
AFMID,1,0.2032961446966642
AFM,1,0.0020145799893623406
AFG2B,1,0.0034107605645835597
AFAP1L2,1,0.06375385452026898
AEBP1,1,0.009797118390411115
ADRM1,1,0.022533009147971825
ADPRS,1,0.003386715180792703
ADPRM,1,0.020026334758752925
ADPGK,1,0.003700248960053279
ADNP2,1,0.28566558638865736
ADNP-AS1,1,0.0034505472742879487
ADM2,1,0.0014800995840213117
ADHFE1,1,0.008986998187441357
ADH1B,1,0.004255286304061271
ADGRG2,1,0.005346776096255176
ADGRG1,1,0.008079996400082983
ADGRB2,1,0.0022298518925112417
ADD3-AS1,1,0.00856255102596843
ADD1,1,0.037091295575574064
ADCY4,1,0.012210821568175819
ADCY10,1,0.006269866293423612
ADARB1,1,0.00795553526411455
ADAP2,1,0.0017660121616346412
ADAMTSL5,1,0.0019210454863370404
ADAMTS16,1,0.21815657759829474
ADAM7,1,0.019746389452067976
ADAM33,1,0.0022164380396635782
AGA-DT,1,0.0012512344431583164
AGBL4,1,0.24895672162738303
ALDH3B1,1,0.003700248960053279
AGK,1,0.007400497920106558
ALAD,1,0.007400497920106558
AKR7L,1,0.02245081905746337
AKR7A2,1,0.003700248960053279
AKR1D1,1,0.1104387136509699
AKR1C4,1,0.0014800995840213117
AKAP8L,1,0.002220149376031967
AKAP5,1,0.004419741813396972
AKAP17A,1,0.008825709561232476
AKAP11,1,0.33438331867659254
AKAIN1,1,0.06743481139419276
AK8,1,0.004635431106126873
AK7,1,0.16689833376056656
AK5,1,0.008880597504127868
AK1,1,0.00812366932054747
AJUBA,1,0.0040952225709999885
AJAP1,1,0.00968222336837156
AIMP1,1,0.1602892607564755
AIG1,1,0.3079164753802118
AHSA2P,1,0.003700248960053279
AHNAK,1,0.01850124480026639
AGTR2,1,0.006660448128095901
AGPAT5,1,0.052224276869498716
AGPAT3,1,0.0029601991680426234
AGPAT2,1,0.008579265498591443
AGO4,1,0.004070273856058606
AGO3,1,0.003700248960053279
AGO1,1,0.004070273856058606
ADAM30,1,0.10842982029659765
ADAM29,1,0.1219417147827464
ADAM2,1,0.01863753657815923
ACY1,1,0.0012542377001535303
ABRA,1,0.04925051878051433
ABR-AS1,1,0.0016952194400836804
ABLIM1,1,0.17317714113505425
ABI3BP,1,0.003700248960053279
ABHD5,1,0.011100746880159837
ABHD17C,1,0.2715288318924594
ABHD14B,1,0.003700248960053279
ABHD12,1,0.027290128854646236
ABHD11,1,0.004625311200066598
ABCF2,1,0.004440298752063934
ABCF1,1,0.0014800995840213117
ABCE1,1,0.007400497920106558
ABCD3,1,0.009620647296138525
ABCC10,1,0.007400497920106558
ABCB9,1,0.0014800995840213117
ABCB8,1,0.004440298752063934
ABCA6,1,0.031403371736889965
ABCA5,1,0.035809621848249075
ABCA10,1,0.0033659960133500797
AATK,1,0.024910075999078667
AATF,1,0.10371965962278983
AATBC,1,0.0062722455635008684
AARS2,1,0.0014800995840213117
AARS1,1,0.001911622265378428
AAMDC,1,0.0038033625751343995
AACS,1,0.02481448751377311
A2ML1,1,0.007400497920106558
ABRAXAS1,1,0.052235624271176964
ABTB1,1,0.002220149376031967
ACAD8,1,0.002220149376031967
ACRV1,1,0.003700248960053279
ACVR2B,1,0.37002489600532784
ACTR6,1,0.05965873274376653
ACTR5,1,0.03296966605172804
ACTR3B,1,0.021353745040131475
ACTN3,1,0.07624887379051967
ACTN2,1,0.004537619028265479
ACTL8,1,0.005340667782686058
ACTL7B,1,0.11859626036629159
ACTL7A,1,0.15105633545081582
ACTL6B,1,0.018808191464282958
ACTL6A-AS1,1,0.0017421452051384592
ACSM3,1,0.009900838370169224
ACOX3,1,0.0051803485440745905
ACAD9,1,0.005067907086079002
ACOT4,1,0.003700248960053279
ACOT12,1,0.04328808758023391
ACOT11,1,0.19362074791876155
ACOT1,1,0.0022074996546266193
ACE2-DT,1,0.004454655641965464
ACD,1,0.0014800995840213117
ACCSL,1,0.0014192690834725695
ACBD4,1,0.0016754679175922528
ACBD3,1,0.025795177606044727
ACAP3,1,0.020453085006974986
ACAP2,1,0.003700248960053279
ACADSB,1,0.02294154355233033
ALAS1,1,0.13221980305134035
ALDH3B2,1,0.0054241074341018596
ARL13B,1,0.06825732837077098
AQP5-AS1,1,0.006009151753503339
APOO,1,0.003696742450409782
APOLTP,1,0.02034146961014448
APOLD1,1,0.0021623930095647924
APOL6,1,0.0018967828344692737
APOL5,1,0.035745939100766365
APOL2,1,0.013761965932230152
APOD,1,0.008512530859300258
APOC4-APOC2,1,0.00470535305720878
APOBEC4,1,0.0025943245490686728
APOBEC3F,1,0.003700248960053279
APMAP,1,0.0029260122250249513
APLP2,1,0.4573838560209258
APLF,1,0.23019021449579566
APIP,1,0.023686048137035284
APELA,1,0.019157257114245492
APCDD1L,1,0.0377445870637077
APBB2,1,0.003700248960053279
APBA1,1,0.009331780588003512
AP4S1,1,0.09188680915335685
AP4B1,1,0.019844526832422844
AP3M2,1,0.002220149376031967
AP3M1,1,0.06381875195357946
AP3D1,1,0.009946269204623213
AP3B2,1,0.0036562287293422833
AP2M1,1,0.0029601991680426234
AP1M1,1,0.020948644730048212
AP1B1,1,0.004419741813396972
AQP10,1,0.005920398336085247
AQP6,1,0.011100746880159837
ALDH8A1,1,0.21373875374819093
ARCN1,1,0.00797773675787487
ARIH1,1,0.15837400902792848
ARID4B,1,0.0061054107840879095
ARID3C,1,0.036654666198287784
ARHGEF37,1,0.0026064085657060546
ARHGEF33,1,0.022872560017821154
ARHGEF18,1,0.25986895210541106
ARHGEF15,1,0.0035964757376093772
ARHGDIG,1,0.015493292271804614
ARHGAP44-AS1,1,0.005474293037630758
ARHGAP40,1,0.006144132516341698
ARHGAP36,1,0.005285201075715086
ARHGAP32,1,0.24778896482143892
ARHGAP30,1,0.0016382018320983517
ARHGAP26-AS1,1,0.0016004853931709088
ARHGAP23,1,0.0011047181486410996
ARHGAP22,1,0.04024390768953946
ARHGAP21,1,0.0346491312619389
ARHGAP18,1,0.20294333037942078
ARHGAP15-AS1,1,0.00288517021681816
ARHGAP11A,1,0.2591221188388827
ARHGAP1,1,0.0033302240640479507
ARGLU1,1,0.03311167674362509
ARFGEF3,1,0.021373098480311575
ARFGEF2,1,0.025158228872094478
ARF5,1,0.004070273856058606
ARF3,1,0.003700248960053279
AREL1,1,0.002220149376031967
AP1AR,1,0.0029601991680426234
AOC4P,1,0.021060583664303245
ANXA8L1,1,0.013054478331067966
ANXA8,1,0.003700248960053279
ANKRD10,1,0.18382795129803414
ANKRA2,1,0.05123576269414574
ANKMY2,1,0.02126255504855921
ANKK1,1,0.003700248960053279
ANKEF1,1,0.03859339255892295
ANKDD1B,1,0.05178678987301719
ANGPTL7,1,0.002990352486119295
ANGPTL5,1,0.003700248960053279
ANGPTL1,1,0.005205739248649042
ANGEL2,1,0.04763849300332475
ANAPC4,1,0.07879264095214043
ANAPC16,1,0.36006963019498217
ANAPC13,1,0.022201493760319675
ANAPC11,1,0.0029601991680426234
AMY2B,1,0.02022400864637026
AMOTL1,1,0.23205021794211914
ALYREF,1,0.0051803485440745905
ALX4,1,0.0794593065123057
ALOX12B,1,0.0012094436886116388
ALKBH7,1,0.003700248960053279
ALKBH2,1,0.002590174272037295
ALKBH1,1,0.03504875814962465
ALG8,1,0.002220149376031967
ALG1L2,1,0.03152612113965394
ALG1L1P,1,0.03152612113965394
ALG11,1,0.016602887777929884
ALDOC,1,0.013029413592437332
ANKRD10-IT1,1,0.002841573347673003
ANKRD13C-DT,1,0.004397805674460245
ANKRD20A1,1,0.0048502904687205625
ANKRD50,1,0.020801812219507998
ANTXRL,1,0.11538749306723416
ANTXR1,1,0.021107267124766523
ANP32E,1,0.010525152597484882
ANO9,1,0.0014800995840213117
ANO10,1,0.00295696088558512
ANKZF1,1,0.37478382730672966
ANKUB1,1,0.27892078739153975
ANKS3,1,0.12169805993329945
ANKRD9,1,0.00869889226350168
ANKRD66,1,0.027036615329688738
ANKRD65,1,0.10437553999117266
ANKRD61,1,0.005914712899453651
ANKRD45,1,0.02530851577872382
ANKRD23,1,0.03671611161835322
ANKRD42,1,0.003700248960053279
ANKRD40CL,1,0.005833048980349101
ANKRD39,1,0.01925198349177472
ANKRD37,1,0.001850935908105494
ANKRD36C,1,0.02991325884833348
ANKRD36,1,0.003700248960053279
ANKRD35,1,0.001592551776647164
ANKRD34B,1,0.0029813035708187003
ANKRD33B,1,0.020229153904557862
ANKRD33,1,0.027720927610974343
ANKRD28,1,0.18714028982795855
ANKRD27,1,0.027917428437509533
CAPS2,1,0.020443245629766613
CAPSL,1,0.03705843317301465
CAPZA1,1,0.007400497920106558
CPSF3,1,0.007400497920106558
CPNE6,1,0.021919474000593134
CPNE3,1,0.0014800995840213117
CPN2,1,0.022811013596838143
CPLX3,1,0.01992596015379605
CPLX1,1,0.002438064012052325
CPEB3,1,0.09250622400133196
CPEB1,1,0.0024224871488301705
COX7C,1,0.17105898154365032
COX7B,1,0.002220149376031967
COX7A2L,1,0.007400497920106558
COX6C,1,0.15490567267238142
COX6B1,1,0.0014800995840213117
COX5B,1,0.009156888134597788
COX4I2,1,0.004229666000136599
COX17,1,0.007400497920106558
COX10-DT,1,0.0012282744939126906
COX10,1,0.391382939665688
CORO7,1,0.011100746880159837
CORO2B,1,0.0013173024844510821
CORO1C,1,0.0014800995840213117
CORO1B,1,0.009235821404292983
COQ7,1,0.007770522816111886
COQ3,1,0.0241512765474645
COQ2,1,0.027987889295646724
COPS8,1,0.004882272933403631
COPS6,1,0.002220149376031967
COPRS,1,0.16780986011629712
CPSF2,1,0.0051803485440745905
CR1-AS1,1,0.0030217167665308243
CSNK2A2IP,1,0.31379950214611607
CRACDL,1,0.04073234055226649
CSNK1G3,1,0.24966528574805605
CSNK1D,1,0.019035725205607423
CSH2,1,0.002220149376031967
CSF2RBP1,1,0.003700248960053279
CSDC2,1,0.003607546521945622
CSAD,1,0.007400497920106558
CRYZL2P-SEC16B,1,0.03068246437676179
CRYM,1,0.008539169951821936
CRYBG2,1,0.0016577584065924722
CRYBB2,1,0.031814740558538085
CRYBB1,1,0.15956551928694832
CRYAA,1,0.03172593458349681
CRTC2,1,0.0036536295600795264
CRNN,1,0.002220149376031967
CRISPLD1,1,0.025278194474075835
CRISP1,1,0.0014800995840213117
CRIPTOP6,1,0.004070273856058606
CRIPT,1,0.003700248960053279
CRIP2,1,0.04548312474146536
CRHBP,1,0.004255286304061271
CRELD2,1,0.002390688381151459
CREG2,1,0.023330663114825005
CREG1,1,0.004238389538450317
CREBL2,1,0.0015688827593015279
CRCP,1,0.007400497920106558
CRB2,1,0.11160380039896321
CRACR2A,1,0.2096888451367816
COPG2,1,0.14634918180536993
COPB2,1,0.003700248960053279
COPB1,1,0.20307793121250817
COMMD8,1,0.034787601956212735
CNPPD1,1,0.03768333540918259
CNOT9,1,0.0014800995840213117
CNOT8,1,0.0029601991680426234
CNOT4,1,0.026101121861108377
CNOT2,1,0.029148334801967223
CNNM3,1,0.1583385994003397
CNNM1,1,0.03778992980311542
CNN3,1,0.003700248960053279
CNKSR3,1,0.022059362647017054
CNKSR2,1,0.003700248960053279
CNGB3,1,0.0035665872280474602
CNFN,1,0.008521979504940104
CNDP2,1,0.002943384591993624
CNDP1,1,0.015726058080226434
CNBD1,1,0.3896037182996199
CMYA5,1,0.03402008893872984
CMTM8,1,0.21455767272097703
CMTM6,1,0.03112880690756822
CMTM5,1,0.0024365368650109457
CMC4,1,0.0014800995840213117
CMC1,1,0.0014800995840213117
CLUAP1,1,0.1135740040429504
CLSTN3,1,0.0014845463244301147
CLSTN2,1,0.0948332692976742
CLSPN,1,0.017021145216245082
CLPTM1,1,0.11403396529076355
CLP1,1,0.18501244800266392
CNPY1,1,0.021832680654332047
CNTFR-AS1,1,0.021922775173541957
CNTN4-AS2,1,0.004454565326650144
COL28A1,1,0.2847451473188353
COMMD6,1,0.01969923818605654
COMMD3-BMI1,1,0.032473384873427574
COLGALT2,1,0.0017624205656136555
COLEC11,1,0.003700248960053279
COLCA1,1,0.003700248960053279
COL9A2,1,0.005116669410012989
COL9A1,1,0.0017545590440756925
COL8A2,1,0.0016983483129294024
COL6A5,1,0.0011761230027180205
COL5A3,1,0.0045221917380377655
COL4A6,1,0.003700248960053279
COL4A2-AS2,1,0.007496301061439755
COL27A1,1,0.0242236975617225
CNTNAP1,1,0.0013231611470207163
COL24A1,1,0.31009063313072377
COL18A1-AS2,1,0.0018668519001713564
COL15A1-AS1,1,0.013730837859648041
COG5,1,0.18384480147273227
COBLL1,1,0.003700248960053279
COASY,1,0.01974936690440338
COA6,1,0.23892158244175646
COA5,1,0.031481108054946715
CNTROB,1,0.02761223957313098
CNTNAP4,1,0.31679043021023456
CNTNAP3C,1,0.002220149376031967
CNTNAP3,1,0.01662065650408052
CSNK2A2,1,0.005920398336085247
CSRNP1,1,0.018632157865653334
CLLU1-AS1,1,0.005811404994673473
DENND3-AS1,1,0.0017671262161176031
DENND2D,1,0.019075453651089192
DEFB131A,1,0.030993271788093506
DEF8,1,0.003700248960053279
DECR2,1,0.16921256685895755
DDX60,1,0.0022953713910112464
DDX59,1,0.2242335454087958
DDX50,1,0.17670311738384425
DDX4,1,0.03719508445070798
DDX39B,1,0.008565525147714557
DDX28,1,0.020778280696907243
DDX27,1,0.0014800995840213117
DDX24,1,0.0014800995840213117
DDX19A,1,0.003700248960053279
DDX17,1,0.008880597504127868
DDT,1,0.0014800995840213117
DDRGK1,1,0.012580846464181148
DDOST,1,0.006660448128095901
DDO,1,0.042304726243192876
DDI1,1,0.02601843690699418
DCT,1,0.0726173031095305
DCPH1,1,0.27011304227937527
DCP2,1,0.07592720699015842
DCLRE1A,1,0.08103934929122499
DCLK2,1,0.005920398336085247
DCHS2-AS1,1,0.015883314329833333
DCAKD,1,0.028294062373436152
DCAF4L1,1,0.10428079084129947
DENND3,1,0.02387415844204803
DENND4A,1,0.027670324705774088
CSRP2,1,0.015653775620155387
DENND6A,1,0.2913943938742518
DIP2C-AS1,1,0.007400497920106558
DIP2C,1,0.0014800995840213117
DIO1,1,0.27175968369686415
DIAPH2-AS1,1,0.002220149376031967
DHX57,1,0.02732803347701607
DHX38,1,0.09639541173021098
DHX37,1,0.12395309411132188
DHX36,1,0.038030855321254914
DHX34,1,0.08743139971551359
DHX33,1,0.0242236975617225
DHRS7B,1,0.03324303665711866
DHDH,1,0.04497178746024799
DHCR7,1,0.0047897667094023
DHCR24,1,0.042619467521893675
DGUOK,1,0.004440298752063934
DGKQ,1,0.03163712860845553
DGKG,1,0.003700248960053279
DGKD,1,0.02126362836498812
DGCR6L,1,0.03420358846512547
DGAT2,1,0.007770522816111886
DEXI,1,0.04331323208114786
DESI2,1,0.024833918147161908
DERL2,1,0.0242236975617225
DERL1,1,0.03256219084846885
DEPTOR,1,0.0018501244800266394
DEPDC5,1,0.02489308109775465
DEPDC1B,1,0.03275558447191243
DCAF17,1,0.061752284242998445
DBX1,1,0.031724321800343964
DBR1,1,0.025458405691708444
DBF4,1,0.3021656916084043
CYB5A,1,0.0024523686433593848
CYB561D2,1,0.0014800995840213117
CXXC1,1,0.007400497920106558
CWC15,1,0.007400497920106558
CUTC,1,0.02667105861920994
CUTA,1,0.003700248960053279
CUL9,1,0.0014800995840213117
CUL4B,1,0.003700248960053279
CUEDC1,1,0.3025080986269753
CTXND1,1,0.19167016375583443
CTTNBP2NL,1,0.27775067067892983
CTSO,1,0.031111693256127972
CTSF,1,0.32541045273111513
CTPS1,1,0.003700248960053279
CTNNBIP1,1,0.003700248960053279
CTDSPL,1,0.03472020401432057
CTDSP2-AS1,1,0.0012361162530939301
CTAG1B,1,0.005735385888082583
CTAG1A,1,0.005735385888082583
CT62,1,0.0020312886559450856
CT55,1,0.05550373440079918
CSTPP1,1,0.03682057057112018
CSTP1,1,0.0014800995840213117
CSTL1,1,0.005665908983764035
CSTB,1,0.015027122165549706
CST5,1,0.022574143479055477
CST2,1,0.003700248960053279
CYB5B,1,0.037586702139822466
CYB5R1,1,0.003700248960053279
CYB5R2,1,0.0017097145371008692
CYSTM1,1,0.006377100240024922
DBET,1,0.002220149376031967
DAW1,1,0.0658597845018953
DARS2,1,0.003700248960053279
DAP3,1,0.0029601991680426234
DAND5,1,0.003700248960053279
DALRD3,1,0.04436159718379285
DACT3,1,0.0025040311092594247
DACH2,1,0.0033273586084926936
DAAM1,1,0.003700248960053279
CZIB,1,0.002220149376031967
CYTL1,1,0.0012340790437599379
CYTH2,1,0.004440298752063934
CYRIB-AS1,1,0.001945977391431234
CYC1,1,0.009428234350215755
CYP4Z1,1,0.003700248960053279
CYP4F8,1,0.036794239416254065
CYP4F22,1,0.019755816672679925
CYP4F11,1,0.02004569755825138
CYP4A22,1,0.009307592294468267
CYP4A11,1,0.024725868424351878
CYP46A1,1,0.016281095424234424
CYP1B1-AS1,1,0.014441532345676595
CYP11B2,1,0.007400497920106558
CYFIP2,1,0.003700248960053279
CYDAER,1,0.0063469238630636145
CYCSP39,1,0.002220149376031967
CLNS1A,1,0.002220149376031967
CLIP4,1,0.06362707018878712
CAPZB,1,0.011840796672170494
CCSER2,1,0.18919262566754766
CCP110,1,0.026629998379822134
CCNYL1,1,0.003700248960053279
CCNT2,1,0.15276864722941602
CCNL1,1,0.22669620726300685
CCNK,1,0.008763465357668044
CCNJ,1,0.11018131841037514
CCNI2,1,0.0025674585222100607
CCNI,1,0.03681747715253012
CCNG2,1,0.002220149376031967
CCNF,1,0.003700248960053279
CCNE2,1,0.003700248960053279
CCNB1IP1,1,0.18501244800266392
CCL3-AS1,1,0.0032465754283198824
CCL15-CCL14,1,0.007141816137070344
CCIN,1,0.0010406219056924588
CCER1,1,0.1941201659238194
CCDC92B,1,0.018676574286556703
CCDC91,1,0.0014800995840213117
CCDC85C,1,0.3224615064802633
CCDC85A,1,0.3096253786343143
CCDC78,1,0.054452863696144056
CCDC71L,1,0.0037088319734411997
CCDC7,1,0.2734778280808077
CCDC63,1,0.23928719084411612
CCDC54,1,0.2094051380396229
CCDC42,1,0.04875074789221672
CCDC40,1,0.03481934271410135
CCSAP,1,0.002220149376031967
CCT8,1,0.024725188755813886
CDK19,1,0.0014800995840213117
CCZ1B,1,0.08475511055739368
CDH9,1,0.20083035927440135
CDH8,1,0.2014135346677942
CDH6,1,0.004949015209861587
CDH26,1,0.1158557801539852
CDH22,1,0.0014800995840213117
CDH19,1,0.27846850135419116
CDH18,1,0.007400497920106558
CDH16,1,0.02207230668539141
CDCA8,1,0.003700248960053279
CDCA7,1,0.46253112000665986
CDCA4,1,0.003700248960053279
CDCA3,1,0.003700248960053279
CDC7,1,0.21228207378970054
CDC6,1,0.005036449973405851
CDC50A,1,0.026139431747823863
CDC42EP3-AS1,1,0.002789878372844159
CDC42-AS1,1,0.003122292080257557
CDC34,1,0.0014800995840213117
CDC26,1,0.0242236975617225
CDC20-DT,1,0.003126945332517594
CDC16,1,0.003700248960053279
CD44-AS1,1,0.004192810216953051
CD300LG,1,0.006451113268473619
CD300LD-AS1,1,0.002590074541840646
CD300H,1,0.018870891648045934
CD200R1L,1,0.0014800995840213117
CD1E,1,0.0016541717732333032
CCDC38,1,0.001969321138110109
CCDC34,1,0.020555189566876738
CCDC32,1,0.036654666198287784
CCDC28A,1,0.024135639408903026
CCAT2,1,0.002220149376031967
CCAR2,1,0.002590174272037295
CC2D2A-AS1,1,0.002169238254430118
CBX8,1,0.003700248960053279
CBX7,1,0.009250622400133196
CBX6,1,0.003700248960053279
CBX4,1,0.003700248960053279
CBLN4,1,0.3681277419488695
CBFB,1,0.007400497920106558
CBARP,1,0.04422691984672188
CAVIN4,1,0.1822358337106316
CAV3,1,0.038874111176145004
CATSPERQ,1,0.020265752252422546
CATSPER2,1,0.0019265903747712873
CATSPER1,1,0.01676632262237384
CASQ1,1,0.0014800995840213117
CASP4LP,1,0.003700248960053279
CASP2,1,0.03700248960053278
CASC18,1,0.006109432537321932
CASC15,1,0.003700248960053279
CARNS1,1,0.0038231173703738657
CARNMT1,1,0.001710294879566052
CARMIL3,1,0.00517125899658292
CARM1,1,0.008325560160119878
CARF,1,0.09920331931853844
CARD18,1,0.0014800995840213117
CARD17P,1,0.0014800995840213117
CCDC120,1,0.0011348395956816992
CCDC126,1,0.0349043870102682
CCDC13,1,0.00454217307169233
CCDC182,1,0.29272701331876716
CCDC27,1,0.021585153738398928
CCDC26,1,0.07897521092698274
CCDC25,1,0.01850124480026639
CCDC201,1,0.08175831856631459
CCDC198,1,0.0661600274871167
CCDC195,1,0.2079145040969077
CCDC194,1,0.04364571288015076
CCDC192,1,0.019282753256140834
CCDC190,1,0.019135725005678568
CCDC186,1,0.0015850704607657364
CCDC185,1,0.02843086976060957
CCDC183,1,0.006447405759686228
CCDC181,1,0.1495067700070622
CCDC134,1,0.057633061643981125
CCDC180,1,0.003459771891318777
CCDC18,1,0.2582982026396711
CCDC178,1,0.003864287696928455
CCDC175,1,0.008165280554858047
CCDC172,1,0.0401003445945763
CCDC170,1,0.23719860693463127
CCDC159,1,0.0016540377056803149
CCDC152,1,0.0014055587988172898
CCDC150,1,0.03312133140851266
CCDC14,1,0.020298016256756982
CCDC138,1,0.06100653719519242
CCDC136,1,0.03910202963861929
CDHR3,1,0.44990926029078077
CDK3,1,0.06438187641101364
CLIC6,1,0.01672222970778461
CIAO2B,1,0.002590174272037295
CHTOP,1,0.004440298752063934
CHST8,1,0.24034848787689284
CHST5,1,0.011511027718376166
CHST4,1,0.022414874783682745
CHST14,1,0.002220149376031967
CHST12,1,0.020509784797212036
CHST10,1,0.002469221059952688
CHRNA9,1,0.030948882301885628
CHRNA6,1,0.003700248960053279
CHRNA10,1,0.03396658877302821
CHRM5,1,0.10499716311629653
CHRD,1,0.028779081088171968
CHRAC1,1,0.16410109448466645
CHMP4C,1,0.0023637652121134695
CHMP3-AS1,1,0.0052888752315887735
CHMP1A,1,0.003700248960053279
CHIC2,1,0.03857276474157429
CHIC1,1,0.003700248960053279
CHFR,1,0.004440298752063934
CHD9,1,0.007400497920106558
CHD5,1,0.008492278591498223
CHD3,1,0.003700248960053279
CHD1L,1,0.004234729365394308
CHCT1,1,0.045816482623379694
CHCHD3,1,0.024594919702339495
CHAMP1,1,0.002220149376031967
CHADL,1,0.003700248960053279
CIAO1,1,0.002220149376031967
CIB3,1,0.15099784505382707
CDK5,1,0.004070273856058606
CIDEA,1,0.003700248960053279
CLIC3,1,0.005578624537758237
CLGN,1,0.0015427582174365386
CLEC9A,1,0.022571518656325
CLEC2B,1,0.0017010369890215257
CLEC1B,1,0.0014800995840213117
CLEC1A,1,0.0031664969157434164
CLEC19A,1,0.009474521075407154
CLEC17A,1,0.0018886706346465535
CLEC14A,1,0.018161213732151748
CLEC12B,1,0.01661593642420506
CLDND2,1,0.00701838492947995
CLDN6,1,0.004440298752063934
CLCN1,1,0.01061763093689669
CLCC1,1,0.33462155414925393
CLCA4-AS1,1,0.0067955834205707735
CKS2,1,0.007400497920106558
CKAP2L,1,0.007400497920106558
CKAP2,1,0.001892275491792455
CITED4,1,0.0010869898309475083
CITED1,1,0.01646610787223709
CIT,1,0.1634445552171094
CIRSR,1,0.003700248960053279
CIPC,1,0.009235821404292983
CIMIP7,1,0.027114045631811017
CIMIP5,1,0.1667989971285766
CIMIP1,1,0.1755099860674418
CIMAP1C,1,0.008442679348649132
CFL2,1,0.0013514361220943946
CFHR3,1,0.03249786116018071
CFHR1,1,0.003700248960053279
CFDP1,1,0.014677654208211337
CEP19,1,0.002346104710912833
CEP128,1,0.26056837221489215
CEP120,1,0.2363912031898298
CENPX,1,0.008022357104664547
CENPW,1,0.008223287715973282
CENPVL1,1,0.0034916799143250112
CENPU,1,0.031424368289655155
CENPQ,1,0.12029839267323138
CENPM,1,0.0014800995840213117
CENPK,1,0.001745320926790497
CENPI,1,0.002220149376031967
CENPE,1,0.003700248960053279
CELSR2,1,0.003700248960053279
CELA2B,1,0.03799415632182707
CEACAM21,1,0.03869720362423718
CEACAM19,1,0.03137409345559186
CEACAM18,1,0.036514025235126105
CEACAM16,1,0.032231199977642185
CDYL,1,0.018610844269352424
CDT1,1,0.008880597504127868
CDS1,1,0.007400497920106558
CDRT15,1,0.02316453781591152
CDR2,1,0.0027751867200399593
CDPF1,1,0.10752022589941153
CDNF,1,0.032199266456732475
CDKN2AIP,1,0.003700248960053279
CDKL5,1,0.003700248960053279
CEP290,1,0.019144799343050762
CEP350,1,0.2701867287108758
CEP44,1,0.030349364637759415
CFAP263,1,0.32362189684857756
CFAP97,1,0.002220149376031967
CFAP90,1,0.3071710784587452
CFAP77,1,0.23406998927523995
CFAP74,1,0.005934216716214219
CFAP65,1,0.017755213878520946
CFAP61,1,0.195937426387728
CFAP58,1,0.05786892273625012
CFAP53,1,0.37002489600532784
CFAP52,1,0.20263426868275045
CFAP47,1,0.005958695264685869
CFAP36,1,0.0015306370843940404
CFAP299,1,0.018651208046799275
CFAP251,1,0.028014162555606327
CEP57L1,1,0.24125257588584384
CFAP210,1,0.03498486161955841
CFAP20DC,1,0.002248234172009598
CFAP184,1,0.021028396342231977
CFAP100,1,0.03509864647685091
CES3,1,0.005257532940930153
CERS6-AS1,1,0.0014319185731831011
CERNA2,1,0.008140547712117212
CEP97,1,0.03343950891246234
CEP85,1,0.04192124416689485
CEP83,1,0.26444353192872294
CEP72,1,0.2014497931449886
CEP70,1,0.002042486796809532
GGTA1,1,0.0421059564877021
GHDC,1,0.0014800995840213117
GIGYF1,1,0.11764615394761513
NIPAL3,1,0.031577924625094685
NINL,1,0.002220149376031967
NINJ2,1,0.01961131948828238
NID2,1,0.014598288229967843
NHS,1,0.045161538557450275
NHLRC2,1,0.0586011527018335
NHLRC1,1,0.007400497920106558
NHLH1,1,0.03467873325361933
NHERF4,1,0.018730660235789696
NGRN,1,0.022213674628099808
NGEF,1,0.32606733358964823
NFXL1,1,0.021052185635011763
NFS1,1,0.008325560160119878
NFIX,1,0.019161344880264566
NFE2L1,1,0.0014800995840213117
NFATC2IP,1,0.030541854916279764
NEUROG2,1,0.060334965545789224
NEUROG1,1,0.003700248960053279
NEURL3,1,0.0022300558531476167
NEPRO-AS1,1,0.0016697888345760007
NEO1,1,0.0038231173703738657
NELFE,1,0.00525229782940896
NEK9,1,0.03090447931436498
NEK5,1,0.21143487281046605
NEK4,1,0.003700248960053279
NEK2,1,0.01852883337736416
NEK10,1,0.13524460377112454
NEIL1,1,0.002590174272037295
NIPAL2,1,0.30062233470415006
NIPAL4,1,0.0013830481544131058
NEFH,1,0.0029601991680426234
NIPBL,1,0.005807335173416951
NOC3L,1,0.0882595719561601
NOA1,1,0.02730425521183752
NMT1,1,0.011100746880159837
NMS,1,0.021047267324857732
NMNAT2,1,0.0030190429314233594
NMNAT1,1,0.25901742720372944
NME9,1,0.021115548853299432
NME7,1,0.09018290140261706
NMB,1,0.0029601991680426234
NLRP4,1,0.016096739146325076
NLRP10,1,0.002220149376031967
NLN,1,0.003700248960053279
NLGN4Y,1,0.0034669033856479297
NLE1,1,0.0014800995840213117
NKX6-2,1,0.03716556080528224
NKX2-8,1,0.07400497920106557
NKX2-6,1,0.26587577679053576
NKX2-4,1,0.029374775565875057
NKX1-2,1,0.020953448078035827
NKTR,1,0.0014800995840213117
NKRF,1,0.002590174272037295
NKIRAS1,1,0.027947742892131307
NKAIN2,1,0.021726505531121754
NIT2,1,0.009946269204623213
NIPSNAP3B,1,0.02745026616608519
NIPSNAP2,1,0.01885199447486723
NIPSNAP1,1,0.003700248960053279
NEFM,1,0.0047897667094023
NECAP2,1,0.03629944229812267
GIHCG,1,0.006142350861260255
NBR2,1,0.005920398336085247
NBPF4,1,0.09955282811230952
NBPF11,1,0.021988837001722564
NBPF10,1,0.003700248960053279
NBPF1,1,0.004113885038749761
NAXD-AS1,1,0.0012921461910628273
NAV3,1,0.05889067134484685
NATD1,1,0.004185847375057359
NAT8L,1,0.0028677593294966115
NAPB,1,0.003700248960053279
NAPA,1,0.012025809120173156
NAP1L4,1,0.003700248960053279
NANS,1,0.010153483146386196
NANOS3,1,0.003700248960053279
NANOGP8,1,0.10488756254445038
NAMPT-AS1,1,0.002220149376031967
NALT1,1,0.002152458399929119
NALF2,1,0.006196970855185713
NALF1,1,0.28485530133841885
NAGPA,1,0.002220149376031967
NABP1,1,0.26023041481892867
NAB1,1,0.21201978780795486
NAA40,1,0.003700248960053279
NAA30,1,0.02634573059806277
NAA15,1,0.0029601991680426234
NAA11,1,0.06886803589372774
N4BP2L2,1,0.04251603713819638
Metazoa_SRP,1,0.0035534036873895313
NBPF6,1,0.004950989018271939
NCAM2,1,0.003700248960053279
NEB,1,0.003700248960053279
NCDN,1,0.004394326225795887
NDUFV3,1,0.09250622400133196
NDUFS7,1,0.09343128624134528
NDUFS6,1,0.09250622400133196
NDUFC2,1,0.09250622400133196
NDUFC1,1,0.09250622400133196
NDUFB6,1,0.09250622400133196
NDUFB4,1,0.09250622400133196
NDUFB2,1,0.09250622400133196
NDUFB11,1,0.09250622400133196
NDUFB10,1,0.09250622400133196
NDUFB1,1,0.09250622400133196
NDUFAF7,1,0.003700248960053279
NDUFAF6,1,0.021110225278799747
NDUFAF3,1,0.09250622400133196
NDUFA8,1,0.09250622400133196
NDUFA5,1,0.09250622400133196
NDUFA3,1,0.09250622400133196
NDUFA2,1,0.09250622400133196
NDUFA1,1,0.09250622400133196
NDST3,1,0.28534039517868814
NDP,1,0.0024799889232622486
NDN,1,0.05030666683447668
NDFIP2,1,0.003700248960053279
NDC1,1,0.020008755383922664
NCR3LG1,1,0.011246688558814453
NCOA6,1,0.0029601991680426234
NCK2-AS1,1,0.00112298201744724
NOL11,1,0.003700248960053279
NOL9,1,0.020258152856716498
NOLC1,1,0.002220149376031967
OGDHL,1,0.009973836214158826
OCSTAMP,1,0.01399687063407232
OCIAD1,1,0.01087873194255664
OC90,1,0.02969390745357425
OBP2B,1,0.029078086225153944
OAZ2,1,0.03530777557682839
OAZ1,1,0.003700248960053279
NXPH3,1,0.0012027107450700081
NXPH2,1,0.4446916022925525
NXPH1,1,0.2796976377886495
NXPE3,1,0.04718331472289797
NWD2,1,0.0016235825496762105
NWD1,1,0.01406094604820246
NUTM2G,1,0.06508521130444209
NUTM2F,1,0.003700248960053279
NUTM2D,1,0.18501244800266392
NUTM2B,1,0.37002489600532784
NUTM2A-AS1,1,0.0034183266870634462
NUTM2A,1,0.002220149376031967
NUTF2,1,0.003700248960053279
NUP88,1,0.0014800995840213117
NUP62CL,1,0.031318907197890954
NUP37,1,0.008880597504127868
NUP205,1,0.3800269468734271
NUFIP1,1,0.006660448128095901
NUDT9,1,0.003700248960053279
NUDT5,1,0.02176935051884811
NUDT3,1,0.2846484655818445
ODAD2,1,0.12602910621077804
OGFRL1,1,0.021532637544383147
NOP53,1,0.0014800995840213117
OGN,1,0.005036762247760773
OR1I1,1,0.037713624316319846
OR14L1,1,0.10011893140052926
OR13J1,1,0.052422828829864966
OR13C8,1,0.026253131141206736
OR13C5,1,0.023401269399453584
OR13C3,1,0.03009726471343616
OR13C2,1,0.024976357192444714
OR11L1,1,0.018619369983562818
OR11H7,1,0.02224298874910195
OR11H6,1,0.039502968407683775
OR11H4,1,0.03773532939246486
OR11H1,1,0.2049154376630724
OR11G2,1,0.02515472209489945
OR10T2,1,0.3177571979559379
OR10H5,1,0.003682698431300453
OR10H1,1,0.003700248960053279
OR10G9,1,0.026475423459372264
OR10G6,1,0.05672387451816408
OR10G4,1,0.06630447252198798
OPN3,1,0.003700248960053279
OPN1MW3,1,0.002220149376031967
OPALIN,1,0.05109044647877632
OOSP3,1,0.021373518907608937
ONECUT3,1,0.004048652588714457
OLFML3,1,0.04189403631772997
OLFML2A,1,0.027291534873804615
OLFM1,1,0.04799162385184792
NUDT19,1,0.03357660316889757
NUDT16,1,0.025645796341167402
NUDT13,1,0.007400497920106558
NUDT11,1,0.004810323648069262
NRAP,1,0.003485433391744117
NR5A1,1,0.0014800995840213117
NR4A1AS,1,0.010787030590603373
NR2F2-AS1,1,0.0016189713662054395
NR2F1-AS1,1,0.009250622400133196
NR2E1,1,0.0018392429648442803
NR2C2AP,1,0.011100746880159837
NR1H5P,1,0.003700248960053279
NPY5R,1,0.04968136578259787
NPW,1,0.036768534077758444
NPTXR,1,0.0014800995840213117
NPPC,1,0.0037966863863426923
NPM3,1,0.003700248960053279
NPIPB15,1,0.0018724978182325048
NPHP3,1,0.001119691648243329
NPHP1,1,0.0018819436583936908
NPFFR2,1,0.2870187299221472
NPEPL1,1,0.0020145799893623406
NPAS3,1,0.25225756939681304
NPAS2-AS1,1,0.0016453900382998722
NOX5,1,0.003700248960053279
NOX3,1,0.018850596726409777
NOVA2,1,0.004257063636617234
NOSTRIN,1,0.09988616492885884
NOSIP,1,0.002220149376031967
NORAD,1,0.017370613173583446
NOPCHAP1,1,0.020394688344596786
NRARP,1,0.0016776566090476585
NRBP2,1,0.019552125850134803
NRDC,1,0.002220149376031967
NSUN2,1,0.07957590957981245
NUDCD2,1,0.05645852286327306
NUCB1,1,0.013485557334914173
NTPCR,1,0.0014800995840213117
NTNG2,1,0.0023732057742855426
NTN5,1,0.003700248960053279
NTN4,1,0.09155084776771187
NTAQ1,1,0.03852699217207474
NT5M,1,0.0013937595751028118
NT5DC3,1,0.002618774249270763
NT5DC2,1,0.026258605469052555
NT5C1B,1,0.22205496084219076
NT5C1A,1,0.003700248960053279
NSMCE3,1,0.08861448427453987
NREP,1,0.1904205932897514
NSMCE2,1,0.030432311497403115
NSF,1,0.0014800995840213117
NSDHL,1,0.003700248960053279
NSD3,1,0.2775186720039959
NRXN2-AS1,1,0.004781290134477101
NRXN2,1,0.002603410949152966
NRSN2,1,0.04241965407805079
NRROS,1,0.29060245771864274
NRM,1,0.0014800995840213117
NRK,1,0.002626251238383986
NRIP2,1,0.2549350048128176
NRG2,1,0.28619889393539527
MYT1,1,0.003396070656948686
MYOSLID-AS1,1,0.0014054616180769815
MYOM3,1,0.005193574558990623
MKRN1,1,0.004255286304061271
MKKS,1,0.003700248960053279
MITD1,1,0.04038032711941544
MISP3,1,0.009651744112178636
MIS12,1,0.024272908232265925
MIR938,1,0.0013484911803265068
MIR802,1,0.0014800995840213117
MIR7856,1,0.003763185296603955
MIR6784,1,0.004538404203200693
MIR6766,1,0.007400497920106557
MIR635,1,0.002214268681169743
MIR634,1,0.0016711532223896133
MIR621,1,0.0018158793864411602
MIR608,1,0.00227266041788231
MIR590,1,0.006660448128095901
MIR580,1,0.0024585339567959703
MIR573,1,0.0019256700021576196
MIR5587,1,0.0021678455095586933
MIR5581,1,0.001175066196611257
MIR554,1,0.001971611020592736
MIR552,1,0.0037851603142020932
MIR548T,1,0.0015354913406999378
MIR548O,1,0.001957038133660574
MIR548K,1,0.0014462318523963539
MIR503HG,1,0.014901418249413639
MIR4802,1,0.00355097956348707
MIR4796,1,0.0012727930710569508
MIR4782,1,0.0013439115637149189
MKNK1,1,0.0029601991680426234
MKS1,1,0.039718472337211895
MPDZ,1,0.27244453081681
MLDHR,1,0.2675229021493275
MOV10,1,0.003700248960053279
MOSPD3,1,0.00505275897557544
MOSPD2,1,0.007400497920106558
MORN4,1,0.004255286304061271
MORC4,1,0.0023770404314711353
MORC1,1,0.3043168347551237
MON2,1,0.002220149376031967
MON1B,1,0.06936577873723439
MON1A,1,0.03435860621268773
MOGS,1,0.031200499231169243
MOGAT3,1,0.00813831292051464
MOCS3,1,0.027784906996481416
MOB4,1,0.018602315798241717
MOAP1,1,0.002220149376031967
MNX1-AS2,1,0.006910691267288135
MNX1-AS1,1,0.0036609207743051697
MMS22L,1,0.2164851419978628
MMRN2,1,0.04000617715066864
MMP25-AS1,1,0.0012939445748617548
MMP24,1,0.015836148245207557
MMAB,1,0.0014800995840213117
MLX,1,0.020105384739807657
MLLT6,1,0.03439751433265528
MLLT11,1,0.09250622400133196
MLLT1,1,0.09250622400133196
MLF2,1,0.012329229534897523
MLEC,1,0.027811602062188533
MIR4774,1,0.002054305354428066
MIR4684,1,0.003301497295934528
MIR452,1,0.011080189941492874
MIR4458HG,1,0.0011516549206925862
MIR1245A,1,0.0036290038727392203
MIR107,1,0.0019660653312056748
MIR100HG,1,0.0031532281469837686
MIR1-2,1,0.03715790005685502
MIR1-1,1,0.038800810595118675
MIPOL1,1,0.021061938169860357
MIOS,1,0.04121810777028877
MINDY4,1,0.32944475150830366
MINDY1,1,0.030645461887161256
MINAR1,1,0.1212093276738453
MILR1,1,0.006660448128095901
MIGA2,1,0.008185966589808663
MIGA1,1,0.02862833653609107
MICU3,1,0.10155608009876947
MICOS13,1,0.028627215511502293
MICOS10,1,0.2226735588818683
MICA-AS1,1,0.0037973370688538775
MIB2,1,0.0033371582293640293
MGME1,1,0.0014800995840213117
MGAT5B,1,0.14721605051141992
MGAT4C,1,0.25481156184451215
MGAT4A,1,0.0014800995840213117
MGAT3-AS1,1,0.008937920636442723
MGAT1,1,0.002220149376031967
MFSD6L,1,0.0029085205836351332
MFSD12,1,0.19044753360610903
MFSD1,1,0.03231797441710534
MIR1284,1,0.004923334303985723
MIR1299,1,0.0029416718427179443
MIR142HG,1,0.0064572073660744975
MIR301A,1,0.002220149376031967
MIR4449,1,0.013054478331067966
MIR4320,1,0.003928324093604593
MIR4296,1,0.0018682176882640665
MIR4257,1,0.0015281715518286189
MIR3972,1,0.0029583596353877765
MIR3677HG,1,0.006017630825738985
MIR3667HG,1,0.0024187485582096413
MIR342,1,0.003700248960053279
MIR320E,1,0.0018412894838110776
MIR31HG,1,0.005932321957056247
MIR30C2,1,0.002310857163723523
MIR30A,1,0.0014800995840213117
MIR29A,1,0.002220149376031967
MIR143,1,0.0014800995840213117
MIR23AHG,1,0.004960850467696389
MIR223,1,0.0029601991680426234
MIR212,1,0.001759424265124152
MIR210HG,1,0.0013243553311002103
MIR208A,1,0.031289305206210524
MIR196A1,1,0.010113783735432608
MIR194-2HG,1,0.014816614354268506
MIR193BHG,1,0.0020649752024935676
MIR193A,1,0.0029601991680426234
MIR1915HG,1,0.01386869567675514
MIR191,1,0.0014800995840213117
MIR147A,1,0.003700248960053279
MPC1,1,0.03877462291463797
MPHOSPH6,1,0.2831912602806838
MYO7B,1,0.3088434775958356
MUC5B-AS1,1,0.0021150421491820874
MTURN,1,0.002865780223070937
MTTP-AS1,1,0.015807835181378318
MTSS2,1,0.005299298693841932
MTO1,1,0.033783273005286434
MTMR8,1,0.0018558584412655369
MTMR2,1,0.07940708786575593
MTIF3,1,0.0014800995840213117
MTHFSD,1,0.08182616863985769
MTHFD2L,1,0.03370164100403269
MTHFD1,1,0.002220149376031967
MTG2,1,0.022145963778022394
MTG1,1,0.03175553657517723
MTFR1,1,0.10132554809480078
MTF1,1,0.004625311200066598
MTERF1,1,0.003700248960053279
MTCP1,1,0.2775186720039959
MTCO3P1,1,0.0014800995840213117
MTCO1P12,1,0.003700248960053279
MTCL3,1,0.08543880115765926
MTBP,1,0.15857256098829473
MTARC1,1,0.006545031025523801
MTA2,1,0.007400497920106558
MTA1-DT,1,0.0036219858713104815
MT4,1,0.0014800995840213117
MT1HL1,1,0.03460293650271076
MT-TY,1,0.026588010517127007
MT-TW,1,0.016781290643212425
MTX2,1,0.16826716233376074
MUC7,1,0.0014800995840213117
MPHOSPH9,1,0.003700248960053279
MUSTN1,1,0.06684566308055137
MYO3A,1,0.01166319120301997
MYO1D-DT,1,0.002194399936433262
MYO1C,1,0.28236133832730687
MYO19,1,0.003700248960053279
MYO18B-AS1,1,0.005224421151175674
MYO15A,1,0.0062453731303996965
MYL7,1,0.019192744596351643
MYL6B-AS1,1,0.0017560264310838294
MYL6,1,0.003700248960053279
MYL5,1,0.012580846464181148
MYH8,1,0.025730977668512806
MYH7,1,0.0051803485440745905
MYH6,1,0.048508413741818454
MYH2,1,0.003700248960053279
MYH15,1,0.21854711871783794
MYG1,1,0.002220149376031967
MYF6,1,0.01932492833092079
MYCT1,1,0.054046315338395205
MYBPC1,1,0.007233115369246902
MYBBP1A,1,0.06611159426246085
MYADML2,1,0.004897786585239459
MYADM-AS2,1,0.0013833784963448068
MXRA7,1,0.0013130489604489823
MXD4,1,0.03458992727857805
MXD3,1,0.004070273856058606
MXD1,1,0.003700248960053279
MVB12B,1,0.2143769871976859
MT-TR,1,0.0022459790657126544
MT-TM,1,0.024773638832102794
MT-TL2,1,0.007134412484563622
MT-TK,1,0.01501511874911705
MRPL47,1,0.04724934308460075
MRPL41,1,0.008948146278989894
MRPL39,1,0.1534020385662518
MRPL35,1,0.0306575640372771
MRPL34,1,0.011603980738727083
MRPL33,1,0.025134006745965932
MRPL32,1,0.009175047652545457
MRPL30,1,0.030658007898227098
MRPL23,1,0.006883387624934326
MRPL22,1,0.023403442526123377
MRPL21,1,0.009633798620887013
MRPL12,1,0.012455037999539334
MROH6,1,0.03129121827535623
MROH2B,1,0.0030611061664359896
MROH1,1,0.03045152157876707
MRNIP,1,0.018741882498013465
MRLN,1,0.0014800995840213117
MRGPRG,1,0.12301612294417506
MRGPRD,1,0.03874160661175783
MRGBP,1,0.0014800995840213117
MRE11,1,0.019001764462688343
MPZL2,1,0.003700248960053279
MPZL1,1,0.002220149376031967
MPV17,1,0.010563050698656049
MPPED2,1,0.0026638515264789833
MPND,1,0.009428234350215755
MPLKIP,1,0.1871310045877126
MRPL50,1,0.0015529529648669572
MRPS18C,1,0.02629057605044979
MRPS21,1,0.025153219584230196
MSH4,1,0.003700248960053279
MT-TI,1,0.019048881646354283
MT-TH,1,0.011634469065865053
MT-TF,1,0.029361028980730553
MT-TE,1,0.0034731845022257283
MT-TA,1,0.009360592896402559
MT-ATP8,1,0.003700248960053279
MT-ATP6,1,0.024878623882918217
MSRB1,1,0.0060350073976995966
MSL3B,1,0.0014800995840213117
MSL3,1,0.003700248960053279
MSL1,1,0.003700248960053279
MSH5,1,0.009250622400133196
MSC-AS1,1,0.004440298752063934
MRPS25,1,0.03796455433014664
MSANTD7,1,0.35737934647482195
MSANTD4,1,0.08521339009601742
MSANTD3,1,0.042010609626525475
MSANTD2,1,0.0030461680387861532
MSANTD1,1,0.05352766214312092
MS4A6E,1,0.009578120722178694
MS4A6A,1,0.004325269039466014
MS4A15,1,0.00380985828331282
MRTO4,1,0.002220149376031967
MRPS6,1,0.27580376973481757
MRPS35-DT,1,0.002289207252363384
MRPS26,1,0.002766682280411536
OR1J4,1,0.006052790535593144
OR2AG1,1,0.0014800995840213117
OR2B11,1,0.005487143911395067
PRDX3,1,0.002220149376031967
PRDM11,1,0.018720607498316902
PRDM10,1,0.02024319391563142
PRB4,1,0.15418317870024478
PRANCR,1,0.0011703690206538568
PRAME,1,0.012580846464181148
PRAM1,1,0.0014800995840213117
PRAL,1,0.014800995840213115
PRAF2,1,0.0017666631242339837
PRADC1,1,0.010153483146386196
PQBP1,1,0.0014800995840213117
PPT1,1,0.002220149376031967
PPP4R4,1,0.0056425437976208295
PPP3CB,1,0.030712066368442214
PPP2R5E,1,0.0270850513112449
PPP2R5A,1,0.03493035018290295
PPP2R2D,1,0.020801812219507998
PPP2R1B,1,0.16514946647956222
PPP2CB,1,0.11378151041552532
PPP2CA,1,0.002220149376031967
PPP1R9B,1,0.002220149376031967
PPP1R8,1,0.004440298752063934
PPP1R42,1,0.004234729365394308
PPP1R3D,1,0.09646503713260307
PPP1R3B-DT,1,0.0027984815304070054
PPP1R2B,1,0.27236984087359645
PPP1R1C,1,0.42382786751666496
PPP1R1A,1,0.0931660494940592
PRDM6,1,0.0025457215133967885
PRELID2,1,0.0978916412887821
PRR5-ARHGAP8,1,0.0024538375177936707
PRELID3B,1,0.07591599191969507
PRR18,1,0.0035128112949053916
PRR13,1,0.011100746880159837
PRPH2,1,0.0014800995840213117
PRPH,1,0.003700248960053279
PRPF40A,1,0.29043617466376703
PRPF4,1,0.020138011276532933
PRPF31,1,0.003700248960053279
PRPF3,1,0.1536431901502168
PRORY,1,0.009076059110387768
PRORP,1,0.018919972744274764
PRNT,1,0.0029601991680426234
PRMT9,1,0.02369364763731406
PRMT6,1,0.02558204164303564
PRMT3,1,0.03050169440751888
PRLHR,1,0.002220149376031967
PRLH,1,0.05644491687101539
PRKXP1,1,0.003700248960053279
PRKRIP1,1,0.022504042396408814
PRKRA,1,0.0014800995840213117
PRKCSH,1,0.0014800995840213117
PRKAG2,1,0.004330547798492735
PRIMPOL,1,0.0017701860611722075
PRIMA1,1,0.33485509117456114
PRICKLE2-AS3,1,0.0015023512606521182
PRICKLE2-AS1,1,0.002359347080539672
PRICKLE2,1,0.3028956195622283
PRG4,1,0.0014800995840213117
PPP1R15B,1,0.0413979844879513
PPP1CC,1,0.0051803485440745905
PPM1N,1,0.002220149376031967
PPM1M,1,0.003562420268221531
POLGARF,1,0.5072307601944708
POLD3,1,0.003700248960053279
POLA2,1,0.0051803485440745905
POLA1,1,0.002220149376031967
POGZ,1,0.004440298752063934
POGLUT2,1,0.007400497920106558
POGK,1,0.16120022883989316
POFUT4,1,0.02767977260313836
PODXL2,1,0.004488723953602354
PODNL1,1,0.010766848592845733
POC5,1,0.27684061237261465
POC1A,1,0.019126533500043175
PNPT1,1,0.01245750483217937
PNPLA8,1,0.08607811255517565
PNPLA5,1,0.33018477523106493
PNLIPRP3,1,0.06550352681616399
PNLIPRP2,1,0.002220149376031967
PNLDC1,1,0.002236010495505159
PNISR,1,0.023135504898741055
PMS2P2,1,0.024462757013685565
PMAR72,1,0.008664101580261688
PM20D2,1,0.3193034220365151
PM20D1,1,0.002045202609748312
PLXNA4,1,0.323865253952791
PLSCR5,1,0.16847421106088412
PLPPR4,1,0.23747540075964874
PLPPR1,1,0.2410186793147878
POLL,1,0.021298336857689917
POLM,1,0.003700248960053279
POLR1C,1,0.031068019626213614
POU1F1,1,0.280394626297563
PPIP5K1,1,0.0014800995840213117
PPIL4,1,0.0014800995840213117
PPIL1,1,0.004070273856058606
PPIC,1,0.009524440823177141
PPIAL4A,1,0.03885212765306863
PPFIBP2,1,0.2876303868526484
PPDPFL,1,0.2079145040969077
PP2D1,1,0.027118433927880343
POU6F2,1,0.01747312105126412
POU4F2,1,0.0014800995840213117
POU4F1,1,0.009250622400133196
POU3F2,1,0.020857948223631538
POTEH,1,0.02704361234267693
POLR1D,1,0.09339727623690616
POR,1,0.004290639428872032
POPDC2,1,0.04444739050815998
POP5,1,0.002220149376031967
POP4,1,0.26836296196223425
POMZP3,1,0.0226193566441486
POM121L12,1,0.36778927040549175
POLR3GL,1,0.008313082811385996
POLR3A,1,0.002220149376031967
POLR2L,1,0.06232986588566119
POLR2J2,1,0.0354245810160664
POLR2J,1,0.006284555198081311
POLR2F,1,0.003700248960053279
PRR23E,1,0.07746860649519217
PRR7,1,0.009735363586662457
PLPP6,1,0.04624111121361413
RAB3D,1,0.0029601991680426234
RAB38,1,0.4450457263763747
RAB35-AS1,1,0.004065878016674326
RAB35,1,0.015268666194886513
RAB33B-AS1,1,0.003633839918824916
RAB33A,1,0.0029601991680426234
RAB2B,1,0.02707121994238684
RAB2A,1,0.0014800995840213117
RAB29,1,0.0051803485440745905
RAB26,1,0.0023090288613343236
RAB23,1,0.0034923135099400315
RAB1A,1,0.002220149376031967
RAB18,1,0.002220149376031967
RAB12,1,0.01560271644822466
RAB11FIP4,1,0.060841207606631066
RAB11FIP2,1,0.34919711516334456
RAB11B,1,0.002220149376031967
R3HDML-AS1,1,0.0024308954050827982
R3HDML,1,0.009068843692717463
QTRT2,1,0.021227783643392322
QTGAL,1,0.018680227179468187
QSER1,1,0.0013378549113910766
QPRT,1,0.007400497920106558
QARS1,1,0.019952645570352073
PYY3,1,0.04440298752063935
PYURF,1,0.023219739230829785
PYM1,1,0.008183049437843936
PYDC1,1,0.0014800995840213117
RAB3A,1,0.003700248960053279
RAB3GAP1,1,0.20740129879267352
PRR9,1,0.15701214438491878
RAB3IL1,1,0.004210988880836482
RAN,1,0.002220149376031967
RAMP2,1,0.017516524841011346
RAMACL,1,0.11589078176032803
RALYL,1,0.023488834197779352
RALY,1,0.0014800995840213117
RALGAPB,1,0.039074629018162624
RAI2,1,0.00192227616564987
RAI14,1,0.013779727127238411
RAET1G,1,0.003700248960053279
RAE1,1,0.0014800995840213117
RADX,1,0.00197529313288455
RAD54L2,1,0.002754629781372996
RAD51C,1,0.18501244800266392
RAD51AP1,1,0.003700248960053279
RAD23A,1,0.017430278039372794
RAD17,1,0.18501244800266392
RABGAP1L-DT,1,0.008049788534840837
RABGAP1L,1,0.003700248960053279
RABGAP1,1,0.029114421137409457
RABEP1,1,0.09250622400133196
RAB6C,1,0.2650973749477763
RAB6B,1,0.0025001487484011178
RAB6A,1,0.003700248960053279
RAB44,1,0.25655266569424195
RAB40C,1,0.023161984679151103
RAB40A,1,0.00175468271223175
RAB3IP,1,0.0017182657642326722
PYCR3,1,0.11654135233871274
PXYLP1,1,0.05964293570498704
PXT1,1,0.02204527488643011
PXK,1,0.003700248960053279
PSORS1C2,1,0.03651405673780576
PSMG3,1,0.020509784797212036
PSME1,1,0.0014800995840213117
PSMD8,1,0.0014800995840213117
PSMD6,1,0.04008512443718679
PSMD4,1,0.002220149376031967
PSMD2,1,0.0014800995840213117
PSMD14,1,0.0014800995840213117
PSMD1,1,0.0014800995840213117
PSMC3,1,0.003700248960053279
PSMC2,1,0.021033650994223895
PSMC1,1,0.0014800995840213117
PSMB8-AS1,1,0.002812561236499084
PSMB11,1,0.033198633669598014
PSKH2,1,0.04322534072079717
PSG6,1,0.07271231937241154
PSG5,1,0.006660448128095901
PSG3,1,0.28054899065975164
PSG11,1,0.003700248960053279
PSCA,1,0.001708240474813373
PRXL2C,1,0.006023667129809192
PRTG,1,0.20015773349353216
PRTFDC1,1,0.03688880040768106
PRSS58,1,0.0018042247978385033
PRSS41,1,0.00707880157990633
PRSS16,1,0.0029601991680426234
PRRG1,1,0.0016271678203674297
PSPH,1,0.004440298752063934
PSPN,1,0.004440298752063934
PSRC1,1,0.003700248960053279
PTPRD-AS1,1,0.0018097208631111172
PWWP2A,1,0.09250622400133196
PWP2,1,0.1339375394140379
PUS7,1,0.028146864956507606
PURA,1,0.011137749369760367
PUM2,1,0.0027751867200399593
PUM1,1,0.0027751867200399593
PUF60,1,0.007400497920106558
PTX4,1,0.0018711129500003799
PTPRVP,1,0.0014800995840213117
PTPRG,1,0.4342478597812849
PTPRF,1,0.004419741813396972
PTPRE-AS1,1,0.008880597504127868
PTPN7,1,0.0012291131069577003
PTAR1,1,0.024599305930733586
PTPN4,1,0.024596824720454085
PTPN3,1,0.008140547712117212
PTPN21,1,0.299326106343734
PTPDC1,1,0.2822061303536232
PTOV1,1,0.04440298752063935
PTK7,1,0.003700248960053279
PTH1R,1,0.004440298752063934
PTGES3L,1,0.002636956960375616
PTGES3,1,0.0014800995840213117
PTCHD4,1,0.2963385527255956
PTCHD3,1,0.049971078787083116
PTCHD1,1,0.0034208349124132927
PLPP7,1,0.0053793855868998035
PLPP2,1,0.0012476552848175388
OR2G2,1,0.06035899645024901
PARP6,1,0.0014800995840213117
PARP12,1,0.0011955172446620535
PARP10,1,0.08296884316677634
PARN,1,0.021036660779486138
PARD6G-AS1,1,0.002783701050381674
PARD6G,1,0.1606307635117447
PARD6B,1,0.0014800995840213117
PAQR8,1,0.2536991856520065
PAQR7,1,0.0014800995840213117
PAQR6,1,0.036654666198287784
PAQR4,1,0.035571317035095744
PAPLN,1,0.012853737666421864
PAOX,1,0.011100746880159837
PANK1,1,0.3105892792036946
PAN3,1,0.03663246470452746
PAMR1,1,0.002576549916056881
PALS2,1,0.26933338260084905
PALS1,1,0.007400497920106558
PALD1,1,0.019840461782914928
PAK5,1,0.2545299003673839
PAICS,1,0.3386480677046279
PAGE5,1,0.00487917512604208
PAFAH1B3,1,0.008590127786455685
PAF1,1,0.003700248960053279
PACS1,1,0.01118521521755063
PACERR,1,0.021831468864314342
PACC1,1,0.0014800995840213117
PABPN1,1,0.013187687293629886
PARP3,1,0.003700248960053279
PARPBP,1,0.021528398810155662
PCGF1,1,0.003700248960053279
PART1,1,0.0012433566665423512
PCDHGC5,1,0.011100746880159837
PCDHGC3,1,0.014800995840213115
PCDHGB7,1,0.05901897091284979
PCDHGB6,1,0.005203647136963968
PCDHGB5,1,0.0017537655893146572
PCDHGB4,1,0.003700248960053279
PCDHGB2,1,0.003700248960053279
PCDHGA10,1,0.0014800995840213117
PCDHB13,1,0.00122863377494436
PCDHB11,1,0.001534056694442099
PCDHB10,1,0.0011687623512474327
PCDH11Y,1,0.001922204924644023
PCDH11X,1,0.003700248960053279
PCDH1,1,0.005969015735190141
PCCA,1,0.010878777597937867
PCBP3,1,0.0066230628285447015
PCBP2,1,0.01554104563222377
PCBD2,1,0.0014800995840213117
PCAT6,1,0.023075973345331447
PCAT5,1,0.0018721821610676336
PCAT19,1,0.0036647336782772303
PCARE,1,0.024457411028649578
PBX3,1,0.003700248960053279
PAXBP1,1,0.003700248960053279
PAUPAR,1,0.004777769854059566
PATL2,1,0.012479745960741211
PARVA,1,0.16204028944732332
PABPC4L,1,0.3776026206370012
PABIR1,1,0.035348697335018345
P4HTM,1,0.0014800995840213117
P4HA1,1,0.003700248960053279
OR6S1,1,0.05350567862004455
OR6M1,1,0.0027508866062091316
OR6J1,1,0.051242561210311566
OR6B3,1,0.026079449867767092
OR6B2,1,0.2039620133148722
OR5M8,1,0.023659811510577528
OR5M3,1,0.018731924574091736
OR5K4,1,0.03822878146525066
OR5B2,1,0.030652684323727412
OR5B12,1,0.029224160588108755
OR5AR1,1,0.055117170937024035
OR5AN1,1,0.018733100392074188
OR5AK3P,1,0.07285963158360581
OR5AK2,1,0.09903270027211876
OR56A4,1,0.020170148463453084
OR52R1,1,0.04286196747536434
OR52N1,1,0.003700248960053279
OR52B6,1,0.11411534898793119
OR51B5,1,0.0015100180600079293
OR4C6,1,0.002828713407414659
OR3A2,1,0.0018144194243976026
OR2Y1,1,0.10579357923491028
OR2W3,1,0.004486385547587415
OR2V2,1,0.19286992266058345
OR2V1,1,0.11208434052914454
OR2K2,1,0.13566630337797767
OR2H2,1,0.0014800995840213117
OR7A5,1,0.008554194552684547
OR7C1,1,0.13137839707655863
OR7D2,1,0.0021139023783387327
OTUB1,1,0.003700248960053279
P3H1,1,0.0019997659572305827
OXR1-AS1,1,0.010840285408719067
OXR1,1,0.03312560936791775
OXNAD1,1,0.04941147640687489
OXLD1,1,0.004085612124305514
OXGR1,1,0.015606427552664498
OXCT2,1,0.030025544641082123
OXA1L,1,0.013187687293629886
OVOL1,1,0.02960199168042623
OVCH2,1,0.11329517114554075
OTUD7A,1,0.0013634915920175308
OTUD6B,1,0.007400497920106558
OTOG,1,0.0036715449806418044
OR9G1,1,0.04312035726774612
OTOA,1,0.004328934032628014
OSGIN1,1,0.004714761101725204
OSER1,1,0.002220149376031967
OSCP1,1,0.03708406131830158
OSBPL5,1,0.01931565410444701
OSBP2,1,0.0026428221236600145
OSBP,1,0.002220149376031967
OS9,1,0.014652985881810986
ORMDL2,1,0.011100746880159837
ORMDL1,1,0.011100746880159837
ORC6,1,0.003700248960053279
ORC1,1,0.003700248960053279
PCED1B-AS1,1,0.004006424169984438
PCGF5,1,0.2715260529369464
PLPP1,1,0.011840796672170494
PKP1,1,0.0014800995840213117
PKDCC,1,0.24424664842450822
PKD1L3,1,0.01052640768224776
PITX3,1,0.02127158389707628
PITRM1,1,0.13111512412450177
PIRAT1,1,0.003482093446116431
PIR,1,0.005365360992077254
PIP4P2,1,0.004613478747382451
PIP4K2A,1,0.0014800995840213117
PINX1,1,0.03376847200944623
PILRB,1,0.002220149376031967
PIK3C2B,1,0.2851556828578809
PIGY,1,0.023219739230829785
PIGW,1,0.006862176662061299
PIGO,1,0.0029601991680426234
PIANP,1,0.0027622625141715124
PI4KB,1,0.004995336096071927
PHYKPL,1,0.3198027297655605
PHYHIPL,1,0.03949900438344551
PHYHD1,1,0.2083504913396203
PHTF2,1,0.15575862592411388
PHOSPHO2,1,0.033540924054303436
PHLDB3,1,0.0014833541461651593
PHLDB1,1,0.03581950629632848
PHLDA2,1,0.013121374121534584
PHF24,1,0.047290197245690335
PHF21B,1,0.3343231472596394
PHF20L1,1,0.22707996778623626
PKDREJ,1,0.027237433462110265
PLA2G15,1,0.0014800995840213117
PCID2,1,0.007400497920106558
PLA2G2F,1,0.004176599923219733
PLIN4,1,0.003700248960053279
PLIN3,1,0.014652985881810986
PLGLB1,1,0.006151919608960246
PLET1,1,0.03306542470703609
PLEKHO2,1,0.0014763503948401766
PLEKHJ1,1,0.00938920835661011
PLEKHH3,1,0.0012082151995429916
PLEKHG7,1,0.19150953571614018
PLEKHG5,1,0.002220149376031967
PLEKHG2,1,0.0014800995840213117
PLEKHF2,1,0.32609457176471657
PLEKHA7,1,0.19208636748191846
PLEKHA6,1,0.002568061292183867
PLEKHA1,1,0.007400497920106558
PLD6,1,0.006660448128095901
PLCXD2,1,0.029396780378348274
PLCE1-AS2,1,0.002444845111983459
PLCE1-AS1,1,0.012039588170380738
PLCD3,1,0.020981612704637168
PLBD1-AS1,1,0.0030092934943717576
PLAC8L1,1,0.019073392868107053
PLAAT5,1,0.0021817212142218917
PLAAT3,1,0.0041617618154470995
PLAAT2,1,0.0028101262761637096
PLA2G4D,1,0.011699618369217976
PLA2G4C,1,0.003700248960053279
PLA2G4B,1,0.3218674496013446
PHF20,1,0.001331143515685066
PHF2,1,0.026956615596477024
PHACTR3,1,0.22455344712535266
PHACTR2,1,0.0810500500784768
PDZD7,1,0.024513980048016252
PDZD2,1,0.471409694176314
PDZD11,1,0.012329229534897523
PDYN-AS1,1,0.0031680437254385514
PDXDC1,1,0.014652985881810986
PDSS2,1,0.03461952927025848
PDSS1,1,0.02960199168042623
PDRG1,1,0.003700248960053279
PDPK1,1,0.007400497920106558
PDLIM7-AS1,1,0.0032526460482528645
PDLIM5,1,0.003700248960053279
PDLIM1,1,0.007400497920106558
PDK4-AS1,1,0.002950310101953679
PDK3,1,0.04371291882075494
PDIK1L,1,0.004440298752063934
PDHB,1,0.0068958250758326236
PDHA2,1,0.3383116479077257
PDHA1,1,0.010169378448350587
PDF,1,0.003700248960053279
PDE7B-AS1,1,0.0034535338296645224
PDE11A-AS1,1,0.0037502861589918304
PDCD5,1,0.012580846464181148
PCSK4,1,0.0014800995840213117
PCP4L1,1,0.09551291050762564
PCP2,1,0.002220149376031967
PCNP,1,0.02344207221327489
PCMT1,1,0.003700248960053279
PDZD8,1,0.3406318896703436
PEAR1,1,0.16116170942875407
PEBP4,1,0.002220149376031967
PFKFB1,1,0.0029601991680426234
PGS1,1,0.035577812292227416
PGPEP1L,1,0.08762742574255086
PGM5-AS1,1,0.004489681730462487
PGM2L1,1,0.0012452770260978313
PGK2,1,0.007400497920106558
PGCKA1,1,0.2819988776158768
PGAP2,1,0.13910930795502116
PGAM1,1,0.003700248960053279
PGA5,1,0.003700248960053279
PGA4,1,0.007400497920106558
PFKM,1,0.011100746880159837
PFKL,1,0.0051803485440745905
PFDN6,1,0.004964580639956603
PECR,1,0.0031076343486387795
PEX7,1,0.00525229782940896
PEX5L,1,0.3949555124308825
PEX26,1,0.17760296964520975
PEX19,1,0.008880597504127868
PEX12,1,0.031825334627722746
PEX11B,1,0.005920398336085247
PEX1,1,0.038031158811427594
PET117,1,0.005016295021622816
PERM1,1,0.007442037665545568
PERCC1,1,0.008572243424123428
PEMT,1,0.0047897667094023
PEF1,1,0.010049876175504704
MFNG,1,0.0014800995840213117
MEX3C,1,0.17318811359829026
METTL8,1,0.3000714619116959
IGLV3-9,1,0.011528667813059577
IGLV3-22,1,0.004505446257260058
IGLV3-16,1,0.002225000074769527
IGLV2-33,1,0.014906460684908852
IGLJ3,1,0.02786866801575824
IGLJ2,1,0.020995740483526974
IGKV6D-41,1,0.010624011118754769
IGKV3OR2-268,1,0.0036663160786721185
IGKV3D-7,1,0.0017501718661710748
IGKV2D-26,1,0.009425507996372226
IGKV2-30,1,0.002447368765514721
IGKV1D-42,1,0.021338548391209276
IGKV1D-33,1,0.0107840997379276
IGKV1D-17,1,0.017736586546676376
IGKV1D-13,1,0.023570912487800248
IGKJ5,1,0.01201137305187994
IGKJ3,1,0.0021950330388547865
IGKJ1,1,0.0013876012621234148
IGHV5-10-1,1,0.01732762706465621
IGHV4-4,1,0.02243869888312658
IGHV3OR16-9,1,0.0018554274685092873
IGHV3OR16-8,1,0.020456354971340695
IGHV3OR16-12,1,0.02108069689384073
IGHV3OR16-10,1,0.020263431215554958
IGHV3-64D,1,0.006909428540765585
IGHV3-38,1,0.02145565949318639
IGHV1OR21-1,1,0.005435726549063041
IGHV1-69-2,1,0.014315468473219238
IGLV3-27,1,0.013249883680294705
IGLV4-3,1,0.0017426383521893785
INTS12,1,0.04791822403268995
IGLV5-37,1,0.010368470267411587
INSYN2A,1,0.0293106969319568
INSYN1,1,0.0012634624114669095
INSC,1,0.010496805653832332
INPP5F,1,0.046612628342564355
INPP5A,1,0.15160863080383014
INPP4B,1,0.002220149376031967
INMT,1,0.02804701653660722
INIP,1,0.034847627946674474
ING4,1,0.029581434741759265
ING3,1,0.02301866057132891
INAFM1,1,0.009009877834847916
IMPG1,1,0.30794735266369
IMPACT,1,0.06310059343692286
IMMTP1,1,0.025901742720372947
IMMP2L,1,0.25919856217069376
ILKAP,1,0.006952027710072241
ILF2,1,0.003700248960053279
IL1RAPL1,1,0.0051644043307268765
IL12A-AS1,1,0.003847052360290278
IL11RA,1,0.0014800995840213117
IGSF9B,1,0.32369159128842845
IGSF5,1,0.007152368416519916
IGSF23,1,0.04218288153419028
IGSF21,1,0.028734525788415455
IGSF11,1,0.0014800995840213117
IGLV8-61,1,0.023040384932338755
IGLV5-48,1,0.02174616335428646
IGHMBP2,1,0.03049005143083902
IGHJ5,1,0.003129392743151309
IGHJ3,1,0.02005814038527617
IGHJ2,1,0.02060396385147288
HTRA2,1,0.07141480492902828
HTR3B,1,0.46253112000665986
HTR1F,1,0.3229447800771025
HTR1E,1,0.25198494503890273
HSPH1,1,0.3046853661610376
HSPBAP1,1,0.044847771039758795
HSPA4L,1,0.0028315356629539973
HSPA13,1,0.0018320107195090448
HSP90AA2P,1,0.004810323648069262
HSF5,1,0.030593658401720514
HSDL2,1,0.016281095424234424
HSD17B2-AS1,1,0.0011178589636212956
HSD17B13,1,0.003700248960053279
HSD17B11,1,0.007733520326511353
HSD11B1L,1,0.02459908400025859
HSBP1L1,1,0.01562985160726505
HSALR1,1,0.0017196882319110228
HS6ST3,1,0.259336517462234
HS3ST3B1,1,0.2219549636262542
HS3ST3A1,1,0.33927160549701746
HS1BP3,1,0.036228473848322375
HRH3,1,0.002220149376031967
HRG-AS1,1,0.004526877174067509
HRG,1,0.007400497920106558
HPS3,1,0.024791668032356967
HPR,1,0.016815575829575456
HPN,1,0.017221699256985457
HUNK,1,0.0014800995840213117
HYCC1,1,0.01029019335772842
HYCC2,1,0.004550833102624848
IFITM5,1,0.007322847510231331
IGHJ1,1,0.02532939930555107
IGHD2-8,1,0.005238146805882962
IGHD1-7,1,0.003700248960053279
IGBP1P1,1,0.0014800995840213117
IFTAP,1,0.10782494057693667
IFT80,1,0.039434958005071505
IFT56,1,0.001628208430091534
IFT52,1,0.003700248960053279
IFT43,1,0.29081753178257014
IFT22,1,0.10438141770263477
IFRD2,1,0.002220149376031967
IFNA7,1,0.05453195130205091
IFITM4P,1,0.002220149376031967
HYDIN,1,0.004404136657050123
IFITM3-AS1,1,0.00247502067724663
IFI30,1,0.002880628245534631
IFFO2,1,0.028551758805389835
IER5L,1,0.128190813186843
ICE1,1,0.13671857914371316
ICAM4-AS1,1,0.011542079430043288
ICA1L,1,0.11940259856912303
IBTK,1,0.13393269829709256
IARS2,1,0.01554104563222377
HYOU1,1,0.03210028786269774
HYMAI,1,0.007400497920106558
HYKK,1,0.0016319732345109101
INTS10,1,0.019314187433481796
INTS15,1,0.06389470455713528
HOXD8,1,0.0031719546355648675
KCTD13,1,0.0012630362999833916
KCTD10,1,0.05767002459752371
KCTD1,1,0.030652862385081366
KCNU1,1,0.22757645244936367
KCNT2,1,0.017761195008255737
KCNT1,1,0.304831570098307
KCNS3,1,0.014851561394531946
KCNS2,1,0.2885970222671368
KCNRG,1,0.06850736666972589
KCNQ5,1,0.2605785782453482
KCNQ1OT1,1,0.003700248960053279
KCNMB2,1,0.024582736959867145
KCNMB1,1,0.3264360304095808
KCNK13,1,0.002094935491130757
KCNJ12,1,0.003154494033232337
KCNJ1,1,0.003700248960053279
KCNIP4-AS3,1,0.0165466322370149
KCNIP3,1,0.011940485238824445
KCNIP2,1,0.035455785535230516
KCNG3,1,0.012748787026106748
KCNF1,1,0.1501574165533666
KCND3-AS1,1,0.0032032678870064497
KCNC2,1,0.0972916405327939
KCNC1,1,0.32278163774432506
KCNB2,1,0.4321781223869356
KCNAB2,1,0.0010928916901231098
KCNAB1,1,0.019658203103384064
KCNA7,1,0.03651405673780576
KCTD11,1,0.0014800995840213117
KCTD14,1,0.004366785598276577
INTS4,1,0.26563323366113906
KCTD17,1,0.028229220078131872
KIF17,1,0.0019324440485380507
KIF15,1,0.3634247749628674
KIF14,1,0.033102256415263924
KIAA1755,1,0.00473865762936151
KIAA1671,1,0.06094137509945211
KIAA1614,1,0.009785102805474226
KIAA1143,1,0.03184614884216462
KIAA0513,1,0.32606733358964823
KIAA0408,1,0.03379054138989703
KIAA0040,1,0.10225807789554729
KHDC3L,1,0.0014800995840213117
KHDC1L,1,0.022068678213166423
KERA,1,0.0025325489342156067
KEL,1,0.0016976849639884406
KDR-AS1,1,0.007178209222503276
KDM7A,1,0.08358902443303778
KDM5B,1,0.002220149376031967
KDM4A,1,0.012652795749515517
KDM3B,1,0.0014800995840213117
KDM3A,1,0.003700248960053279
KDM2B,1,0.002590174272037295
KDM1B,1,0.030481905377089707
KCTD9,1,0.03225877043374449
KCTD6,1,0.026590474423132386
KCTD3,1,0.2211482229619257
KCTD21,1,0.021599457915660248
KCTD20,1,0.28791328204266564
KBTBD8,1,0.3256442493487593
KBTBD12,1,0.03447891980977645
KBTBD11-AS1,1,0.0032636873305089335
KAZN-AS1,1,0.004739799291422448
ITGA3,1,0.014842109717547042
ITFG1-AS2,1,0.001618975076283758
IST1,1,0.034086693420010805
ISG20L2,1,0.014652985881810986
ISCU,1,0.011100746880159837
ISCA1,1,0.003700248960053279
IRX6,1,0.031981339345596174
IRX2-DT,1,0.003445169040039669
IRX1,1,0.24482621227849424
IRGQ,1,0.034086693420010805
IRF2BP1,1,0.002220149376031967
IRAK1BP1,1,0.19273842954337117
IRAG1-AS1,1,0.0028798838009473303
IQSEC3-AS2,1,0.026714540968296147
IQSEC3,1,0.0015283680924880391
IQSEC1,1,0.3023918677098823
IQCN,1,0.15973823357760406
IQCM,1,0.013316408534656992
IQCJ-SCHIP1,1,0.0030339336242426
IQANK1,1,0.0067265311014652295
IPO9,1,0.009139614931331598
IPO7,1,0.003700248960053279
IPO13,1,0.09250622400133196
IPO11,1,0.15852691774675315
IPCEF1,1,0.25718362092691704
INTS9,1,0.053653090079649975
INTS6L,1,0.0014365866452387913
ITGA7,1,0.008788963142110627
ITGA8,1,0.0014999928020125578
ITGAD,1,0.03339104661552078
JAKMIP2,1,0.026653968594184802
KATNIP,1,0.0348574039151757
KATNA1,1,0.2540717421323738
KANSL3,1,0.0014800995840213117
KANSL1L,1,0.001901047863564459
KANK3,1,0.0037536593144515853
KANK1,1,0.03629944229812267
JPH3,1,0.36082884699822215
JOSD1,1,0.003700248960053279
JMJD7,1,0.021364572766101184
JMJD6,1,0.03692108412341162
JHY,1,0.051677357472089985
JDP2,1,0.13589208248581094
JADE1,1,0.28553787746173387
ITGB3BP,1,0.01924878962276494
IZUMO4,1,0.013803105403002558
IZUMO3,1,0.19913033599619911
IWS1,1,0.021531380397841533
IVD,1,0.002220149376031967
ITPRIPL1,1,0.007400497920106558
ITPRIP-AS1,1,0.0014744225049320822
ITPRID2,1,0.02109793088186482
ITPKC,1,0.11228732160302081
ITPK1,1,0.14998537892857597
ITM2B,1,0.002220149376031967
ITIH5,1,0.01554104563222377
ITGB5,1,0.02005091390347169
HPCAL4,1,0.004440298752063934
HOXD1,1,0.08370169894873021
KIF1A,1,0.1867944421977999
GRIN2C,1,0.0014800995840213117
GRID2IP,1,0.004440298752063934
GRID1,1,0.3851954228728752
GRHL1,1,0.018697420827183214
GREP1,1,0.10404149189434321
GREM1-AS1,1,0.011099810243149209
GREB1L,1,0.013583976439646126
GRAMD2A,1,0.00824705804250829
GRAMD1A-AS1,1,0.001931069241375516
GPSM2,1,0.26046217088663526
GPS2,1,0.0014800995840213117
GPRIN2,1,0.0020519402195976334
GPRIN1,1,0.003327554766952626
GPR83,1,0.025901742720372947
GPR82,1,0.0011313551029125306
GPR75,1,0.0029601991680426234
GPR45,1,0.3333717961004727
GPR32,1,0.0014800995840213117
GPR31,1,0.0014800995840213117
GPR26,1,0.33430924528350114
GPR22,1,0.13118284462373028
GPR19,1,0.004440298752063934
GPR176,1,0.019834053372811924
GPR173,1,0.00282411944005372
GPR17,1,0.038369727993627846
GPR158,1,0.29056364400839546
GPR153,1,0.002538847678018558
GPR149,1,0.2730041705522517
GRIK5,1,0.07676551972279169
GRIP1,1,0.0082022185281181
GUSBP2,1,0.0014800995840213117
GRIP2,1,0.0027751867200399593
GULOP,1,0.007400497920106558
GUK1,1,0.003515236512050615
GUCY1A2,1,0.009975727191140869
GUCA1C,1,0.08634119941646155
GTSF1,1,0.0018993142693084187
GTSE1,1,0.024261367847565937
GTSCR1,1,0.0020018074537935214
GTPBP3,1,0.0014800995840213117
GTF3C1,1,0.1037346158069746
GTF2IRD2P1,1,0.003700248960053279
GTF2IRD2,1,0.2539844917513453
GTF2H2,1,0.00941001973550812
GTF2E1,1,0.0051803485440745905
GSX2,1,0.024593520920044423
GSTO2,1,0.053737276661147075
GSN-AS1,1,0.00761661036183424
GSK3A,1,0.0014800995840213117
GSEC,1,0.004019582161465821
GSC,1,0.006258046176224162
GRXCR2,1,0.09715258248112947
GRXCR1,1,0.2128615962901819
GRWD1,1,0.003700248960053279
GRPEL2-AS1,1,0.005761838239755609
GRM6,1,0.3193034220365151
GRM4,1,0.05973332497080029
GRK7,1,0.021166347498421736
GRK5,1,0.008917746851015575
GPR101,1,0.007400497920106558
GPIHBP1,1,0.007400497920106558
GPHRB,1,0.025105947014605095
GPC1-AS1,1,0.00825843686649549
GNA13,1,0.003700248960053279
GMPPB,1,0.0014800995840213117
GML,1,0.023476023957671364
GMIP,1,0.017761195008255737
GMFB,1,0.003700248960053279
GLYATL3,1,0.11864215724266174
GLTP,1,0.0029601991680426234
GLTC1,1,0.0018098746730586897
GLT8D2,1,0.003645913812980786
GLRX3,1,0.11542901198591114
GLOD5,1,0.0063890166338900975
GLMP,1,0.0308082728414036
GLIS3-AS1,1,0.001994339867871608
GLIS2,1,0.03610702935219989
GLIPR2,1,0.003066458754149307
GLIPR1L1,1,0.01858841412842574
GLCCI1-DT,1,0.011379195522833627
GJD2,1,0.036067924724899524
GJC2,1,0.0014800995840213117
GJB4,1,0.005022023091838622
GJA10,1,0.02117756532578539
GIPC1,1,0.012455037999539334
GIN1,1,0.02139611859790472
GIMAP7,1,0.0021178866477168743
GIMAP6,1,0.30751449725973024
GIMAP2,1,0.0018774974133025856
GIMAP1,1,0.036965487110932255
GNAS-AS1,1,0.0033302240640479507
GNAT1,1,0.00302354839332106
GNB3,1,0.002220149376031967
GOLGA8J,1,0.26779148961065974
GPC1,1,0.013670364213530168
GPATCH2L,1,0.15343015680516373
GPATCH2,1,0.003700248960053279
GPATCH11,1,0.023866623833499277
GPATCH1,1,0.02336939480728801
GPANK1,1,0.0027751867200399593
GP6,1,0.0014800995840213117
GORAB,1,0.007400497920106558
GOLT1B,1,0.011100746880159837
GOLIM4,1,0.011100746880159837
GOLGA8R,1,0.023196950692862726
GOLGA8M,1,0.019405797852351418
GOLGA8F,1,0.018832230256540853
GNG12-AS1,1,0.005866053256919692
GOLGA7,1,0.04374802420757581
GOLGA6L7,1,0.02064290310715739
GOLGA6L24,1,0.024054451451657462
GOLGA6L2,1,0.002773822043309608
GOLGA1,1,0.008736698933459129
GNS,1,0.28351700336848884
GNRH2,1,0.00795553526411455
GNL3L,1,0.003700248960053279
GNL3,1,0.1557899663668443
GNL1,1,0.002220149376031967
GNG8,1,0.022893581382689144
GNG5B,1,0.001656504902139798
GUSBP14,1,0.004440298752063934
GVQW3,1,0.021800065145208013
HOXD-AS2,1,0.002210908914475494
HMGN3,1,0.03305870290415775
HMGCLL1,1,0.3022064937330005
HMGCL,1,0.003700248960053279
HMGB4,1,0.052914968618102944
HMG20A,1,0.05298174625742523
HMCN2,1,0.006537537433140852
HMBOX1,1,0.2701638574658994
HLF-AS1,1,0.002503715741710121
HLCS,1,0.054208647264780536
HLA-T,1,0.002220149376031967
HLA-H,1,0.003700248960053279
HJV,1,0.004070273856058606
HJURP,1,0.0022600604589803576
HIPK3,1,0.32012162593828314
HINFP,1,0.004440298752063934
HILPDA,1,0.007902498463347096
HIGD1C,1,0.2898657477900547
HIGD1A,1,0.009428234350215755
HIF3A,1,0.27001732270059275
HIF1AN,1,0.007770522816111886
HIBCH,1,0.021005720837177652
HHLA1,1,0.020780726067482706
HHIPL2,1,0.12990657897846303
HHIP-AS1,1,0.0067688603519750696
HHATL,1,0.006326730869958107
HGSNAT,1,0.0014800995840213117
HGH1,1,0.08278889476970572
HGD,1,0.0023387845937048414
HMGN2,1,0.02102747321612756
HMGN4,1,0.005382546822061353
GXYLT1,1,0.007400497920106558
HMGN5,1,0.0016012880825678232
HOXC9,1,0.015097675925734787
HOXC8,1,0.028251115413451162
HOXC12,1,0.0051803485440745905
HOXC-AS2,1,0.010240842399778502
HOXB9,1,0.008880597504127868
HOXB5,1,0.003248686437217682
HOXB-AS3,1,0.0063825071602789454
HOXA7,1,0.0029601991680426234
HOXA6,1,0.01196178663691185
HOXA4,1,0.013320896256191803
HOXA10,1,0.004255286304061271
HOXA1,1,0.0625831257757901
HOXA-AS3,1,0.00863061152588412
HOXA-AS2,1,0.0014800995840213117
HOTTIP,1,0.003412371603692881
HOMER3,1,0.0017647889404121086
HNRNPR,1,0.04347792528062602
HNRNPM,1,0.031718534085576705
HNRNPL,1,0.00871640309381707
HNRNPH3,1,0.011100746880159837
HNRNPH1,1,0.019063957376794175
HNRNPDL,1,0.03534309531358729
HNRNPA3,1,0.01885194347221148
HNRNPA1L2,1,0.03469353424945955
HNF4A-AS1,1,0.03994863768609487
HMSD,1,0.04452759911141744
HMOX2,1,0.002220149376031967
HEYL,1,0.005155436228489843
HEXA-AS1,1,0.0021131116428388056
HES6,1,0.004070273856058606
HES2,1,0.0059866388723714015
H3P19,1,0.008325560160119878
H3P12,1,0.006660448128095901
H3C9P,1,0.013690921152197132
H3C15,1,0.003700248960053279
H3C14,1,0.006714495354089248
H3C13,1,0.003700248960053279
H2BW2,1,0.0014800995840213117
H2BN1,1,0.024599305930733586
H2BC4,1,0.002556209826188929
H2BC3,1,0.002220149376031967
H2BC20P,1,0.0014800995840213117
H2BC18,1,0.003700248960053279
H2BC14,1,0.01029921356718031
H2BC10,1,0.002119566958227538
H2BC1,1,0.028417833412878565
H2AC4,1,0.0014800995840213117
H2AC21,1,0.008691859130436566
H2AC15,1,0.002419574687427301
H2AC14,1,0.002635072804122836
H2AC13,1,0.0022628864864409166
H2AC12,1,0.0014800995840213117
H2AB1,1,0.0014800995840213117
H1-4,1,0.00971534286495043
H1-3,1,0.0041495178754043
H1-2,1,0.011100746880159837
GZMK-AS1,1,0.0040726968413367795
GYG1,1,0.009050454491860928
H3P27,1,0.0014800995840213117
H3P45,1,0.0014800995840213117
HAAO,1,0.002175237992687652
HDGFL3,1,0.0016305150239101782
HERPUD2,1,0.11495177048695139
HERC4,1,0.024674306714457184
HEPN1,1,0.10435241511136771
HEPACAM,1,0.03608660375834116
HELT,1,0.11422991473723663
HELQ,1,0.029133089143249847
HELB,1,0.002220149376031967
HECTD3,1,0.019444515135510456
HECTD2,1,0.026515059415137123
HEATR9,1,0.0038585884789647798
HEATR5A,1,0.014800995840213115
HDX,1,0.0013433596693879048
HCN3,1,0.055210567827294894
HABP2,1,0.002220149376031967
HCG14,1,0.008880597504127868
HBZ,1,0.03918563648696422
HAUS7,1,0.00717622338230534
HAUS5,1,0.003700248960053279
HAUS2,1,0.04294553739447823
HAUS1,1,0.0334637604822862
HAPSTR1,1,0.07119681818889516
HAPLN2,1,0.01645885509201455
HAND2-AS1,1,0.002944788908835443
HACD4,1,0.028377863872176123
HACD2,1,0.07826440231123605
HABP4,1,0.004440298752063934
KIF18B,1,0.0014800995840213117
KIF24,1,0.0033937378349427594
METTL5,1,0.003700248960053279
LOXL1-AS1,1,0.0042311677799562585
LONRF3,1,0.05920953373429254
LONP2,1,0.007400497920106558
LONP1,1,0.02826395943433265
LOH12CR2,1,0.0021194676062090377
LNX1,1,0.2599561804312371
LNCTAM34A,1,0.016098342804172463
LNCOG,1,0.014271696677749428
LNCAROD,1,0.002290549050657967
LNC-RHL1,1,0.0034455642438140054
LMTK2,1,0.0046985096069962215
LMOD3,1,0.07835078564711684
LMOD2,1,0.033198633669598014
LMNB2,1,0.007400497920106558
LMF1,1,0.04041578637120981
LMCD1,1,0.19449179608568234
LMAN1L,1,0.1070470094749052
LIPT2,1,0.003700248960053279
LIPK,1,0.06098219652235051
LIPJ,1,0.3313421374614316
LIPE-AS1,1,0.0020614070827546143
LINGO3,1,0.014657097269544379
LINGO1,1,0.00351150168597006
LINC03196,1,0.005538467606170425
LINC03162,1,0.0015345719080530607
LINC03142,1,0.003947869053236915
LINC03140,1,0.022712128116807024
LINC03138,1,0.002867626813061626
LOXHD1,1,0.005172391567293597
LOXL3,1,0.004625311200066598
LRRC8C-DT,1,0.0019504868234335683
LOXL4,1,0.021917928147284906
LRRC72,1,0.021482176619548883
LRRC71,1,0.030818988821161086
LRRC70,1,0.035252677254101986
LRRC61,1,0.0036415926278095634
LRRC59-AS1,1,0.006823629488720757
LRRC59,1,0.07542045862244805
LRRC58,1,0.010049876175504704
LRRC4C,1,0.2782022068393939
LRRC42,1,0.011603980738727083
LRRC41,1,0.03190669902658818
LRRC37A2-AS1,1,0.0026077964796461326
LRRC30,1,0.01857871397468305
LRRC20,1,0.28054899065975164
LRRC2,1,0.03764403188178048
LRRC18,1,0.002220149376031967
LRRC14B,1,0.003236687993796415
LRRC1,1,0.026121933701552764
LRP3,1,0.32562711174805864
LRP11-AS1,1,0.002287260173415889
LRP11,1,0.0018459047116938833
LRIG2,1,0.08344785947029144
LRIF1,1,0.050030738109803546
LRFN1,1,0.002215783240991669
LRCH1,1,0.0745394596064066
LRATD2,1,0.32149928210627177
LPIN2-AS1,1,0.0011771830756185622
LPGAT1,1,0.0022052465351689293
LINC03106,1,0.010388271699725424
LINC03073,1,0.0024473072216545546
LINC03064,1,0.012795729341908839
LINC03051,1,0.32492041619315165
LINC02587,1,0.005074201024610843
LINC02580,1,0.0014063889284879514
LINC02576,1,0.00233941205876759
LINC02562,1,0.005183240547017732
LINC02556,1,0.0021621259768524422
LINC02555,1,0.022019025675253406
LINC02542,1,0.0020445924418565557
LINC02512,1,0.007955775764780952
LINC02489,1,0.011759726507751594
LINC02481,1,0.0033573715882234028
LINC02446,1,0.004225250081205636
LINC02432,1,0.008908256879184291
LINC02430,1,0.013091628649024722
LINC02362,1,0.0044237449219094805
LINC02354,1,0.001963424608897173
LINC02350,1,0.0017433829490014106
LINC02338,1,0.0017945851864925356
LINC02320,1,0.004783345934096197
LINC02312,1,0.002392510636338533
LINC02298,1,0.005706268063096593
LINC02251,1,0.006178460411622871
LINC02244,1,0.0075233598614774045
LINC02232,1,0.007999948677664756
LINC02227,1,0.0030557352555853744
LINC02218,1,0.021990943273559826
LINC02217,1,0.002176069389958546
LINC02210,1,0.0014800995840213117
LINC02593,1,0.0011399913723137158
LINC02596,1,0.0036081097866139853
LINC02598,1,0.003700248960053279
LINC02894,1,0.0017679433874630834
LINC03032,1,0.013484930982555937
LINC03016,1,0.0022829156974844577
LINC02994,1,0.015935090685892137
LINC02989,1,0.001544672392028489
LINC02986,1,0.0013434224114411597
LINC02984,1,0.014236671578805855
LINC02979,1,0.0037349550910170375
LINC02953,1,0.0051129142351378646
LINC02947,1,0.009716327543948597
LINC02938,1,0.019246112062251138
LINC02915,1,0.0070227835482031655
LINC02899,1,0.0028072005487549925
LINC02889,1,0.005871238660829631
LINC02607,1,0.016304312268217172
LINC02874,1,0.0020853666940100508
LINC02863,1,0.006197051874888377
LINC02820,1,0.0017478739334920394
LINC02761,1,0.011000310225030441
LINC02754,1,0.019917584600837316
LINC02747,1,0.004412334438502964
LINC02731,1,0.00261646322786104
LINC02728,1,0.0010363706118644183
LINC02694,1,0.00455107300978553
LINC02687,1,0.012231138328401659
LINC02640,1,0.004232119586375084
LINC02630,1,0.003972743280177043
LRRC78P,1,0.054452863696144056
LRRC8D,1,0.03981751143481604
LINC02200,1,0.02092329316731516
MCM7,1,0.014800995840213115
MCM4,1,0.08318974154100685
MCM3,1,0.01850124480026639
MCM10,1,0.039479486984379
MCCC1,1,0.09130767261891895
MBOAT7,1,0.003700248960053279
MBOAT4,1,0.017789563583616146
MBOAT2,1,0.005180956982890064
MBNL3,1,0.0014800995840213117
MBNL1,1,0.39759902020637633
MBIP,1,0.23725764974551974
MBD3L4,1,0.026711747710893435
MBD3L3,1,0.04860349150825376
MBD3L2B,1,0.02415647054764959
MBD3,1,0.02093477519966144
MBD1,1,0.07104478003302295
MAX-AS1,1,0.010580232134182656
MATN3,1,0.003700248960053279
MATN2,1,0.00810354522251668
MASTL,1,0.006660448128095901
MAST2,1,0.008658582566524674
MAST1,1,0.0058537927741040986
MARVELD1,1,0.0014800995840213117
MARK1,1,0.0014800995840213117
MARF1,1,0.049120685317289
MARCHF7,1,0.01979094509643703
MARCHF4,1,0.030198749659993116
MARCHF11,1,0.32433302274228365
MCM5,1,0.008860040565460907
MCM8,1,0.02430333338409322
LRRFIP2,1,0.23098270892371764
MCM9,1,0.004070273856058606
METTL26,1,0.013187687293629886
METTL25B,1,0.02026180712807814
METTL24,1,0.1794826353045481
METTL22,1,0.054609034234734045
METTL21EP,1,0.025641918760880608
METTL17,1,0.003700248960053279
METTL15,1,0.1134623606079741
MESD,1,0.004810323648069262
MEPE,1,0.0014800995840213117
MEMO1,1,0.0014800995840213117
MEIS3,1,0.09445577310135357
MEIS2,1,0.0024775433337363125
MEIG1,1,0.2844041518332233
MEGF11,1,0.28747986009569204
MEF2B,1,0.003515236512050615
MED7,1,0.0014800995840213117
MED6,1,0.003700248960053279
MED23,1,0.035198166442711516
MED19,1,0.0014800995840213117
MED15,1,0.005826596905992607
MED13,1,0.0015819586018716507
MED10,1,0.046623136896671316
MDH1B,1,0.25383059054840884
MDFIC,1,0.008338948799838063
MDC1,1,0.003700248960053279
MCRS1,1,0.011603980738727083
MCOLN3,1,0.007763459104050224
MAPRE3,1,0.008677751359800914
MAPK8IP2,1,0.002220149376031967
MAPK6,1,0.002220149376031967
MAPDA,1,0.009250622400133196
MAF1,1,0.021066139685933644
MAEA,1,0.0014800995840213117
MACROD1,1,0.0018679922509589177
MAB21L1,1,0.002220149376031967
M1AP,1,0.024740588800948652
LYSMD3,1,0.024087084880633516
LYPLAL1,1,0.210780996708609
LYNX1,1,0.0014800995840213117
LYG1,1,0.1529614087034163
LY6L,1,0.09987723808565326
LY6K,1,0.002220149376031967
LY6G6F,1,0.033627862548964195
LY6G6D,1,0.003700248960053279
LVRN,1,0.017737578535192207
LURAP1L,1,0.0014901236810078615
LUC7L3,1,0.011100746880159837
LTV1,1,0.012329229534897523
LTN1,1,0.018839614614022678
LTBP1,1,0.28130840504084725
LSM3,1,0.3439842963767371
LSM2,1,0.006296654790964917
LSM10,1,0.1512530127189709
LSG1,1,0.020004199606159474
LRTM3,1,0.012046680369691266
LRRTM4,1,0.3985924741344414
LRRTM3,1,0.25894029574960087
LRRN4CL,1,0.0019254317244416894
MAFA,1,0.0029601991680426234
MAFG,1,0.009781223327662927
MAFTRR,1,0.0057698990628279444
MAN2A2,1,0.018637726804280656
MAP9-AS1,1,0.0014819913528846737
MAP9,1,0.0038560299255762306
MAP7D2,1,0.013142838846934799
MAP3K9,1,0.2570770281333097
MAP3K4-AS1,1,0.015385635175901535
MAP3K21,1,0.007400497920106558
MAP3K15,1,0.004325423502586191
MAP2K5,1,0.003700248960053279
MAP2K3,1,0.015861117167268377
MANSC1,1,0.004224500873386562
MANEA,1,0.24573039838714797
MANCR,1,0.00882837187435961
MAN1C1,1,0.03543694157860878
MAGEA10,1,0.004440298752063934
MAML1,1,0.003700248960053279
MAMDC4,1,0.0014800995840213117
MALL,1,0.007379303407689575
MALINC1,1,0.0014800995840213117
MAL2,1,0.0014800995840213117
MAGOH,1,0.004625311200066598
MAGIX,1,0.01172238870544879
MAGEH1,1,0.01784609682187972
MAGEE1,1,0.0014425871463517492
MAGEC2,1,0.02259988723168541
MAGEB4,1,0.002220149376031967
MAGEA4,1,0.0014800995840213117
LINC02201,1,0.001887151763342724
LINC02199,1,0.00977645026374687
KIF26B-AS1,1,0.00230684183873504
LDLRAD4,1,0.024051618240346313
LDHC,1,0.003700248960053279
LDHAL6A,1,0.004479508494725817
LDB2,1,0.009477700920902749
LDAF1,1,0.03405709142833038
LCTL,1,0.011100746880159837
LCOR,1,0.38274324907000984
LCNL1,1,0.0026636426837982783
LCMT1,1,0.23461543648788283
LCE2D,1,0.030771732792937847
LCE2C,1,0.08454752147780943
LCE2B,1,0.035611052239271794
LCE1F,1,0.026308424223060328
LCE1E,1,0.22069882427222073
LCE1C,1,0.0194598551536408
LCA5,1,0.032816280389149625
LAT2,1,0.01984565528685796
LARS2,1,0.27686837435874195
LARP6,1,0.020471814009234746
LARP1BP2,1,0.002220149376031967
LARP1,1,0.14589567170428347
LARGE1,1,0.2930843296542177
LAPTM4B,1,0.003700248960053279
LANCL3,1,0.009068902431941429
LAMTOR5,1,0.2064709469838956
LAMTOR4,1,0.007404814543621492
LAMTOR3,1,0.03651405673780576
LAMTOR1,1,0.006660448128095901
LDLRAD1,1,0.03798675582390696
LECT2,1,0.006660448128095901
LINC00299,1,0.0026594097446862156
LEISA1,1,0.008040601452402726
LINC00273,1,0.0025691573114213087
LINC00200,1,0.0019599733649771946
LINC00189,1,0.010344867075886572
LINC00114,1,0.012057056269224275
LINC-ROR,1,0.0014800995840213117
LINC-ADAIN,1,0.0024953113875784286
LIN9,1,0.0014800995840213117
LIN7C,1,0.020996392864976884
LIN52,1,0.0014800995840213117
LIMS4,1,0.01970303581623433
LIMASI,1,0.012641308706643239
LILRB5,1,0.002480833122034811
LIG1,1,0.03076386985388296
LHX8,1,0.0787594864690057
LHX4,1,0.007850964709831454
LHX1,1,0.20197310548072805
LHFPL4,1,0.2667602324528919
LHB,1,0.002590174272037295
LGALS8,1,0.0014800995840213117
LGALS13,1,0.035729603958274465
LGALS12,1,0.003770871255529933
LETR1,1,0.0017154275734040626
LETMD1,1,0.01850124480026639
LENG8,1,0.001125837055235261
LEMD3,1,0.0014800995840213117
LELP1,1,0.03648833100089445
LEKR1,1,0.1972840288306185
LAMP5,1,0.0354813007938307
LAMC1-AS1,1,0.003066793320519966
LAMB4,1,0.004672693856060667
L3MBTL3,1,0.02370409077569045
KLHL34,1,0.004311736214068064
KLHL33,1,0.07571913269611952
KLHL32,1,0.0012221272882325582
KLHL3,1,0.26683200008177627
KLHL29,1,0.0022606914056796323
KLHL24,1,0.24539315228595826
KLHL18,1,0.05111493326733469
KLHL17,1,0.023681593344340987
KLHL14,1,0.0017117776999101685
KLHDC9,1,0.0033529392584284966
KLHDC8A,1,0.002153405573132031
KLHDC7B-DT,1,0.016468980452680193
KLHDC7B,1,0.007872262821314573
KLHDC7A,1,0.14080659087431469
KLHDC1,1,0.027801018321896305
KLF8,1,0.0013516084860029723
KLF7,1,0.027833423549428395
KLF17,1,0.007400497920106558
KLF15,1,0.04216629400789893
KLC3,1,0.03923317814329275
KIFC1,1,0.03864491075511539
KIFBP,1,0.0014800995840213117
KIF4B,1,0.13060038878131847
KIF3B,1,0.020573873333916207
KIF3A,1,0.008880597504127868
KIF2B,1,0.16847421106088412
KIF2A,1,0.002220149376031967
KLHL36,1,0.020841492285677832
KLK12,1,0.005423256681397985
KLK5,1,0.003700248960053279
KRT73,1,0.0015559305452215496
L3MBTL1,1,0.002220149376031967
KY,1,0.007456338661727382
KRTCAP3,1,0.00803968505572032
KRTAP5-3,1,0.0037012161788277506
KRTAP4-8,1,0.11577436337401387
KRTAP4-5,1,0.05969125451828
KRTAP4-4,1,0.02426101944428919
KRTAP1-5,1,0.003896781842196794
KRTAP1-1,1,0.003700248960053279
KRT9,1,0.013500769469527727
KRT84,1,0.03702532004338457
KRT82,1,0.10279163459715075
KRT36,1,0.003568733925276718
KLLN,1,0.28338168318544443
KRT32,1,0.0843247087947103
KRT31,1,0.0014800995840213117
KRT25,1,0.002220149376031967
KRT24,1,0.004255286304061271
KRI1,1,0.003700248960053279
KREMEN2,1,0.039264758436350175
KRABD3,1,0.0031734893018610295
KRABD2,1,0.001440218764435872
KPNA3,1,0.002220149376031967
KMT2E,1,0.1474886417865265
KLRC4,1,0.0016123630586936596
KLRC3,1,0.004038252192732334
LINC00278,1,0.006266208827559022
LINC00309,1,0.001247114883464551
LINC02182,1,0.002323337036582032
LINC01687,1,0.016332376002354255
LINC01632,1,0.0020465832732878275
LINC01630,1,0.0036088733986699216
LINC01620,1,0.002220149376031967
LINC01614,1,0.00306395977811465
LINC01595,1,0.002165917102781351
LINC01571,1,0.007523442815032035
LINC01564,1,0.0014800995840213117
LINC01555,1,0.008319783183785078
LINC01554,1,0.007400497920106558
LINC01553,1,0.0023691848285664952
LINC01546,1,0.0014800995840213117
LINC01544,1,0.0013849906663844984
LINC01515,1,0.0017714233548246875
LINC01506,1,0.01868026225731322
LINC01505,1,0.006446812233539044
LINC01485,1,0.02124682952862592
LINC01480,1,0.001926067409975064
LINC01435,1,0.0035862570579332028
LINC01413,1,0.015449605487681553
LINC01411,1,0.0011260051374594293
LINC01389,1,0.004867140790423803
LINC01359,1,0.0014144541666362314
LINC01291,1,0.003001337314710609
LINC01284,1,0.0026906973685136147
LINC01277,1,0.005282343495901955
LINC01275,1,0.014060109762205291
LINC01232,1,0.004778745684264775
LINC01638,1,0.002005825259549509
LINC01704,1,0.01131548498366047
LINC00311,1,0.0018254599577981641
LINC01705,1,0.006244446738791453
LINC02154,1,0.007627549184807074
LINC02115,1,0.0027721332300318017
LINC02084,1,0.004080173842104047
LINC02055,1,0.004037213137767514
LINC02035,1,0.001827224680885494
LINC02017,1,0.0037296451382264795
LINC02009,1,0.001032171376004477
LINC02000,1,0.004977903854115256
LINC01991,1,0.020976272093210083
LINC01975,1,0.006487405435060083
LINC01971,1,0.005392889360750109
LINC01929,1,0.022712128116807024
LINC01926,1,0.004587707348733265
LINC01913,1,0.028609504513989314
LINC01907,1,0.003572805097144248
LINC01876,1,0.0013177002567887738
LINC01871,1,0.0014800995840213117
LINC01857,1,0.002872225100890434
LINC01842,1,0.010249435089882977
LINC01833,1,0.002522729206643725
LINC01819,1,0.002996037875332519
LINC01798,1,0.0015410964481971782
LINC01770,1,0.0022867872015713045
LINC01750,1,0.00510059068051467
LINC01748,1,0.006708779152705555
LINC01738,1,0.00886076308890703
LINC01709,1,0.0029498689505868176
LINC01226,1,0.009316783628535134
LINC01220,1,0.0019032159047835957
LINC01215,1,0.0031223054332442054
LINC01214,1,0.006644684673446715
LINC00840,1,0.0016121954414831938
LINC00839,1,0.015609980432998674
LINC00705,1,0.0016275719533900299
LINC00702,1,0.001743632997494058
LINC00685,1,0.0030820226337338313
LINC00671,1,0.004032611172436588
LINC00665,1,0.0014800995840213117
LINC00649,1,0.007400497920106558
LINC00595,1,0.008966981815945912
LINC00592,1,0.004428955719150001
LINC00578,1,0.003524592214679279
LINC00570,1,0.006263887157302459
LINC00563,1,0.0019517109228976725
LINC00543,1,0.006986369170561091
LINC00528,1,0.002545281749596943
LINC00525,1,0.013872263655589067
LINC00520,1,0.005346886695706715
LINC00488,1,0.004939241106074161
LINC00487,1,0.0021068466167813993
LINC00482,1,0.01172238870544879
LINC00479,1,0.03475884988006937
LINC00460,1,0.007300064624554973
LINC00410,1,0.002474338060169847
LINC00390,1,0.0045434260920590806
LINC00377,1,0.003608009667603273
LINC00342,1,0.0016502617398768454
LINC00330,1,0.017003146696570808
LINC00842,1,0.0021054847019562847
LINC00862,1,0.001161813338957095
LINC00870,1,0.0379275518405461
LINC01010,1,0.01273132310048207
LINC01210,1,0.003809978383469671
LINC01206,1,0.0035645084102968786
LINC01205,1,0.0016349227080979826
LINC01149,1,0.0017115084646925757
LINC01138,1,0.0025731956578105715
LINC01124,1,0.0014744225049320822
LINC01106,1,0.0014159626238669746
LINC01091,1,0.002104108187805789
LINC01089,1,0.004411886655239779
LINC01088,1,0.003453947832967027
LINC01087,1,0.003700248960053279
LINC01060,1,0.0069156657951138885
LINC00996,1,0.00579899670322822
LINC00880,1,0.0017228359158008063
LINC00994,1,0.0014800995840213117
LINC00992,1,0.010876770796619188
LINC00989,1,0.012456465541500171
LINC00987,1,0.0018485589142212978
LINC00974,1,0.010751425133402347
LINC00968,1,0.00555752346255267
LINC00963,1,0.001292191014115502
LINC00944,1,0.004477409327181545
LINC00930,1,0.006907475116053571
LINC00924,1,0.013192006247408598
LINC00920,1,0.0014131289862002873
LINC00892,1,0.0011866626140802593
ZZZ3,1,0.326476104712495
